===== attempt 1: /Users/marcus/conductor/workspaces/helios/wellington-v2/target/quint/guest-flow-owner/owner-flows-safety-apalache-deep/attempt-1.log =====
Picked up JAVA_TOOL_OPTIONS: -XX:-UsePerfData -Djava.io.tmpdir=/Users/marcus/conductor/workspaces/helios/wellington-v2/target/quint/guest-flow-owner/owner-flows-safety-apalache-deep/tmp-1
# Usage statistics is OFF. We care about your privacy.
# If you want to help our project, consider enabling statistics with config --enable-stats=true.

Output directory: /Users/marcus/conductor/workspaces/helios/wellington-v2/target/quint/guest-flow-owner/owner-flows-safety-apalache-deep/_apalache-out/server/2026-10-07T09-27-24_4211298352254030173
# APALACHE version: 0.56.1 | build: 70cdaf4                       I@09:27:24.867
Starting checker server on port 46485...                          I@09:27:24.876
The Apalache server is running on port 46485. Press Ctrl-C to stop.
Oct 07, 2026 9:27:27 AM com.google.protobuf.GeneratedMessage warnPre22Gencode
WARNING: Vulnerable protobuf generated type in use: io.grpc.reflection.v1alpha.ServerReflectionRequest
As of 2022/09/29 (release 21.7) makeExtensionsImmutable should not be called from protobuf gencode. If you are seeing this message, your gencode is vulnerable to a denial of service attack. You should regenerate your code using protobuf 25.6 or later. Use the latest version that meets your needs. However, if you understand the risks and wish to continue with vulnerable gencode, you can set the system property `-Dcom.google.protobuf.use_unsafe_pre22_gencode` on the command line to silence this warning. You also can set `-Dcom.google.protobuf.error_on_unsafe_pre22_gencode` to throw an error instead. See security vulnerability: https://github.com/protocolbuffers/protobuf/security/advisories/GHSA-h4h5-3hr4-j3g2
PASS #0: SanyParser                                               I@09:27:27.802
PASS #1: TypeCheckerSnowcat                                       I@09:27:28.331
 > Running Snowcat .::.                                           I@09:27:28.333
 > Your types are purrfect!                                       I@09:27:29.872
 > All expressions are typed                                      I@09:27:29.873
PASS #2: ConfigurationPass                                        I@09:27:29.874
  > Set the initialization predicate to q::init                   I@09:27:29.877
  > Set the transition predicate to q::step                       I@09:27:29.880
  > Set an invariant to q::inv                                    I@09:27:29.881
PASS #3: DesugarerPass                                            I@09:27:29.887
  > Desugaring...                                                 I@09:27:29.887
PASS #4: InlinePass                                               I@09:27:29.897
Leaving only relevant operators: CInitPrimed, q::init, q::initPrimed, q::inv, q::step I@09:27:29.898
PASS #5: TemporalPass                                             I@09:27:29.976
  > Rewriting temporal operators...                               I@09:27:29.977
  > No temporal property specified, nothing to encode             I@09:27:29.984
PASS #6: InlinePass                                               I@09:27:29.984
Leaving only relevant operators: CInitPrimed, q::init, q::initPrimed, q::inv, q::step I@09:27:29.984
PASS #7: PrimingPass                                              I@09:27:29.996
  > Introducing q::initPrimed for q::init'                        I@09:27:30.000
PASS #8: VCGen                                                    I@09:27:30.005
  > Producing verification conditions from the invariant q::inv   I@09:27:30.005
  > VCGen produced 9 verification condition(s)                    I@09:27:30.011
PASS #9: PreprocessingPass                                        I@09:27:30.014
  > Before preprocessing: unique renaming                         I@09:27:30.014
 > Applying standard transformations:                             I@09:27:30.018
  > PrimePropagation                                              I@09:27:30.018
  > Desugarer                                                     I@09:27:30.020
  > UniqueRenamer                                                 I@09:27:30.027
  > Normalizer                                                    I@09:27:30.039
  > Keramelizer                                                   I@09:27:30.050
  > After preprocessing: UniqueRenamer                            I@09:27:30.076
PASS #10: TransitionFinderPass                                    I@09:27:30.095
  > Found 1 initializing transitions                              I@09:27:30.103
  > Found 35 transitions                                          I@09:27:30.150
  > No constant initializer                                       I@09:27:30.153
  > Applying unique renaming                                      I@09:27:30.156
PASS #11: OptimizationPass                                        I@09:27:30.166
 > Applying optimizations:                                        I@09:27:30.172
  > ConstSimplifier                                               I@09:27:30.177
  > ExprOptimizer                                                 I@09:27:30.201
  > SetMembershipSimplifier                                       I@09:27:30.211
  > ConstSimplifier                                               I@09:27:30.214
PASS #12: AnalysisPass                                            I@09:27:30.231
 > Marking skolemizable existentials and sets to be expanded...   I@09:27:30.234
  > Skolemization                                                 I@09:27:30.236
  > Expansion                                                     I@09:27:30.239
  > Remove unused let-in defs                                     I@09:27:30.249
 > Running analyzers...                                           I@09:27:30.254
  > Introduced expression grades                                  I@09:27:30.264
PASS #13: BoundedChecker                                          I@09:27:30.267
State 0: Checking 9 state invariants                              I@09:27:32.216
State 0: state invariant 0 holds.                                 I@09:27:32.235
State 0: state invariant 1 holds.                                 I@09:27:32.244
State 0: state invariant 2 holds.                                 I@09:27:32.262
State 0: state invariant 3 holds.                                 I@09:27:32.274
State 0: state invariant 4 holds.                                 I@09:27:32.277
State 0: state invariant 5 holds.                                 I@09:27:32.285
State 0: state invariant 6 holds.                                 I@09:27:32.299
State 0: state invariant 7 holds.                                 I@09:27:32.306
State 0: state invariant 8 holds.                                 I@09:27:32.309
Step 0: picking a transition out of 1 transition(s)               I@09:27:32.312
Step 1: Transition #0 is disabled                                 I@09:27:32.332
Step 1: Transition #1 is disabled                                 I@09:27:32.367
Step 1: Transition #2 is disabled                                 I@09:27:32.380
Step 1: Transition #3 is disabled                                 I@09:27:32.390
Step 1: Transition #5 is disabled                                 I@09:27:32.399
Step 1: Transition #6 is disabled                                 I@09:27:32.410
Step 1: Transition #7 is disabled                                 I@09:27:32.427
Step 1: Transition #8 is disabled                                 I@09:27:32.440
Step 1: Transition #9 is disabled                                 I@09:27:32.466
Step 1: Transition #10 is disabled                                I@09:27:32.479
Step 1: Transition #11 is disabled                                I@09:27:32.489
State 1: Checking 5 state invariants                              I@09:27:32.497
State 1: state invariant 2 holds.                                 I@09:27:32.506
State 1: state invariant 3 holds.                                 I@09:27:32.512
State 1: state invariant 5 holds.                                 I@09:27:32.519
State 1: state invariant 6 holds.                                 I@09:27:32.524
State 1: state invariant 7 holds.                                 I@09:27:32.526
Step 1: Transition #13 is disabled                                I@09:27:32.531
Step 1: Transition #14 is disabled                                I@09:27:32.546
Step 1: Transition #15 is disabled                                I@09:27:32.552
Step 1: Transition #16 is disabled                                I@09:27:32.567
Step 1: Transition #17 is disabled                                I@09:27:32.581
State 1: Checking 5 state invariants                              I@09:27:32.598
State 1: state invariant 1 holds.                                 I@09:27:32.601
State 1: state invariant 2 holds.                                 I@09:27:32.605
State 1: state invariant 3 holds.                                 I@09:27:32.608
State 1: state invariant 6 holds.                                 I@09:27:32.624
State 1: state invariant 7 holds.                                 I@09:27:32.633
Step 1: Transition #19 is disabled                                I@09:27:32.637
Step 1: Transition #20 is disabled                                I@09:27:32.654
Step 1: Transition #21 is disabled                                I@09:27:32.664
Step 1: Transition #24 is disabled                                I@09:27:32.687
Step 1: Transition #25 is disabled                                I@09:27:32.698
Step 1: Transition #26 is disabled                                I@09:27:32.716
Step 1: Transition #29 is disabled                                I@09:27:32.727
Step 1: Transition #30 is disabled                                I@09:27:32.737
Step 1: Transition #31 is disabled                                I@09:27:32.747
Step 1: Transition #32 is disabled                                I@09:27:32.760
Step 1: Transition #33 is disabled                                I@09:27:32.772
Step 1: Transition #34 is disabled                                I@09:27:32.784
Step 1: picking a transition out of 2 transition(s)               I@09:27:32.785
Step 2: Transition #0 is disabled                                 I@09:27:32.798
Step 2: Transition #1 is disabled                                 I@09:27:32.817
Step 2: Transition #2 is disabled                                 I@09:27:32.825
Step 2: Transition #3 is disabled                                 I@09:27:32.837
Step 2: Transition #5 is disabled                                 I@09:27:32.843
Step 2: Transition #6 is disabled                                 I@09:27:32.854
Step 2: Transition #7 is disabled                                 I@09:27:32.864
Step 2: Transition #8 is disabled                                 I@09:27:32.871
Step 2: Transition #9 is disabled                                 I@09:27:32.881
Step 2: Transition #10 is disabled                                I@09:27:32.887
Step 2: Transition #11 is disabled                                I@09:27:32.890
State 2: Checking 5 state invariants                              I@09:27:32.893
State 2: state invariant 2 holds.                                 I@09:27:32.897
State 2: state invariant 3 holds.                                 I@09:27:32.899
State 2: state invariant 5 holds.                                 I@09:27:32.902
State 2: state invariant 6 holds.                                 I@09:27:32.905
State 2: state invariant 7 holds.                                 I@09:27:32.907
Step 2: Transition #14 is disabled                                I@09:27:32.919
Step 2: Transition #15 is disabled                                I@09:27:32.925
State 2: Checking 7 state invariants                              I@09:27:32.937
State 2: state invariant 0 holds.                                 I@09:27:32.942
State 2: state invariant 1 holds.                                 I@09:27:32.945
State 2: state invariant 2 holds.                                 I@09:27:32.951
State 2: state invariant 3 holds.                                 I@09:27:32.955
State 2: state invariant 5 holds.                                 I@09:27:32.958
State 2: state invariant 6 holds.                                 I@09:27:32.961
State 2: state invariant 7 holds.                                 I@09:27:32.964
Step 2: Transition #17 is disabled                                I@09:27:32.967
State 2: Checking 5 state invariants                              I@09:27:32.980
State 2: state invariant 1 holds.                                 I@09:27:32.982
State 2: state invariant 2 holds.                                 I@09:27:32.986
State 2: state invariant 3 holds.                                 I@09:27:32.989
State 2: state invariant 6 holds.                                 I@09:27:32.993
State 2: state invariant 7 holds.                                 I@09:27:32.995
State 2: Checking 2 state invariants                              I@09:27:32.998
State 2: state invariant 2 holds.                                 I@09:27:33.003
State 2: state invariant 3 holds.                                 I@09:27:33.006
Step 2: Transition #20 is disabled                                I@09:27:33.011
Step 2: Transition #21 is disabled                                I@09:27:33.016
Step 2: Transition #24 is disabled                                I@09:27:33.027
Step 2: Transition #25 is disabled                                I@09:27:33.044
Step 2: Transition #26 is disabled                                I@09:27:33.050
Step 2: Transition #29 is disabled                                I@09:27:33.062
Step 2: Transition #30 is disabled                                I@09:27:33.068
Step 2: Transition #31 is disabled                                I@09:27:33.072
Step 2: Transition #32 is disabled                                I@09:27:33.080
Step 2: Transition #33 is disabled                                I@09:27:33.084
Step 2: Transition #34 is disabled                                I@09:27:33.088
Step 2: picking a transition out of 5 transition(s)               I@09:27:33.089
Step 3: Transition #0 is disabled                                 I@09:27:33.098
Step 3: Transition #1 is disabled                                 I@09:27:33.104
Step 3: Transition #2 is disabled                                 I@09:27:33.114
Step 3: Transition #3 is disabled                                 I@09:27:33.119
Step 3: Transition #5 is disabled                                 I@09:27:33.121
Step 3: Transition #6 is disabled                                 I@09:27:33.124
Step 3: Transition #7 is disabled                                 I@09:27:33.129
Step 3: Transition #8 is disabled                                 I@09:27:33.132
Step 3: Transition #9 is disabled                                 I@09:27:33.135
Step 3: Transition #10 is disabled                                I@09:27:33.139
Step 3: Transition #11 is disabled                                I@09:27:33.142
State 3: Checking 5 state invariants                              I@09:27:33.145
State 3: state invariant 2 holds.                                 I@09:27:33.148
State 3: state invariant 3 holds.                                 I@09:27:33.151
State 3: state invariant 5 holds.                                 I@09:27:33.153
State 3: state invariant 6 holds.                                 I@09:27:33.156
State 3: state invariant 7 holds.                                 I@09:27:33.158
State 3: Checking 6 state invariants                              I@09:27:33.168
State 3: state invariant 0 holds.                                 I@09:27:33.170
State 3: state invariant 1 holds.                                 I@09:27:33.172
State 3: state invariant 2 holds.                                 I@09:27:33.175
State 3: state invariant 3 holds.                                 I@09:27:33.178
State 3: state invariant 5 holds.                                 I@09:27:33.180
State 3: state invariant 6 holds.                                 I@09:27:33.183
Step 3: Transition #15 is disabled                                I@09:27:33.186
State 3: Checking 7 state invariants                              I@09:27:33.195
State 3: state invariant 0 holds.                                 I@09:27:33.198
State 3: state invariant 1 holds.                                 I@09:27:33.200
State 3: state invariant 2 holds.                                 I@09:27:33.204
State 3: state invariant 3 holds.                                 I@09:27:33.207
State 3: state invariant 5 holds.                                 I@09:27:33.210
State 3: state invariant 6 holds.                                 I@09:27:33.213
State 3: state invariant 7 holds.                                 I@09:27:33.214
State 3: Checking 5 state invariants                              I@09:27:33.217
State 3: state invariant 2 holds.                                 I@09:27:33.220
State 3: state invariant 3 holds.                                 I@09:27:33.222
State 3: state invariant 5 holds.                                 I@09:27:33.224
State 3: state invariant 6 holds.                                 I@09:27:33.227
State 3: state invariant 7 holds.                                 I@09:27:33.228
State 3: Checking 5 state invariants                              I@09:27:33.237
State 3: state invariant 1 holds.                                 I@09:27:33.239
State 3: state invariant 2 holds.                                 I@09:27:33.243
State 3: state invariant 3 holds.                                 I@09:27:33.246
State 3: state invariant 6 holds.                                 I@09:27:33.249
State 3: state invariant 7 holds.                                 I@09:27:33.251
State 3: Checking 2 state invariants                              I@09:27:33.253
State 3: state invariant 2 holds.                                 I@09:27:33.256
State 3: state invariant 3 holds.                                 I@09:27:33.259
State 3: Checking 4 state invariants                              I@09:27:33.263
State 3: state invariant 0 holds.                                 I@09:27:33.266
State 3: state invariant 2 holds.                                 I@09:27:33.269
State 3: state invariant 3 holds.                                 I@09:27:33.272
State 3: state invariant 5 holds.                                 I@09:27:33.274
Step 3: Transition #21 is disabled                                I@09:27:33.278
Step 3: Transition #24 is disabled                                I@09:27:33.286
State 3: Checking 3 state invariants                              I@09:27:33.290
State 3: state invariant 1 holds.                                 I@09:27:33.292
State 3: state invariant 2 holds.                                 I@09:27:33.296
State 3: state invariant 6 holds.                                 I@09:27:33.299
Step 3: Transition #26 is disabled                                I@09:27:33.305
Step 3: Transition #29 is disabled                                I@09:27:33.311
Step 3: Transition #30 is disabled                                I@09:27:33.315
Step 3: Transition #31 is disabled                                I@09:27:33.327
Step 3: Transition #32 is disabled                                I@09:27:33.333
Step 3: Transition #33 is disabled                                I@09:27:33.338
Step 3: Transition #34 is disabled                                I@09:27:33.348
Step 3: picking a transition out of 9 transition(s)               I@09:27:33.350
Step 4: Transition #0 is disabled                                 I@09:27:33.368
Step 4: Transition #1 is disabled                                 I@09:27:33.378
Step 4: Transition #2 is disabled                                 I@09:27:33.383
Step 4: Transition #3 is disabled                                 I@09:27:33.386
Step 4: Transition #5 is disabled                                 I@09:27:33.389
Step 4: Transition #6 is disabled                                 I@09:27:33.391
Step 4: Transition #7 is disabled                                 I@09:27:33.395
Step 4: Transition #8 is disabled                                 I@09:27:33.399
Step 4: Transition #9 is disabled                                 I@09:27:33.401
Step 4: Transition #10 is disabled                                I@09:27:33.405
Step 4: Transition #11 is disabled                                I@09:27:33.408
State 4: Checking 5 state invariants                              I@09:27:33.411
State 4: state invariant 2 holds.                                 I@09:27:33.415
State 4: state invariant 3 holds.                                 I@09:27:33.418
State 4: state invariant 5 holds.                                 I@09:27:33.420
State 4: state invariant 6 holds.                                 I@09:27:33.424
State 4: state invariant 7 holds.                                 I@09:27:33.425
State 4: Checking 6 state invariants                              I@09:27:33.435
State 4: state invariant 0 holds.                                 I@09:27:33.439
State 4: state invariant 1 holds.                                 I@09:27:33.443
State 4: state invariant 2 holds.                                 I@09:27:33.448
State 4: state invariant 3 holds.                                 I@09:27:33.451
State 4: state invariant 5 holds.                                 I@09:27:33.455
State 4: state invariant 6 holds.                                 I@09:27:33.459
Step 4: Transition #15 is disabled                                I@09:27:33.464
State 4: Checking 7 state invariants                              I@09:27:33.474
State 4: state invariant 0 holds.                                 I@09:27:33.479
State 4: state invariant 1 holds.                                 I@09:27:33.485
State 4: state invariant 2 holds.                                 I@09:27:33.490
State 4: state invariant 3 holds.                                 I@09:27:33.494
State 4: state invariant 5 holds.                                 I@09:27:33.498
State 4: state invariant 6 holds.                                 I@09:27:33.504
State 4: state invariant 7 holds.                                 I@09:27:33.507
State 4: Checking 5 state invariants                              I@09:27:33.509
State 4: state invariant 2 holds.                                 I@09:27:33.514
State 4: state invariant 3 holds.                                 I@09:27:33.518
State 4: state invariant 5 holds.                                 I@09:27:33.521
State 4: state invariant 6 holds.                                 I@09:27:33.526
State 4: state invariant 7 holds.                                 I@09:27:33.527
State 4: Checking 5 state invariants                              I@09:27:33.537
State 4: state invariant 1 holds.                                 I@09:27:33.541
State 4: state invariant 2 holds.                                 I@09:27:33.546
State 4: state invariant 3 holds.                                 I@09:27:33.550
State 4: state invariant 6 holds.                                 I@09:27:33.556
State 4: state invariant 7 holds.                                 I@09:27:33.558
State 4: Checking 2 state invariants                              I@09:27:33.560
State 4: state invariant 2 holds.                                 I@09:27:33.565
State 4: state invariant 3 holds.                                 I@09:27:33.568
State 4: Checking 4 state invariants                              I@09:27:33.572
State 4: state invariant 0 holds.                                 I@09:27:33.577
State 4: state invariant 2 holds.                                 I@09:27:33.582
State 4: state invariant 3 holds.                                 I@09:27:33.585
State 4: state invariant 5 holds.                                 I@09:27:33.589
State 4: Checking 4 state invariants                              I@09:27:33.596
State 4: state invariant 0 holds.                                 I@09:27:33.600
State 4: state invariant 2 holds.                                 I@09:27:33.604
State 4: state invariant 3 holds.                                 I@09:27:33.607
State 4: state invariant 5 holds.                                 I@09:27:33.610
Step 4: Transition #24 is disabled                                I@09:27:33.621
State 4: Checking 3 state invariants                              I@09:27:33.626
State 4: state invariant 1 holds.                                 I@09:27:33.631
State 4: state invariant 2 holds.                                 I@09:27:33.637
State 4: state invariant 6 holds.                                 I@09:27:33.643
State 4: Checking 3 state invariants                              I@09:27:33.652
State 4: state invariant 1 holds.                                 I@09:27:33.656
State 4: state invariant 2 holds.                                 I@09:27:33.661
State 4: state invariant 6 holds.                                 I@09:27:33.665
Step 4: Transition #29 is disabled                                I@09:27:33.676
Step 4: Transition #30 is disabled                                I@09:27:33.683
Step 4: Transition #31 is disabled                                I@09:27:33.689
Step 4: Transition #32 is disabled                                I@09:27:33.695
Step 4: Transition #33 is disabled                                I@09:27:33.704
Step 4: Transition #34 is disabled                                I@09:27:33.713
Step 4: picking a transition out of 11 transition(s)              I@09:27:33.713
Step 5: Transition #0 is disabled                                 I@09:27:33.724
Step 5: Transition #1 is disabled                                 I@09:27:33.732
Step 5: Transition #2 is disabled                                 I@09:27:33.737
Step 5: Transition #3 is disabled                                 I@09:27:33.741
Step 5: Transition #5 is disabled                                 I@09:27:33.743
Step 5: Transition #6 is disabled                                 I@09:27:33.746
Step 5: Transition #7 is disabled                                 I@09:27:33.753
Step 5: Transition #8 is disabled                                 I@09:27:33.758
Step 5: Transition #9 is disabled                                 I@09:27:33.761
Step 5: Transition #10 is disabled                                I@09:27:33.766
Step 5: Transition #11 is disabled                                I@09:27:33.771
State 5: Checking 5 state invariants                              I@09:27:33.774
State 5: state invariant 2 holds.                                 I@09:27:33.780
State 5: state invariant 3 holds.                                 I@09:27:33.785
State 5: state invariant 5 holds.                                 I@09:27:33.791
State 5: state invariant 6 holds.                                 I@09:27:33.796
State 5: state invariant 7 holds.                                 I@09:27:33.799
State 5: Checking 6 state invariants                              I@09:27:33.810
State 5: state invariant 0 holds.                                 I@09:27:33.818
State 5: state invariant 1 holds.                                 I@09:27:33.832
State 5: state invariant 2 holds.                                 I@09:27:33.845
State 5: state invariant 3 holds.                                 I@09:27:33.850
State 5: state invariant 5 holds.                                 I@09:27:33.862
State 5: state invariant 6 holds.                                 I@09:27:33.877
State 5: Checking 5 state invariants                              I@09:27:33.888
State 5: state invariant 2 holds.                                 I@09:27:33.894
State 5: state invariant 3 holds.                                 I@09:27:33.899
State 5: state invariant 5 holds.                                 I@09:27:33.905
State 5: state invariant 6 holds.                                 I@09:27:33.911
State 5: state invariant 7 holds.                                 I@09:27:33.914
State 5: Checking 7 state invariants                              I@09:27:33.923
State 5: state invariant 0 holds.                                 I@09:27:33.930
State 5: state invariant 1 holds.                                 I@09:27:33.940
State 5: state invariant 2 holds.                                 I@09:27:33.959
State 5: state invariant 3 holds.                                 I@09:27:33.965
State 5: state invariant 5 holds.                                 I@09:27:33.978
State 5: state invariant 6 holds.                                 I@09:27:33.995
State 5: state invariant 7 holds.                                 I@09:27:34.000
State 5: Checking 5 state invariants                              I@09:27:34.005
State 5: state invariant 2 holds.                                 I@09:27:34.016
State 5: state invariant 3 holds.                                 I@09:27:34.021
State 5: state invariant 5 holds.                                 I@09:27:34.027
State 5: state invariant 6 holds.                                 I@09:27:34.037
State 5: state invariant 7 holds.                                 I@09:27:34.040
State 5: Checking 5 state invariants                              I@09:27:34.049
State 5: state invariant 1 holds.                                 I@09:27:34.059
State 5: state invariant 2 holds.                                 I@09:27:34.074
State 5: state invariant 3 holds.                                 I@09:27:34.078
State 5: state invariant 6 holds.                                 I@09:27:34.094
State 5: state invariant 7 holds.                                 I@09:27:34.099
State 5: Checking 2 state invariants                              I@09:27:34.104
State 5: state invariant 2 holds.                                 I@09:27:34.119
State 5: state invariant 3 holds.                                 I@09:27:34.123
State 5: Checking 4 state invariants                              I@09:27:34.128
State 5: state invariant 0 holds.                                 I@09:27:34.137
State 5: state invariant 2 holds.                                 I@09:27:34.154
State 5: state invariant 3 holds.                                 I@09:27:34.159
State 5: state invariant 5 holds.                                 I@09:27:34.172
State 5: Checking 4 state invariants                              I@09:27:34.179
State 5: state invariant 0 holds.                                 I@09:27:34.198
State 5: state invariant 2 holds.                                 I@09:27:34.217
State 5: state invariant 3 holds.                                 I@09:27:34.225
State 5: state invariant 5 holds.                                 I@09:27:34.239
State 5: Checking 7 state invariants                              I@09:27:34.255
State 5: state invariant 0 holds.                                 I@09:27:34.258
State 5: state invariant 1 holds.                                 I@09:27:34.264
State 5: state invariant 2 holds.                                 I@09:27:34.272
State 5: state invariant 3 holds.                                 I@09:27:34.278
State 5: state invariant 5 holds.                                 I@09:27:34.286
State 5: state invariant 6 holds.                                 I@09:27:34.292
State 5: state invariant 7 holds.                                 I@09:27:34.299
State 5: Checking 3 state invariants                              I@09:27:34.305
State 5: state invariant 1 holds.                                 I@09:27:34.324
State 5: state invariant 2 holds.                                 I@09:27:34.343
State 5: state invariant 6 holds.                                 I@09:27:34.364
State 5: Checking 3 state invariants                              I@09:27:34.373
State 5: state invariant 1 holds.                                 I@09:27:34.390
State 5: state invariant 2 holds.                                 I@09:27:34.407
State 5: state invariant 6 holds.                                 I@09:27:34.423
Step 5: Transition #29 is disabled                                I@09:27:34.441
Step 5: Transition #30 is disabled                                I@09:27:34.466
Step 5: Transition #31 is disabled                                I@09:27:34.482
Step 5: Transition #32 is disabled                                I@09:27:34.488
Step 5: Transition #33 is disabled                                I@09:27:34.493
Step 5: Transition #34 is disabled                                I@09:27:34.522
Step 5: picking a transition out of 13 transition(s)              I@09:27:34.523
State 6: Checking 2 state invariants                              I@09:27:34.539
State 6: state invariant 3 holds.                                 I@09:27:34.548
State 6: state invariant 7 holds.                                 I@09:27:34.549
Step 6: Transition #1 is disabled                                 I@09:27:34.559
Step 6: Transition #2 is disabled                                 I@09:27:34.564
Step 6: Transition #3 is disabled                                 I@09:27:34.568
Step 6: Transition #5 is disabled                                 I@09:27:34.570
Step 6: Transition #6 is disabled                                 I@09:27:34.572
Step 6: Transition #7 is disabled                                 I@09:27:34.583
Step 6: Transition #8 is disabled                                 I@09:27:34.588
Step 6: Transition #9 is disabled                                 I@09:27:34.591
Step 6: Transition #10 is disabled                                I@09:27:34.596
Step 6: Transition #11 is disabled                                I@09:27:34.604
State 6: Checking 5 state invariants                              I@09:27:34.612
State 6: state invariant 2 holds.                                 I@09:27:34.630
State 6: state invariant 3 holds.                                 I@09:27:34.640
State 6: state invariant 5 holds.                                 I@09:27:34.651
State 6: state invariant 6 holds.                                 I@09:27:34.665
State 6: state invariant 7 holds.                                 I@09:27:34.672
State 6: Checking 6 state invariants                              I@09:27:34.685
State 6: state invariant 0 holds.                                 I@09:27:34.705
State 6: state invariant 1 holds.                                 I@09:27:34.731
State 6: state invariant 2 holds.                                 I@09:27:34.758
State 6: state invariant 3 holds.                                 I@09:27:34.764
State 6: state invariant 5 holds.                                 I@09:27:34.803
State 6: state invariant 6 holds.                                 I@09:27:34.839
State 6: Checking 5 state invariants                              I@09:27:34.856
State 6: state invariant 2 holds.                                 I@09:27:34.881
State 6: state invariant 3 holds.                                 I@09:27:34.894
State 6: state invariant 5 holds.                                 I@09:27:34.924
State 6: state invariant 6 holds.                                 I@09:27:34.949
State 6: state invariant 7 holds.                                 I@09:27:34.959
State 6: Checking 7 state invariants                              I@09:27:34.971
State 6: state invariant 0 holds.                                 I@09:27:34.985
State 6: state invariant 1 holds.                                 I@09:27:35.013
State 6: state invariant 2 holds.                                 I@09:27:35.022
State 6: state invariant 3 holds.                                 I@09:27:35.026
State 6: state invariant 5 holds.                                 I@09:27:35.051
State 6: state invariant 6 holds.                                 I@09:27:35.105
State 6: state invariant 7 holds.                                 I@09:27:35.108
State 6: Checking 5 state invariants                              I@09:27:35.116
State 6: state invariant 2 holds.                                 I@09:27:35.141
State 6: state invariant 3 holds.                                 I@09:27:35.145
State 6: state invariant 5 holds.                                 I@09:27:35.165
State 6: state invariant 6 holds.                                 I@09:27:35.194
State 6: state invariant 7 holds.                                 I@09:27:35.199
State 6: Checking 5 state invariants                              I@09:27:35.211
State 6: state invariant 1 holds.                                 I@09:27:35.227
State 6: state invariant 2 holds.                                 I@09:27:35.245
State 6: state invariant 3 holds.                                 I@09:27:35.258
State 6: state invariant 6 holds.                                 I@09:27:35.310
State 6: state invariant 7 holds.                                 I@09:27:35.319
State 6: Checking 2 state invariants                              I@09:27:35.324
State 6: state invariant 2 holds.                                 I@09:27:35.355
State 6: state invariant 3 holds.                                 I@09:27:35.358
State 6: Checking 4 state invariants                              I@09:27:35.367
State 6: state invariant 0 holds.                                 I@09:27:35.384
State 6: state invariant 2 holds.                                 I@09:27:35.422
State 6: state invariant 3 holds.                                 I@09:27:35.434
State 6: state invariant 5 holds.                                 I@09:27:35.484
State 6: Checking 4 state invariants                              I@09:27:35.498
State 6: state invariant 0 holds.                                 I@09:27:35.529
State 6: state invariant 2 holds.                                 I@09:27:35.579
State 6: state invariant 3 holds.                                 I@09:27:35.594
State 6: state invariant 5 holds.                                 I@09:27:35.473
State 6: Checking 7 state invariants                              I@09:27:35.488
State 6: state invariant 0 holds.                                 I@09:27:35.497
State 6: state invariant 1 holds.                                 I@09:27:35.532
State 6: state invariant 2 holds.                                 I@09:27:35.562
State 6: state invariant 3 holds.                                 I@09:27:35.568
State 6: state invariant 5 holds.                                 I@09:27:35.617
State 6: state invariant 6 holds.                                 I@09:27:35.658
State 6: state invariant 7 holds.                                 I@09:27:35.665
State 6: Checking 3 state invariants                              I@09:27:35.680
State 6: state invariant 1 holds.                                 I@09:27:35.715
State 6: state invariant 2 holds.                                 I@09:27:35.748
State 6: state invariant 6 holds.                                 I@09:27:35.792
State 6: Checking 3 state invariants                              I@09:27:35.816
State 6: state invariant 1 holds.                                 I@09:27:35.843
State 6: state invariant 2 holds.                                 I@09:27:35.875
State 6: state invariant 6 holds.                                 I@09:27:35.904
Step 6: Transition #29 is disabled                                I@09:27:35.944
Step 6: Transition #30 is disabled                                I@09:27:35.972
Step 6: Transition #31 is disabled                                I@09:27:36.012
Step 6: Transition #32 is disabled                                I@09:27:36.020
Step 6: Transition #33 is disabled                                I@09:27:36.024
Step 6: Transition #34 is disabled                                I@09:27:36.068
Step 6: picking a transition out of 14 transition(s)              I@09:27:36.068
State 7: Checking 2 state invariants                              I@09:27:36.101
State 7: state invariant 3 holds.                                 I@09:27:36.121
State 7: state invariant 7 holds.                                 I@09:27:36.123
Step 7: Transition #2 is disabled                                 I@09:27:36.161
Step 7: Transition #3 is disabled                                 I@09:27:36.165
Step 7: Transition #5 is disabled                                 I@09:27:36.168
Step 7: Transition #6 is disabled                                 I@09:27:36.170
State 7: Checking 2 state invariants                              I@09:27:36.189
State 7: state invariant 3 holds.                                 I@09:27:36.192
State 7: state invariant 7 holds.                                 I@09:27:36.193
Step 7: Transition #8 is disabled                                 I@09:27:36.199
Step 7: Transition #9 is disabled                                 I@09:27:36.204
Step 7: Transition #10 is disabled                                I@09:27:36.210
Step 7: Transition #11 is disabled                                I@09:27:36.219
State 7: Checking 5 state invariants                              I@09:27:36.226
State 7: state invariant 2 holds.                                 I@09:27:36.272
State 7: state invariant 3 holds.                                 I@09:27:36.289
State 7: state invariant 5 holds.                                 I@09:27:36.326
State 7: state invariant 6 holds.                                 I@09:27:36.380
State 7: state invariant 7 holds.                                 I@09:27:36.387
State 7: Checking 6 state invariants                              I@09:27:36.408
State 7: state invariant 0 holds.                                 I@09:27:36.466
State 7: state invariant 1 holds.                                 I@09:27:36.540
State 7: state invariant 2 holds.                                 I@09:27:36.612
State 7: state invariant 3 holds.                                 I@09:27:36.637
State 7: state invariant 5 holds.                                 I@09:27:36.761
State 7: state invariant 6 holds.                                 I@09:27:36.867
State 7: Checking 5 state invariants                              I@09:27:36.887
State 7: state invariant 2 holds.                                 I@09:27:36.904
State 7: state invariant 3 holds.                                 I@09:27:36.915
State 7: state invariant 5 holds.                                 I@09:27:37.027
State 7: state invariant 6 holds.                                 I@09:27:37.153
State 7: state invariant 7 holds.                                 I@09:27:37.168
State 7: Checking 7 state invariants                              I@09:27:37.188
State 7: state invariant 0 holds.                                 I@09:27:37.203
State 7: state invariant 1 holds.                                 I@09:27:37.250
State 7: state invariant 2 holds.                                 I@09:27:37.271
State 7: state invariant 3 holds.                                 I@09:27:37.275
State 7: state invariant 5 holds.                                 I@09:27:37.299
State 7: state invariant 6 holds.                                 I@09:27:37.425
State 7: state invariant 7 holds.                                 I@09:27:37.435
State 7: Checking 5 state invariants                              I@09:27:37.447
State 7: state invariant 2 holds.                                 I@09:27:37.518
State 7: state invariant 3 holds.                                 I@09:27:37.526
State 7: state invariant 5 holds.                                 I@09:27:37.590
State 7: state invariant 6 holds.                                 I@09:27:37.683
State 7: state invariant 7 holds.                                 I@09:27:37.693
State 7: Checking 5 state invariants                              I@09:27:37.717
State 7: state invariant 1 holds.                                 I@09:27:37.729
State 7: state invariant 2 holds.                                 I@09:27:37.757
State 7: state invariant 3 holds.                                 I@09:27:37.761
State 7: state invariant 6 holds.                                 I@09:27:37.819
State 7: state invariant 7 holds.                                 I@09:27:37.823
State 7: Checking 2 state invariants                              I@09:27:37.835
State 7: state invariant 2 holds.                                 I@09:27:37.914
State 7: state invariant 3 holds.                                 I@09:27:37.918
State 7: Checking 4 state invariants                              I@09:27:37.941
State 7: state invariant 0 holds.                                 I@09:27:37.968
State 7: state invariant 2 holds.                                 I@09:27:38.029
State 7: state invariant 3 holds.                                 I@09:27:38.052
State 7: state invariant 5 holds.                                 I@09:27:38.151
State 7: Checking 4 state invariants                              I@09:27:38.160
State 7: state invariant 0 holds.                                 I@09:27:38.240
State 7: state invariant 2 holds.                                 I@09:27:38.344
State 7: state invariant 3 holds.                                 I@09:27:38.365
State 7: state invariant 5 holds.                                 I@09:27:38.463
State 7: Checking 7 state invariants                              I@09:27:38.479
State 7: state invariant 0 holds.                                 I@09:27:38.511
State 7: state invariant 1 holds.                                 I@09:27:38.532
State 7: state invariant 2 holds.                                 I@09:27:38.579
State 7: state invariant 3 holds.                                 I@09:27:38.601
State 7: state invariant 5 holds.                                 I@09:27:38.673
State 7: state invariant 6 holds.                                 I@09:27:38.800
State 7: state invariant 7 holds.                                 I@09:27:38.815
State 7: Checking 3 state invariants                              I@09:27:38.835
State 7: state invariant 1 holds.                                 I@09:27:38.889
State 7: state invariant 2 holds.                                 I@09:27:38.987
State 7: state invariant 6 holds.                                 I@09:27:39.114
State 7: Checking 3 state invariants                              I@09:27:39.148
State 7: state invariant 1 holds.                                 I@09:27:39.209
State 7: state invariant 2 holds.                                 I@09:27:39.320
State 7: state invariant 6 holds.                                 I@09:27:39.438
Step 7: Transition #29 is disabled                                I@09:27:39.508
Step 7: Transition #30 is disabled                                I@09:27:39.570
Step 7: Transition #31 is disabled                                I@09:27:39.617
Step 7: Transition #32 is disabled                                I@09:27:39.623
Step 7: Transition #33 is disabled                                I@09:27:39.627
Step 7: Transition #34 is disabled                                I@09:27:39.721
Step 7: picking a transition out of 16 transition(s)              I@09:27:39.722
State 8: Checking 2 state invariants                              I@09:27:39.755
State 8: state invariant 3 holds.                                 I@09:27:39.834
State 8: state invariant 7 holds.                                 I@09:27:39.836
Step 8: Transition #3 is disabled                                 I@09:27:39.889
Step 8: Transition #5 is disabled                                 I@09:27:39.891
Step 8: Transition #6 is disabled                                 I@09:27:39.894
State 8: Checking 2 state invariants                              I@09:27:39.901
State 8: state invariant 3 holds.                                 I@09:27:39.904
State 8: state invariant 7 holds.                                 I@09:27:39.905
Step 8: Transition #9 is disabled                                 I@09:27:39.924
Step 8: Transition #10 is disabled                                I@09:27:39.957
State 8: Checking 5 state invariants                              I@09:27:39.990
State 8: state invariant 2 holds.                                 I@09:27:40.103
State 8: state invariant 3 holds.                                 I@09:27:40.119
State 8: state invariant 5 holds.                                 I@09:27:40.243
State 8: state invariant 6 holds.                                 I@09:27:40.380
State 8: state invariant 7 holds.                                 I@09:27:40.398
State 8: Checking 6 state invariants                              I@09:27:40.433
State 8: state invariant 0 holds.                                 I@09:27:40.599
State 8: state invariant 1 holds.                                 I@09:27:40.751
State 8: state invariant 2 holds.                                 I@09:27:40.944
State 8: state invariant 3 holds.                                 I@09:27:41.045
State 8: state invariant 5 holds.                                 I@09:27:41.237
State 8: state invariant 6 holds.                                 I@09:27:41.441
State 8: Checking 5 state invariants                              I@09:27:41.482
State 8: state invariant 2 holds.                                 I@09:27:41.500
State 8: state invariant 3 holds.                                 I@09:27:41.517
State 8: state invariant 5 holds.                                 I@09:27:41.792
State 8: state invariant 6 holds.                                 I@09:27:42.200
State 8: state invariant 7 holds.                                 I@09:27:42.215
State 8: Checking 7 state invariants                              I@09:27:42.239
State 8: state invariant 0 holds.                                 I@09:27:42.272
State 8: state invariant 1 holds.                                 I@09:27:42.327
State 8: state invariant 2 holds.                                 I@09:27:42.380
State 8: state invariant 3 holds.                                 I@09:27:42.394
State 8: state invariant 5 holds.                                 I@09:27:42.460
State 8: state invariant 6 holds.                                 I@09:27:42.556
State 8: state invariant 7 holds.                                 I@09:27:42.567
State 8: Checking 5 state invariants                              I@09:27:42.589
State 8: state invariant 2 holds.                                 I@09:27:42.722
State 8: state invariant 3 holds.                                 I@09:27:42.740
State 8: state invariant 5 holds.                                 I@09:27:42.867
State 8: state invariant 6 holds.                                 I@09:27:43.056
State 8: state invariant 7 holds.                                 I@09:27:43.065
State 8: Checking 5 state invariants                              I@09:27:43.088
State 8: state invariant 1 holds.                                 I@09:27:43.140
State 8: state invariant 2 holds.                                 I@09:27:43.167
State 8: state invariant 3 holds.                                 I@09:27:43.170
State 8: state invariant 6 holds.                                 I@09:27:43.312
State 8: state invariant 7 holds.                                 I@09:27:43.332
State 8: Checking 2 state invariants                              I@09:27:43.343
State 8: state invariant 2 holds.                                 I@09:27:43.435
State 8: state invariant 3 holds.                                 I@09:27:43.446
State 8: Checking 4 state invariants                              I@09:27:43.463
State 8: state invariant 0 holds.                                 I@09:27:43.506
State 8: state invariant 2 holds.                                 I@09:27:43.731
State 8: state invariant 3 holds.                                 I@09:27:43.821
State 8: state invariant 5 holds.                                 I@09:27:44.005
State 8: Checking 4 state invariants                              I@09:27:44.022
State 8: state invariant 0 holds.                                 I@09:27:44.146
State 8: state invariant 2 holds.                                 I@09:27:44.331
State 8: state invariant 3 holds.                                 I@09:27:44.413
State 8: state invariant 5 holds.                                 I@09:27:44.712
State 8: Checking 7 state invariants                              I@09:27:44.785
State 8: state invariant 0 holds.                                 I@09:27:44.790
State 8: state invariant 1 holds.                                 I@09:27:44.824
State 8: state invariant 2 holds.                                 I@09:27:44.882
State 8: state invariant 3 holds.                                 I@09:27:44.891
State 8: state invariant 5 holds.                                 I@09:27:45.095
State 8: state invariant 6 holds.                                 I@09:27:45.291
State 8: state invariant 7 holds.                                 I@09:27:45.314
State 8: Checking 3 state invariants                              I@09:27:45.342
State 8: state invariant 1 holds.                                 I@09:27:45.403
State 8: state invariant 2 holds.                                 I@09:27:45.543
State 8: state invariant 6 holds.                                 I@09:27:45.578
State 8: Checking 3 state invariants                              I@09:27:45.660
State 8: state invariant 1 holds.                                 I@09:27:45.724
State 8: state invariant 2 holds.                                 I@09:27:45.990
State 8: state invariant 6 holds.                                 I@09:27:46.328
State 8: Checking 3 state invariants                              I@09:27:46.472
State 8: state invariant 1 holds.                                 I@09:27:46.529
State 8: state invariant 2 holds.                                 I@09:27:46.621
State 8: state invariant 6 holds.                                 I@09:27:46.688
Step 8: Transition #30 is disabled                                I@09:27:46.782
Step 8: Transition #31 is disabled                                I@09:27:46.869
Step 8: Transition #32 is disabled                                I@09:27:46.876
Step 8: Transition #33 is disabled                                I@09:27:46.879
State 8: Checking 3 state invariants                              I@09:27:46.921
State 8: state invariant 1 holds.                                 I@09:27:46.991
State 8: state invariant 2 holds.                                 I@09:27:47.189
State 8: state invariant 6 holds.                                 I@09:27:47.316
Step 8: picking a transition out of 21 transition(s)              I@09:27:47.317
State 9: Checking 2 state invariants                              I@09:27:47.351
State 9: state invariant 3 holds.                                 I@09:27:47.399
State 9: state invariant 7 holds.                                 I@09:27:47.401
State 9: Checking 3 state invariants                              I@09:27:47.504
State 9: state invariant 3 holds.                                 I@09:27:47.510
State 9: state invariant 4 holds.                                 I@09:27:47.516
State 9: state invariant 7 holds.                                 I@09:27:47.517
Step 9: Transition #5 is disabled                                 I@09:27:47.526
State 9: Checking 2 state invariants                              I@09:27:47.543
State 9: state invariant 3 holds.                                 I@09:27:47.547
State 9: state invariant 7 holds.                                 I@09:27:47.549
State 9: Checking 2 state invariants                              I@09:27:47.580
State 9: state invariant 3 holds.                                 I@09:27:47.582
State 9: state invariant 7 holds.                                 I@09:27:47.584
State 9: Checking 5 state invariants                              I@09:27:47.734
State 9: state invariant 2 holds.                                 I@09:27:47.930
State 9: state invariant 3 holds.                                 I@09:27:47.947
State 9: state invariant 5 holds.                                 I@09:27:48.257
State 9: state invariant 6 holds.                                 I@09:27:48.504
State 9: state invariant 7 holds.                                 I@09:27:48.524
State 9: Checking 6 state invariants                              I@09:27:48.580
State 9: state invariant 0 holds.                                 I@09:27:48.854
State 9: state invariant 1 holds.                                 I@09:27:49.094
State 9: state invariant 2 holds.                                 I@09:27:49.637
State 9: state invariant 3 holds.                                 I@09:27:49.760
State 9: state invariant 5 holds.                                 I@09:27:50.205
State 9: state invariant 6 holds.                                 I@09:27:50.646
State 9: Checking 5 state invariants                              I@09:27:50.745
State 9: state invariant 2 holds.                                 I@09:27:50.769
State 9: state invariant 3 holds.                                 I@09:27:50.787
State 9: state invariant 5 holds.                                 I@09:27:51.215
State 9: state invariant 6 holds.                                 I@09:27:51.590
State 9: state invariant 7 holds.                                 I@09:27:51.601
State 9: Checking 7 state invariants                              I@09:27:51.627
State 9: state invariant 0 holds.                                 I@09:27:51.664
State 9: state invariant 1 holds.                                 I@09:27:51.739
State 9: state invariant 2 holds.                                 I@09:27:51.822
State 9: state invariant 3 holds.                                 I@09:27:51.830
State 9: state invariant 5 holds.                                 I@09:27:51.918
State 9: state invariant 6 holds.                                 I@09:27:52.092
State 9: state invariant 7 holds.                                 I@09:27:52.106
State 9: Checking 5 state invariants                              I@09:27:52.130
State 9: state invariant 2 holds.                                 I@09:27:52.308
State 9: state invariant 3 holds.                                 I@09:27:52.324
State 9: state invariant 5 holds.                                 I@09:27:52.645
State 9: state invariant 6 holds.                                 I@09:27:52.975
State 9: state invariant 7 holds.                                 I@09:27:52.979
State 9: Checking 5 state invariants                              I@09:27:53.028
State 9: state invariant 1 holds.                                 I@09:27:53.054
State 9: state invariant 2 holds.                                 I@09:27:53.087
State 9: state invariant 3 holds.                                 I@09:27:53.094
State 9: state invariant 6 holds.                                 I@09:27:53.405
State 9: state invariant 7 holds.                                 I@09:27:53.479
State 9: Checking 2 state invariants                              I@09:27:53.502
State 9: state invariant 2 holds.                                 I@09:27:53.729
State 9: state invariant 3 holds.                                 I@09:27:53.758
State 9: Checking 4 state invariants                              I@09:27:53.787
State 9: state invariant 0 holds.                                 I@09:27:53.825
State 9: state invariant 2 holds.                                 I@09:27:54.548
State 9: state invariant 3 holds.                                 I@09:27:54.656
State 9: state invariant 5 holds.                                 I@09:27:54.998
State 9: Checking 4 state invariants                              I@09:27:55.086
State 9: state invariant 0 holds.                                 I@09:27:55.209
State 9: state invariant 2 holds.                                 I@09:27:55.617
State 9: state invariant 3 holds.                                 I@09:27:55.542
State 9: state invariant 5 holds.                                 I@09:27:56.021
State 9: Checking 7 state invariants                              I@09:27:56.088
State 9: state invariant 0 holds.                                 I@09:27:56.102
State 9: state invariant 1 holds.                                 I@09:27:56.365
State 9: state invariant 2 holds.                                 I@09:27:56.419
State 9: state invariant 3 holds.                                 I@09:27:56.430
State 9: state invariant 5 holds.                                 I@09:27:56.794
State 9: state invariant 6 holds.                                 I@09:27:57.150
State 9: state invariant 7 holds.                                 I@09:27:57.202
State 9: Checking 3 state invariants                              I@09:27:57.262
State 9: state invariant 1 holds.                                 I@09:27:57.525
State 9: state invariant 2 holds.                                 I@09:27:57.972
State 9: state invariant 6 holds.                                 I@09:27:58.302
State 9: Checking 3 state invariants                              I@09:27:58.344
State 9: state invariant 1 holds.                                 I@09:27:58.519
State 9: state invariant 2 holds.                                 I@09:27:59.036
State 9: state invariant 6 holds.                                 I@09:27:59.845
State 9: Checking 3 state invariants                              I@09:27:59.916
State 9: state invariant 1 holds.                                 I@09:28:00.129
State 9: state invariant 2 holds.                                 I@09:28:00.437
State 9: state invariant 6 holds.                                 I@09:28:00.961
Step 9: Transition #30 is disabled                                I@09:28:01.119
Step 9: Transition #31 is disabled                                I@09:28:01.289
Step 9: Transition #32 is disabled                                I@09:28:01.303
Step 9: Transition #33 is disabled                                I@09:28:01.307
State 9: Checking 3 state invariants                              I@09:28:01.584
State 9: state invariant 1 holds.                                 I@09:28:01.679
State 9: state invariant 2 holds.                                 I@09:28:01.919
State 9: state invariant 6 holds.                                 I@09:28:02.063
Step 9: picking a transition out of 25 transition(s)              I@09:28:02.065
State 10: Checking 2 state invariants                             I@09:28:02.132
State 10: state invariant 3 holds.                                I@09:28:02.273
State 10: state invariant 7 holds.                                I@09:28:02.275
State 10: Checking 3 state invariants                             I@09:28:02.545
State 10: state invariant 3 holds.                                I@09:28:02.658
State 10: state invariant 4 holds.                                I@09:28:02.726
State 10: state invariant 7 holds.                                I@09:28:02.737
State 10: Checking 2 state invariants                             I@09:28:02.804
State 10: state invariant 3 holds.                                I@09:28:02.824
State 10: state invariant 7 holds.                                I@09:28:02.830
State 10: Checking 2 state invariants                             I@09:28:02.907
State 10: state invariant 3 holds.                                I@09:28:02.911
State 10: state invariant 7 holds.                                I@09:28:02.913
State 10: Checking 5 state invariants                             I@09:28:03.130
State 10: state invariant 2 holds.                                I@09:28:03.687
State 10: state invariant 3 holds.                                I@09:28:03.711
State 10: state invariant 5 holds.                                I@09:28:04.274
State 10: state invariant 6 holds.                                I@09:28:05.068
State 10: state invariant 7 holds.                                I@09:28:05.074
State 10: Checking 6 state invariants                             I@09:28:05.153
State 10: state invariant 0 holds.                                I@09:28:05.517
State 10: state invariant 1 holds.                                I@09:28:05.872
State 10: state invariant 2 holds.                                I@09:28:06.574
State 10: state invariant 3 holds.                                I@09:28:06.862
State 10: state invariant 5 holds.                                I@09:28:07.725
State 10: state invariant 6 holds.                                I@09:28:08.588
State 10: Checking 5 state invariants                             I@09:28:08.773
State 10: state invariant 2 holds.                                I@09:28:08.782
State 10: state invariant 3 holds.                                I@09:28:08.787
State 10: state invariant 5 holds.                                I@09:28:09.493
State 10: state invariant 6 holds.                                I@09:28:09.976
State 10: state invariant 7 holds.                                I@09:28:10.007
State 10: Checking 7 state invariants                             I@09:28:10.050
State 10: state invariant 0 holds.                                I@09:28:10.110
State 10: state invariant 1 holds.                                I@09:28:10.245
State 10: state invariant 2 holds.                                I@09:28:10.334
State 10: state invariant 3 holds.                                I@09:28:10.366
State 10: state invariant 5 holds.                                I@09:28:10.461
State 10: state invariant 6 holds.                                I@09:28:10.921
State 10: state invariant 7 holds.                                I@09:28:10.938
State 10: Checking 5 state invariants                             I@09:28:10.977
State 10: state invariant 2 holds.                                I@09:28:11.357
State 10: state invariant 3 holds.                                I@09:28:11.378
State 10: state invariant 5 holds.                                I@09:28:11.684
State 10: state invariant 6 holds.                                I@09:28:12.467
State 10: state invariant 7 holds.                                I@09:28:12.479
State 10: Checking 5 state invariants                             I@09:28:12.544
State 10: state invariant 1 holds.                                I@09:28:12.593
State 10: state invariant 2 holds.                                I@09:28:12.659
State 10: state invariant 3 holds.                                I@09:28:12.686
State 10: state invariant 6 holds.                                I@09:28:12.960
State 10: state invariant 7 holds.                                I@09:28:12.977
State 10: Checking 2 state invariants                             I@09:28:13.026
State 10: state invariant 2 holds.                                I@09:28:13.516
State 10: state invariant 3 holds.                                I@09:28:13.548
State 10: Checking 4 state invariants                             I@09:28:13.646
State 10: state invariant 0 holds.                                I@09:28:13.659
State 10: state invariant 2 holds.                                I@09:28:14.053
State 10: state invariant 3 holds.                                I@09:28:14.220
State 10: state invariant 5 holds.                                I@09:28:14.670
State 10: Checking 4 state invariants                             I@09:28:14.720
State 10: state invariant 0 holds.                                I@09:28:15.134
State 10: state invariant 2 holds.                                I@09:28:16.052
State 10: state invariant 3 holds.                                I@09:28:16.192
State 10: state invariant 5 holds.                                I@09:28:17.196
State 10: Checking 7 state invariants                             I@09:28:17.301
State 10: state invariant 0 holds.                                I@09:28:17.369
State 10: state invariant 1 holds.                                I@09:28:17.665
State 10: state invariant 2 holds.                                I@09:28:17.862
State 10: state invariant 3 holds.                                I@09:28:17.877
State 10: state invariant 5 holds.                                I@09:28:18.468
State 10: state invariant 6 holds.                                I@09:28:18.853
State 10: state invariant 7 holds.                                I@09:28:18.887
State 10: Checking 3 state invariants                             I@09:28:19.112
State 10: state invariant 1 holds.                                I@09:28:19.342
State 10: state invariant 2 holds.                                I@09:28:20.100
State 10: state invariant 6 holds.                                I@09:28:20.784
State 10: Checking 3 state invariants                             I@09:28:21.035
State 10: state invariant 1 holds.                                I@09:28:21.308
State 10: state invariant 2 holds.                                I@09:28:21.910
State 10: state invariant 6 holds.                                I@09:28:22.943
State 10: Checking 3 state invariants                             I@09:28:23.129
State 10: state invariant 1 holds.                                I@09:28:23.210
State 10: state invariant 2 holds.                                I@09:28:23.595
State 10: state invariant 6 holds.                                I@09:28:24.443
State 10: Checking 3 state invariants                             I@09:28:24.784
State 10: state invariant 1 holds.                                I@09:28:24.934
State 10: state invariant 2 holds.                                I@09:28:25.098
State 10: state invariant 6 holds.                                I@09:28:25.251
Step 10: Transition #31 is disabled                               I@09:28:25.441
Step 10: Transition #32 is disabled                               I@09:28:25.450
Step 10: Transition #33 is disabled                               I@09:28:25.456
State 10: Checking 3 state invariants                             I@09:28:25.603
State 10: state invariant 1 holds.                                I@09:28:25.640
State 10: state invariant 2 holds.                                I@09:28:26.565
State 10: state invariant 6 holds.                                I@09:28:27.152
Step 10: picking a transition out of 27 transition(s)             I@09:28:27.155
State 11: Checking 2 state invariants                             I@09:28:27.355
State 11: state invariant 3 holds.                                I@09:28:27.423
State 11: state invariant 7 holds.                                I@09:28:27.425
State 11: Checking 3 state invariants                             I@09:28:27.729
State 11: state invariant 3 holds.                                I@09:28:27.820
State 11: state invariant 4 holds.                                I@09:28:27.969
State 11: state invariant 7 holds.                                I@09:28:27.991
State 11: Checking 2 state invariants                             I@09:28:28.075
State 11: state invariant 3 holds.                                I@09:28:28.115
State 11: state invariant 7 holds.                                I@09:28:28.136
State 11: Checking 2 state invariants                             I@09:28:28.263
State 11: state invariant 3 holds.                                I@09:28:28.267
State 11: state invariant 7 holds.                                I@09:28:28.268
State 11: Checking 5 state invariants                             I@09:28:28.712
State 11: state invariant 2 holds.                                I@09:28:29.435
State 11: state invariant 3 holds.                                I@09:28:29.460
State 11: state invariant 5 holds.                                I@09:28:30.263
State 11: state invariant 6 holds.                                I@09:28:31.506
State 11: state invariant 7 holds.                                I@09:28:31.532
State 11: Checking 6 state invariants                             I@09:28:31.736
State 11: state invariant 0 holds.                                I@09:28:32.327
State 11: state invariant 1 holds.                                I@09:28:32.952
State 11: state invariant 2 holds.                                I@09:28:34.397
State 11: state invariant 3 holds.                                I@09:28:34.702
State 11: state invariant 5 holds.                                I@09:28:35.661
State 11: state invariant 6 holds.                                I@09:28:37.403
State 11: Checking 5 state invariants                             I@09:28:37.585
State 11: state invariant 2 holds.                                I@09:28:37.614
State 11: state invariant 3 holds.                                I@09:28:37.629
State 11: state invariant 5 holds.                                I@09:28:39.172
State 11: state invariant 6 holds.                                I@09:28:39.988
State 11: state invariant 7 holds.                                I@09:28:40.022
State 11: Checking 7 state invariants                             I@09:28:40.069
State 11: state invariant 0 holds.                                I@09:28:40.147
State 11: state invariant 1 holds.                                I@09:28:40.293
State 11: state invariant 2 holds.                                I@09:28:40.458
State 11: state invariant 3 holds.                                I@09:28:40.467
State 11: state invariant 5 holds.                                I@09:28:40.608
State 11: state invariant 6 holds.                                I@09:28:41.199
State 11: state invariant 7 holds.                                I@09:28:41.218
State 11: Checking 5 state invariants                             I@09:28:41.323
State 11: state invariant 2 holds.                                I@09:28:42.063
State 11: state invariant 3 holds.                                I@09:28:42.117
State 11: state invariant 5 holds.                                I@09:28:42.691
State 11: state invariant 6 holds.                                I@09:28:43.663
State 11: state invariant 7 holds.                                I@09:28:43.690
State 11: Checking 5 state invariants                             I@09:28:43.752
State 11: state invariant 1 holds.                                I@09:28:43.883
State 11: state invariant 2 holds.                                I@09:28:43.997
State 11: state invariant 3 holds.                                I@09:28:44.007
State 11: state invariant 6 holds.                                I@09:28:44.267
State 11: state invariant 7 holds.                                I@09:28:44.301
State 11: Checking 2 state invariants                             I@09:28:44.337
State 11: state invariant 2 holds.                                I@09:28:44.725
State 11: state invariant 3 holds.                                I@09:28:44.748
State 11: Checking 4 state invariants                             I@09:28:44.784
State 11: state invariant 0 holds.                                I@09:28:44.866
State 11: state invariant 2 holds.                                I@09:28:45.794
State 11: state invariant 3 holds.                                I@09:28:46.112
State 11: state invariant 5 holds.                                I@09:28:46.901
State 11: Checking 4 state invariants                             I@09:28:47.021
State 11: state invariant 0 holds.                                I@09:28:47.675
State 11: state invariant 2 holds.                                I@09:28:49.374
State 11: state invariant 3 holds.                                I@09:28:49.711
State 11: state invariant 5 holds.                                I@09:28:50.923
State 11: Checking 7 state invariants                             I@09:28:51.020
State 11: state invariant 0 holds.                                I@09:28:51.084
State 11: state invariant 1 holds.                                I@09:28:51.234
State 11: state invariant 2 holds.                                I@09:28:51.363
State 11: state invariant 3 holds.                                I@09:28:51.386
State 11: state invariant 5 holds.                                I@09:28:52.667
State 11: state invariant 6 holds.                                I@09:28:53.110
State 11: state invariant 7 holds.                                I@09:28:53.148
State 11: Checking 3 state invariants                             I@09:28:53.198
State 11: state invariant 1 holds.                                I@09:28:53.583
State 11: state invariant 2 holds.                                I@09:28:54.361
State 11: state invariant 6 holds.                                I@09:28:55.557
State 11: Checking 3 state invariants                             I@09:28:55.469
State 11: state invariant 1 holds.                                I@09:28:55.826
State 11: state invariant 2 holds.                                I@09:28:56.625
State 11: state invariant 6 holds.                                I@09:28:58.230
State 11: Checking 3 state invariants                             I@09:28:58.633
State 11: state invariant 1 holds.                                I@09:28:59.183
State 11: state invariant 2 holds.                                I@09:28:59.907
State 11: state invariant 6 holds.                                I@09:29:01.679
State 11: Checking 3 state invariants                             I@09:29:01.954
State 11: state invariant 1 holds.                                I@09:29:02.497
State 11: state invariant 2 holds.                                I@09:29:03.219
State 11: state invariant 6 holds.                                I@09:29:03.990
State 11: Checking 3 state invariants                             I@09:29:04.165
State 11: state invariant 1 holds.                                I@09:29:04.444
State 11: state invariant 2 holds.                                I@09:29:04.812
State 11: state invariant 6 holds.                                I@09:29:05.254
Step 11: Transition #32 is disabled                               I@09:29:05.263
Step 11: Transition #33 is disabled                               I@09:29:05.268
State 11: Checking 3 state invariants                             I@09:29:05.556
State 11: state invariant 1 holds.                                I@09:29:05.829
State 11: state invariant 2 holds.                                I@09:29:07.519
State 11: state invariant 6 holds.                                I@09:29:08.428
Step 11: picking a transition out of 28 transition(s)             I@09:29:08.430
State 12: Checking 2 state invariants                             I@09:29:08.643
State 12: state invariant 3 holds.                                I@09:29:08.763
State 12: state invariant 7 holds.                                I@09:29:08.765
State 12: Checking 3 state invariants                             I@09:29:09.198
State 12: state invariant 3 holds.                                I@09:29:09.571
State 12: state invariant 4 holds.                                I@09:29:09.971
State 12: state invariant 7 holds.                                I@09:29:10.059
State 12: Checking 2 state invariants                             I@09:29:10.290
State 12: state invariant 3 holds.                                I@09:29:10.314
State 12: state invariant 7 holds.                                I@09:29:10.329
State 12: Checking 2 state invariants                             I@09:29:10.454
State 12: state invariant 3 holds.                                I@09:29:10.458
State 12: state invariant 7 holds.                                I@09:29:10.459
State 12: Checking 5 state invariants                             I@09:29:10.934
State 12: state invariant 2 holds.                                I@09:29:12.061
State 12: state invariant 3 holds.                                I@09:29:12.129
State 12: state invariant 5 holds.                                I@09:29:13.061
State 12: state invariant 6 holds.                                I@09:29:14.218
State 12: state invariant 7 holds.                                I@09:29:14.289
State 12: Checking 6 state invariants                             I@09:29:14.529
State 12: state invariant 0 holds.                                I@09:29:15.484
State 12: state invariant 1 holds.                                I@09:29:16.542
State 12: state invariant 2 holds.                                I@09:29:18.048
State 12: state invariant 3 holds.                                I@09:29:18.744
State 12: state invariant 5 holds.                                I@09:29:21.057
State 12: state invariant 6 holds.                                I@09:29:22.740
State 12: Checking 5 state invariants                             I@09:29:23.004
State 12: state invariant 2 holds.                                I@09:29:23.019
State 12: state invariant 3 holds.                                I@09:29:23.029
State 12: state invariant 5 holds.                                I@09:29:25.678
State 12: state invariant 6 holds.                                I@09:29:26.939
State 12: state invariant 7 holds.                                I@09:29:26.992
State 12: Checking 7 state invariants                             I@09:29:27.203
State 12: state invariant 0 holds.                                I@09:29:27.235
State 12: state invariant 1 holds.                                I@09:29:27.459
State 12: state invariant 2 holds.                                I@09:29:27.665
State 12: state invariant 3 holds.                                I@09:29:27.680
State 12: state invariant 5 holds.                                I@09:29:27.860
State 12: state invariant 6 holds.                                I@09:29:28.625
State 12: state invariant 7 holds.                                I@09:29:28.644
State 12: Checking 5 state invariants                             I@09:29:28.744
State 12: state invariant 2 holds.                                I@09:29:29.385
State 12: state invariant 3 holds.                                I@09:29:29.443
State 12: state invariant 5 holds.                                I@09:29:30.270
State 12: state invariant 6 holds.                                I@09:29:31.576
State 12: state invariant 7 holds.                                I@09:29:31.612
State 12: Checking 5 state invariants                             I@09:29:31.692
State 12: state invariant 1 holds.                                I@09:29:31.800
State 12: state invariant 2 holds.                                I@09:29:32.035
State 12: state invariant 3 holds.                                I@09:29:32.093
State 12: state invariant 6 holds.                                I@09:29:32.827
State 12: state invariant 7 holds.                                I@09:29:32.868
State 12: Checking 2 state invariants                             I@09:29:33.021
State 12: state invariant 2 holds.                                I@09:29:33.814
State 12: state invariant 3 holds.                                I@09:29:33.862
State 12: Checking 4 state invariants                             I@09:29:33.950
State 12: state invariant 0 holds.                                I@09:29:34.062
State 12: state invariant 2 holds.                                I@09:29:35.375
State 12: state invariant 3 holds.                                I@09:29:35.908
State 12: state invariant 5 holds.                                I@09:29:37.348
State 12: Checking 4 state invariants                             I@09:29:37.682
State 12: state invariant 0 holds.                                I@09:29:38.431
State 12: state invariant 2 holds.                                I@09:29:39.958
State 12: state invariant 3 holds.                                I@09:29:40.253
State 12: state invariant 5 holds.                                I@09:29:42.493
State 12: Checking 7 state invariants                             I@09:29:42.718
State 12: state invariant 0 holds.                                I@09:29:42.806
State 12: state invariant 1 holds.                                I@09:29:43.132
State 12: state invariant 2 holds.                                I@09:29:43.276
State 12: state invariant 3 holds.                                I@09:29:43.315
State 12: state invariant 5 holds.                                I@09:29:44.796
State 12: state invariant 6 holds.                                I@09:29:45.572
State 12: state invariant 7 holds.                                I@09:29:45.586
State 12: Checking 3 state invariants                             I@09:29:45.855
State 12: state invariant 1 holds.                                I@09:29:46.203
State 12: state invariant 2 holds.                                I@09:29:47.425
State 12: state invariant 6 holds.                                I@09:29:48.372
State 12: Checking 3 state invariants                             I@09:29:48.692
State 12: state invariant 1 holds.                                I@09:29:49.133
State 12: state invariant 2 holds.                                I@09:29:50.208
State 12: state invariant 6 holds.                                I@09:29:52.435
State 12: Checking 3 state invariants                             I@09:29:52.923
State 12: state invariant 1 holds.                                I@09:29:53.628
State 12: state invariant 2 holds.                                I@09:29:54.576
State 12: state invariant 6 holds.                                I@09:29:56.354
State 12: Checking 3 state invariants                             I@09:29:56.855
State 12: state invariant 1 holds.                                I@09:29:57.588
State 12: state invariant 2 holds.                                I@09:29:59.281
State 12: state invariant 6 holds.                                I@09:30:01.654
State 12: Checking 3 state invariants                             I@09:30:02.241
State 12: state invariant 1 holds.                                I@09:30:03.032
State 12: state invariant 2 holds.                                I@09:30:04.153
State 12: state invariant 6 holds.                                I@09:30:05.305
State 12: Checking 4 state invariants                             I@09:30:05.657
State 12: state invariant 1 holds.                                I@09:30:05.967
State 12: state invariant 2 holds.                                I@09:30:06.335
State 12: state invariant 4 holds.                                I@09:30:06.668
State 12: state invariant 6 holds.                                I@09:30:06.968
Step 12: Transition #33 is disabled                               I@09:30:07.102
State 12: Checking 3 state invariants                             I@09:30:07.585
State 12: state invariant 1 holds.                                I@09:30:08.373
State 12: state invariant 2 holds.                                I@09:30:10.155
State 12: state invariant 6 holds.                                I@09:30:11.898
Step 12: picking a transition out of 29 transition(s)             I@09:30:11.900
State 13: Checking 2 state invariants                             I@09:30:12.579
State 13: state invariant 3 holds.                                I@09:30:12.588
State 13: state invariant 7 holds.                                I@09:30:12.590
State 13: Checking 3 state invariants                             I@09:30:13.364
State 13: state invariant 3 holds.                                I@09:30:13.752
State 13: state invariant 4 holds.                                I@09:30:15.661
State 13: state invariant 7 holds.                                I@09:30:15.779
State 13: Checking 2 state invariants                             I@09:30:16.069
State 13: state invariant 3 holds.                                I@09:30:16.123
State 13: state invariant 7 holds.                                I@09:30:16.201
State 13: Checking 2 state invariants                             I@09:30:16.433
State 13: state invariant 3 holds.                                I@09:30:16.437
State 13: state invariant 7 holds.                                I@09:30:16.438
State 13: Checking 5 state invariants                             I@09:30:16.859
State 13: state invariant 2 holds.                                I@09:30:17.709
State 13: state invariant 3 holds.                                I@09:30:17.786
State 13: state invariant 5 holds.                                I@09:30:19.180
State 13: state invariant 6 holds.                                I@09:30:21.003
State 13: state invariant 7 holds.                                I@09:30:21.078
State 13: Checking 6 state invariants                             I@09:30:21.280
State 13: state invariant 0 holds.                                I@09:30:22.941
State 13: state invariant 1 holds.                                I@09:30:25.189
State 13: state invariant 2 holds.                                I@09:30:27.917
State 13: state invariant 3 holds.                                I@09:30:28.460
State 13: state invariant 5 holds.                                I@09:30:32.877
State 13: state invariant 6 holds.                                I@09:30:37.126
State 13: Checking 5 state invariants                             I@09:30:37.701
State 13: state invariant 2 holds.                                I@09:30:37.725
State 13: state invariant 3 holds.                                I@09:30:37.737
State 13: state invariant 5 holds.                                I@09:30:43.088
State 13: state invariant 6 holds.                                I@09:30:45.490
State 13: state invariant 7 holds.                                I@09:30:45.549
State 13: Checking 7 state invariants                             I@09:30:45.648
State 13: state invariant 0 holds.                                I@09:30:45.708
State 13: state invariant 1 holds.                                I@09:30:46.029
State 13: state invariant 2 holds.                                I@09:30:46.193
State 13: state invariant 3 holds.                                I@09:30:46.212
State 13: state invariant 5 holds.                                I@09:30:46.335
State 13: state invariant 6 holds.                                I@09:30:47.064
State 13: state invariant 7 holds.                                I@09:30:47.112
State 13: Checking 5 state invariants                             I@09:30:47.530
State 13: state invariant 2 holds.                                I@09:30:48.393
State 13: state invariant 3 holds.                                I@09:30:48.502
State 13: state invariant 5 holds.                                I@09:30:49.179
State 13: state invariant 6 holds.                                I@09:30:50.448
State 13: state invariant 7 holds.                                I@09:30:50.523
State 13: Checking 5 state invariants                             I@09:30:50.746
State 13: state invariant 1 holds.                                I@09:30:50.951
State 13: state invariant 2 holds.                                I@09:30:51.285
State 13: state invariant 3 holds.                                I@09:30:51.315
State 13: state invariant 6 holds.                                I@09:30:51.842
State 13: state invariant 7 holds.                                I@09:30:51.929
State 13: Checking 2 state invariants                             I@09:30:52.073
State 13: state invariant 2 holds.                                I@09:30:53.554
State 13: state invariant 3 holds.                                I@09:30:53.627
State 13: Checking 4 state invariants                             I@09:30:54.213
State 13: state invariant 0 holds.                                I@09:30:54.231
State 13: state invariant 2 holds.                                I@09:30:56.059
State 13: state invariant 3 holds.                                I@09:30:56.435
State 13: state invariant 5 holds.                                I@09:30:57.991
State 13: Checking 4 state invariants                             I@09:30:58.082
State 13: state invariant 0 holds.                                I@09:30:59.232
State 13: state invariant 2 holds.                                I@09:31:04.120
State 13: state invariant 3 holds.                                I@09:31:05.058
State 13: state invariant 5 holds.                                I@09:31:07.684
State 13: Checking 7 state invariants                             I@09:31:08.376
State 13: state invariant 0 holds.                                I@09:31:08.383
State 13: state invariant 1 holds.                                I@09:31:08.649
State 13: state invariant 2 holds.                                I@09:31:09.194
State 13: state invariant 3 holds.                                I@09:31:09.224
State 13: state invariant 5 holds.                                I@09:31:12.068
State 13: state invariant 6 holds.                                I@09:31:13.332
State 13: state invariant 7 holds.                                I@09:31:13.396
State 13: Checking 3 state invariants                             I@09:31:13.589
State 13: state invariant 1 holds.                                I@09:31:14.410
State 13: state invariant 2 holds.                                I@09:31:16.007
State 13: state invariant 6 holds.                                I@09:31:18.328
State 13: Checking 3 state invariants                             I@09:31:18.539
State 13: state invariant 1 holds.                                I@09:31:19.810
State 13: state invariant 2 holds.                                I@09:31:22.221
State 13: state invariant 6 holds.                                I@09:31:25.569
State 13: Checking 3 state invariants                             I@09:31:26.273
State 13: state invariant 1 holds.                                I@09:31:27.422
State 13: state invariant 2 holds.                                I@09:31:28.574
State 13: state invariant 6 holds.                                I@09:31:33.642
State 13: Checking 3 state invariants                             I@09:31:34.272
State 13: state invariant 1 holds.                                I@09:31:35.908
State 13: state invariant 2 holds.                                I@09:31:38.962
State 13: state invariant 6 holds.                                I@09:31:43.403
State 13: Checking 3 state invariants                             I@09:31:44.579
State 13: state invariant 1 holds.                                I@09:31:45.447
State 13: state invariant 2 holds.                                I@09:31:46.630
State 13: state invariant 6 holds.                                I@09:31:48.850
State 13: Checking 4 state invariants                             I@09:31:49.083
State 13: state invariant 1 holds.                                I@09:31:50.089
State 13: state invariant 2 holds.                                I@09:31:51.711
State 13: state invariant 4 holds.                                I@09:31:53.850
State 13: state invariant 6 holds.                                I@09:31:55.532
State 13: Checking 3 state invariants                             I@09:31:56.260
State 13: state invariant 1 holds.                                I@09:31:56.407
State 13: state invariant 2 holds.                                I@09:31:56.554
State 13: state invariant 6 holds.                                I@09:31:56.677
State 13: Checking 3 state invariants                             I@09:31:57.494
State 13: state invariant 1 holds.                                I@09:31:58.738
State 13: state invariant 2 holds.                                I@09:32:01.828
State 13: state invariant 6 holds.                                I@09:32:04.204
Step 13: picking a transition out of 30 transition(s)             I@09:32:04.207
State 14: Checking 2 state invariants                             I@09:32:04.569
State 14: state invariant 3 holds.                                I@09:32:04.800
State 14: state invariant 7 holds.                                I@09:32:04.803
State 14: Checking 3 state invariants                             I@09:32:05.788
State 14: state invariant 3 holds.                                I@09:32:06.420
State 14: state invariant 4 holds.                                I@09:32:11.289
State 14: state invariant 7 holds.                                I@09:32:11.368
State 14: Checking 2 state invariants                             I@09:32:11.931
State 14: state invariant 3 holds.                                I@09:32:12.000
State 14: state invariant 7 holds.                                I@09:32:12.060
State 14: Checking 2 state invariants                             I@09:32:12.447
State 14: state invariant 3 holds.                                I@09:32:12.453
State 14: state invariant 7 holds.                                I@09:32:12.454
State 14: Checking 5 state invariants                             I@09:32:13.846
State 14: state invariant 2 holds.                                I@09:32:15.475
State 14: state invariant 3 holds.                                I@09:32:15.539
State 14: state invariant 5 holds.                                I@09:32:17.187
State 14: state invariant 6 holds.                                I@09:32:19.223
State 14: state invariant 7 holds.                                I@09:32:19.265
State 14: Checking 6 state invariants                             I@09:32:19.761
State 14: state invariant 0 holds.                                I@09:32:22.531
State 14: state invariant 1 holds.                                I@09:32:25.997
State 14: state invariant 2 holds.                                I@09:32:30.126
State 14: state invariant 3 holds.                                I@09:32:31.493
State 14: state invariant 5 holds.                                I@09:32:38.673
State 14: state invariant 6 holds.                                I@09:32:44.467
State 14: Checking 5 state invariants                             I@09:32:45.044
State 14: state invariant 2 holds.                                I@09:32:45.089
State 14: state invariant 3 holds.                                I@09:32:45.199
State 14: state invariant 5 holds.                                I@09:32:52.079
State 14: state invariant 6 holds.                                I@09:32:55.523
State 14: state invariant 7 holds.                                I@09:32:55.684
State 14: Checking 7 state invariants                             I@09:32:55.787
State 14: state invariant 0 holds.                                I@09:32:56.003
State 14: state invariant 1 holds.                                I@09:32:56.465
State 14: state invariant 2 holds.                                I@09:32:56.788
State 14: state invariant 3 holds.                                I@09:32:56.942
State 14: state invariant 5 holds.                                I@09:32:57.312
State 14: state invariant 6 holds.                                I@09:32:58.701
State 14: state invariant 7 holds.                                I@09:32:58.728
State 14: Checking 5 state invariants                             I@09:32:59.128
State 14: state invariant 2 holds.                                I@09:33:00.724
State 14: state invariant 3 holds.                                I@09:33:00.806
State 14: state invariant 5 holds.                                I@09:33:02.733
State 14: state invariant 6 holds.                                I@09:33:05.258
State 14: state invariant 7 holds.                                I@09:33:05.299
State 14: Checking 5 state invariants                             I@09:33:05.437
State 14: state invariant 1 holds.                                I@09:33:05.532
State 14: state invariant 2 holds.                                I@09:33:05.899
State 14: state invariant 3 holds.                                I@09:33:05.963
State 14: state invariant 6 holds.                                I@09:33:06.897
State 14: state invariant 7 holds.                                I@09:33:07.028
State 14: Checking 2 state invariants                             I@09:33:07.303
State 14: state invariant 2 holds.                                I@09:33:08.593
State 14: state invariant 3 holds.                                I@09:33:08.658
State 14: Checking 4 state invariants                             I@09:33:09.237
State 14: state invariant 0 holds.                                I@09:33:09.439
State 14: state invariant 2 holds.                                I@09:33:12.924
State 14: state invariant 3 holds.                                I@09:33:14.021
State 14: state invariant 5 holds.                                I@09:33:16.326
State 14: Checking 4 state invariants                             I@09:33:17.079
State 14: state invariant 0 holds.                                I@09:33:18.955
State 14: state invariant 2 holds.                                I@09:33:23.144
State 14: state invariant 3 holds.                                I@09:33:24.390
State 14: state invariant 5 holds.                                I@09:33:28.927
State 14: Checking 7 state invariants                             I@09:33:29.785
State 14: state invariant 0 holds.                                I@09:33:29.796
State 14: state invariant 1 holds.                                I@09:33:30.187
State 14: state invariant 2 holds.                                I@09:33:30.510
State 14: state invariant 3 holds.                                I@09:33:30.625
State 14: state invariant 5 holds.                                I@09:33:34.471
State 14: state invariant 6 holds.                                I@09:33:36.377
State 14: state invariant 7 holds.                                I@09:33:36.488
State 14: Checking 3 state invariants                             I@09:33:36.757
State 14: state invariant 1 holds.                                I@09:33:38.332
State 14: state invariant 2 holds.                                I@09:33:41.018
State 14: state invariant 6 holds.                                I@09:33:44.071
State 14: Checking 3 state invariants                             I@09:33:44.613
State 14: state invariant 1 holds.                                I@09:33:45.704
State 14: state invariant 2 holds.                                I@09:33:49.866
State 14: state invariant 6 holds.                                I@09:33:55.719
State 14: Checking 3 state invariants                             I@09:33:57.297
State 14: state invariant 1 holds.                                I@09:33:59.373
State 14: state invariant 2 holds.                                I@09:34:00.634
State 14: state invariant 6 holds.                                I@09:34:08.606
State 14: Checking 3 state invariants                             I@09:34:09.653
State 14: state invariant 1 holds.                                I@09:34:12.467
State 14: state invariant 2 holds.                                I@09:34:16.500
State 14: state invariant 6 holds.                                I@09:34:25.575
State 14: Checking 3 state invariants                             I@09:34:26.382
State 14: state invariant 1 holds.                                I@09:34:29.038
State 14: state invariant 2 holds.                                I@09:34:34.040
State 14: state invariant 6 holds.                                I@09:34:39.722
State 14: Checking 4 state invariants                             I@09:34:40.500
State 14: state invariant 1 holds.                                I@09:34:42.444
State 14: state invariant 2 holds.                                I@09:34:44.988
State 14: state invariant 4 holds.                                I@09:34:52.025
State 14: state invariant 6 holds.                                I@09:34:56.174
State 14: Checking 3 state invariants                             I@09:34:57.576
State 14: state invariant 1 holds.                                I@09:34:57.849
State 14: state invariant 2 holds.                                I@09:34:58.223
State 14: state invariant 6 holds.                                I@09:34:58.531
State 14: Checking 3 state invariants                             I@09:34:59.993
State 14: state invariant 1 holds.                                I@09:35:01.992
State 14: state invariant 2 holds.                                I@09:35:05.479
State 14: state invariant 6 holds.                                I@09:35:09.319
Step 14: picking a transition out of 30 transition(s)             I@09:35:09.323
The outcome is: NoError                                           I@09:35:09.384

===== /Users/marcus/conductor/workspaces/helios/wellington-v2/target/quint/guest-flow-owner/owner-flows-safety-apalache-deep/events.log =====
1791358042.782 attempt 1 start pgid=440111 port=46485 timeout=1800s log=/Users/marcus/conductor/workspaces/helios/wellington-v2/target/quint/guest-flow-owner/owner-flows-safety-apalache-deep/attempt-1.log
1791359812.729 attempt 1 end TimedOut after 1800.3s; group 440111 killed; verdict Final { outcome: TimedOut, cause: Some("exceeded the 1800s timeout; process group killed") }
