    Finished `dev` profile [unoptimized + debuginfo] target(s) in 0.23s
     Running `target/debug/xtask metal run -- python3 spike-scratch/netns-density-295-kernel-vs-aya-benchmark/increment-a/run.py --max 64`
/usr/bin/ssh
xtask: running metal run (one bootstrap lease session)

########## [bootstrap] preflight: ssh to <redacted canonical metal target>

########## [bootstrap] remote user=ubuntu home=/home/ubuntu sudo='sudo -n'

########## [bootstrap] acquire canonical metal lease (/run/lock/overdrive-metal-shared.lock)
OVERDRIVE_METAL_LEASE_ACQUIRED token=cfa2948517e86a8341ca1d17 pid=875253

########## [bootstrap] sync /Users/marcus/conductor/workspaces/helios/wellington-v2 -> <redacted canonical metal target>:/home/ubuntu/overdrive

sent 11,161,168 bytes  received 19,933 bytes  178,897.62 bytes/sec
total size is 873,211,231  speedup is 78.10

########## [bootstrap] fail-closed native x86_64/KVM preflight
7.0.0-29-generic

   Compiling proc-macro2 v1.0.107
   Compiling unicode-ident v1.0.26
   Compiling quote v1.0.47
   Compiling equivalent v1.0.2
   Compiling crc32fast v1.5.2
   Compiling version_check v0.9.5
   Compiling allocator-api2 v0.2.21
   Compiling foldhash v0.1.5
   Compiling thiserror v1.0.69
   Compiling hashbrown v0.17.1
   Compiling cfg-if v1.0.5
   Compiling object v0.36.7
   Compiling memchr v2.8.3
   Compiling libc v0.2.190
   Compiling serde_core v1.0.229
   Compiling zmij v1.0.23
   Compiling serde_json v1.0.151
   Compiling bytes v1.12.1
   Compiling log v0.4.34
   Compiling bitflags v2.13.2
   Compiling itoa v1.0.18
   Compiling once_cell v1.21.4
   Compiling assert_matches v1.5.0
   Compiling core-error v0.0.0
   Compiling hashbrown v0.15.5
   Compiling indexmap v2.14.2
   Compiling syn v2.0.119
   Compiling thiserror-impl v1.0.69
   Compiling aya-obj v0.2.1
   Compiling aya v0.13.1
   Compiling aya-vsock-probe v0.0.0 (/home/ubuntu/overdrive/spike-scratch/netns-density-295-kernel-vs-aya-benchmark/increment-a)
warning: variable does not need to be mutable
   --> src/main.rs:309:22
    |
309 |                 let (mut a, _) = l.accept().unwrap();
    |                      ----^
    |                      |
    |                      help: remove this `mut`
    |
    = note: `#[warn(unused_mut)]` (part of `#[warn(unused)]`) on by default

warning: `aya-vsock-probe` (bin "aya-vsock-probe") generated 1 warning (run `cargo fix --bin "aya-vsock-probe" -p aya-vsock-probe` to apply 1 suggestion)
    Finished `release` profile [optimized] target(s) in 9.69s

   Compiling proc-macro2 v1.0.107
   Compiling quote v1.0.47
   Compiling unicode-ident v1.0.26
   Compiling serde_core v1.0.229
   Compiling zmij v1.0.23
   Compiling thiserror v2.0.21
   Compiling serde_json v1.0.151
   Compiling camino v1.2.6
   Compiling serde v1.0.229
   Compiling memchr v2.8.3
   Compiling anyhow v1.0.104
   Compiling itoa v1.0.18
   Compiling compiler_builtins v0.1.160 (/home/ubuntu/.rustup/toolchains/nightly-x86_64-unknown-linux-gnu/lib/rustlib/src/rust/library/compiler-builtins/compiler-builtins)
   Compiling rustversion v1.0.23
   Compiling version_check v0.9.5
   Compiling core v0.0.0 (/home/ubuntu/.rustup/toolchains/nightly-x86_64-unknown-linux-gnu/lib/rustlib/src/rust/library/core)
   Compiling proc-macro2-diagnostics v0.10.1
   Compiling aya-ebpf v0.1.1
   Compiling syn v3.0.6
   Compiling syn v2.0.119
   Compiling semver v1.0.28
   Compiling cargo-platform v0.3.3
   Compiling thiserror-impl v2.0.21
   Compiling serde_derive v1.0.229
   Compiling aya-ebpf-macros v0.1.2
   Compiling cargo_metadata v0.23.1
   Compiling aya-build v0.1.3
   Compiling aya-ebpf-cty v0.2.3
   Compiling aya-ebpf-bindings v0.1.2
   Compiling aya-vsock-bpf v0.0.0 (/home/ubuntu/overdrive/spike-scratch/netns-density-295-kernel-vs-aya-benchmark/increment-a/tcp-bpf)
    Finished `release` profile [optimized] target(s) in 10.61s

   Compiling proc-macro2 v1.0.107
   Compiling unicode-ident v1.0.26
   Compiling quote v1.0.47
   Compiling serde_core v1.0.229
   Compiling zmij v1.0.23
   Compiling serde_json v1.0.151
   Compiling camino v1.2.6
   Compiling serde v1.0.229
   Compiling thiserror v2.0.21
   Compiling anyhow v1.0.104
   Compiling itoa v1.0.18
   Compiling memchr v2.8.3
   Compiling compiler_builtins v0.1.160 (/home/ubuntu/.rustup/toolchains/nightly-x86_64-unknown-linux-gnu/lib/rustlib/src/rust/library/compiler-builtins/compiler-builtins)
   Compiling rustversion v1.0.23
   Compiling version_check v0.9.5
   Compiling core v0.0.0 (/home/ubuntu/.rustup/toolchains/nightly-x86_64-unknown-linux-gnu/lib/rustlib/src/rust/library/core)
   Compiling proc-macro2-diagnostics v0.10.1
   Compiling aya-ebpf v0.1.1
   Compiling syn v3.0.6
   Compiling syn v2.0.119
   Compiling semver v1.0.28
   Compiling cargo-platform v0.3.3
   Compiling serde_derive v1.0.229
   Compiling thiserror-impl v2.0.21
   Compiling aya-ebpf-macros v0.1.2
   Compiling cargo_metadata v0.23.1
   Compiling aya-build v0.1.3
   Compiling aya-ebpf-cty v0.2.3
   Compiling aya-ebpf-bindings v0.1.2
   Compiling aya-vsock-bpf v0.0.0 (/home/ubuntu/overdrive/spike-scratch/netns-density-295-kernel-vs-aya-benchmark/increment-a/udp-bpf)
warning: unused import: `bpf_skb_load_bytes`
 --> src/main.rs:3:102
  |
3 | use aya_ebpf::{bindings::{TC_ACT_OK,TC_ACT_SHOT},helpers::{bpf_get_socket_cookie,bpf_skb_adjust_room,bpf_skb_load_bytes},macros::{map...
  |                                                                                                      ^^^^^^^^^^^^^^^^^^
  |
  = note: `#[warn(unused_imports)]` (part of `#[warn(unused)]`) on by default

warning: `aya-vsock-bpf` (bin "aya-vsock-bpf") generated 1 warning (run `cargo fix --bin "aya-vsock-bpf" -p aya-vsock-bpf` to apply 1 suggestion)
    Finished `release` profile [optimized] target(s) in 10.64s

make: Entering directory '/usr/src/linux-headers-7.0.0-29-generic'
make[1]: Entering directory '/home/ubuntu/overdrive/spike-scratch/netns-density-295-kernel-vs-aya-benchmark/out/increment-a/module'
warning: the compiler differs from the one used to build the kernel
  The kernel was built by: x86_64-linux-gnu-gcc (Ubuntu 15.2.0-16ubuntu1) 15.2.0
  You are using:           gcc (Ubuntu 15.2.0-16ubuntu1) 15.2.0
warning: pahole version differs from the one used to build the kernel
  The kernel was built with: 131
  You are using:             0
  CC [M]  shmproxy.o
shmproxy.c: In function ‘serve’:
shmproxy.c:98:4: warning: this ‘if’ clause does not guard... [-Wmisleading-indentation]
   98 |    if (h.kind != 12) atomic64_inc(&rejected); break;
      |    ^~
shmproxy.c:98:47: note: ...this statement, but the latter is misleadingly indented as if it were guarded by the ‘if’
   98 |    if (h.kind != 12) atomic64_inc(&rejected); break;
      |                                               ^~~~~
shmproxy.c:108:3: warning: this ‘if’ clause does not guard... [-Wmisleading-indentation]
  108 |   if (rc) break; atomic64_add(n, &to_net);
      |   ^~
shmproxy.c:108:18: note: ...this statement, but the latter is misleadingly indented as if it were guarded by the ‘if’
  108 |   if (rc) break; atomic64_add(n, &to_net);
      |                  ^~~~~~~~~~~~
  MODPOST Module.symvers
  CC [M]  shmproxy.mod.o
  CC [M]  .module-common.o
  LD [M]  shmproxy.ko
  BTF [M] shmproxy.ko
Skipping BTF generation for shmproxy.ko due to unavailability of vmlinux
make[1]: Leaving directory '/home/ubuntu/overdrive/spike-scratch/netns-density-295-kernel-vs-aya-benchmark/out/increment-a/module'
make: Leaving directory '/usr/src/linux-headers-7.0.0-29-generic'

rustc 1.95.0 (59807616e 2026-04-14)

cargo 1.101.0-nightly (f3865b2a4 2026-09-29)

bpf-linker 0.0.0

Architecture:                            x86_64
CPU op-mode(s):                          32-bit, 64-bit
Address sizes:                           52 bits physical, 57 bits virtual
Byte Order:                              Little Endian
CPU(s):                                  16
On-line CPU(s) list:                     0-15
Vendor ID:                               AuthenticAMD
Model name:                              AMD EPYC 8024P 8-Core Processor
CPU family:                              25
Model:                                   160
Thread(s) per core:                      2
Core(s) per socket:                      8
Socket(s):                               1
Stepping:                                2
Frequency boost:                         enabled
CPU(s) scaling MHz:                      79%
CPU max MHz:                             3001.2500
CPU min MHz:                             1500.0000
BogoMIPS:                                4792.67
Flags:                                   fpu vme de pse tsc msr pae mce cx8 apic sep mtrr pge mca cmov pat pse36 clflush mmx fxsr sse sse2 ht syscall nx mmxext fxsr_opt pdpe1gb rdtscp lm constant_tsc rep_good amd_lbr_v2 nopl xtopology nonstop_tsc cpuid extd_apicid aperfmperf rapl pni pclmulqdq monitor ssse3 fma cx16 pcid sse4_1 sse4_2 x2apic movbe popcnt aes xsave avx f16c rdrand lahf_lm cmp_legacy svm extapic cr8_legacy abm sse4a misalignsse 3dnowprefetch osvw ibs skinit wdt tce topoext perfctr_core perfctr_nb bpext perfctr_llc mwaitx cpuid_fault cpb cat_l3 cdp_l3 hw_pstate ssbd mba perfmon_v2 ibrs ibpb stibp ibrs_enhanced vmmcall fsgsbase bmi1 avx2 smep bmi2 erms invpcid cqm rdt_a avx512f avx512dq rdseed adx smap avx512ifma clflushopt clwb avx512cd sha_ni avx512bw avx512vl xsaveopt xsavec xgetbv1 xsaves cqm_llc cqm_occup_llc cqm_mbm_total cqm_mbm_local user_shstk avx512_bf16 clzero irperf xsaveerptr rdpru wbnoinvd amd_ppin cppc arat npt lbrv svm_lock nrip_save tsc_scale vmcb_clean flushbyasid decodeassists pausefilter pfthreshold avic v_vmsave_vmload vgif x2avic v_spec_ctrl vnmi avx512vbmi umip pku ospke avx512_vbmi2 gfni vaes vpclmulqdq avx512_vnni avx512_bitalg avx512_vpopcntdq la57 rdpid overflow_recov succor smca fsrm flush_l1d debug_swap
Virtualization:                          AMD-V
L1d cache:                               256 KiB (8 instances)
L1i cache:                               256 KiB (8 instances)
L2 cache:                                8 MiB (8 instances)
L3 cache:                                32 MiB (2 instances)
NUMA node(s):                            1
NUMA node0 CPU(s):                       0-15
Vulnerability Gather data sampling:      Not affected
Vulnerability Ghostwrite:                Not affected
Vulnerability Indirect target selection: Not affected
Vulnerability Itlb multihit:             Not affected
Vulnerability L1tf:                      Not affected
Vulnerability Mds:                       Not affected
Vulnerability Meltdown:                  Not affected
Vulnerability Mmio stale data:           Not affected
Vulnerability Old microcode:             Not affected
Vulnerability Reg file data sampling:    Not affected
Vulnerability Retbleed:                  Not affected
Vulnerability Spec rstack overflow:      Mitigation; Safe RET
Vulnerability Spec store bypass:         Mitigation; Speculative Store Bypass disabled via prctl
Vulnerability Spectre v1:                Mitigation; usercopy/swapgs barriers and __user pointer sanitization
Vulnerability Spectre v2:                Mitigation; Enhanced / Automatic IBRS; IBPB conditional; STIBP always-on; PBRSB-eIBRS Not affected; BHI Not affected
Vulnerability Srbds:                     Not affected
Vulnerability Tsa:                       Vulnerable: No microcode
Vulnerability Tsx async abort:           Not affected
Vulnerability Vmscape:                   Mitigation; IBPB before exit to userspace

	linux-vdso.so.1 (0x0000778a90e36000)
	libgcc_s.so.1 => /usr/lib/x86_64-linux-gnu/libgcc_s.so.1 (0x0000778a90cb5000)
	libc.so.6 => /usr/lib/x86_64-linux-gnu/libc.so.6 (0x0000778a90a00000)
	/lib64/ld-linux-x86-64.so.2 (0x0000778a90e38000)

	linux-vdso.so.1 (0x00007b19c9ddd000)
	libm.so.6 => /usr/lib/x86_64-linux-gnu/libm.so.6 (0x00007b19c9ca8000)
	libz.so.1 => /usr/lib/x86_64-linux-gnu/libz.so.1 (0x00007b19c9c8a000)
	libelf.so.1 => /usr/lib/x86_64-linux-gnu/libelf.so.1 (0x00007b19c9c69000)
	libdebuginfod.so.1 => /usr/lib/x86_64-linux-gnu/libdebuginfod.so.1 (0x00007b19c9c5d000)
	libdw.so.1 => /usr/lib/x86_64-linux-gnu/libdw.so.1 (0x00007b19c8f3b000)
	libslang.so.2 => /usr/lib/x86_64-linux-gnu/libslang.so.2 (0x00007b19c8a00000)
	libpython3.14.so.1.0 => /usr/lib/x86_64-linux-gnu/libpython3.14.so.1.0 (0x00007b19c8000000)
	libLLVM.so.21.1 => /usr/lib/x86_64-linux-gnu/libLLVM.so.21.1 (0x00007b19bfa00000)
	libstdc++.so.6 => /usr/lib/x86_64-linux-gnu/libstdc++.so.6 (0x00007b19bf600000)
	liblzma.so.5 => /usr/lib/x86_64-linux-gnu/liblzma.so.5 (0x00007b19c9c26000)
	libzstd.so.1 => /usr/lib/x86_64-linux-gnu/libzstd.so.1 (0x00007b19c8e78000)
	libnuma.so.1 => /usr/lib/x86_64-linux-gnu/libnuma.so.1 (0x00007b19c9c16000)
	libtraceevent.so.1 => /usr/lib/x86_64-linux-gnu/libtraceevent.so.1 (0x00007b19c9bf5000)
	libgcc_s.so.1 => /usr/lib/x86_64-linux-gnu/libgcc_s.so.1 (0x00007b19c8e4a000)
	libc.so.6 => /usr/lib/x86_64-linux-gnu/libc.so.6 (0x00007b19bf200000)
	/lib64/ld-linux-x86-64.so.2 (0x00007b19c9ddf000)
	libcurl-gnutls.so.4 => /usr/lib/x86_64-linux-gnu/libcurl-gnutls.so.4 (0x00007b19c8913000)
	libjson-c.so.5 => /usr/lib/x86_64-linux-gnu/libjson-c.so.5 (0x00007b19c8e35000)
	libbz2.so.1.0 => /usr/lib/x86_64-linux-gnu/libbz2.so.1.0 (0x00007b19c8e20000)
	libexpat.so.1 => /usr/lib/x86_64-linux-gnu/libexpat.so.1 (0x00007b19c8df2000)
	libffi.so.8 => /usr/lib/x86_64-linux-gnu/libffi.so.8 (0x00007b19c9be2000)
	libedit.so.2 => /usr/lib/x86_64-linux-gnu/libedit.so.2 (0x00007b19c8db8000)
	libxml2.so.16 => /usr/lib/x86_64-linux-gnu/libxml2.so.16 (0x00007b19bf49d000)
	libnghttp2.so.14 => /usr/lib/x86_64-linux-gnu/libnghttp2.so.14 (0x00007b19c88e9000)
	libidn2.so.0 => /usr/lib/x86_64-linux-gnu/libidn2.so.0 (0x00007b19c88c7000)
	librtmp.so.1 => /usr/lib/x86_64-linux-gnu/librtmp.so.1 (0x00007b19c88a7000)
	libldap.so.2 => /usr/lib/x86_64-linux-gnu/libldap.so.2 (0x00007b19c7f9d000)
	liblber.so.2 => /usr/lib/x86_64-linux-gnu/liblber.so.2 (0x00007b19c8896000)
	libssh2.so.1 => /usr/lib/x86_64-linux-gnu/libssh2.so.1 (0x00007b19c7f50000)
	libpsl.so.5 => /usr/lib/x86_64-linux-gnu/libpsl.so.5 (0x00007b19c8881000)
	libnettle.so.8 => /usr/lib/x86_64-linux-gnu/libnettle.so.8 (0x00007b19c7ef9000)
	libgnutls.so.30 => /usr/lib/x86_64-linux-gnu/libgnutls.so.30 (0x00007b19bee00000)
	libgssapi_krb5.so.2 => /usr/lib/x86_64-linux-gnu/libgssapi_krb5.so.2 (0x00007b19bf9a8000)
	libbrotlidec.so.1 => /usr/lib/x86_64-linux-gnu/libbrotlidec.so.1 (0x00007b19c8872000)
	libtinfo.so.6 => /usr/lib/x86_64-linux-gnu/libtinfo.so.6 (0x00007b19bf973000)
	libbsd.so.0 => /usr/lib/x86_64-linux-gnu/libbsd.so.0 (0x00007b19c885c000)
	libunistring.so.5 => /usr/lib/x86_64-linux-gnu/libunistring.so.5 (0x00007b19bf019000)
	libhogweed.so.6 => /usr/lib/x86_64-linux-gnu/libhogweed.so.6 (0x00007b19bf928000)
	libgmp.so.10 => /usr/lib/x86_64-linux-gnu/libgmp.so.10 (0x00007b19bf8a2000)
	libsasl2.so.2 => /usr/lib/x86_64-linux-gnu/libsasl2.so.2 (0x00007b19c7ede000)
	libssl.so.3 => /usr/lib/x86_64-linux-gnu/libssl.so.3 (0x00007b19becef000)
	libcrypto.so.3 => /usr/lib/x86_64-linux-gnu/libcrypto.so.3 (0x00007b19be600000)
	libp11-kit.so.0 => /usr/lib/x86_64-linux-gnu/libp11-kit.so.0 (0x00007b19be425000)
	libtasn1.so.6 => /usr/lib/x86_64-linux-gnu/libtasn1.so.6 (0x00007b19bf486000)
	libkrb5.so.3 => /usr/lib/x86_64-linux-gnu/libkrb5.so.3 (0x00007b19bec23000)
	libk5crypto.so.3 => /usr/lib/x86_64-linux-gnu/libk5crypto.so.3 (0x00007b19bf45a000)
	libcom_err.so.2 => /usr/lib/x86_64-linux-gnu/libcom_err.so.2 (0x00007b19c8854000)
	libkrb5support.so.0 => /usr/lib/x86_64-linux-gnu/libkrb5support.so.0 (0x00007b19bf44d000)
	libbrotlicommon.so.1 => /usr/lib/x86_64-linux-gnu/libbrotlicommon.so.1 (0x00007b19bf42a000)
	libmd.so.0 => /usr/lib/x86_64-linux-gnu/libmd.so.0 (0x00007b19be416000)
	libkeyutils.so.1 => /usr/lib/x86_64-linux-gnu/libkeyutils.so.1 (0x00007b19c7ed7000)
	libresolv.so.2 => /usr/lib/x86_64-linux-gnu/libresolv.so.2 (0x00007b19be403000)

insmod /lib/modules/7.0.0-29-generic/kernel/net/vmw_vsock/vsock.ko.zst 
insmod /lib/modules/7.0.0-29-generic/kernel/drivers/vhost/vhost_iotlb.ko.zst 
insmod /lib/modules/7.0.0-29-generic/kernel/drivers/vhost/vhost.ko.zst 
insmod /lib/modules/7.0.0-29-generic/kernel/net/vmw_vsock/vmw_vsock_virtio_transport_common.ko.zst 
insmod /lib/modules/7.0.0-29-generic/kernel/drivers/vhost/vhost_vsock.ko.zst 

409436 blocks
qemu-system-x86_64: -accel kvm: warning: Number of hotpluggable cpus requested (64) exceeds the recommended cpus supported by KVM (16)
c[?7l[2J[0mSeaBIOS (version 1.17.0-debian-1.17.0-1ubuntu1)
Booting from ROM...
c[?7l[2J[    0.000000] Linux version 7.0.0-29-generic (buildd@lcy02-amd64-113) (x86_64-linux-gnu-gcc (Ubuntu 15.2.0-16ubuntu1) 15.2.0, GNU ld (GNU Binutils for Ubuntu) 2.46) #29-Ubuntu SMP PREEMPT_DYNAMIC Fri Jul 17 20:52:35 UTC 2026 (Ubuntu 7.0.0-29.29-generic 7.0.12)
[    0.000000] Command line: console=ttyS0 rdinit=/init panic=-1
[    0.000000] KERNEL supported cpus:
[    0.000000]   Intel GenuineIntel
[    0.000000]   AMD AuthenticAMD
[    0.000000]   Hygon HygonGenuine
[    0.000000]   Centaur CentaurHauls
[    0.000000]   zhaoxin   Shanghai  
[    0.000000] BIOS-provided physical RAM map:
[    0.000000] BIOS-e820: [mem 0x0000000000000000-0x000000000009fbff]  System RAM
[    0.000000] BIOS-e820: [mem 0x000000000009fc00-0x000000000009ffff]  device reserved
[    0.000000] BIOS-e820: [gap 0x00000000000a0000-0x00000000000effff]
[    0.000000] BIOS-e820: [mem 0x00000000000f0000-0x00000000000fffff]  device reserved
[    0.000000] BIOS-e820: [mem 0x0000000000100000-0x000000007ffdffff]  System RAM
[    0.000000] BIOS-e820: [mem 0x000000007ffe0000-0x000000007fffffff]  device reserved
[    0.000000] BIOS-e820: [gap 0x0000000080000000-0x00000000afffffff]
[    0.000000] BIOS-e820: [mem 0x00000000b0000000-0x00000000bfffffff]  device reserved
[    0.000000] BIOS-e820: [gap 0x00000000c0000000-0x00000000fed1bfff]
[    0.000000] BIOS-e820: [mem 0x00000000fed1c000-0x00000000fed1ffff]  device reserved
[    0.000000] BIOS-e820: [gap 0x00000000fed20000-0x00000000feffbfff]
[    0.000000] BIOS-e820: [mem 0x00000000feffc000-0x00000000feffffff]  device reserved
[    0.000000] BIOS-e820: [gap 0x00000000ff000000-0x00000000fffbffff]
[    0.000000] BIOS-e820: [mem 0x00000000fffc0000-0x00000000ffffffff]  device reserved
[    0.000000] BIOS-e820: [mem 0x0000000100000000-0x000000047fffffff]  System RAM
[    0.000000] BIOS-e820: [gap 0x0000000480000000-0x000000fcffffffff]
[    0.000000] BIOS-e820: [mem 0x000000fd00000000-0x000000ffffffffff]  device reserved
[    0.000000] NX (Execute Disable) protection: active
[    0.000000] APIC: Static calls initialized
[    0.000000] SMBIOS 2.8 present.
[    0.000000] DMI: QEMU Standard PC (Q35 + ICH9, 2009), BIOS 1.17.0-debian-1.17.0-1ubuntu1 04/01/2014
[    0.000000] DMI: Memory slots populated: 1/1
[    0.000000] Hypervisor detected: KVM
[    0.000000] last_pfn = 0x7ffe0 max_arch_pfn = 0x10000000000
[    0.000000] kvm-clock: Using msrs 4b564d01 and 4b564d00
[    0.000001] kvm-clock: using sched offset of 222993781 cycles
[    0.000003] clocksource: kvm-clock: mask: 0xffffffffffffffff max_cycles: 0x1cd42e4dffb, max_idle_ns: 881590591483 ns
[    0.000006] tsc: Detected 2396.388 MHz processor
[    0.000390] last_pfn = 0x480000 max_arch_pfn = 0x10000000000
[    0.000436] MTRR map: 4 entries (3 fixed + 1 variable; max 19), built from 8 variable MTRRs
[    0.000439] x86/PAT: Configuration [0-7]: WB  WC  UC- UC  WB  WP  UC- WT  
[    0.000502] last_pfn = 0x7ffe0 max_arch_pfn = 0x10000000000
[    0.003287] found SMP MP-table at [mem 0x000f5460-0x000f546f]
[    0.003306] Using GB pages for direct mapping
[    0.003428] RAMDISK: [mem 0x737f4000-0x7ffdffff]
[    0.003505] ACPI: Early table checksum verification disabled
[    0.003509] ACPI: RSDP 0x00000000000F5270 000014 (v00 BOCHS )
[    0.003513] ACPI: RSDT 0x000000007FFE3A02 000038 (v01 BOCHS  BXPC     00000001 BXPC 00000001)
[    0.003523] ACPI: FACP 0x000000007FFE3602 0000F4 (v03 BOCHS  BXPC     00000001 BXPC 00000001)
[    0.003528] ACPI: DSDT 0x000000007FFE0040 0035C2 (v01 BOCHS  BXPC     00000001 BXPC 00000001)
[    0.003531] ACPI: FACS 0x000000007FFE0000 000040
[    0.003533] ACPI: APIC 0x000000007FFE36F6 000270 (v03 BOCHS  BXPC     00000001 BXPC 00000001)
[    0.003535] ACPI: HPET 0x000000007FFE3966 000038 (v01 BOCHS  BXPC     00000001 BXPC 00000001)
[    0.003538] ACPI: MCFG 0x000000007FFE399E 00003C (v01 BOCHS  BXPC     00000001 BXPC 00000001)
[    0.003540] ACPI: WAET 0x000000007FFE39DA 000028 (v01 BOCHS  BXPC     00000001 BXPC 00000001)
[    0.003542] ACPI: Reserving FACP table memory at [mem 0x7ffe3602-0x7ffe36f5]
[    0.003543] ACPI: Reserving DSDT table memory at [mem 0x7ffe0040-0x7ffe3601]
[    0.003544] ACPI: Reserving FACS table memory at [mem 0x7ffe0000-0x7ffe003f]
[    0.003545] ACPI: Reserving APIC table memory at [mem 0x7ffe36f6-0x7ffe3965]
[    0.003546] ACPI: Reserving HPET table memory at [mem 0x7ffe3966-0x7ffe399d]
[    0.003546] ACPI: Reserving MCFG table memory at [mem 0x7ffe399e-0x7ffe39d9]
[    0.003547] ACPI: Reserving WAET table memory at [mem 0x7ffe39da-0x7ffe3a01]
[    0.004096] No NUMA configuration found
[    0.004098] Faking a node at [mem 0x0000000000000000-0x000000047fffffff]
[    0.004110] NODE_DATA(0) allocated [mem 0x47ffd5280-0x47fffffff]
[    0.004956] ACPI: PM-Timer IO Port: 0x608
[    0.004978] ACPI: LAPIC_NMI (acpi_id[0xff] dfl dfl lint[0x1])
[    0.005011] IOAPIC[0]: apic_id 0, version 17, address 0xfec00000, GSI 0-23
[    0.005014] ACPI: INT_SRC_OVR (bus 0 bus_irq 0 global_irq 2 dfl dfl)
[    0.005016] ACPI: INT_SRC_OVR (bus 0 bus_irq 5 global_irq 5 high level)
[    0.005017] ACPI: INT_SRC_OVR (bus 0 bus_irq 9 global_irq 9 high level)
[    0.005018] ACPI: INT_SRC_OVR (bus 0 bus_irq 10 global_irq 10 high level)
[    0.005019] ACPI: INT_SRC_OVR (bus 0 bus_irq 11 global_irq 11 high level)
[    0.005023] ACPI: Using ACPI (MADT) for SMP configuration information
[    0.005024] ACPI: HPET id: 0x8086a201 base: 0xfed00000
[    0.005028] TSC deadline timer available
[    0.005030] CPU topo: Max. logical packages:   1
[    0.005031] CPU topo: Max. logical nodes:      1
[    0.005032] CPU topo: Num. nodes per package:  1
[    0.005034] CPU topo: Max. logical dies:       1
[    0.005035] CPU topo: Max. dies per package:   1
[    0.005039] CPU topo: Max. threads per core:   1
[    0.005040] CPU topo: Num. cores per package:    64
[    0.005041] CPU topo: Num. threads per package:  64
[    0.005041] CPU topo: Allowing 4 present CPUs plus 60 hotplug CPUs
[    0.005060] kvm-guest: APIC: eoi() replaced with kvm_guest_apic_eoi_write()
[    0.005073] kvm-guest: KVM setup pv remote TLB flush
[    0.005077] kvm-guest: setup PV sched yield
[    0.005085] PM: hibernation: Registered nosave memory: [mem 0x00000000-0x00000fff]
[    0.005087] PM: hibernation: Registered nosave memory: [mem 0x0009f000-0x000fffff]
[    0.005089] PM: hibernation: Registered nosave memory: [mem 0x7ffe0000-0xffffffff]
[    0.005090] [gap 0xc0000000-0xfed1bfff] available for PCI devices
[    0.005091] Booting paravirtualized kernel on KVM
[    0.005093] clocksource: refined-jiffies: mask: 0xffffffff max_cycles: 0xffffffff, max_idle_ns: 1910969940391419 ns
[    0.005158] Zone ranges:
[    0.005159]   DMA      [mem 0x0000000000001000-0x0000000000ffffff]
[    0.005161]   DMA32    [mem 0x0000000001000000-0x00000000ffffffff]
[    0.005162]   Normal   [mem 0x0000000100000000-0x000000047fffffff]
[    0.005164]   Device   empty
[    0.005164] Movable zone start for each node
[    0.005167] Early memory node ranges
[    0.005167]   node   0: [mem 0x0000000000001000-0x000000000009efff]
[    0.005169]   node   0: [mem 0x0000000000100000-0x000000007ffdffff]
[    0.005170]   node   0: [mem 0x0000000100000000-0x000000047fffffff]
[    0.005173] Initmem setup node 0 [mem 0x0000000000001000-0x000000047fffffff]
[    0.005264] On node 0, zone DMA: 1 pages in unavailable ranges
[    0.005278] On node 0, zone DMA: 97 pages in unavailable ranges
[    0.029040] On node 0, zone Normal: 32 pages in unavailable ranges
[    0.029058] setup_percpu: NR_CPUS:8192 nr_cpumask_bits:64 nr_cpu_ids:64 nr_node_ids:1
[    0.031855] percpu: Embedded 85 pages/cpu s225280 r8192 d114688 u524288
[    0.031949] kvm-guest: PV spinlocks enabled
[    0.031951] PV qspinlock hash table entries: 256 (order: 0, 4096 bytes, linear)
[    0.031955] Kernel command line: console=ttyS0 rdinit=/init panic=-1
[    0.031996] random: crng init done
[    0.031997] printk: log_buf_len individual max cpu contribution: 4096 bytes
[    0.031997] printk: log_buf_len total cpu_extra contributions: 258048 bytes
[    0.031998] printk: log_buf_len min size: 262144 bytes
[    0.032348] printk: log buffer data + meta data: 524288 + 2228224 = 2752512 bytes
[    0.032350] printk: early log buf free: 253976(96%)
[    0.033390] Dentry cache hash table entries: 2097152 (order: 12, 16777216 bytes, linear)
[    0.033933] Inode-cache hash table entries: 1048576 (order: 11, 8388608 bytes, linear)
[    0.034433] software IO TLB: area num 64.
[    0.040819] Fallback order for Node 0: 0 
[    0.040832] Built 1 zonelists, mobility grouping on.  Total pages: 4194174
[    0.040834] Policy zone: Normal
[    0.040845] mem auto-init: stack:all(zero), heap alloc:on, heap free:off
[    0.067683] SLUB: HWalign=64, Order=0-3, MinObjects=0, CPUs=64, Nodes=1
[    0.081577] ftrace: allocating 63941 entries in 252 pages
[    0.081580] ftrace: allocated 252 pages with 6 groups
[    0.082403] Dynamic Preempt: lazy
[    0.082793] rcu: Preemptible hierarchical RCU implementation.
[    0.082795] rcu: 	RCU restricting CPUs from NR_CPUS=8192 to nr_cpu_ids=64.
[    0.082797] 	Trampoline variant of Tasks RCU enabled.
[    0.082797] 	Rude variant of Tasks RCU enabled.
[    0.082798] 	Tracing variant of Tasks RCU enabled.
[    0.082798] rcu: RCU calculated value of scheduler-enlistment delay is 100 jiffies.
[    0.082799] rcu: Adjusting geometry for rcu_fanout_leaf=16, nr_cpu_ids=64
[    0.082830] RCU Tasks: Setting shift to 6 and lim to 1 rcu_task_cb_adjust=1 rcu_task_cpu_ids=64.
[    0.082834] RCU Tasks Rude: Setting shift to 6 and lim to 1 rcu_task_cb_adjust=1 rcu_task_cpu_ids=64.
[    0.087905] NR_IRQS: 524544, nr_irqs: 936, preallocated irqs: 16
[    0.088174] rcu: srcu_init: Setting srcu_struct sizes based on contention.
[    0.088449] Console: colour *CGA 80x25
[    0.088528] printk: legacy console [ttyS0] enabled
[    0.304134] ACPI: Core revision 20251212
[    0.305397] clocksource: hpet: mask: 0xffffffff max_cycles: 0xffffffff, max_idle_ns: 19112604467 ns
[    0.307857] APIC: Switch to symmetric I/O mode setup
[    0.309376] x2apic enabled
[    0.310453] APIC: Switched APIC routing to: physical x2apic
[    0.311897] kvm-guest: APIC: send_IPI_mask() replaced with kvm_send_ipi_mask()
[    0.313729] kvm-guest: APIC: send_IPI_mask_allbutself() replaced with kvm_send_ipi_mask_allbutself()
[    0.316053] kvm-guest: setup PV IPIs
[    0.318330] ..TIMER: vector=0x30 apic1=0 pin1=2 apic2=-1 pin2=-1
[    0.319897] clocksource: tsc-early: mask: 0xffffffffffffffff max_cycles: 0x228ae3847f6, max_idle_ns: 440795295175 ns
[    0.322555] Calibrating delay loop (skipped) preset value.. 4792.77 BogoMIPS (lpj=2396388)
[    0.323705] x86/cpu: User Mode Instruction Prevention (UMIP) activated
[    0.324661] Last level iTLB entries: 4KB 512, 2MB 255, 4MB 127
[    0.325554] Last level dTLB entries: 4KB 512, 2MB 255, 4MB 127, 1GB 0
[    0.326564] mitigations: Enabled attack vectors: user_kernel, user_user, guest_host, guest_guest, SMT mitigations: auto
[    0.327555] Speculative Store Bypass: Mitigation: Speculative Store Bypass disabled via prctl
[    0.328554] Transient Scheduler Attacks: Vulnerable: No microcode
[    0.329554] Spectre V2 : Mitigation: Enhanced / Automatic IBRS
[    0.330554] Speculative Return Stack Overflow: Mitigation: Safe RET
[    0.331554] Spectre V1 : Mitigation: usercopy/swapgs barriers and __user pointer sanitization
[    0.332561] Spectre V2 : mitigation: Enabling conditional Indirect Branch Prediction Barrier
[    0.333555] active return thunk: srso_alias_return_thunk
[    0.334583] x86/fpu: Supporting XSAVE feature 0x001: 'x87 floating point registers'
[    0.335554] x86/fpu: Supporting XSAVE feature 0x002: 'SSE registers'
[    0.336554] x86/fpu: Supporting XSAVE feature 0x004: 'AVX registers'
[    0.337554] x86/fpu: Supporting XSAVE feature 0x020: 'AVX-512 opmask'
[    0.338554] x86/fpu: Supporting XSAVE feature 0x040: 'AVX-512 Hi256'
[    0.339554] x86/fpu: Supporting XSAVE feature 0x080: 'AVX-512 ZMM_Hi256'
[    0.340557] x86/fpu: Supporting XSAVE feature 0x200: 'Protection Keys User registers'
[    0.341554] x86/fpu: xstate_offset[2]:  576, xstate_sizes[2]:  256
[    0.342554] x86/fpu: xstate_offset[5]:  832, xstate_sizes[5]:   64
[    0.343554] x86/fpu: xstate_offset[6]:  896, xstate_sizes[6]:  512
[    0.344554] x86/fpu: xstate_offset[7]: 1408, xstate_sizes[7]: 1024
[    0.345556] x86/fpu: xstate_offset[9]: 2432, xstate_sizes[9]:    8
[    0.346554] x86/fpu: Enabled xstate features 0x2e7, context size is 2440 bytes, using 'compacted' format.
[    0.387445] Freeing SMP alternatives memory: 56K
[    0.387556] pid_max: default: 65536 minimum: 512
[    0.388925] landlock: Up and running.
[    0.389555] Yama: becoming mindful.
[    0.390725] AppArmor: AppArmor initialized
[    0.391554] AppArmor: AppArmor secmark mediation reserved: ready to be enabled
[    0.392767] Mount-cache hash table entries: 32768 (order: 6, 262144 bytes, linear)
[    0.393560] Mountpoint-cache hash table entries: 32768 (order: 6, 262144 bytes, linear)
[    0.394701] VFS: Finished mounting rootfs on nullfs
[    0.396201] smpboot: CPU0: AMD EPYC 8024P 8-Core Processor (family: 0x19, model: 0xa0, stepping: 0x2)
[    0.396989] Performance Events: Fam17h+ core perfctr, AMD PMU driver.
[    0.397567] ... version:                   2
[    0.398556] ... bit width:                 48
[    0.399556] ... generic counters:          6
[    0.400556] ... generic bitmap:            000000000000003f
[    0.401556] ... fixed-purpose counters:    0
[    0.402556] ... fixed-purpose bitmap:      0000000000000000
[    0.403556] ... value mask:                0000ffffffffffff
[    0.404556] ... max period:                00007fffffffffff
[    0.405556] ... global_ctrl mask:          000000000000003f
[    0.406827] signal: max sigframe size: 3376
[    0.407619] rcu: Hierarchical SRCU implementation.
[    0.408567] rcu: 	Max phase no-delay instances is 400.
[    0.409640] Timer migration: 2 hierarchy levels; 8 children per group; 2 crossnode level
[    0.419006] smp: Bringing up secondary CPUs ...
[    0.419855] smpboot: x86: Booting SMP configuration:
[    0.420569] .... node  #0, CPUs:        #1  #2  #3
[    0.424617] smp: Brought up 1 node, 4 CPUs
[    0.426560] smpboot: Total of 4 processors activated (19171.10 BogoMIPS)
[    0.428278] Memory: 13728436K/16776696K available (23799K kernel code, 4952K rwdata, 16764K rodata, 5292K init, 5856K bss, 3029904K reserved, 0K cma-reserved)
[    0.429084] devtmpfs: initialized
[    0.429655] x86/mm: Memory block size: 128MB
[    0.433702] clocksource: jiffies: mask: 0xffffffff max_cycles: 0xffffffff, max_idle_ns: 1911260446275000 ns
[    0.434574] posixtimers hash table entries: 32768 (order: 7, 524288 bytes, linear)
[    0.435606] futex hash table entries: 16384 (1048576 bytes on 1 NUMA nodes, total 1024 KiB, linear).
[    0.437051] PM: RTC time: 20:34:42, date: 2026-10-04
[    0.438259] NET: Registered PF_NETLINK/PF_ROUTE protocol family
[    0.438984] DMA: preallocated 2048 KiB GFP_KERNEL pool for atomic allocations
[    0.439634] DMA: preallocated 2048 KiB GFP_KERNEL|GFP_DMA pool for atomic allocations
[    0.440637] DMA: preallocated 2048 KiB GFP_KERNEL|GFP_DMA32 pool for atomic allocations
[    0.441583] audit: initializing netlink subsys (disabled)
[    0.442593] audit: type=2000 audit(1791146082.472:1): state=initialized audit_enabled=0 res=1
[    0.442832] thermal_sys: Registered thermal governor 'fair_share'
[    0.443566] thermal_sys: Registered thermal governor 'bang_bang'
[    0.444560] thermal_sys: Registered thermal governor 'step_wise'
[    0.445557] thermal_sys: Registered thermal governor 'user_space'
[    0.446557] thermal_sys: Registered thermal governor 'power_allocator'
[    0.447577] cpuidle: using governor ladder
[    0.449580] cpuidle: using governor menu
[    0.451726] acpiphp: ACPI Hot Plug PCI Controller Driver version: 0.5
[    0.452864] PCI: ECAM [mem 0xb0000000-0xbfffffff] (base 0xb0000000) for domain 0000 [bus 00-ff]
[    0.453560] PCI: ECAM [mem 0xb0000000-0xbfffffff] reserved as E820 entry
[    0.454572] PCI: Using configuration type 1 for base access
[    0.455657] kprobes: kprobe jump-optimization is enabled. All kprobes are optimized if possible.
[    0.457708] HugeTLB: registered 1.00 GiB page size, pre-allocated 0 pages
[    0.459567] HugeTLB: 16380 KiB vmemmap can be freed for a 1.00 GiB page
[    0.460558] HugeTLB: registered 2.00 MiB page size, pre-allocated 0 pages
[    0.462557] HugeTLB: 28 KiB vmemmap can be freed for a 2.00 MiB page
[    0.468388] ACPI: Added _OSI(Module Device)
[    0.470577] ACPI: Added _OSI(Processor Device)
[    0.472566] ACPI: Added _OSI(Processor Aggregator Device)
[    0.485019] ACPI: 1 ACPI AML tables successfully acquired and loaded
[    0.492570] ACPI: \_SB_: platform _OSC: OS support mask [006e7eff]
[    0.496962] ACPI: Interpreter enabled
[    0.498622] ACPI: PM: (supports S0 S3 S4 S5)
[    0.501564] ACPI: Using IOAPIC for interrupt routing
[    0.504524] PCI: Using host bridge windows from ACPI; if necessary, use "pci=nocrs" and report a bug
[    0.509564] PCI: Using E820 reservations for host bridge windows
[    0.513284] ACPI: Enabled 2 GPEs in block 00 to 3F
[    0.540606] ACPI: PCI Root Bridge [PCI0] (domain 0000 [bus 00-ff])
[    0.542572] acpi PNP0A08:00: _OSC: OS supports [ExtendedConfig ASPM ClockPM Segments MSI EDR HPX-Type3]
[    0.546741] acpi PNP0A08:00: _OSC: platform does not support [PCIeHotplug LTR DPC]
[    0.549839] acpi PNP0A08:00: _OSC: OS now controls [SHPCHotplug PME AER PCIeCapability]
[    0.553982] PCI host bridge to bus 0000:00
[    0.555570] pci_bus 0000:00: root bus resource [io  0x0000-0x0cf7 window]
[    0.558562] pci_bus 0000:00: root bus resource [io  0x0d00-0xffff window]
[    0.561563] pci_bus 0000:00: root bus resource [mem 0x000a0000-0x000bffff window]
[    0.563558] pci_bus 0000:00: root bus resource [mem 0x80000000-0xafffffff window]
[    0.565558] pci_bus 0000:00: root bus resource [mem 0xc0000000-0xfebfffff window]
[    0.567558] pci_bus 0000:00: root bus resource [mem 0x480000000-0xc7fffffff window]
[    0.569558] pci_bus 0000:00: root bus resource [bus 00-ff]
[    0.570650] pci 0000:00:00.0: [8086:29c0] type 00 class 0x060000 conventional PCI endpoint
[    0.583174] pci 0000:00:1f.0: [8086:2918] type 00 class 0x060100 conventional PCI endpoint
[    0.586296] pci 0000:00:1f.0: quirk: [io  0x0600-0x067f] claimed by ICH6 ACPI/GPIO/TCO
[    0.589060] pci 0000:00:1f.2: [8086:2922] type 00 class 0x010601 conventional PCI endpoint
[    0.592634] pci 0000:00:1f.2: BAR 4 [io  0xc040-0xc05f]
[    0.593575] pci 0000:00:1f.2: BAR 5 [mem 0xfebff000-0xfebfffff]
[    0.596289] pci 0000:00:1f.3: [8086:2930] type 00 class 0x0c0500 conventional PCI endpoint
[    0.599618] pci 0000:00:1f.3: BAR 4 [io  0x0700-0x073f]
[    0.602412] ACPI: PCI: Interrupt link LNKA configured for IRQ 10
[    0.604756] ACPI: PCI: Interrupt link LNKB configured for IRQ 10
[    0.605758] ACPI: PCI: Interrupt link LNKC configured for IRQ 11
[    0.607747] ACPI: PCI: Interrupt link LNKD configured for IRQ 11
[    0.609761] ACPI: PCI: Interrupt link LNKE configured for IRQ 10
[    0.611754] ACPI: PCI: Interrupt link LNKF configured for IRQ 10
[    0.612748] ACPI: PCI: Interrupt link LNKG configured for IRQ 11
[    0.614747] ACPI: PCI: Interrupt link LNKH configured for IRQ 11
[    0.616631] ACPI: PCI: Interrupt link GSIA configured for IRQ 16
[    0.617582] ACPI: PCI: Interrupt link GSIB configured for IRQ 17
[    0.619579] ACPI: PCI: Interrupt link GSIC configured for IRQ 18
[    0.621580] ACPI: PCI: Interrupt link GSID configured for IRQ 19
[    0.622579] ACPI: PCI: Interrupt link GSIE configured for IRQ 20
[    0.624579] ACPI: PCI: Interrupt link GSIF configured for IRQ 21
[    0.625582] ACPI: PCI: Interrupt link GSIG configured for IRQ 22
[    0.627578] ACPI: PCI: Interrupt link GSIH configured for IRQ 23
[    0.634613] iommu: Default domain type: Translated
[    0.636559] iommu: DMA domain TLB invalidation policy: lazy mode
[    0.637856] SCSI subsystem initialized
[    0.639616] ACPI: bus type USB registered
[    0.640601] usbcore: registered new interface driver usbfs
[    0.641571] usbcore: registered new interface driver hub
[    0.643581] usbcore: registered new device driver usb
[    0.644598] pps_core: LinuxPPS API ver. 1 registered
[    0.645557] pps_core: Software ver. 5.3.6 - Copyright 2005-2007 Rodolfo Giometti <giometti@linux.it>
[    0.648563] PTP clock support registered
[    0.649680] EDAC MC: Ver: 3.0.0
[    0.651054] NetLabel: Initializing
[    0.652558] NetLabel:  domain hash size = 128
[    0.653556] NetLabel:  protocols = UNLABELED CIPSOv4 CALIPSO
[    0.654597] NetLabel:  unlabeled traffic allowed by default
[    0.656596] mctp: management component transport protocol core
[    0.657558] NET: Registered PF_MCTP protocol family
[    0.659576] PCI: Using ACPI for IRQ routing
[    0.858114] e820: register RAM buffer resource [mem 0x0009fc00-0x0009ffff]
[    0.859558] e820: register RAM buffer resource [mem 0x7ffe0000-0x7fffffff]
[    0.861632] vgaarb: loaded
[    0.862637] hpet0: at MMIO 0xfed00000, IRQs 2, 8, 0
[    0.863556] hpet0: 3 comparators, 64-bit 100.000000 MHz counter
[    0.872564] clocksource: Switched to clocksource kvm-clock
[    0.874409] VFS: Disk quotas dquot_6.6.0
[    0.875489] VFS: Dquot-cache hash table entries: 512 (order 0, 4096 bytes)
[    0.877717] AppArmor: AppArmor Filesystem Enabled
[    0.879022] acpi PNP0C01:00: Reserved [mem 0xb0000000-0xbfffffff]
[    0.880632] pnp: PnP ACPI init
[    0.882239] pnp: PnP ACPI: found 4 devices
[    0.891785] clocksource: acpi_pm: mask: 0xffffff max_cycles: 0xffffff, max_idle_ns: 2085701024 ns
[    0.894212] NET: Registered PF_INET protocol family
[    0.895680] IP idents hash table entries: 262144 (order: 9, 2097152 bytes, linear)
[    0.918227] tcp_listen_portaddr_hash hash table entries: 8192 (order: 5, 131072 bytes, linear)
[    0.920490] Table-perturb hash table entries: 65536 (order: 6, 262144 bytes, linear)
[    0.922607] TCP established hash table entries: 131072 (order: 8, 1048576 bytes, linear)
[    0.924860] TCP bind hash table entries: 65536 (order: 9, 2097152 bytes, linear)
[    0.926872] TCP: Hash tables configured (established 131072 bind 65536)
[    0.928790] MPTCP token hash table entries: 16384 (order: 7, 393216 bytes, linear)
[    0.930805] UDP hash table entries: 8192 (order: 7, 524288 bytes, linear)
[    0.932604] UDP-Lite hash table entries: 8192 (order: 7, 524288 bytes, linear)
[    0.934638] NET: Registered PF_UNIX/PF_LOCAL protocol family
[    0.936142] NET: Registered PF_XDP protocol family
[    0.937400] pci_bus 0000:00: resource 4 [io  0x0000-0x0cf7 window]
[    0.939016] pci_bus 0000:00: resource 5 [io  0x0d00-0xffff window]
[    0.940619] pci_bus 0000:00: resource 6 [mem 0x000a0000-0x000bffff window]
[    0.942392] pci_bus 0000:00: resource 7 [mem 0x80000000-0xafffffff window]
[    0.944183] pci_bus 0000:00: resource 8 [mem 0xc0000000-0xfebfffff window]
[    0.945976] pci_bus 0000:00: resource 9 [mem 0x480000000-0xc7fffffff window]
[    0.947912] PCI: CLS 0 bytes, default 64
[    0.949024] PCI-DMA: Using software bounce buffering for IO (SWIOTLB)
[    0.949210] Trying to unpack rootfs image as initramfs...
[    0.950693] software IO TLB: mapped [mem 0x000000006f7f4000-0x00000000737f4000] (64MB)
[    0.950750] clocksource: tsc: mask: 0xffffffffffffffff max_cycles: 0x228ae3847f6, max_idle_ns: 440795295175 ns
[    0.959991] Initialise system trusted keyrings
[    0.961186] Key type blacklist registered
[    0.962432] workingset: timestamp_bits=36 max_order=22 bucket_order=0
[    0.964865] squashfs: version 4.0 (2009/01/31) Phillip Lougher
[    0.966685] fuse: init (API version 7.45)
[    0.968135] integrity: Platform Keyring initialized
[    0.969408] integrity: Machine keyring initialized
[    0.983456] Key type asymmetric registered
[    0.984551] Asymmetric key parser 'x509' registered
[    0.985885] Block layer SCSI generic (bsg) driver version 0.4 loaded (major 242)
[    0.987948] io scheduler mq-deadline registered
[    0.990579] ledtrig-cpu: registered to indicate activity on CPUs
[    0.992414] input: Power Button as /devices/platform/LNXPWRBN:00/input/input0
[    0.994343] ACPI: button: Power Button [PWRF]
[    0.997143] Serial: 8250/16550 driver, 32 ports, IRQ sharing enabled
[    1.024715] 00:02: ttyS0 at I/O 0x3f8 (irq = 4, base_baud = 115200) is a 16550A
[    1.030608] Linux agpgart interface v0.103
[    1.043634] loop: module loaded
[    1.046056] ACPI: bus type drm_connector registered
[    1.049247] tun: Universal TUN/TAP device driver, 1.6
[    1.052078] PPP generic driver version 2.4.2
[    1.054787] i8042: PNP: PS/2 Controller [PNP0303:KBD,PNP0f13:MOU] at 0x60,0x64 irq 1,12
[    1.061035] serio: i8042 KBD port at 0x60,0x64 irq 1
[    1.063642] serio: i8042 AUX port at 0x60,0x64 irq 12
[    1.066747] mousedev: PS/2 mouse device common for all mice
[    1.070576] rtc_cmos 00:03: RTC can wake from S4
[    1.071103] input: AT Translated Set 2 keyboard as /devices/platform/i8042/serio0/input/input1
[    1.076194] rtc_cmos 00:03: registered as rtc0
[    1.080739] rtc_cmos 00:03: setting system clock to 2026-10-04T20:34:43 UTC (1791146083)
[    1.085215] rtc_cmos 00:03: alarms up to one day, y3k, 242 bytes nvram, hpet irqs
[    1.085505] Freeing initrd memory: 204720K
[    1.089205] i2c_dev: i2c /dev entries driver
[    1.092777] device-mapper: core: CONFIG_IMA_DISABLE_HTABLE is disabled. Duplicate IMA measurements will not be recorded in the IMA log.
[    1.099267] device-mapper: uevent: version 1.0.3
[    1.101991] device-mapper: ioctl: 4.50.0-ioctl (2025-04-28) initialised: dm-devel@lists.linux.dev
[    1.106646] amd_pstate: The CPPC feature is supported but currently disabled by the BIOS.
[    1.106646] Please enable it if your BIOS has the CPPC option.
[    1.113799] amd_pstate: the _CPC object is not present in SBIOS or ACPI disabled
[    1.117317] drop_monitor: Initializing network drop monitor service
[    1.120576] NET: Registered PF_INET6 protocol family
[    1.123877] Segment Routing with IPv6
[    1.125638] In-situ OAM (IOAM) with IPv6
[    1.127557] NET: Registered PF_PACKET protocol family
[    1.130071] Key type dns_resolver registered
[    1.133075] IPI shorthand broadcast: enabled
[    1.140342] sched_clock: Marking stable (913007078, 226367645)->(1207474095, -68099372)
[    1.143323] registered taskstats version 1
[    1.145432] Loading compiled-in X.509 certificates
[    1.147341] Loaded X.509 cert 'Build time autogenerated kernel key: 454b3e9802e3c39a997a1e8863aaf8b3df15fbc0'
[    1.150440] Loaded X.509 cert 'Canonical Ltd. Live Patch Signing 2025 Kmod: d541cef61dc7e793b7eb7e899970a2eef0b5dc8c'
[    1.153764] Loaded X.509 cert 'Canonical Ltd. Live Patch Signing: 14df34d1a87cf37625abec039ef2bf521249b969'
[    1.156784] Loaded X.509 cert 'Canonical Ltd. Kernel Module Signing 2025 Kmod: 4627603d2357a2a3f81006370894c221175893e9'
[    1.160207] Loaded X.509 cert 'Canonical Ltd. Kernel Module Signing: 88f752e560a1e0737e31163a466ad7b70a850c19'
[    1.162859] blacklist: Loading compiled-in revocation X.509 certificates
[    1.164676] Loaded X.509 cert 'Canonical Ltd. Secure Boot Signing: 61482aa2830d0ab2ad5af10b7250da9033ddcef0'
[    1.167305] Loaded X.509 cert 'Canonical Ltd. Secure Boot Signing (2017): 242ade75ac4a15e50d50c84b0d45ff3eae707a03'
[    1.170102] Loaded X.509 cert 'Canonical Ltd. Secure Boot Signing (ESM 2018): 365188c1d374d6b07c3c8f240f8ef722433d6a8b'
[    1.172967] Loaded X.509 cert 'Canonical Ltd. Secure Boot Signing (2019): c0746fd6c5da3ae827864651ad66ae47fe24b3e8'
[    1.175751] Loaded X.509 cert 'Canonical Ltd. Secure Boot Signing (2021 v1): a8d54bbb3825cfb94fa13c9f8a594a195c107b8d'
[    1.178603] Loaded X.509 cert 'Canonical Ltd. Secure Boot Signing (2021 v2): 4cf046892d6fd3c9a5b03f98d845f90851dc6a8c'
[    1.181467] Loaded X.509 cert 'Canonical Ltd. Secure Boot Signing (2021 v3): 100437bb6de6e469b581e61cd66bce3ef4ed53af'
[    1.184333] Loaded X.509 cert 'Canonical Ltd. Secure Boot Signing (Ubuntu Core 2019): c1d57b8f6b743f23ee41f4f7ee292f06eecadfb9'
[    1.196117] Demotion targets for Node 0: null
[    1.197612] Key type .fscrypt registered
[    1.198684] Key type fscrypt-provisioning registered
[    1.200150] Key type big_key registered
[    1.202350] Key type encrypted registered
[    1.203462] AppArmor: AppArmor sha256 policy hashing enabled
[    1.204985] ima: No TPM chip found, activating TPM-bypass!
[    1.206468] Loading compiled-in module X.509 certificates
[    1.208403] Loaded X.509 cert 'Build time autogenerated kernel key: 454b3e9802e3c39a997a1e8863aaf8b3df15fbc0'
[    1.211064] ima: Allocated hash algorithm: sha256
[    1.212355] ima: No architecture policies found
[    1.213611] evm: Initialising EVM extended attributes:
[    1.215013] evm: security.selinux
[    1.215934] evm: security.SMACK64
[    1.216853] evm: security.SMACK64EXEC
[    1.217862] evm: security.SMACK64TRANSMUTE
[    1.218991] evm: security.SMACK64MMAP
[    1.219994] evm: security.apparmor
[    1.220936] evm: security.ima
[    1.221746] evm: security.capability
[    1.222712] evm: HMAC attrs: 0x1
[    1.223942] PM:   Magic number: 14:476:598
[    1.225114] acpi PNP0C0F:0a: hash matches
[    1.226568] RAS: Correctable Errors collector initialized.
[    1.228444] clk: Disabling unused clocks
[    1.229519] PM: genpd: Disabling unused power domains
[    1.232819] Freeing unused decrypted memory: 2028K
[    1.234502] Freeing unused kernel image (initmem) memory: 5292K
[    1.235683] Write protecting the kernel read-only data: 43008k
[    1.237526] Freeing unused kernel image (text/rodata gap) memory: 776K
[    1.239189] Freeing unused kernel image (rodata/data gap) memory: 1668K
[    1.306638] x86/mm: Checked W+X mappings: passed, no W+X pages found.
[    1.307946] Run /init as init process
Linux (none) 7.0.0-29-generic #29-Ubuntu SMP PREEMPT_DYNAMIC Fri Jul 17 20:52:35 UTC 2026 x86_64 GNU/Linux
65536
107401
0-3
0-63
[    1.325634] NET: Registered PF_VSOCK protocol family
[    1.347252] shmproxy: loading out-of-tree module taints kernel.
[    1.349521] shmproxy: module verification failed: signature and/or required key missing - tainting kernel
[    1.353960] shmproxy: kernel AF_VSOCK listener CID2:29500 loaded
BENCH_PERF_PMU_PROBE

 Performance counter stats for 'system wide':

           7316584      cycles                                                                
           4663856      instructions                                                          

       0.102897117 seconds time elapsed

BENCH_PERF_SOFTWARE_PROBE

 Performance counter stats for 'system wide':

            408.21 msec cpu-clock                                                             
            408.22 msec task-clock                                                            
               222      context-switches                                                      
                 9      cpu-migrations                                                        

       0.102083834 seconds time elapsed

{"event": "begin"}
{"event": "loaded"}
{"event": "setup", "population": 1, "duration_s": 0.011679182}
{"event": "audit"}
{"event": "correctness_size"}
{"event": "correctness_size"}
{"event": "correctness_size"}
{"event": "idle", "population": 1, "duration_s": 2}
[    8.491388] clocksource: Long readout interval, skipping watchdog check: cs_nsec: 1664991415 wd_nsec: 1664990837
{"event": "window", "id": "kernel-tcp-1-1-64-0-99", "population": 1, "duration_s": 0.150099837, "delivered_roundtrips": 871}
{"event": "window", "id": "kernel-tcp-1-1-64-100-0", "population": 1, "duration_s": 1.000311642, "delivered_roundtrips": 25}
{"event": "window", "id": "kernel-tcp-1-1-64-1000-0", "population": 1, "duration_s": 1.000322539, "delivered_roundtrips": 250}
{"event": "window", "id": "kernel-tcp-1-1-64-0-0", "population": 1, "duration_s": 1.000099753, "delivered_roundtrips": 6891}
{"event": "window", "id": "kernel-tcp-1-1-64-0-1", "population": 1, "duration_s": 1.000166573, "delivered_roundtrips": 7004}
{"event": "window", "id": "kernel-tcp-1-1-64-1000-1", "population": 1, "duration_s": 1.000178482, "delivered_roundtrips": 250}
{"event": "window", "id": "kernel-tcp-1-1-64-100-1", "population": 1, "duration_s": 1.000368558, "delivered_roundtrips": 25}
{"event": "window", "id": "kernel-tcp-1-1-64-100-2", "population": 1, "duration_s": 1.000261807, "delivered_roundtrips": 25}
{"event": "window", "id": "kernel-tcp-1-1-64-1000-2", "population": 1, "duration_s": 1.000260935, "delivered_roundtrips": 250}
{"event": "window", "id": "kernel-tcp-1-1-64-0-2", "population": 1, "duration_s": 1.000125903, "delivered_roundtrips": 7011}
{"event": "window", "id": "kernel-tcp-1-1-1024-0-99", "population": 1, "duration_s": 0.150142072, "delivered_roundtrips": 869}
{"event": "window", "id": "kernel-tcp-1-1-1024-100-0", "population": 1, "duration_s": 1.000184471, "delivered_roundtrips": 25}
{"event": "window", "id": "kernel-tcp-1-1-1024-1000-0", "population": 1, "duration_s": 1.000191942, "delivered_roundtrips": 250}
{"event": "window", "id": "kernel-tcp-1-1-1024-0-0", "population": 1, "duration_s": 1.000102988, "delivered_roundtrips": 6803}
{"event": "window", "id": "kernel-tcp-1-1-1024-0-1", "population": 1, "duration_s": 1.000141626, "delivered_roundtrips": 6888}
{"event": "window", "id": "kernel-tcp-1-1-1024-1000-1", "population": 1, "duration_s": 1.000244241, "delivered_roundtrips": 250}
{"event": "window", "id": "kernel-tcp-1-1-1024-100-1", "population": 1, "duration_s": 1.000363931, "delivered_roundtrips": 25}
{"event": "window", "id": "kernel-tcp-1-1-1024-100-2", "population": 1, "duration_s": 1.000266214, "delivered_roundtrips": 25}
{"event": "window", "id": "kernel-tcp-1-1-1024-1000-2", "population": 1, "duration_s": 1.000300435, "delivered_roundtrips": 250}
{"event": "window", "id": "kernel-tcp-1-1-1024-0-2", "population": 1, "duration_s": 1.000172453, "delivered_roundtrips": 6845}
{"event": "window", "id": "kernel-tcp-1-1-65536-0-99", "population": 1, "duration_s": 0.174477897, "delivered_roundtrips": 5}
{"event": "window", "id": "kernel-tcp-1-1-65536-100-0", "population": 1, "duration_s": 1.029190242, "delivered_roundtrips": 24}
{"event": "window", "id": "kernel-tcp-1-1-65536-1000-0", "population": 1, "duration_s": 1.00067571, "delivered_roundtrips": 24}
{"event": "window", "id": "kernel-tcp-1-1-65536-0-0", "population": 1, "duration_s": 1.00093557, "delivered_roundtrips": 24}
{"event": "window", "id": "kernel-tcp-1-1-65536-0-1", "population": 1, "duration_s": 1.042727551, "delivered_roundtrips": 25}
{"event": "window", "id": "kernel-tcp-1-1-65536-1000-1", "population": 1, "duration_s": 1.041689258, "delivered_roundtrips": 25}
{"event": "window", "id": "kernel-tcp-1-1-65536-100-1", "population": 1, "duration_s": 1.029531226, "delivered_roundtrips": 24}
{"event": "window", "id": "kernel-tcp-1-1-65536-100-2", "population": 1, "duration_s": 1.032535837, "delivered_roundtrips": 24}
{"event": "window", "id": "kernel-tcp-1-1-65536-1000-2", "population": 1, "duration_s": 1.037927538, "delivered_roundtrips": 25}
{"event": "window", "id": "kernel-tcp-1-1-65536-0-2", "population": 1, "duration_s": 1.041039781, "delivered_roundtrips": 25}
{"event": "traffic_resources", "population": 1}
{"event": "audit"}
{"event": "setup", "population": 64, "duration_s": 0.191859189}
{"event": "audit"}
{"event": "idle", "population": 64, "duration_s": 2}
{"event": "window", "id": "kernel-tcp-64-64-64-0-99", "population": 64, "duration_s": 0.150268511, "delivered_roundtrips": 2583}
{"event": "window", "id": "kernel-tcp-64-64-64-100-0", "population": 64, "duration_s": 1.000371612, "delivered_roundtrips": 100}
{"event": "window", "id": "kernel-tcp-64-64-64-1000-0", "population": 64, "duration_s": 1.00023026, "delivered_roundtrips": 1000}
{"event": "window", "id": "kernel-tcp-64-64-64-0-0", "population": 64, "duration_s": 1.000292083, "delivered_roundtrips": 29407}
{"event": "window", "id": "kernel-tcp-64-64-64-0-1", "population": 64, "duration_s": 1.000272453, "delivered_roundtrips": 28432}
{"event": "window", "id": "kernel-tcp-64-64-64-1000-1", "population": 64, "duration_s": 1.000283861, "delivered_roundtrips": 1000}
{"event": "window", "id": "kernel-tcp-64-64-64-100-1", "population": 64, "duration_s": 1.000277221, "delivered_roundtrips": 100}
{"event": "window", "id": "kernel-tcp-64-64-64-100-2", "population": 64, "duration_s": 1.000294887, "delivered_roundtrips": 100}
{"event": "window", "id": "kernel-tcp-64-64-64-1000-2", "population": 64, "duration_s": 1.000250069, "delivered_roundtrips": 1000}
{"event": "window", "id": "kernel-tcp-64-64-64-0-2", "population": 64, "duration_s": 1.000255748, "delivered_roundtrips": 25267}
[   74.831300] clocksource: Long readout interval, skipping watchdog check: cs_nsec: 3556922297 wd_nsec: 3556920834
{"event": "window", "id": "kernel-tcp-64-64-1024-0-99", "population": 64, "duration_s": 0.150199838, "delivered_roundtrips": 3388}
{"event": "window", "id": "kernel-tcp-64-64-1024-100-0", "population": 64, "duration_s": 1.000285743, "delivered_roundtrips": 100}
{"event": "window", "id": "kernel-tcp-64-64-1024-1000-0", "population": 64, "duration_s": 1.000248357, "delivered_roundtrips": 1000}
{"event": "window", "id": "kernel-tcp-64-64-1024-0-0", "population": 64, "duration_s": 1.000227265, "delivered_roundtrips": 23314}
{"event": "window", "id": "kernel-tcp-64-64-1024-0-1", "population": 64, "duration_s": 1.000301677, "delivered_roundtrips": 28524}
{"event": "window", "id": "kernel-tcp-64-64-1024-1000-1", "population": 64, "duration_s": 1.000274946, "delivered_roundtrips": 1000}
{"event": "window", "id": "kernel-tcp-64-64-1024-100-1", "population": 64, "duration_s": 1.000372603, "delivered_roundtrips": 100}
{"event": "window", "id": "kernel-tcp-64-64-1024-100-2", "population": 64, "duration_s": 1.000236079, "delivered_roundtrips": 100}
{"event": "window", "id": "kernel-tcp-64-64-1024-1000-2", "population": 64, "duration_s": 1.000255167, "delivered_roundtrips": 1000}
{"event": "window", "id": "kernel-tcp-64-64-1024-0-2", "population": 64, "duration_s": 1.000205212, "delivered_roundtrips": 23602}
{"event": "window", "id": "kernel-tcp-64-64-65536-0-99", "population": 64, "duration_s": 0.189045975, "delivered_roundtrips": 158}
{"event": "window", "id": "kernel-tcp-64-64-65536-100-0", "population": 64, "duration_s": 1.000333495, "delivered_roundtrips": 100}
{"event": "window", "id": "kernel-tcp-64-64-65536-1000-0", "population": 64, "duration_s": 1.000209538, "delivered_roundtrips": 1000}
{"event": "window", "id": "kernel-tcp-64-64-65536-0-0", "population": 64, "duration_s": 1.01235371, "delivered_roundtrips": 837}
{"event": "window", "id": "kernel-tcp-64-64-65536-0-1", "population": 64, "duration_s": 1.03583535, "delivered_roundtrips": 840}
{"event": "window", "id": "kernel-tcp-64-64-65536-1000-1", "population": 64, "duration_s": 1.000290571, "delivered_roundtrips": 1000}
{"event": "window", "id": "kernel-tcp-64-64-65536-100-1", "population": 64, "duration_s": 1.000294597, "delivered_roundtrips": 100}
{"event": "window", "id": "kernel-tcp-64-64-65536-100-2", "population": 64, "duration_s": 1.000336981, "delivered_roundtrips": 100}
{"event": "window", "id": "kernel-tcp-64-64-65536-1000-2", "population": 64, "duration_s": 1.000226624, "delivered_roundtrips": 1000}
{"event": "window", "id": "kernel-tcp-64-64-65536-0-2", "population": 64, "duration_s": 1.019077677, "delivered_roundtrips": 836}
{"event": "traffic_resources", "population": 64}
{"event": "audit"}
{"event": "owned_retirement", "duration_s": 0.492538635}
{"event": "transport_drain_live_kernel", "confirmed_zero": true, "usage": 0}
{"event": "complete"}
BENCH_HARNESS_EXIT=0
shmproxy 1200128 0 - Live 0xffffffffc0417000 (OE)
vhost_vsock 28672 0 - Live 0xffffffffc0415000
vmw_vsock_virtio_transport_common 57344 1 vhost_vsock, Live 0xffffffffc0411000
vhost 69632 1 vhost_vsock, Live 0xffffffffc0409000
vhost_iotlb 16384 1 vhost, Live 0xffffffffc0408000
vsock 73728 4 vhost_vsock,vmw_vsock_virtio_transport_common, Live 0xffffffffc0400000
[  111.644712] shmproxy: drained accepted=64 closed=64
BENCH_MODULE_UNLOAD_EXIT=0
BENCH_LIVE_MODULES_AFTER_UNLOAD
vhost_vsock 28672 0 - Live 0xffffffffc0415000
vmw_vsock_virtio_transport_common 57344 1 vhost_vsock, Live 0xffffffffc0411000
vhost 69632 1 vhost_vsock, Live 0xffffffffc0409000
vhost_iotlb 16384 1 vhost, Live 0xffffffffc0408000
vsock 73728 2 vhost_vsock,vmw_vsock_virtio_transport_common, Live 0xffffffffc0400000
1
[    0.000000] Linux version 7.0.0-29-generic (buildd@lcy02-amd64-113) (x86_64-linux-gnu-gcc (Ubuntu 15.2.0-16ubuntu1) 15.2.0, GNU ld (GNU Binutils for Ubuntu) 2.46) #29-Ubuntu SMP PREEMPT_DYNAMIC Fri Jul 17 20:52:35 UTC 2026 (Ubuntu 7.0.0-29.29-generic 7.0.12)
[    0.000000] Command line: console=ttyS0 rdinit=/init panic=-1
[    0.000000] KERNEL supported cpus:
[    0.000000]   Intel GenuineIntel
[    0.000000]   AMD AuthenticAMD
[    0.000000]   Hygon HygonGenuine
[    0.000000]   Centaur CentaurHauls
[    0.000000]   zhaoxin   Shanghai  
[    0.000000] BIOS-provided physical RAM map:
[    0.000000] BIOS-e820: [mem 0x0000000000000000-0x000000000009fbff]  System RAM
[    0.000000] BIOS-e820: [mem 0x000000000009fc00-0x000000000009ffff]  device reserved
[    0.000000] BIOS-e820: [gap 0x00000000000a0000-0x00000000000effff]
[    0.000000] BIOS-e820: [mem 0x00000000000f0000-0x00000000000fffff]  device reserved
[    0.000000] BIOS-e820: [mem 0x0000000000100000-0x000000007ffdffff]  System RAM
[    0.000000] BIOS-e820: [mem 0x000000007ffe0000-0x000000007fffffff]  device reserved
[    0.000000] BIOS-e820: [gap 0x0000000080000000-0x00000000afffffff]
[    0.000000] BIOS-e820: [mem 0x00000000b0000000-0x00000000bfffffff]  device reserved
[    0.000000] BIOS-e820: [gap 0x00000000c0000000-0x00000000fed1bfff]
[    0.000000] BIOS-e820: [mem 0x00000000fed1c000-0x00000000fed1ffff]  device reserved
[    0.000000] BIOS-e820: [gap 0x00000000fed20000-0x00000000feffbfff]
[    0.000000] BIOS-e820: [mem 0x00000000feffc000-0x00000000feffffff]  device reserved
[    0.000000] BIOS-e820: [gap 0x00000000ff000000-0x00000000fffbffff]
[    0.000000] BIOS-e820: [mem 0x00000000fffc0000-0x00000000ffffffff]  device reserved
[    0.000000] BIOS-e820: [mem 0x0000000100000000-0x000000047fffffff]  System RAM
[    0.000000] BIOS-e820: [gap 0x0000000480000000-0x000000fcffffffff]
[    0.000000] BIOS-e820: [mem 0x000000fd00000000-0x000000ffffffffff]  device reserved
[    0.000000] NX (Execute Disable) protection: active
[    0.000000] APIC: Static calls initialized
[    0.000000] SMBIOS 2.8 present.
[    0.000000] DMI: QEMU Standard PC (Q35 + ICH9, 2009), BIOS 1.17.0-debian-1.17.0-1ubuntu1 04/01/2014
[    0.000000] DMI: Memory slots populated: 1/1
[    0.000000] Hypervisor detected: KVM
[    0.000000] last_pfn = 0x7ffe0 max_arch_pfn = 0x10000000000
[    0.000000] kvm-clock: Using msrs 4b564d01 and 4b564d00
[    0.000001] kvm-clock: using sched offset of 222993781 cycles
[    0.000003] clocksource: kvm-clock: mask: 0xffffffffffffffff max_cycles: 0x1cd42e4dffb, max_idle_ns: 881590591483 ns
[    0.000006] tsc: Detected 2396.388 MHz processor
[    0.000381] e820: update [mem 0x00000000-0x00000fff] System RAM ==> device reserved
[    0.000384] e820: remove [mem 0x000a0000-0x000fffff] System RAM
[    0.000390] last_pfn = 0x480000 max_arch_pfn = 0x10000000000
[    0.000436] MTRR map: 4 entries (3 fixed + 1 variable; max 19), built from 8 variable MTRRs
[    0.000439] x86/PAT: Configuration [0-7]: WB  WC  UC- UC  WB  WP  UC- WT  
[    0.000502] last_pfn = 0x7ffe0 max_arch_pfn = 0x10000000000
[    0.003287] found SMP MP-table at [mem 0x000f5460-0x000f546f]
[    0.003306] Using GB pages for direct mapping
[    0.003428] RAMDISK: [mem 0x737f4000-0x7ffdffff]
[    0.003505] ACPI: Early table checksum verification disabled
[    0.003509] ACPI: RSDP 0x00000000000F5270 000014 (v00 BOCHS )
[    0.003513] ACPI: RSDT 0x000000007FFE3A02 000038 (v01 BOCHS  BXPC     00000001 BXPC 00000001)
[    0.003523] ACPI: FACP 0x000000007FFE3602 0000F4 (v03 BOCHS  BXPC     00000001 BXPC 00000001)
[    0.003528] ACPI: DSDT 0x000000007FFE0040 0035C2 (v01 BOCHS  BXPC     00000001 BXPC 00000001)
[    0.003531] ACPI: FACS 0x000000007FFE0000 000040
[    0.003533] ACPI: APIC 0x000000007FFE36F6 000270 (v03 BOCHS  BXPC     00000001 BXPC 00000001)
[    0.003535] ACPI: HPET 0x000000007FFE3966 000038 (v01 BOCHS  BXPC     00000001 BXPC 00000001)
[    0.003538] ACPI: MCFG 0x000000007FFE399E 00003C (v01 BOCHS  BXPC     00000001 BXPC 00000001)
[    0.003540] ACPI: WAET 0x000000007FFE39DA 000028 (v01 BOCHS  BXPC     00000001 BXPC 00000001)
[    0.003542] ACPI: Reserving FACP table memory at [mem 0x7ffe3602-0x7ffe36f5]
[    0.003543] ACPI: Reserving DSDT table memory at [mem 0x7ffe0040-0x7ffe3601]
[    0.003544] ACPI: Reserving FACS table memory at [mem 0x7ffe0000-0x7ffe003f]
[    0.003545] ACPI: Reserving APIC table memory at [mem 0x7ffe36f6-0x7ffe3965]
[    0.003546] ACPI: Reserving HPET table memory at [mem 0x7ffe3966-0x7ffe399d]
[    0.003546] ACPI: Reserving MCFG table memory at [mem 0x7ffe399e-0x7ffe39d9]
[    0.003547] ACPI: Reserving WAET table memory at [mem 0x7ffe39da-0x7ffe3a01]
[    0.004096] No NUMA configuration found
[    0.004098] Faking a node at [mem 0x0000000000000000-0x000000047fffffff]
[    0.004110] NODE_DATA(0) allocated [mem 0x47ffd5280-0x47fffffff]
[    0.004956] ACPI: PM-Timer IO Port: 0x608
[    0.004978] ACPI: LAPIC_NMI (acpi_id[0xff] dfl dfl lint[0x1])
[    0.005011] IOAPIC[0]: apic_id 0, version 17, address 0xfec00000, GSI 0-23
[    0.005014] ACPI: INT_SRC_OVR (bus 0 bus_irq 0 global_irq 2 dfl dfl)
[    0.005016] ACPI: INT_SRC_OVR (bus 0 bus_irq 5 global_irq 5 high level)
[    0.005017] ACPI: INT_SRC_OVR (bus 0 bus_irq 9 global_irq 9 high level)
[    0.005018] ACPI: INT_SRC_OVR (bus 0 bus_irq 10 global_irq 10 high level)
[    0.005019] ACPI: INT_SRC_OVR (bus 0 bus_irq 11 global_irq 11 high level)
[    0.005023] ACPI: Using ACPI (MADT) for SMP configuration information
[    0.005024] ACPI: HPET id: 0x8086a201 base: 0xfed00000
[    0.005028] TSC deadline timer available
[    0.005030] CPU topo: Max. logical packages:   1
[    0.005031] CPU topo: Max. logical nodes:      1
[    0.005032] CPU topo: Num. nodes per package:  1
[    0.005034] CPU topo: Max. logical dies:       1
[    0.005035] CPU topo: Max. dies per package:   1
[    0.005039] CPU topo: Max. threads per core:   1
[    0.005040] CPU topo: Num. cores per package:    64
[    0.005041] CPU topo: Num. threads per package:  64
[    0.005041] CPU topo: Allowing 4 present CPUs plus 60 hotplug CPUs
[    0.005060] kvm-guest: APIC: eoi() replaced with kvm_guest_apic_eoi_write()
[    0.005073] kvm-guest: KVM setup pv remote TLB flush
[    0.005077] kvm-guest: setup PV sched yield
[    0.005085] PM: hibernation: Registered nosave memory: [mem 0x00000000-0x00000fff]
[    0.005087] PM: hibernation: Registered nosave memory: [mem 0x0009f000-0x000fffff]
[    0.005089] PM: hibernation: Registered nosave memory: [mem 0x7ffe0000-0xffffffff]
[    0.005090] [gap 0xc0000000-0xfed1bfff] available for PCI devices
[    0.005091] Booting paravirtualized kernel on KVM
[    0.005093] clocksource: refined-jiffies: mask: 0xffffffff max_cycles: 0xffffffff, max_idle_ns: 1910969940391419 ns
[    0.005158] Zone ranges:
[    0.005159]   DMA      [mem 0x0000000000001000-0x0000000000ffffff]
[    0.005161]   DMA32    [mem 0x0000000001000000-0x00000000ffffffff]
[    0.005162]   Normal   [mem 0x0000000100000000-0x000000047fffffff]
[    0.005164]   Device   empty
[    0.005164] Movable zone start for each node
[    0.005167] Early memory node ranges
[    0.005167]   node   0: [mem 0x0000000000001000-0x000000000009efff]
[    0.005169]   node   0: [mem 0x0000000000100000-0x000000007ffdffff]
[    0.005170]   node   0: [mem 0x0000000100000000-0x000000047fffffff]
[    0.005173] Initmem setup node 0 [mem 0x0000000000001000-0x000000047fffffff]
[    0.005264] On node 0, zone DMA: 1 pages in unavailable ranges
[    0.005278] On node 0, zone DMA: 97 pages in unavailable ranges
[    0.029040] On node 0, zone Normal: 32 pages in unavailable ranges
[    0.029058] setup_percpu: NR_CPUS:8192 nr_cpumask_bits:64 nr_cpu_ids:64 nr_node_ids:1
[    0.031855] percpu: Embedded 85 pages/cpu s225280 r8192 d114688 u524288
[    0.031865] pcpu-alloc: s225280 r8192 d114688 u524288 alloc=1*2097152
[    0.031868] pcpu-alloc: [0] 00 01 02 03 [0] 04 05 06 07 
[    0.031873] pcpu-alloc: [0] 08 09 10 11 [0] 12 13 14 15 
[    0.031877] pcpu-alloc: [0] 16 17 18 19 [0] 20 21 22 23 
[    0.031881] pcpu-alloc: [0] 24 25 26 27 [0] 28 29 30 31 
[    0.031885] pcpu-alloc: [0] 32 33 34 35 [0] 36 37 38 39 
[    0.031889] pcpu-alloc: [0] 40 41 42 43 [0] 44 45 46 47 
[    0.031892] pcpu-alloc: [0] 48 49 50 51 [0] 52 53 54 55 
[    0.031896] pcpu-alloc: [0] 56 57 58 59 [0] 60 61 62 63 
[    0.031949] kvm-guest: PV spinlocks enabled
[    0.031951] PV qspinlock hash table entries: 256 (order: 0, 4096 bytes, linear)
[    0.031955] Kernel command line: console=ttyS0 rdinit=/init panic=-1
[    0.031996] random: crng init done
[    0.031997] printk: log_buf_len individual max cpu contribution: 4096 bytes
[    0.031997] printk: log_buf_len total cpu_extra contributions: 258048 bytes
[    0.031998] printk: log_buf_len min size: 262144 bytes
[    0.032348] printk: log buffer data + meta data: 524288 + 2228224 = 2752512 bytes
[    0.032350] printk: early log buf free: 253976(96%)
[    0.033390] Dentry cache hash table entries: 2097152 (order: 12, 16777216 bytes, linear)
[    0.033933] Inode-cache hash table entries: 1048576 (order: 11, 8388608 bytes, linear)
[    0.034433] software IO TLB: area num 64.
[    0.040819] Fallback order for Node 0: 0 
[    0.040832] Built 1 zonelists, mobility grouping on.  Total pages: 4194174
[    0.040834] Policy zone: Normal
[    0.040845] mem auto-init: stack:all(zero), heap alloc:on, heap free:off
[    0.067683] SLUB: HWalign=64, Order=0-3, MinObjects=0, CPUs=64, Nodes=1
[    0.081577] ftrace: allocating 63941 entries in 252 pages
[    0.081580] ftrace: allocated 252 pages with 6 groups
[    0.082403] Dynamic Preempt: lazy
[    0.082793] rcu: Preemptible hierarchical RCU implementation.
[    0.082795] rcu: 	RCU restricting CPUs from NR_CPUS=8192 to nr_cpu_ids=64.
[    0.082797] 	Trampoline variant of Tasks RCU enabled.
[    0.082797] 	Rude variant of Tasks RCU enabled.
[    0.082798] 	Tracing variant of Tasks RCU enabled.
[    0.082798] rcu: RCU calculated value of scheduler-enlistment delay is 100 jiffies.
[    0.082799] rcu: Adjusting geometry for rcu_fanout_leaf=16, nr_cpu_ids=64
[    0.082830] RCU Tasks: Setting shift to 6 and lim to 1 rcu_task_cb_adjust=1 rcu_task_cpu_ids=64.
[    0.082834] RCU Tasks Rude: Setting shift to 6 and lim to 1 rcu_task_cb_adjust=1 rcu_task_cpu_ids=64.
[    0.087905] NR_IRQS: 524544, nr_irqs: 936, preallocated irqs: 16
[    0.088174] rcu: srcu_init: Setting srcu_struct sizes based on contention.
[    0.088449] Console: colour *CGA 80x25
[    0.088528] printk: legacy console [ttyS0] enabled
[    0.304134] ACPI: Core revision 20251212
[    0.305397] clocksource: hpet: mask: 0xffffffff max_cycles: 0xffffffff, max_idle_ns: 19112604467 ns
[    0.307857] APIC: Switch to symmetric I/O mode setup
[    0.309376] x2apic enabled
[    0.310453] APIC: Switched APIC routing to: physical x2apic
[    0.311897] kvm-guest: APIC: send_IPI_mask() replaced with kvm_send_ipi_mask()
[    0.313729] kvm-guest: APIC: send_IPI_mask_allbutself() replaced with kvm_send_ipi_mask_allbutself()
[    0.316053] kvm-guest: setup PV IPIs
[    0.318330] ..TIMER: vector=0x30 apic1=0 pin1=2 apic2=-1 pin2=-1
[    0.319897] clocksource: tsc-early: mask: 0xffffffffffffffff max_cycles: 0x228ae3847f6, max_idle_ns: 440795295175 ns
[    0.322555] Calibrating delay loop (skipped) preset value.. 4792.77 BogoMIPS (lpj=2396388)
[    0.323705] x86/cpu: User Mode Instruction Prevention (UMIP) activated
[    0.324661] Last level iTLB entries: 4KB 512, 2MB 255, 4MB 127
[    0.325554] Last level dTLB entries: 4KB 512, 2MB 255, 4MB 127, 1GB 0
[    0.326564] mitigations: Enabled attack vectors: user_kernel, user_user, guest_host, guest_guest, SMT mitigations: auto
[    0.327555] Speculative Store Bypass: Mitigation: Speculative Store Bypass disabled via prctl
[    0.328554] Transient Scheduler Attacks: Vulnerable: No microcode
[    0.329554] Spectre V2 : Mitigation: Enhanced / Automatic IBRS
[    0.330554] Speculative Return Stack Overflow: Mitigation: Safe RET
[    0.331554] Spectre V1 : Mitigation: usercopy/swapgs barriers and __user pointer sanitization
[    0.332561] Spectre V2 : mitigation: Enabling conditional Indirect Branch Prediction Barrier
[    0.333555] active return thunk: srso_alias_return_thunk
[    0.334583] x86/fpu: Supporting XSAVE feature 0x001: 'x87 floating point registers'
[    0.335554] x86/fpu: Supporting XSAVE feature 0x002: 'SSE registers'
[    0.336554] x86/fpu: Supporting XSAVE feature 0x004: 'AVX registers'
[    0.337554] x86/fpu: Supporting XSAVE feature 0x020: 'AVX-512 opmask'
[    0.338554] x86/fpu: Supporting XSAVE feature 0x040: 'AVX-512 Hi256'
[    0.339554] x86/fpu: Supporting XSAVE feature 0x080: 'AVX-512 ZMM_Hi256'
[    0.340557] x86/fpu: Supporting XSAVE feature 0x200: 'Protection Keys User registers'
[    0.341554] x86/fpu: xstate_offset[2]:  576, xstate_sizes[2]:  256
[    0.342554] x86/fpu: xstate_offset[5]:  832, xstate_sizes[5]:   64
[    0.343554] x86/fpu: xstate_offset[6]:  896, xstate_sizes[6]:  512
[    0.344554] x86/fpu: xstate_offset[7]: 1408, xstate_sizes[7]: 1024
[    0.345556] x86/fpu: xstate_offset[9]: 2432, xstate_sizes[9]:    8
[    0.346554] x86/fpu: Enabled xstate features 0x2e7, context size is 2440 bytes, using 'compacted' format.
[    0.387445] Freeing SMP alternatives memory: 56K
[    0.387556] pid_max: default: 65536 minimum: 512
[    0.388925] landlock: Up and running.
[    0.389555] Yama: becoming mindful.
[    0.390725] AppArmor: AppArmor initialized
[    0.391554] AppArmor: AppArmor secmark mediation reserved: ready to be enabled
[    0.392767] Mount-cache hash table entries: 32768 (order: 6, 262144 bytes, linear)
[    0.393560] Mountpoint-cache hash table entries: 32768 (order: 6, 262144 bytes, linear)
[    0.394701] VFS: Finished mounting rootfs on nullfs
[    0.396201] smpboot: CPU0: AMD EPYC 8024P 8-Core Processor (family: 0x19, model: 0xa0, stepping: 0x2)
[    0.396989] Performance Events: Fam17h+ core perfctr, AMD PMU driver.
[    0.397567] ... version:                   2
[    0.398556] ... bit width:                 48
[    0.399556] ... generic counters:          6
[    0.400556] ... generic bitmap:            000000000000003f
[    0.401556] ... fixed-purpose counters:    0
[    0.402556] ... fixed-purpose bitmap:      0000000000000000
[    0.403556] ... value mask:                0000ffffffffffff
[    0.404556] ... max period:                00007fffffffffff
[    0.405556] ... global_ctrl mask:          000000000000003f
[    0.406827] signal: max sigframe size: 3376
[    0.407619] rcu: Hierarchical SRCU implementation.
[    0.408567] rcu: 	Max phase no-delay instances is 400.
[    0.409640] Timer migration: 2 hierarchy levels; 8 children per group; 2 crossnode level
[    0.419006] smp: Bringing up secondary CPUs ...
[    0.419855] smpboot: x86: Booting SMP configuration:
[    0.420569] .... node  #0, CPUs:        #1  #2  #3
[    0.424617] smp: Brought up 1 node, 4 CPUs
[    0.426560] smpboot: Total of 4 processors activated (19171.10 BogoMIPS)
[    0.428278] Memory: 13728436K/16776696K available (23799K kernel code, 4952K rwdata, 16764K rodata, 5292K init, 5856K bss, 3029904K reserved, 0K cma-reserved)
[    0.429084] devtmpfs: initialized
[    0.429655] x86/mm: Memory block size: 128MB
[    0.433702] clocksource: jiffies: mask: 0xffffffff max_cycles: 0xffffffff, max_idle_ns: 1911260446275000 ns
[    0.434574] posixtimers hash table entries: 32768 (order: 7, 524288 bytes, linear)
[    0.435606] futex hash table entries: 16384 (1048576 bytes on 1 NUMA nodes, total 1024 KiB, linear).
[    0.437051] PM: RTC time: 20:34:42, date: 2026-10-04
[    0.438259] NET: Registered PF_NETLINK/PF_ROUTE protocol family
[    0.438984] DMA: preallocated 2048 KiB GFP_KERNEL pool for atomic allocations
[    0.439634] DMA: preallocated 2048 KiB GFP_KERNEL|GFP_DMA pool for atomic allocations
[    0.440637] DMA: preallocated 2048 KiB GFP_KERNEL|GFP_DMA32 pool for atomic allocations
[    0.441583] audit: initializing netlink subsys (disabled)
[    0.442593] audit: type=2000 audit(1791146082.472:1): state=initialized audit_enabled=0 res=1
[    0.442832] thermal_sys: Registered thermal governor 'fair_share'
[    0.443566] thermal_sys: Registered thermal governor 'bang_bang'
[    0.444560] thermal_sys: Registered thermal governor 'step_wise'
[    0.445557] thermal_sys: Registered thermal governor 'user_space'
[    0.446557] thermal_sys: Registered thermal governor 'power_allocator'
[    0.447577] cpuidle: using governor ladder
[    0.449580] cpuidle: using governor menu
[    0.451726] acpiphp: ACPI Hot Plug PCI Controller Driver version: 0.5
[    0.452864] PCI: ECAM [mem 0xb0000000-0xbfffffff] (base 0xb0000000) for domain 0000 [bus 00-ff]
[    0.453560] PCI: ECAM [mem 0xb0000000-0xbfffffff] reserved as E820 entry
[    0.454572] PCI: Using configuration type 1 for base access
[    0.455657] kprobes: kprobe jump-optimization is enabled. All kprobes are optimized if possible.
[    0.457708] HugeTLB: registered 1.00 GiB page size, pre-allocated 0 pages
[    0.459567] HugeTLB: 16380 KiB vmemmap can be freed for a 1.00 GiB page
[    0.460558] HugeTLB: registered 2.00 MiB page size, pre-allocated 0 pages
[    0.462557] HugeTLB: 28 KiB vmemmap can be freed for a 2.00 MiB page
[    0.468388] ACPI: Added _OSI(Module Device)
[    0.470577] ACPI: Added _OSI(Processor Device)
[    0.472566] ACPI: Added _OSI(Processor Aggregator Device)
[    0.485019] ACPI: 1 ACPI AML tables successfully acquired and loaded
[    0.492570] ACPI: \_SB_: platform _OSC: OS support mask [006e7eff]
[    0.496962] ACPI: Interpreter enabled
[    0.498622] ACPI: PM: (supports S0 S3 S4 S5)
[    0.501564] ACPI: Using IOAPIC for interrupt routing
[    0.504524] PCI: Using host bridge windows from ACPI; if necessary, use "pci=nocrs" and report a bug
[    0.509564] PCI: Using E820 reservations for host bridge windows
[    0.513284] ACPI: Enabled 2 GPEs in block 00 to 3F
[    0.540606] ACPI: PCI Root Bridge [PCI0] (domain 0000 [bus 00-ff])
[    0.542572] acpi PNP0A08:00: _OSC: OS supports [ExtendedConfig ASPM ClockPM Segments MSI EDR HPX-Type3]
[    0.546741] acpi PNP0A08:00: _OSC: platform does not support [PCIeHotplug LTR DPC]
[    0.549839] acpi PNP0A08:00: _OSC: OS now controls [SHPCHotplug PME AER PCIeCapability]
[    0.553982] PCI host bridge to bus 0000:00
[    0.555570] pci_bus 0000:00: root bus resource [io  0x0000-0x0cf7 window]
[    0.558562] pci_bus 0000:00: root bus resource [io  0x0d00-0xffff window]
[    0.561563] pci_bus 0000:00: root bus resource [mem 0x000a0000-0x000bffff window]
[    0.563558] pci_bus 0000:00: root bus resource [mem 0x80000000-0xafffffff window]
[    0.565558] pci_bus 0000:00: root bus resource [mem 0xc0000000-0xfebfffff window]
[    0.567558] pci_bus 0000:00: root bus resource [mem 0x480000000-0xc7fffffff window]
[    0.569558] pci_bus 0000:00: root bus resource [bus 00-ff]
[    0.570650] pci 0000:00:00.0: [8086:29c0] type 00 class 0x060000 conventional PCI endpoint
[    0.583174] pci 0000:00:1f.0: [8086:2918] type 00 class 0x060100 conventional PCI endpoint
[    0.586296] pci 0000:00:1f.0: quirk: [io  0x0600-0x067f] claimed by ICH6 ACPI/GPIO/TCO
[    0.589060] pci 0000:00:1f.2: [8086:2922] type 00 class 0x010601 conventional PCI endpoint
[    0.592634] pci 0000:00:1f.2: BAR 4 [io  0xc040-0xc05f]
[    0.593575] pci 0000:00:1f.2: BAR 5 [mem 0xfebff000-0xfebfffff]
[    0.596289] pci 0000:00:1f.3: [8086:2930] type 00 class 0x0c0500 conventional PCI endpoint
[    0.599618] pci 0000:00:1f.3: BAR 4 [io  0x0700-0x073f]
[    0.602412] ACPI: PCI: Interrupt link LNKA configured for IRQ 10
[    0.604756] ACPI: PCI: Interrupt link LNKB configured for IRQ 10
[    0.605758] ACPI: PCI: Interrupt link LNKC configured for IRQ 11
[    0.607747] ACPI: PCI: Interrupt link LNKD configured for IRQ 11
[    0.609761] ACPI: PCI: Interrupt link LNKE configured for IRQ 10
[    0.611754] ACPI: PCI: Interrupt link LNKF configured for IRQ 10
[    0.612748] ACPI: PCI: Interrupt link LNKG configured for IRQ 11
[    0.614747] ACPI: PCI: Interrupt link LNKH configured for IRQ 11
[    0.616631] ACPI: PCI: Interrupt link GSIA configured for IRQ 16
[    0.617582] ACPI: PCI: Interrupt link GSIB configured for IRQ 17
[    0.619579] ACPI: PCI: Interrupt link GSIC configured for IRQ 18
[    0.621580] ACPI: PCI: Interrupt link GSID configured for IRQ 19
[    0.622579] ACPI: PCI: Interrupt link GSIE configured for IRQ 20
[    0.624579] ACPI: PCI: Interrupt link GSIF configured for IRQ 21
[    0.625582] ACPI: PCI: Interrupt link GSIG configured for IRQ 22
[    0.627578] ACPI: PCI: Interrupt link GSIH configured for IRQ 23
[    0.634613] iommu: Default domain type: Translated
[    0.636559] iommu: DMA domain TLB invalidation policy: lazy mode
[    0.637856] SCSI subsystem initialized
[    0.639583] libata version 3.00 loaded.
[    0.639616] ACPI: bus type USB registered
[    0.640601] usbcore: registered new interface driver usbfs
[    0.641571] usbcore: registered new interface driver hub
[    0.643581] usbcore: registered new device driver usb
[    0.644598] pps_core: LinuxPPS API ver. 1 registered
[    0.645557] pps_core: Software ver. 5.3.6 - Copyright 2005-2007 Rodolfo Giometti <giometti@linux.it>
[    0.648563] PTP clock support registered
[    0.649680] EDAC MC: Ver: 3.0.0
[    0.651054] NetLabel: Initializing
[    0.652558] NetLabel:  domain hash size = 128
[    0.653556] NetLabel:  protocols = UNLABELED CIPSOv4 CALIPSO
[    0.654597] NetLabel:  unlabeled traffic allowed by default
[    0.656596] mctp: management component transport protocol core
[    0.657558] NET: Registered PF_MCTP protocol family
[    0.659576] PCI: Using ACPI for IRQ routing
[    0.857972] PCI: pci_cache_line_size set to 64 bytes
[    0.858114] e820: register RAM buffer resource [mem 0x0009fc00-0x0009ffff]
[    0.859558] e820: register RAM buffer resource [mem 0x7ffe0000-0x7fffffff]
[    0.861632] vgaarb: loaded
[    0.862637] hpet0: at MMIO 0xfed00000, IRQs 2, 8, 0
[    0.863556] hpet0: 3 comparators, 64-bit 100.000000 MHz counter
[    0.872564] clocksource: Switched to clocksource kvm-clock
[    0.874409] VFS: Disk quotas dquot_6.6.0
[    0.875489] VFS: Dquot-cache hash table entries: 512 (order 0, 4096 bytes)
[    0.877717] AppArmor: AppArmor Filesystem Enabled
[    0.879022] acpi PNP0C01:00: Reserved [mem 0xb0000000-0xbfffffff]
[    0.880632] pnp: PnP ACPI init
[    0.882239] pnp: PnP ACPI: found 4 devices
[    0.891785] clocksource: acpi_pm: mask: 0xffffff max_cycles: 0xffffff, max_idle_ns: 2085701024 ns
[    0.894212] NET: Registered PF_INET protocol family
[    0.895680] IP idents hash table entries: 262144 (order: 9, 2097152 bytes, linear)
[    0.918227] tcp_listen_portaddr_hash hash table entries: 8192 (order: 5, 131072 bytes, linear)
[    0.920490] Table-perturb hash table entries: 65536 (order: 6, 262144 bytes, linear)
[    0.922607] TCP established hash table entries: 131072 (order: 8, 1048576 bytes, linear)
[    0.924860] TCP bind hash table entries: 65536 (order: 9, 2097152 bytes, linear)
[    0.926872] TCP: Hash tables configured (established 131072 bind 65536)
[    0.928790] MPTCP token hash table entries: 16384 (order: 7, 393216 bytes, linear)
[    0.930805] UDP hash table entries: 8192 (order: 7, 524288 bytes, linear)
[    0.932604] UDP-Lite hash table entries: 8192 (order: 7, 524288 bytes, linear)
[    0.934638] NET: Registered PF_UNIX/PF_LOCAL protocol family
[    0.936142] NET: Registered PF_XDP protocol family
[    0.937400] pci_bus 0000:00: resource 4 [io  0x0000-0x0cf7 window]
[    0.939016] pci_bus 0000:00: resource 5 [io  0x0d00-0xffff window]
[    0.940619] pci_bus 0000:00: resource 6 [mem 0x000a0000-0x000bffff window]
[    0.942392] pci_bus 0000:00: resource 7 [mem 0x80000000-0xafffffff window]
[    0.944183] pci_bus 0000:00: resource 8 [mem 0xc0000000-0xfebfffff window]
[    0.945976] pci_bus 0000:00: resource 9 [mem 0x480000000-0xc7fffffff window]
[    0.947912] PCI: CLS 0 bytes, default 64
[    0.949024] PCI-DMA: Using software bounce buffering for IO (SWIOTLB)
[    0.949210] Trying to unpack rootfs image as initramfs...
[    0.950693] software IO TLB: mapped [mem 0x000000006f7f4000-0x00000000737f4000] (64MB)
[    0.950750] clocksource: tsc: mask: 0xffffffffffffffff max_cycles: 0x228ae3847f6, max_idle_ns: 440795295175 ns
[    0.959991] Initialise system trusted keyrings
[    0.961186] Key type blacklist registered
[    0.962432] workingset: timestamp_bits=36 max_order=22 bucket_order=0
[    0.964865] squashfs: version 4.0 (2009/01/31) Phillip Lougher
[    0.966685] fuse: init (API version 7.45)
[    0.968135] integrity: Platform Keyring initialized
[    0.969408] integrity: Machine keyring initialized
[    0.983456] Key type asymmetric registered
[    0.984551] Asymmetric key parser 'x509' registered
[    0.985885] Block layer SCSI generic (bsg) driver version 0.4 loaded (major 242)
[    0.987948] io scheduler mq-deadline registered
[    0.990579] ledtrig-cpu: registered to indicate activity on CPUs
[    0.992414] input: Power Button as /devices/platform/LNXPWRBN:00/input/input0
[    0.994343] ACPI: button: Power Button [PWRF]
[    0.997143] Serial: 8250/16550 driver, 32 ports, IRQ sharing enabled
[    1.024715] 00:02: ttyS0 at I/O 0x3f8 (irq = 4, base_baud = 115200) is a 16550A
[    1.030608] Linux agpgart interface v0.103
[    1.043634] loop: module loaded
[    1.046056] ACPI: bus type drm_connector registered
[    1.049247] tun: Universal TUN/TAP device driver, 1.6
[    1.052078] PPP generic driver version 2.4.2
[    1.054787] i8042: PNP: PS/2 Controller [PNP0303:KBD,PNP0f13:MOU] at 0x60,0x64 irq 1,12
[    1.061035] serio: i8042 KBD port at 0x60,0x64 irq 1
[    1.063642] serio: i8042 AUX port at 0x60,0x64 irq 12
[    1.066747] mousedev: PS/2 mouse device common for all mice
[    1.070576] rtc_cmos 00:03: RTC can wake from S4
[    1.071103] input: AT Translated Set 2 keyboard as /devices/platform/i8042/serio0/input/input1
[    1.076194] rtc_cmos 00:03: registered as rtc0
[    1.080739] rtc_cmos 00:03: setting system clock to 2026-10-04T20:34:43 UTC (1791146083)
[    1.085215] rtc_cmos 00:03: alarms up to one day, y3k, 242 bytes nvram, hpet irqs
[    1.085505] Freeing initrd memory: 204720K
[    1.089205] i2c_dev: i2c /dev entries driver
[    1.092777] device-mapper: core: CONFIG_IMA_DISABLE_HTABLE is disabled. Duplicate IMA measurements will not be recorded in the IMA log.
[    1.099267] device-mapper: uevent: version 1.0.3
[    1.101991] device-mapper: ioctl: 4.50.0-ioctl (2025-04-28) initialised: dm-devel@lists.linux.dev
[    1.106646] amd_pstate: The CPPC feature is supported but currently disabled by the BIOS.
[    1.106646] Please enable it if your BIOS has the CPPC option.
[    1.113799] amd_pstate: the _CPC object is not present in SBIOS or ACPI disabled
[    1.117317] drop_monitor: Initializing network drop monitor service
[    1.120576] NET: Registered PF_INET6 protocol family
[    1.123877] Segment Routing with IPv6
[    1.125638] In-situ OAM (IOAM) with IPv6
[    1.127557] NET: Registered PF_PACKET protocol family
[    1.130071] Key type dns_resolver registered
[    1.133075] IPI shorthand broadcast: enabled
[    1.140342] sched_clock: Marking stable (913007078, 226367645)->(1207474095, -68099372)
[    1.143323] registered taskstats version 1
[    1.145432] Loading compiled-in X.509 certificates
[    1.147341] Loaded X.509 cert 'Build time autogenerated kernel key: 454b3e9802e3c39a997a1e8863aaf8b3df15fbc0'
[    1.150440] Loaded X.509 cert 'Canonical Ltd. Live Patch Signing 2025 Kmod: d541cef61dc7e793b7eb7e899970a2eef0b5dc8c'
[    1.153764] Loaded X.509 cert 'Canonical Ltd. Live Patch Signing: 14df34d1a87cf37625abec039ef2bf521249b969'
[    1.156784] Loaded X.509 cert 'Canonical Ltd. Kernel Module Signing 2025 Kmod: 4627603d2357a2a3f81006370894c221175893e9'
[    1.160207] Loaded X.509 cert 'Canonical Ltd. Kernel Module Signing: 88f752e560a1e0737e31163a466ad7b70a850c19'
[    1.162859] blacklist: Loading compiled-in revocation X.509 certificates
[    1.164676] Loaded X.509 cert 'Canonical Ltd. Secure Boot Signing: 61482aa2830d0ab2ad5af10b7250da9033ddcef0'
[    1.167305] Loaded X.509 cert 'Canonical Ltd. Secure Boot Signing (2017): 242ade75ac4a15e50d50c84b0d45ff3eae707a03'
[    1.170102] Loaded X.509 cert 'Canonical Ltd. Secure Boot Signing (ESM 2018): 365188c1d374d6b07c3c8f240f8ef722433d6a8b'
[    1.172967] Loaded X.509 cert 'Canonical Ltd. Secure Boot Signing (2019): c0746fd6c5da3ae827864651ad66ae47fe24b3e8'
[    1.175751] Loaded X.509 cert 'Canonical Ltd. Secure Boot Signing (2021 v1): a8d54bbb3825cfb94fa13c9f8a594a195c107b8d'
[    1.178603] Loaded X.509 cert 'Canonical Ltd. Secure Boot Signing (2021 v2): 4cf046892d6fd3c9a5b03f98d845f90851dc6a8c'
[    1.181467] Loaded X.509 cert 'Canonical Ltd. Secure Boot Signing (2021 v3): 100437bb6de6e469b581e61cd66bce3ef4ed53af'
[    1.184333] Loaded X.509 cert 'Canonical Ltd. Secure Boot Signing (Ubuntu Core 2019): c1d57b8f6b743f23ee41f4f7ee292f06eecadfb9'
[    1.196117] Demotion targets for Node 0: null
[    1.197612] Key type .fscrypt registered
[    1.198684] Key type fscrypt-provisioning registered
[    1.200150] Key type big_key registered
[    1.202350] Key type encrypted registered
[    1.203462] A[  112.218014] ACPI: PM: Preparing to enter system sleep state S5
ppArmor: AppArmo[  112.220703] reboot: Power down
r sha256 policy hashing enabled
[    1.204985] ima: No TPM chip found, activating TPM-bypass!
[    1.206468] Loading compiled-in module X.509 certificates
[    1.208403] Loaded X.509 cert 'Build time autogenerated kernel key: 454b3e9802e3c39a997a1e8863aaf8b3df15fbc0'
[    1.211064] ima: Allocated hash algorithm: sha256
[    1.212355] ima: No architecture policies found
[    1.213611] evm: Initialising EVM extended attributes:
[    1.215013] evm: security.selinux
[    1.215934] evm: security.SMACK64
[    1.216853] evm: security.SMACK64EXEC
[    1.217862] evm: security.SMACK64TRANSMUTE
[    1.218991] evm: security.SMACK64MMAP
[    1.219994] evm: security.apparmor
[    1.220936] evm: security.ima
[    1.221746] evm: security.capability
[    1.222712] evm: HMAC attrs: 0x1
[    1.223942] PM:   Magic number: 14:476:598
[    1.225114] acpi PNP0C0F:0a: hash matches
[    1.226568] RAS: Correctable Errors collector initialized.
[    1.228444] clk: Disabling unused clocks
[    1.229519] PM: genpd: Disabling unused power domains
[    1.232819] Freeing unused decrypted memory: 2028K
[    1.234502] Freeing unused kernel image (initmem) memory: 5292K
[    1.235683] Write protecting the kernel read-only data: 43008k
[    1.237526] Freeing unused kernel image (text/rodata gap) memory: 776K
[    1.239189] Freeing unused kernel image (rodata/data gap) memory: 1668K
[    1.306638] x86/mm: Checked W+X mappings: passed, no W+X pages found.
[    1.307946] Run /init as init process
[    1.308666]   with arguments:
[    1.308670]     /init
[    1.308672]   with environment:
[    1.308674]     HOME=/
[    1.308676]     TERM=linux
[    1.325634] NET: Registered PF_VSOCK protocol family
[    1.347252] shmproxy: loading out-of-tree module taints kernel.
[    1.349521] shmproxy: module verification failed: signature and/or required key missing - tainting kernel
[    1.353960] shmproxy: kernel AF_VSOCK listener CID2:29500 loaded
[    8.491388] clocksource: Long readout interval, skipping watchdog check: cs_nsec: 1664991415 wd_nsec: 1664990837
[   74.831300] clocksource: Long readout interval, skipping watchdog check: cs_nsec: 3556922297 wd_nsec: 3556920834
[  111.644712] shmproxy: drained accepted=64 closed=64
BENCH_COMPLETE_EXIT=0
409436 blocks
qemu-system-x86_64: -accel kvm: warning: Number of hotpluggable cpus requested (64) exceeds the recommended cpus supported by KVM (16)
c[?7l[2J[0mSeaBIOS (version 1.17.0-debian-1.17.0-1ubuntu1)
Booting from ROM...
c[?7l[2J[    0.000000] Linux version 7.0.0-29-generic (buildd@lcy02-amd64-113) (x86_64-linux-gnu-gcc (Ubuntu 15.2.0-16ubuntu1) 15.2.0, GNU ld (GNU Binutils for Ubuntu) 2.46) #29-Ubuntu SMP PREEMPT_DYNAMIC Fri Jul 17 20:52:35 UTC 2026 (Ubuntu 7.0.0-29.29-generic 7.0.12)
[    0.000000] Command line: console=ttyS0 rdinit=/init panic=-1
[    0.000000] KERNEL supported cpus:
[    0.000000]   Intel GenuineIntel
[    0.000000]   AMD AuthenticAMD
[    0.000000]   Hygon HygonGenuine
[    0.000000]   Centaur CentaurHauls
[    0.000000]   zhaoxin   Shanghai  
[    0.000000] BIOS-provided physical RAM map:
[    0.000000] BIOS-e820: [mem 0x0000000000000000-0x000000000009fbff]  System RAM
[    0.000000] BIOS-e820: [mem 0x000000000009fc00-0x000000000009ffff]  device reserved
[    0.000000] BIOS-e820: [gap 0x00000000000a0000-0x00000000000effff]
[    0.000000] BIOS-e820: [mem 0x00000000000f0000-0x00000000000fffff]  device reserved
[    0.000000] BIOS-e820: [mem 0x0000000000100000-0x000000007ffdffff]  System RAM
[    0.000000] BIOS-e820: [mem 0x000000007ffe0000-0x000000007fffffff]  device reserved
[    0.000000] BIOS-e820: [gap 0x0000000080000000-0x00000000afffffff]
[    0.000000] BIOS-e820: [mem 0x00000000b0000000-0x00000000bfffffff]  device reserved
[    0.000000] BIOS-e820: [gap 0x00000000c0000000-0x00000000fed1bfff]
[    0.000000] BIOS-e820: [mem 0x00000000fed1c000-0x00000000fed1ffff]  device reserved
[    0.000000] BIOS-e820: [gap 0x00000000fed20000-0x00000000feffbfff]
[    0.000000] BIOS-e820: [mem 0x00000000feffc000-0x00000000feffffff]  device reserved
[    0.000000] BIOS-e820: [gap 0x00000000ff000000-0x00000000fffbffff]
[    0.000000] BIOS-e820: [mem 0x00000000fffc0000-0x00000000ffffffff]  device reserved
[    0.000000] BIOS-e820: [mem 0x0000000100000000-0x000000047fffffff]  System RAM
[    0.000000] BIOS-e820: [gap 0x0000000480000000-0x000000fcffffffff]
[    0.000000] BIOS-e820: [mem 0x000000fd00000000-0x000000ffffffffff]  device reserved
[    0.000000] NX (Execute Disable) protection: active
[    0.000000] APIC: Static calls initialized
[    0.000000] SMBIOS 2.8 present.
[    0.000000] DMI: QEMU Standard PC (Q35 + ICH9, 2009), BIOS 1.17.0-debian-1.17.0-1ubuntu1 04/01/2014
[    0.000000] DMI: Memory slots populated: 1/1
[    0.000000] Hypervisor detected: KVM
[    0.000000] last_pfn = 0x7ffe0 max_arch_pfn = 0x10000000000
[    0.000000] kvm-clock: Using msrs 4b564d01 and 4b564d00
[    0.000001] kvm-clock: using sched offset of 224669494 cycles
[    0.000003] clocksource: kvm-clock: mask: 0xffffffffffffffff max_cycles: 0x1cd42e4dffb, max_idle_ns: 881590591483 ns
[    0.000006] tsc: Detected 2396.388 MHz processor
[    0.000390] last_pfn = 0x480000 max_arch_pfn = 0x10000000000
[    0.000437] MTRR map: 4 entries (3 fixed + 1 variable; max 19), built from 8 variable MTRRs
[    0.000441] x86/PAT: Configuration [0-7]: WB  WC  UC- UC  WB  WP  UC- WT  
[    0.000504] last_pfn = 0x7ffe0 max_arch_pfn = 0x10000000000
[    0.003290] found SMP MP-table at [mem 0x000f5460-0x000f546f]
[    0.003309] Using GB pages for direct mapping
[    0.003514] RAMDISK: [mem 0x737f4000-0x7ffdffff]
[    0.003591] ACPI: Early table checksum verification disabled
[    0.003595] ACPI: RSDP 0x00000000000F5270 000014 (v00 BOCHS )
[    0.003599] ACPI: RSDT 0x000000007FFE3A02 000038 (v01 BOCHS  BXPC     00000001 BXPC 00000001)
[    0.003604] ACPI: FACP 0x000000007FFE3602 0000F4 (v03 BOCHS  BXPC     00000001 BXPC 00000001)
[    0.003609] ACPI: DSDT 0x000000007FFE0040 0035C2 (v01 BOCHS  BXPC     00000001 BXPC 00000001)
[    0.003612] ACPI: FACS 0x000000007FFE0000 000040
[    0.003614] ACPI: APIC 0x000000007FFE36F6 000270 (v03 BOCHS  BXPC     00000001 BXPC 00000001)
[    0.003617] ACPI: HPET 0x000000007FFE3966 000038 (v01 BOCHS  BXPC     00000001 BXPC 00000001)
[    0.003619] ACPI: MCFG 0x000000007FFE399E 00003C (v01 BOCHS  BXPC     00000001 BXPC 00000001)
[    0.003621] ACPI: WAET 0x000000007FFE39DA 000028 (v01 BOCHS  BXPC     00000001 BXPC 00000001)
[    0.003628] ACPI: Reserving FACP table memory at [mem 0x7ffe3602-0x7ffe36f5]
[    0.003630] ACPI: Reserving DSDT table memory at [mem 0x7ffe0040-0x7ffe3601]
[    0.003631] ACPI: Reserving FACS table memory at [mem 0x7ffe0000-0x7ffe003f]
[    0.003631] ACPI: Reserving APIC table memory at [mem 0x7ffe36f6-0x7ffe3965]
[    0.003632] ACPI: Reserving HPET table memory at [mem 0x7ffe3966-0x7ffe399d]
[    0.003633] ACPI: Reserving MCFG table memory at [mem 0x7ffe399e-0x7ffe39d9]
[    0.003633] ACPI: Reserving WAET table memory at [mem 0x7ffe39da-0x7ffe3a01]
[    0.004207] No NUMA configuration found
[    0.004209] Faking a node at [mem 0x0000000000000000-0x000000047fffffff]
[    0.004222] NODE_DATA(0) allocated [mem 0x47ffd5280-0x47fffffff]
[    0.005079] ACPI: PM-Timer IO Port: 0x608
[    0.005101] ACPI: LAPIC_NMI (acpi_id[0xff] dfl dfl lint[0x1])
[    0.005133] IOAPIC[0]: apic_id 0, version 17, address 0xfec00000, GSI 0-23
[    0.005136] ACPI: INT_SRC_OVR (bus 0 bus_irq 0 global_irq 2 dfl dfl)
[    0.005138] ACPI: INT_SRC_OVR (bus 0 bus_irq 5 global_irq 5 high level)
[    0.005139] ACPI: INT_SRC_OVR (bus 0 bus_irq 9 global_irq 9 high level)
[    0.005140] ACPI: INT_SRC_OVR (bus 0 bus_irq 10 global_irq 10 high level)
[    0.005141] ACPI: INT_SRC_OVR (bus 0 bus_irq 11 global_irq 11 high level)
[    0.005145] ACPI: Using ACPI (MADT) for SMP configuration information
[    0.005146] ACPI: HPET id: 0x8086a201 base: 0xfed00000
[    0.005149] TSC deadline timer available
[    0.005152] CPU topo: Max. logical packages:   1
[    0.005153] CPU topo: Max. logical nodes:      1
[    0.005153] CPU topo: Num. nodes per package:  1
[    0.005156] CPU topo: Max. logical dies:       1
[    0.005156] CPU topo: Max. dies per package:   1
[    0.005161] CPU topo: Max. threads per core:   1
[    0.005161] CPU topo: Num. cores per package:    64
[    0.005162] CPU topo: Num. threads per package:  64
[    0.005163] CPU topo: Allowing 4 present CPUs plus 60 hotplug CPUs
[    0.005182] kvm-guest: APIC: eoi() replaced with kvm_guest_apic_eoi_write()
[    0.005196] kvm-guest: KVM setup pv remote TLB flush
[    0.005201] kvm-guest: setup PV sched yield
[    0.005208] PM: hibernation: Registered nosave memory: [mem 0x00000000-0x00000fff]
[    0.005210] PM: hibernation: Registered nosave memory: [mem 0x0009f000-0x000fffff]
[    0.005211] PM: hibernation: Registered nosave memory: [mem 0x7ffe0000-0xffffffff]
[    0.005213] [gap 0xc0000000-0xfed1bfff] available for PCI devices
[    0.005214] Booting paravirtualized kernel on KVM
[    0.005216] clocksource: refined-jiffies: mask: 0xffffffff max_cycles: 0xffffffff, max_idle_ns: 1910969940391419 ns
[    0.005273] Zone ranges:
[    0.005274]   DMA      [mem 0x0000000000001000-0x0000000000ffffff]
[    0.005276]   DMA32    [mem 0x0000000001000000-0x00000000ffffffff]
[    0.005278]   Normal   [mem 0x0000000100000000-0x000000047fffffff]
[    0.005279]   Device   empty
[    0.005280] Movable zone start for each node
[    0.005282] Early memory node ranges
[    0.005283]   node   0: [mem 0x0000000000001000-0x000000000009efff]
[    0.005284]   node   0: [mem 0x0000000000100000-0x000000007ffdffff]
[    0.005285]   node   0: [mem 0x0000000100000000-0x000000047fffffff]
[    0.005288] Initmem setup node 0 [mem 0x0000000000001000-0x000000047fffffff]
[    0.005380] On node 0, zone DMA: 1 pages in unavailable ranges
[    0.005394] On node 0, zone DMA: 97 pages in unavailable ranges
[    0.029226] On node 0, zone Normal: 32 pages in unavailable ranges
[    0.029245] setup_percpu: NR_CPUS:8192 nr_cpumask_bits:64 nr_cpu_ids:64 nr_node_ids:1
[    0.032037] percpu: Embedded 85 pages/cpu s225280 r8192 d114688 u524288
[    0.032130] kvm-guest: PV spinlocks enabled
[    0.032133] PV qspinlock hash table entries: 256 (order: 0, 4096 bytes, linear)
[    0.032136] Kernel command line: console=ttyS0 rdinit=/init panic=-1
[    0.032177] random: crng init done
[    0.032178] printk: log_buf_len individual max cpu contribution: 4096 bytes
[    0.032179] printk: log_buf_len total cpu_extra contributions: 258048 bytes
[    0.032180] printk: log_buf_len min size: 262144 bytes
[    0.032507] printk: log buffer data + meta data: 524288 + 2228224 = 2752512 bytes
[    0.032509] printk: early log buf free: 253976(96%)
[    0.033526] Dentry cache hash table entries: 2097152 (order: 12, 16777216 bytes, linear)
[    0.034076] Inode-cache hash table entries: 1048576 (order: 11, 8388608 bytes, linear)
[    0.034576] software IO TLB: area num 64.
[    0.040895] Fallback order for Node 0: 0 
[    0.040907] Built 1 zonelists, mobility grouping on.  Total pages: 4194174
[    0.040908] Policy zone: Normal
[    0.040919] mem auto-init: stack:all(zero), heap alloc:on, heap free:off
[    0.068015] SLUB: HWalign=64, Order=0-3, MinObjects=0, CPUs=64, Nodes=1
[    0.081982] ftrace: allocating 63941 entries in 252 pages
[    0.081983] ftrace: allocated 252 pages with 6 groups
[    0.082845] Dynamic Preempt: lazy
[    0.083239] rcu: Preemptible hierarchical RCU implementation.
[    0.083241] rcu: 	RCU restricting CPUs from NR_CPUS=8192 to nr_cpu_ids=64.
[    0.083243] 	Trampoline variant of Tasks RCU enabled.
[    0.083243] 	Rude variant of Tasks RCU enabled.
[    0.083244] 	Tracing variant of Tasks RCU enabled.
[    0.083245] rcu: RCU calculated value of scheduler-enlistment delay is 100 jiffies.
[    0.083245] rcu: Adjusting geometry for rcu_fanout_leaf=16, nr_cpu_ids=64
[    0.083275] RCU Tasks: Setting shift to 6 and lim to 1 rcu_task_cb_adjust=1 rcu_task_cpu_ids=64.
[    0.083278] RCU Tasks Rude: Setting shift to 6 and lim to 1 rcu_task_cb_adjust=1 rcu_task_cpu_ids=64.
[    0.088369] NR_IRQS: 524544, nr_irqs: 936, preallocated irqs: 16
[    0.088650] rcu: srcu_init: Setting srcu_struct sizes based on contention.
[    0.088924] Console: colour *CGA 80x25
[    0.088999] printk: legacy console [ttyS0] enabled
[    0.310778] ACPI: Core revision 20251212
[    0.312079] clocksource: hpet: mask: 0xffffffff max_cycles: 0xffffffff, max_idle_ns: 19112604467 ns
[    0.314646] APIC: Switch to symmetric I/O mode setup
[    0.316209] x2apic enabled
[    0.317289] APIC: Switched APIC routing to: physical x2apic
[    0.318783] kvm-guest: APIC: send_IPI_mask() replaced with kvm_send_ipi_mask()
[    0.320670] kvm-guest: APIC: send_IPI_mask_allbutself() replaced with kvm_send_ipi_mask_allbutself()
[    0.323037] kvm-guest: setup PV IPIs
[    0.325324] ..TIMER: vector=0x30 apic1=0 pin1=2 apic2=-1 pin2=-1
[    0.326926] clocksource: tsc-early: mask: 0xffffffffffffffff max_cycles: 0x228ae3847f6, max_idle_ns: 440795295175 ns
[    0.329670] Calibrating delay loop (skipped) preset value.. 4792.77 BogoMIPS (lpj=2396388)
[    0.330812] x86/cpu: User Mode Instruction Prevention (UMIP) activated
[    0.331850] Last level iTLB entries: 4KB 512, 2MB 255, 4MB 127
[    0.332669] Last level dTLB entries: 4KB 512, 2MB 255, 4MB 127, 1GB 0
[    0.333680] mitigations: Enabled attack vectors: user_kernel, user_user, guest_host, guest_guest, SMT mitigations: auto
[    0.334669] Speculative Store Bypass: Mitigation: Speculative Store Bypass disabled via prctl
[    0.335669] Transient Scheduler Attacks: Vulnerable: No microcode
[    0.336668] Spectre V2 : Mitigation: Enhanced / Automatic IBRS
[    0.337669] Speculative Return Stack Overflow: Mitigation: Safe RET
[    0.338668] Spectre V1 : Mitigation: usercopy/swapgs barriers and __user pointer sanitization
[    0.339675] Spectre V2 : mitigation: Enabling conditional Indirect Branch Prediction Barrier
[    0.340669] active return thunk: srso_alias_return_thunk
[    0.342692] x86/fpu: Supporting XSAVE feature 0x001: 'x87 floating point registers'
[    0.343668] x86/fpu: Supporting XSAVE feature 0x002: 'SSE registers'
[    0.344668] x86/fpu: Supporting XSAVE feature 0x004: 'AVX registers'
[    0.345668] x86/fpu: Supporting XSAVE feature 0x020: 'AVX-512 opmask'
[    0.346669] x86/fpu: Supporting XSAVE feature 0x040: 'AVX-512 Hi256'
[    0.347670] x86/fpu: Supporting XSAVE feature 0x080: 'AVX-512 ZMM_Hi256'
[    0.348668] x86/fpu: Supporting XSAVE feature 0x200: 'Protection Keys User registers'
[    0.349669] x86/fpu: xstate_offset[2]:  576, xstate_sizes[2]:  256
[    0.350668] x86/fpu: xstate_offset[5]:  832, xstate_sizes[5]:   64
[    0.351668] x86/fpu: xstate_offset[6]:  896, xstate_sizes[6]:  512
[    0.352669] x86/fpu: xstate_offset[7]: 1408, xstate_sizes[7]: 1024
[    0.353668] x86/fpu: xstate_offset[9]: 2432, xstate_sizes[9]:    8
[    0.354668] x86/fpu: Enabled xstate features 0x2e7, context size is 2440 bytes, using 'compacted' format.
[    0.396193] Freeing SMP alternatives memory: 56K
[    0.396670] pid_max: default: 65536 minimum: 512
[    0.398942] landlock: Up and running.
[    0.399668] Yama: becoming mindful.
[    0.400840] AppArmor: AppArmor initialized
[    0.401670] AppArmor: AppArmor secmark mediation reserved: ready to be enabled
[    0.402864] Mount-cache hash table entries: 32768 (order: 6, 262144 bytes, linear)
[    0.403677] Mountpoint-cache hash table entries: 32768 (order: 6, 262144 bytes, linear)
[    0.404829] VFS: Finished mounting rootfs on nullfs
[    0.406428] smpboot: CPU0: AMD EPYC 8024P 8-Core Processor (family: 0x19, model: 0xa0, stepping: 0x2)
[    0.407009] Performance Events: Fam17h+ core perfctr, AMD PMU driver.
[    0.407682] ... version:                   2
[    0.408670] ... bit width:                 48
[    0.409670] ... generic counters:          6
[    0.410671] ... generic bitmap:            000000000000003f
[    0.411671] ... fixed-purpose counters:    0
[    0.412670] ... fixed-purpose bitmap:      0000000000000000
[    0.413670] ... value mask:                0000ffffffffffff
[    0.414671] ... max period:                00007fffffffffff
[    0.415673] ... global_ctrl mask:          000000000000003f
[    0.416931] signal: max sigframe size: 3376
[    0.417732] rcu: Hierarchical SRCU implementation.
[    0.418676] rcu: 	Max phase no-delay instances is 400.
[    0.419749] Timer migration: 2 hierarchy levels; 8 children per group; 2 crossnode level
[    0.429110] smp: Bringing up secondary CPUs ...
[    0.429968] smpboot: x86: Booting SMP configuration:
[    0.430683] .... node  #0, CPUs:        #1  #2  #3
[    0.434731] smp: Brought up 1 node, 4 CPUs
[    0.436674] smpboot: Total of 4 processors activated (19171.10 BogoMIPS)
[    0.438420] Memory: 13728472K/16776696K available (23799K kernel code, 4952K rwdata, 16764K rodata, 5292K init, 5856K bss, 3029904K reserved, 0K cma-reserved)
[    0.439181] devtmpfs: initialized
[    0.439769] x86/mm: Memory block size: 128MB
[    0.443791] clocksource: jiffies: mask: 0xffffffff max_cycles: 0xffffffff, max_idle_ns: 1911260446275000 ns
[    0.444688] posixtimers hash table entries: 32768 (order: 7, 524288 bytes, linear)
[    0.445719] futex hash table entries: 16384 (1048576 bytes on 1 NUMA nodes, total 1024 KiB, linear).
[    0.447173] PM: RTC time: 20:36:35, date: 2026-10-04
[    0.448348] NET: Registered PF_NETLINK/PF_ROUTE protocol family
[    0.449072] DMA: preallocated 2048 KiB GFP_KERNEL pool for atomic allocations
[    0.449735] DMA: preallocated 2048 KiB GFP_KERNEL|GFP_DMA pool for atomic allocations
[    0.450744] DMA: preallocated 2048 KiB GFP_KERNEL|GFP_DMA32 pool for atomic allocations
[    0.451684] audit: initializing netlink subsys (disabled)
[    0.452692] audit: type=2000 audit(1791146196.334:1): state=initialized audit_enabled=0 res=1
[    0.452895] thermal_sys: Registered thermal governor 'fair_share'
[    0.453675] thermal_sys: Registered thermal governor 'bang_bang'
[    0.454671] thermal_sys: Registered thermal governor 'step_wise'
[    0.455673] thermal_sys: Registered thermal governor 'user_space'
[    0.456671] thermal_sys: Registered thermal governor 'power_allocator'
[    0.457689] cpuidle: using governor ladder
[    0.459694] cpuidle: using governor menu
[    0.461829] acpiphp: ACPI Hot Plug PCI Controller Driver version: 0.5
[    0.462989] PCI: ECAM [mem 0xb0000000-0xbfffffff] (base 0xb0000000) for domain 0000 [bus 00-ff]
[    0.463674] PCI: ECAM [mem 0xb0000000-0xbfffffff] reserved as E820 entry
[    0.464685] PCI: Using configuration type 1 for base access
[    0.465764] kprobes: kprobe jump-optimization is enabled. All kprobes are optimized if possible.
[    0.467802] HugeTLB: registered 1.00 GiB page size, pre-allocated 0 pages
[    0.471689] HugeTLB: 16380 KiB vmemmap can be freed for a 1.00 GiB page
[    0.475682] HugeTLB: registered 2.00 MiB page size, pre-allocated 0 pages
[    0.478678] HugeTLB: 28 KiB vmemmap can be freed for a 2.00 MiB page
[    0.487223] ACPI: Added _OSI(Module Device)
[    0.489680] ACPI: Added _OSI(Processor Device)
[    0.491678] ACPI: Added _OSI(Processor Aggregator Device)
[    0.504112] ACPI: 1 ACPI AML tables successfully acquired and loaded
[    0.511688] ACPI: \_SB_: platform _OSC: OS support mask [006e7eff]
[    0.516068] ACPI: Interpreter enabled
[    0.517730] ACPI: PM: (supports S0 S3 S4 S5)
[    0.519677] ACPI: Using IOAPIC for interrupt routing
[    0.523635] PCI: Using host bridge windows from ACPI; if necessary, use "pci=nocrs" and report a bug
[    0.528678] PCI: Using E820 reservations for host bridge windows
[    0.532381] ACPI: Enabled 2 GPEs in block 00 to 3F
[    0.559015] ACPI: PCI Root Bridge [PCI0] (domain 0000 [bus 00-ff])
[    0.561688] acpi PNP0A08:00: _OSC: OS supports [ExtendedConfig ASPM ClockPM Segments MSI EDR HPX-Type3]
[    0.566879] acpi PNP0A08:00: _OSC: platform does not support [PCIeHotplug LTR DPC]
[    0.570004] acpi PNP0A08:00: _OSC: OS now controls [SHPCHotplug PME AER PCIeCapability]
[    0.574100] PCI host bridge to bus 0000:00
[    0.575686] pci_bus 0000:00: root bus resource [io  0x0000-0x0cf7 window]
[    0.578677] pci_bus 0000:00: root bus resource [io  0x0d00-0xffff window]
[    0.582677] pci_bus 0000:00: root bus resource [mem 0x000a0000-0x000bffff window]
[    0.585677] pci_bus 0000:00: root bus resource [mem 0x80000000-0xafffffff window]
[    0.588673] pci_bus 0000:00: root bus resource [mem 0xc0000000-0xfebfffff window]
[    0.590672] pci_bus 0000:00: root bus resource [mem 0x480000000-0xc7fffffff window]
[    0.592672] pci_bus 0000:00: root bus resource [bus 00-ff]
[    0.593769] pci 0000:00:00.0: [8086:29c0] type 00 class 0x060000 conventional PCI endpoint
[    0.606283] pci 0000:00:1f.0: [8086:2918] type 00 class 0x060100 conventional PCI endpoint
[    0.609423] pci 0000:00:1f.0: quirk: [io  0x0600-0x067f] claimed by ICH6 ACPI/GPIO/TCO
[    0.612186] pci 0000:00:1f.2: [8086:2922] type 00 class 0x010601 conventional PCI endpoint
[    0.615749] pci 0000:00:1f.2: BAR 4 [io  0xc040-0xc05f]
[    0.616688] pci 0000:00:1f.2: BAR 5 [mem 0xfebff000-0xfebfffff]
[    0.619398] pci 0000:00:1f.3: [8086:2930] type 00 class 0x0c0500 conventional PCI endpoint
[    0.622671] pci 0000:00:1f.3: BAR 4 [io  0x0700-0x073f]
[    0.625530] ACPI: PCI: Interrupt link LNKA configured for IRQ 10
[    0.626866] ACPI: PCI: Interrupt link LNKB configured for IRQ 10
[    0.628869] ACPI: PCI: Interrupt link LNKC configured for IRQ 11
[    0.630862] ACPI: PCI: Interrupt link LNKD configured for IRQ 11
[    0.632863] ACPI: PCI: Interrupt link LNKE configured for IRQ 10
[    0.633870] ACPI: PCI: Interrupt link LNKF configured for IRQ 10
[    0.635862] ACPI: PCI: Interrupt link LNKG configured for IRQ 11
[    0.637862] ACPI: PCI: Interrupt link LNKH configured for IRQ 11
[    0.639742] ACPI: PCI: Interrupt link GSIA configured for IRQ 16
[    0.640695] ACPI: PCI: Interrupt link GSIB configured for IRQ 17
[    0.642692] ACPI: PCI: Interrupt link GSIC configured for IRQ 18
[    0.643692] ACPI: PCI: Interrupt link GSID configured for IRQ 19
[    0.645692] ACPI: PCI: Interrupt link GSIE configured for IRQ 20
[    0.646692] ACPI: PCI: Interrupt link GSIF configured for IRQ 21
[    0.648692] ACPI: PCI: Interrupt link GSIG configured for IRQ 22
[    0.649692] ACPI: PCI: Interrupt link GSIH configured for IRQ 23
[    0.657715] iommu: Default domain type: Translated
[    0.658672] iommu: DMA domain TLB invalidation policy: lazy mode
[    0.660991] SCSI subsystem initialized
[    0.661732] ACPI: bus type USB registered
[    0.662704] usbcore: registered new interface driver usbfs
[    0.663684] usbcore: registered new interface driver hub
[    0.665696] usbcore: registered new device driver usb
[    0.666703] pps_core: LinuxPPS API ver. 1 registered
[    0.667671] pps_core: Software ver. 5.3.6 - Copyright 2005-2007 Rodolfo Giometti <giometti@linux.it>
[    0.670684] PTP clock support registered
[    0.671736] EDAC MC: Ver: 3.0.0
[    0.673717] NetLabel: Initializing
[    0.674614] NetLabel:  domain hash size = 128
[    0.675671] NetLabel:  protocols = UNLABELED CIPSOv4 CALIPSO
[    0.676703] NetLabel:  unlabeled traffic allowed by default
[    0.678729] mctp: management component transport protocol core
[    0.679679] NET: Registered PF_MCTP protocol family
[    0.681697] PCI: Using ACPI for IRQ routing
[    0.878455] e820: register RAM buffer resource [mem 0x0009fc00-0x0009ffff]
[    0.880676] e820: register RAM buffer resource [mem 0x7ffe0000-0x7fffffff]
[    0.882732] vgaarb: loaded
[    0.883754] hpet0: at MMIO 0xfed00000, IRQs 2, 8, 0
[    0.884671] hpet0: 3 comparators, 64-bit 100.000000 MHz counter
[    0.893669] clocksource: Switched to clocksource kvm-clock
[    0.895463] VFS: Disk quotas dquot_6.6.0
[    0.896557] VFS: Dquot-cache hash table entries: 512 (order 0, 4096 bytes)
[    0.898946] AppArmor: AppArmor Filesystem Enabled
[    0.900230] acpi PNP0C01:00: Reserved [mem 0xb0000000-0xbfffffff]
[    0.901847] pnp: PnP ACPI init
[    0.903446] pnp: PnP ACPI: found 4 devices
[    0.912683] clocksource: acpi_pm: mask: 0xffffff max_cycles: 0xffffff, max_idle_ns: 2085701024 ns
[    0.915140] NET: Registered PF_INET protocol family
[    0.916550] IP idents hash table entries: 262144 (order: 9, 2097152 bytes, linear)
[    0.938736] tcp_listen_portaddr_hash hash table entries: 8192 (order: 5, 131072 bytes, linear)
[    0.941015] Table-perturb hash table entries: 65536 (order: 6, 262144 bytes, linear)
[    0.943174] TCP established hash table entries: 131072 (order: 8, 1048576 bytes, linear)
[    0.945441] TCP bind hash table entries: 65536 (order: 9, 2097152 bytes, linear)
[    0.947454] TCP: Hash tables configured (established 131072 bind 65536)
[    0.949388] MPTCP token hash table entries: 16384 (order: 7, 393216 bytes, linear)
[    0.951386] UDP hash table entries: 8192 (order: 7, 524288 bytes, linear)
[    0.953208] UDP-Lite hash table entries: 8192 (order: 7, 524288 bytes, linear)
[    0.955326] NET: Registered PF_UNIX/PF_LOCAL protocol family
[    0.956814] NET: Registered PF_XDP protocol family
[    0.958078] pci_bus 0000:00: resource 4 [io  0x0000-0x0cf7 window]
[    0.959681] pci_bus 0000:00: resource 5 [io  0x0d00-0xffff window]
[    0.961288] pci_bus 0000:00: resource 6 [mem 0x000a0000-0x000bffff window]
[    0.963058] pci_bus 0000:00: resource 7 [mem 0x80000000-0xafffffff window]
[    0.964849] pci_bus 0000:00: resource 8 [mem 0xc0000000-0xfebfffff window]
[    0.966631] pci_bus 0000:00: resource 9 [mem 0x480000000-0xc7fffffff window]
[    0.968561] PCI: CLS 0 bytes, default 64
[    0.969696] PCI-DMA: Using software bounce buffering for IO (SWIOTLB)
[    0.969841] Trying to unpack rootfs image as initramfs...
[    0.971384] software IO TLB: mapped [mem 0x000000006f7f4000-0x00000000737f4000] (64MB)
[    0.971437] clocksource: tsc: mask: 0xffffffffffffffff max_cycles: 0x228ae3847f6, max_idle_ns: 440795295175 ns
[    0.980579] Initialise system trusted keyrings
[    0.981766] Key type blacklist registered
[    0.983013] workingset: timestamp_bits=36 max_order=22 bucket_order=0
[    0.985449] squashfs: version 4.0 (2009/01/31) Phillip Lougher
[    0.987247] fuse: init (API version 7.45)
[    0.988666] integrity: Platform Keyring initialized
[    0.989951] integrity: Machine keyring initialized
[    1.003936] Key type asymmetric registered
[    1.005027] Asymmetric key parser 'x509' registered
[    1.006340] Block layer SCSI generic (bsg) driver version 0.4 loaded (major 242)
[    1.008437] io scheduler mq-deadline registered
[    1.011038] ledtrig-cpu: registered to indicate activity on CPUs
[    1.012875] input: Power Button as /devices/platform/LNXPWRBN:00/input/input0
[    1.014837] ACPI: button: Power Button [PWRF]
[    1.017517] Serial: 8250/16550 driver, 32 ports, IRQ sharing enabled
[    1.045401] 00:02: ttyS0 at I/O 0x3f8 (irq = 4, base_baud = 115200) is a 16550A
[    1.051394] Linux agpgart interface v0.103
[    1.059433] loop: module loaded
[    1.060629] ACPI: bus type drm_connector registered
[    1.062244] tun: Universal TUN/TAP device driver, 1.6
[    1.063637] PPP generic driver version 2.4.2
[    1.064992] i8042: PNP: PS/2 Controller [PNP0303:KBD,PNP0f13:MOU] at 0x60,0x64 irq 1,12
[    1.068234] serio: i8042 KBD port at 0x60,0x64 irq 1
[    1.069545] serio: i8042 AUX port at 0x60,0x64 irq 12
[    1.071081] mousedev: PS/2 mouse device common for all mice
[    1.073148] input: AT Translated Set 2 keyboard as /devices/platform/i8042/serio0/input/input1
[    1.074104] rtc_cmos 00:03: RTC can wake from S4
[    1.079671] rtc_cmos 00:03: registered as rtc0
[    1.082287] rtc_cmos 00:03: setting system clock to 2026-10-04T20:36:36 UTC (1791146196)
[    1.086714] rtc_cmos 00:03: alarms up to one day, y3k, 242 bytes nvram, hpet irqs
[    1.088872] Freeing initrd memory: 204720K
[    1.090647] i2c_dev: i2c /dev entries driver
[    1.094237] device-mapper: core: CONFIG_IMA_DISABLE_HTABLE is disabled. Duplicate IMA measurements will not be recorded in the IMA log.
[    1.100580] device-mapper: uevent: version 1.0.3
[    1.103309] device-mapper: ioctl: 4.50.0-ioctl (2025-04-28) initialised: dm-devel@lists.linux.dev
[    1.107944] amd_pstate: The CPPC feature is supported but currently disabled by the BIOS.
[    1.107944] Please enable it if your BIOS has the CPPC option.
[    1.115235] amd_pstate: the _CPC object is not present in SBIOS or ACPI disabled
[    1.119235] drop_monitor: Initializing network drop monitor service
[    1.122900] NET: Registered PF_INET6 protocol family
[    1.126722] Segment Routing with IPv6
[    1.128949] In-situ OAM (IOAM) with IPv6
[    1.131346] NET: Registered PF_PACKET protocol family
[    1.134519] Key type dns_resolver registered
[    1.138315] IPI shorthand broadcast: enabled
[    1.146109] sched_clock: Marking stable (913006493, 233006714)->(1213508875, -67495668)
[    1.150734] registered taskstats version 1
[    1.154308] Loading compiled-in X.509 certificates
[    1.157296] Loaded X.509 cert 'Build time autogenerated kernel key: 454b3e9802e3c39a997a1e8863aaf8b3df15fbc0'
[    1.162086] Loaded X.509 cert 'Canonical Ltd. Live Patch Signing 2025 Kmod: d541cef61dc7e793b7eb7e899970a2eef0b5dc8c'
[    1.165974] Loaded X.509 cert 'Canonical Ltd. Live Patch Signing: 14df34d1a87cf37625abec039ef2bf521249b969'
[    1.168980] Loaded X.509 cert 'Canonical Ltd. Kernel Module Signing 2025 Kmod: 4627603d2357a2a3f81006370894c221175893e9'
[    1.172292] Loaded X.509 cert 'Canonical Ltd. Kernel Module Signing: 88f752e560a1e0737e31163a466ad7b70a850c19'
[    1.174906] blacklist: Loading compiled-in revocation X.509 certificates
[    1.176721] Loaded X.509 cert 'Canonical Ltd. Secure Boot Signing: 61482aa2830d0ab2ad5af10b7250da9033ddcef0'
[    1.179354] Loaded X.509 cert 'Canonical Ltd. Secure Boot Signing (2017): 242ade75ac4a15e50d50c84b0d45ff3eae707a03'
[    1.182109] Loaded X.509 cert 'Canonical Ltd. Secure Boot Signing (ESM 2018): 365188c1d374d6b07c3c8f240f8ef722433d6a8b'
[    1.184951] Loaded X.509 cert 'Canonical Ltd. Secure Boot Signing (2019): c0746fd6c5da3ae827864651ad66ae47fe24b3e8'
[    1.187706] Loaded X.509 cert 'Canonical Ltd. Secure Boot Signing (2021 v1): a8d54bbb3825cfb94fa13c9f8a594a195c107b8d'
[    1.190555] Loaded X.509 cert 'Canonical Ltd. Secure Boot Signing (2021 v2): 4cf046892d6fd3c9a5b03f98d845f90851dc6a8c'
[    1.193403] Loaded X.509 cert 'Canonical Ltd. Secure Boot Signing (2021 v3): 100437bb6de6e469b581e61cd66bce3ef4ed53af'
[    1.196223] Loaded X.509 cert 'Canonical Ltd. Secure Boot Signing (Ubuntu Core 2019): c1d57b8f6b743f23ee41f4f7ee292f06eecadfb9'
[    1.207857] Demotion targets for Node 0: null
[    1.209272] Key type .fscrypt registered
[    1.210344] Key type fscrypt-provisioning registered
[    1.211808] Key type big_key registered
[    1.213778] Key type encrypted registered
[    1.214879] AppArmor: AppArmor sha256 policy hashing enabled
[    1.216414] ima: No TPM chip found, activating TPM-bypass!
[    1.217887] Loading compiled-in module X.509 certificates
[    1.219809] Loaded X.509 cert 'Build time autogenerated kernel key: 454b3e9802e3c39a997a1e8863aaf8b3df15fbc0'
[    1.222466] ima: Allocated hash algorithm: sha256
[    1.223741] ima: No architecture policies found
[    1.224983] evm: Initialising EVM extended attributes:
[    1.226387] evm: security.selinux
[    1.227297] evm: security.SMACK64
[    1.228211] evm: security.SMACK64EXEC
[    1.229206] evm: security.SMACK64TRANSMUTE
[    1.230315] evm: security.SMACK64MMAP
[    1.231347] evm: security.apparmor
[    1.232282] evm: security.ima
[    1.233090] evm: security.capability
[    1.234072] evm: HMAC attrs: 0x1
[    1.235309] PM:   Magic number: 14:29:649
[    1.236450] acpi LNXCPU:02: hash matches
[    1.237843] RAS: Correctable Errors collector initialized.
[    1.239705] clk: Disabling unused clocks
[    1.240761] PM: genpd: Disabling unused power domains
[    1.244073] Freeing unused decrypted memory: 2028K
[    1.245714] Freeing unused kernel image (initmem) memory: 5292K
[    1.246865] Write protecting the kernel read-only data: 43008k
[    1.248632] Freeing unused kernel image (text/rodata gap) memory: 776K
[    1.250283] Freeing unused kernel image (rodata/data gap) memory: 1668K
[    1.317739] x86/mm: Checked W+X mappings: passed, no W+X pages found.
[    1.318958] Run /init as init process
Linux (none) 7.0.0-29-generic #29-Ubuntu SMP PREEMPT_DYNAMIC Fri Jul 17 20:52:35 UTC 2026 x86_64 GNU/Linux
65536
107401
0-3
0-63
[    1.331001] NET: Registered PF_VSOCK protocol family
BENCH_PERF_PMU_PROBE

 Performance counter stats for 'system wide':

           3767677      cycles                                                                
           2806390      instructions                                                          

       0.101966066 seconds time elapsed

BENCH_PERF_SOFTWARE_PROBE

 Performance counter stats for 'system wide':

            407.55 msec cpu-clock                                                             
            407.55 msec task-clock                                                            
                26      context-switches                                                      
                 4      cpu-migrations                                                        

       0.101912987 seconds time elapsed

{"event": "begin"}
{"event": "program", "id": 8}
{"event": "loaded"}
{"event": "setup", "population": 1, "duration_s": 0.006305608}
{"event": "audit"}
{"event": "correctness_size"}
{"event": "correctness_size"}
{"event": "correctness_size"}
{"event": "idle", "population": 1, "duration_s": 2}
[    8.615025] clocksource: Long readout interval, skipping watchdog check: cs_nsec: 1781940279 wd_nsec: 1781939706
{"event": "window", "id": "aya-tcp-1-1-64-0-99", "population": 1, "duration_s": 0.150211206, "delivered_roundtrips": 1056}
{"event": "window", "id": "aya-tcp-1-1-64-100-0", "population": 1, "duration_s": 1.000345794, "delivered_roundtrips": 25}
{"event": "window", "id": "aya-tcp-1-1-64-1000-0", "population": 1, "duration_s": 1.000247236, "delivered_roundtrips": 250}
{"event": "window", "id": "aya-tcp-1-1-64-0-0", "population": 1, "duration_s": 1.00015715, "delivered_roundtrips": 9728}
{"event": "window", "id": "aya-tcp-1-1-64-0-1", "population": 1, "duration_s": 1.000227105, "delivered_roundtrips": 9637}
{"event": "window", "id": "aya-tcp-1-1-64-1000-1", "population": 1, "duration_s": 1.000239624, "delivered_roundtrips": 250}
{"event": "window", "id": "aya-tcp-1-1-64-100-1", "population": 1, "duration_s": 1.000342118, "delivered_roundtrips": 25}
{"event": "window", "id": "aya-tcp-1-1-64-100-2", "population": 1, "duration_s": 1.000369099, "delivered_roundtrips": 25}
{"event": "window", "id": "aya-tcp-1-1-64-1000-2", "population": 1, "duration_s": 1.000260115, "delivered_roundtrips": 250}
{"event": "window", "id": "aya-tcp-1-1-64-0-2", "population": 1, "duration_s": 1.000229749, "delivered_roundtrips": 9961}
{"event": "window", "id": "aya-tcp-1-1-1024-0-99", "population": 1, "duration_s": 0.150176843, "delivered_roundtrips": 973}
{"event": "window", "id": "aya-tcp-1-1-1024-100-0", "population": 1, "duration_s": 1.000353645, "delivered_roundtrips": 25}
{"event": "window", "id": "aya-tcp-1-1-1024-1000-0", "population": 1, "duration_s": 1.000199924, "delivered_roundtrips": 250}
{"event": "window", "id": "aya-tcp-1-1-1024-0-0", "population": 1, "duration_s": 1.000147375, "delivered_roundtrips": 9019}
{"event": "window", "id": "aya-tcp-1-1-1024-0-1", "population": 1, "duration_s": 1.000092683, "delivered_roundtrips": 8839}
{"event": "window", "id": "aya-tcp-1-1-1024-1000-1", "population": 1, "duration_s": 1.000273114, "delivered_roundtrips": 250}
{"event": "window", "id": "aya-tcp-1-1-1024-100-1", "population": 1, "duration_s": 1.000381497, "delivered_roundtrips": 25}
{"event": "window", "id": "aya-tcp-1-1-1024-100-2", "population": 1, "duration_s": 1.000354687, "delivered_roundtrips": 25}
{"event": "window", "id": "aya-tcp-1-1-1024-1000-2", "population": 1, "duration_s": 1.00031039, "delivered_roundtrips": 250}
{"event": "window", "id": "aya-tcp-1-1-1024-0-2", "population": 1, "duration_s": 1.000191011, "delivered_roundtrips": 9649}
{"event": "window", "id": "aya-tcp-1-1-65536-0-99", "population": 1, "duration_s": 0.150149552, "delivered_roundtrips": 276}
{"event": "window", "id": "aya-tcp-1-1-65536-100-0", "population": 1, "duration_s": 1.000388588, "delivered_roundtrips": 25}
{"event": "window", "id": "aya-tcp-1-1-65536-1000-0", "population": 1, "duration_s": 1.000292773, "delivered_roundtrips": 250}
{"event": "window", "id": "aya-tcp-1-1-65536-0-0", "population": 1, "duration_s": 1.000267816, "delivered_roundtrips": 2228}
{"event": "window", "id": "aya-tcp-1-1-65536-0-1", "population": 1, "duration_s": 1.000315218, "delivered_roundtrips": 2258}
{"event": "window", "id": "aya-tcp-1-1-65536-1000-1", "population": 1, "duration_s": 1.000205483, "delivered_roundtrips": 250}
{"event": "window", "id": "aya-tcp-1-1-65536-100-1", "population": 1, "duration_s": 1.000384352, "delivered_roundtrips": 25}
{"event": "window", "id": "aya-tcp-1-1-65536-100-2", "population": 1, "duration_s": 1.000344892, "delivered_roundtrips": 25}
{"event": "window", "id": "aya-tcp-1-1-65536-1000-2", "population": 1, "duration_s": 1.000250731, "delivered_roundtrips": 250}
{"event": "window", "id": "aya-tcp-1-1-65536-0-2", "population": 1, "duration_s": 1.000175848, "delivered_roundtrips": 2364}
{"event": "traffic_resources", "population": 1}
{"event": "audit"}
{"event": "setup", "population": 64, "duration_s": 0.044240633}
{"event": "audit"}
{"event": "idle", "population": 64, "duration_s": 2}
{"event": "window", "id": "aya-tcp-64-64-64-0-99", "population": 64, "duration_s": 0.150223404, "delivered_roundtrips": 3936}
{"event": "window", "id": "aya-tcp-64-64-64-100-0", "population": 64, "duration_s": 1.000294677, "delivered_roundtrips": 100}
{"event": "window", "id": "aya-tcp-64-64-64-1000-0", "population": 64, "duration_s": 1.000284671, "delivered_roundtrips": 1000}
{"event": "window", "id": "aya-tcp-64-64-64-0-0", "population": 64, "duration_s": 1.000146194, "delivered_roundtrips": 41659}
{"event": "window", "id": "aya-tcp-64-64-64-0-1", "population": 64, "duration_s": 1.000184731, "delivered_roundtrips": 45782}
[   71.262871] clocksource: Long readout interval, skipping watchdog check: cs_nsec: 4699854442 wd_nsec: 4699852519
{"event": "window", "id": "aya-tcp-64-64-64-1000-1", "population": 64, "duration_s": 1.000311302, "delivered_roundtrips": 1000}
{"event": "window", "id": "aya-tcp-64-64-64-100-1", "population": 64, "duration_s": 1.000328908, "delivered_roundtrips": 100}
{"event": "window", "id": "aya-tcp-64-64-64-100-2", "population": 64, "duration_s": 1.000287276, "delivered_roundtrips": 100}
{"event": "window", "id": "aya-tcp-64-64-64-1000-2", "population": 64, "duration_s": 1.000349319, "delivered_roundtrips": 1000}
{"event": "window", "id": "aya-tcp-64-64-64-0-2", "population": 64, "duration_s": 1.000154215, "delivered_roundtrips": 57879}
{"event": "window", "id": "aya-tcp-64-64-1024-0-99", "population": 64, "duration_s": 0.150173769, "delivered_roundtrips": 7450}
{"event": "window", "id": "aya-tcp-64-64-1024-100-0", "population": 64, "duration_s": 1.00038309, "delivered_roundtrips": 100}
{"event": "window", "id": "aya-tcp-64-64-1024-1000-0", "population": 64, "duration_s": 1.00036997, "delivered_roundtrips": 1000}
{"event": "window", "id": "aya-tcp-64-64-1024-0-0", "population": 64, "duration_s": 1.000201566, "delivered_roundtrips": 55776}
{"event": "window", "id": "aya-tcp-64-64-1024-0-1", "population": 64, "duration_s": 1.000161887, "delivered_roundtrips": 56293}
{"event": "window", "id": "aya-tcp-64-64-1024-1000-1", "population": 64, "duration_s": 1.000370761, "delivered_roundtrips": 1000}
{"event": "window", "id": "aya-tcp-64-64-1024-100-1", "population": 64, "duration_s": 1.00030363, "delivered_roundtrips": 100}
{"event": "window", "id": "aya-tcp-64-64-1024-100-2", "population": 64, "duration_s": 1.000365684, "delivered_roundtrips": 100}
{"event": "window", "id": "aya-tcp-64-64-1024-1000-2", "population": 64, "duration_s": 1.00031024, "delivered_roundtrips": 1000}
{"event": "window", "id": "aya-tcp-64-64-1024-0-2", "population": 64, "duration_s": 1.000201026, "delivered_roundtrips": 55888}
{"event": "window", "id": "aya-tcp-64-64-65536-0-99", "population": 64, "duration_s": 0.15026091, "delivered_roundtrips": 2106}
{"event": "window", "id": "aya-tcp-64-64-65536-100-0", "population": 64, "duration_s": 1.000275387, "delivered_roundtrips": 100}
{"event": "window", "id": "aya-tcp-64-64-65536-1000-0", "population": 64, "duration_s": 1.000275598, "delivered_roundtrips": 1000}
{"event": "window", "id": "aya-tcp-64-64-65536-0-0", "population": 64, "duration_s": 1.000233594, "delivered_roundtrips": 15434}
{"event": "window", "id": "aya-tcp-64-64-65536-0-1", "population": 64, "duration_s": 1.000300405, "delivered_roundtrips": 15805}
{"event": "window", "id": "aya-tcp-64-64-65536-1000-1", "population": 64, "duration_s": 1.000357762, "delivered_roundtrips": 1000}
{"event": "window", "id": "aya-tcp-64-64-65536-100-1", "population": 64, "duration_s": 1.000305172, "delivered_roundtrips": 100}
{"event": "window", "id": "aya-tcp-64-64-65536-100-2", "population": 64, "duration_s": 1.000325984, "delivered_roundtrips": 100}
{"event": "window", "id": "aya-tcp-64-64-65536-1000-2", "population": 64, "duration_s": 1.000244871, "delivered_roundtrips": 1000}
{"event": "window", "id": "aya-tcp-64-64-65536-0-2", "population": 64, "duration_s": 1.000297461, "delivered_roundtrips": 15659}
{"event": "traffic_resources", "population": 64}
{"event": "audit"}
{"event": "owned_retirement", "duration_s": 0.487790481}
{"event": "transport_drain_live_kernel", "confirmed_zero": true, "usage": 0}
{"event": "complete"}
BENCH_HARNESS_EXIT=0
vhost_vsock 28672 0 - Live 0xffffffffc0615000
vmw_vsock_virtio_transport_common 57344 1 vhost_vsock, Live 0xffffffffc0611000
vhost 69632 1 vhost_vsock, Live 0xffffffffc0609000
vhost_iotlb 16384 1 vhost, Live 0xffffffffc0608000
vsock 73728 2 vhost_vsock,vmw_vsock_virtio_transport_common, Live 0xffffffffc0600000
BENCH_LIVE_MODULES_AFTER_UNLOAD
vhost_vsock 28672 0 - Live 0xffffffffc0615000
vmw_vsock_virtio_transport_common 57344 1 vhost_vsock, Live 0xffffffffc0611000
vhost 69632 1 vhost_vsock, Live 0xffffffffc0609000
vhost_iotlb 16384 1 vhost, Live 0xffffffffc0608000
vsock 73728 2 vhost_vsock,vmw_vsock_virtio_transport_common, Live 0xffffffffc0600000
1
[    0.000000] Linux version 7.0.0-29-generic (buildd@lcy02-amd64-113) (x86_64-linux-gnu-gcc (Ubuntu 15.2.0-16ubuntu1) 15.2.0, GNU ld (GNU Binutils for Ubuntu) 2.46) #29-Ubuntu SMP PREEMPT_DYNAMIC Fri Jul 17 20:52:35 UTC 2026 (Ubuntu 7.0.0-29.29-generic 7.0.12)
[    0.000000] Command line: console=ttyS0 rdinit=/init panic=-1
[    0.000000] KERNEL supported cpus:
[    0.000000]   Intel GenuineIntel
[    0.000000]   AMD AuthenticAMD
[    0.000000]   Hygon HygonGenuine
[    0.000000]   Centaur CentaurHauls
[    0.000000]   zhaoxin   Shanghai  
[    0.000000] BIOS-provided physical RAM map:
[    0.000000] BIOS-e820: [mem 0x0000000000000000-0x000000000009fbff]  System RAM
[    0.000000] BIOS-e820: [mem 0x000000000009fc00-0x000000000009ffff]  device reserved
[    0.000000] BIOS-e820: [gap 0x00000000000a0000-0x00000000000effff]
[    0.000000] BIOS-e820: [mem 0x00000000000f0000-0x00000000000fffff]  device reserved
[    0.000000] BIOS-e820: [mem 0x0000000000100000-0x000000007ffdffff]  System RAM
[    0.000000] BIOS-e820: [mem 0x000000007ffe0000-0x000000007fffffff]  device reserved
[    0.000000] BIOS-e820: [gap 0x0000000080000000-0x00000000afffffff]
[    0.000000] BIOS-e820: [mem 0x00000000b0000000-0x00000000bfffffff]  device reserved
[    0.000000] BIOS-e820: [gap 0x00000000c0000000-0x00000000fed1bfff]
[    0.000000] BIOS-e820: [mem 0x00000000fed1c000-0x00000000fed1ffff]  device reserved
[    0.000000] BIOS-e820: [gap 0x00000000fed20000-0x00000000feffbfff]
[    0.000000] BIOS-e820: [mem 0x00000000feffc000-0x00000000feffffff]  device reserved
[    0.000000] BIOS-e820: [gap 0x00000000ff000000-0x00000000fffbffff]
[    0.000000] BIOS-e820: [mem 0x00000000fffc0000-0x00000000ffffffff]  device reserved
[    0.000000] BIOS-e820: [mem 0x0000000100000000-0x000000047fffffff]  System RAM
[    0.000000] BIOS-e820: [gap 0x0000000480000000-0x000000fcffffffff]
[    0.000000] BIOS-e820: [mem 0x000000fd00000000-0x000000ffffffffff]  device reserved
[    0.000000] NX (Execute Disable) protection: active
[    0.000000] APIC: Static calls initialized
[    0.000000] SMBIOS 2.8 present.
[    0.000000] DMI: QEMU Standard PC (Q35 + ICH9, 2009), BIOS 1.17.0-debian-1.17.0-1ubuntu1 04/01/2014
[    0.000000] DMI: Memory slots populated: 1/1
[    0.000000] Hypervisor detected: KVM
[    0.000000] last_pfn = 0x7ffe0 max_arch_pfn = 0x10000000000
[    0.000000] kvm-clock: Using msrs 4b564d01 and 4b564d00
[    0.000001] kvm-clock: using sched offset of 224669494 cycles
[    0.000003] clocksource: kvm-clock: mask: 0xffffffffffffffff max_cycles: 0x1cd42e4dffb, max_idle_ns: 881590591483 ns
[    0.000006] tsc: Detected 2396.388 MHz processor
[    0.000381] e820: update [mem 0x00000000-0x00000fff] System RAM ==> device reserved
[    0.000385] e820: remove [mem 0x000a0000-0x000fffff] System RAM
[    0.000390] last_pfn = 0x480000 max_arch_pfn = 0x10000000000
[    0.000437] MTRR map: 4 entries (3 fixed + 1 variable; max 19), built from 8 variable MTRRs
[    0.000441] x86/PAT: Configuration [0-7]: WB  WC  UC- UC  WB  WP  UC- WT  
[    0.000504] last_pfn = 0x7ffe0 max_arch_pfn = 0x10000000000
[    0.003290] found SMP MP-table at [mem 0x000f5460-0x000f546f]
[    0.003309] Using GB pages for direct mapping
[    0.003514] RAMDISK: [mem 0x737f4000-0x7ffdffff]
[    0.003591] ACPI: Early table checksum verification disabled
[    0.003595] ACPI: RSDP 0x00000000000F5270 000014 (v00 BOCHS )
[    0.003599] ACPI: RSDT 0x000000007FFE3A02 000038 (v01 BOCHS  BXPC     00000001 BXPC 00000001)
[    0.003604] ACPI: FACP 0x000000007FFE3602 0000F4 (v03 BOCHS  BXPC     00000001 BXPC 00000001)
[    0.003609] ACPI: DSDT 0x000000007FFE0040 0035C2 (v01 BOCHS  BXPC     00000001 BXPC 00000001)
[    0.003612] ACPI: FACS 0x000000007FFE0000 000040
[    0.003614] ACPI: APIC 0x000000007FFE36F6 000270 (v03 BOCHS  BXPC     00000001 BXPC 00000001)
[    0.003617] ACPI: HPET 0x000000007FFE3966 000038 (v01 BOCHS  BXPC     00000001 BXPC 00000001)
[    0.003619] ACPI: MCFG 0x000000007FFE399E 00003C (v01 BOCHS  BXPC     00000001 BXPC 00000001)
[    0.003621] ACPI: WAET 0x000000007FFE39DA 000028 (v01 BOCHS  BXPC     00000001 BXPC 00000001)
[    0.003628] ACPI: Reserving FACP table memory at [mem 0x7ffe3602-0x7ffe36f5]
[    0.003630] ACPI: Reserving DSDT table memory at [mem 0x7ffe0040-0x7ffe3601]
[    0.003631] ACPI: Reserving FACS table memory at [mem 0x7ffe0000-0x7ffe003f]
[    0.003631] ACPI: Reserving APIC table memory at [mem 0x7ffe36f6-0x7ffe3965]
[    0.003632] ACPI: Reserving HPET table memory at [mem 0x7ffe3966-0x7ffe399d]
[    0.003633] ACPI: Reserving MCFG table memory at [mem 0x7ffe399e-0x7ffe39d9]
[    0.003633] ACPI: Reserving WAET table memory at [mem 0x7ffe39da-0x7ffe3a01]
[    0.004207] No NUMA configuration found
[    0.004209] Faking a node at [mem 0x0000000000000000-0x000000047fffffff]
[    0.004222] NODE_DATA(0) allocated [mem 0x47ffd5280-0x47fffffff]
[    0.005079] ACPI: PM-Timer IO Port: 0x608
[    0.005101] ACPI: LAPIC_NMI (acpi_id[0xff] dfl dfl lint[0x1])
[    0.005133] IOAPIC[0]: apic_id 0, version 17, address 0xfec00000, GSI 0-23
[    0.005136] ACPI: INT_SRC_OVR (bus 0 bus_irq 0 global_irq 2 dfl dfl)
[    0.005138] ACPI: INT_SRC_OVR (bus 0 bus_irq 5 global_irq 5 high level)
[    0.005139] ACPI: INT_SRC_OVR (bus 0 bus_irq 9 global_irq 9 high level)
[    0.005140] ACPI: INT_SRC_OVR (bus 0 bus_irq 10 global_irq 10 high level)
[    0.005141] ACPI: INT_SRC_OVR (bus 0 bus_irq 11 global_irq 11 high level)
[    0.005145] ACPI: Using ACPI (MADT) for SMP configuration information
[    0.005146] ACPI: HPET id: 0x8086a201 base: 0xfed00000
[    0.005149] TSC deadline timer available
[    0.005152] CPU topo: Max. logical packages:   1
[    0.005153] CPU topo: Max. logical nodes:      1
[    0.005153] CPU topo: Num. nodes per package:  1
[    0.005156] CPU topo: Max. logical dies:       1
[    0.005156] CPU topo: Max. dies per package:   1
[    0.005161] CPU topo: Max. threads per core:   1
[    0.005161] CPU topo: Num. cores per package:    64
[    0.005162] CPU topo: Num. threads per package:  64
[    0.005163] CPU topo: Allowing 4 present CPUs plus 60 hotplug CPUs
[    0.005182] kvm-guest: APIC: eoi() replaced with kvm_guest_apic_eoi_write()
[    0.005196] kvm-guest: KVM setup pv remote TLB flush
[    0.005201] kvm-guest: setup PV sched yield
[    0.005208] PM: hibernation: Registered nosave memory: [mem 0x00000000-0x00000fff]
[    0.005210] PM: hibernation: Registered nosave memory: [mem 0x0009f000-0x000fffff]
[    0.005211] PM: hibernation: Registered nosave memory: [mem 0x7ffe0000-0xffffffff]
[    0.005213] [gap 0xc0000000-0xfed1bfff] available for PCI devices
[    0.005214] Booting paravirtualized kernel on KVM
[    0.005216] clocksource: refined-jiffies: mask: 0xffffffff max_cycles: 0xffffffff, max_idle_ns: 1910969940391419 ns
[    0.005273] Zone ranges:
[    0.005274]   DMA      [mem 0x0000000000001000-0x0000000000ffffff]
[    0.005276]   DMA32    [mem 0x0000000001000000-0x00000000ffffffff]
[    0.005278]   Normal   [mem 0x0000000100000000-0x000000047fffffff]
[    0.005279]   Device   empty
[    0.005280] Movable zone start for each node
[    0.005282] Early memory node ranges
[    0.005283]   node   0: [mem 0x0000000000001000-0x000000000009efff]
[    0.005284]   node   0: [mem 0x0000000000100000-0x000000007ffdffff]
[    0.005285]   node   0: [mem 0x0000000100000000-0x000000047fffffff]
[    0.005288] Initmem setup node 0 [mem 0x0000000000001000-0x000000047fffffff]
[    0.005380] On node 0, zone DMA: 1 pages in unavailable ranges
[    0.005394] On node 0, zone DMA: 97 pages in unavailable ranges
[    0.029226] On node 0, zone Normal: 32 pages in unavailable ranges
[    0.029245] setup_percpu: NR_CPUS:8192 nr_cpumask_bits:64 nr_cpu_ids:64 nr_node_ids:1
[    0.032037] percpu: Embedded 85 pages/cpu s225280 r8192 d114688 u524288
[    0.032047] pcpu-alloc: s225280 r8192 d114688 u524288 alloc=1*2097152
[    0.032050] pcpu-alloc: [0] 00 01 02 03 [0] 04 05 06 07 
[    0.032055] pcpu-alloc: [0] 08 09 10 11 [0] 12 13 14 15 
[    0.032059] pcpu-alloc: [0] 16 17 18 19 [0] 20 21 22 23 
[    0.032063] pcpu-alloc: [0] 24 25 26 27 [0] 28 29 30 31 
[    0.032067] pcpu-alloc: [0] 32 33 34 35 [0] 36 37 38 39 
[    0.032071] pcpu-alloc: [0] 40 41 42 43 [0] 44 45 46 47 
[    0.032075] pcpu-alloc: [0] 48 49 50 51 [0] 52 53 54 55 
[    0.032079] pcpu-alloc: [0] 56 57 58 59 [0] 60 61 62 63 
[    0.032130] kvm-guest: PV spinlocks enabled
[    0.032133] PV qspinlock hash table entries: 256 (order: 0, 4096 bytes, linear)
[    0.032136] Kernel command line: console=ttyS0 rdinit=/init panic=-1
[    0.032177] random: crng init done
[    0.032178] printk: log_buf_len individual max cpu contribution: 4096 bytes
[    0.032179] printk: log_buf_len total cpu_extra contributions: 258048 bytes
[    0.032180] printk: log_buf_len min size: 262144 bytes
[    0.032507] printk: log buffer data + meta data: 524288 + 2228224 = 2752512 bytes
[    0.032509] printk: early log buf free: 253976(96%)
[    0.033526] Dentry cache hash table entries: 2097152 (order: 12, 16777216 bytes, linear)
[    0.034076] Inode-cache hash table entries: 1048576 (order: 11, 8388608 bytes, linear)
[    0.034576] software IO TLB: area num 64.
[    0.040895] Fallback order for Node 0: 0 
[    0.040907] Built 1 zonelists, mobility grouping on.  Total pages: 4194174
[    0.040908] Policy zone: Normal
[    0.040919] mem auto-init: stack:all(zero), heap alloc:on, heap free:off
[    0.068015] SLUB: HWalign=64, Order=0-3, MinObjects=0, CPUs=64, Nodes=1
[    0.081982] ftrace: allocating 63941 entries in 252 pages
[    0.081983] ftrace: allocated 252 pages with 6 groups
[    0.082845] Dynamic Preempt: lazy
[    0.083239] rcu: Preemptible hierarchical RCU implementation.
[    0.083241] rcu: 	RCU restricting CPUs from NR_CPUS=8192 to nr_cpu_ids=64.
[    0.083243] 	Trampoline variant of Tasks RCU enabled.
[    0.083243] 	Rude variant of Tasks RCU enabled.
[    0.083244] 	Tracing variant of Tasks RCU enabled.
[    0.083245] rcu: RCU calculated value of scheduler-enlistment delay is 100 jiffies.
[    0.083245] rcu: Adjusting geometry for rcu_fanout_leaf=16, nr_cpu_ids=64
[    0.083275] RCU Tasks: Setting shift to 6 and lim to 1 rcu_task_cb_adjust=1 rcu_task_cpu_ids=64.
[    0.083278] RCU Tasks Rude: Setting shift to 6 and lim to 1 rcu_task_cb_adjust=1 rcu_task_cpu_ids=64.
[    0.088369] NR_IRQS: 524544, nr_irqs: 936, preallocated irqs: 16
[    0.088650] rcu: srcu_init: Setting srcu_struct sizes based on contention.
[    0.088924] Console: colour *CGA 80x25
[    0.088999] printk: legacy console [ttyS0] enabled
[    0.310778] ACPI: Core revision 20251212
[    0.312079] clocksource: hpet: mask: 0xffffffff max_cycles: 0xffffffff, max_idle_ns: 19112604467 ns
[    0.314646] APIC: Switch to symmetric I/O mode setup
[    0.316209] x2apic enabled
[    0.317289] APIC: Switched APIC routing to: physical x2apic
[    0.318783] kvm-guest: APIC: send_IPI_mask() replaced with kvm_send_ipi_mask()
[    0.320670] kvm-guest: APIC: send_IPI_mask_allbutself() replaced with kvm_send_ipi_mask_allbutself()
[    0.323037] kvm-guest: setup PV IPIs
[    0.325324] ..TIMER: vector=0x30 apic1=0 pin1=2 apic2=-1 pin2=-1
[    0.326926] clocksource: tsc-early: mask: 0xffffffffffffffff max_cycles: 0x228ae3847f6, max_idle_ns: 440795295175 ns
[    0.329670] Calibrating delay loop (skipped) preset value.. 4792.77 BogoMIPS (lpj=2396388)
[    0.330812] x86/cpu: User Mode Instruction Prevention (UMIP) activated
[    0.331850] Last level iTLB entries: 4KB 512, 2MB 255, 4MB 127
[    0.332669] Last level dTLB entries: 4KB 512, 2MB 255, 4MB 127, 1GB 0
[    0.333680] mitigations: Enabled attack vectors: user_kernel, user_user, guest_host, guest_guest, SMT mitigations: auto
[    0.334669] Speculative Store Bypass: Mitigation: Speculative Store Bypass disabled via prctl
[    0.335669] Transient Scheduler Attacks: Vulnerable: No microcode
[    0.336668] Spectre V2 : Mitigation: Enhanced / Automatic IBRS
[    0.337669] Speculative Return Stack Overflow: Mitigation: Safe RET
[    0.338668] Spectre V1 : Mitigation: usercopy/swapgs barriers and __user pointer sanitization
[    0.339675] Spectre V2 : mitigation: Enabling conditional Indirect Branch Prediction Barrier
[    0.340669] active return thunk: srso_alias_return_thunk
[    0.342692] x86/fpu: Supporting XSAVE feature 0x001: 'x87 floating point registers'
[    0.343668] x86/fpu: Supporting XSAVE feature 0x002: 'SSE registers'
[    0.344668] x86/fpu: Supporting XSAVE feature 0x004: 'AVX registers'
[    0.345668] x86/fpu: Supporting XSAVE feature 0x020: 'AVX-512 opmask'
[    0.346669] x86/fpu: Supporting XSAVE feature 0x040: 'AVX-512 Hi256'
[    0.347670] x86/fpu: Supporting XSAVE feature 0x080: 'AVX-512 ZMM_Hi256'
[    0.348668] x86/fpu: Supporting XSAVE feature 0x200: 'Protection Keys User registers'
[    0.349669] x86/fpu: xstate_offset[2]:  576, xstate_sizes[2]:  256
[    0.350668] x86/fpu: xstate_offset[5]:  832, xstate_sizes[5]:   64
[    0.351668] x86/fpu: xstate_offset[6]:  896, xstate_sizes[6]:  512
[    0.352669] x86/fpu: xstate_offset[7]: 1408, xstate_sizes[7]: 1024
[    0.353668] x86/fpu: xstate_offset[9]: 2432, xstate_sizes[9]:    8
[    0.354668] x86/fpu: Enabled xstate features 0x2e7, context size is 2440 bytes, using 'compacted' format.
[    0.396193] Freeing SMP alternatives memory: 56K
[    0.396670] pid_max: default: 65536 minimum: 512
[    0.398942] landlock: Up and running.
[    0.399668] Yama: becoming mindful.
[    0.400840] AppArmor: AppArmor initialized
[    0.401670] AppArmor: AppArmor secmark mediation reserved: ready to be enabled
[    0.402864] Mount-cache hash table entries: 32768 (order: 6, 262144 bytes, linear)
[    0.403677] Mountpoint-cache hash table entries: 32768 (order: 6, 262144 bytes, linear)
[    0.404829] VFS: Finished mounting rootfs on nullfs
[    0.406428] smpboot: CPU0: AMD EPYC 8024P 8-Core Processor (family: 0x19, model: 0xa0, stepping: 0x2)
[    0.407009] Performance Events: Fam17h+ core perfctr, AMD PMU driver.
[    0.407682] ... version:                   2
[    0.408670] ... bit width:                 48
[    0.409670] ... generic counters:          6
[    0.410671] ... generic bitmap:            000000000000003f
[    0.411671] ... fixed-purpose counters:    0
[    0.412670] ... fixed-purpose bitmap:      0000000000000000
[    0.413670] ... value mask:                0000ffffffffffff
[    0.414671] ... max period:                00007fffffffffff
[    0.415673] ... global_ctrl mask:          000000000000003f
[    0.416931] signal: max sigframe size: 3376
[    0.417732] rcu: Hierarchical SRCU implementation.
[    0.418676] rcu: 	Max phase no-delay instances is 400.
[    0.419749] Timer migration: 2 hierarchy levels; 8 children per group; 2 crossnode level
[    0.429110] smp: Bringing up secondary CPUs ...
[    0.429968] smpboot: x86: Booting SMP configuration:
[    0.430683] .... node  #0, CPUs:        #1  #2  #3
[    0.434731] smp: Brought up 1 node, 4 CPUs
[    0.436674] smpboot: Total of 4 processors activated (19171.10 BogoMIPS)
[    0.438420] Memory: 13728472K/16776696K available (23799K kernel code, 4952K rwdata, 16764K rodata, 5292K init, 5856K bss, 3029904K reserved, 0K cma-reserved)
[    0.439181] devtmpfs: initialized
[    0.439769] x86/mm: Memory block size: 128MB
[    0.443791] clocksource: jiffies: mask: 0xffffffff max_cycles: 0xffffffff, max_idle_ns: 1911260446275000 ns
[    0.444688] posixtimers hash table entries: 32768 (order: 7, 524288 bytes, linear)
[    0.445719] futex hash table entries: 16384 (1048576 bytes on 1 NUMA nodes, total 1024 KiB, linear).
[    0.447173] PM: RTC time: 20:36:35, date: 2026-10-04
[    0.448348] NET: Registered PF_NETLINK/PF_ROUTE protocol family
[    0.449072] DMA: preallocated 2048 KiB GFP_KERNEL pool for atomic allocations
[    0.449735] DMA: preallocated 2048 KiB GFP_KERNEL|GFP_DMA pool for atomic allocations
[    0.450744] DMA: preallocated 2048 KiB GFP_KERNEL|GFP_DMA32 pool for atomic allocations
[    0.451684] audit: initializing netlink subsys (disabled)
[    0.452692] audit: type=2000 audit(1791146196.334:1): state=initialized audit_enabled=0 res=1
[    0.452895] thermal_sys: Registered thermal governor 'fair_share'
[    0.453675] thermal_sys: Registered thermal governor 'bang_bang'
[    0.454671] thermal_sys: Registered thermal governor 'step_wise'
[    0.455673] thermal_sys: Registered thermal governor 'user_space'
[    0.456671] thermal_sys: Registered thermal governor 'power_allocator'
[    0.457689] cpuidle: using governor ladder
[    0.459694] cpuidle: using governor menu
[    0.461829] acpiphp: ACPI Hot Plug PCI Controller Driver version: 0.5
[    0.462989] PCI: ECAM [mem 0xb0000000-0xbfffffff] (base 0xb0000000) for domain 0000 [bus 00-ff]
[    0.463674] PCI: ECAM [mem 0xb0000000-0xbfffffff] reserved as E820 entry
[    0.464685] PCI: Using configuration type 1 for base access
[    0.465764] kprobes: kprobe jump-optimization is enabled. All kprobes are optimized if possible.
[    0.467802] HugeTLB: registered 1.00 GiB page size, pre-allocated 0 pages
[    0.471689] HugeTLB: 16380 KiB vmemmap can be freed for a 1.00 GiB page
[    0.475682] HugeTLB: registered 2.00 MiB page size, pre-allocated 0 pages
[    0.478678] HugeTLB: 28 KiB vmemmap can be freed for a 2.00 MiB page
[    0.487223] ACPI: Added _OSI(Module Device)
[    0.489680] ACPI: Added _OSI(Processor Device)
[    0.491678] ACPI: Added _OSI(Processor Aggregator Device)
[    0.504112] ACPI: 1 ACPI AML tables successfully acquired and loaded
[    0.511688] ACPI: \_SB_: platform _OSC: OS support mask [006e7eff]
[    0.516068] ACPI: Interpreter enabled
[    0.517730] ACPI: PM: (supports S0 S3 S4 S5)
[    0.519677] ACPI: Using IOAPIC for interrupt routing
[    0.523635] PCI: Using host bridge windows from ACPI; if necessary, use "pci=nocrs" and report a bug
[    0.528678] PCI: Using E820 reservations for host bridge windows
[    0.532381] ACPI: Enabled 2 GPEs in block 00 to 3F
[    0.559015] ACPI: PCI Root Bridge [PCI0] (domain 0000 [bus 00-ff])
[    0.561688] acpi PNP0A08:00: _OSC: OS supports [ExtendedConfig ASPM ClockPM Segments MSI EDR HPX-Type3]
[    0.566879] acpi PNP0A08:00: _OSC: platform does not support [PCIeHotplug LTR DPC]
[    0.570004] acpi PNP0A08:00: _OSC: OS now controls [SHPCHotplug PME AER PCIeCapability]
[    0.574100] PCI host bridge to bus 0000:00
[    0.575686] pci_bus 0000:00: root bus resource [io  0x0000-0x0cf7 window]
[    0.578677] pci_bus 0000:00: root bus resource [io  0x0d00-0xffff window]
[    0.582677] pci_bus 0000:00: root bus resource [mem 0x000a0000-0x000bffff window]
[    0.585677] pci_bus 0000:00: root bus resource [mem 0x80000000-0xafffffff window]
[    0.588673] pci_bus 0000:00: root bus resource [mem 0xc0000000-0xfebfffff window]
[    0.590672] pci_bus 0000:00: root bus resource [mem 0x480000000-0xc7fffffff window]
[    0.592672] pci_bus 0000:00: root bus resource [bus 00-ff]
[    0.593769] pci 0000:00:00.0: [8086:29c0] type 00 class 0x060000 conventional PCI endpoint
[    0.606283] pci 0000:00:1f.0: [8086:2918] type 00 class 0x060100 conventional PCI endpoint
[    0.609423] pci 0000:00:1f.0: quirk: [io  0x0600-0x067f] claimed by ICH6 ACPI/GPIO/TCO
[    0.612186] pci 0000:00:1f.2: [8086:2922] type 00 class 0x010601 conventional PCI endpoint
[    0.615749] pci 0000:00:1f.2: BAR 4 [io  0xc040-0xc05f]
[    0.616688] pci 0000:00:1f.2: BAR 5 [mem 0xfebff000-0xfebfffff]
[    0.619398] pci 0000:00:1f.3: [8086:2930] type 00 class 0x0c0500 conventional PCI endpoint
[    0.622671] pci 0000:00:1f.3: BAR 4 [io  0x0700-0x073f]
[    0.625530] ACPI: PCI: Interrupt link LNKA configured for IRQ 10
[    0.626866] ACPI: PCI: Interrupt link LNKB configured for IRQ 10
[    0.628869] ACPI: PCI: Interrupt link LNKC configured for IRQ 11
[    0.630862] ACPI: PCI: Interrupt link LNKD configured for IRQ 11
[    0.632863] ACPI: PCI: Interrupt link LNKE configured for IRQ 10
[    0.633870] ACPI: PCI: Interrupt link LNKF configured for IRQ 10
[    0.635862] ACPI: PCI: Interrupt link LNKG configured for IRQ 11
[    0.637862] ACPI: PCI: Interrupt link LNKH configured for IRQ 11
[    0.639742] ACPI: PCI: Interrupt link GSIA configured for IRQ 16
[    0.640695] ACPI: PCI: Interrupt link GSIB configured for IRQ 17
[    0.642692] ACPI: PCI: Interrupt link GSIC configured for IRQ 18
[    0.643692] ACPI: PCI: Interrupt link GSID configured for IRQ 19
[    0.645692] ACPI: PCI: Interrupt link GSIE configured for IRQ 20
[    0.646692] ACPI: PCI: Interrupt link GSIF configured for IRQ 21
[    0.648692] ACPI: PCI: Interrupt link GSIG configured for IRQ 22
[    0.649692] ACPI: PCI: Interrupt link GSIH configured for IRQ 23
[    0.657715] iommu: Default domain type: Translated
[    0.658672] iommu: DMA domain TLB invalidation policy: lazy mode
[    0.660991] SCSI subsystem initialized
[    0.661696] libata version 3.00 loaded.
[    0.661732] ACPI: bus type USB registered
[    0.662704] usbcore: registered new interface driver usbfs
[    0.663684] usbcore: registered new interface driver hub
[    0.665696] usbcore: registered new device driver usb
[    0.666703] pps_core: LinuxPPS API ver. 1 registered
[    0.667671] pps_core: Software ver. 5.3.6 - Copyright 2005-2007 Rodolfo Giometti <giometti@linux.it>
[    0.670684] PTP clock support registered
[    0.671736] EDAC MC: Ver: 3.0.0
[    0.673717] NetLabel: Initializing
[    0.674614] NetLabel:  domain hash size = 128
[    0.675671] NetLabel:  protocols = UNLABELED CIPSOv4 CALIPSO
[    0.676703] NetLabel:  unlabeled traffic allowed by default
[    0.678729] mctp: management component transport protocol core
[    0.679679] NET: Registered PF_MCTP protocol family
[    0.681697] PCI: Using ACPI for IRQ routing
[    0.878320] PCI: pci_cache_line_size set to 64 bytes
[    0.878455] e820: register RAM buffer resource [mem 0x0009fc00-0x0009ffff]
[    0.880676] e820: register RAM buffer resource [mem 0x7ffe0000-0x7fffffff]
[    0.882732] vgaarb: loaded
[    0.883754] hpet0: at MMIO 0xfed00000, IRQs 2, 8, 0
[    0.884671] hpet0: 3 comparators, 64-bit 100.000000 MHz counter
[    0.893669] clocksource: Switched to clocksource kvm-clock
[    0.895463] VFS: Disk quotas dquot_6.6.0
[    0.896557] VFS: Dquot-cache hash table entries: 512 (order 0, 4096 bytes)
[    0.898946] AppArmor: AppArmor Filesystem Enabled
[    0.900230] acpi PNP0C01:00: Reserved [mem 0xb0000000-0xbfffffff]
[    0.901847] pnp: PnP ACPI init
[    0.903446] pnp: PnP ACPI: found 4 devices
[    0.912683] clocksource: acpi_pm: mask: 0xffffff max_cycles: 0xffffff, max_idle_ns: 2085701024 ns
[    0.915140] NET: Registered PF_INET protocol family
[    0.916550] IP idents hash table entries: 262144 (order: 9, 2097152 bytes, linear)
[    0.938736] tcp_listen_portaddr_hash hash table entries: 8192 (order: 5, 131072 bytes, linear)
[    0.941015] Table-perturb hash table entries: 65536 (order: 6, 262144 bytes, linear)
[    0.943174] TCP established hash table entries: 131072 (order: 8, 1048576 bytes, linear)
[    0.945441] TCP bind hash table entries: 65536 (order: 9, 2097152 bytes, linear)
[    0.947454] TCP: Hash tables configured (established 131072 bind 65536)
[    0.949388] MPTCP token hash table entries: 16384 (order: 7, 393216 bytes, linear)
[    0.951386] UDP hash table entries: 8192 (order: 7, 524288 bytes, linear)
[    0.953208] UDP-Lite hash table entries: 8192 (order: 7, 524288 bytes, linear)
[    0.955326] NET: Registered PF_UNIX/PF_LOCAL protocol family
[    0.956814] NET: Registered PF_XDP protocol family
[    0.958078] pci_bus 0000:00: resource 4 [io  0x0000-0x0cf7 window]
[    0.959681] pci_bus 0000:00: resource 5 [io  0x0d00-0xffff window]
[    0.961288] pci_bus 0000:00: resource 6 [mem 0x000a0000-0x000bffff window]
[    0.963058] pci_bus 0000:00: resource 7 [mem 0x80000000-0xafffffff window]
[    0.964849] pci_bus 0000:00: resource 8 [mem 0xc0000000-0xfebfffff window]
[    0.966631] pci_bus 0000:00: resource 9 [mem 0x480000000-0xc7fffffff window]
[    0.968561] PCI: CLS 0 bytes, default 64
[    0.969696] PCI-DMA: Using software bounce buffering for IO (SWIOTLB)
[    0.969841] Trying to unpack rootfs image as initramfs...
[    0.971384] software IO TLB: mapped [mem 0x000000006f7f4000-0x00000000737f4000] (64MB)
[    0.971437] clocksource: tsc: mask: 0xffffffffffffffff max_cycles: 0x228ae3847f6, max_idle_ns: 440795295175 ns
[    0.980579] Initialise system trusted keyrings
[    0.981766] Key type blacklist registered
[    0.983013] workingset: timestamp_bits=36 max_order=22 bucket_order=0
[    0.985449] squashfs: version 4.0 (2009/01/31) Phillip Lougher
[    0.987247] fuse: init (API version 7.45)
[    0.988666] integrity: Platform Keyring initialized
[    0.989951] integrity: Machine keyring initialized
[    1.003936] Key type asymmetric registered
[    1.005027] Asymmetric key parser 'x509' registered
[    1.006340] Block layer SCSI generic (bsg) driver version 0.4 loaded (major 242)
[    1.008437] io scheduler mq-deadline registered
[    1.011038] ledtrig-cpu: registered to indicate activity on CPUs
[    1.012875] input: Power Button as /devices/platform/LNXPWRBN:00/input/input0
[    1.014837] ACPI: button: Power Button [PWRF]
[    1.017517] Serial: 8250/16550 driver, 32 ports, IRQ sharing enabled
[    1.045401] 00:02: ttyS0 at I/O 0x3f8 (irq = 4, base_baud = 115200) is a 16550A
[    1.051394] Linux agpgart interface v0.103
[    1.059433] loop: module loaded
[    1.060629] ACPI: bus type drm_connector registered
[    1.062244] tun: Universal TUN/TAP device driver, 1.6
[    1.063637] PPP generic driver version 2.4.2
[    1.064992] i8042: PNP: PS/2 Controller [PNP0303:KBD,PNP0f13:MOU] at 0x60,0x64 irq 1,12
[    1.068234] serio: i8042 KBD port at 0x60,0x64 irq 1
[    1.069545] serio: i8042 AUX port at 0x60,0x64 irq 12
[    1.071081] mousedev: PS/2 mouse device common for all mice
[    1.073148] input: AT Translated Set 2 keyboard as /devices/platform/i8042/serio0/input/input1
[    1.074104] rtc_cmos 00:03: RTC can wake from S4
[    1.079671] rtc_cmos 00:03: registered as rtc0
[    1.082287] rtc_cmos 00:03: setting system clock to 2026-10-04T20:36:36 UTC (1791146196)
[    1.086714] rtc_cmos 00:03: alarms up to one day, y3k, 242 bytes nvram, hpet irqs
[    1.088872] Freeing initrd memory: 204720K
[    1.090647] i2c_dev: i2c /dev entries driver
[    1.094237] device-mapper: core: CONFIG_IMA_DISABLE_HTABLE is disabled. Duplicate IMA measurements will not be recorded in the IMA log.
[    1.100580] device-mapper: uevent: version 1.0.3
[    1.103309] device-mapper: ioctl: 4.50.0-ioctl (2025-04-28) initialised: dm-devel@lists.linux.dev
[    1.107944] amd_pstate: The CPPC feature is supported but currently disabled by the BIOS.
[    1.107944] Please enable it if your BIOS has the CPPC option.
[    1.115235] amd_pstate: the _CPC object is not present in SBIOS or ACPI disabled
[    1.119235] drop_monitor: Initializing network drop monitor service
[    1.122900] NET: Registered PF_INET6 protocol family
[    1.126722] Segment Routing with IPv6
[    1.128949] In-situ OAM (IOAM) with IPv6
[    1.131346] NET: Registered PF_PACKET protocol family
[    1.134519] Key type dns_resolver registered
[    1.138315] IPI shorthand broadcast: enabled
[    1.146109] sched_clock: Marking stable (913006493, 233006714)->(1213508875, -67495668)
[    1.150734] registered taskstats version 1
[    1.154308] Loading compiled-in X.509 certificates
[    1.157296] Loaded X.509 cert 'Build time autogenerated kernel key: 454b3e9802e3c39a997a1e8863aaf8b3df15fbc0'
[    1.162086] Loaded X.509 cert 'Canonical Ltd. Live Patch Signing 2025 Kmod: d541cef61dc7e793b7eb7e899970a2eef0b5dc8c'
[    1.165974] Loaded X.509 cert 'Canonical Ltd. Live Patch Signing: 14df34d1a87cf37625abec039ef2bf521249b969'
[    1.168980] Loaded X.509 cert 'Canonical Ltd. Kernel Module Signing 2025 Kmod: 4627603d2357a2a3f81006370894c221175893e9'
[    1.172292] Loaded X.509 cert 'Canonical Ltd. Kernel Module Signing: 88f752e560a1e0737e31163a466ad7b70a850c19'
[    1.174906] blacklist: Loading compiled-in revocation X.509 certificates
[    1.176721] Loaded X.509 cert 'Canonical Ltd. Secure Boot Signing: 61482aa2830d0ab2ad5af10b7250da9033ddcef0'
[    1.179354] Loaded X.509 cert 'Canonical Ltd. Secure Boot Signing (2017): 242ade75ac4a15e50d50c84b0d45ff3eae707a03'
[    1.182109] Loaded X.509 cert 'Canonical Ltd. Secure Boot Signing (ESM 2018): 365188c1d374d6b07c3c8f240f8ef722433d6a8b'
[    1.184951] Loaded X.509 cert 'Canonical Ltd. Secure Boot Signing (2019): c0746fd6c5da3ae827864651ad66ae47fe24b3e8'
[    1.187706] Loaded X.509 cert 'Canonical Ltd. Secure Boot Signing (2021 v1): a8d54bbb3825cfb94fa13c9f8a594a195c107b8d'
[    1.190555] Loaded X.509 cert 'Canonical Ltd. Secure Boot Signing (2021 v2): 4cf046892d6fd3c9a5b03f98d845f90851dc6a8c'
[    1.193403] Loaded X.509 cert 'Canonical Ltd. Secure Boot Signing (2021 v3): 100437bb6de6e469b581e61cd66bce3ef4ed53af'
[    1.196223] Loaded X.509 cert 'Canonical Ltd. Secure Boot Signing (Ubuntu Core 2019): c1d57b8f6b743f23ee41f4f7ee292f06eecadfb9'
[    1.207857] Demotion targets for Node 0: null
[    1.209272] Key type .fscrypt registered
[    1.210344] Key type fscrypt-provisioning registered
[    1.211808] Key type big_key registered
[    1.213778] Key type encrypted registered
[    1.214879] AppArmor: AppArmor sha256 policy hashing enabled
[    1.216414] ima: No TPM chip found, activating TPM-bypass!
[    1.217887] Loading compiled-in module X.509 certificates
[    1.219809] Loaded X.509 cert 'Build time autogenerated kernel key: 454b3e9802e3c39a997a1e8863aaf8b3df15fbc0'
[    1.222466] ima: Allocated hash algorithm: sha256
[    1.223741] ima: No architecture policies found
[    1.224983] evm: Initialising EVM extended attributes:
[    1.226387] evm: security.selinux
[    1.227297] evm: security.SMACK64
[    1.228211] evm: security.SMACK64EXEC
[    1.229206] evm: security.SMACK64TRANSMUTE
[    1.230315] evm: security.SMACK64MMAP
[    1.231347] evm: security.apparmor
[    1.232282] evm: security.ima
[    1.233090] evm: security.capability
[    1.234072] evm: HMAC attrs: 0x1
[    1.235309] PM:   Magic number: 14:29:649
[    1.236450] acpi LNXCPU:02: hash matches
[    1.237843] RAS: Correctable Errors collector initialized.
[    1.239705] clk: Disabling unused clocks
[    1.240761] PM: genpd: Disabling unused power domains
[    1.244073] Freeing unused decrypted memory: 2028K
[    1.245714] Freeing unused kernel image (initmem) memory: 5292K
[    1.246865] Write protecting the kernel read-only data: 43008k
[    1.248632] Freeing unused kernel image (text/rodata gap) memory: 776K
[    1.250283] Freeing unused kernel image (rodata/data gap) memory: 1668K
[    1.317739] x86/mm: Checked W+X mappings: passed, no W+X pages found.
[    1.318958] Run /init as init process
[    1.319681]   with arguments:
[    1.319684]     /init
[    1.319687]   with environment:
[    1.319689]     HOME=/
[    1.319690]     TERM=linux
[    1.331001] NET: Registered PF_VSOCK protocol family
[    8.615025] clocksource: Long readout interval, skipping watchdog check: cs_nsec: 1781940279 wd_nsec: 1781939706
[   71.262871] clocksource: Long readout interval, skipping watchdog check: cs_nsec: 4699854442 wd_nsec: 4699852519
BENCH_COMPLETE_EXIT=0
[  135.186520] ACPI: PM: Preparing to enter system sleep state S5
[  135.187799] reboot: Power down
409436 blocks
qemu-system-x86_64: -accel kvm: warning: Number of hotpluggable cpus requested (64) exceeds the recommended cpus supported by KVM (16)
c[?7l[2J[0mSeaBIOS (version 1.17.0-debian-1.17.0-1ubuntu1)
Booting from ROM...
c[?7l[2J[    0.000000] Linux version 7.0.0-29-generic (buildd@lcy02-amd64-113) (x86_64-linux-gnu-gcc (Ubuntu 15.2.0-16ubuntu1) 15.2.0, GNU ld (GNU Binutils for Ubuntu) 2.46) #29-Ubuntu SMP PREEMPT_DYNAMIC Fri Jul 17 20:52:35 UTC 2026 (Ubuntu 7.0.0-29.29-generic 7.0.12)
[    0.000000] Command line: console=ttyS0 rdinit=/init panic=-1
[    0.000000] KERNEL supported cpus:
[    0.000000]   Intel GenuineIntel
[    0.000000]   AMD AuthenticAMD
[    0.000000]   Hygon HygonGenuine
[    0.000000]   Centaur CentaurHauls
[    0.000000]   zhaoxin   Shanghai  
[    0.000000] BIOS-provided physical RAM map:
[    0.000000] BIOS-e820: [mem 0x0000000000000000-0x000000000009fbff]  System RAM
[    0.000000] BIOS-e820: [mem 0x000000000009fc00-0x000000000009ffff]  device reserved
[    0.000000] BIOS-e820: [gap 0x00000000000a0000-0x00000000000effff]
[    0.000000] BIOS-e820: [mem 0x00000000000f0000-0x00000000000fffff]  device reserved
[    0.000000] BIOS-e820: [mem 0x0000000000100000-0x000000007ffdffff]  System RAM
[    0.000000] BIOS-e820: [mem 0x000000007ffe0000-0x000000007fffffff]  device reserved
[    0.000000] BIOS-e820: [gap 0x0000000080000000-0x00000000afffffff]
[    0.000000] BIOS-e820: [mem 0x00000000b0000000-0x00000000bfffffff]  device reserved
[    0.000000] BIOS-e820: [gap 0x00000000c0000000-0x00000000fed1bfff]
[    0.000000] BIOS-e820: [mem 0x00000000fed1c000-0x00000000fed1ffff]  device reserved
[    0.000000] BIOS-e820: [gap 0x00000000fed20000-0x00000000feffbfff]
[    0.000000] BIOS-e820: [mem 0x00000000feffc000-0x00000000feffffff]  device reserved
[    0.000000] BIOS-e820: [gap 0x00000000ff000000-0x00000000fffbffff]
[    0.000000] BIOS-e820: [mem 0x00000000fffc0000-0x00000000ffffffff]  device reserved
[    0.000000] BIOS-e820: [mem 0x0000000100000000-0x000000047fffffff]  System RAM
[    0.000000] BIOS-e820: [gap 0x0000000480000000-0x000000fcffffffff]
[    0.000000] BIOS-e820: [mem 0x000000fd00000000-0x000000ffffffffff]  device reserved
[    0.000000] NX (Execute Disable) protection: active
[    0.000000] APIC: Static calls initialized
[    0.000000] SMBIOS 2.8 present.
[    0.000000] DMI: QEMU Standard PC (Q35 + ICH9, 2009), BIOS 1.17.0-debian-1.17.0-1ubuntu1 04/01/2014
[    0.000000] DMI: Memory slots populated: 1/1
[    0.000000] Hypervisor detected: KVM
[    0.000000] last_pfn = 0x7ffe0 max_arch_pfn = 0x10000000000
[    0.000000] kvm-clock: Using msrs 4b564d01 and 4b564d00
[    0.000000] kvm-clock: using sched offset of 228290481 cycles
[    0.000003] clocksource: kvm-clock: mask: 0xffffffffffffffff max_cycles: 0x1cd42e4dffb, max_idle_ns: 881590591483 ns
[    0.000006] tsc: Detected 2396.388 MHz processor
[    0.000391] last_pfn = 0x480000 max_arch_pfn = 0x10000000000
[    0.000437] MTRR map: 4 entries (3 fixed + 1 variable; max 19), built from 8 variable MTRRs
[    0.000441] x86/PAT: Configuration [0-7]: WB  WC  UC- UC  WB  WP  UC- WT  
[    0.000508] last_pfn = 0x7ffe0 max_arch_pfn = 0x10000000000
[    0.003288] found SMP MP-table at [mem 0x000f5460-0x000f546f]
[    0.003308] Using GB pages for direct mapping
[    0.003427] RAMDISK: [mem 0x737f4000-0x7ffdffff]
[    0.003507] ACPI: Early table checksum verification disabled
[    0.003510] ACPI: RSDP 0x00000000000F5270 000014 (v00 BOCHS )
[    0.003514] ACPI: RSDT 0x000000007FFE3A02 000038 (v01 BOCHS  BXPC     00000001 BXPC 00000001)
[    0.003520] ACPI: FACP 0x000000007FFE3602 0000F4 (v03 BOCHS  BXPC     00000001 BXPC 00000001)
[    0.003525] ACPI: DSDT 0x000000007FFE0040 0035C2 (v01 BOCHS  BXPC     00000001 BXPC 00000001)
[    0.003528] ACPI: FACS 0x000000007FFE0000 000040
[    0.003530] ACPI: APIC 0x000000007FFE36F6 000270 (v03 BOCHS  BXPC     00000001 BXPC 00000001)
[    0.003532] ACPI: HPET 0x000000007FFE3966 000038 (v01 BOCHS  BXPC     00000001 BXPC 00000001)
[    0.003534] ACPI: MCFG 0x000000007FFE399E 00003C (v01 BOCHS  BXPC     00000001 BXPC 00000001)
[    0.003537] ACPI: WAET 0x000000007FFE39DA 000028 (v01 BOCHS  BXPC     00000001 BXPC 00000001)
[    0.003538] ACPI: Reserving FACP table memory at [mem 0x7ffe3602-0x7ffe36f5]
[    0.003540] ACPI: Reserving DSDT table memory at [mem 0x7ffe0040-0x7ffe3601]
[    0.003541] ACPI: Reserving FACS table memory at [mem 0x7ffe0000-0x7ffe003f]
[    0.003541] ACPI: Reserving APIC table memory at [mem 0x7ffe36f6-0x7ffe3965]
[    0.003542] ACPI: Reserving HPET table memory at [mem 0x7ffe3966-0x7ffe399d]
[    0.003543] ACPI: Reserving MCFG table memory at [mem 0x7ffe399e-0x7ffe39d9]
[    0.003544] ACPI: Reserving WAET table memory at [mem 0x7ffe39da-0x7ffe3a01]
[    0.004116] No NUMA configuration found
[    0.004118] Faking a node at [mem 0x0000000000000000-0x000000047fffffff]
[    0.004130] NODE_DATA(0) allocated [mem 0x47ffd5280-0x47fffffff]
[    0.004997] ACPI: PM-Timer IO Port: 0x608
[    0.005019] ACPI: LAPIC_NMI (acpi_id[0xff] dfl dfl lint[0x1])
[    0.005052] IOAPIC[0]: apic_id 0, version 17, address 0xfec00000, GSI 0-23
[    0.005055] ACPI: INT_SRC_OVR (bus 0 bus_irq 0 global_irq 2 dfl dfl)
[    0.005056] ACPI: INT_SRC_OVR (bus 0 bus_irq 5 global_irq 5 high level)
[    0.005058] ACPI: INT_SRC_OVR (bus 0 bus_irq 9 global_irq 9 high level)
[    0.005059] ACPI: INT_SRC_OVR (bus 0 bus_irq 10 global_irq 10 high level)
[    0.005060] ACPI: INT_SRC_OVR (bus 0 bus_irq 11 global_irq 11 high level)
[    0.005063] ACPI: Using ACPI (MADT) for SMP configuration information
[    0.005064] ACPI: HPET id: 0x8086a201 base: 0xfed00000
[    0.005067] TSC deadline timer available
[    0.005070] CPU topo: Max. logical packages:   1
[    0.005071] CPU topo: Max. logical nodes:      1
[    0.005071] CPU topo: Num. nodes per package:  1
[    0.005074] CPU topo: Max. logical dies:       1
[    0.005074] CPU topo: Max. dies per package:   1
[    0.005078] CPU topo: Max. threads per core:   1
[    0.005079] CPU topo: Num. cores per package:    64
[    0.005080] CPU topo: Num. threads per package:  64
[    0.005081] CPU topo: Allowing 4 present CPUs plus 60 hotplug CPUs
[    0.005100] kvm-guest: APIC: eoi() replaced with kvm_guest_apic_eoi_write()
[    0.005114] kvm-guest: KVM setup pv remote TLB flush
[    0.005118] kvm-guest: setup PV sched yield
[    0.005126] PM: hibernation: Registered nosave memory: [mem 0x00000000-0x00000fff]
[    0.005127] PM: hibernation: Registered nosave memory: [mem 0x0009f000-0x000fffff]
[    0.005129] PM: hibernation: Registered nosave memory: [mem 0x7ffe0000-0xffffffff]
[    0.005130] [gap 0xc0000000-0xfed1bfff] available for PCI devices
[    0.005132] Booting paravirtualized kernel on KVM
[    0.005133] clocksource: refined-jiffies: mask: 0xffffffff max_cycles: 0xffffffff, max_idle_ns: 1910969940391419 ns
[    0.005191] Zone ranges:
[    0.005192]   DMA      [mem 0x0000000000001000-0x0000000000ffffff]
[    0.005194]   DMA32    [mem 0x0000000001000000-0x00000000ffffffff]
[    0.005196]   Normal   [mem 0x0000000100000000-0x000000047fffffff]
[    0.005197]   Device   empty
[    0.005198] Movable zone start for each node
[    0.005200] Early memory node ranges
[    0.005201]   node   0: [mem 0x0000000000001000-0x000000000009efff]
[    0.005202]   node   0: [mem 0x0000000000100000-0x000000007ffdffff]
[    0.005203]   node   0: [mem 0x0000000100000000-0x000000047fffffff]
[    0.005206] Initmem setup node 0 [mem 0x0000000000001000-0x000000047fffffff]
[    0.005302] On node 0, zone DMA: 1 pages in unavailable ranges
[    0.005316] On node 0, zone DMA: 97 pages in unavailable ranges
[    0.029135] On node 0, zone Normal: 32 pages in unavailable ranges
[    0.029154] setup_percpu: NR_CPUS:8192 nr_cpumask_bits:64 nr_cpu_ids:64 nr_node_ids:1
[    0.031920] percpu: Embedded 85 pages/cpu s225280 r8192 d114688 u524288
[    0.032013] kvm-guest: PV spinlocks enabled
[    0.032016] PV qspinlock hash table entries: 256 (order: 0, 4096 bytes, linear)
[    0.032020] Kernel command line: console=ttyS0 rdinit=/init panic=-1
[    0.032060] random: crng init done
[    0.032061] printk: log_buf_len individual max cpu contribution: 4096 bytes
[    0.032062] printk: log_buf_len total cpu_extra contributions: 258048 bytes
[    0.032063] printk: log_buf_len min size: 262144 bytes
[    0.032303] printk: log buffer data + meta data: 524288 + 2228224 = 2752512 bytes
[    0.032304] printk: early log buf free: 253976(96%)
[    0.033317] Dentry cache hash table entries: 2097152 (order: 12, 16777216 bytes, linear)
[    0.033849] Inode-cache hash table entries: 1048576 (order: 11, 8388608 bytes, linear)
[    0.034347] software IO TLB: area num 64.
[    0.040783] Fallback order for Node 0: 0 
[    0.040795] Built 1 zonelists, mobility grouping on.  Total pages: 4194174
[    0.040797] Policy zone: Normal
[    0.040808] mem auto-init: stack:all(zero), heap alloc:on, heap free:off
[    0.067943] SLUB: HWalign=64, Order=0-3, MinObjects=0, CPUs=64, Nodes=1
[    0.082092] ftrace: allocating 63941 entries in 252 pages
[    0.082096] ftrace: allocated 252 pages with 6 groups
[    0.082926] Dynamic Preempt: lazy
[    0.083298] rcu: Preemptible hierarchical RCU implementation.
[    0.083299] rcu: 	RCU restricting CPUs from NR_CPUS=8192 to nr_cpu_ids=64.
[    0.083301] 	Trampoline variant of Tasks RCU enabled.
[    0.083302] 	Rude variant of Tasks RCU enabled.
[    0.083302] 	Tracing variant of Tasks RCU enabled.
[    0.083303] rcu: RCU calculated value of scheduler-enlistment delay is 100 jiffies.
[    0.083304] rcu: Adjusting geometry for rcu_fanout_leaf=16, nr_cpu_ids=64
[    0.083333] RCU Tasks: Setting shift to 6 and lim to 1 rcu_task_cb_adjust=1 rcu_task_cpu_ids=64.
[    0.083337] RCU Tasks Rude: Setting shift to 6 and lim to 1 rcu_task_cb_adjust=1 rcu_task_cpu_ids=64.
[    0.088405] NR_IRQS: 524544, nr_irqs: 936, preallocated irqs: 16
[    0.088681] rcu: srcu_init: Setting srcu_struct sizes based on contention.
[    0.088961] Console: colour *CGA 80x25
[    0.089034] printk: legacy console [ttyS0] enabled
[    0.331240] ACPI: Core revision 20251212
[    0.332665] clocksource: hpet: mask: 0xffffffff max_cycles: 0xffffffff, max_idle_ns: 19112604467 ns
[    0.335461] APIC: Switch to symmetric I/O mode setup
[    0.337172] x2apic enabled
[    0.338336] APIC: Switched APIC routing to: physical x2apic
[    0.339987] kvm-guest: APIC: send_IPI_mask() replaced with kvm_send_ipi_mask()
[    0.342098] kvm-guest: APIC: send_IPI_mask_allbutself() replaced with kvm_send_ipi_mask_allbutself()
[    0.344752] kvm-guest: setup PV IPIs
[    0.347158] ..TIMER: vector=0x30 apic1=0 pin1=2 apic2=-1 pin2=-1
[    0.348939] clocksource: tsc-early: mask: 0xffffffffffffffff max_cycles: 0x228ae3847f6, max_idle_ns: 440795295175 ns
[    0.351976] Calibrating delay loop (skipped) preset value.. 4792.77 BogoMIPS (lpj=2396388)
[    0.354042] x86/cpu: User Mode Instruction Prevention (UMIP) activated
[    0.356043] Last level iTLB entries: 4KB 512, 2MB 255, 4MB 127
[    0.356975] Last level dTLB entries: 4KB 512, 2MB 255, 4MB 127, 1GB 0
[    0.357986] mitigations: Enabled attack vectors: user_kernel, user_user, guest_host, guest_guest, SMT mitigations: auto
[    0.358976] Speculative Store Bypass: Mitigation: Speculative Store Bypass disabled via prctl
[    0.359975] Transient Scheduler Attacks: Vulnerable: No microcode
[    0.360975] Spectre V2 : Mitigation: Enhanced / Automatic IBRS
[    0.361975] Speculative Return Stack Overflow: Mitigation: Safe RET
[    0.362975] Spectre V1 : Mitigation: usercopy/swapgs barriers and __user pointer sanitization
[    0.363982] Spectre V2 : mitigation: Enabling conditional Indirect Branch Prediction Barrier
[    0.364976] active return thunk: srso_alias_return_thunk
[    0.366006] x86/fpu: Supporting XSAVE feature 0x001: 'x87 floating point registers'
[    0.366975] x86/fpu: Supporting XSAVE feature 0x002: 'SSE registers'
[    0.367975] x86/fpu: Supporting XSAVE feature 0x004: 'AVX registers'
[    0.368975] x86/fpu: Supporting XSAVE feature 0x020: 'AVX-512 opmask'
[    0.369975] x86/fpu: Supporting XSAVE feature 0x040: 'AVX-512 Hi256'
[    0.370975] x86/fpu: Supporting XSAVE feature 0x080: 'AVX-512 ZMM_Hi256'
[    0.371976] x86/fpu: Supporting XSAVE feature 0x200: 'Protection Keys User registers'
[    0.372975] x86/fpu: xstate_offset[2]:  576, xstate_sizes[2]:  256
[    0.373975] x86/fpu: xstate_offset[5]:  832, xstate_sizes[5]:   64
[    0.374975] x86/fpu: xstate_offset[6]:  896, xstate_sizes[6]:  512
[    0.375975] x86/fpu: xstate_offset[7]: 1408, xstate_sizes[7]: 1024
[    0.376984] x86/fpu: xstate_offset[9]: 2432, xstate_sizes[9]:    8
[    0.377975] x86/fpu: Enabled xstate features 0x2e7, context size is 2440 bytes, using 'compacted' format.
[    0.419271] Freeing SMP alternatives memory: 56K
[    0.419977] pid_max: default: 65536 minimum: 512
[    0.421370] landlock: Up and running.
[    0.421975] Yama: becoming mindful.
[    0.423149] AppArmor: AppArmor initialized
[    0.423975] AppArmor: AppArmor secmark mediation reserved: ready to be enabled
[    0.425193] Mount-cache hash table entries: 32768 (order: 6, 262144 bytes, linear)
[    0.425982] Mountpoint-cache hash table entries: 32768 (order: 6, 262144 bytes, linear)
[    0.427139] VFS: Finished mounting rootfs on nullfs
[    0.429113] smpboot: CPU0: AMD EPYC 8024P 8-Core Processor (family: 0x19, model: 0xa0, stepping: 0x2)
[    0.430339] Performance Events: Fam17h+ core perfctr, AMD PMU driver.
[    0.430990] ... version:                   2
[    0.431977] ... bit width:                 48
[    0.432978] ... generic counters:          6
[    0.433977] ... generic bitmap:            000000000000003f
[    0.434978] ... fixed-purpose counters:    0
[    0.435977] ... fixed-purpose bitmap:      0000000000000000
[    0.436977] ... value mask:                0000ffffffffffff
[    0.437978] ... max period:                00007fffffffffff
[    0.438978] ... global_ctrl mask:          000000000000003f
[    0.440239] signal: max sigframe size: 3376
[    0.441042] rcu: Hierarchical SRCU implementation.
[    0.441984] rcu: 	Max phase no-delay instances is 400.
[    0.443060] Timer migration: 2 hierarchy levels; 8 children per group; 2 crossnode level
[    0.452445] smp: Bringing up secondary CPUs ...
[    0.453286] smpboot: x86: Booting SMP configuration:
[    0.453991] .... node  #0, CPUs:        #1  #2  #3
[    0.457976] smp: Brought up 1 node, 4 CPUs
[    0.459983] smpboot: Total of 4 processors activated (19171.10 BogoMIPS)
[    0.461683] Memory: 13728444K/16776696K available (23799K kernel code, 4952K rwdata, 16764K rodata, 5292K init, 5856K bss, 3029888K reserved, 0K cma-reserved)
[    0.462484] devtmpfs: initialized
[    0.463083] x86/mm: Memory block size: 128MB
[    0.467100] clocksource: jiffies: mask: 0xffffffff max_cycles: 0xffffffff, max_idle_ns: 1911260446275000 ns
[    0.467997] posixtimers hash table entries: 32768 (order: 7, 524288 bytes, linear)
[    0.469114] futex hash table entries: 16384 (1048576 bytes on 1 NUMA nodes, total 1024 KiB, linear).
[    0.470464] PM: RTC time: 20:38:52, date: 2026-10-04
[    0.471595] NET: Registered PF_NETLINK/PF_ROUTE protocol family
[    0.472378] DMA: preallocated 2048 KiB GFP_KERNEL pool for atomic allocations
[    0.473045] DMA: preallocated 2048 KiB GFP_KERNEL|GFP_DMA pool for atomic allocations
[    0.474052] DMA: preallocated 2048 KiB GFP_KERNEL|GFP_DMA32 pool for atomic allocations
[    0.474993] audit: initializing netlink subsys (disabled)
[    0.476000] audit: type=2000 audit(1791146333.141:1): state=initialized audit_enabled=0 res=1
[    0.476219] thermal_sys: Registered thermal governor 'fair_share'
[    0.476982] thermal_sys: Registered thermal governor 'bang_bang'
[    0.477980] thermal_sys: Registered thermal governor 'step_wise'
[    0.478978] thermal_sys: Registered thermal governor 'user_space'
[    0.479978] thermal_sys: Registered thermal governor 'power_allocator'
[    0.480994] cpuidle: using governor ladder
[    0.482986] cpuidle: using governor menu
[    0.485143] acpiphp: ACPI Hot Plug PCI Controller Driver version: 0.5
[    0.486278] PCI: ECAM [mem 0xb0000000-0xbfffffff] (base 0xb0000000) for domain 0000 [bus 00-ff]
[    0.486982] PCI: ECAM [mem 0xb0000000-0xbfffffff] reserved as E820 entry
[    0.487992] PCI: Using configuration type 1 for base access
[    0.489087] kprobes: kprobe jump-optimization is enabled. All kprobes are optimized if possible.
[    0.490326] HugeTLB: registered 1.00 GiB page size, pre-allocated 0 pages
[    0.490980] HugeTLB: 16380 KiB vmemmap can be freed for a 1.00 GiB page
[    0.491979] HugeTLB: registered 2.00 MiB page size, pre-allocated 0 pages
[    0.492978] HugeTLB: 28 KiB vmemmap can be freed for a 2.00 MiB page
[    0.497100] ACPI: Added _OSI(Module Device)
[    0.498984] ACPI: Added _OSI(Processor Device)
[    0.501986] ACPI: Added _OSI(Processor Aggregator Device)
[    0.513369] ACPI: 1 ACPI AML tables successfully acquired and loaded
[    0.523009] ACPI: \_SB_: platform _OSC: OS support mask [006e7eff]
[    0.527332] ACPI: Interpreter enabled
[    0.529035] ACPI: PM: (supports S0 S3 S4 S5)
[    0.530983] ACPI: Using IOAPIC for interrupt routing
[    0.534906] PCI: Using host bridge windows from ACPI; if necessary, use "pci=nocrs" and report a bug
[    0.539983] PCI: Using E820 reservations for host bridge windows
[    0.543671] ACPI: Enabled 2 GPEs in block 00 to 3F
[    0.569497] ACPI: PCI Root Bridge [PCI0] (domain 0000 [bus 00-ff])
[    0.571991] acpi PNP0A08:00: _OSC: OS supports [ExtendedConfig ASPM ClockPM Segments MSI EDR HPX-Type3]
[    0.575088] acpi PNP0A08:00: _OSC: platform does not support [PCIeHotplug LTR DPC]
[    0.577151] acpi PNP0A08:00: _OSC: OS now controls [SHPCHotplug PME AER PCIeCapability]
[    0.579210] PCI host bridge to bus 0000:00
[    0.580983] pci_bus 0000:00: root bus resource [io  0x0000-0x0cf7 window]
[    0.581977] pci_bus 0000:00: root bus resource [io  0x0d00-0xffff window]
[    0.583981] pci_bus 0000:00: root bus resource [mem 0x000a0000-0x000bffff window]
[    0.585982] pci_bus 0000:00: root bus resource [mem 0x80000000-0xafffffff window]
[    0.587978] pci_bus 0000:00: root bus resource [mem 0xc0000000-0xfebfffff window]
[    0.589978] pci_bus 0000:00: root bus resource [mem 0x480000000-0xc7fffffff window]
[    0.591978] pci_bus 0000:00: root bus resource [bus 00-ff]
[    0.593072] pci 0000:00:00.0: [8086:29c0] type 00 class 0x060000 conventional PCI endpoint
[    0.605504] pci 0000:00:1f.0: [8086:2918] type 00 class 0x060100 conventional PCI endpoint
[    0.608715] pci 0000:00:1f.0: quirk: [io  0x0600-0x067f] claimed by ICH6 ACPI/GPIO/TCO
[    0.611480] pci 0000:00:1f.2: [8086:2922] type 00 class 0x010601 conventional PCI endpoint
[    0.614054] pci 0000:00:1f.2: BAR 4 [io  0xc040-0xc05f]
[    0.615994] pci 0000:00:1f.2: BAR 5 [mem 0xfebff000-0xfebfffff]
[    0.617714] pci 0000:00:1f.3: [8086:2930] type 00 class 0x0c0500 conventional PCI endpoint
[    0.620956] pci 0000:00:1f.3: BAR 4 [io  0x0700-0x073f]
[    0.623848] ACPI: PCI: Interrupt link LNKA configured for IRQ 10
[    0.626168] ACPI: PCI: Interrupt link LNKB configured for IRQ 10
[    0.627166] ACPI: PCI: Interrupt link LNKC configured for IRQ 11
[    0.629175] ACPI: PCI: Interrupt link LNKD configured for IRQ 11
[    0.631165] ACPI: PCI: Interrupt link LNKE configured for IRQ 10
[    0.633166] ACPI: PCI: Interrupt link LNKF configured for IRQ 10
[    0.634167] ACPI: PCI: Interrupt link LNKG configured for IRQ 11
[    0.636173] ACPI: PCI: Interrupt link LNKH configured for IRQ 11
[    0.638048] ACPI: PCI: Interrupt link GSIA configured for IRQ 16
[    0.638998] ACPI: PCI: Interrupt link GSIB configured for IRQ 17
[    0.640998] ACPI: PCI: Interrupt link GSIC configured for IRQ 18
[    0.642997] ACPI: PCI: Interrupt link GSID configured for IRQ 19
[    0.644005] ACPI: PCI: Interrupt link GSIE configured for IRQ 20
[    0.645998] ACPI: PCI: Interrupt link GSIF configured for IRQ 21
[    0.646997] ACPI: PCI: Interrupt link GSIG configured for IRQ 22
[    0.648999] ACPI: PCI: Interrupt link GSIH configured for IRQ 23
[    0.656023] iommu: Default domain type: Translated
[    0.656978] iommu: DMA domain TLB invalidation policy: lazy mode
[    0.659287] SCSI subsystem initialized
[    0.660028] ACPI: bus type USB registered
[    0.661010] usbcore: registered new interface driver usbfs
[    0.662996] usbcore: registered new interface driver hub
[    0.664004] usbcore: registered new device driver usb
[    0.665016] pps_core: LinuxPPS API ver. 1 registered
[    0.666977] pps_core: Software ver. 5.3.6 - Copyright 2005-2007 Rodolfo Giometti <giometti@linux.it>
[    0.668986] PTP clock support registered
[    0.670027] EDAC MC: Ver: 3.0.0
[    0.671470] NetLabel: Initializing
[    0.672978] NetLabel:  domain hash size = 128
[    0.673977] NetLabel:  protocols = UNLABELED CIPSOv4 CALIPSO
[    0.675006] NetLabel:  unlabeled traffic allowed by default
[    0.677103] mctp: management component transport protocol core
[    0.678986] NET: Registered PF_MCTP protocol family
[    0.680005] PCI: Using ACPI for IRQ routing
[    0.877993] e820: register RAM buffer resource [mem 0x0009fc00-0x0009ffff]
[    0.879985] e820: register RAM buffer resource [mem 0x7ffe0000-0x7fffffff]
[    0.882035] vgaarb: loaded
[    0.882701] hpet0: at MMIO 0xfed00000, IRQs 2, 8, 0
[    0.883978] hpet0: 3 comparators, 64-bit 100.000000 MHz counter
[    0.890975] clocksource: Switched to clocksource kvm-clock
[    0.892864] VFS: Disk quotas dquot_6.6.0
[    0.893934] VFS: Dquot-cache hash table entries: 512 (order 0, 4096 bytes)
[    0.896131] AppArmor: AppArmor Filesystem Enabled
[    0.897397] acpi PNP0C01:00: Reserved [mem 0xb0000000-0xbfffffff]
[    0.899013] pnp: PnP ACPI init
[    0.900610] pnp: PnP ACPI: found 4 devices
[    0.909935] clocksource: acpi_pm: mask: 0xffffff max_cycles: 0xffffff, max_idle_ns: 2085701024 ns
[    0.912377] NET: Registered PF_INET protocol family
[    0.913804] IP idents hash table entries: 262144 (order: 9, 2097152 bytes, linear)
[    0.936022] tcp_listen_portaddr_hash hash table entries: 8192 (order: 5, 131072 bytes, linear)
[    0.938287] Table-perturb hash table entries: 65536 (order: 6, 262144 bytes, linear)
[    0.940404] TCP established hash table entries: 131072 (order: 8, 1048576 bytes, linear)
[    0.942637] TCP bind hash table entries: 65536 (order: 9, 2097152 bytes, linear)
[    0.944624] TCP: Hash tables configured (established 131072 bind 65536)
[    0.946526] MPTCP token hash table entries: 16384 (order: 7, 393216 bytes, linear)
[    0.948541] UDP hash table entries: 8192 (order: 7, 524288 bytes, linear)
[    0.950425] UDP-Lite hash table entries: 8192 (order: 7, 524288 bytes, linear)
[    0.952470] NET: Registered PF_UNIX/PF_LOCAL protocol family
[    0.953955] NET: Registered PF_XDP protocol family
[    0.955206] pci_bus 0000:00: resource 4 [io  0x0000-0x0cf7 window]
[    0.956827] pci_bus 0000:00: resource 5 [io  0x0d00-0xffff window]
[    0.958415] pci_bus 0000:00: resource 6 [mem 0x000a0000-0x000bffff window]
[    0.960196] pci_bus 0000:00: resource 7 [mem 0x80000000-0xafffffff window]
[    0.961970] pci_bus 0000:00: resource 8 [mem 0xc0000000-0xfebfffff window]
[    0.963749] pci_bus 0000:00: resource 9 [mem 0x480000000-0xc7fffffff window]
[    0.965641] PCI: CLS 0 bytes, default 64
[    0.966776] PCI-DMA: Using software bounce buffering for IO (SWIOTLB)
[    0.966918] Trying to unpack rootfs image as initramfs...
[    0.968441] software IO TLB: mapped [mem 0x000000006f7f4000-0x00000000737f4000] (64MB)
[    0.968494] clocksource: tsc: mask: 0xffffffffffffffff max_cycles: 0x228ae3847f6, max_idle_ns: 440795295175 ns
[    0.977674] Initialise system trusted keyrings
[    0.978857] Key type blacklist registered
[    0.980056] workingset: timestamp_bits=36 max_order=22 bucket_order=0
[    0.982389] squashfs: version 4.0 (2009/01/31) Phillip Lougher
[    0.984203] fuse: init (API version 7.45)
[    0.985637] integrity: Platform Keyring initialized
[    0.986937] integrity: Machine keyring initialized
[    1.000968] Key type asymmetric registered
[    1.002084] Asymmetric key parser 'x509' registered
[    1.003858] Block layer SCSI generic (bsg) driver version 0.4 loaded (major 242)
[    1.005897] io scheduler mq-deadline registered
[    1.008338] ledtrig-cpu: registered to indicate activity on CPUs
[    1.010159] input: Power Button as /devices/platform/LNXPWRBN:00/input/input0
[    1.012036] ACPI: button: Power Button [PWRF]
[    1.014905] Serial: 8250/16550 driver, 32 ports, IRQ sharing enabled
[    1.042900] 00:02: ttyS0 at I/O 0x3f8 (irq = 4, base_baud = 115200) is a 16550A
[    1.049163] Linux agpgart interface v0.103
[    1.056760] loop: module loaded
[    1.057972] ACPI: bus type drm_connector registered
[    1.059590] tun: Universal TUN/TAP device driver, 1.6
[    1.061047] PPP generic driver version 2.4.2
[    1.062478] i8042: PNP: PS/2 Controller [PNP0303:KBD,PNP0f13:MOU] at 0x60,0x64 irq 1,12
[    1.065695] serio: i8042 KBD port at 0x60,0x64 irq 1
[    1.067045] serio: i8042 AUX port at 0x60,0x64 irq 12
[    1.068604] mousedev: PS/2 mouse device common for all mice
[    1.070274] rtc_cmos 00:03: RTC can wake from S4
[    1.072889] input: AT Translated Set 2 keyboard as /devices/platform/i8042/serio0/input/input1
[    1.073002] rtc_cmos 00:03: registered as rtc0
[    1.077855] rtc_cmos 00:03: setting system clock to 2026-10-04T20:38:53 UTC (1791146333)
[    1.082243] rtc_cmos 00:03: alarms up to one day, y3k, 242 bytes nvram, hpet irqs
[    1.086160] i2c_dev: i2c /dev entries driver
[    1.088521] device-mapper: core: CONFIG_IMA_DISABLE_HTABLE is disabled. Duplicate IMA measurements will not be recorded in the IMA log.
[    1.094810] device-mapper: uevent: version 1.0.3
[    1.097598] device-mapper: ioctl: 4.50.0-ioctl (2025-04-28) initialised: dm-devel@lists.linux.dev
[    1.102139] amd_pstate: The CPPC feature is supported but currently disabled by the BIOS.
[    1.102139] Please enable it if your BIOS has the CPPC option.
[    1.105684] Freeing initrd memory: 204720K
[    1.109303] amd_pstate: the _CPC object is not present in SBIOS or ACPI disabled
[    1.114459] drop_monitor: Initializing network drop monitor service
[    1.118155] NET: Registered PF_INET6 protocol family
[    1.122042] Segment Routing with IPv6
[    1.124012] In-situ OAM (IOAM) with IPv6
[    1.126160] NET: Registered PF_PACKET protocol family
[    1.128905] Key type dns_resolver registered
[    1.132192] IPI shorthand broadcast: enabled
[    1.140631] sched_clock: Marking stable (885007590, 255280357)->(1223079655, -82791708)
[    1.145787] registered taskstats version 1
[    1.149192] Loading compiled-in X.509 certificates
[    1.152613] Loaded X.509 cert 'Build time autogenerated kernel key: 454b3e9802e3c39a997a1e8863aaf8b3df15fbc0'
[    1.157898] Loaded X.509 cert 'Canonical Ltd. Live Patch Signing 2025 Kmod: d541cef61dc7e793b7eb7e899970a2eef0b5dc8c'
[    1.163124] Loaded X.509 cert 'Canonical Ltd. Live Patch Signing: 14df34d1a87cf37625abec039ef2bf521249b969'
[    1.166052] Loaded X.509 cert 'Canonical Ltd. Kernel Module Signing 2025 Kmod: 4627603d2357a2a3f81006370894c221175893e9'
[    1.169307] Loaded X.509 cert 'Canonical Ltd. Kernel Module Signing: 88f752e560a1e0737e31163a466ad7b70a850c19'
[    1.171874] blacklist: Loading compiled-in revocation X.509 certificates
[    1.173646] Loaded X.509 cert 'Canonical Ltd. Secure Boot Signing: 61482aa2830d0ab2ad5af10b7250da9033ddcef0'
[    1.176180] Loaded X.509 cert 'Canonical Ltd. Secure Boot Signing (2017): 242ade75ac4a15e50d50c84b0d45ff3eae707a03'
[    1.178916] Loaded X.509 cert 'Canonical Ltd. Secure Boot Signing (ESM 2018): 365188c1d374d6b07c3c8f240f8ef722433d6a8b'
[    1.181718] Loaded X.509 cert 'Canonical Ltd. Secure Boot Signing (2019): c0746fd6c5da3ae827864651ad66ae47fe24b3e8'
[    1.184383] Loaded X.509 cert 'Canonical Ltd. Secure Boot Signing (2021 v1): a8d54bbb3825cfb94fa13c9f8a594a195c107b8d'
[    1.187144] Loaded X.509 cert 'Canonical Ltd. Secure Boot Signing (2021 v2): 4cf046892d6fd3c9a5b03f98d845f90851dc6a8c'
[    1.189896] Loaded X.509 cert 'Canonical Ltd. Secure Boot Signing (2021 v3): 100437bb6de6e469b581e61cd66bce3ef4ed53af'
[    1.192658] Loaded X.509 cert 'Canonical Ltd. Secure Boot Signing (Ubuntu Core 2019): c1d57b8f6b743f23ee41f4f7ee292f06eecadfb9'
[    1.204370] Demotion targets for Node 0: null
[    1.205762] Key type .fscrypt registered
[    1.206788] Key type fscrypt-provisioning registered
[    1.208224] Key type big_key registered
[    1.210524] Key type encrypted registered
[    1.211588] AppArmor: AppArmor sha256 policy hashing enabled
[    1.213067] ima: No TPM chip found, activating TPM-bypass!
[    1.214499] Loading compiled-in module X.509 certificates
[    1.216410] Loaded X.509 cert 'Build time autogenerated kernel key: 454b3e9802e3c39a997a1e8863aaf8b3df15fbc0'
[    1.218940] ima: Allocated hash algorithm: sha256
[    1.220184] ima: No architecture policies found
[    1.221410] evm: Initialising EVM extended attributes:
[    1.222764] evm: security.selinux
[    1.223632] evm: security.SMACK64
[    1.224509] evm: security.SMACK64EXEC
[    1.225484] evm: security.SMACK64TRANSMUTE
[    1.226569] evm: security.SMACK64MMAP
[    1.227539] evm: security.apparmor
[    1.228453] evm: security.ima
[    1.229244] evm: security.capability
[    1.230201] evm: HMAC attrs: 0x1
[    1.231436] PM:   Magic number: 14:29:649
[    1.232548] acpi LNXCPU:02: hash matches
[    1.233929] RAS: Correctable Errors collector initialized.
[    1.235731] clk: Disabling unused clocks
[    1.236768] PM: genpd: Disabling unused power domains
[    1.240011] Freeing unused decrypted memory: 2028K
[    1.241649] Freeing unused kernel image (initmem) memory: 5292K
[    1.242763] Write protecting the kernel read-only data: 43008k
[    1.244490] Freeing unused kernel image (text/rodata gap) memory: 776K
[    1.246076] Freeing unused kernel image (rodata/data gap) memory: 1668K
[    1.313289] x86/mm: Checked W+X mappings: passed, no W+X pages found.
[    1.314503] Run /init as init process
Linux (none) 7.0.0-29-generic #29-Ubuntu SMP PREEMPT_DYNAMIC Fri Jul 17 20:52:35 UTC 2026 x86_64 GNU/Linux
65536
107401
0-3
0-63
[    1.334010] NET: Registered PF_VSOCK protocol family
BENCH_PERF_PMU_PROBE

 Performance counter stats for 'system wide':

           3385570      cycles                                                                
           2865584      instructions                                                          

       0.103068836 seconds time elapsed

BENCH_PERF_SOFTWARE_PROBE

 Performance counter stats for 'system wide':

            408.75 msec cpu-clock                                                             
            408.75 msec task-clock                                                            
                24      context-switches                                                      
                 4      cpu-migrations                                                        

       0.102214971 seconds time elapsed

{"event": "begin"}
{"event": "program", "id": 8}
{"event": "loaded"}
{"event": "setup", "population": 1, "duration_s": 0.072663778}
{"event": "audit"}
{"event": "correctness_size"}
{"event": "correctness_size"}
{"event": "correctness_size"}
{"event": "correctness_size"}
{"event": "correctness_size"}
{"event": "correctness_size"}
{"event": "correctness_size"}
{"event": "idle", "population": 1, "duration_s": 2}
{"event": "window", "id": "aya-udp-1-1-0-0-99", "population": 1, "duration_s": 0.150153218, "delivered_roundtrips": 997}
{"event": "window", "id": "aya-udp-1-1-0-100-0", "population": 1, "duration_s": 1.000328017, "delivered_roundtrips": 25}
{"event": "window", "id": "aya-udp-1-1-0-1000-0", "population": 1, "duration_s": 1.000251151, "delivered_roundtrips": 250}
{"event": "window", "id": "aya-udp-1-1-0-0-0", "population": 1, "duration_s": 1.000132723, "delivered_roundtrips": 10384}
{"event": "window", "id": "aya-udp-1-1-0-0-1", "population": 1, "duration_s": 1.000160975, "delivered_roundtrips": 10488}
[   15.993093] clocksource: Long readout interval, skipping watchdog check: cs_nsec: 1136799094 wd_nsec: 1136798648
{"event": "window", "id": "aya-udp-1-1-0-1000-1", "population": 1, "duration_s": 1.000198943, "delivered_roundtrips": 250}
{"event": "window", "id": "aya-udp-1-1-0-100-1", "population": 1, "duration_s": 1.000314997, "delivered_roundtrips": 25}
{"event": "window", "id": "aya-udp-1-1-0-100-2", "population": 1, "duration_s": 1.000371663, "delivered_roundtrips": 25}
{"event": "window", "id": "aya-udp-1-1-0-1000-2", "population": 1, "duration_s": 1.000231682, "delivered_roundtrips": 250}
{"event": "window", "id": "aya-udp-1-1-0-0-2", "population": 1, "duration_s": 1.000149378, "delivered_roundtrips": 9828}
{"event": "window", "id": "aya-udp-1-1-64-0-99", "population": 1, "duration_s": 0.150192477, "delivered_roundtrips": 1220}
{"event": "window", "id": "aya-udp-1-1-64-100-0", "population": 1, "duration_s": 1.000352884, "delivered_roundtrips": 25}
{"event": "window", "id": "aya-udp-1-1-64-1000-0", "population": 1, "duration_s": 1.000323029, "delivered_roundtrips": 250}
{"event": "window", "id": "aya-udp-1-1-64-0-0", "population": 1, "duration_s": 1.000169287, "delivered_roundtrips": 10081}
{"event": "window", "id": "aya-udp-1-1-64-0-1", "population": 1, "duration_s": 1.000205763, "delivered_roundtrips": 9367}
{"event": "window", "id": "aya-udp-1-1-64-1000-1", "population": 1, "duration_s": 1.000279353, "delivered_roundtrips": 250}
{"event": "window", "id": "aya-udp-1-1-64-100-1", "population": 1, "duration_s": 1.000298783, "delivered_roundtrips": 25}
{"event": "window", "id": "aya-udp-1-1-64-100-2", "population": 1, "duration_s": 1.000366585, "delivered_roundtrips": 25}
{"event": "window", "id": "aya-udp-1-1-64-1000-2", "population": 1, "duration_s": 1.000161165, "delivered_roundtrips": 250}
{"event": "window", "id": "aya-udp-1-1-64-0-2", "population": 1, "duration_s": 1.000198662, "delivered_roundtrips": 9789}
{"event": "window", "id": "aya-udp-1-1-1431-0-99", "population": 1, "duration_s": 0.15012146, "delivered_roundtrips": 1211}
{"event": "window", "id": "aya-udp-1-1-1431-100-0", "population": 1, "duration_s": 1.000291292, "delivered_roundtrips": 25}
{"event": "window", "id": "aya-udp-1-1-1431-1000-0", "population": 1, "duration_s": 1.000178001, "delivered_roundtrips": 250}
{"event": "window", "id": "aya-udp-1-1-1431-0-0", "population": 1, "duration_s": 1.000193134, "delivered_roundtrips": 9045}
{"event": "window", "id": "aya-udp-1-1-1431-0-1", "population": 1, "duration_s": 1.000181447, "delivered_roundtrips": 9079}
{"event": "window", "id": "aya-udp-1-1-1431-1000-1", "population": 1, "duration_s": 1.000252323, "delivered_roundtrips": 250}
{"event": "window", "id": "aya-udp-1-1-1431-100-1", "population": 1, "duration_s": 1.000385253, "delivered_roundtrips": 25}
{"event": "window", "id": "aya-udp-1-1-1431-100-2", "population": 1, "duration_s": 1.000318342, "delivered_roundtrips": 25}
{"event": "window", "id": "aya-udp-1-1-1431-1000-2", "population": 1, "duration_s": 1.000279234, "delivered_roundtrips": 250}
{"event": "window", "id": "aya-udp-1-1-1431-0-2", "population": 1, "duration_s": 1.000227876, "delivered_roundtrips": 6833}
{"event": "window", "id": "aya-udp-1-1-59000-0-99", "population": 1, "duration_s": 0.150148411, "delivered_roundtrips": 438}
{"event": "window", "id": "aya-udp-1-1-59000-100-0", "population": 1, "duration_s": 1.000365233, "delivered_roundtrips": 25}
{"event": "window", "id": "aya-udp-1-1-59000-1000-0", "population": 1, "duration_s": 1.000269288, "delivered_roundtrips": 250}
{"event": "window", "id": "aya-udp-1-1-59000-0-0", "population": 1, "duration_s": 1.000338463, "delivered_roundtrips": 3181}
{"event": "window", "id": "aya-udp-1-1-59000-0-1", "population": 1, "duration_s": 1.000109568, "delivered_roundtrips": 3339}
{"event": "window", "id": "aya-udp-1-1-59000-1000-1", "population": 1, "duration_s": 1.000289428, "delivered_roundtrips": 250}
{"event": "window", "id": "aya-udp-1-1-59000-100-1", "population": 1, "duration_s": 1.000311462, "delivered_roundtrips": 25}
{"event": "window", "id": "aya-udp-1-1-59000-100-2", "population": 1, "duration_s": 1.000338132, "delivered_roundtrips": 25}
{"event": "window", "id": "aya-udp-1-1-59000-1000-2", "population": 1, "duration_s": 1.000318993, "delivered_roundtrips": 250}
{"event": "window", "id": "aya-udp-1-1-59000-0-2", "population": 1, "duration_s": 1.000246494, "delivered_roundtrips": 3149}
{"event": "traffic_resources", "population": 1}
{"event": "audit"}
{"event": "setup", "population": 64, "duration_s": 0.029797462}
{"event": "audit"}
{"event": "idle", "population": 64, "duration_s": 2}
{"event": "window", "id": "aya-udp-64-64-0-0-99", "population": 64, "duration_s": 0.150205116, "delivered_roundtrips": 3831}
{"event": "window", "id": "aya-udp-64-64-0-100-0", "population": 64, "duration_s": 1.000355208, "delivered_roundtrips": 100}
{"event": "window", "id": "aya-udp-64-64-0-1000-0", "population": 64, "duration_s": 1.000312313, "delivered_roundtrips": 1000}
{"event": "window", "id": "aya-udp-64-64-0-0-0", "population": 64, "duration_s": 1.000188547, "delivered_roundtrips": 34354}
[   78.347592] clocksource: Long readout interval, skipping watchdog check: cs_nsec: 2842300035 wd_nsec: 2842298885
{"event": "window", "id": "aya-udp-64-64-0-0-1", "population": 64, "duration_s": 1.000175727, "delivered_roundtrips": 50573}
{"event": "window", "id": "aya-udp-64-64-0-1000-1", "population": 64, "duration_s": 1.000277, "delivered_roundtrips": 1000}
{"event": "window", "id": "aya-udp-64-64-0-100-1", "population": 64, "duration_s": 1.000365313, "delivered_roundtrips": 100}
{"event": "window", "id": "aya-udp-64-64-0-100-2", "population": 64, "duration_s": 1.000362709, "delivered_roundtrips": 100}
{"event": "window", "id": "aya-udp-64-64-0-1000-2", "population": 64, "duration_s": 1.000337731, "delivered_roundtrips": 1000}
{"event": "window", "id": "aya-udp-64-64-0-0-2", "population": 64, "duration_s": 1.000161566, "delivered_roundtrips": 57413}
[   97.298990] clocksource: Long readout interval, skipping watchdog check: cs_nsec: 6785702302 wd_nsec: 6785699760
{"event": "window", "id": "aya-udp-64-64-64-0-99", "population": 64, "duration_s": 0.150185818, "delivered_roundtrips": 7193}
{"event": "window", "id": "aya-udp-64-64-64-100-0", "population": 64, "duration_s": 1.00034355, "delivered_roundtrips": 100}
{"event": "window", "id": "aya-udp-64-64-64-1000-0", "population": 64, "duration_s": 1.000355317, "delivered_roundtrips": 1000}
{"event": "window", "id": "aya-udp-64-64-64-0-0", "population": 64, "duration_s": 1.000141777, "delivered_roundtrips": 57111}
{"event": "window", "id": "aya-udp-64-64-64-0-1", "population": 64, "duration_s": 1.000161937, "delivered_roundtrips": 57602}
{"event": "window", "id": "aya-udp-64-64-64-1000-1", "population": 64, "duration_s": 1.000300776, "delivered_roundtrips": 1000}
{"event": "window", "id": "aya-udp-64-64-64-100-1", "population": 64, "duration_s": 1.000309649, "delivered_roundtrips": 100}
{"event": "window", "id": "aya-udp-64-64-64-100-2", "population": 64, "duration_s": 1.000325153, "delivered_roundtrips": 100}
{"event": "window", "id": "aya-udp-64-64-64-1000-2", "population": 64, "duration_s": 1.000248707, "delivered_roundtrips": 1000}
{"event": "window", "id": "aya-udp-64-64-64-0-2", "population": 64, "duration_s": 1.000197961, "delivered_roundtrips": 56887}
{"event": "window", "id": "aya-udp-64-64-1431-0-99", "population": 64, "duration_s": 0.150173258, "delivered_roundtrips": 7225}
{"event": "window", "id": "aya-udp-64-64-1431-100-0", "population": 64, "duration_s": 1.000307416, "delivered_roundtrips": 100}
{"event": "window", "id": "aya-udp-64-64-1431-1000-0", "population": 64, "duration_s": 1.00027729, "delivered_roundtrips": 1000}
{"event": "window", "id": "aya-udp-64-64-1431-0-0", "population": 64, "duration_s": 1.000175828, "delivered_roundtrips": 56379}
{"event": "window", "id": "aya-udp-64-64-1431-0-1", "population": 64, "duration_s": 1.00017072, "delivered_roundtrips": 55938}
{"event": "window", "id": "aya-udp-64-64-1431-1000-1", "population": 64, "duration_s": 1.000322007, "delivered_roundtrips": 1000}
{"event": "window", "id": "aya-udp-64-64-1431-100-1", "population": 64, "duration_s": 1.000287766, "delivered_roundtrips": 100}
{"event": "window", "id": "aya-udp-64-64-1431-100-2", "population": 64, "duration_s": 1.000357591, "delivered_roundtrips": 100}
{"event": "window", "id": "aya-udp-64-64-1431-1000-2", "population": 64, "duration_s": 1.000239744, "delivered_roundtrips": 1000}
{"event": "window", "id": "aya-udp-64-64-1431-0-2", "population": 64, "duration_s": 1.000161126, "delivered_roundtrips": 56052}
{"event": "window", "id": "aya-udp-64-64-59000-0-99", "population": 64, "duration_s": 0.150212837, "delivered_roundtrips": 2635}
{"event": "window", "id": "aya-udp-64-64-59000-100-0", "population": 64, "duration_s": 1.000341367, "delivered_roundtrips": 100}
{"event": "window", "id": "aya-udp-64-64-59000-1000-0", "population": 64, "duration_s": 1.000326083, "delivered_roundtrips": 1000}
{"event": "window", "id": "aya-udp-64-64-59000-0-0", "population": 64, "duration_s": 1.000236829, "delivered_roundtrips": 21911}
{"event": "window", "id": "aya-udp-64-64-59000-0-1", "population": 64, "duration_s": 1.000202337, "delivered_roundtrips": 21807}
{"event": "window", "id": "aya-udp-64-64-59000-1000-1", "population": 64, "duration_s": 1.000351182, "delivered_roundtrips": 1000}
{"event": "window", "id": "aya-udp-64-64-59000-100-1", "population": 64, "duration_s": 1.000313104, "delivered_roundtrips": 100}
{"event": "window", "id": "aya-udp-64-64-59000-100-2", "population": 64, "duration_s": 1.000333815, "delivered_roundtrips": 100}
{"event": "window", "id": "aya-udp-64-64-59000-1000-2", "population": 64, "duration_s": 1.000280866, "delivered_roundtrips": 1000}
{"event": "window", "id": "aya-udp-64-64-59000-0-2", "population": 64, "duration_s": 1.000235547, "delivered_roundtrips": 21768}
{"event": "traffic_resources", "population": 64}
{"event": "audit"}
{"event": "owned_retirement", "duration_s": 0.486536875}
{"event": "transport_drain_live_kernel", "confirmed_zero": true, "usage": 0}
{"event": "complete"}
BENCH_HARNESS_EXIT=0
vhost_vsock 28672 0 - Live 0xffffffffc0614000
vmw_vsock_virtio_transport_common 57344 1 vhost_vsock, Live 0xffffffffc0610000
vhost 69632 1 vhost_vsock, Live 0xffffffffc0609000
vhost_iotlb 16384 1 vhost, Live 0xffffffffc0608000
vsock 73728 2 vhost_vsock,vmw_vsock_virtio_transport_common, Live 0xffffffffc0600000
BENCH_LIVE_MODULES_AFTER_UNLOAD
vhost_vsock 28672 0 - Live 0xffffffffc0614000
vmw_vsock_virtio_transport_common 57344 1 vhost_vsock, Live 0xffffffffc0610000
vhost 69632 1 vhost_vsock, Live 0xffffffffc0609000
vhost_iotlb 16384 1 vhost, Live 0xffffffffc0608000
vsock 73728 2 vhost_vsock,vmw_vsock_virtio_transport_common, Live 0xffffffffc0600000
1
[    0.000000] Linux version 7.0.0-29-generic (buildd@lcy02-amd64-113) (x86_64-linux-gnu-gcc (Ubuntu 15.2.0-16ubuntu1) 15.2.0, GNU ld (GNU Binutils for Ubuntu) 2.46) #29-Ubuntu SMP PREEMPT_DYNAMIC Fri Jul 17 20:52:35 UTC 2026 (Ubuntu 7.0.0-29.29-generic 7.0.12)
[    0.000000] Command line: console=ttyS0 rdinit=/init panic=-1
[    0.000000] KERNEL supported cpus:
[    0.000000]   Intel GenuineIntel
[    0.000000]   AMD AuthenticAMD
[    0.000000]   Hygon HygonGenuine
[    0.000000]   Centaur CentaurHauls
[    0.000000]   zhaoxin   Shanghai  
[    0.000000] BIOS-provided physical RAM map:
[    0.000000] BIOS-e820: [mem 0x0000000000000000-0x000000000009fbff]  System RAM
[    0.000000] BIOS-e820: [mem 0x000000000009fc00-0x000000000009ffff]  device reserved
[    0.000000] BIOS-e820: [gap 0x00000000000a0000-0x00000000000effff]
[    0.000000] BIOS-e820: [mem 0x00000000000f0000-0x00000000000fffff]  device reserved
[    0.000000] BIOS-e820: [mem 0x0000000000100000-0x000000007ffdffff]  System RAM
[    0.000000] BIOS-e820: [mem 0x000000007ffe0000-0x000000007fffffff]  device reserved
[    0.000000] BIOS-e820: [gap 0x0000000080000000-0x00000000afffffff]
[    0.000000] BIOS-e820: [mem 0x00000000b0000000-0x00000000bfffffff]  device reserved
[    0.000000] BIOS-e820: [gap 0x00000000c0000000-0x00000000fed1bfff]
[    0.000000] BIOS-e820: [mem 0x00000000fed1c000-0x00000000fed1ffff]  device reserved
[    0.000000] BIOS-e820: [gap 0x00000000fed20000-0x00000000feffbfff]
[    0.000000] BIOS-e820: [mem 0x00000000feffc000-0x00000000feffffff]  device reserved
[    0.000000] BIOS-e820: [gap 0x00000000ff000000-0x00000000fffbffff]
[    0.000000] BIOS-e820: [mem 0x00000000fffc0000-0x00000000ffffffff]  device reserved
[    0.000000] BIOS-e820: [mem 0x0000000100000000-0x000000047fffffff]  System RAM
[    0.000000] BIOS-e820: [gap 0x0000000480000000-0x000000fcffffffff]
[    0.000000] BIOS-e820: [mem 0x000000fd00000000-0x000000ffffffffff]  device reserved
[    0.000000] NX (Execute Disable) protection: active
[    0.000000] APIC: Static calls initialized
[    0.000000] SMBIOS 2.8 present.
[    0.000000] DMI: QEMU Standard PC (Q35 + ICH9, 2009), BIOS 1.17.0-debian-1.17.0-1ubuntu1 04/01/2014
[    0.000000] DMI: Memory slots populated: 1/1
[    0.000000] Hypervisor detected: KVM
[    0.000000] last_pfn = 0x7ffe0 max_arch_pfn = 0x10000000000
[    0.000000] kvm-clock: Using msrs 4b564d01 and 4b564d00
[    0.000000] kvm-clock: using sched offset of 228290481 cycles
[    0.000003] clocksource: kvm-clock: mask: 0xffffffffffffffff max_cycles: 0x1cd42e4dffb, max_idle_ns: 881590591483 ns
[    0.000006] tsc: Detected 2396.388 MHz processor
[    0.000382] e820: update [mem 0x00000000-0x00000fff] System RAM ==> device reserved
[    0.000385] e820: remove [mem 0x000a0000-0x000fffff] System RAM
[    0.000391] last_pfn = 0x480000 max_arch_pfn = 0x10000000000
[    0.000437] MTRR map: 4 entries (3 fixed + 1 variable; max 19), built from 8 variable MTRRs
[    0.000441] x86/PAT: Configuration [0-7]: WB  WC  UC- UC  WB  WP  UC- WT  
[    0.000508] last_pfn = 0x7ffe0 max_arch_pfn = 0x10000000000
[    0.003288] found SMP MP-table at [mem 0x000f5460-0x000f546f]
[    0.003308] Using GB pages for direct mapping
[    0.003427] RAMDISK: [mem 0x737f4000-0x7ffdffff]
[    0.003507] ACPI: Early table checksum verification disabled
[    0.003510] ACPI: RSDP 0x00000000000F5270 000014 (v00 BOCHS )
[    0.003514] ACPI: RSDT 0x000000007FFE3A02 000038 (v01 BOCHS  BXPC     00000001 BXPC 00000001)
[    0.003520] ACPI: FACP 0x000000007FFE3602 0000F4 (v03 BOCHS  BXPC     00000001 BXPC 00000001)
[    0.003525] ACPI: DSDT 0x000000007FFE0040 0035C2 (v01 BOCHS  BXPC     00000001 BXPC 00000001)
[    0.003528] ACPI: FACS 0x000000007FFE0000 000040
[    0.003530] ACPI: APIC 0x000000007FFE36F6 000270 (v03 BOCHS  BXPC     00000001 BXPC 00000001)
[    0.003532] ACPI: HPET 0x000000007FFE3966 000038 (v01 BOCHS  BXPC     00000001 BXPC 00000001)
[    0.003534] ACPI: MCFG 0x000000007FFE399E 00003C (v01 BOCHS  BXPC     00000001 BXPC 00000001)
[    0.003537] ACPI: WAET 0x000000007FFE39DA 000028 (v01 BOCHS  BXPC     00000001 BXPC 00000001)
[    0.003538] ACPI: Reserving FACP table memory at [mem 0x7ffe3602-0x7ffe36f5]
[    0.003540] ACPI: Reserving DSDT table memory at [mem 0x7ffe0040-0x7ffe3601]
[    0.003541] ACPI: Reserving FACS table memory at [mem 0x7ffe0000-0x7ffe003f]
[    0.003541] ACPI: Reserving APIC table memory at [mem 0x7ffe36f6-0x7ffe3965]
[    0.003542] ACPI: Reserving HPET table memory at [mem 0x7ffe3966-0x7ffe399d]
[    0.003543] ACPI: Reserving MCFG table memory at [mem 0x7ffe399e-0x7ffe39d9]
[    0.003544] ACPI: Reserving WAET table memory at [mem 0x7ffe39da-0x7ffe3a01]
[    0.004116] No NUMA configuration found
[    0.004118] Faking a node at [mem 0x0000000000000000-0x000000047fffffff]
[    0.004130] NODE_DATA(0) allocated [mem 0x47ffd5280-0x47fffffff]
[    0.004997] ACPI: PM-Timer IO Port: 0x608
[    0.005019] ACPI: LAPIC_NMI (acpi_id[0xff] dfl dfl lint[0x1])
[    0.005052] IOAPIC[0]: apic_id 0, version 17, address 0xfec00000, GSI 0-23
[    0.005055] ACPI: INT_SRC_OVR (bus 0 bus_irq 0 global_irq 2 dfl dfl)
[    0.005056] ACPI: INT_SRC_OVR (bus 0 bus_irq 5 global_irq 5 high level)
[    0.005058] ACPI: INT_SRC_OVR (bus 0 bus_irq 9 global_irq 9 high level)
[    0.005059] ACPI: INT_SRC_OVR (bus 0 bus_irq 10 global_irq 10 high level)
[    0.005060] ACPI: INT_SRC_OVR (bus 0 bus_irq 11 global_irq 11 high level)
[    0.005063] ACPI: Using ACPI (MADT) for SMP configuration information
[    0.005064] ACPI: HPET id: 0x8086a201 base: 0xfed00000
[    0.005067] TSC deadline timer available
[    0.005070] CPU topo: Max. logical packages:   1
[    0.005071] CPU topo: Max. logical nodes:      1
[    0.005071] CPU topo: Num. nodes per package:  1
[    0.005074] CPU topo: Max. logical dies:       1
[    0.005074] CPU topo: Max. dies per package:   1
[    0.005078] CPU topo: Max. threads per core:   1
[    0.005079] CPU topo: Num. cores per package:    64
[    0.005080] CPU topo: Num. threads per package:  64
[    0.005081] CPU topo: Allowing 4 present CPUs plus 60 hotplug CPUs
[    0.005100] kvm-guest: APIC: eoi() replaced with kvm_guest_apic_eoi_write()
[    0.005114] kvm-guest: KVM setup pv remote TLB flush
[    0.005118] kvm-guest: setup PV sched yield
[    0.005126] PM: hibernation: Registered nosave memory: [mem 0x00000000-0x00000fff]
[    0.005127] PM: hibernation: Registered nosave memory: [mem 0x0009f000-0x000fffff]
[    0.005129] PM: hibernation: Registered nosave memory: [mem 0x7ffe0000-0xffffffff]
[    0.005130] [gap 0xc0000000-0xfed1bfff] available for PCI devices
[    0.005132] Booting paravirtualized kernel on KVM
[    0.005133] clocksource: refined-jiffies: mask: 0xffffffff max_cycles: 0xffffffff, max_idle_ns: 1910969940391419 ns
[    0.005191] Zone ranges:
[    0.005192]   DMA      [mem 0x0000000000001000-0x0000000000ffffff]
[    0.005194]   DMA32    [mem 0x0000000001000000-0x00000000ffffffff]
[    0.005196]   Normal   [mem 0x0000000100000000-0x000000047fffffff]
[    0.005197]   Device   empty
[    0.005198] Movable zone start for each node
[    0.005200] Early memory node ranges
[    0.005201]   node   0: [mem 0x0000000000001000-0x000000000009efff]
[    0.005202]   node   0: [mem 0x0000000000100000-0x000000007ffdffff]
[    0.005203]   node   0: [mem 0x0000000100000000-0x000000047fffffff]
[    0.005206] Initmem setup node 0 [mem 0x0000000000001000-0x000000047fffffff]
[    0.005302] On node 0, zone DMA: 1 pages in unavailable ranges
[    0.005316] On node 0, zone DMA: 97 pages in unavailable ranges
[    0.029135] On node 0, zone Normal: 32 pages in unavailable ranges
[    0.029154] setup_percpu: NR_CPUS:8192 nr_cpumask_bits:64 nr_cpu_ids:64 nr_node_ids:1
[    0.031920] percpu: Embedded 85 pages/cpu s225280 r8192 d114688 u524288
[    0.031931] pcpu-alloc: s225280 r8192 d114688 u524288 alloc=1*2097152
[    0.031934] pcpu-alloc: [0] 00 01 02 03 [0] 04 05 06 07 
[    0.031939] pcpu-alloc: [0] 08 09 10 11 [0] 12 13 14 15 
[    0.031943] pcpu-alloc: [0] 16 17 18 19 [0] 20 21 22 23 
[    0.031947] pcpu-alloc: [0] 24 25 26 27 [0] 28 29 30 31 
[    0.031951] pcpu-alloc: [0] 32 33 34 35 [0] 36 37 38 39 
[    0.031955] pcpu-alloc: [0] 40 41 42 43 [0] 44 45 46 47 
[    0.031959] pcpu-alloc: [0] 48 49 50 51 [0] 52 53 54 55 
[    0.031962] pcpu-alloc: [0] 56 57 58 59 [0] 60 61 62 63 
[    0.032013] kvm-guest: PV spinlocks enabled
[    0.032016] PV qspinlock hash table entries: 256 (order: 0, 4096 bytes, linear)
[    0.032020] Kernel command line: console=ttyS0 rdinit=/init panic=-1
[    0.032060] random: crng init done
[    0.032061] printk: log_buf_len individual max cpu contribution: 4096 bytes
[    0.032062] printk: log_buf_len total cpu_extra contributions: 258048 bytes
[    0.032063] printk: log_buf_len min size: 262144 bytes
[    0.032303] printk: log buffer data + meta data: 524288 + 2228224 = 2752512 bytes
[    0.032304] printk: early log buf free: 253976(96%)
[    0.033317] Dentry cache hash table entries: 2097152 (order: 12, 16777216 bytes, linear)
[    0.033849] Inode-cache hash table entries: 1048576 (order: 11, 8388608 bytes, linear)
[    0.034347] software IO TLB: area num 64.
[    0.040783] Fallback order for Node 0: 0 
[    0.040795] Built 1 zonelists, mobility grouping on.  Total pages: 4194174
[    0.040797] Policy zone: Normal
[    0.040808] mem auto-init: stack:all(zero), heap alloc:on, heap free:off
[    0.067943] SLUB: HWalign=64, Order=0-3, MinObjects=0, CPUs=64, Nodes=1
[    0.082092] ftrace: allocating 63941 entries in 252 pages
[    0.082096] ftrace: allocated 252 pages with 6 groups
[    0.082926] Dynamic Preempt: lazy
[    0.083298] rcu: Preemptible hierarchical RCU implementation.
[    0.083299] rcu: 	RCU restricting CPUs from NR_CPUS=8192 to nr_cpu_ids=64.
[    0.083301] 	Trampoline variant of Tasks RCU enabled.
[    0.083302] 	Rude variant of Tasks RCU enabled.
[    0.083302] 	Tracing variant of Tasks RCU enabled.
[    0.083303] rcu: RCU calculated value of scheduler-enlistment delay is 100 jiffies.
[    0.083304] rcu: Adjusting geometry for rcu_fanout_leaf=16, nr_cpu_ids=64
[    0.083333] RCU Tasks: Setting shift to 6 and lim to 1 rcu_task_cb_adjust=1 rcu_task_cpu_ids=64.
[    0.083337] RCU Tasks Rude: Setting shift to 6 and lim to 1 rcu_task_cb_adjust=1 rcu_task_cpu_ids=64.
[    0.088405] NR_IRQS: 524544, nr_irqs: 936, preallocated irqs: 16
[    0.088681] rcu: srcu_init: Setting srcu_struct sizes based on contention.
[    0.088961] Console: colour *CGA 80x25
[    0.089034] printk: legacy console [ttyS0] enabled
[    0.331240] ACPI: Core revision 20251212
[    0.332665] clocksource: hpet: mask: 0xffffffff max_cycles: 0xffffffff, max_idle_ns: 19112604467 ns
[    0.335461] APIC: Switch to symmetric I/O mode setup
[    0.337172] x2apic enabled
[    0.338336] APIC: Switched APIC routing to: physical x2apic
[    0.339987] kvm-guest: APIC: send_IPI_mask() replaced with kvm_send_ipi_mask()
[    0.342098] kvm-guest: APIC: send_IPI_mask_allbutself() replaced with kvm_send_ipi_mask_allbutself()
[    0.344752] kvm-guest: setup PV IPIs
[    0.347158] ..TIMER: vector=0x30 apic1=0 pin1=2 apic2=-1 pin2=-1
[    0.348939] clocksource: tsc-early: mask: 0xffffffffffffffff max_cycles: 0x228ae3847f6, max_idle_ns: 440795295175 ns
[    0.351976] Calibrating delay loop (skipped) preset value.. 4792.77 BogoMIPS (lpj=2396388)
[    0.354042] x86/cpu: User Mode Instruction Prevention (UMIP) activated
[    0.356043] Last level iTLB entries: 4KB 512, 2MB 255, 4MB 127
[    0.356975] Last level dTLB entries: 4KB 512, 2MB 255, 4MB 127, 1GB 0
[    0.357986] mitigations: Enabled attack vectors: user_kernel, user_user, guest_host, guest_guest, SMT mitigations: auto
[    0.358976] Speculative Store Bypass: Mitigation: Speculative Store Bypass disabled via prctl
[    0.359975] Transient Scheduler Attacks: Vulnerable: No microcode
[    0.360975] Spectre V2 : Mitigation: Enhanced / Automatic IBRS
[    0.361975] Speculative Return Stack Overflow: Mitigation: Safe RET
[    0.362975] Spectre V1 : Mitigation: usercopy/swapgs barriers and __user pointer sanitization
[    0.363982] Spectre V2 : mitigation: Enabling conditional Indirect Branch Prediction Barrier
[    0.364976] active return thunk: srso_alias_return_thunk
[    0.366006] x86/fpu: Supporting XSAVE feature 0x001: 'x87 floating point registers'
[    0.366975] x86/fpu: Supporting XSAVE feature 0x002: 'SSE registers'
[    0.367975] x86/fpu: Supporting XSAVE feature 0x004: 'AVX registers'
[    0.368975] x86/fpu: Supporting XSAVE feature 0x020: 'AVX-512 opmask'
[    0.369975] x86/fpu: Supporting XSAVE feature 0x040: 'AVX-512 Hi256'
[    0.370975] x86/fpu: Supporting XSAVE feature 0x080: 'AVX-512 ZMM_Hi256'
[    0.371976] x86/fpu: Supporting XSAVE feature 0x200: 'Protection Keys User registers'
[    0.372975] x86/fpu: xstate_offset[2]:  576, xstate_sizes[2]:  256
[    0.373975] x86/fpu: xstate_offset[5]:  832, xstate_sizes[5]:   64
[    0.374975] x86/fpu: xstate_offset[6]:  896, xstate_sizes[6]:  512
[    0.375975] x86/fpu: xstate_offset[7]: 1408, xstate_sizes[7]: 1024
[    0.376984] x86/fpu: xstate_offset[9]: 2432, xstate_sizes[9]:    8
[    0.377975] x86/fpu: Enabled xstate features 0x2e7, context size is 2440 bytes, using 'compacted' format.
[    0.419271] Freeing SMP alternatives memory: 56K
[    0.419977] pid_max: default: 65536 minimum: 512
[    0.421370] landlock: Up and running.
[    0.421975] Yama: becoming mindful.
[    0.423149] AppArmor: AppArmor initialized
[    0.423975] AppArmor: AppArmor secmark mediation reserved: ready to be enabled
[    0.425193] Mount-cache hash table entries: 32768 (order: 6, 262144 bytes, linear)
[    0.425982] Mountpoint-cache hash table entries: 32768 (order: 6, 262144 bytes, linear)
[    0.427139] VFS: Finished mounting rootfs on nullfs
[    0.429113] smpboot: CPU0: AMD EPYC 8024P 8-Core Processor (family: 0x19, model: 0xa0, stepping: 0x2)
[    0.430339] Performance Events: Fam17h+ core perfctr, AMD PMU driver.
[    0.430990] ... version:                   2
[    0.431977] ... bit width:                 48
[    0.432978] ... generic counters:          6
[    0.433977] ... generic bitmap:            000000000000003f
[    0.434978] ... fixed-purpose counters:    0
[    0.435977] ... fixed-purpose bitmap:      0000000000000000
[    0.436977] ... value mask:                0000ffffffffffff
[    0.437978] ... max period:                00007fffffffffff
[    0.438978] ... global_ctrl mask:          000000000000003f
[    0.440239] signal: max sigframe size: 3376
[    0.441042] rcu: Hierarchical SRCU implementation.
[    0.441984] rcu: 	Max phase no-delay instances is 400.
[    0.443060] Timer migration: 2 hierarchy levels; 8 children per group; 2 crossnode level
[    0.452445] smp: Bringing up secondary CPUs ...
[    0.453286] smpboot: x86: Booting SMP configuration:
[    0.453991] .... node  #0, CPUs:        #1  #2  #3
[    0.457976] smp: Brought up 1 node, 4 CPUs
[    0.459983] smpboot: Total of 4 processors activated (19171.10 BogoMIPS)
[    0.461683] Memory: 13728444K/16776696K available (23799K kernel code, 4952K rwdata, 16764K rodata, 5292K init, 5856K bss, 3029888K reserved, 0K cma-reserved)
[    0.462484] devtmpfs: initialized
[    0.463083] x86/mm: Memory block size: 128MB
[    0.467100] clocksource: jiffies: mask: 0xffffffff max_cycles: 0xffffffff, max_idle_ns: 1911260446275000 ns
[    0.467997] posixtimers hash table entries: 32768 (order: 7, 524288 bytes, linear)
[    0.469114] futex hash table entries: 16384 (1048576 bytes on 1 NUMA nodes, total 1024 KiB, linear).
[    0.470464] PM: RTC time: 20:38:52, date: 2026-10-04
[    0.471595] NET: Registered PF_NETLINK/PF_ROUTE protocol family
[    0.472378] DMA: preallocated 2048 KiB GFP_KERNEL pool for atomic allocations
[    0.473045] DMA: preallocated 2048 KiB GFP_KERNEL|GFP_DMA pool for atomic allocations
[    0.474052] DMA: preallocated 2048 KiB GFP_KERNEL|GFP_DMA32 pool for atomic allocations
[    0.474993] audit: initializing netlink subsys (disabled)
[    0.476000] audit: type=2000 audit(1791146333.141:1): state=initialized audit_enabled=0 res=1
[    0.476219] thermal_sys: Registered thermal governor 'fair_share'
[    0.476982] thermal_sys: Registered thermal governor 'bang_bang'
[    0.477980] thermal_sys: Registered thermal governor 'step_wise'
[    0.478978] thermal_sys: Registered thermal governor 'user_space'
[    0.479978] thermal_sys: Registered thermal governor 'power_allocator'
[    0.480994] cpuidle: using governor ladder
[    0.482986] cpuidle: using governor menu
[    0.485143] acpiphp: ACPI Hot Plug PCI Controller Driver version: 0.5
[    0.486278] PCI: ECAM [mem 0xb0000000-0xbfffffff] (base 0xb0000000) for domain 0000 [bus 00-ff]
[    0.486982] PCI: ECAM [mem 0xb0000000-0xbfffffff] reserved as E820 entry
[    0.487992] PCI: Using configuration type 1 for base access
[    0.489087] kprobes: kprobe jump-optimization is enabled. All kprobes are optimized if possible.
[    0.490326] HugeTLB: registered 1.00 GiB page size, pre-allocated 0 pages
[    0.490980] HugeTLB: 16380 KiB vmemmap can be freed for a 1.00 GiB page
[    0.491979] HugeTLB: registered 2.00 MiB page size, pre-allocated 0 pages
[    0.492978] HugeTLB: 28 KiB vmemmap can be freed for a 2.00 MiB page
[    0.497100] ACPI: Added _OSI(Module Device)
[    0.498984] ACPI: Added _OSI(Processor Device)
[    0.501986] ACPI: Added _OSI(Processor Aggregator Device)
[    0.513369] ACPI: 1 ACPI AML tables successfully acquired and loaded
[    0.523009] ACPI: \_SB_: platform _OSC: OS support mask [006e7eff]
[    0.527332] ACPI: Interpreter enabled
[    0.529035] ACPI: PM: (supports S0 S3 S4 S5)
[    0.530983] ACPI: Using IOAPIC for interrupt routing
[    0.534906] PCI: Using host bridge windows from ACPI; if necessary, use "pci=nocrs" and report a bug
[    0.539983] PCI: Using E820 reservations for host bridge windows
[    0.543671] ACPI: Enabled 2 GPEs in block 00 to 3F
[    0.569497] ACPI: PCI Root Bridge [PCI0] (domain 0000 [bus 00-ff])
[    0.571991] acpi PNP0A08:00: _OSC: OS supports [ExtendedConfig ASPM ClockPM Segments MSI EDR HPX-Type3]
[    0.575088] acpi PNP0A08:00: _OSC: platform does not support [PCIeHotplug LTR DPC]
[    0.577151] acpi PNP0A08:00: _OSC: OS now controls [SHPCHotplug PME AER PCIeCapability]
[    0.579210] PCI host bridge to bus 0000:00
[    0.580983] pci_bus 0000:00: root bus resource [io  0x0000-0x0cf7 window]
[    0.581977] pci_bus 0000:00: root bus resource [io  0x0d00-0xffff window]
[    0.583981] pci_bus 0000:00: root bus resource [mem 0x000a0000-0x000bffff window]
[    0.585982] pci_bus 0000:00: root bus resource [mem 0x80000000-0xafffffff window]
[    0.587978] pci_bus 0000:00: root bus resource [mem 0xc0000000-0xfebfffff window]
[    0.589978] pci_bus 0000:00: root bus resource [mem 0x480000000-0xc7fffffff window]
[    0.591978] pci_bus 0000:00: root bus resource [bus 00-ff]
[    0.593072] pci 0000:00:00.0: [8086:29c0] type 00 class 0x060000 conventional PCI endpoint
[    0.605504] pci 0000:00:1f.0: [8086:2918] type 00 class 0x060100 conventional PCI endpoint
[    0.608715] pci 0000:00:1f.0: quirk: [io  0x0600-0x067f] claimed by ICH6 ACPI/GPIO/TCO
[    0.611480] pci 0000:00:1f.2: [8086:2922] type 00 class 0x010601 conventional PCI endpoint
[    0.614054] pci 0000:00:1f.2: BAR 4 [io  0xc040-0xc05f]
[    0.615994] pci 0000:00:1f.2: BAR 5 [mem 0xfebff000-0xfebfffff]
[    0.617714] pci 0000:00:1f.3: [8086:2930] type 00 class 0x0c0500 conventional PCI endpoint
[    0.620956] pci 0000:00:1f.3: BAR 4 [io  0x0700-0x073f]
[    0.623848] ACPI: PCI: Interrupt link LNKA configured for IRQ 10
[    0.626168] ACPI: PCI: Interrupt link LNKB configured for IRQ 10
[    0.627166] ACPI: PCI: Interrupt link LNKC configured for IRQ 11
[    0.629175] ACPI: PCI: Interrupt link LNKD configured for IRQ 11
[    0.631165] ACPI: PCI: Interrupt link LNKE configured for IRQ 10
[    0.633166] ACPI: PCI: Interrupt link LNKF configured for IRQ 10
[    0.634167] ACPI: PCI: Interrupt link LNKG configured for IRQ 11
[    0.636173] ACPI: PCI: Interrupt link LNKH configured for IRQ 11
[    0.638048] ACPI: PCI: Interrupt link GSIA configured for IRQ 16
[    0.638998] ACPI: PCI: Interrupt link GSIB configured for IRQ 17
[    0.640998] ACPI: PCI: Interrupt link GSIC configured for IRQ 18
[    0.642997] ACPI: PCI: Interrupt link GSID configured for IRQ 19
[    0.644005] ACPI: PCI: Interrupt link GSIE configured for IRQ 20
[    0.645998] ACPI: PCI: Interrupt link GSIF configured for IRQ 21
[    0.646997] ACPI: PCI: Interrupt link GSIG configured for IRQ 22
[    0.648999] ACPI: PCI: Interrupt link GSIH configured for IRQ 23
[    0.656023] iommu: Default domain type: Translated
[    0.656978] iommu: DMA domain TLB invalidation policy: lazy mode
[    0.659287] SCSI subsystem initialized
[    0.660002] libata version 3.00 loaded.
[    0.660028] ACPI: bus type USB registered
[    0.661010] usbcore: registered new interface driver usbfs
[    0.662996] usbcore: registered new interface driver hub
[    0.664004] usbcore: registered new device driver usb
[    0.665016] pps_core: LinuxPPS API ver. 1 registered
[    0.666977] pps_core: Software ver. 5.3.6 - Copyright 2005-2007 Rodolfo Giometti <giometti@linux.it>
[    0.668986] PTP clock support registered
[    0.670027] EDAC MC: Ver: 3.0.0
[    0.671470] NetLabel: Initializing
[    0.672978] NetLabel:  domain hash size = 128
[    0.673977] NetLabel:  protocols = UNLABELED CIPSOv4 CALIPSO
[    0.675006] NetLabel:  unlabeled traffic allowed by default
[    0.677103] mctp: management component transport protocol core
[    0.678986] NET: Registered PF_MCTP protocol family
[    0.680005] PCI: Using ACPI for IRQ routing
[    0.877861] PCI: pci_cache_line_size set to 64 bytes
[    0.877993] e820: register RAM buffer resource [mem 0x0009fc00-0x0009ffff]
[    0.879985] e820: register RAM buffer resource [mem 0x7ffe0000-0x7fffffff]
[    0.882035] vgaarb: loaded
[    0.882701] hpet0: at MMIO 0xfed00000, IRQs 2, 8, 0
[    0.883978] hpet0: 3 comparators, 64-bit 100.000000 MHz counter
[    0.890975] clocksource: Switched to clocksource kvm-clock
[    0.892864] VFS: Disk quotas dquot_6.6.0
[    0.893934] VFS: Dquot-cache hash table entries: 512 (order 0, 4096 bytes)
[    0.896131] AppArmor: AppArmor Filesystem Enabled
[    0.897397] acpi PNP0C01:00: Reserved [mem 0xb0000000-0xbfffffff]
[    0.899013] pnp: PnP ACPI init
[    0.900610] pnp: PnP ACPI: found 4 devices
[    0.909935] clocksource: acpi_pm: mask: 0xffffff max_cycles: 0xffffff, max_idle_ns: 2085701024 ns
[    0.912377] NET: Registered PF_INET protocol family
[    0.913804] IP idents hash table entries: 262144 (order: 9, 2097152 bytes, linear)
[    0.936022] tcp_listen_portaddr_hash hash table entries: 8192 (order: 5, 131072 bytes, linear)
[    0.938287] Table-perturb hash table entries: 65536 (order: 6, 262144 bytes, linear)
[    0.940404] TCP established hash table entries: 131072 (order: 8, 1048576 bytes, linear)
[    0.942637] TCP bind hash table entries: 65536 (order: 9, 2097152 bytes, linear)
[    0.944624] TCP: Hash tables configured (established 131072 bind 65536)
[    0.946526] MPTCP token hash table entries: 16384 (order: 7, 393216 bytes, linear)
[    0.948541] UDP hash table entries: 8192 (order: 7, 524288 bytes, linear)
[    0.950425] UDP-Lite hash table entries: 8192 (order: 7, 524288 bytes, linear)
[    0.952470] NET: Registered PF_UNIX/PF_LOCAL protocol family
[    0.953955] NET: Registered PF_XDP protocol family
[    0.955206] pci_bus 0000:00: resource 4 [io  0x0000-0x0cf7 window]
[    0.956827] pci_bus 0000:00: resource 5 [io  0x0d00-0xffff window]
[    0.958415] pci_bus 0000:00: resource 6 [mem 0x000a0000-0x000bffff window]
[    0.960196] pci_bus 0000:00: resource 7 [mem 0x80000000-0xafffffff window]
[    0.961970] pci_bus 0000:00: resource 8 [mem 0xc0000000-0xfebfffff window]
[    0.963749] pci_bus 0000:00: resource 9 [mem 0x480000000-0xc7fffffff window]
[    0.965641] PCI: CLS 0 bytes, default 64
[    0.966776] PCI-DMA: Using software bounce buffering for IO (SWIOTLB)
[    0.966918] Trying to unpack rootfs image as initramfs...
[    0.968441] software IO TLB: mapped [mem 0x000000006f7f4000-0x00000000737f4000] (64MB)
[    0.968494] clocksource: tsc: mask: 0xffffffffffffffff max_cycles: 0x228ae3847f6, max_idle_ns: 440795295175 ns
[    0.977674] Initialise system trusted keyrings
[    0.978857] Key type blacklist registered
[    0.980056] workingset: timestamp_bits=36 max_order=22 bucket_order=0
[    0.982389] squashfs: version 4.0 (2009/01/31) Phillip Lougher
[    0.984203] fuse: init (API version 7.45)
[    0.985637] integrity: Platform Keyring initialized
[    0.986937] integrity: Machine keyring initialized
[    1.000968] Key type asymmetric registered
[    1.002084] Asymmetric key parser 'x509' registered
[    1.003858] Block layer SCSI generic (bsg) driver version 0.4 loaded (major 242)
[    1.005897] io scheduler mq-deadline registered
[    1.008338] ledtrig-cpu: registered to indicate activity on CPUs
[    1.010159] input: Power Button as /devices/platform/LNXPWRBN:00/input/input0
[    1.012036] ACPI: button: Power Button [PWRF]
[    1.014905] Serial: 8250/16550 driver, 32 ports, IRQ sharing enabled
[    1.042900] 00:02: ttyS0 at I/O 0x3f8 (irq = 4, base_baud = 115200) is a 16550A
[    1.049163] Linux agpgart interface v0.103
[    1.056760] loop: module loaded
[    1.057972] ACPI: bus type drm_connector registered
[    1.059590] tun: Universal TUN/TAP device driver, 1.6
[    1.061047] PPP generic driver version 2.4.2
[    1.062478] i8042: PNP: PS/2 Controller [PNP0303:KBD,PNP0f13:MOU] at 0x60,0x64 irq 1,12
[    1.065695] serio: i8042 KBD port at 0x60,0x64 irq 1
[    1.067045] serio: i8042 AUX port at 0x60,0x64 irq 12
[    1.068604] mousedev: PS/2 mouse device common for all mice
[    1.070274] rtc_cmos 00:03: RTC can wake from S4
[    1.072889] input: AT Translated Set 2 keyboard as /devices/platform/i8042/serio0/input/input1
[    1.073002] rtc_cmos 00:03: registered as rtc0
[    1.077855] rtc_cmos 00:03: setting system clock to 2026-10-04T20:38:53 UTC (1791146333)
[    1.082243] rtc_cmos 00:03: alarms up to one day, y3k, 242 bytes nvram, hpet irqs
[    1.086160] i2c_dev: i2c /dev entries driver
[    1.088521] device-mapper: core: CONFIG_IMA_DISABLE_HTABLE is disabled. Duplicate IMA measurements will not be recorded in the IMA log.
[    1.094810] device-mapper: uevent: version 1.0.3
[    1.097598] device-mapper: ioctl: 4.50.0-ioctl (2025-04-28) initialised: dm-devel@lists.linux.dev
[    1.102139] amd_pstate: The CPPC feature is supported but currently disabled by the BIOS.
[    1.102139] Please enable it if your BIOS has the CPPC option.
[    1.105684] Freeing initrd memory: 204720K
[    1.109303] amd_pstate: the _CPC object is not present in SBIOS or ACPI disabled
[    1.114459] drop_monitor: Initializing network drop monitor service
[    1.118155] NET: Registered PF_INET6 protocol family
[    1.122042] Segment Routing with IPv6
[    1.124012] In-situ OAM (IOAM) with IPv6
[    1.126160] NET: Registered PF_PACKET protocol family
[    1.128905] Key type dns_resolver registered
[    1.132192] IPI shorthand broadcast: enabled
[    1.140631] sched_clock: Marking stable (885007590, 255280357)->(1223079655, -82791708)
[    1.145787] registered taskstats version 1
[    1.149192] Loading compiled-in X.509 certificates
[    1.152613] Loaded X.509 cert 'Build time autogenerated kernel key: 454b3e9802e3c39a997a1e8863aaf8b3df15fbc0'
[    1.157898] Loaded X.509 cert 'Canonical Ltd. Live Patch Signing 2025 Kmod: d541cef61dc7e793b7eb7e899970a2eef0b5dc8c'
[    1.163124] Loaded X.509 cert 'Canonical Ltd. Live Patch Signing: 14df34d1a87cf37625abec039ef2bf521249b969'
[    1.166052] Loaded X.509 cert 'Canonical Ltd. Kernel Module Signing 2025 Kmod: 4627603d2357a2a3f81006370894c221175893e9'
[    1.169307] Loaded X.509 cert 'Canonical Ltd. Kernel Module Signing: 88f752e560a1e0737e31163a466ad7b70a850c19'
[    1.171874] blacklist: Loading compiled-in revocation X.509 certificates
[    1.173646] Loaded X.509 cert 'Canonical Ltd. Secure Boot Signing: 61482aa2830d0ab2ad5af10b7250da9033ddcef0'
[    1.176180] Loaded X.509 cert 'Canonical Ltd. Secure Boot Signing (2017): 242ade75ac4a15e50d50c84b0d45ff3eae707a03'
[    1.178916] Loaded X.509 cert 'Canonical Ltd. Secure Boot Signing (ESM 2018): 365188c1d374d6b07c3c8f240f8ef722433d6a8b'
[    1.181718] Loaded X.509 cert 'Canonical Ltd. Secure Boot Signing (2019): c0746fd6c5da3ae827864651ad66ae47fe24b3e8'
[    1.184383] Loaded X.509 cert 'Canonical Ltd. Secure Boot Signing (2021 v1): a8d54bbb3825cfb94fa13c9f8a594a195c107b8d'
[    1.187144] Loaded X.509 cert 'Canonical Ltd. Secure Boot Signing (2021 v2): 4cf046892d6fd3c9a5b03f98d845f90851dc6a8c'
[    1.189896] Loaded X.509 cert 'Canonical Ltd. Secure Boot Signing (2021 v3): 100437bb6de6e469b581e61cd66bce3ef4ed53af'
[    1.192658] Loaded X.509 cert 'Canonical Ltd. Secure Boot Signing (Ubuntu Core 2019): c1d57b8f6b743f23ee41f4f7ee292f06eecadfb9'
[    1.204370] Demotion targets for Node 0: null
[    1.205762] Key type .fscrypt registered
[    1.206788] Key type fscrypt-provisioning registered
[    1.208224] Key type big_key registered
[    1.210524] Key type encrypted registered
[    1.211588] AppArmor: AppArmor sha256 policy hashing enabled
[    1.213067] ima: No TPM chip found, activating TPM-bypass!
[    1.214499] Loading compiled-in module X.509 certificates
[    1.216410] Loaded X.509 cert 'Build time autogenerated kernel key: 454b3e9802e3c39a997a1e8863aaf8b3df15fbc0'
[    1.218940] ima: Allocated hash algorithm: sha256
[    1.220184] ima: No architecture policies found
[    1.221410] evm: Initialising EVM extended attributes:
[    1.222764] evm: security.selinux
[    1.223632] evm: security.SMACK64
[    1.224509] evm: security.SMACK64EXEC
[    1.225484] evm: security.SMACK64TRANSMUTE
[    1.226569] evm: security.SMACK64MMAP
[    1.227539] evm: security.apparmor
[    1.228453] evm: security.ima
[    1.229244] evm: security.capability
[    1.230201] evm: HMAC attrs: 0x1
[    1.231436] PM:   Magic number: 14:29:649
[    1.232548] acpi LNXCPU:02: hash matches
[    1.233929] RAS: Correctable Errors collector initialized.
[    1.235731] clk: Disabling unused clocks
[    1.236768] PM: genpd: Disabling unused power domains
[    1.240011] Freeing unused decrypted memory: 2028K
[    1.241649] Freeing unused kernel image (initmem) memory: 5292K
[    1.242763] Write protecting the kernel read-only data: 43008k
[    1.244490] Freeing unused kernel image (text/rodata gap) memory: 776K
[    1.246076] Freeing unused kernel image (rodata/data gap) memory: 1668K
[    1.313289] x86/mm: Checked W+X mappings: passed, no W+X pages found.
[    1.314503] Run /init as init process
[    1.315195]   with arguments:
[    1.315200]     /init
[    1.315203]   with environment:
[    1.315205]     HOME=/
[    1.315208]     TERM=linux
[    1.334010] NET: Registered PF_VSOCK protocol family
[   15.993093] clocksource: Long readout interval, skipping watchdog check: cs_nsec: 1136799094 wd_nsec: 1136798648
[   78.347592] clocksource: Long readout interval, skipping watchdog check: cs_nsec: 2842300035 wd_nsec: 2842298885
[   97.298990] clocksource: Long readout interval, skipping watchdog check: cs_nsec: 6785702302 wd_nsec: 6785699760
BENCH_COMPLETE_EXIT=0
[  182.196835] ACPI: PM: Preparing to enter system sleep state S5
[  182.199334] reboot: Power down
409436 blocks
qemu-system-x86_64: -accel kvm: warning: Number of hotpluggable cpus requested (64) exceeds the recommended cpus supported by KVM (16)
c[?7l[2J[0mSeaBIOS (version 1.17.0-debian-1.17.0-1ubuntu1)
Booting from ROM...
c[?7l[2J[    0.000000] Linux version 7.0.0-29-generic (buildd@lcy02-amd64-113) (x86_64-linux-gnu-gcc (Ubuntu 15.2.0-16ubuntu1) 15.2.0, GNU ld (GNU Binutils for Ubuntu) 2.46) #29-Ubuntu SMP PREEMPT_DYNAMIC Fri Jul 17 20:52:35 UTC 2026 (Ubuntu 7.0.0-29.29-generic 7.0.12)
[    0.000000] Command line: console=ttyS0 rdinit=/init panic=-1
[    0.000000] KERNEL supported cpus:
[    0.000000]   Intel GenuineIntel
[    0.000000]   AMD AuthenticAMD
[    0.000000]   Hygon HygonGenuine
[    0.000000]   Centaur CentaurHauls
[    0.000000]   zhaoxin   Shanghai  
[    0.000000] BIOS-provided physical RAM map:
[    0.000000] BIOS-e820: [mem 0x0000000000000000-0x000000000009fbff]  System RAM
[    0.000000] BIOS-e820: [mem 0x000000000009fc00-0x000000000009ffff]  device reserved
[    0.000000] BIOS-e820: [gap 0x00000000000a0000-0x00000000000effff]
[    0.000000] BIOS-e820: [mem 0x00000000000f0000-0x00000000000fffff]  device reserved
[    0.000000] BIOS-e820: [mem 0x0000000000100000-0x000000007ffdffff]  System RAM
[    0.000000] BIOS-e820: [mem 0x000000007ffe0000-0x000000007fffffff]  device reserved
[    0.000000] BIOS-e820: [gap 0x0000000080000000-0x00000000afffffff]
[    0.000000] BIOS-e820: [mem 0x00000000b0000000-0x00000000bfffffff]  device reserved
[    0.000000] BIOS-e820: [gap 0x00000000c0000000-0x00000000fed1bfff]
[    0.000000] BIOS-e820: [mem 0x00000000fed1c000-0x00000000fed1ffff]  device reserved
[    0.000000] BIOS-e820: [gap 0x00000000fed20000-0x00000000feffbfff]
[    0.000000] BIOS-e820: [mem 0x00000000feffc000-0x00000000feffffff]  device reserved
[    0.000000] BIOS-e820: [gap 0x00000000ff000000-0x00000000fffbffff]
[    0.000000] BIOS-e820: [mem 0x00000000fffc0000-0x00000000ffffffff]  device reserved
[    0.000000] BIOS-e820: [mem 0x0000000100000000-0x000000047fffffff]  System RAM
[    0.000000] BIOS-e820: [gap 0x0000000480000000-0x000000fcffffffff]
[    0.000000] BIOS-e820: [mem 0x000000fd00000000-0x000000ffffffffff]  device reserved
[    0.000000] NX (Execute Disable) protection: active
[    0.000000] APIC: Static calls initialized
[    0.000000] SMBIOS 2.8 present.
[    0.000000] DMI: QEMU Standard PC (Q35 + ICH9, 2009), BIOS 1.17.0-debian-1.17.0-1ubuntu1 04/01/2014
[    0.000000] DMI: Memory slots populated: 1/1
[    0.000000] Hypervisor detected: KVM
[    0.000000] last_pfn = 0x7ffe0 max_arch_pfn = 0x10000000000
[    0.000000] kvm-clock: Using msrs 4b564d01 and 4b564d00
[    0.000001] kvm-clock: using sched offset of 231595533 cycles
[    0.000003] clocksource: kvm-clock: mask: 0xffffffffffffffff max_cycles: 0x1cd42e4dffb, max_idle_ns: 881590591483 ns
[    0.000006] tsc: Detected 2396.388 MHz processor
[    0.000396] last_pfn = 0x480000 max_arch_pfn = 0x10000000000
[    0.000442] MTRR map: 4 entries (3 fixed + 1 variable; max 19), built from 8 variable MTRRs
[    0.000446] x86/PAT: Configuration [0-7]: WB  WC  UC- UC  WB  WP  UC- WT  
[    0.000509] last_pfn = 0x7ffe0 max_arch_pfn = 0x10000000000
[    0.003298] found SMP MP-table at [mem 0x000f5460-0x000f546f]
[    0.003317] Using GB pages for direct mapping
[    0.003537] RAMDISK: [mem 0x737f4000-0x7ffdffff]
[    0.003615] ACPI: Early table checksum verification disabled
[    0.003619] ACPI: RSDP 0x00000000000F5270 000014 (v00 BOCHS )
[    0.003623] ACPI: RSDT 0x000000007FFE3A02 000038 (v01 BOCHS  BXPC     00000001 BXPC 00000001)
[    0.003628] ACPI: FACP 0x000000007FFE3602 0000F4 (v03 BOCHS  BXPC     00000001 BXPC 00000001)
[    0.003633] ACPI: DSDT 0x000000007FFE0040 0035C2 (v01 BOCHS  BXPC     00000001 BXPC 00000001)
[    0.003636] ACPI: FACS 0x000000007FFE0000 000040
[    0.003638] ACPI: APIC 0x000000007FFE36F6 000270 (v03 BOCHS  BXPC     00000001 BXPC 00000001)
[    0.003640] ACPI: HPET 0x000000007FFE3966 000038 (v01 BOCHS  BXPC     00000001 BXPC 00000001)
[    0.003642] ACPI: MCFG 0x000000007FFE399E 00003C (v01 BOCHS  BXPC     00000001 BXPC 00000001)
[    0.003645] ACPI: WAET 0x000000007FFE39DA 000028 (v01 BOCHS  BXPC     00000001 BXPC 00000001)
[    0.003646] ACPI: Reserving FACP table memory at [mem 0x7ffe3602-0x7ffe36f5]
[    0.003648] ACPI: Reserving DSDT table memory at [mem 0x7ffe0040-0x7ffe3601]
[    0.003649] ACPI: Reserving FACS table memory at [mem 0x7ffe0000-0x7ffe003f]
[    0.003649] ACPI: Reserving APIC table memory at [mem 0x7ffe36f6-0x7ffe3965]
[    0.003650] ACPI: Reserving HPET table memory at [mem 0x7ffe3966-0x7ffe399d]
[    0.003651] ACPI: Reserving MCFG table memory at [mem 0x7ffe399e-0x7ffe39d9]
[    0.003652] ACPI: Reserving WAET table memory at [mem 0x7ffe39da-0x7ffe3a01]
[    0.004234] No NUMA configuration found
[    0.004236] Faking a node at [mem 0x0000000000000000-0x000000047fffffff]
[    0.004249] NODE_DATA(0) allocated [mem 0x47ffd5280-0x47fffffff]
[    0.005100] ACPI: PM-Timer IO Port: 0x608
[    0.005122] ACPI: LAPIC_NMI (acpi_id[0xff] dfl dfl lint[0x1])
[    0.005154] IOAPIC[0]: apic_id 0, version 17, address 0xfec00000, GSI 0-23
[    0.005157] ACPI: INT_SRC_OVR (bus 0 bus_irq 0 global_irq 2 dfl dfl)
[    0.005159] ACPI: INT_SRC_OVR (bus 0 bus_irq 5 global_irq 5 high level)
[    0.005160] ACPI: INT_SRC_OVR (bus 0 bus_irq 9 global_irq 9 high level)
[    0.005161] ACPI: INT_SRC_OVR (bus 0 bus_irq 10 global_irq 10 high level)
[    0.005162] ACPI: INT_SRC_OVR (bus 0 bus_irq 11 global_irq 11 high level)
[    0.005165] ACPI: Using ACPI (MADT) for SMP configuration information
[    0.005167] ACPI: HPET id: 0x8086a201 base: 0xfed00000
[    0.005170] TSC deadline timer available
[    0.005173] CPU topo: Max. logical packages:   1
[    0.005174] CPU topo: Max. logical nodes:      1
[    0.005174] CPU topo: Num. nodes per package:  1
[    0.005177] CPU topo: Max. logical dies:       1
[    0.005177] CPU topo: Max. dies per package:   1
[    0.005181] CPU topo: Max. threads per core:   1
[    0.005182] CPU topo: Num. cores per package:    64
[    0.005183] CPU topo: Num. threads per package:  64
[    0.005184] CPU topo: Allowing 4 present CPUs plus 60 hotplug CPUs
[    0.005210] kvm-guest: APIC: eoi() replaced with kvm_guest_apic_eoi_write()
[    0.005225] kvm-guest: KVM setup pv remote TLB flush
[    0.005229] kvm-guest: setup PV sched yield
[    0.005237] PM: hibernation: Registered nosave memory: [mem 0x00000000-0x00000fff]
[    0.005239] PM: hibernation: Registered nosave memory: [mem 0x0009f000-0x000fffff]
[    0.005240] PM: hibernation: Registered nosave memory: [mem 0x7ffe0000-0xffffffff]
[    0.005242] [gap 0xc0000000-0xfed1bfff] available for PCI devices
[    0.005243] Booting paravirtualized kernel on KVM
[    0.005245] clocksource: refined-jiffies: mask: 0xffffffff max_cycles: 0xffffffff, max_idle_ns: 1910969940391419 ns
[    0.005303] Zone ranges:
[    0.005303]   DMA      [mem 0x0000000000001000-0x0000000000ffffff]
[    0.005305]   DMA32    [mem 0x0000000001000000-0x00000000ffffffff]
[    0.005307]   Normal   [mem 0x0000000100000000-0x000000047fffffff]
[    0.005308]   Device   empty
[    0.005309] Movable zone start for each node
[    0.005312] Early memory node ranges
[    0.005312]   node   0: [mem 0x0000000000001000-0x000000000009efff]
[    0.005314]   node   0: [mem 0x0000000000100000-0x000000007ffdffff]
[    0.005315]   node   0: [mem 0x0000000100000000-0x000000047fffffff]
[    0.005318] Initmem setup node 0 [mem 0x0000000000001000-0x000000047fffffff]
[    0.005414] On node 0, zone DMA: 1 pages in unavailable ranges
[    0.005428] On node 0, zone DMA: 97 pages in unavailable ranges
[    0.029213] On node 0, zone Normal: 32 pages in unavailable ranges
[    0.029232] setup_percpu: NR_CPUS:8192 nr_cpumask_bits:64 nr_cpu_ids:64 nr_node_ids:1
[    0.031987] percpu: Embedded 85 pages/cpu s225280 r8192 d114688 u524288
[    0.032083] kvm-guest: PV spinlocks enabled
[    0.032085] PV qspinlock hash table entries: 256 (order: 0, 4096 bytes, linear)
[    0.032089] Kernel command line: console=ttyS0 rdinit=/init panic=-1
[    0.032129] random: crng init done
[    0.032129] printk: log_buf_len individual max cpu contribution: 4096 bytes
[    0.032130] printk: log_buf_len total cpu_extra contributions: 258048 bytes
[    0.032131] printk: log_buf_len min size: 262144 bytes
[    0.032493] printk: log buffer data + meta data: 524288 + 2228224 = 2752512 bytes
[    0.032494] printk: early log buf free: 253976(96%)
[    0.033512] Dentry cache hash table entries: 2097152 (order: 12, 16777216 bytes, linear)
[    0.034047] Inode-cache hash table entries: 1048576 (order: 11, 8388608 bytes, linear)
[    0.034556] software IO TLB: area num 64.
[    0.040965] Fallback order for Node 0: 0 
[    0.040978] Built 1 zonelists, mobility grouping on.  Total pages: 4194174
[    0.040980] Policy zone: Normal
[    0.040991] mem auto-init: stack:all(zero), heap alloc:on, heap free:off
[    0.067838] SLUB: HWalign=64, Order=0-3, MinObjects=0, CPUs=64, Nodes=1
[    0.081775] ftrace: allocating 63941 entries in 252 pages
[    0.081778] ftrace: allocated 252 pages with 6 groups
[    0.082602] Dynamic Preempt: lazy
[    0.082982] rcu: Preemptible hierarchical RCU implementation.
[    0.082983] rcu: 	RCU restricting CPUs from NR_CPUS=8192 to nr_cpu_ids=64.
[    0.082985] 	Trampoline variant of Tasks RCU enabled.
[    0.082986] 	Rude variant of Tasks RCU enabled.
[    0.082986] 	Tracing variant of Tasks RCU enabled.
[    0.082987] rcu: RCU calculated value of scheduler-enlistment delay is 100 jiffies.
[    0.082988] rcu: Adjusting geometry for rcu_fanout_leaf=16, nr_cpu_ids=64
[    0.083018] RCU Tasks: Setting shift to 6 and lim to 1 rcu_task_cb_adjust=1 rcu_task_cpu_ids=64.
[    0.083021] RCU Tasks Rude: Setting shift to 6 and lim to 1 rcu_task_cb_adjust=1 rcu_task_cpu_ids=64.
[    0.088109] NR_IRQS: 524544, nr_irqs: 936, preallocated irqs: 16
[    0.088392] rcu: srcu_init: Setting srcu_struct sizes based on contention.
[    0.088671] Console: colour *CGA 80x25
[    0.088743] printk: legacy console [ttyS0] enabled
[    0.311535] ACPI: Core revision 20251212
[    0.312841] clocksource: hpet: mask: 0xffffffff max_cycles: 0xffffffff, max_idle_ns: 19112604467 ns
[    0.315420] APIC: Switch to symmetric I/O mode setup
[    0.316981] x2apic enabled
[    0.318081] APIC: Switched APIC routing to: physical x2apic
[    0.319575] kvm-guest: APIC: send_IPI_mask() replaced with kvm_send_ipi_mask()
[    0.321477] kvm-guest: APIC: send_IPI_mask_allbutself() replaced with kvm_send_ipi_mask_allbutself()
[    0.323850] kvm-guest: setup PV IPIs
[    0.326156] ..TIMER: vector=0x30 apic1=0 pin1=2 apic2=-1 pin2=-1
[    0.327771] clocksource: tsc-early: mask: 0xffffffffffffffff max_cycles: 0x228ae3847f6, max_idle_ns: 440795295175 ns
[    0.330510] Calibrating delay loop (skipped) preset value.. 4792.77 BogoMIPS (lpj=2396388)
[    0.331666] x86/cpu: User Mode Instruction Prevention (UMIP) activated
[    0.332620] Last level iTLB entries: 4KB 512, 2MB 255, 4MB 127
[    0.333508] Last level dTLB entries: 4KB 512, 2MB 255, 4MB 127, 1GB 0
[    0.334520] mitigations: Enabled attack vectors: user_kernel, user_user, guest_host, guest_guest, SMT mitigations: auto
[    0.335509] Speculative Store Bypass: Mitigation: Speculative Store Bypass disabled via prctl
[    0.336508] Transient Scheduler Attacks: Vulnerable: No microcode
[    0.337508] Spectre V2 : Mitigation: Enhanced / Automatic IBRS
[    0.338508] Speculative Return Stack Overflow: Mitigation: Safe RET
[    0.339508] Spectre V1 : Mitigation: usercopy/swapgs barriers and __user pointer sanitization
[    0.340516] Spectre V2 : mitigation: Enabling conditional Indirect Branch Prediction Barrier
[    0.341510] active return thunk: srso_alias_return_thunk
[    0.342547] x86/fpu: Supporting XSAVE feature 0x001: 'x87 floating point registers'
[    0.343508] x86/fpu: Supporting XSAVE feature 0x002: 'SSE registers'
[    0.344508] x86/fpu: Supporting XSAVE feature 0x004: 'AVX registers'
[    0.345508] x86/fpu: Supporting XSAVE feature 0x020: 'AVX-512 opmask'
[    0.346508] x86/fpu: Supporting XSAVE feature 0x040: 'AVX-512 Hi256'
[    0.347510] x86/fpu: Supporting XSAVE feature 0x080: 'AVX-512 ZMM_Hi256'
[    0.348508] x86/fpu: Supporting XSAVE feature 0x200: 'Protection Keys User registers'
[    0.349508] x86/fpu: xstate_offset[2]:  576, xstate_sizes[2]:  256
[    0.350508] x86/fpu: xstate_offset[5]:  832, xstate_sizes[5]:   64
[    0.351508] x86/fpu: xstate_offset[6]:  896, xstate_sizes[6]:  512
[    0.352510] x86/fpu: xstate_offset[7]: 1408, xstate_sizes[7]: 1024
[    0.353508] x86/fpu: xstate_offset[9]: 2432, xstate_sizes[9]:    8
[    0.354508] x86/fpu: Enabled xstate features 0x2e7, context size is 2440 bytes, using 'compacted' format.
[    0.395467] Freeing SMP alternatives memory: 56K
[    0.395510] pid_max: default: 65536 minimum: 512
[    0.396894] landlock: Up and running.
[    0.397508] Yama: becoming mindful.
[    0.398693] AppArmor: AppArmor initialized
[    0.399508] AppArmor: AppArmor secmark mediation reserved: ready to be enabled
[    0.401627] Mount-cache hash table entries: 32768 (order: 6, 262144 bytes, linear)
[    0.402515] Mountpoint-cache hash table entries: 32768 (order: 6, 262144 bytes, linear)
[    0.403666] VFS: Finished mounting rootfs on nullfs
[    0.405909] smpboot: CPU0: AMD EPYC 8024P 8-Core Processor (family: 0x19, model: 0xa0, stepping: 0x2)
[    0.406861] Performance Events: Fam17h+ core perfctr, AMD PMU driver.
[    0.407523] ... version:                   2
[    0.408511] ... bit width:                 48
[    0.409510] ... generic counters:          6
[    0.410511] ... generic bitmap:            000000000000003f
[    0.411510] ... fixed-purpose counters:    0
[    0.412510] ... fixed-purpose bitmap:      0000000000000000
[    0.413510] ... value mask:                0000ffffffffffff
[    0.414510] ... max period:                00007fffffffffff
[    0.415510] ... global_ctrl mask:          000000000000003f
[    0.416799] signal: max sigframe size: 3376
[    0.417591] rcu: Hierarchical SRCU implementation.
[    0.418517] rcu: 	Max phase no-delay instances is 400.
[    0.419609] Timer migration: 2 hierarchy levels; 8 children per group; 2 crossnode level
[    0.428970] smp: Bringing up secondary CPUs ...
[    0.429802] smpboot: x86: Booting SMP configuration:
[    0.430525] .... node  #0, CPUs:        #1  #2  #3
[    0.434570] smp: Brought up 1 node, 4 CPUs
[    0.436516] smpboot: Total of 4 processors activated (19171.10 BogoMIPS)
[    0.438247] Memory: 13728704K/16776696K available (23799K kernel code, 4952K rwdata, 16764K rodata, 5292K init, 5856K bss, 3029896K reserved, 0K cma-reserved)
[    0.439039] devtmpfs: initialized
[    0.439636] x86/mm: Memory block size: 128MB
[    0.443633] clocksource: jiffies: mask: 0xffffffff max_cycles: 0xffffffff, max_idle_ns: 1911260446275000 ns
[    0.444537] posixtimers hash table entries: 32768 (order: 7, 524288 bytes, linear)
[    0.445576] futex hash table entries: 16384 (1048576 bytes on 1 NUMA nodes, total 1024 KiB, linear).
[    0.447007] PM: RTC time: 20:41:56, date: 2026-10-04
[    0.448220] NET: Registered PF_NETLINK/PF_ROUTE protocol family
[    0.448833] DMA: preallocated 2048 KiB GFP_KERNEL pool for atomic allocations
[    0.449588] DMA: preallocated 2048 KiB GFP_KERNEL|GFP_DMA pool for atomic allocations
[    0.450585] DMA: preallocated 2048 KiB GFP_KERNEL|GFP_DMA32 pool for atomic allocations
[    0.451530] audit: initializing netlink subsys (disabled)
[    0.452537] audit: type=2000 audit(1791146516.962:1): state=initialized audit_enabled=0 res=1
[    0.452738] thermal_sys: Registered thermal governor 'fair_share'
[    0.453514] thermal_sys: Registered thermal governor 'bang_bang'
[    0.454510] thermal_sys: Registered thermal governor 'step_wise'
[    0.455510] thermal_sys: Registered thermal governor 'user_space'
[    0.456510] thermal_sys: Registered thermal governor 'power_allocator'
[    0.457535] cpuidle: using governor ladder
[    0.459518] cpuidle: using governor menu
[    0.461677] acpiphp: ACPI Hot Plug PCI Controller Driver version: 0.5
[    0.462901] PCI: ECAM [mem 0xb0000000-0xbfffffff] (base 0xb0000000) for domain 0000 [bus 00-ff]
[    0.463513] PCI: ECAM [mem 0xb0000000-0xbfffffff] reserved as E820 entry
[    0.464523] PCI: Using configuration type 1 for base access
[    0.465612] kprobes: kprobe jump-optimization is enabled. All kprobes are optimized if possible.
[    0.469615] HugeTLB: registered 1.00 GiB page size, pre-allocated 0 pages
[    0.472530] HugeTLB: 16380 KiB vmemmap can be freed for a 1.00 GiB page
[    0.476521] HugeTLB: registered 2.00 MiB page size, pre-allocated 0 pages
[    0.479515] HugeTLB: 28 KiB vmemmap can be freed for a 2.00 MiB page
[    0.487529] ACPI: Added _OSI(Module Device)
[    0.490522] ACPI: Added _OSI(Processor Device)
[    0.492517] ACPI: Added _OSI(Processor Aggregator Device)
[    0.504941] ACPI: 1 ACPI AML tables successfully acquired and loaded
[    0.511599] ACPI: \_SB_: platform _OSC: OS support mask [006e7eff]
[    0.515838] ACPI: Interpreter enabled
[    0.517565] ACPI: PM: (supports S0 S3 S4 S5)
[    0.520516] ACPI: Using IOAPIC for interrupt routing
[    0.523450] PCI: Using host bridge windows from ACPI; if necessary, use "pci=nocrs" and report a bug
[    0.528517] PCI: Using E820 reservations for host bridge windows
[    0.532234] ACPI: Enabled 2 GPEs in block 00 to 3F
[    0.558534] ACPI: PCI Root Bridge [PCI0] (domain 0000 [bus 00-ff])
[    0.561525] acpi PNP0A08:00: _OSC: OS supports [ExtendedConfig ASPM ClockPM Segments MSI EDR HPX-Type3]
[    0.565711] acpi PNP0A08:00: _OSC: platform does not support [PCIeHotplug LTR DPC]
[    0.568839] acpi PNP0A08:00: _OSC: OS now controls [SHPCHotplug PME AER PCIeCapability]
[    0.572948] PCI host bridge to bus 0000:00
[    0.575525] pci_bus 0000:00: root bus resource [io  0x0000-0x0cf7 window]
[    0.578516] pci_bus 0000:00: root bus resource [io  0x0d00-0xffff window]
[    0.580511] pci_bus 0000:00: root bus resource [mem 0x000a0000-0x000bffff window]
[    0.581511] pci_bus 0000:00: root bus resource [mem 0x80000000-0xafffffff window]
[    0.583511] pci_bus 0000:00: root bus resource [mem 0xc0000000-0xfebfffff window]
[    0.585511] pci_bus 0000:00: root bus resource [mem 0x480000000-0xc7fffffff window]
[    0.587511] pci_bus 0000:00: root bus resource [bus 00-ff]
[    0.589600] pci 0000:00:00.0: [8086:29c0] type 00 class 0x060000 conventional PCI endpoint
[    0.602064] pci 0000:00:1f.0: [8086:2918] type 00 class 0x060100 conventional PCI endpoint
[    0.605248] pci 0000:00:1f.0: quirk: [io  0x0600-0x067f] claimed by ICH6 ACPI/GPIO/TCO
[    0.607032] pci 0000:00:1f.2: [8086:2922] type 00 class 0x010601 conventional PCI endpoint
[    0.610587] pci 0000:00:1f.2: BAR 4 [io  0xc040-0xc05f]
[    0.612528] pci 0000:00:1f.2: BAR 5 [mem 0xfebff000-0xfebfffff]
[    0.614241] pci 0000:00:1f.3: [8086:2930] type 00 class 0x0c0500 conventional PCI endpoint
[    0.617510] pci 0000:00:1f.3: BAR 4 [io  0x0700-0x073f]
[    0.620346] ACPI: PCI: Interrupt link LNKA configured for IRQ 10
[    0.622700] ACPI: PCI: Interrupt link LNKB configured for IRQ 10
[    0.623700] ACPI: PCI: Interrupt link LNKC configured for IRQ 11
[    0.625698] ACPI: PCI: Interrupt link LNKD configured for IRQ 11
[    0.627697] ACPI: PCI: Interrupt link LNKE configured for IRQ 10
[    0.629699] ACPI: PCI: Interrupt link LNKF configured for IRQ 10
[    0.631703] ACPI: PCI: Interrupt link LNKG configured for IRQ 11
[    0.632699] ACPI: PCI: Interrupt link LNKH configured for IRQ 11
[    0.634597] ACPI: PCI: Interrupt link GSIA configured for IRQ 16
[    0.636533] ACPI: PCI: Interrupt link GSIB configured for IRQ 17
[    0.637531] ACPI: PCI: Interrupt link GSIC configured for IRQ 18
[    0.639531] ACPI: PCI: Interrupt link GSID configured for IRQ 19
[    0.640531] ACPI: PCI: Interrupt link GSIE configured for IRQ 20
[    0.642535] ACPI: PCI: Interrupt link GSIF configured for IRQ 21
[    0.643531] ACPI: PCI: Interrupt link GSIG configured for IRQ 22
[    0.645535] ACPI: PCI: Interrupt link GSIH configured for IRQ 23
[    0.653135] iommu: Default domain type: Translated
[    0.654511] iommu: DMA domain TLB invalidation policy: lazy mode
[    0.655817] SCSI subsystem initialized
[    0.657569] ACPI: bus type USB registered
[    0.658543] usbcore: registered new interface driver usbfs
[    0.659528] usbcore: registered new interface driver hub
[    0.661537] usbcore: registered new device driver usb
[    0.662544] pps_core: LinuxPPS API ver. 1 registered
[    0.663510] pps_core: Software ver. 5.3.6 - Copyright 2005-2007 Rodolfo Giometti <giometti@linux.it>
[    0.666516] PTP clock support registered
[    0.667562] EDAC MC: Ver: 3.0.0
[    0.669522] NetLabel: Initializing
[    0.670429] NetLabel:  domain hash size = 128
[    0.671510] NetLabel:  protocols = UNLABELED CIPSOv4 CALIPSO
[    0.672541] NetLabel:  unlabeled traffic allowed by default
[    0.674687] mctp: management component transport protocol core
[    0.676519] NET: Registered PF_MCTP protocol family
[    0.677530] PCI: Using ACPI for IRQ routing
[    0.876363] e820: register RAM buffer resource [mem 0x0009fc00-0x0009ffff]
[    0.878511] e820: register RAM buffer resource [mem 0x7ffe0000-0x7fffffff]
[    0.879568] vgaarb: loaded
[    0.880567] hpet0: at MMIO 0xfed00000, IRQs 2, 8, 0
[    0.882510] hpet0: 3 comparators, 64-bit 100.000000 MHz counter
[    0.889508] clocksource: Switched to clocksource kvm-clock
[    0.891333] VFS: Disk quotas dquot_6.6.0
[    0.892422] VFS: Dquot-cache hash table entries: 512 (order 0, 4096 bytes)
[    0.894838] AppArmor: AppArmor Filesystem Enabled
[    0.896145] acpi PNP0C01:00: Reserved [mem 0xb0000000-0xbfffffff]
[    0.897762] pnp: PnP ACPI init
[    0.899366] pnp: PnP ACPI: found 4 devices
[    0.908571] clocksource: acpi_pm: mask: 0xffffff max_cycles: 0xffffff, max_idle_ns: 2085701024 ns
[    0.911003] NET: Registered PF_INET protocol family
[    0.912433] IP idents hash table entries: 262144 (order: 9, 2097152 bytes, linear)
[    0.935079] tcp_listen_portaddr_hash hash table entries: 8192 (order: 5, 131072 bytes, linear)
[    0.937324] Table-perturb hash table entries: 65536 (order: 6, 262144 bytes, linear)
[    0.939414] TCP established hash table entries: 131072 (order: 8, 1048576 bytes, linear)
[    0.941677] TCP bind hash table entries: 65536 (order: 9, 2097152 bytes, linear)
[    0.943696] TCP: Hash tables configured (established 131072 bind 65536)
[    0.945643] MPTCP token hash table entries: 16384 (order: 7, 393216 bytes, linear)
[    0.947722] UDP hash table entries: 8192 (order: 7, 524288 bytes, linear)
[    0.949527] UDP-Lite hash table entries: 8192 (order: 7, 524288 bytes, linear)
[    0.951557] NET: Registered PF_UNIX/PF_LOCAL protocol family
[    0.953073] NET: Registered PF_XDP protocol family
[    0.954340] pci_bus 0000:00: resource 4 [io  0x0000-0x0cf7 window]
[    0.955943] pci_bus 0000:00: resource 5 [io  0x0d00-0xffff window]
[    0.957538] pci_bus 0000:00: resource 6 [mem 0x000a0000-0x000bffff window]
[    0.959333] pci_bus 0000:00: resource 7 [mem 0x80000000-0xafffffff window]
[    0.961112] pci_bus 0000:00: resource 8 [mem 0xc0000000-0xfebfffff window]
[    0.962871] pci_bus 0000:00: resource 9 [mem 0x480000000-0xc7fffffff window]
[    0.964802] PCI: CLS 0 bytes, default 64
[    0.965927] PCI-DMA: Using software bounce buffering for IO (SWIOTLB)
[    0.966084] Trying to unpack rootfs image as initramfs...
[    0.967583] software IO TLB: mapped [mem 0x000000006f7f4000-0x00000000737f4000] (64MB)
[    0.967637] clocksource: tsc: mask: 0xffffffffffffffff max_cycles: 0x228ae3847f6, max_idle_ns: 440795295175 ns
[    0.976883] Initialise system trusted keyrings
[    0.978081] Key type blacklist registered
[    0.979298] workingset: timestamp_bits=36 max_order=22 bucket_order=0
[    0.981633] squashfs: version 4.0 (2009/01/31) Phillip Lougher
[    0.983456] fuse: init (API version 7.45)
[    0.984875] integrity: Platform Keyring initialized
[    0.986184] integrity: Machine keyring initialized
[    1.000170] Key type asymmetric registered
[    1.001262] Asymmetric key parser 'x509' registered
[    1.002567] Block layer SCSI generic (bsg) driver version 0.4 loaded (major 242)
[    1.004707] io scheduler mq-deadline registered
[    1.007197] ledtrig-cpu: registered to indicate activity on CPUs
[    1.009015] input: Power Button as /devices/platform/LNXPWRBN:00/input/input0
[    1.010929] ACPI: button: Power Button [PWRF]
[    1.013932] Serial: 8250/16550 driver, 32 ports, IRQ sharing enabled
[    1.041436] 00:02: ttyS0 at I/O 0x3f8 (irq = 4, base_baud = 115200) is a 16550A
[    1.047578] Linux agpgart interface v0.103
[    1.054763] loop: module loaded
[    1.055990] ACPI: bus type drm_connector registered
[    1.057582] tun: Universal TUN/TAP device driver, 1.6
[    1.059004] PPP generic driver version 2.4.2
[    1.060376] i8042: PNP: PS/2 Controller [PNP0303:KBD,PNP0f13:MOU] at 0x60,0x64 irq 1,12
[    1.063569] serio: i8042 KBD port at 0x60,0x64 irq 1
[    1.064884] serio: i8042 AUX port at 0x60,0x64 irq 12
[    1.066405] mousedev: PS/2 mouse device common for all mice
[    1.068040] rtc_cmos 00:03: RTC can wake from S4
[    1.070599] input: AT Translated Set 2 keyboard as /devices/platform/i8042/serio0/input/input1
[    1.070701] rtc_cmos 00:03: registered as rtc0
[    1.075476] rtc_cmos 00:03: setting system clock to 2026-10-04T20:41:57 UTC (1791146517)
[    1.079974] rtc_cmos 00:03: alarms up to one day, y3k, 242 bytes nvram, hpet irqs
[    1.083932] i2c_dev: i2c /dev entries driver
[    1.086337] device-mapper: core: CONFIG_IMA_DISABLE_HTABLE is disabled. Duplicate IMA measurements will not be recorded in the IMA log.
[    1.092668] device-mapper: uevent: version 1.0.3
[    1.095403] device-mapper: ioctl: 4.50.0-ioctl (2025-04-28) initialised: dm-devel@lists.linux.dev
[    1.098922] Freeing initrd memory: 204720K
[    1.100020] amd_pstate: The CPPC feature is supported but currently disabled by the BIOS.
[    1.100020] Please enable it if your BIOS has the CPPC option.
[    1.108333] amd_pstate: the _CPC object is not present in SBIOS or ACPI disabled
[    1.112371] drop_monitor: Initializing network drop monitor service
[    1.116035] NET: Registered PF_INET6 protocol family
[    1.119976] Segment Routing with IPv6
[    1.122006] In-situ OAM (IOAM) with IPv6
[    1.124195] NET: Registered PF_PACKET protocol family
[    1.127061] Key type dns_resolver registered
[    1.130847] IPI shorthand broadcast: enabled
[    1.139154] sched_clock: Marking stable (905007090, 234102423)->(1206564948, -67455435)
[    1.143796] registered taskstats version 1
[    1.147144] Loading compiled-in X.509 certificates
[    1.150133] Loaded X.509 cert 'Build time autogenerated kernel key: 454b3e9802e3c39a997a1e8863aaf8b3df15fbc0'
[    1.154837] Loaded X.509 cert 'Canonical Ltd. Live Patch Signing 2025 Kmod: d541cef61dc7e793b7eb7e899970a2eef0b5dc8c'
[    1.159845] Loaded X.509 cert 'Canonical Ltd. Live Patch Signing: 14df34d1a87cf37625abec039ef2bf521249b969'
[    1.164512] Loaded X.509 cert 'Canonical Ltd. Kernel Module Signing 2025 Kmod: 4627603d2357a2a3f81006370894c221175893e9'
[    1.169621] Loaded X.509 cert 'Canonical Ltd. Kernel Module Signing: 88f752e560a1e0737e31163a466ad7b70a850c19'
[    1.173652] blacklist: Loading compiled-in revocation X.509 certificates
[    1.176383] Loaded X.509 cert 'Canonical Ltd. Secure Boot Signing: 61482aa2830d0ab2ad5af10b7250da9033ddcef0'
[    1.178920] Loaded X.509 cert 'Canonical Ltd. Secure Boot Signing (2017): 242ade75ac4a15e50d50c84b0d45ff3eae707a03'
[    1.181602] Loaded X.509 cert 'Canonical Ltd. Secure Boot Signing (ESM 2018): 365188c1d374d6b07c3c8f240f8ef722433d6a8b'
[    1.184368] Loaded X.509 cert 'Canonical Ltd. Secure Boot Signing (2019): c0746fd6c5da3ae827864651ad66ae47fe24b3e8'
[    1.187049] Loaded X.509 cert 'Canonical Ltd. Secure Boot Signing (2021 v1): a8d54bbb3825cfb94fa13c9f8a594a195c107b8d'
[    1.189772] Loaded X.509 cert 'Canonical Ltd. Secure Boot Signing (2021 v2): 4cf046892d6fd3c9a5b03f98d845f90851dc6a8c'
[    1.192520] Loaded X.509 cert 'Canonical Ltd. Secure Boot Signing (2021 v3): 100437bb6de6e469b581e61cd66bce3ef4ed53af'
[    1.195281] Loaded X.509 cert 'Canonical Ltd. Secure Boot Signing (Ubuntu Core 2019): c1d57b8f6b743f23ee41f4f7ee292f06eecadfb9'
[    1.206988] Demotion targets for Node 0: null
[    1.208371] Key type .fscrypt registered
[    1.209410] Key type fscrypt-provisioning registered
[    1.210846] Key type big_key registered
[    1.213356] Key type encrypted registered
[    1.214409] AppArmor: AppArmor sha256 policy hashing enabled
[    1.215869] ima: No TPM chip found, activating TPM-bypass!
[    1.217284] Loading compiled-in module X.509 certificates
[    1.219164] Loaded X.509 cert 'Build time autogenerated kernel key: 454b3e9802e3c39a997a1e8863aaf8b3df15fbc0'
[    1.221685] ima: Allocated hash algorithm: sha256
[    1.222922] ima: No architecture policies found
[    1.224152] evm: Initialising EVM extended attributes:
[    1.225466] evm: security.selinux
[    1.226343] evm: security.SMACK64
[    1.227208] evm: security.SMACK64EXEC
[    1.228183] evm: security.SMACK64TRANSMUTE
[    1.229245] evm: security.SMACK64MMAP
[    1.230196] evm: security.apparmor
[    1.231082] evm: security.ima
[    1.231861] evm: security.capability
[    1.232792] evm: HMAC attrs: 0x1
[    1.234021] PM:   Magic number: 14:579:699
[    1.235139] acpi LNXCPU:0d: hash matches
[    1.236575] RAS: Correctable Errors collector initialized.
[    1.238426] clk: Disabling unused clocks
[    1.239460] PM: genpd: Disabling unused power domains
[    1.242759] Freeing unused decrypted memory: 2028K
[    1.244515] Freeing unused kernel image (initmem) memory: 5292K
[    1.245807] Write protecting the kernel read-only data: 43008k
[    1.247731] Freeing unused kernel image (text/rodata gap) memory: 776K
[    1.249555] Freeing unused kernel image (rodata/data gap) memory: 1668K
[    1.317165] x86/mm: Checked W+X mappings: passed, no W+X pages found.
[    1.318446] Run /init as init process
Linux (none) 7.0.0-29-generic #29-Ubuntu SMP PREEMPT_DYNAMIC Fri Jul 17 20:52:35 UTC 2026 x86_64 GNU/Linux
65536
107401
0-3
0-63
[    1.340535] NET: Registered PF_VSOCK protocol family
[    1.365248] shmproxy: loading out-of-tree module taints kernel.
[    1.367646] shmproxy: module verification failed: signature and/or required key missing - tainting kernel
[    1.372601] shmproxy: kernel AF_VSOCK listener CID2:29500 loaded
BENCH_PERF_PMU_PROBE

 Performance counter stats for 'system wide':

           6849132      cycles                                                                
           4673308      instructions                                                          

       0.103058891 seconds time elapsed

BENCH_PERF_SOFTWARE_PROBE

 Performance counter stats for 'system wide':

            408.82 msec cpu-clock                                                             
            408.81 msec task-clock                                                            
               206      context-switches                                                      
                 5      cpu-migrations                                                        

       0.102229422 seconds time elapsed

{"event": "begin"}
{"event": "loaded"}
{"event": "setup", "population": 1, "duration_s": 0.002956038}
{"event": "audit"}
{"event": "correctness_size"}
{"event": "correctness_size"}
{"event": "correctness_size"}
{"event": "correctness_size"}
{"event": "correctness_size"}
{"event": "correctness_size"}
{"event": "correctness_size"}
{"event": "idle", "population": 1, "duration_s": 2}
[    8.512123] clocksource: Long readout interval, skipping watchdog check: cs_nsec: 1677998451 wd_nsec: 1677997857
{"event": "window", "id": "kernel-udp-1-1-0-0-99", "population": 1, "duration_s": 0.150095491, "delivered_roundtrips": 1452}
{"event": "window", "id": "kernel-udp-1-1-0-100-0", "population": 1, "duration_s": 1.000294577, "delivered_roundtrips": 25}
{"event": "window", "id": "kernel-udp-1-1-0-1000-0", "population": 1, "duration_s": 1.000187295, "delivered_roundtrips": 250}
{"event": "window", "id": "kernel-udp-1-1-0-0-0", "population": 1, "duration_s": 1.00018411, "delivered_roundtrips": 10193}
{"event": "window", "id": "kernel-udp-1-1-0-0-1", "population": 1, "duration_s": 1.000175887, "delivered_roundtrips": 10039}
{"event": "window", "id": "kernel-udp-1-1-0-1000-1", "population": 1, "duration_s": 1.00018393, "delivered_roundtrips": 250}
{"event": "window", "id": "kernel-udp-1-1-0-100-1", "population": 1, "duration_s": 1.000253024, "delivered_roundtrips": 25}
{"event": "window", "id": "kernel-udp-1-1-0-100-2", "population": 1, "duration_s": 1.000258281, "delivered_roundtrips": 25}
{"event": "window", "id": "kernel-udp-1-1-0-1000-2", "population": 1, "duration_s": 1.00019074, "delivered_roundtrips": 250}
{"event": "window", "id": "kernel-udp-1-1-0-0-2", "population": 1, "duration_s": 1.000115767, "delivered_roundtrips": 9848}
{"event": "window", "id": "kernel-udp-1-1-64-0-99", "population": 1, "duration_s": 0.150077314, "delivered_roundtrips": 972}
{"event": "window", "id": "kernel-udp-1-1-64-100-0", "population": 1, "duration_s": 1.000241707, "delivered_roundtrips": 25}
{"event": "window", "id": "kernel-udp-1-1-64-1000-0", "population": 1, "duration_s": 1.000202999, "delivered_roundtrips": 250}
{"event": "window", "id": "kernel-udp-1-1-64-0-0", "population": 1, "duration_s": 1.000164461, "delivered_roundtrips": 6865}
{"event": "window", "id": "kernel-udp-1-1-64-0-1", "population": 1, "duration_s": 1.000188557, "delivered_roundtrips": 7083}
{"event": "window", "id": "kernel-udp-1-1-64-1000-1", "population": 1, "duration_s": 1.000208276, "delivered_roundtrips": 250}
{"event": "window", "id": "kernel-udp-1-1-64-100-1", "population": 1, "duration_s": 1.000254586, "delivered_roundtrips": 25}
{"event": "window", "id": "kernel-udp-1-1-64-100-2", "population": 1, "duration_s": 1.00028369, "delivered_roundtrips": 25}
{"event": "window", "id": "kernel-udp-1-1-64-1000-2", "population": 1, "duration_s": 1.00019698, "delivered_roundtrips": 250}
{"event": "window", "id": "kernel-udp-1-1-64-0-2", "population": 1, "duration_s": 1.000185171, "delivered_roundtrips": 7042}
{"event": "window", "id": "kernel-udp-1-1-1431-0-99", "population": 1, "duration_s": 0.150140229, "delivered_roundtrips": 976}
{"event": "window", "id": "kernel-udp-1-1-1431-100-0", "population": 1, "duration_s": 1.000262959, "delivered_roundtrips": 25}
{"event": "window", "id": "kernel-udp-1-1-1431-1000-0", "population": 1, "duration_s": 1.000249719, "delivered_roundtrips": 250}
{"event": "window", "id": "kernel-udp-1-1-1431-0-0", "population": 1, "duration_s": 1.000076589, "delivered_roundtrips": 6626}
{"event": "window", "id": "kernel-udp-1-1-1431-0-1", "population": 1, "duration_s": 1.000079883, "delivered_roundtrips": 6906}
{"event": "window", "id": "kernel-udp-1-1-1431-1000-1", "population": 1, "duration_s": 1.00018406, "delivered_roundtrips": 250}
{"event": "window", "id": "kernel-udp-1-1-1431-100-1", "population": 1, "duration_s": 1.000329228, "delivered_roundtrips": 25}
{"event": "window", "id": "kernel-udp-1-1-1431-100-2", "population": 1, "duration_s": 1.000340426, "delivered_roundtrips": 25}
{"event": "window", "id": "kernel-udp-1-1-1431-1000-2", "population": 1, "duration_s": 1.000228667, "delivered_roundtrips": 250}
{"event": "window", "id": "kernel-udp-1-1-1431-0-2", "population": 1, "duration_s": 1.000113283, "delivered_roundtrips": 6689}
{"event": "window", "id": "kernel-udp-1-1-59000-0-99", "population": 1, "duration_s": 0.150397486, "delivered_roundtrips": 356}
{"event": "window", "id": "kernel-udp-1-1-59000-100-0", "population": 1, "duration_s": 1.000182748, "delivered_roundtrips": 25}
{"event": "window", "id": "kernel-udp-1-1-59000-1000-0", "population": 1, "duration_s": 1.000196368, "delivered_roundtrips": 250}
{"event": "window", "id": "kernel-udp-1-1-59000-0-0", "population": 1, "duration_s": 1.000327906, "delivered_roundtrips": 2603}
{"event": "window", "id": "kernel-udp-1-1-59000-0-1", "population": 1, "duration_s": 1.000567698, "delivered_roundtrips": 2711}
{"event": "window", "id": "kernel-udp-1-1-59000-1000-1", "population": 1, "duration_s": 1.00021717, "delivered_roundtrips": 250}
{"event": "window", "id": "kernel-udp-1-1-59000-100-1", "population": 1, "duration_s": 1.000277261, "delivered_roundtrips": 25}
{"event": "window", "id": "kernel-udp-1-1-59000-100-2", "population": 1, "duration_s": 1.000266625, "delivered_roundtrips": 25}
{"event": "window", "id": "kernel-udp-1-1-59000-1000-2", "population": 1, "duration_s": 1.000178923, "delivered_roundtrips": 250}
{"event": "window", "id": "kernel-udp-1-1-59000-0-2", "population": 1, "duration_s": 1.000270661, "delivered_roundtrips": 2628}
{"event": "traffic_resources", "population": 1}
{"event": "audit"}
{"event": "setup", "population": 64, "duration_s": 0.157534724}
{"event": "audit"}
{"event": "idle", "population": 64, "duration_s": 2}
{"event": "window", "id": "kernel-udp-64-64-0-0-99", "population": 64, "duration_s": 0.150106457, "delivered_roundtrips": 6143}
{"event": "window", "id": "kernel-udp-64-64-0-100-0", "population": 64, "duration_s": 1.000311652, "delivered_roundtrips": 100}
{"event": "window", "id": "kernel-udp-64-64-0-1000-0", "population": 64, "duration_s": 1.000268427, "delivered_roundtrips": 1000}
{"event": "window", "id": "kernel-udp-64-64-0-0-0", "population": 64, "duration_s": 1.000247526, "delivered_roundtrips": 29812}
[   76.906649] clocksource: Long readout interval, skipping watchdog check: cs_nsec: 3720535300 wd_nsec: 3720533853
{"event": "window", "id": "kernel-udp-64-64-0-0-1", "population": 64, "duration_s": 1.000186924, "delivered_roundtrips": 30754}
{"event": "window", "id": "kernel-udp-64-64-0-1000-1", "population": 64, "duration_s": 1.000244601, "delivered_roundtrips": 1000}
{"event": "window", "id": "kernel-udp-64-64-0-100-1", "population": 64, "duration_s": 1.000256209, "delivered_roundtrips": 100}
{"event": "window", "id": "kernel-udp-64-64-0-100-2", "population": 64, "duration_s": 1.000285232, "delivered_roundtrips": 100}
{"event": "window", "id": "kernel-udp-64-64-0-1000-2", "population": 64, "duration_s": 1.000293875, "delivered_roundtrips": 1000}
{"event": "window", "id": "kernel-udp-64-64-0-0-2", "population": 64, "duration_s": 1.000175347, "delivered_roundtrips": 28691}
{"event": "window", "id": "kernel-udp-64-64-64-0-99", "population": 64, "duration_s": 0.150165276, "delivered_roundtrips": 2622}
{"event": "window", "id": "kernel-udp-64-64-64-100-0", "population": 64, "duration_s": 1.000309279, "delivered_roundtrips": 100}
{"event": "window", "id": "kernel-udp-64-64-64-1000-0", "population": 64, "duration_s": 1.000273955, "delivered_roundtrips": 1000}
{"event": "window", "id": "kernel-udp-64-64-64-0-0", "population": 64, "duration_s": 1.000223379, "delivered_roundtrips": 24905}
{"event": "window", "id": "kernel-udp-64-64-64-0-1", "population": 64, "duration_s": 1.000169779, "delivered_roundtrips": 24403}
{"event": "window", "id": "kernel-udp-64-64-64-1000-1", "population": 64, "duration_s": 1.000338583, "delivered_roundtrips": 1000}
{"event": "window", "id": "kernel-udp-64-64-64-100-1", "population": 64, "duration_s": 1.000301537, "delivered_roundtrips": 100}
{"event": "window", "id": "kernel-udp-64-64-64-100-2", "population": 64, "duration_s": 1.000258903, "delivered_roundtrips": 100}
{"event": "window", "id": "kernel-udp-64-64-64-1000-2", "population": 64, "duration_s": 1.000290881, "delivered_roundtrips": 1000}
{"event": "window", "id": "kernel-udp-64-64-64-0-2", "population": 64, "duration_s": 1.000268738, "delivered_roundtrips": 25387}
{"event": "window", "id": "kernel-udp-64-64-1431-0-99", "population": 64, "duration_s": 0.15018064, "delivered_roundtrips": 3936}
{"event": "window", "id": "kernel-udp-64-64-1431-100-0", "population": 64, "duration_s": 1.000275658, "delivered_roundtrips": 100}
{"event": "window", "id": "kernel-udp-64-64-1431-1000-0", "population": 64, "duration_s": 1.000254326, "delivered_roundtrips": 1000}
{"event": "window", "id": "kernel-udp-64-64-1431-0-0", "population": 64, "duration_s": 1.000196368, "delivered_roundtrips": 24947}
{"event": "window", "id": "kernel-udp-64-64-1431-0-1", "population": 64, "duration_s": 1.000210941, "delivered_roundtrips": 27732}
{"event": "window", "id": "kernel-udp-64-64-1431-1000-1", "population": 64, "duration_s": 1.00028344, "delivered_roundtrips": 1000}
{"event": "window", "id": "kernel-udp-64-64-1431-100-1", "population": 64, "duration_s": 1.00027041, "delivered_roundtrips": 100}
{"event": "window", "id": "kernel-udp-64-64-1431-100-2", "population": 64, "duration_s": 1.000253454, "delivered_roundtrips": 100}
{"event": "window", "id": "kernel-udp-64-64-1431-1000-2", "population": 64, "duration_s": 1.000290781, "delivered_roundtrips": 1000}
{"event": "window", "id": "kernel-udp-64-64-1431-0-2", "population": 64, "duration_s": 1.00019117, "delivered_roundtrips": 24099}
{"event": "window", "id": "kernel-udp-64-64-59000-0-99", "population": 64, "duration_s": 0.150266659, "delivered_roundtrips": 1460}
{"event": "window", "id": "kernel-udp-64-64-59000-100-0", "population": 64, "duration_s": 1.000302829, "delivered_roundtrips": 100}
{"event": "window", "id": "kernel-udp-64-64-59000-1000-0", "population": 64, "duration_s": 1.000306624, "delivered_roundtrips": 1000}
{"event": "window", "id": "kernel-udp-64-64-59000-0-0", "population": 64, "duration_s": 1.000291932, "delivered_roundtrips": 10803}
{"event": "window", "id": "kernel-udp-64-64-59000-0-1", "population": 64, "duration_s": 1.000346274, "delivered_roundtrips": 12867}
{"event": "window", "id": "kernel-udp-64-64-59000-1000-1", "population": 64, "duration_s": 1.000275518, "delivered_roundtrips": 1000}
{"event": "window", "id": "kernel-udp-64-64-59000-100-1", "population": 64, "duration_s": 1.000295598, "delivered_roundtrips": 100}
{"event": "window", "id": "kernel-udp-64-64-59000-100-2", "population": 64, "duration_s": 1.000335729, "delivered_roundtrips": 100}
{"event": "window", "id": "kernel-udp-64-64-59000-1000-2", "population": 64, "duration_s": 1.000198773, "delivered_roundtrips": 1000}
{"event": "window", "id": "kernel-udp-64-64-59000-0-2", "population": 64, "duration_s": 1.000351672, "delivered_roundtrips": 10536}
{"event": "traffic_resources", "population": 64}
{"event": "audit"}
{"event": "owned_retirement", "duration_s": 0.466825969}
{"event": "transport_drain_live_kernel", "confirmed_zero": true, "usage": 0}
{"event": "complete"}
BENCH_HARNESS_EXIT=0
shmproxy 1200128 0 - Live 0xffffffffc0416000 (OE)
vhost_vsock 28672 0 - Live 0xffffffffc0414000
vmw_vsock_virtio_transport_common 57344 1 vhost_vsock, Live 0xffffffffc0410000
vhost 69632 1 vhost_vsock, Live 0xffffffffc0409000
vhost_iotlb 16384 1 vhost, Live 0xffffffffc0408000
vsock 73728 4 vhost_vsock,vmw_vsock_virtio_transport_common, Live 0xffffffffc0400000
[  152.435798] shmproxy: drained accepted=64 closed=64
BENCH_MODULE_UNLOAD_EXIT=0
BENCH_LIVE_MODULES_AFTER_UNLOAD
vhost_vsock 28672 0 - Live 0xffffffffc0414000
vmw_vsock_virtio_transport_common 57344 1 vhost_vsock, Live 0xffffffffc0410000
vhost 69632 1 vhost_vsock, Live 0xffffffffc0409000
vhost_iotlb 16384 1 vhost, Live 0xffffffffc0408000
vsock 73728 2 vhost_vsock,vmw_vsock_virtio_transport_common, Live 0xffffffffc0400000
1
[    0.000000] Linux version 7.0.0-29-generic (buildd@lcy02-amd64-113) (x86_64-linux-gnu-gcc (Ubuntu 15.2.0-16ubuntu1) 15.2.0, GNU ld (GNU Binutils for Ubuntu) 2.46) #29-Ubuntu SMP PREEMPT_DYNAMIC Fri Jul 17 20:52:35 UTC 2026 (Ubuntu 7.0.0-29.29-generic 7.0.12)
[    0.000000] Command line: console=ttyS0 rdinit=/init panic=-1
[    0.000000] KERNEL supported cpus:
[    0.000000]   Intel GenuineIntel
[    0.000000]   AMD AuthenticAMD
[    0.000000]   Hygon HygonGenuine
[    0.000000]   Centaur CentaurHauls
[    0.000000]   zhaoxin   Shanghai  
[    0.000000] BIOS-provided physical RAM map:
[    0.000000] BIOS-e820: [mem 0x0000000000000000-0x000000000009fbff]  System RAM
[    0.000000] BIOS-e820: [mem 0x000000000009fc00-0x000000000009ffff]  device reserved
[    0.000000] BIOS-e820: [gap 0x00000000000a0000-0x00000000000effff]
[    0.000000] BIOS-e820: [mem 0x00000000000f0000-0x00000000000fffff]  device reserved
[    0.000000] BIOS-e820: [mem 0x0000000000100000-0x000000007ffdffff]  System RAM
[    0.000000] BIOS-e820: [mem 0x000000007ffe0000-0x000000007fffffff]  device reserved
[    0.000000] BIOS-e820: [gap 0x0000000080000000-0x00000000afffffff]
[    0.000000] BIOS-e820: [mem 0x00000000b0000000-0x00000000bfffffff]  device reserved
[    0.000000] BIOS-e820: [gap 0x00000000c0000000-0x00000000fed1bfff]
[    0.000000] BIOS-e820: [mem 0x00000000fed1c000-0x00000000fed1ffff]  device reserved
[    0.000000] BIOS-e820: [gap 0x00000000fed20000-0x00000000feffbfff]
[    0.000000] BIOS-e820: [mem 0x00000000feffc000-0x00000000feffffff]  device reserved
[    0.000000] BIOS-e820: [gap 0x00000000ff000000-0x00000000fffbffff]
[    0.000000] BIOS-e820: [mem 0x00000000fffc0000-0x00000000ffffffff]  device reserved
[    0.000000] BIOS-e820: [mem 0x0000000100000000-0x000000047fffffff]  System RAM
[    0.000000] BIOS-e820: [gap 0x0000000480000000-0x000000fcffffffff]
[    0.000000] BIOS-e820: [mem 0x000000fd00000000-0x000000ffffffffff]  device reserved
[    0.000000] NX (Execute Disable) protection: active
[    0.000000] APIC: Static calls initialized
[    0.000000] SMBIOS 2.8 present.
[    0.000000] DMI: QEMU Standard PC (Q35 + ICH9, 2009), BIOS 1.17.0-debian-1.17.0-1ubuntu1 04/01/2014
[    0.000000] DMI: Memory slots populated: 1/1
[    0.000000] Hypervisor detected: KVM
[    0.000000] last_pfn = 0x7ffe0 max_arch_pfn = 0x10000000000
[    0.000000] kvm-clock: Using msrs 4b564d01 and 4b564d00
[    0.000001] kvm-clock: using sched offset of 231595533 cycles
[    0.000003] clocksource: kvm-clock: mask: 0xffffffffffffffff max_cycles: 0x1cd42e4dffb, max_idle_ns: 881590591483 ns
[    0.000006] tsc: Detected 2396.388 MHz processor
[    0.000387] e820: update [mem 0x00000000-0x00000fff] System RAM ==> device reserved
[    0.000390] e820: remove [mem 0x000a0000-0x000fffff] System RAM
[    0.000396] last_pfn = 0x480000 max_arch_pfn = 0x10000000000
[    0.000442] MTRR map: 4 entries (3 fixed + 1 variable; max 19), built from 8 variable MTRRs
[    0.000446] x86/PAT: Configuration [0-7]: WB  WC  UC- UC  WB  WP  UC- WT  
[    0.000509] last_pfn = 0x7ffe0 max_arch_pfn = 0x10000000000
[    0.003298] found SMP MP-table at [mem 0x000f5460-0x000f546f]
[    0.003317] Using GB pages for direct mapping
[    0.003537] RAMDISK: [mem 0x737f4000-0x7ffdffff]
[    0.003615] ACPI: Early table checksum verification disabled
[    0.003619] ACPI: RSDP 0x00000000000F5270 000014 (v00 BOCHS )
[    0.003623] ACPI: RSDT 0x000000007FFE3A02 000038 (v01 BOCHS  BXPC     00000001 BXPC 00000001)
[    0.003628] ACPI: FACP 0x000000007FFE3602 0000F4 (v03 BOCHS  BXPC     00000001 BXPC 00000001)
[    0.003633] ACPI: DSDT 0x000000007FFE0040 0035C2 (v01 BOCHS  BXPC     00000001 BXPC 00000001)
[    0.003636] ACPI: FACS 0x000000007FFE0000 000040
[    0.003638] ACPI: APIC 0x000000007FFE36F6 000270 (v03 BOCHS  BXPC     00000001 BXPC 00000001)
[    0.003640] ACPI: HPET 0x000000007FFE3966 000038 (v01 BOCHS  BXPC     00000001 BXPC 00000001)
[    0.003642] ACPI: MCFG 0x000000007FFE399E 00003C (v01 BOCHS  BXPC     00000001 BXPC 00000001)
[    0.003645] ACPI: WAET 0x000000007FFE39DA 000028 (v01 BOCHS  BXPC     00000001 BXPC 00000001)
[    0.003646] ACPI: Reserving FACP table memory at [mem 0x7ffe3602-0x7ffe36f5]
[    0.003648] ACPI: Reserving DSDT table memory at [mem 0x7ffe0040-0x7ffe3601]
[    0.003649] ACPI: Reserving FACS table memory at [mem 0x7ffe0000-0x7ffe003f]
[    0.003649] ACPI: Reserving APIC table memory at [mem 0x7ffe36f6-0x7ffe3965]
[    0.003650] ACPI: Reserving HPET table memory at [mem 0x7ffe3966-0x7ffe399d]
[    0.003651] ACPI: Reserving MCFG table memory at [mem 0x7ffe399e-0x7ffe39d9]
[    0.003652] ACPI: Reserving WAET table memory at [mem 0x7ffe39da-0x7ffe3a01]
[    0.004234] No NUMA configuration found
[    0.004236] Faking a node at [mem 0x0000000000000000-0x000000047fffffff]
[    0.004249] NODE_DATA(0) allocated [mem 0x47ffd5280-0x47fffffff]
[    0.005100] ACPI: PM-Timer IO Port: 0x608
[    0.005122] ACPI: LAPIC_NMI (acpi_id[0xff] dfl dfl lint[0x1])
[    0.005154] IOAPIC[0]: apic_id 0, version 17, address 0xfec00000, GSI 0-23
[    0.005157] ACPI: INT_SRC_OVR (bus 0 bus_irq 0 global_irq 2 dfl dfl)
[    0.005159] ACPI: INT_SRC_OVR (bus 0 bus_irq 5 global_irq 5 high level)
[    0.005160] ACPI: INT_SRC_OVR (bus 0 bus_irq 9 global_irq 9 high level)
[    0.005161] ACPI: INT_SRC_OVR (bus 0 bus_irq 10 global_irq 10 high level)
[    0.005162] ACPI: INT_SRC_OVR (bus 0 bus_irq 11 global_irq 11 high level)
[    0.005165] ACPI: Using ACPI (MADT) for SMP configuration information
[    0.005167] ACPI: HPET id: 0x8086a201 base: 0xfed00000
[    0.005170] TSC deadline timer available
[    0.005173] CPU topo: Max. logical packages:   1
[    0.005174] CPU topo: Max. logical nodes:      1
[    0.005174] CPU topo: Num. nodes per package:  1
[    0.005177] CPU topo: Max. logical dies:       1
[    0.005177] CPU topo: Max. dies per package:   1
[    0.005181] CPU topo: Max. threads per core:   1
[    0.005182] CPU topo: Num. cores per package:    64
[    0.005183] CPU topo: Num. threads per package:  64
[    0.005184] CPU topo: Allowing 4 present CPUs plus 60 hotplug CPUs
[    0.005210] kvm-guest: APIC: eoi() replaced with kvm_guest_apic_eoi_write()
[    0.005225] kvm-guest: KVM setup pv remote TLB flush
[    0.005229] kvm-guest: setup PV sched yield
[    0.005237] PM: hibernation: Registered nosave memory: [mem 0x00000000-0x00000fff]
[    0.005239] PM: hibernation: Registered nosave memory: [mem 0x0009f000-0x000fffff]
[    0.005240] PM: hibernation: Registered nosave memory: [mem 0x7ffe0000-0xffffffff]
[    0.005242] [gap 0xc0000000-0xfed1bfff] available for PCI devices
[    0.005243] Booting paravirtualized kernel on KVM
[    0.005245] clocksource: refined-jiffies: mask: 0xffffffff max_cycles: 0xffffffff, max_idle_ns: 1910969940391419 ns
[    0.005303] Zone ranges:
[    0.005303]   DMA      [mem 0x0000000000001000-0x0000000000ffffff]
[    0.005305]   DMA32    [mem 0x0000000001000000-0x00000000ffffffff]
[    0.005307]   Normal   [mem 0x0000000100000000-0x000000047fffffff]
[    0.005308]   Device   empty
[    0.005309] Movable zone start for each node
[    0.005312] Early memory node ranges
[    0.005312]   node   0: [mem 0x0000000000001000-0x000000000009efff]
[    0.005314]   node   0: [mem 0x0000000000100000-0x000000007ffdffff]
[    0.005315]   node   0: [mem 0x0000000100000000-0x000000047fffffff]
[    0.005318] Initmem setup node 0 [mem 0x0000000000001000-0x000000047fffffff]
[    0.005414] On node 0, zone DMA: 1 pages in unavailable ranges
[    0.005428] On node 0, zone DMA: 97 pages in unavailable ranges
[    0.029213] On node 0, zone Normal: 32 pages in unavailable ranges
[    0.029232] setup_percpu: NR_CPUS:8192 nr_cpumask_bits:64 nr_cpu_ids:64 nr_node_ids:1
[    0.031987] percpu: Embedded 85 pages/cpu s225280 r8192 d114688 u524288
[    0.031997] pcpu-alloc: s225280 r8192 d114688 u524288 alloc=1*2097152
[    0.032000] pcpu-alloc: [0] 00 01 02 03 [0] 04 05 06 07 
[    0.032005] pcpu-alloc: [0] 08 09 10 11 [0] 12 13 14 15 
[    0.032009] pcpu-alloc: [0] 16 17 18 19 [0] 20 21 22 23 
[    0.032013] pcpu-alloc: [0] 24 25 26 27 [0] 28 29 30 31 
[    0.032017] pcpu-alloc: [0] 32 33 34 35 [0] 36 37 38 39 
[    0.032021] pcpu-alloc: [0] 40 41 42 43 [0] 44 45 46 47 
[    0.032025] pcpu-alloc: [0] 48 49 50 51 [0] 52 53 54 55 
[    0.032028] pcpu-alloc: [0] 56 57 58 59 [0] 60 61 62 63 
[    0.032083] kvm-guest: PV spinlocks enabled
[    0.032085] PV qspinlock hash table entries: 256 (order: 0, 4096 bytes, linear)
[    0.032089] Kernel command line: console=ttyS0 rdinit=/init panic=-1
[    0.032129] random: crng init done
[    0.032129] printk: log_buf_len individual max cpu contribution: 4096 bytes
[    0.032130] printk: log_buf_len total cpu_extra contributions: 258048 bytes
[    0.032131] printk: log_buf_len min size: 262144 bytes
[    0.032493] printk: log buffer data + meta data: 524288 + 2228224 = 2752512 bytes
[    0.032494] printk: early log buf free: 253976(96%)
[    0.033512] Dentry cache hash table entries: 2097152 (order: 12, 16777216 bytes, linear)
[    0.034047] Inode-cache hash table entries: 1048576 (order: 11, 8388608 bytes, linear)
[    0.034556] software IO TLB: area num 64.
[    0.040965] Fallback order for Node 0: 0 
[    0.040978] Built 1 zonelists, mobility grouping on.  Total pages: 4194174
[    0.040980] Policy zone: Normal
[    0.040991] mem auto-init: stack:all(zero), heap alloc:on, heap free:off
[    0.067838] SLUB: HWalign=64, Order=0-3, MinObjects=0, CPUs=64, Nodes=1
[    0.081775] ftrace: allocating 63941 entries in 252 pages
[    0.081778] ftrace: allocated 252 pages with 6 groups
[    0.082602] Dynamic Preempt: lazy
[    0.082982] rcu: Preemptible hierarchical RCU implementation.
[    0.082983] rcu: 	RCU restricting CPUs from NR_CPUS=8192 to nr_cpu_ids=64.
[    0.082985] 	Trampoline variant of Tasks RCU enabled.
[    0.082986] 	Rude variant of Tasks RCU enabled.
[    0.082986] 	Tracing variant of Tasks RCU enabled.
[    0.082987] rcu: RCU calculated value of scheduler-enlistment delay is 100 jiffies.
[    0.082988] rcu: Adjusting geometry for rcu_fanout_leaf=16, nr_cpu_ids=64
[    0.083018] RCU Tasks: Setting shift to 6 and lim to 1 rcu_task_cb_adjust=1 rcu_task_cpu_ids=64.
[    0.083021] RCU Tasks Rude: Setting shift to 6 and lim to 1 rcu_task_cb_adjust=1 rcu_task_cpu_ids=64.
[    0.088109] NR_IRQS: 524544, nr_irqs: 936, preallocated irqs: 16
[    0.088392] rcu: srcu_init: Setting srcu_struct sizes based on contention.
[    0.088671] Console: colour *CGA 80x25
[    0.088743] printk: legacy console [ttyS0] enabled
[    0.311535] ACPI: Core revision 20251212
[    0.312841] clocksource: hpet: mask: 0xffffffff max_cycles: 0xffffffff, max_idle_ns: 19112604467 ns
[    0.315420] APIC: Switch to symmetric I/O mode setup
[    0.316981] x2apic enabled
[    0.318081] APIC: Switched APIC routing to: physical x2apic
[    0.319575] kvm-guest: APIC: send_IPI_mask() replaced with kvm_send_ipi_mask()
[    0.321477] kvm-guest: APIC: send_IPI_mask_allbutself() replaced with kvm_send_ipi_mask_allbutself()
[    0.323850] kvm-guest: setup PV IPIs
[    0.326156] ..TIMER: vector=0x30 apic1=0 pin1=2 apic2=-1 pin2=-1
[    0.327771] clocksource: tsc-early: mask: 0xffffffffffffffff max_cycles: 0x228ae3847f6, max_idle_ns: 440795295175 ns
[    0.330510] Calibrating delay loop (skipped) preset value.. 4792.77 BogoMIPS (lpj=2396388)
[    0.331666] x86/cpu: User Mode Instruction Prevention (UMIP) activated
[    0.332620] Last level iTLB entries: 4KB 512, 2MB 255, 4MB 127
[    0.333508] Last level dTLB entries: 4KB 512, 2MB 255, 4MB 127, 1GB 0
[    0.334520] mitigations: Enabled attack vectors: user_kernel, user_user, guest_host, guest_guest, SMT mitigations: auto
[    0.335509] Speculative Store Bypass: Mitigation: Speculative Store Bypass disabled via prctl
[    0.336508] Transient Scheduler Attacks: Vulnerable: No microcode
[    0.337508] Spectre V2 : Mitigation: Enhanced / Automatic IBRS
[    0.338508] Speculative Return Stack Overflow: Mitigation: Safe RET
[    0.339508] Spectre V1 : Mitigation: usercopy/swapgs barriers and __user pointer sanitization
[    0.340516] Spectre V2 : mitigation: Enabling conditional Indirect Branch Prediction Barrier
[    0.341510] active return thunk: srso_alias_return_thunk
[    0.342547] x86/fpu: Supporting XSAVE feature 0x001: 'x87 floating point registers'
[    0.343508] x86/fpu: Supporting XSAVE feature 0x002: 'SSE registers'
[    0.344508] x86/fpu: Supporting XSAVE feature 0x004: 'AVX registers'
[    0.345508] x86/fpu: Supporting XSAVE feature 0x020: 'AVX-512 opmask'
[    0.346508] x86/fpu: Supporting XSAVE feature 0x040: 'AVX-512 Hi256'
[    0.347510] x86/fpu: Supporting XSAVE feature 0x080: 'AVX-512 ZMM_Hi256'
[    0.348508] x86/fpu: Supporting XSAVE feature 0x200: 'Protection Keys User registers'
[    0.349508] x86/fpu: xstate_offset[2]:  576, xstate_sizes[2]:  256
[    0.350508] x86/fpu: xstate_offset[5]:  832, xstate_sizes[5]:   64
[    0.351508] x86/fpu: xstate_offset[6]:  896, xstate_sizes[6]:  512
[    0.352510] x86/fpu: xstate_offset[7]: 1408, xstate_sizes[7]: 1024
[    0.353508] x86/fpu: xstate_offset[9]: 2432, xstate_sizes[9]:    8
[    0.354508] x86/fpu: Enabled xstate features 0x2e7, context size is 2440 bytes, using 'compacted' format.
[    0.395467] Freeing SMP alternatives memory: 56K
[    0.395510] pid_max: default: 65536 minimum: 512
[    0.396894] landlock: Up and running.
[    0.397508] Yama: becoming mindful.
[    0.398693] AppArmor: AppArmor initialized
[    0.399508] AppArmor: AppArmor secmark mediation reserved: ready to be enabled
[    0.401627] Mount-cache hash table entries: 32768 (order: 6, 262144 bytes, linear)
[    0.402515] Mountpoint-cache hash table entries: 32768 (order: 6, 262144 bytes, linear)
[    0.403666] VFS: Finished mounting rootfs on nullfs
[    0.405909] smpboot: CPU0: AMD EPYC 8024P 8-Core Processor (family: 0x19, model: 0xa0, stepping: 0x2)
[    0.406861] Performance Events: Fam17h+ core perfctr, AMD PMU driver.
[    0.407523] ... version:                   2
[    0.408511] ... bit width:                 48
[    0.409510] ... generic counters:          6
[    0.410511] ... generic bitmap:            000000000000003f
[    0.411510] ... fixed-purpose counters:    0
[    0.412510] ... fixed-purpose bitmap:      0000000000000000
[    0.413510] ... value mask:                0000ffffffffffff
[    0.414510] ... max period:                00007fffffffffff
[    0.415510] ... global_ctrl mask:          000000000000003f
[    0.416799] signal: max sigframe size: 3376
[    0.417591] rcu: Hierarchical SRCU implementation.
[    0.418517] rcu: 	Max phase no-delay instances is 400.
[    0.419609] Timer migration: 2 hierarchy levels; 8 children per group; 2 crossnode level
[    0.428970] smp: Bringing up secondary CPUs ...
[    0.429802] smpboot: x86: Booting SMP configuration:
[    0.430525] .... node  #0, CPUs:        #1  #2  #3
[    0.434570] smp: Brought up 1 node, 4 CPUs
[    0.436516] smpboot: Total of 4 processors activated (19171.10 BogoMIPS)
[    0.438247] Memory: 13728704K/16776696K available (23799K kernel code, 4952K rwdata, 16764K rodata, 5292K init, 5856K bss, 3029896K reserved, 0K cma-reserved)
[    0.439039] devtmpfs: initialized
[    0.439636] x86/mm: Memory block size: 128MB
[    0.443633] clocksource: jiffies: mask: 0xffffffff max_cycles: 0xffffffff, max_idle_ns: 1911260446275000 ns
[    0.444537] posixtimers hash table entries: 32768 (order: 7, 524288 bytes, linear)
[    0.445576] futex hash table entries: 16384 (1048576 bytes on 1 NUMA nodes, total 1024 KiB, linear).
[    0.447007] PM: RTC time: 20:41:56, date: 2026-10-04
[    0.448220] NET: Registered PF_NETLINK/PF_ROUTE protocol family
[    0.448833] DMA: preallocated 2048 KiB GFP_KERNEL pool for atomic allocations
[    0.449588] DMA: preallocated 2048 KiB GFP_KERNEL|GFP_DMA pool for atomic allocations
[    0.450585] DMA: preallocated 2048 KiB GFP_KERNEL|GFP_DMA32 pool for atomic allocations
[    0.451530] audit: initializing netlink subsys (disabled)
[    0.452537] audit: type=2000 audit(1791146516.962:1): state=initialized audit_enabled=0 res=1
[    0.452738] thermal_sys: Registered thermal governor 'fair_share'
[    0.453514] thermal_sys: Registered thermal governor 'bang_bang'
[    0.454510] thermal_sys: Registered thermal governor 'step_wise'
[    0.455510] thermal_sys: Registered thermal governor 'user_space'
[    0.456510] thermal_sys: Registered thermal governor 'power_allocator'
[    0.457535] cpuidle: using governor ladder
[    0.459518] cpuidle: using governor menu
[    0.461677] acpiphp: ACPI Hot Plug PCI Controller Driver version: 0.5
[    0.462901] PCI: ECAM [mem 0xb0000000-0xbfffffff] (base 0xb0000000) for domain 0000 [bus 00-ff]
[    0.463513] PCI: ECAM [mem 0xb0000000-0xbfffffff] reserved as E820 entry
[    0.464523] PCI: Using configuration type 1 for base access
[    0.465612] kprobes: kprobe jump-optimization is enabled. All kprobes are optimized if possible.
[    0.469615] HugeTLB: registered 1.00 GiB page size, pre-allocated 0 pages
[    0.472530] HugeTLB: 16380 KiB vmemmap can be freed for a 1.00 GiB page
[    0.476521] HugeTLB: registered 2.00 MiB page size, pre-allocated 0 pages
[    0.479515] HugeTLB: 28 KiB vmemmap can be freed for a 2.00 MiB page
[    0.487529] ACPI: Added _OSI(Module Device)
[    0.490522] ACPI: Added _OSI(Processor Device)
[    0.492517] ACPI: Added _OSI(Processor Aggregator Device)
[    0.504941] ACPI: 1 ACPI AML tables successfully acquired and loaded
[    0.511599] ACPI: \_SB_: platform _OSC: OS support mask [006e7eff]
[    0.515838] ACPI: Interpreter enabled
[    0.517565] ACPI: PM: (supports S0 S3 S4 S5)
[    0.520516] ACPI: Using IOAPIC for interrupt routing
[    0.523450] PCI: Using host bridge windows from ACPI; if necessary, use "pci=nocrs" and report a bug
[    0.528517] PCI: Using E820 reservations for host bridge windows
[    0.532234] ACPI: Enabled 2 GPEs in block 00 to 3F
[    0.558534] ACPI: PCI Root Bridge [PCI0] (domain 0000 [bus 00-ff])
[    0.561525] acpi PNP0A08:00: _OSC: OS supports [ExtendedConfig ASPM ClockPM Segments MSI EDR HPX-Type3]
[    0.565711] acpi PNP0A08:00: _OSC: platform does not support [PCIeHotplug LTR DPC]
[    0.568839] acpi PNP0A08:00: _OSC: OS now controls [SHPCHotplug PME AER PCIeCapability]
[    0.572948] PCI host bridge to bus 0000:00
[    0.575525] pci_bus 0000:00: root bus resource [io  0x0000-0x0cf7 window]
[    0.578516] pci_bus 0000:00: root bus resource [io  0x0d00-0xffff window]
[    0.580511] pci_bus 0000:00: root bus resource [mem 0x000a0000-0x000bffff window]
[    0.581511] pci_bus 0000:00: root bus resource [mem 0x80000000-0xafffffff window]
[    0.583511] pci_bus 0000:00: root bus resource [mem 0xc0000000-0xfebfffff window]
[    0.585511] pci_bus 0000:00: root bus resource [mem 0x480000000-0xc7fffffff window]
[    0.587511] pci_bus 0000:00: root bus resource [bus 00-ff]
[    0.589600] pci 0000:00:00.0: [8086:29c0] type 00 class 0x060000 conventional PCI endpoint
[    0.602064] pci 0000:00:1f.0: [8086:2918] type 00 class 0x060100 conventional PCI endpoint
[    0.605248] pci 0000:00:1f.0: quirk: [io  0x0600-0x067f] claimed by ICH6 ACPI/GPIO/TCO
[    0.607032] pci 0000:00:1f.2: [8086:2922] type 00 class 0x010601 conventional PCI endpoint
[    0.610587] pci 0000:00:1f.2: BAR 4 [io  0xc040-0xc05f]
[    0.612528] pci 0000:00:1f.2: BAR 5 [mem 0xfebff000-0xfebfffff]
[    0.614241] pci 0000:00:1f.3: [8086:2930] type 00 class 0x0c0500 conventional PCI endpoint
[    0.617510] pci 0000:00:1f.3: BAR 4 [io  0x0700-0x073f]
[    0.620346] ACPI: PCI: Interrupt link LNKA configured for IRQ 10
[    0.622700] ACPI: PCI: Interrupt link LNKB configured for IRQ 10
[    0.623700] ACPI: PCI: Interrupt link LNKC configured for IRQ 11
[    0.625698] ACPI: PCI: Interrupt link LNKD configured for IRQ 11
[    0.627697] ACPI: PCI: Interrupt link LNKE configured for IRQ 10
[    0.629699] ACPI: PCI: Interrupt link LNKF configured for IRQ 10
[    0.631703] ACPI: PCI: Interrupt link LNKG configured for IRQ 11
[    0.632699] ACPI: PCI: Interrupt link LNKH configured for IRQ 11
[    0.634597] ACPI: PCI: Interrupt link GSIA configured for IRQ 16
[    0.636533] ACPI: PCI: Interrupt link GSIB configured for IRQ 17
[    0.637531] ACPI: PCI: Interrupt link GSIC configured for IRQ 18
[    0.639531] ACPI: PCI: Interrupt link GSID configured for IRQ 19
[    0.640531] ACPI: PCI: Interrupt link GSIE configured for IRQ 20
[    0.642535] ACPI: PCI: Interrupt link GSIF configured for IRQ 21
[    0.643531] ACPI: PCI: Interrupt link GSIG configured for IRQ 22
[    0.645535] ACPI: PCI: Interrupt link GSIH configured for IRQ 23
[    0.653135] iommu: Default domain type: Translated
[    0.654511] iommu: DMA domain TLB invalidation policy: lazy mode
[    0.655817] SCSI subsystem initialized
[    0.657539] libata version 3.00 loaded.
[    0.657569] ACPI: bus type USB registered
[    0.658543] usbcore: registered new interface driver usbfs
[    0.659528] usbcore: registered new interface driver hub
[    0.661537] usbcore: registered new device driver usb
[    0.662544] pps_core: LinuxPPS API ver. 1 registered
[    0.663510] pps_core: Software ver. 5.3.6 - Copyright 2005-2007 Rodolfo Giometti <giometti@linux.it>
[    0.666516] PTP clock support registered
[    0.667562] EDAC MC: Ver: 3.0.0
[    0.669522] NetLabel: Initializing
[    0.670429] NetLabel:  domain hash size = 128
[    0.671510] NetLabel:  protocols = UNLABELED CIPSOv4 CALIPSO
[    0.672541] NetLabel:  unlabeled traffic allowed by default
[    0.674687] mctp: management component transport protocol core
[    0.676519] NET: Registered PF_MCTP protocol family
[    0.677530] PCI: Using ACPI for IRQ routing
[    0.876212] PCI: pci_cache_line_size set to 64 bytes
[    0.876363] e820: register RAM buffer resource [mem 0x0009fc00-0x0009ffff]
[    0.878511] e820: register RAM buffer resource [mem 0x7ffe0000-0x7fffffff]
[    0.879568] vgaarb: loaded
[    0.880567] hpet0: at MMIO 0xfed00000, IRQs 2, 8, 0
[    0.882510] hpet0: 3 comparators, 64-bit 100.000000 MHz counter
[    0.889508] clocksource: Switched to clocksource kvm-clock
[    0.891333] VFS: Disk quotas dquot_6.6.0
[    0.892422] VFS: Dquot-cache hash table entries: 512 (order 0, 4096 bytes)
[    0.894838] AppArmor: AppArmor Filesystem Enabled
[    0.896145] acpi PNP0C01:00: Reserved [mem 0xb0000000-0xbfffffff]
[    0.897762] pnp: PnP ACPI init
[    0.899366] pnp: PnP ACPI: found 4 devices
[    0.908571] clocksource: acpi_pm: mask: 0xffffff max_cycles: 0xffffff, max_idle_ns: 2085701024 ns
[    0.911003] NET: Registered PF_INET protocol family
[    0.912433] IP idents hash table entries: 262144 (order: 9, 2097152 bytes, linear)
[    0.935079] tcp_listen_portaddr_hash hash table entries: 8192 (order: 5, 131072 bytes, linear)
[    0.937324] Table-perturb hash table entries: 65536 (order: 6, 262144 bytes, linear)
[    0.939414] TCP established hash table entries: 131072 (order: 8, 1048576 bytes, linear)
[    0.941677] TCP bind hash table entries: 65536 (order: 9, 2097152 bytes, linear)
[    0.943696] TCP: Hash tables configured (established 131072 bind 65536)
[    0.945643] MPTCP token hash table entries: 16384 (order: 7, 393216 bytes, linear)
[    0.947722] UDP hash table entries: 8192 (order: 7, 524288 bytes, linear)
[    0.949527] UDP-Lite hash table entries: 8192 (order: 7, 524288 bytes, linear)
[    0.951557] NET: Registered PF_UNIX/PF_LOCAL protocol family
[    0.953073] NET: Registered PF_XDP protocol family
[    0.954340] pci_bus 0000:00: resource 4 [io  0x0000-0x0cf7 window]
[    0.955943] pci_bus 0000:00: resource 5 [io  0x0d00-0xffff window]
[    0.957538] pci_bus 0000:00: resource 6 [mem 0x000a0000-0x000bffff window]
[    0.959333] pci_bus 0000:00: resource 7 [mem 0x80000000-0xafffffff window]
[    0.961112] pci_bus 0000:00: resource 8 [mem 0xc0000000-0xfebfffff window]
[    0.962871] pci_bus 0000:00: resource 9 [mem 0x480000000-0xc7fffffff window]
[    0.964802] PCI: CLS 0 bytes, default 64
[    0.965927] PCI-DMA: Using software bounce buffering for IO (SWIOTLB)
[    0.966084] Trying to unpack rootfs image as initramfs...
[    0.967583] software IO TLB: mapped [mem 0x000000006f7f4000-0x00000000737f4000] (64MB)
[    0.967637] clocksource: tsc: mask: 0xffffffffffffffff max_cycles: 0x228ae3847f6, max_idle_ns: 440795295175 ns
[    0.976883] Initialise system trusted keyrings
[    0.978081] Key type blacklist registered
[    0.979298] workingset: timestamp_bits=36 max_order=22 bucket_order=0
[    0.981633] squashfs: version 4.0 (2009/01/31) Phillip Lougher
[    0.983456] fuse: init (API version 7.45)
[    0.984875] integrity: Platform Keyring initialized
[    0.986184] integrity: Machine keyring initialized
[    1.000170] Key type asymmetric registered
[    1.001262] Asymmetric key parser 'x509' registered
[    1.002567] Block layer SCSI generic (bsg) driver version 0.4 loaded (major 242)
[    1.004707] io scheduler mq-deadline registered
[    1.007197] ledtrig-cpu: registered to indicate activity on CPUs
[    1.009015] input: Power Button as /devices/platform/LNXPWRBN:00/input/input0
[    1.010929] ACPI: button: Power Button [PWRF]
[    1.013932] Serial: 8250/16550 driver, 32 ports, IRQ sharing enabled
[    1.041436] 00:02: ttyS0 at I/O 0x3f8 (irq = 4, base_baud = 115200) is a 16550A
[    1.047578] Linux agpgart interface v0.103
[    1.054763] loop: module loaded
[    1.055990] ACPI: bus type drm_connector registered
[    1.057582] tun: Universal TUN/TAP device driver, 1.6
[    1.059004] PPP generic driver version 2.4.2
[    1.060376] i8042: PNP: PS/2 Controller [PNP0303:KBD,PNP0f13:MOU] at 0x60,0x64 irq 1,12
[    1.063569] serio: i8042 KBD port at 0x60,0x64 irq 1
[    1.064884] serio: i8042 AUX port at 0x60,0x64 irq 12
[    1.066405] mousedev: PS/2 mouse device common for all mice
[    1.068040] rtc_cmos 00:03: RTC can wake from S4
[    1.070599] input: AT Translated Set 2 keyboard as /devices/platform/i8042/serio0/input/input1
[    1.070701] rtc_cmos 00:03: registered as rtc0
[    1.075476] rtc_cmos 00:03: setting system clock to 2026-10-04T20:41:57 UTC (1791146517)
[    1.079974] rtc_cmos 00:03: alarms up to one day, y3k, 242 bytes nvram, hpet irqs
[    1.083932] i2c_dev: i2c /dev entries driver
[    1.086337] device-mapper: core: CONFIG_IMA_DISABLE_HTABLE is disabled. Duplicate IMA measurements will not be recorded in the IMA log.
[    1.092668] device-mapper: uevent: version 1.0.3
[    1.095403] device-mapper: ioctl: 4.50.0-ioctl (2025-04-28) initialised: dm-devel@lists.linux.dev
[    1.098922] Freeing initrd memory: 204720K
[    1.100020] amd_pstate: The CPPC feature is supported but currently disabled by the BIOS.
[    1.100020] Please enable it if your BIOS has the CPPC option.
[    1.108333] amd_pstate: the _CPC object is not present in SBIOS or ACPI disabled
[    1.112371] drop_monitor: Initializing network drop monitor service
[    1.116035] NET: Registered PF_INET6 protocol family
[    1.119976] Segment Routing with IPv6
[    1.122006] In-situ OAM (IOAM) with IPv6
[    1.124195] NET: Registered PF_PACKET protocol family
[    1.127061] Key type dns_resolver registered
[    1.130847] IPI shorthand broadcast: enabled
[    1.139154] sched_clock: Marking stable (905007090, 234102423)->(1206564948, -67455435)
[    1.143796] registered taskstats version 1
[    1.147144] Loading compiled-in X.509 certificates
[    1.150133] Loaded X.509 cert 'Build time autogenerated kernel key: 454b3e9802e3c39a997a1e8863aaf8b3df15fbc0'
[    1.154837] Loaded X.509 cert 'Canonical Ltd. Live Patch Signing 2025 Kmod: d541cef61dc7e793b7eb7e899970a2eef0b5dc8c'
[    1.159845] Loaded X.509 cert 'Canonical Ltd. Live Patch Signing: 14df34d1a87cf37625abec039ef2bf521249b969'
[    1.164512] Loaded X.509 cert 'Canonical Ltd. Kernel Module Signing 2025 Kmod: 4627603d2357a2a3f81006370894c221175893e9'
[    1.169621] Loaded X.509 cert 'Canonical Ltd. Kernel Module Signing: 88f752e560a1e0737e31163a466ad7b70a850c19'
[    1.173652] blacklist: Loading compiled-in revocation X.509 certificates
[    1.176383] Loaded X.509 cert 'Canonical Ltd. Secure Boot Signing: 61482aa2830d0ab2ad5af10b7250da9033ddcef0'
[    1.178920] Loaded X.509 cert 'Canonical Ltd. Secure Boot Signing (2017): 242ade75ac4a15e50d50c84b0d45ff3eae707a03'
[    1.181602] Loaded X.509 cert 'Canonical Ltd. Secure Boot Signing (ESM 2018): 365188c1d374d6b07c3c8f240f8ef722433d6a8b'
[    1.184368] Loaded X.509 cert 'Canonical Ltd. Secure Boot Signing (2019): c0746fd6c5da3ae827864651ad66ae47fe24b3e8'
[    1.187049] Loaded X.509 cert 'Canonical Ltd. Secure Boot Signing (2021 v1): a8d54bbb3825cfb94fa13c9f8a594a195c107b8d'
[    1.189772] Loaded X.509 cert 'Canonical Ltd. Secure Boot Signing (2021 v2): 4cf046892d6fd3c9a5b03f98d845f90851dc6a8c'
[    1.192520] Loaded X.509 cert 'Canonical Ltd. Secure Boot Signing (2021 v3): 100437bb6de6e469b581e61cd66bce3ef4ed53af'
[    1.195281] Loaded X.509 cert 'Canonical Ltd. Secure Boot Signing (Ubuntu Core 2019): c1d57b8f6b743f23ee41f4f7ee292f06eecadfb9'
[    1.206988] Demotion targets for Node 0: null
[    1.208371] Key type .fscrypt registered
[    1.209410] Key type fscrypt-provisioning registered
[    1.210846] Key type big_key registered
[    1.213356] Key type encrypted registered
[    1.214409] AppArmor: AppArmor sha256 policy hashing enabled
[    1.215869] ima: No TPM chip found, activating TPM-bypass!
[    1.217284] Loading compiled-in module X.509 certificates
[    1.219164] Loaded X.509 cert 'Build time autogenerated kernel key: 454b3e9802e3c39a997a1e8863aaf8b3df15fbc0'
[    1.221685] ima: Allocated hash algorithm: sha256
[    1.222922] ima: No architecture policies found
[    1.224152] evm: Initialising EVM extended attributes:
[    1.225466] evm: security.selinux
[    1.226343] evm: security.SMACK64
[    1.227208] evm: security.SMACK64EXEC
[    1.228183] evm: security.SMACK64TRANSMUTE
[    1.229245] evm: security.SMACK64MMAP
[    1.230196] evm: security.apparmor
[    1.231082] evm: security.ima
[    1.231861] evm: security.capability
[    1.232792] evm: HMAC attrs: 0x1
[    1.234021] PM:   Magic number: 14:579:699
[    1.235139] acpi LNXCPU:0d: hash matches
[    1.236575] RAS: Correctable Errors collector initialized.
[    1.238426] clk: Disabling unused clocks
[    1.239460] PM: genpd: Disabling unused power domains
[    1.242759] Freeing unused decrypted memory: 2028K
[    1.244515] Freeing unused kernel image (initmem) memory: 5292K
[    1.245807] Write protecting the kernel read-only data: 43008k
[    1.247731] Freeing unused kernel image (text/rodata gap) memory: 776K
[    1.249555] Freeing unused kernel image (rodata/data gap) memory: 1668K
[    1.317165] x86/mm: Checked W+X mappings: passed, no W+X pages found.
[    1.318446] Run /init as init process
[    1.319217]   with arguments:
[    1.319220]     /init
[    1.319223]   with environment:
[    1.319225]     HOME=/
[    1.319226]     TERM=linux
[    1.340535] NET: Registered PF_VSOCK protocol family
[    1.365248] shmproxy: loading out-of-tree module taints kernel.
[    1.367646] shmproxy: module verification failed: signature and/or required key missing - tainting kernel
[    1.372601] shmproxy: kernel AF_VSOCK listener CID2:29500 loaded
[    8.512123] clocksource: Long readout interval, skipping watchdog check: cs_nsec: 1677998451 wd_nsec: 1677997857
[   76.906649] clocksource: Long readout interval, skipping watchdog check: cs_nsec: 3720535300 wd_nsec: 3720533853
[  152.435798] shmproxy: drained accepted=64 closed=64
BENCH_COMPLETE_EXIT=0
[  153.099822] ACPI: PM: Preparing to enter system sleep state S5
[  153.101067] reboot: Power down
{"launcher_rc": 0, "wall_s": 732.8724719160236}
