{"ack_oob":true,"arm":true,"declare":[7300,7301,7302],"egress_ifs":[],"ev":"programs_loaded","flush":true,"intake_park":true,"pid":149,"programs":[{"id":28,"name":"verdict","tag":"5f61753433e18fc2","verified_insns":884},{"id":29,"name":"strp_parse","tag":"22614579d5370f67","verified_insns":62},{"id":30,"name":"strp_verdict","tag":"4c631b1fcdb0e5f6","verified_insns":895},{"id":31,"name":"lo_decode(tcx lo egress)","tag":"1be1d280222d9e90","verified_insns":465},{"id":32,"name":"sent(fexit skb_send_sock)","tag":"038e16bf070d9335","verified_insns":41},{"id":33,"name":"connect4","tag":"ad52658a44f6fc01","verified_insns":234},{"id":34,"name":"sendmsg4","tag":"25313d2a991262c4","verified_insns":204},{"id":35,"name":"recvmsg4","tag":"5924dfd9424078bf","verified_insns":82},{"id":36,"name":"getpeername4","tag":"90774192d60dfced","verified_insns":127},{"id":37,"name":"sock_release","tag":"e4511879b8661ea8","verified_insns":69},{"id":38,"name":"sockops(root cgroup)","tag":"d3503b23d0e6960e","verified_insns":260},{"id":39,"name":"listen_start(fexit inet_csk_listen_start)","tag":"c546b9f4bb5015a3","verified_insns":114},{"id":40,"name":"listen_stop(fexit inet_csk_listen_stop)","tag":"75bbcb6a8014345d","verified_insns":97}],"role":"guest","tuple_from_peer":true,"udp_park":true,"unframe":"tc"}
{"ev":"park_pool","slots":256}
{"ev":"ctl_open","t_us":29502835}
{"ev":"lset_seeded","lset":"{}"}
{"ev":"listen_state_sent","event_to_send_us":null,"listeners":0,"listening":false,"mode":"event","port":7300,"reason":"session_open","seq":1,"t_us":29502924}
{"ev":"listen_state_sent","event_to_send_us":null,"listeners":0,"listening":false,"mode":"event","port":7301,"reason":"session_open","seq":2,"t_us":29502989}
{"ev":"listen_state_sent","event_to_send_us":null,"listeners":0,"listening":false,"mode":"event","port":7302,"reason":"session_open","seq":3,"t_us":29503070}
{"ev":"guest_ready","slots":64,"w":"10.99.7.2"}
{"client":"<metal-address>:57822","err":"Connection refused (os error 111)","ev":"tcp_accept_refused","flow":2,"gport":7303}
{"age_ms":0,"ev":"flow_closed","flow":2,"kind":2,"reset":false,"why":"refused"}
{"cookie":4715,"ev":"listen_event","family":2,"kind":"start","ktime_us":31889506,"port":7300,"reachable":true,"wake_lag_us":45}
{"ev":"listen_state_sent","event_to_send_us":8600,"listeners":1,"listening":true,"mode":"event","port":7300,"reason":"event","seq":4,"t_us":31898106}
{"client":"<metal-address>:38280","ev":"tcp_accept","flow":4,"gport":7300}
{"age_ms":13,"ev":"flow_closed","flow":4,"kind":2,"reset":true,"why":"peer_abort"}
{"cookie":4715,"ev":"listen_event","family":2,"kind":"stop","ktime_us":31990036,"port":7300,"reachable":true,"wake_lag_us":103}
{"ev":"listen_state_sent","event_to_send_us":8900,"listeners":0,"listening":false,"mode":"event","port":7300,"reason":"event","seq":5,"t_us":31998936}
{"client":"<metal-address>:38292","err":"Connection refused (os error 111)","ev":"tcp_accept_refused","flow":6,"gport":7300}
{"age_ms":8,"ev":"flow_closed","flow":6,"kind":2,"reset":false,"why":"refused"}
{"client":"<metal-address>:38308","err":"Connection refused (os error 111)","ev":"tcp_accept_refused","flow":8,"gport":7300}
{"age_ms":6,"ev":"flow_closed","flow":8,"kind":2,"reset":false,"why":"refused"}
{"client":"<metal-address>:38310","err":"Connection refused (os error 111)","ev":"tcp_accept_refused","flow":10,"gport":7300}
{"age_ms":5,"ev":"flow_closed","flow":10,"kind":2,"reset":false,"why":"refused"}
{"client":"<metal-address>:38324","err":"Connection refused (os error 111)","ev":"tcp_accept_refused","flow":12,"gport":7300}
{"age_ms":5,"ev":"flow_closed","flow":12,"kind":2,"reset":false,"why":"refused"}
{"client":"<metal-address>:38336","err":"Connection refused (os error 111)","ev":"tcp_accept_refused","flow":14,"gport":7300}
{"age_ms":5,"ev":"flow_closed","flow":14,"kind":2,"reset":false,"why":"refused"}
{"client":"<metal-address>:38340","err":"Connection refused (os error 111)","ev":"tcp_accept_refused","flow":16,"gport":7300}
{"age_ms":5,"ev":"flow_closed","flow":16,"kind":2,"reset":false,"why":"refused"}
{"client":"<metal-address>:38354","err":"Connection refused (os error 111)","ev":"tcp_accept_refused","flow":18,"gport":7300}
{"age_ms":5,"ev":"flow_closed","flow":18,"kind":2,"reset":false,"why":"refused"}
{"client":"<metal-address>:38368","err":"Connection refused (os error 111)","ev":"tcp_accept_refused","flow":20,"gport":7300}
{"age_ms":5,"ev":"flow_closed","flow":20,"kind":2,"reset":false,"why":"refused"}
{"cookie":4719,"ev":"listen_event","family":2,"kind":"start","ktime_us":32090183,"port":7300,"reachable":true,"wake_lag_us":6008}
{"ev":"listen_state_sent","event_to_send_us":11166,"listeners":1,"listening":true,"mode":"event","port":7300,"reason":"event","seq":6,"t_us":32101349}
{"client":"<metal-address>:38456","ev":"tcp_accept","flow":22,"gport":7300}
{"age_ms":8,"ev":"flow_closed","flow":22,"kind":2,"reset":true,"why":"peer_abort"}
{"cookie":4719,"ev":"listen_event","family":2,"kind":"stop","ktime_us":32191024,"port":7300,"reachable":true,"wake_lag_us":103}
{"ev":"listen_state_sent","event_to_send_us":7916,"listeners":0,"listening":false,"mode":"event","port":7300,"reason":"event","seq":7,"t_us":32198940}
{"client":"<metal-address>:38470","err":"Connection refused (os error 111)","ev":"tcp_accept_refused","flow":24,"gport":7300}
{"age_ms":6,"ev":"flow_closed","flow":24,"kind":2,"reset":false,"why":"refused"}
{"client":"<metal-address>:38486","err":"Connection refused (os error 111)","ev":"tcp_accept_refused","flow":26,"gport":7300}
{"age_ms":6,"ev":"flow_closed","flow":26,"kind":2,"reset":false,"why":"refused"}
{"client":"<metal-address>:38494","err":"Connection refused (os error 111)","ev":"tcp_accept_refused","flow":28,"gport":7300}
{"age_ms":6,"ev":"flow_closed","flow":28,"kind":2,"reset":false,"why":"refused"}
{"client":"<metal-address>:38502","err":"Connection refused (os error 111)","ev":"tcp_accept_refused","flow":30,"gport":7300}
{"age_ms":4,"ev":"flow_closed","flow":30,"kind":2,"reset":false,"why":"refused"}
{"client":"<metal-address>:38518","err":"Connection refused (os error 111)","ev":"tcp_accept_refused","flow":32,"gport":7300}
{"age_ms":4,"ev":"flow_closed","flow":32,"kind":2,"reset":false,"why":"refused"}
{"client":"<metal-address>:38532","err":"Connection refused (os error 111)","ev":"tcp_accept_refused","flow":34,"gport":7300}
{"age_ms":4,"ev":"flow_closed","flow":34,"kind":2,"reset":false,"why":"refused"}
{"client":"<metal-address>:38548","err":"Connection refused (os error 111)","ev":"tcp_accept_refused","flow":36,"gport":7300}
{"age_ms":4,"ev":"flow_closed","flow":36,"kind":2,"reset":false,"why":"refused"}
{"cookie":1881,"ev":"listen_event","family":2,"kind":"start","ktime_us":32291184,"port":7300,"reachable":true,"wake_lag_us":74}
{"ev":"listen_state_sent","event_to_send_us":4539,"listeners":1,"listening":true,"mode":"event","port":7300,"reason":"event","seq":8,"t_us":32295723}
{"client":"<metal-address>:38586","ev":"tcp_accept","flow":38,"gport":7300}
{"age_ms":8,"ev":"flow_closed","flow":38,"kind":2,"reset":true,"why":"peer_abort"}
{"cookie":1881,"ev":"listen_event","family":2,"kind":"stop","ktime_us":32391548,"port":7300,"reachable":true,"wake_lag_us":75}
{"ev":"listen_state_sent","event_to_send_us":4981,"listeners":0,"listening":false,"mode":"event","port":7300,"reason":"event","seq":9,"t_us":32396529}
{"client":"<metal-address>:38590","err":"Connection refused (os error 111)","ev":"tcp_accept_refused","flow":40,"gport":7300}
{"age_ms":4,"ev":"flow_closed","flow":40,"kind":2,"reset":false,"why":"refused"}
{"client":"<metal-address>:38598","err":"Connection refused (os error 111)","ev":"tcp_accept_refused","flow":42,"gport":7300}
{"age_ms":4,"ev":"flow_closed","flow":42,"kind":2,"reset":false,"why":"refused"}
{"client":"<metal-address>:38612","err":"Connection refused (os error 111)","ev":"tcp_accept_refused","flow":44,"gport":7300}
{"age_ms":4,"ev":"flow_closed","flow":44,"kind":2,"reset":false,"why":"refused"}
{"client":"<metal-address>:38620","err":"Connection refused (os error 111)","ev":"tcp_accept_refused","flow":46,"gport":7300}
{"age_ms":4,"ev":"flow_closed","flow":46,"kind":2,"reset":false,"why":"refused"}
{"cookie":4735,"ev":"listen_event","family":2,"kind":"start","ktime_us":32491713,"port":7300,"reachable":true,"wake_lag_us":112}
{"ev":"listen_state_sent","event_to_send_us":8110,"listeners":1,"listening":true,"mode":"event","port":7300,"reason":"event","seq":10,"t_us":32499823}
{"client":"<metal-address>:38698","ev":"tcp_accept","flow":48,"gport":7300}
{"age_ms":11,"ev":"flow_closed","flow":48,"kind":2,"reset":true,"why":"peer_abort"}
{"cookie":4735,"ev":"listen_event","family":2,"kind":"stop","ktime_us":32591839,"port":7300,"reachable":true,"wake_lag_us":62}
{"ev":"listen_state_sent","event_to_send_us":9227,"listeners":0,"listening":false,"mode":"event","port":7300,"reason":"event","seq":11,"t_us":32601066}
{"client":"<metal-address>:38714","err":"Connection refused (os error 111)","ev":"tcp_accept_refused","flow":50,"gport":7300}
{"client":"<metal-address>:38720","err":"Connection refused (os error 111)","ev":"tcp_accept_refused","flow":52,"gport":7300}
{"client":"<metal-address>:38726","err":"Connection refused (os error 111)","ev":"tcp_accept_refused","flow":54,"gport":7300}
{"client":"<metal-address>:38742","err":"Connection refused (os error 111)","ev":"tcp_accept_refused","flow":56,"gport":7300}
{"client":"<metal-address>:38746","err":"Connection refused (os error 111)","ev":"tcp_accept_refused","flow":58,"gport":7300}
{"client":"<metal-address>:38756","err":"Connection refused (os error 111)","ev":"tcp_accept_refused","flow":60,"gport":7300}
{"client":"<metal-address>:38764","err":"Connection refused (os error 111)","ev":"tcp_accept_refused","flow":62,"gport":7300}
{"client":"<metal-address>:38770","err":"Connection refused (os error 111)","ev":"tcp_accept_refused","flow":64,"gport":7300}
{"cookie":1890,"ev":"listen_event","family":2,"kind":"start","ktime_us":32692011,"port":7300,"reachable":true,"wake_lag_us":47}
{"ev":"listen_state_sent","event_to_send_us":7031,"listeners":1,"listening":true,"mode":"event","port":7300,"reason":"event","seq":12,"t_us":32699042}
{"age_ms":9,"ev":"flow_closed","flow":66,"kind":2,"reset":true,"why":"peer_abort"}
{"cookie":1890,"ev":"listen_event","family":2,"kind":"stop","ktime_us":32792685,"port":7300,"reachable":true,"wake_lag_us":215}
{"ev":"listen_state_sent","event_to_send_us":8876,"listeners":0,"listening":false,"mode":"event","port":7300,"reason":"event","seq":13,"t_us":32801561}
{"client":"<metal-address>:38844","err":"Connection refused (os error 111)","ev":"tcp_accept_refused","flow":68,"gport":7300}
{"client":"<metal-address>:38860","err":"Connection refused (os error 111)","ev":"tcp_accept_refused","flow":70,"gport":7300}
{"client":"<metal-address>:38862","err":"Connection refused (os error 111)","ev":"tcp_accept_refused","flow":72,"gport":7300}
{"client":"<metal-address>:38868","err":"Connection refused (os error 111)","ev":"tcp_accept_refused","flow":74,"gport":7300}
{"client":"<metal-address>:38870","err":"Connection refused (os error 111)","ev":"tcp_accept_refused","flow":76,"gport":7300}
{"client":"<metal-address>:38876","err":"Connection refused (os error 111)","ev":"tcp_accept_refused","flow":78,"gport":7300}
{"client":"<metal-address>:38884","err":"Connection refused (os error 111)","ev":"tcp_accept_refused","flow":80,"gport":7300}
{"client":"<metal-address>:38898","err":"Connection refused (os error 111)","ev":"tcp_accept_refused","flow":82,"gport":7300}
{"cookie":1908,"ev":"listen_event","family":2,"kind":"start","ktime_us":32892849,"port":7300,"reachable":true,"wake_lag_us":79}
{"ev":"listen_state_sent","event_to_send_us":7114,"listeners":1,"listening":true,"mode":"event","port":7300,"reason":"event","seq":14,"t_us":32899963}
{"age_ms":9,"ev":"flow_closed","flow":84,"kind":2,"reset":true,"why":"peer_abort"}
{"cookie":1908,"ev":"listen_event","family":2,"kind":"stop","ktime_us":32993325,"port":7300,"reachable":true,"wake_lag_us":67}
{"ev":"listen_state_sent","event_to_send_us":8235,"listeners":0,"listening":false,"mode":"event","port":7300,"reason":"event","seq":15,"t_us":33001560}
{"client":"<metal-address>:39004","err":"Connection refused (os error 111)","ev":"tcp_accept_refused","flow":86,"gport":7300}
{"client":"<metal-address>:39012","err":"Connection refused (os error 111)","ev":"tcp_accept_refused","flow":88,"gport":7300}
{"client":"<metal-address>:39016","err":"Connection refused (os error 111)","ev":"tcp_accept_refused","flow":90,"gport":7300}
{"client":"<metal-address>:39028","err":"Connection refused (os error 111)","ev":"tcp_accept_refused","flow":92,"gport":7300}
{"client":"<metal-address>:39042","err":"Connection refused (os error 111)","ev":"tcp_accept_refused","flow":94,"gport":7300}
{"client":"<metal-address>:39050","err":"Connection refused (os error 111)","ev":"tcp_accept_refused","flow":96,"gport":7300}
{"client":"<metal-address>:39066","err":"Connection refused (os error 111)","ev":"tcp_accept_refused","flow":98,"gport":7300}
{"cookie":1911,"ev":"listen_event","family":2,"kind":"start","ktime_us":33093491,"port":7300,"reachable":true,"wake_lag_us":101}
{"ev":"listen_state_sent","event_to_send_us":7377,"listeners":1,"listening":true,"mode":"event","port":7300,"reason":"event","seq":16,"t_us":33100868}
{"age_ms":7,"ev":"flow_closed","flow":100,"kind":2,"reset":true,"why":"peer_abort"}
{"cookie":1911,"ev":"listen_event","family":2,"kind":"stop","ktime_us":33193632,"port":7300,"reachable":true,"wake_lag_us":97}
{"ev":"listen_state_sent","event_to_send_us":7478,"listeners":0,"listening":false,"mode":"event","port":7300,"reason":"event","seq":17,"t_us":33201110}
{"client":"<metal-address>:39152","err":"Connection refused (os error 111)","ev":"tcp_accept_refused","flow":102,"gport":7300}
{"client":"<metal-address>:39160","err":"Connection refused (os error 111)","ev":"tcp_accept_refused","flow":104,"gport":7300}
{"client":"<metal-address>:39172","err":"Connection refused (os error 111)","ev":"tcp_accept_refused","flow":106,"gport":7300}
{"client":"<metal-address>:39176","err":"Connection refused (os error 111)","ev":"tcp_accept_refused","flow":108,"gport":7300}
{"client":"<metal-address>:39186","err":"Connection refused (os error 111)","ev":"tcp_accept_refused","flow":110,"gport":7300}
{"client":"<metal-address>:39194","err":"Connection refused (os error 111)","ev":"tcp_accept_refused","flow":112,"gport":7300}
{"cookie":1924,"ev":"listen_event","family":2,"kind":"start","ktime_us":33293811,"port":7300,"reachable":true,"wake_lag_us":134}
{"ev":"listen_state_sent","event_to_send_us":8445,"listeners":1,"listening":true,"mode":"event","port":7300,"reason":"event","seq":18,"t_us":33302256}
{"age_ms":9,"ev":"flow_closed","flow":114,"kind":2,"reset":true,"why":"peer_abort"}
{"cookie":1924,"ev":"listen_event","family":2,"kind":"stop","ktime_us":33394115,"port":7300,"reachable":true,"wake_lag_us":68}
{"ev":"listen_state_sent","event_to_send_us":8774,"listeners":0,"listening":false,"mode":"event","port":7300,"reason":"event","seq":19,"t_us":33402889}
{"client":"<metal-address>:39286","err":"Connection refused (os error 111)","ev":"tcp_accept_refused","flow":116,"gport":7300}
{"client":"<metal-address>:39292","err":"Connection refused (os error 111)","ev":"tcp_accept_refused","flow":118,"gport":7300}
{"client":"<metal-address>:39300","err":"Connection refused (os error 111)","ev":"tcp_accept_refused","flow":120,"gport":7300}
{"client":"<metal-address>:39308","err":"Connection refused (os error 111)","ev":"tcp_accept_refused","flow":122,"gport":7300}
{"client":"<metal-address>:39324","err":"Connection refused (os error 111)","ev":"tcp_accept_refused","flow":124,"gport":7300}
{"client":"<metal-address>:39330","err":"Connection refused (os error 111)","ev":"tcp_accept_refused","flow":126,"gport":7300}
{"client":"<metal-address>:39338","err":"Connection refused (os error 111)","ev":"tcp_accept_refused","flow":128,"gport":7300}
{"client":"<metal-address>:39340","err":"Connection refused (os error 111)","ev":"tcp_accept_refused","flow":130,"gport":7300}
{"cookie":4790,"ev":"listen_event","family":2,"kind":"start","ktime_us":33494291,"port":7300,"reachable":true,"wake_lag_us":82}
{"ev":"listen_state_sent","event_to_send_us":6801,"listeners":1,"listening":true,"mode":"event","port":7300,"reason":"event","seq":20,"t_us":33501092}
{"age_ms":9,"ev":"flow_closed","flow":132,"kind":2,"reset":true,"why":"peer_abort"}
{"cookie":4790,"ev":"listen_event","family":2,"kind":"stop","ktime_us":33594673,"port":7300,"reachable":true,"wake_lag_us":103}
{"ev":"listen_state_sent","event_to_send_us":8183,"listeners":0,"listening":false,"mode":"event","port":7300,"reason":"event","seq":21,"t_us":33602856}
{"client":"<metal-address>:39406","err":"Connection refused (os error 111)","ev":"tcp_accept_refused","flow":134,"gport":7300}
{"client":"<metal-address>:39418","err":"Connection refused (os error 111)","ev":"tcp_accept_refused","flow":136,"gport":7300}
{"client":"<metal-address>:39428","err":"Connection refused (os error 111)","ev":"tcp_accept_refused","flow":138,"gport":7300}
{"client":"<metal-address>:39434","err":"Connection refused (os error 111)","ev":"tcp_accept_refused","flow":140,"gport":7300}
{"client":"<metal-address>:39436","err":"Connection refused (os error 111)","ev":"tcp_accept_refused","flow":142,"gport":7300}
{"client":"<metal-address>:39442","err":"Connection refused (os error 111)","ev":"tcp_accept_refused","flow":144,"gport":7300}
{"client":"<metal-address>:39456","err":"Connection refused (os error 111)","ev":"tcp_accept_refused","flow":146,"gport":7300}
{"cookie":4797,"ev":"listen_event","family":2,"kind":"start","ktime_us":33694855,"port":7300,"reachable":true,"wake_lag_us":108}
{"ev":"listen_state_sent","event_to_send_us":7729,"listeners":1,"listening":true,"mode":"event","port":7300,"reason":"event","seq":22,"t_us":33702584}
{"age_ms":8,"ev":"flow_closed","flow":148,"kind":2,"reset":true,"why":"peer_abort"}
{"cookie":4797,"ev":"listen_event","family":2,"kind":"stop","ktime_us":33795921,"port":7300,"reachable":true,"wake_lag_us":121}
{"ev":"listen_state_sent","event_to_send_us":8781,"listeners":0,"listening":false,"mode":"event","port":7300,"reason":"event","seq":23,"t_us":33804702}
{"client":"<metal-address>:39540","err":"Connection refused (os error 111)","ev":"tcp_accept_refused","flow":150,"gport":7300}
{"client":"<metal-address>:39544","err":"Connection refused (os error 111)","ev":"tcp_accept_refused","flow":152,"gport":7300}
{"client":"<metal-address>:39556","err":"Connection refused (os error 111)","ev":"tcp_accept_refused","flow":154,"gport":7300}
{"client":"<metal-address>:39570","err":"Connection refused (os error 111)","ev":"tcp_accept_refused","flow":156,"gport":7300}
{"client":"<metal-address>:39584","err":"Connection refused (os error 111)","ev":"tcp_accept_refused","flow":158,"gport":7300}
{"client":"<metal-address>:39596","err":"Connection refused (os error 111)","ev":"tcp_accept_refused","flow":160,"gport":7300}
{"client":"<metal-address>:39600","err":"Connection refused (os error 111)","ev":"tcp_accept_refused","flow":162,"gport":7300}
{"client":"<metal-address>:39604","err":"Connection refused (os error 111)","ev":"tcp_accept_refused","flow":164,"gport":7300}
{"cookie":1945,"ev":"listen_event","family":2,"kind":"start","ktime_us":33896031,"port":7300,"reachable":true,"wake_lag_us":48}
{"ev":"listen_state_sent","event_to_send_us":6399,"listeners":1,"listening":true,"mode":"event","port":7300,"reason":"event","seq":24,"t_us":33902430}
{"age_ms":8,"ev":"flow_closed","flow":166,"kind":2,"reset":true,"why":"peer_abort"}
{"cookie":1945,"ev":"listen_event","family":2,"kind":"stop","ktime_us":33997025,"port":7300,"reachable":true,"wake_lag_us":63}
{"ev":"listen_state_sent","event_to_send_us":9045,"listeners":0,"listening":false,"mode":"event","port":7300,"reason":"event","seq":25,"t_us":34006070}
{"client":"<metal-address>:39694","err":"Connection refused (os error 111)","ev":"tcp_accept_refused","flow":168,"gport":7300}
{"client":"<metal-address>:39696","err":"Connection refused (os error 111)","ev":"tcp_accept_refused","flow":170,"gport":7300}
{"client":"<metal-address>:39708","err":"Connection refused (os error 111)","ev":"tcp_accept_refused","flow":172,"gport":7300}
{"client":"<metal-address>:39724","err":"Connection refused (os error 111)","ev":"tcp_accept_refused","flow":174,"gport":7300}
{"client":"<metal-address>:39738","err":"Connection refused (os error 111)","ev":"tcp_accept_refused","flow":176,"gport":7300}
{"client":"<metal-address>:39744","err":"Connection refused (os error 111)","ev":"tcp_accept_refused","flow":178,"gport":7300}
{"client":"<metal-address>:39748","err":"Connection refused (os error 111)","ev":"tcp_accept_refused","flow":180,"gport":7300}
{"client":"<metal-address>:39758","err":"Connection refused (os error 111)","ev":"tcp_accept_refused","flow":182,"gport":7300}
{"cookie":1962,"ev":"listen_event","family":2,"kind":"start","ktime_us":34097199,"port":7300,"reachable":true,"wake_lag_us":50}
{"ev":"listen_state_sent","event_to_send_us":5286,"listeners":1,"listening":true,"mode":"event","port":7300,"reason":"event","seq":26,"t_us":34102485}
{"age_ms":6,"ev":"flow_closed","flow":184,"kind":2,"reset":true,"why":"peer_abort"}
{"cookie":1962,"ev":"listen_event","family":2,"kind":"stop","ktime_us":34197445,"port":7300,"reachable":true,"wake_lag_us":65}
{"ev":"listen_state_sent","event_to_send_us":8853,"listeners":0,"listening":false,"mode":"event","port":7300,"reason":"event","seq":27,"t_us":34206298}
{"client":"<metal-address>:39826","err":"Connection refused (os error 111)","ev":"tcp_accept_refused","flow":186,"gport":7300}
{"client":"<metal-address>:39828","err":"Connection refused (os error 111)","ev":"tcp_accept_refused","flow":188,"gport":7300}
{"client":"<metal-address>:39844","err":"Connection refused (os error 111)","ev":"tcp_accept_refused","flow":190,"gport":7300}
{"client":"<metal-address>:39852","err":"Connection refused (os error 111)","ev":"tcp_accept_refused","flow":192,"gport":7300}
{"client":"<metal-address>:39866","err":"Connection refused (os error 111)","ev":"tcp_accept_refused","flow":194,"gport":7300}
{"client":"<metal-address>:39874","err":"Connection refused (os error 111)","ev":"tcp_accept_refused","flow":196,"gport":7300}
{"client":"<metal-address>:39880","err":"Connection refused (os error 111)","ev":"tcp_accept_refused","flow":198,"gport":7300}
{"client":"<metal-address>:39892","err":"Connection refused (os error 111)","ev":"tcp_accept_refused","flow":200,"gport":7300}
{"cookie":1968,"ev":"listen_event","family":2,"kind":"start","ktime_us":34297620,"port":7300,"reachable":true,"wake_lag_us":123}
{"ev":"listen_state_sent","event_to_send_us":5518,"listeners":1,"listening":true,"mode":"event","port":7300,"reason":"event","seq":28,"t_us":34303138}
{"age_ms":9,"ev":"flow_closed","flow":202,"kind":2,"reset":true,"why":"peer_abort"}
{"cookie":1968,"ev":"listen_event","family":2,"kind":"stop","ktime_us":34397696,"port":7300,"reachable":true,"wake_lag_us":113}
{"ev":"listen_state_sent","event_to_send_us":9108,"listeners":0,"listening":false,"mode":"event","port":7300,"reason":"event","seq":29,"t_us":34406804}
{"client":"<metal-address>:39954","err":"Connection refused (os error 111)","ev":"tcp_accept_refused","flow":204,"gport":7300}
{"client":"<metal-address>:39964","err":"Connection refused (os error 111)","ev":"tcp_accept_refused","flow":206,"gport":7300}
{"client":"<metal-address>:39972","err":"Connection refused (os error 111)","ev":"tcp_accept_refused","flow":208,"gport":7300}
{"client":"<metal-address>:39986","err":"Connection refused (os error 111)","ev":"tcp_accept_refused","flow":210,"gport":7300}
{"client":"<metal-address>:39994","err":"Connection refused (os error 111)","ev":"tcp_accept_refused","flow":212,"gport":7300}
{"client":"<metal-address>:40002","err":"Connection refused (os error 111)","ev":"tcp_accept_refused","flow":214,"gport":7300}
{"client":"<metal-address>:40010","err":"Connection refused (os error 111)","ev":"tcp_accept_refused","flow":216,"gport":7300}
{"client":"<metal-address>:40026","err":"Connection refused (os error 111)","ev":"tcp_accept_refused","flow":218,"gport":7300}
{"cookie":4844,"ev":"listen_event","family":2,"kind":"start","ktime_us":34497862,"port":7300,"reachable":true,"wake_lag_us":43}
{"ev":"listen_state_sent","event_to_send_us":4997,"listeners":1,"listening":true,"mode":"event","port":7300,"reason":"event","seq":30,"t_us":34502859}
{"age_ms":8,"ev":"flow_closed","flow":220,"kind":2,"reset":true,"why":"peer_abort"}
{"cookie":4844,"ev":"listen_event","family":2,"kind":"stop","ktime_us":34598880,"port":7300,"reachable":true,"wake_lag_us":95}
{"ev":"listen_state_sent","event_to_send_us":8951,"listeners":0,"listening":false,"mode":"event","port":7300,"reason":"event","seq":31,"t_us":34607831}
{"client":"<metal-address>:40090","err":"Connection refused (os error 111)","ev":"tcp_accept_refused","flow":222,"gport":7300}
{"client":"<metal-address>:40106","err":"Connection refused (os error 111)","ev":"tcp_accept_refused","flow":224,"gport":7300}
{"client":"<metal-address>:40108","err":"Connection refused (os error 111)","ev":"tcp_accept_refused","flow":226,"gport":7300}
{"client":"<metal-address>:40112","err":"Connection refused (os error 111)","ev":"tcp_accept_refused","flow":228,"gport":7300}
{"client":"<metal-address>:40116","err":"Connection refused (os error 111)","ev":"tcp_accept_refused","flow":230,"gport":7300}
{"client":"<metal-address>:40120","err":"Connection refused (os error 111)","ev":"tcp_accept_refused","flow":232,"gport":7300}
{"client":"<metal-address>:40134","err":"Connection refused (os error 111)","ev":"tcp_accept_refused","flow":234,"gport":7300}
{"client":"<metal-address>:40146","err":"Connection refused (os error 111)","ev":"tcp_accept_refused","flow":236,"gport":7300}
{"cookie":4853,"ev":"listen_event","family":2,"kind":"start","ktime_us":34699041,"port":7300,"reachable":true,"wake_lag_us":4684}
{"ev":"listen_state_sent","event_to_send_us":9008,"listeners":1,"listening":true,"mode":"event","port":7300,"reason":"event","seq":32,"t_us":34708049}
{"age_ms":7,"ev":"flow_closed","flow":238,"kind":2,"reset":true,"why":"peer_abort"}
{"cookie":4853,"ev":"listen_event","family":2,"kind":"stop","ktime_us":34799350,"port":7300,"reachable":true,"wake_lag_us":75}
{"ev":"listen_state_sent","event_to_send_us":5334,"listeners":0,"listening":false,"mode":"event","port":7300,"reason":"event","seq":33,"t_us":34804684}
{"client":"<metal-address>:40274","err":"Connection refused (os error 111)","ev":"tcp_accept_refused","flow":240,"gport":7300}
{"client":"<metal-address>:40286","err":"Connection refused (os error 111)","ev":"tcp_accept_refused","flow":242,"gport":7300}
{"client":"<metal-address>:40290","err":"Connection refused (os error 111)","ev":"tcp_accept_refused","flow":244,"gport":7300}
{"client":"<metal-address>:40292","err":"Connection refused (os error 111)","ev":"tcp_accept_refused","flow":246,"gport":7300}
{"client":"<metal-address>:40298","err":"Connection refused (os error 111)","ev":"tcp_accept_refused","flow":248,"gport":7300}
{"cookie":4862,"ev":"listen_event","family":2,"kind":"start","ktime_us":34899510,"port":7300,"reachable":true,"wake_lag_us":108}
{"ev":"listen_state_sent","event_to_send_us":6741,"listeners":1,"listening":true,"mode":"event","port":7300,"reason":"event","seq":34,"t_us":34906251}
{"age_ms":7,"ev":"flow_closed","flow":250,"kind":2,"reset":true,"why":"peer_abort"}
{"cookie":4862,"ev":"listen_event","family":2,"kind":"stop","ktime_us":35000274,"port":7300,"reachable":true,"wake_lag_us":62}
{"ev":"listen_state_sent","event_to_send_us":7693,"listeners":0,"listening":false,"mode":"event","port":7300,"reason":"event","seq":35,"t_us":35007967}
{"client":"<metal-address>:40390","err":"Connection refused (os error 111)","ev":"tcp_accept_refused","flow":252,"gport":7300}
{"client":"<metal-address>:40392","err":"Connection refused (os error 111)","ev":"tcp_accept_refused","flow":254,"gport":7300}
{"client":"<metal-address>:40394","err":"Connection refused (os error 111)","ev":"tcp_accept_refused","flow":256,"gport":7300}
{"client":"<metal-address>:40410","err":"Connection refused (os error 111)","ev":"tcp_accept_refused","flow":258,"gport":7300}
{"client":"<metal-address>:40416","err":"Connection refused (os error 111)","ev":"tcp_accept_refused","flow":260,"gport":7300}
{"client":"<metal-address>:40432","err":"Connection refused (os error 111)","ev":"tcp_accept_refused","flow":262,"gport":7300}
{"client":"<metal-address>:40436","err":"Connection refused (os error 111)","ev":"tcp_accept_refused","flow":264,"gport":7300}
{"cookie":1998,"ev":"listen_event","family":2,"kind":"start","ktime_us":35100439,"port":7300,"reachable":true,"wake_lag_us":47}
{"ev":"listen_state_sent","event_to_send_us":5158,"listeners":1,"listening":true,"mode":"event","port":7300,"reason":"event","seq":36,"t_us":35105597}
{"age_ms":9,"ev":"flow_closed","flow":266,"kind":2,"reset":true,"why":"peer_abort"}
{"cookie":1998,"ev":"listen_event","family":2,"kind":"stop","ktime_us":35201399,"port":7300,"reachable":true,"wake_lag_us":67}
{"ev":"listen_state_sent","event_to_send_us":8494,"listeners":0,"listening":false,"mode":"event","port":7300,"reason":"event","seq":37,"t_us":35209893}
{"client":"<metal-address>:50828","err":"Connection refused (os error 111)","ev":"tcp_accept_refused","flow":268,"gport":7300}
{"client":"<metal-address>:50834","err":"Connection refused (os error 111)","ev":"tcp_accept_refused","flow":270,"gport":7300}
{"client":"<metal-address>:50844","err":"Connection refused (os error 111)","ev":"tcp_accept_refused","flow":272,"gport":7300}
{"client":"<metal-address>:50850","err":"Connection refused (os error 111)","ev":"tcp_accept_refused","flow":274,"gport":7300}
{"client":"<metal-address>:50864","err":"Connection refused (os error 111)","ev":"tcp_accept_refused","flow":276,"gport":7300}
{"client":"<metal-address>:50874","err":"Connection refused (os error 111)","ev":"tcp_accept_refused","flow":278,"gport":7300}
{"client":"<metal-address>:50888","err":"Connection refused (os error 111)","ev":"tcp_accept_refused","flow":280,"gport":7300}
{"cookie":4881,"ev":"listen_event","family":2,"kind":"start","ktime_us":35301566,"port":7300,"reachable":true,"wake_lag_us":76}
{"ev":"listen_state_sent","event_to_send_us":7228,"listeners":1,"listening":true,"mode":"event","port":7300,"reason":"event","seq":38,"t_us":35308794}
{"age_ms":9,"ev":"flow_closed","flow":282,"kind":2,"reset":true,"why":"peer_abort"}
{"cookie":4881,"ev":"listen_event","family":2,"kind":"stop","ktime_us":35401764,"port":7300,"reachable":true,"wake_lag_us":184}
{"ev":"listen_state_sent","event_to_send_us":8150,"listeners":0,"listening":false,"mode":"event","port":7300,"reason":"event","seq":39,"t_us":35409914}
{"client":"<metal-address>:50974","err":"Connection refused (os error 111)","ev":"tcp_accept_refused","flow":284,"gport":7300}
{"client":"<metal-address>:50980","err":"Connection refused (os error 111)","ev":"tcp_accept_refused","flow":286,"gport":7300}
{"client":"<metal-address>:50982","err":"Connection refused (os error 111)","ev":"tcp_accept_refused","flow":288,"gport":7300}
{"client":"<metal-address>:50994","err":"Connection refused (os error 111)","ev":"tcp_accept_refused","flow":290,"gport":7300}
{"client":"<metal-address>:50998","err":"Connection refused (os error 111)","ev":"tcp_accept_refused","flow":292,"gport":7300}
{"client":"<metal-address>:51002","err":"Connection refused (os error 111)","ev":"tcp_accept_refused","flow":294,"gport":7300}
{"client":"<metal-address>:51004","err":"Connection refused (os error 111)","ev":"tcp_accept_refused","flow":296,"gport":7300}
{"cookie":4889,"ev":"listen_event","family":2,"kind":"start","ktime_us":35501922,"port":7300,"reachable":true,"wake_lag_us":97}
{"ev":"listen_state_sent","event_to_send_us":6963,"listeners":1,"listening":true,"mode":"event","port":7300,"reason":"event","seq":40,"t_us":35508885}
{"age_ms":6,"ev":"flow_closed","flow":298,"kind":2,"reset":true,"why":"peer_abort"}
{"cookie":4889,"ev":"listen_event","family":2,"kind":"stop","ktime_us":35601992,"port":7300,"reachable":true,"wake_lag_us":65}
{"ev":"listen_state_sent","event_to_send_us":8400,"listeners":0,"listening":false,"mode":"event","port":7300,"reason":"event","seq":41,"t_us":35610392}
{"client":"<metal-address>:51066","err":"Connection refused (os error 111)","ev":"tcp_accept_refused","flow":300,"gport":7300}
{"client":"<metal-address>:51082","err":"Connection refused (os error 111)","ev":"tcp_accept_refused","flow":302,"gport":7300}
{"client":"<metal-address>:51086","err":"Connection refused (os error 111)","ev":"tcp_accept_refused","flow":304,"gport":7300}
{"client":"<metal-address>:51094","err":"Connection refused (os error 111)","ev":"tcp_accept_refused","flow":306,"gport":7300}
{"client":"<metal-address>:51106","err":"Connection refused (os error 111)","ev":"tcp_accept_refused","flow":308,"gport":7300}
{"client":"<metal-address>:51116","err":"Connection refused (os error 111)","ev":"tcp_accept_refused","flow":310,"gport":7300}
{"client":"<metal-address>:51128","err":"Connection refused (os error 111)","ev":"tcp_accept_refused","flow":312,"gport":7300}
{"cookie":4896,"ev":"listen_event","family":2,"kind":"start","ktime_us":35702174,"port":7300,"reachable":true,"wake_lag_us":95}
{"ev":"listen_state_sent","event_to_send_us":6328,"listeners":1,"listening":true,"mode":"event","port":7300,"reason":"event","seq":42,"t_us":35708502}
{"age_ms":7,"ev":"flow_closed","flow":314,"kind":2,"reset":true,"why":"peer_abort"}
{"cookie":4896,"ev":"listen_event","family":2,"kind":"stop","ktime_us":35802779,"port":7300,"reachable":true,"wake_lag_us":151}
{"ev":"listen_state_sent","event_to_send_us":8970,"listeners":0,"listening":false,"mode":"event","port":7300,"reason":"event","seq":43,"t_us":35811749}
{"client":"<metal-address>:51218","err":"Connection refused (os error 111)","ev":"tcp_accept_refused","flow":316,"gport":7300}
{"client":"<metal-address>:51232","err":"Connection refused (os error 111)","ev":"tcp_accept_refused","flow":318,"gport":7300}
{"client":"<metal-address>:51240","err":"Connection refused (os error 111)","ev":"tcp_accept_refused","flow":320,"gport":7300}
{"client":"<metal-address>:51252","err":"Connection refused (os error 111)","ev":"tcp_accept_refused","flow":322,"gport":7300}
{"client":"<metal-address>:51256","err":"Connection refused (os error 111)","ev":"tcp_accept_refused","flow":324,"gport":7300}
{"client":"<metal-address>:51270","err":"Connection refused (os error 111)","ev":"tcp_accept_refused","flow":326,"gport":7300}
{"client":"<metal-address>:51276","err":"Connection refused (os error 111)","ev":"tcp_accept_refused","flow":328,"gport":7300}
{"cookie":2037,"ev":"listen_event","family":2,"kind":"start","ktime_us":36953195,"port":7300,"reachable":true,"wake_lag_us":50}
{"ev":"listen_state_sent","event_to_send_us":199,"listeners":1,"listening":true,"mode":"event","port":7300,"reason":"event","seq":44,"t_us":36953394}
{"age_ms":1,"ev":"flow_closed","flow":330,"kind":2,"reset":true,"why":"peer_abort"}
{"cookie":2037,"ev":"listen_event","family":2,"kind":"stop","ktime_us":37053819,"port":7300,"reachable":true,"wake_lag_us":57}
{"ev":"listen_state_sent","event_to_send_us":256,"listeners":0,"listening":false,"mode":"event","port":7300,"reason":"event","seq":45,"t_us":37054075}
{"cookie":2038,"ev":"listen_event","family":2,"kind":"start","ktime_us":37154069,"port":7300,"reachable":true,"wake_lag_us":27}
{"ev":"listen_state_sent","event_to_send_us":195,"listeners":1,"listening":true,"mode":"event","port":7300,"reason":"event","seq":46,"t_us":37154264}
{"age_ms":1,"ev":"flow_closed","flow":332,"kind":2,"reset":true,"why":"peer_abort"}
{"cookie":2038,"ev":"listen_event","family":2,"kind":"stop","ktime_us":37254493,"port":7300,"reachable":true,"wake_lag_us":42}
{"ev":"listen_state_sent","event_to_send_us":195,"listeners":0,"listening":false,"mode":"event","port":7300,"reason":"event","seq":47,"t_us":37254688}
{"cookie":2039,"ev":"listen_event","family":2,"kind":"start","ktime_us":37354755,"port":7300,"reachable":true,"wake_lag_us":48}
{"ev":"listen_state_sent","event_to_send_us":199,"listeners":1,"listening":true,"mode":"event","port":7300,"reason":"event","seq":48,"t_us":37354954}
{"cookie":2039,"ev":"listen_event","family":2,"kind":"stop","ktime_us":37455111,"port":7300,"reachable":true,"wake_lag_us":58}
{"ev":"listen_state_sent","event_to_send_us":223,"listeners":0,"listening":false,"mode":"event","port":7300,"reason":"event","seq":49,"t_us":37455334}
{"cookie":2040,"ev":"listen_event","family":2,"kind":"start","ktime_us":37555406,"port":7300,"reachable":true,"wake_lag_us":46}
{"ev":"listen_state_sent","event_to_send_us":206,"listeners":1,"listening":true,"mode":"event","port":7300,"reason":"event","seq":50,"t_us":37555612}
{"age_ms":0,"ev":"flow_closed","flow":336,"kind":2,"reset":true,"why":"peer_abort"}
{"cookie":2040,"ev":"listen_event","family":2,"kind":"stop","ktime_us":37655734,"port":7300,"reachable":true,"wake_lag_us":45}
{"ev":"listen_state_sent","event_to_send_us":182,"listeners":0,"listening":false,"mode":"event","port":7300,"reason":"event","seq":51,"t_us":37655916}
{"cookie":2041,"ev":"listen_event","family":2,"kind":"start","ktime_us":37756057,"port":7300,"reachable":true,"wake_lag_us":49}
{"ev":"listen_state_sent","event_to_send_us":222,"listeners":1,"listening":true,"mode":"event","port":7300,"reason":"event","seq":52,"t_us":37756279}
{"age_ms":1,"ev":"flow_closed","flow":338,"kind":2,"reset":true,"why":"peer_abort"}
{"cookie":2041,"ev":"listen_event","family":2,"kind":"stop","ktime_us":37856416,"port":7300,"reachable":true,"wake_lag_us":41}
{"ev":"listen_state_sent","event_to_send_us":195,"listeners":0,"listening":false,"mode":"event","port":7300,"reason":"event","seq":53,"t_us":37856611}
{"cookie":2042,"ev":"listen_event","family":2,"kind":"start","ktime_us":37956688,"port":7300,"reachable":true,"wake_lag_us":47}
{"ev":"listen_state_sent","event_to_send_us":202,"listeners":1,"listening":true,"mode":"event","port":7300,"reason":"event","seq":54,"t_us":37956890}
{"cookie":2042,"ev":"listen_event","family":2,"kind":"stop","ktime_us":38057045,"port":7300,"reachable":true,"wake_lag_us":105}
{"ev":"listen_state_sent","event_to_send_us":260,"listeners":0,"listening":false,"mode":"event","port":7300,"reason":"event","seq":55,"t_us":38057305}
{"cookie":2043,"ev":"listen_event","family":2,"kind":"start","ktime_us":38157237,"port":7300,"reachable":true,"wake_lag_us":89}
{"ev":"listen_state_sent","event_to_send_us":250,"listeners":1,"listening":true,"mode":"event","port":7300,"reason":"event","seq":56,"t_us":38157487}
{"age_ms":1,"ev":"flow_closed","flow":342,"kind":2,"reset":true,"why":"peer_abort"}
{"cookie":2043,"ev":"listen_event","family":2,"kind":"stop","ktime_us":38257579,"port":7300,"reachable":true,"wake_lag_us":49}
{"ev":"listen_state_sent","event_to_send_us":214,"listeners":0,"listening":false,"mode":"event","port":7300,"reason":"event","seq":57,"t_us":38257793}
{"cookie":2044,"ev":"listen_event","family":2,"kind":"start","ktime_us":38357829,"port":7300,"reachable":true,"wake_lag_us":47}
{"ev":"listen_state_sent","event_to_send_us":351,"listeners":1,"listening":true,"mode":"event","port":7300,"reason":"event","seq":58,"t_us":38358180}
{"age_ms":1,"ev":"flow_closed","flow":344,"kind":2,"reset":true,"why":"peer_abort"}
{"cookie":2044,"ev":"listen_event","family":2,"kind":"stop","ktime_us":38458268,"port":7300,"reachable":true,"wake_lag_us":41}
{"ev":"listen_state_sent","event_to_send_us":270,"listeners":0,"listening":false,"mode":"event","port":7300,"reason":"event","seq":59,"t_us":38458538}
{"cookie":2045,"ev":"listen_event","family":2,"kind":"start","ktime_us":38558543,"port":7300,"reachable":true,"wake_lag_us":45}
{"ev":"listen_state_sent","event_to_send_us":296,"listeners":1,"listening":true,"mode":"event","port":7300,"reason":"event","seq":60,"t_us":38558839}
{"cookie":2045,"ev":"listen_event","family":2,"kind":"stop","ktime_us":38658879,"port":7300,"reachable":true,"wake_lag_us":41}
{"ev":"listen_state_sent","event_to_send_us":214,"listeners":0,"listening":false,"mode":"event","port":7300,"reason":"event","seq":61,"t_us":38659093}
{"cookie":2046,"ev":"listen_event","family":2,"kind":"start","ktime_us":38759183,"port":7300,"reachable":true,"wake_lag_us":50}
{"ev":"listen_state_sent","event_to_send_us":200,"listeners":1,"listening":true,"mode":"event","port":7300,"reason":"event","seq":62,"t_us":38759383}
{"age_ms":1,"ev":"flow_closed","flow":348,"kind":2,"reset":true,"why":"peer_abort"}
{"cookie":2046,"ev":"listen_event","family":2,"kind":"stop","ktime_us":38859573,"port":7300,"reachable":true,"wake_lag_us":45}
{"ev":"listen_state_sent","event_to_send_us":194,"listeners":0,"listening":false,"mode":"event","port":7300,"reason":"event","seq":63,"t_us":38859767}
{"cookie":2047,"ev":"listen_event","family":2,"kind":"start","ktime_us":38959841,"port":7300,"reachable":true,"wake_lag_us":46}
{"ev":"listen_state_sent","event_to_send_us":237,"listeners":1,"listening":true,"mode":"event","port":7300,"reason":"event","seq":64,"t_us":38960078}
{"age_ms":0,"ev":"flow_closed","flow":350,"kind":2,"reset":true,"why":"peer_abort"}
{"cookie":2047,"ev":"listen_event","family":2,"kind":"stop","ktime_us":39060258,"port":7300,"reachable":true,"wake_lag_us":46}
{"ev":"listen_state_sent","event_to_send_us":195,"listeners":0,"listening":false,"mode":"event","port":7300,"reason":"event","seq":65,"t_us":39060453}
{"cookie":2048,"ev":"listen_event","family":2,"kind":"start","ktime_us":39160477,"port":7300,"reachable":true,"wake_lag_us":45}
{"ev":"listen_state_sent","event_to_send_us":184,"listeners":1,"listening":true,"mode":"event","port":7300,"reason":"event","seq":66,"t_us":39160661}
{"age_ms":0,"ev":"flow_closed","flow":352,"kind":2,"reset":true,"why":"peer_abort"}
{"cookie":2048,"ev":"listen_event","family":2,"kind":"stop","ktime_us":39260824,"port":7300,"reachable":true,"wake_lag_us":57}
{"ev":"listen_state_sent","event_to_send_us":242,"listeners":0,"listening":false,"mode":"event","port":7300,"reason":"event","seq":67,"t_us":39261066}
{"cookie":2049,"ev":"listen_event","family":2,"kind":"start","ktime_us":39361085,"port":7300,"reachable":true,"wake_lag_us":46}
{"ev":"listen_state_sent","event_to_send_us":208,"listeners":1,"listening":true,"mode":"event","port":7300,"reason":"event","seq":68,"t_us":39361293}
{"age_ms":1,"ev":"flow_closed","flow":354,"kind":2,"reset":true,"why":"peer_abort"}
{"cookie":2049,"ev":"listen_event","family":2,"kind":"stop","ktime_us":39461498,"port":7300,"reachable":true,"wake_lag_us":44}
{"ev":"listen_state_sent","event_to_send_us":192,"listeners":0,"listening":false,"mode":"event","port":7300,"reason":"event","seq":69,"t_us":39461690}
{"cookie":2050,"ev":"listen_event","family":2,"kind":"start","ktime_us":39561769,"port":7300,"reachable":true,"wake_lag_us":46}
{"ev":"listen_state_sent","event_to_send_us":195,"listeners":1,"listening":true,"mode":"event","port":7300,"reason":"event","seq":70,"t_us":39561964}
{"cookie":2050,"ev":"listen_event","family":2,"kind":"stop","ktime_us":39662108,"port":7300,"reachable":true,"wake_lag_us":54}
{"ev":"listen_state_sent","event_to_send_us":286,"listeners":0,"listening":false,"mode":"event","port":7300,"reason":"event","seq":71,"t_us":39662394}
{"cookie":2051,"ev":"listen_event","family":2,"kind":"start","ktime_us":39762408,"port":7300,"reachable":true,"wake_lag_us":48}
{"ev":"listen_state_sent","event_to_send_us":283,"listeners":1,"listening":true,"mode":"event","port":7300,"reason":"event","seq":72,"t_us":39762691}
{"age_ms":1,"ev":"flow_closed","flow":358,"kind":2,"reset":true,"why":"peer_abort"}
{"cookie":2051,"ev":"listen_event","family":2,"kind":"stop","ktime_us":39862822,"port":7300,"reachable":true,"wake_lag_us":61}
{"ev":"listen_state_sent","event_to_send_us":309,"listeners":0,"listening":false,"mode":"event","port":7300,"reason":"event","seq":73,"t_us":39863131}
{"cookie":2052,"ev":"listen_event","family":2,"kind":"start","ktime_us":39963096,"port":7300,"reachable":true,"wake_lag_us":58}
{"ev":"listen_state_sent","event_to_send_us":363,"listeners":1,"listening":true,"mode":"event","port":7300,"reason":"event","seq":74,"t_us":39963459}
{"age_ms":1,"ev":"flow_closed","flow":360,"kind":2,"reset":true,"why":"peer_abort"}
{"cookie":2052,"ev":"listen_event","family":2,"kind":"stop","ktime_us":40063492,"port":7300,"reachable":true,"wake_lag_us":51}
{"ev":"listen_state_sent","event_to_send_us":283,"listeners":0,"listening":false,"mode":"event","port":7300,"reason":"event","seq":75,"t_us":40063775}
{"cookie":2053,"ev":"listen_event","family":2,"kind":"start","ktime_us":40163754,"port":7300,"reachable":true,"wake_lag_us":46}
{"ev":"listen_state_sent","event_to_send_us":315,"listeners":1,"listening":true,"mode":"event","port":7300,"reason":"event","seq":76,"t_us":40164069}
{"cookie":2053,"ev":"listen_event","family":2,"kind":"stop","ktime_us":40264107,"port":7300,"reachable":true,"wake_lag_us":54}
{"ev":"listen_state_sent","event_to_send_us":303,"listeners":0,"listening":false,"mode":"event","port":7300,"reason":"event","seq":77,"t_us":40264410}
{"cookie":2054,"ev":"listen_event","family":2,"kind":"start","ktime_us":40364322,"port":7300,"reachable":true,"wake_lag_us":46}
{"ev":"listen_state_sent","event_to_send_us":293,"listeners":1,"listening":true,"mode":"event","port":7300,"reason":"event","seq":78,"t_us":40364615}
{"age_ms":1,"ev":"flow_closed","flow":364,"kind":2,"reset":true,"why":"peer_abort"}
{"cookie":2054,"ev":"listen_event","family":2,"kind":"stop","ktime_us":40464651,"port":7300,"reachable":true,"wake_lag_us":41}
{"ev":"listen_state_sent","event_to_send_us":271,"listeners":0,"listening":false,"mode":"event","port":7300,"reason":"event","seq":79,"t_us":40464922}
{"cookie":2055,"ev":"listen_event","family":2,"kind":"start","ktime_us":40564918,"port":7300,"reachable":true,"wake_lag_us":47}
{"ev":"listen_state_sent","event_to_send_us":315,"listeners":1,"listening":true,"mode":"event","port":7300,"reason":"event","seq":80,"t_us":40565233}
{"age_ms":1,"ev":"flow_closed","flow":366,"kind":2,"reset":true,"why":"peer_abort"}
{"cookie":2055,"ev":"listen_event","family":2,"kind":"stop","ktime_us":40665440,"port":7300,"reachable":true,"wake_lag_us":48}
{"ev":"listen_state_sent","event_to_send_us":208,"listeners":0,"listening":false,"mode":"event","port":7300,"reason":"event","seq":81,"t_us":40665648}
{"cookie":4959,"ev":"listen_event","family":2,"kind":"start","ktime_us":40765729,"port":7300,"reachable":true,"wake_lag_us":48}
{"ev":"listen_state_sent","event_to_send_us":205,"listeners":1,"listening":true,"mode":"event","port":7300,"reason":"event","seq":82,"t_us":40765934}
{"cookie":4959,"ev":"listen_event","family":2,"kind":"stop","ktime_us":40866187,"port":7300,"reachable":true,"wake_lag_us":41}
{"ev":"listen_state_sent","event_to_send_us":203,"listeners":0,"listening":false,"mode":"event","port":7300,"reason":"event","seq":83,"t_us":40866390}
{"cookie":4960,"ev":"listen_event","family":2,"kind":"start","ktime_us":40966516,"port":7300,"reachable":true,"wake_lag_us":52}
{"ev":"listen_state_sent","event_to_send_us":228,"listeners":1,"listening":true,"mode":"event","port":7300,"reason":"event","seq":84,"t_us":40966744}
{"age_ms":0,"ev":"flow_closed","flow":370,"kind":2,"reset":true,"why":"peer_abort"}
{"cookie":4960,"ev":"listen_event","family":2,"kind":"stop","ktime_us":41066886,"port":7300,"reachable":true,"wake_lag_us":46}
{"ev":"listen_state_sent","event_to_send_us":225,"listeners":0,"listening":false,"mode":"event","port":7300,"reason":"event","seq":85,"t_us":41067111}
{"cookie":4961,"ev":"listen_event","family":2,"kind":"start","ktime_us":41167187,"port":7300,"reachable":true,"wake_lag_us":50}
{"ev":"listen_state_sent","event_to_send_us":224,"listeners":1,"listening":true,"mode":"event","port":7300,"reason":"event","seq":86,"t_us":41167411}
{"age_ms":1,"ev":"flow_closed","flow":372,"kind":2,"reset":true,"why":"peer_abort"}
{"cookie":4961,"ev":"listen_event","family":2,"kind":"stop","ktime_us":41267567,"port":7300,"reachable":true,"wake_lag_us":42}
{"ev":"listen_state_sent","event_to_send_us":201,"listeners":0,"listening":false,"mode":"event","port":7300,"reason":"event","seq":87,"t_us":41267768}
{"cookie":4962,"ev":"listen_event","family":2,"kind":"start","ktime_us":41367856,"port":7300,"reachable":true,"wake_lag_us":46}
{"ev":"listen_state_sent","event_to_send_us":239,"listeners":1,"listening":true,"mode":"event","port":7300,"reason":"event","seq":88,"t_us":41368095}
{"age_ms":0,"ev":"flow_closed","flow":374,"kind":2,"reset":true,"why":"peer_abort"}
{"cookie":4962,"ev":"listen_event","family":2,"kind":"stop","ktime_us":41468255,"port":7300,"reachable":true,"wake_lag_us":46}
{"ev":"listen_state_sent","event_to_send_us":208,"listeners":0,"listening":false,"mode":"event","port":7300,"reason":"event","seq":89,"t_us":41468463}
{"cookie":4963,"ev":"listen_event","family":2,"kind":"start","ktime_us":41568485,"port":7300,"reachable":true,"wake_lag_us":46}
{"ev":"listen_state_sent","event_to_send_us":224,"listeners":1,"listening":true,"mode":"event","port":7300,"reason":"event","seq":90,"t_us":41568709}
{"age_ms":0,"ev":"flow_closed","flow":376,"kind":2,"reset":true,"why":"peer_abort"}
{"cookie":4963,"ev":"listen_event","family":2,"kind":"stop","ktime_us":41668884,"port":7300,"reachable":true,"wake_lag_us":44}
{"ev":"listen_state_sent","event_to_send_us":229,"listeners":0,"listening":false,"mode":"event","port":7300,"reason":"event","seq":91,"t_us":41669113}
{"cookie":4964,"ev":"listen_event","family":2,"kind":"start","ktime_us":41769197,"port":7300,"reachable":true,"wake_lag_us":52}
{"ev":"listen_state_sent","event_to_send_us":228,"listeners":1,"listening":true,"mode":"event","port":7300,"reason":"event","seq":92,"t_us":41769425}
{"age_ms":1,"ev":"flow_closed","flow":378,"kind":2,"reset":true,"why":"peer_abort"}
{"cookie":4964,"ev":"listen_event","family":2,"kind":"stop","ktime_us":41869578,"port":7300,"reachable":true,"wake_lag_us":50}
{"ev":"listen_state_sent","event_to_send_us":214,"listeners":0,"listening":false,"mode":"event","port":7300,"reason":"event","seq":93,"t_us":41869792}
{"cookie":4965,"ev":"listen_event","family":2,"kind":"start","ktime_us":41969879,"port":7300,"reachable":true,"wake_lag_us":49}
{"ev":"listen_state_sent","event_to_send_us":242,"listeners":1,"listening":true,"mode":"event","port":7300,"reason":"event","seq":94,"t_us":41970121}
{"age_ms":0,"ev":"flow_closed","flow":380,"kind":2,"reset":true,"why":"peer_abort"}
{"cookie":4965,"ev":"listen_event","family":2,"kind":"stop","ktime_us":42070259,"port":7300,"reachable":true,"wake_lag_us":44}
{"ev":"listen_state_sent","event_to_send_us":196,"listeners":0,"listening":false,"mode":"event","port":7300,"reason":"event","seq":95,"t_us":42070455}
{"cookie":4966,"ev":"listen_event","family":2,"kind":"start","ktime_us":42170484,"port":7300,"reachable":true,"wake_lag_us":45}
{"ev":"listen_state_sent","event_to_send_us":202,"listeners":1,"listening":true,"mode":"event","port":7300,"reason":"event","seq":96,"t_us":42170686}
{"age_ms":0,"ev":"flow_closed","flow":382,"kind":2,"reset":true,"why":"peer_abort"}
{"cookie":4966,"ev":"listen_event","family":2,"kind":"stop","ktime_us":42270880,"port":7300,"reachable":true,"wake_lag_us":42}
{"ev":"listen_state_sent","event_to_send_us":226,"listeners":0,"listening":false,"mode":"event","port":7300,"reason":"event","seq":97,"t_us":42271106}
{"cookie":4967,"ev":"listen_event","family":2,"kind":"start","ktime_us":42371185,"port":7300,"reachable":true,"wake_lag_us":50}
{"ev":"listen_state_sent","event_to_send_us":221,"listeners":1,"listening":true,"mode":"event","port":7300,"reason":"event","seq":98,"t_us":42371406}
{"age_ms":1,"ev":"flow_closed","flow":384,"kind":2,"reset":true,"why":"peer_abort"}
{"cookie":4967,"ev":"listen_event","family":2,"kind":"stop","ktime_us":42471568,"port":7300,"reachable":true,"wake_lag_us":42}
{"ev":"listen_state_sent","event_to_send_us":204,"listeners":0,"listening":false,"mode":"event","port":7300,"reason":"event","seq":99,"t_us":42471772}
{"cookie":4968,"ev":"listen_event","family":2,"kind":"start","ktime_us":42571850,"port":7300,"reachable":true,"wake_lag_us":46}
{"ev":"listen_state_sent","event_to_send_us":239,"listeners":1,"listening":true,"mode":"event","port":7300,"reason":"event","seq":100,"t_us":42572089}
{"age_ms":0,"ev":"flow_closed","flow":386,"kind":2,"reset":true,"why":"peer_abort"}
{"cookie":4968,"ev":"listen_event","family":2,"kind":"stop","ktime_us":42672267,"port":7300,"reachable":true,"wake_lag_us":42}
{"ev":"listen_state_sent","event_to_send_us":200,"listeners":0,"listening":false,"mode":"event","port":7300,"reason":"event","seq":101,"t_us":42672467}
{"cookie":4969,"ev":"listen_event","family":2,"kind":"start","ktime_us":42772462,"port":7300,"reachable":true,"wake_lag_us":135}
{"ev":"listen_state_sent","event_to_send_us":313,"listeners":1,"listening":true,"mode":"event","port":7300,"reason":"event","seq":102,"t_us":42772775}
{"age_ms":0,"ev":"flow_closed","flow":388,"kind":2,"reset":true,"why":"peer_abort"}
{"cookie":4969,"ev":"listen_event","family":2,"kind":"stop","ktime_us":42872820,"port":7300,"reachable":true,"wake_lag_us":56}
{"ev":"listen_state_sent","event_to_send_us":246,"listeners":0,"listening":false,"mode":"event","port":7300,"reason":"event","seq":103,"t_us":42873066}
{"cookie":4970,"ev":"listen_event","family":2,"kind":"start","ktime_us":42973112,"port":7300,"reachable":true,"wake_lag_us":57}
{"ev":"listen_state_sent","event_to_send_us":233,"listeners":1,"listening":true,"mode":"event","port":7300,"reason":"event","seq":104,"t_us":42973345}
{"age_ms":1,"ev":"flow_closed","flow":390,"kind":2,"reset":true,"why":"peer_abort"}
{"cookie":4970,"ev":"listen_event","family":2,"kind":"stop","ktime_us":43073498,"port":7300,"reachable":true,"wake_lag_us":43}
{"ev":"listen_state_sent","event_to_send_us":201,"listeners":0,"listening":false,"mode":"event","port":7300,"reason":"event","seq":105,"t_us":43073699}
{"cookie":4971,"ev":"listen_event","family":2,"kind":"start","ktime_us":43173785,"port":7300,"reachable":true,"wake_lag_us":46}
{"ev":"listen_state_sent","event_to_send_us":235,"listeners":1,"listening":true,"mode":"event","port":7300,"reason":"event","seq":106,"t_us":43174020}
{"cookie":4971,"ev":"listen_event","family":2,"kind":"stop","ktime_us":43274187,"port":7300,"reachable":true,"wake_lag_us":41}
{"ev":"listen_state_sent","event_to_send_us":204,"listeners":0,"listening":false,"mode":"event","port":7300,"reason":"event","seq":107,"t_us":43274391}
{"cookie":4972,"ev":"listen_event","family":2,"kind":"start","ktime_us":43374478,"port":7300,"reachable":true,"wake_lag_us":52}
{"ev":"listen_state_sent","event_to_send_us":225,"listeners":1,"listening":true,"mode":"event","port":7300,"reason":"event","seq":108,"t_us":43374703}
{"cookie":4972,"ev":"listen_event","family":2,"kind":"stop","ktime_us":43474892,"port":7300,"reachable":true,"wake_lag_us":47}
{"ev":"listen_state_sent","event_to_send_us":230,"listeners":0,"listening":false,"mode":"event","port":7300,"reason":"event","seq":109,"t_us":43475122}
{"cookie":4973,"ev":"listen_event","family":2,"kind":"start","ktime_us":43575198,"port":7300,"reachable":true,"wake_lag_us":44}
{"ev":"listen_state_sent","event_to_send_us":216,"listeners":1,"listening":true,"mode":"event","port":7300,"reason":"event","seq":110,"t_us":43575414}
{"age_ms":1,"ev":"flow_closed","flow":396,"kind":2,"reset":true,"why":"peer_abort"}
{"cookie":4973,"ev":"listen_event","family":2,"kind":"stop","ktime_us":43675565,"port":7300,"reachable":true,"wake_lag_us":41}
{"ev":"listen_state_sent","event_to_send_us":199,"listeners":0,"listening":false,"mode":"event","port":7300,"reason":"event","seq":111,"t_us":43675764}
{"cookie":4974,"ev":"listen_event","family":2,"kind":"start","ktime_us":43775848,"port":7300,"reachable":true,"wake_lag_us":47}
{"ev":"listen_state_sent","event_to_send_us":220,"listeners":1,"listening":true,"mode":"event","port":7300,"reason":"event","seq":112,"t_us":43776068}
{"age_ms":0,"ev":"flow_closed","flow":398,"kind":2,"reset":true,"why":"peer_abort"}
{"cookie":4974,"ev":"listen_event","family":2,"kind":"stop","ktime_us":43876264,"port":7300,"reachable":true,"wake_lag_us":47}
{"ev":"listen_state_sent","event_to_send_us":213,"listeners":0,"listening":false,"mode":"event","port":7300,"reason":"event","seq":113,"t_us":43876477}
{"cookie":4975,"ev":"listen_event","family":2,"kind":"start","ktime_us":43976560,"port":7300,"reachable":true,"wake_lag_us":53}
{"ev":"listen_state_sent","event_to_send_us":229,"listeners":1,"listening":true,"mode":"event","port":7300,"reason":"event","seq":114,"t_us":43976789}
{"cookie":4975,"ev":"listen_event","family":2,"kind":"stop","ktime_us":44076950,"port":7300,"reachable":true,"wake_lag_us":42}
{"ev":"listen_state_sent","event_to_send_us":239,"listeners":0,"listening":false,"mode":"event","port":7300,"reason":"event","seq":115,"t_us":44077189}
{"cookie":4976,"ev":"listen_event","family":2,"kind":"start","ktime_us":44177262,"port":7300,"reachable":true,"wake_lag_us":50}
{"ev":"listen_state_sent","event_to_send_us":224,"listeners":1,"listening":true,"mode":"event","port":7300,"reason":"event","seq":116,"t_us":44177486}
{"age_ms":2,"ev":"flow_closed","flow":402,"kind":2,"reset":true,"why":"peer_abort"}
{"cookie":4976,"ev":"listen_event","family":2,"kind":"stop","ktime_us":44277657,"port":7300,"reachable":true,"wake_lag_us":54}
{"ev":"listen_state_sent","event_to_send_us":217,"listeners":0,"listening":false,"mode":"event","port":7300,"reason":"event","seq":117,"t_us":44277874}
{"cookie":4977,"ev":"listen_event","family":2,"kind":"start","ktime_us":44377947,"port":7300,"reachable":true,"wake_lag_us":47}
{"ev":"listen_state_sent","event_to_send_us":242,"listeners":1,"listening":true,"mode":"event","port":7300,"reason":"event","seq":118,"t_us":44378189}
{"age_ms":0,"ev":"flow_closed","flow":404,"kind":2,"reset":true,"why":"peer_abort"}
{"cookie":4977,"ev":"listen_event","family":2,"kind":"stop","ktime_us":44478435,"port":7300,"reachable":true,"wake_lag_us":28}
{"ev":"listen_state_sent","event_to_send_us":178,"listeners":0,"listening":false,"mode":"event","port":7300,"reason":"event","seq":119,"t_us":44478613}
{"cookie":2113,"ev":"listen_event","family":2,"kind":"start","ktime_us":44578697,"port":7300,"reachable":true,"wake_lag_us":46}
{"ev":"listen_state_sent","event_to_send_us":195,"listeners":1,"listening":true,"mode":"event","port":7300,"reason":"event","seq":120,"t_us":44578892}
{"cookie":2113,"ev":"listen_event","family":2,"kind":"stop","ktime_us":44679040,"port":7300,"reachable":true,"wake_lag_us":87}
{"ev":"listen_state_sent","event_to_send_us":253,"listeners":0,"listening":false,"mode":"event","port":7300,"reason":"event","seq":121,"t_us":44679293}
{"cookie":2114,"ev":"listen_event","family":2,"kind":"start","ktime_us":44779220,"port":7300,"reachable":true,"wake_lag_us":158}
{"ev":"listen_state_sent","event_to_send_us":347,"listeners":1,"listening":true,"mode":"event","port":7300,"reason":"event","seq":122,"t_us":44779567}
{"age_ms":1,"ev":"flow_closed","flow":408,"kind":2,"reset":true,"why":"peer_abort"}
{"cookie":2114,"ev":"listen_event","family":2,"kind":"stop","ktime_us":44879569,"port":7300,"reachable":true,"wake_lag_us":44}
{"ev":"listen_state_sent","event_to_send_us":194,"listeners":0,"listening":false,"mode":"event","port":7300,"reason":"event","seq":123,"t_us":44879763}
{"cookie":2115,"ev":"listen_event","family":2,"kind":"start","ktime_us":44979849,"port":7300,"reachable":true,"wake_lag_us":48}
{"ev":"listen_state_sent","event_to_send_us":221,"listeners":1,"listening":true,"mode":"event","port":7300,"reason":"event","seq":124,"t_us":44980070}
{"age_ms":0,"ev":"flow_closed","flow":410,"kind":2,"reset":true,"why":"peer_abort"}
{"cookie":2115,"ev":"listen_event","family":2,"kind":"stop","ktime_us":45080260,"port":7300,"reachable":true,"wake_lag_us":45}
{"ev":"listen_state_sent","event_to_send_us":195,"listeners":0,"listening":false,"mode":"event","port":7300,"reason":"event","seq":125,"t_us":45080455}
{"cookie":2116,"ev":"listen_event","family":2,"kind":"start","ktime_us":45180532,"port":7300,"reachable":true,"wake_lag_us":47}
{"ev":"listen_state_sent","event_to_send_us":198,"listeners":1,"listening":true,"mode":"event","port":7300,"reason":"event","seq":126,"t_us":45180730}
{"cookie":2116,"ev":"listen_event","family":2,"kind":"stop","ktime_us":45280885,"port":7300,"reachable":true,"wake_lag_us":47}
{"ev":"listen_state_sent","event_to_send_us":215,"listeners":0,"listening":false,"mode":"event","port":7300,"reason":"event","seq":127,"t_us":45281100}
{"cookie":2117,"ev":"listen_event","family":2,"kind":"start","ktime_us":45381190,"port":7300,"reachable":true,"wake_lag_us":50}
{"ev":"listen_state_sent","event_to_send_us":199,"listeners":1,"listening":true,"mode":"event","port":7300,"reason":"event","seq":128,"t_us":45381389}
{"age_ms":2,"ev":"flow_closed","flow":414,"kind":2,"reset":true,"why":"peer_abort"}
{"cookie":2117,"ev":"listen_event","family":2,"kind":"stop","ktime_us":45481569,"port":7300,"reachable":true,"wake_lag_us":43}
{"ev":"listen_state_sent","event_to_send_us":192,"listeners":0,"listening":false,"mode":"event","port":7300,"reason":"event","seq":129,"t_us":45481761}
{"cookie":2118,"ev":"listen_event","family":2,"kind":"start","ktime_us":45581837,"port":7300,"reachable":true,"wake_lag_us":45}
{"ev":"listen_state_sent","event_to_send_us":234,"listeners":1,"listening":true,"mode":"event","port":7300,"reason":"event","seq":130,"t_us":45582071}
{"age_ms":1,"ev":"flow_closed","flow":416,"kind":2,"reset":true,"why":"peer_abort"}
{"cookie":2118,"ev":"listen_event","family":2,"kind":"stop","ktime_us":45682262,"port":7300,"reachable":true,"wake_lag_us":45}
{"ev":"listen_state_sent","event_to_send_us":195,"listeners":0,"listening":false,"mode":"event","port":7300,"reason":"event","seq":131,"t_us":45682457}
{"cookie":2119,"ev":"listen_event","family":2,"kind":"start","ktime_us":45782486,"port":7300,"reachable":true,"wake_lag_us":46}
{"ev":"listen_state_sent","event_to_send_us":196,"listeners":1,"listening":true,"mode":"event","port":7300,"reason":"event","seq":132,"t_us":45782682}
{"age_ms":1,"ev":"flow_closed","flow":418,"kind":2,"reset":true,"why":"peer_abort"}
{"cookie":2119,"ev":"listen_event","family":2,"kind":"stop","ktime_us":45882890,"port":7300,"reachable":true,"wake_lag_us":46}
{"ev":"listen_state_sent","event_to_send_us":218,"listeners":0,"listening":false,"mode":"event","port":7300,"reason":"event","seq":133,"t_us":45883108}
{"cookie":2120,"ev":"listen_event","family":2,"kind":"start","ktime_us":45983197,"port":7300,"reachable":true,"wake_lag_us":50}
{"ev":"listen_state_sent","event_to_send_us":199,"listeners":1,"listening":true,"mode":"event","port":7300,"reason":"event","seq":134,"t_us":45983396}
{"age_ms":1,"ev":"flow_closed","flow":420,"kind":2,"reset":true,"why":"peer_abort"}
{"cookie":2120,"ev":"listen_event","family":2,"kind":"stop","ktime_us":46083570,"port":7300,"reachable":true,"wake_lag_us":43}
{"ev":"listen_state_sent","event_to_send_us":192,"listeners":0,"listening":false,"mode":"event","port":7300,"reason":"event","seq":135,"t_us":46083762}
{"cookie":2121,"ev":"listen_event","family":2,"kind":"start","ktime_us":46183859,"port":7300,"reachable":true,"wake_lag_us":48}
{"ev":"listen_state_sent","event_to_send_us":222,"listeners":1,"listening":true,"mode":"event","port":7300,"reason":"event","seq":136,"t_us":46184081}
{"age_ms":0,"ev":"flow_closed","flow":422,"kind":2,"reset":true,"why":"peer_abort"}
{"cookie":2121,"ev":"listen_event","family":2,"kind":"stop","ktime_us":46284271,"port":7300,"reachable":true,"wake_lag_us":43}
{"ev":"listen_state_sent","event_to_send_us":193,"listeners":0,"listening":false,"mode":"event","port":7300,"reason":"event","seq":137,"t_us":46284464}
{"cookie":2122,"ev":"listen_event","family":2,"kind":"start","ktime_us":46384541,"port":7300,"reachable":true,"wake_lag_us":48}
{"ev":"listen_state_sent","event_to_send_us":196,"listeners":1,"listening":true,"mode":"event","port":7300,"reason":"event","seq":138,"t_us":46384737}
{"cookie":2122,"ev":"listen_event","family":2,"kind":"stop","ktime_us":46484890,"port":7300,"reachable":true,"wake_lag_us":44}
{"ev":"listen_state_sent","event_to_send_us":219,"listeners":0,"listening":false,"mode":"event","port":7300,"reason":"event","seq":139,"t_us":46485109}
{"cookie":2123,"ev":"listen_event","family":2,"kind":"start","ktime_us":46585212,"port":7300,"reachable":true,"wake_lag_us":49}
{"ev":"listen_state_sent","event_to_send_us":197,"listeners":1,"listening":true,"mode":"event","port":7300,"reason":"event","seq":140,"t_us":46585409}
{"age_ms":1,"ev":"flow_closed","flow":426,"kind":2,"reset":true,"why":"peer_abort"}
{"cookie":2123,"ev":"listen_event","family":2,"kind":"stop","ktime_us":46685575,"port":7300,"reachable":true,"wake_lag_us":42}
{"ev":"listen_state_sent","event_to_send_us":195,"listeners":0,"listening":false,"mode":"event","port":7300,"reason":"event","seq":141,"t_us":46685770}
{"cookie":2124,"ev":"listen_event","family":2,"kind":"start","ktime_us":46785844,"port":7300,"reachable":true,"wake_lag_us":48}
{"ev":"listen_state_sent","event_to_send_us":222,"listeners":1,"listening":true,"mode":"event","port":7300,"reason":"event","seq":142,"t_us":46786066}
{"age_ms":0,"ev":"flow_closed","flow":428,"kind":2,"reset":true,"why":"peer_abort"}
{"cookie":2124,"ev":"listen_event","family":2,"kind":"stop","ktime_us":46886259,"port":7300,"reachable":true,"wake_lag_us":45}
{"ev":"listen_state_sent","event_to_send_us":194,"listeners":0,"listening":false,"mode":"event","port":7300,"reason":"event","seq":143,"t_us":46886453}
{"cookie":2125,"ev":"listen_event","family":2,"kind":"start","ktime_us":46986530,"port":7300,"reachable":true,"wake_lag_us":52}
{"ev":"listen_state_sent","event_to_send_us":201,"listeners":1,"listening":true,"mode":"event","port":7300,"reason":"event","seq":144,"t_us":46986731}
{"cookie":2125,"ev":"listen_event","family":2,"kind":"stop","ktime_us":47086897,"port":7300,"reachable":true,"wake_lag_us":45}
{"ev":"listen_state_sent","event_to_send_us":220,"listeners":0,"listening":false,"mode":"event","port":7300,"reason":"event","seq":145,"t_us":47087117}
{"cookie":2126,"ev":"listen_event","family":2,"kind":"start","ktime_us":47187190,"port":7300,"reachable":true,"wake_lag_us":51}
{"ev":"listen_state_sent","event_to_send_us":205,"listeners":1,"listening":true,"mode":"event","port":7300,"reason":"event","seq":146,"t_us":47187395}
{"age_ms":1,"ev":"flow_closed","flow":432,"kind":2,"reset":true,"why":"peer_abort"}
{"cookie":2126,"ev":"listen_event","family":2,"kind":"stop","ktime_us":47288188,"port":7300,"reachable":true,"wake_lag_us":48}
{"ev":"listen_state_sent","event_to_send_us":196,"listeners":0,"listening":false,"mode":"event","port":7300,"reason":"event","seq":147,"t_us":47288384}
{"cookie":2127,"ev":"listen_event","family":2,"kind":"start","ktime_us":47388470,"port":7300,"reachable":true,"wake_lag_us":44}
{"ev":"listen_state_sent","event_to_send_us":194,"listeners":1,"listening":true,"mode":"event","port":7300,"reason":"event","seq":148,"t_us":47388664}
{"age_ms":1,"ev":"flow_closed","flow":434,"kind":2,"reset":true,"why":"peer_abort"}
{"cookie":2127,"ev":"listen_event","family":2,"kind":"stop","ktime_us":47488829,"port":7300,"reachable":true,"wake_lag_us":40}
{"ev":"listen_state_sent","event_to_send_us":212,"listeners":0,"listening":false,"mode":"event","port":7300,"reason":"event","seq":149,"t_us":47489041}
{"cookie":2128,"ev":"listen_event","family":2,"kind":"start","ktime_us":47589125,"port":7300,"reachable":true,"wake_lag_us":75}
{"ev":"listen_state_sent","event_to_send_us":222,"listeners":1,"listening":true,"mode":"event","port":7300,"reason":"event","seq":150,"t_us":47589347}
{"age_ms":1,"ev":"flow_closed","flow":436,"kind":2,"reset":true,"why":"peer_abort"}
{"cookie":2128,"ev":"listen_event","family":2,"kind":"stop","ktime_us":47689493,"port":7300,"reachable":true,"wake_lag_us":43}
{"ev":"listen_state_sent","event_to_send_us":195,"listeners":0,"listening":false,"mode":"event","port":7300,"reason":"event","seq":151,"t_us":47689688}
{"cookie":2129,"ev":"listen_event","family":2,"kind":"start","ktime_us":47789792,"port":7300,"reachable":true,"wake_lag_us":47}
{"ev":"listen_state_sent","event_to_send_us":196,"listeners":1,"listening":true,"mode":"event","port":7300,"reason":"event","seq":152,"t_us":47789988}
{"cookie":2129,"ev":"listen_event","family":2,"kind":"stop","ktime_us":47890188,"port":7300,"reachable":true,"wake_lag_us":53}
{"ev":"listen_state_sent","event_to_send_us":190,"listeners":0,"listening":false,"mode":"event","port":7300,"reason":"event","seq":153,"t_us":47890378}
{"cookie":2130,"ev":"listen_event","family":2,"kind":"start","ktime_us":47990468,"port":7300,"reachable":true,"wake_lag_us":52}
{"ev":"listen_state_sent","event_to_send_us":201,"listeners":1,"listening":true,"mode":"event","port":7300,"reason":"event","seq":154,"t_us":47990669}
{"age_ms":0,"ev":"flow_closed","flow":440,"kind":2,"reset":true,"why":"peer_abort"}
{"cookie":2130,"ev":"listen_event","family":2,"kind":"stop","ktime_us":48090806,"port":7300,"reachable":true,"wake_lag_us":48}
{"ev":"listen_state_sent","event_to_send_us":216,"listeners":0,"listening":false,"mode":"event","port":7300,"reason":"event","seq":155,"t_us":48091022}
{"cookie":2131,"ev":"listen_event","family":2,"kind":"start","ktime_us":48191104,"port":7300,"reachable":true,"wake_lag_us":62}
{"ev":"listen_state_sent","event_to_send_us":212,"listeners":1,"listening":true,"mode":"event","port":7300,"reason":"event","seq":156,"t_us":48191316}
{"age_ms":1,"ev":"flow_closed","flow":442,"kind":2,"reset":true,"why":"peer_abort"}
{"cookie":2131,"ev":"listen_event","family":2,"kind":"stop","ktime_us":48291497,"port":7300,"reachable":true,"wake_lag_us":55}
{"ev":"listen_state_sent","event_to_send_us":209,"listeners":0,"listening":false,"mode":"event","port":7300,"reason":"event","seq":157,"t_us":48291706}
{"cookie":2132,"ev":"listen_event","family":2,"kind":"start","ktime_us":48391788,"port":7300,"reachable":true,"wake_lag_us":45}
{"ev":"listen_state_sent","event_to_send_us":195,"listeners":1,"listening":true,"mode":"event","port":7300,"reason":"event","seq":158,"t_us":48391983}
{"cookie":2132,"ev":"listen_event","family":2,"kind":"stop","ktime_us":48492185,"port":7300,"reachable":true,"wake_lag_us":47}
{"ev":"listen_state_sent","event_to_send_us":278,"listeners":0,"listening":false,"mode":"event","port":7300,"reason":"event","seq":159,"t_us":48492463}
{"cookie":2133,"ev":"listen_event","family":2,"kind":"start","ktime_us":48592483,"port":7300,"reachable":true,"wake_lag_us":48}
{"ev":"listen_state_sent","event_to_send_us":297,"listeners":1,"listening":true,"mode":"event","port":7300,"reason":"event","seq":160,"t_us":48592780}
{"age_ms":0,"ev":"flow_closed","flow":446,"kind":2,"reset":true,"why":"peer_abort"}
{"cookie":2133,"ev":"listen_event","family":2,"kind":"stop","ktime_us":48692892,"port":7300,"reachable":true,"wake_lag_us":50}
{"ev":"listen_state_sent","event_to_send_us":305,"listeners":0,"listening":false,"mode":"event","port":7300,"reason":"event","seq":161,"t_us":48693197}
{"cookie":2134,"ev":"listen_event","family":2,"kind":"start","ktime_us":48793222,"port":7300,"reachable":true,"wake_lag_us":49}
{"ev":"listen_state_sent","event_to_send_us":278,"listeners":1,"listening":true,"mode":"event","port":7300,"reason":"event","seq":162,"t_us":48793500}
{"age_ms":1,"ev":"flow_closed","flow":448,"kind":2,"reset":true,"why":"peer_abort"}
{"cookie":2134,"ev":"listen_event","family":2,"kind":"stop","ktime_us":48893572,"port":7300,"reachable":true,"wake_lag_us":50}
{"ev":"listen_state_sent","event_to_send_us":283,"listeners":0,"listening":false,"mode":"event","port":7300,"reason":"event","seq":163,"t_us":48893855}
{"cookie":2135,"ev":"listen_event","family":2,"kind":"start","ktime_us":48993843,"port":7300,"reachable":true,"wake_lag_us":46}
{"ev":"listen_state_sent","event_to_send_us":317,"listeners":1,"listening":true,"mode":"event","port":7300,"reason":"event","seq":164,"t_us":48994160}
{"cookie":2135,"ev":"listen_event","family":2,"kind":"stop","ktime_us":49094263,"port":7300,"reachable":true,"wake_lag_us":51}
{"ev":"listen_state_sent","event_to_send_us":218,"listeners":0,"listening":false,"mode":"event","port":7300,"reason":"event","seq":165,"t_us":49094481}
{"cookie":5047,"ev":"listen_event","family":2,"kind":"start","ktime_us":49194545,"port":7300,"reachable":true,"wake_lag_us":49}
{"ev":"listen_state_sent","event_to_send_us":226,"listeners":1,"listening":true,"mode":"event","port":7300,"reason":"event","seq":166,"t_us":49194771}
{"cookie":5047,"ev":"listen_event","family":2,"kind":"stop","ktime_us":49294879,"port":7300,"reachable":true,"wake_lag_us":45}
{"ev":"listen_state_sent","event_to_send_us":220,"listeners":0,"listening":false,"mode":"event","port":7300,"reason":"event","seq":167,"t_us":49295099}
{"cookie":5048,"ev":"listen_event","family":2,"kind":"start","ktime_us":49395203,"port":7300,"reachable":true,"wake_lag_us":52}
{"ev":"listen_state_sent","event_to_send_us":224,"listeners":1,"listening":true,"mode":"event","port":7300,"reason":"event","seq":168,"t_us":49395427}
{"age_ms":1,"ev":"flow_closed","flow":454,"kind":2,"reset":true,"why":"peer_abort"}
{"cookie":5048,"ev":"listen_event","family":2,"kind":"stop","ktime_us":49495572,"port":7300,"reachable":true,"wake_lag_us":43}
{"ev":"listen_state_sent","event_to_send_us":203,"listeners":0,"listening":false,"mode":"event","port":7300,"reason":"event","seq":169,"t_us":49495775}
{"cookie":5049,"ev":"listen_event","family":2,"kind":"start","ktime_us":49595861,"port":7300,"reachable":true,"wake_lag_us":48}
{"ev":"listen_state_sent","event_to_send_us":243,"listeners":1,"listening":true,"mode":"event","port":7300,"reason":"event","seq":170,"t_us":49596104}
{"age_ms":0,"ev":"flow_closed","flow":456,"kind":2,"reset":true,"why":"peer_abort"}
{"cookie":5049,"ev":"listen_event","family":2,"kind":"stop","ktime_us":49696263,"port":7300,"reachable":true,"wake_lag_us":49}
{"ev":"listen_state_sent","event_to_send_us":211,"listeners":0,"listening":false,"mode":"event","port":7300,"reason":"event","seq":171,"t_us":49696474}
{"cookie":5050,"ev":"listen_event","family":2,"kind":"start","ktime_us":49796556,"port":7300,"reachable":true,"wake_lag_us":54}
{"ev":"listen_state_sent","event_to_send_us":215,"listeners":1,"listening":true,"mode":"event","port":7300,"reason":"event","seq":172,"t_us":49796771}
{"cookie":5050,"ev":"listen_event","family":2,"kind":"stop","ktime_us":49896953,"port":7300,"reachable":true,"wake_lag_us":61}
{"ev":"listen_state_sent","event_to_send_us":242,"listeners":0,"listening":false,"mode":"event","port":7300,"reason":"event","seq":173,"t_us":49897195}
{"cookie":5051,"ev":"listen_event","family":2,"kind":"start","ktime_us":49997275,"port":7300,"reachable":true,"wake_lag_us":51}
{"ev":"listen_state_sent","event_to_send_us":229,"listeners":1,"listening":true,"mode":"event","port":7300,"reason":"event","seq":174,"t_us":49997504}
{"age_ms":1,"ev":"flow_closed","flow":460,"kind":2,"reset":true,"why":"peer_abort"}
{"cookie":5051,"ev":"listen_event","family":2,"kind":"stop","ktime_us":50097743,"port":7300,"reachable":true,"wake_lag_us":58}
{"ev":"listen_state_sent","event_to_send_us":222,"listeners":0,"listening":false,"mode":"event","port":7300,"reason":"event","seq":175,"t_us":50097965}
{"cookie":5052,"ev":"listen_event","family":2,"kind":"start","ktime_us":50198075,"port":7300,"reachable":true,"wake_lag_us":48}
{"ev":"listen_state_sent","event_to_send_us":231,"listeners":1,"listening":true,"mode":"event","port":7300,"reason":"event","seq":176,"t_us":50198306}
{"age_ms":1,"ev":"flow_closed","flow":462,"kind":2,"reset":true,"why":"peer_abort"}
{"cookie":5052,"ev":"listen_event","family":2,"kind":"stop","ktime_us":50298497,"port":7300,"reachable":true,"wake_lag_us":40}
{"ev":"listen_state_sent","event_to_send_us":199,"listeners":0,"listening":false,"mode":"event","port":7300,"reason":"event","seq":177,"t_us":50298696}
{"cookie":5053,"ev":"listen_event","family":2,"kind":"start","ktime_us":50398798,"port":7300,"reachable":true,"wake_lag_us":47}
{"ev":"listen_state_sent","event_to_send_us":235,"listeners":1,"listening":true,"mode":"event","port":7300,"reason":"event","seq":178,"t_us":50399033}
{"age_ms":1,"ev":"flow_closed","flow":464,"kind":2,"reset":true,"why":"peer_abort"}
{"cookie":5053,"ev":"listen_event","family":2,"kind":"stop","ktime_us":50499260,"port":7300,"reachable":true,"wake_lag_us":47}
{"ev":"listen_state_sent","event_to_send_us":207,"listeners":0,"listening":false,"mode":"event","port":7300,"reason":"event","seq":179,"t_us":50499467}
{"cookie":5054,"ev":"listen_event","family":2,"kind":"start","ktime_us":50599544,"port":7300,"reachable":true,"wake_lag_us":45}
{"ev":"listen_state_sent","event_to_send_us":215,"listeners":1,"listening":true,"mode":"event","port":7300,"reason":"event","seq":180,"t_us":50599759}
{"age_ms":1,"ev":"flow_closed","flow":466,"kind":2,"reset":true,"why":"peer_abort"}
{"cookie":5054,"ev":"listen_event","family":2,"kind":"stop","ktime_us":50699969,"port":7300,"reachable":true,"wake_lag_us":59}
{"ev":"listen_state_sent","event_to_send_us":236,"listeners":0,"listening":false,"mode":"event","port":7300,"reason":"event","seq":181,"t_us":50700205}
{"cookie":5055,"ev":"listen_event","family":2,"kind":"start","ktime_us":50800282,"port":7300,"reachable":true,"wake_lag_us":52}
{"ev":"listen_state_sent","event_to_send_us":212,"listeners":1,"listening":true,"mode":"event","port":7300,"reason":"event","seq":182,"t_us":50800494}
{"age_ms":1,"ev":"flow_closed","flow":468,"kind":2,"reset":true,"why":"peer_abort"}
{"cookie":5055,"ev":"listen_event","family":2,"kind":"stop","ktime_us":50900741,"port":7300,"reachable":true,"wake_lag_us":48}
{"ev":"listen_state_sent","event_to_send_us":211,"listeners":0,"listening":false,"mode":"event","port":7300,"reason":"event","seq":183,"t_us":50900952}
{"cookie":5056,"ev":"listen_event","family":2,"kind":"start","ktime_us":51001056,"port":7300,"reachable":true,"wake_lag_us":45}
{"ev":"listen_state_sent","event_to_send_us":228,"listeners":1,"listening":true,"mode":"event","port":7300,"reason":"event","seq":184,"t_us":51001284}
{"age_ms":1,"ev":"flow_closed","flow":470,"kind":2,"reset":true,"why":"peer_abort"}
{"cookie":5056,"ev":"listen_event","family":2,"kind":"stop","ktime_us":51101579,"port":7300,"reachable":true,"wake_lag_us":50}
{"ev":"listen_state_sent","event_to_send_us":211,"listeners":0,"listening":false,"mode":"event","port":7300,"reason":"event","seq":185,"t_us":51101790}
{"cookie":5057,"ev":"listen_event","family":2,"kind":"start","ktime_us":51201867,"port":7300,"reachable":true,"wake_lag_us":49}
{"ev":"listen_state_sent","event_to_send_us":236,"listeners":1,"listening":true,"mode":"event","port":7300,"reason":"event","seq":186,"t_us":51202103}
{"age_ms":1,"ev":"flow_closed","flow":472,"kind":2,"reset":true,"why":"peer_abort"}
{"cookie":5057,"ev":"listen_event","family":2,"kind":"stop","ktime_us":51302421,"port":7300,"reachable":true,"wake_lag_us":47}
{"ev":"listen_state_sent","event_to_send_us":285,"listeners":0,"listening":false,"mode":"event","port":7300,"reason":"event","seq":187,"t_us":51302706}
{"cookie":2169,"ev":"listen_event","family":2,"kind":"start","ktime_us":51402706,"port":7300,"reachable":true,"wake_lag_us":48}
{"ev":"listen_state_sent","event_to_send_us":339,"listeners":1,"listening":true,"mode":"event","port":7300,"reason":"event","seq":188,"t_us":51403045}
{"cookie":2169,"ev":"listen_event","family":2,"kind":"stop","ktime_us":51503188,"port":7300,"reachable":true,"wake_lag_us":53}
{"ev":"listen_state_sent","event_to_send_us":291,"listeners":0,"listening":false,"mode":"event","port":7300,"reason":"event","seq":189,"t_us":51503479}
{"cookie":2170,"ev":"listen_event","family":2,"kind":"start","ktime_us":51603417,"port":7300,"reachable":true,"wake_lag_us":45}
{"ev":"listen_state_sent","event_to_send_us":301,"listeners":1,"listening":true,"mode":"event","port":7300,"reason":"event","seq":190,"t_us":51603718}
{"cookie":2170,"ev":"listen_event","family":2,"kind":"stop","ktime_us":51703813,"port":7300,"reachable":true,"wake_lag_us":56}
{"ev":"listen_state_sent","event_to_send_us":245,"listeners":0,"listening":false,"mode":"event","port":7300,"reason":"event","seq":191,"t_us":51704058}
{"cookie":2171,"ev":"listen_event","family":2,"kind":"start","ktime_us":51804115,"port":7300,"reachable":true,"wake_lag_us":56}
{"ev":"listen_state_sent","event_to_send_us":205,"listeners":1,"listening":true,"mode":"event","port":7300,"reason":"event","seq":192,"t_us":51804320}
{"age_ms":1,"ev":"flow_closed","flow":478,"kind":2,"reset":true,"why":"peer_abort"}
{"cookie":2171,"ev":"listen_event","family":2,"kind":"stop","ktime_us":51904504,"port":7300,"reachable":true,"wake_lag_us":52}
{"ev":"listen_state_sent","event_to_send_us":188,"listeners":0,"listening":false,"mode":"event","port":7300,"reason":"event","seq":193,"t_us":51904692}
{"cookie":2172,"ev":"listen_event","family":2,"kind":"start","ktime_us":52004781,"port":7300,"reachable":true,"wake_lag_us":47}
{"ev":"listen_state_sent","event_to_send_us":195,"listeners":1,"listening":true,"mode":"event","port":7300,"reason":"event","seq":194,"t_us":52004976}
{"cookie":2172,"ev":"listen_event","family":2,"kind":"stop","ktime_us":52105184,"port":7300,"reachable":true,"wake_lag_us":27}
{"ev":"listen_state_sent","event_to_send_us":261,"listeners":0,"listening":false,"mode":"event","port":7300,"reason":"event","seq":195,"t_us":52105445}
{"cookie":2173,"ev":"listen_event","family":2,"kind":"start","ktime_us":52205459,"port":7300,"reachable":true,"wake_lag_us":48}
{"ev":"listen_state_sent","event_to_send_us":310,"listeners":1,"listening":true,"mode":"event","port":7300,"reason":"event","seq":196,"t_us":52205769}
{"cookie":2173,"ev":"listen_event","family":2,"kind":"stop","ktime_us":52305794,"port":7300,"reachable":true,"wake_lag_us":44}
{"ev":"listen_state_sent","event_to_send_us":313,"listeners":0,"listening":false,"mode":"event","port":7300,"reason":"event","seq":197,"t_us":52306107}
{"cookie":2174,"ev":"listen_event","family":2,"kind":"start","ktime_us":52406075,"port":7300,"reachable":true,"wake_lag_us":52}
{"ev":"listen_state_sent","event_to_send_us":316,"listeners":1,"listening":true,"mode":"event","port":7300,"reason":"event","seq":198,"t_us":52406391}
{"age_ms":1,"ev":"flow_closed","flow":484,"kind":2,"reset":true,"why":"peer_abort"}
{"cookie":2174,"ev":"listen_event","family":2,"kind":"stop","ktime_us":52506517,"port":7300,"reachable":true,"wake_lag_us":45}
{"ev":"listen_state_sent","event_to_send_us":213,"listeners":0,"listening":false,"mode":"event","port":7300,"reason":"event","seq":199,"t_us":52506730}
{"cookie":5076,"ev":"listen_event","family":2,"kind":"start","ktime_us":52606793,"port":7300,"reachable":true,"wake_lag_us":46}
{"ev":"listen_state_sent","event_to_send_us":236,"listeners":1,"listening":true,"mode":"event","port":7300,"reason":"event","seq":200,"t_us":52607029}
{"cookie":5076,"ev":"listen_event","family":2,"kind":"stop","ktime_us":52707353,"port":7300,"reachable":true,"wake_lag_us":56}
{"ev":"listen_state_sent","event_to_send_us":224,"listeners":0,"listening":false,"mode":"event","port":7300,"reason":"event","seq":201,"t_us":52707577}
{"cookie":5077,"ev":"listen_event","family":2,"kind":"start","ktime_us":52807650,"port":7300,"reachable":true,"wake_lag_us":53}
{"ev":"listen_state_sent","event_to_send_us":210,"listeners":1,"listening":true,"mode":"event","port":7300,"reason":"event","seq":202,"t_us":52807860}
{"cookie":5077,"ev":"listen_event","family":2,"kind":"stop","ktime_us":52908037,"port":7300,"reachable":true,"wake_lag_us":45}
{"ev":"listen_state_sent","event_to_send_us":215,"listeners":0,"listening":false,"mode":"event","port":7300,"reason":"event","seq":203,"t_us":52908252}
{"cookie":5078,"ev":"listen_event","family":2,"kind":"start","ktime_us":53008313,"port":7300,"reachable":true,"wake_lag_us":49}
{"ev":"listen_state_sent","event_to_send_us":223,"listeners":1,"listening":true,"mode":"event","port":7300,"reason":"event","seq":204,"t_us":53008536}
{"age_ms":1,"ev":"flow_closed","flow":490,"kind":2,"reset":true,"why":"peer_abort"}
{"cookie":5078,"ev":"listen_event","family":2,"kind":"stop","ktime_us":53108739,"port":7300,"reachable":true,"wake_lag_us":46}
{"ev":"listen_state_sent","event_to_send_us":207,"listeners":0,"listening":false,"mode":"event","port":7300,"reason":"event","seq":205,"t_us":53108946}
{"cookie":5079,"ev":"listen_event","family":2,"kind":"start","ktime_us":53209058,"port":7300,"reachable":true,"wake_lag_us":47}
{"ev":"listen_state_sent","event_to_send_us":236,"listeners":1,"listening":true,"mode":"event","port":7300,"reason":"event","seq":206,"t_us":53209294}
{"age_ms":2,"ev":"flow_closed","flow":492,"kind":2,"reset":true,"why":"peer_abort"}
{"cookie":5079,"ev":"listen_event","family":2,"kind":"stop","ktime_us":53309424,"port":7300,"reachable":true,"wake_lag_us":46}
{"ev":"listen_state_sent","event_to_send_us":205,"listeners":0,"listening":false,"mode":"event","port":7300,"reason":"event","seq":207,"t_us":53309629}
{"cookie":5080,"ev":"listen_event","family":2,"kind":"start","ktime_us":53409721,"port":7300,"reachable":true,"wake_lag_us":47}
{"ev":"listen_state_sent","event_to_send_us":219,"listeners":1,"listening":true,"mode":"event","port":7300,"reason":"event","seq":208,"t_us":53409940}
{"cookie":5080,"ev":"listen_event","family":2,"kind":"stop","ktime_us":53510097,"port":7300,"reachable":true,"wake_lag_us":54}
{"ev":"listen_state_sent","event_to_send_us":220,"listeners":0,"listening":false,"mode":"event","port":7300,"reason":"event","seq":209,"t_us":53510317}
{"cookie":5081,"ev":"listen_event","family":2,"kind":"start","ktime_us":53610391,"port":7300,"reachable":true,"wake_lag_us":50}
{"ev":"listen_state_sent","event_to_send_us":234,"listeners":1,"listening":true,"mode":"event","port":7300,"reason":"event","seq":210,"t_us":53610625}
{"age_ms":0,"ev":"flow_closed","flow":496,"kind":2,"reset":true,"why":"peer_abort"}
{"cookie":5081,"ev":"listen_event","family":2,"kind":"stop","ktime_us":53710733,"port":7300,"reachable":true,"wake_lag_us":48}
{"ev":"listen_state_sent","event_to_send_us":207,"listeners":0,"listening":false,"mode":"event","port":7300,"reason":"event","seq":211,"t_us":53710940}
{"cookie":5085,"ev":"listen_event","family":2,"kind":"start","ktime_us":53811070,"port":7300,"reachable":true,"wake_lag_us":47}
{"ev":"listen_state_sent","event_to_send_us":214,"listeners":1,"listening":true,"mode":"event","port":7300,"reason":"event","seq":212,"t_us":53811284}
{"age_ms":2,"ev":"flow_closed","flow":498,"kind":2,"reset":true,"why":"peer_abort"}
{"cookie":5085,"ev":"listen_event","family":2,"kind":"stop","ktime_us":53911584,"port":7300,"reachable":true,"wake_lag_us":56}
{"ev":"listen_state_sent","event_to_send_us":228,"listeners":0,"listening":false,"mode":"event","port":7300,"reason":"event","seq":213,"t_us":53911812}
{"cookie":2193,"ev":"listen_event","family":2,"kind":"start","ktime_us":54011846,"port":7300,"reachable":true,"wake_lag_us":46}
{"ev":"listen_state_sent","event_to_send_us":226,"listeners":1,"listening":true,"mode":"event","port":7300,"reason":"event","seq":214,"t_us":54012072}
{"age_ms":1,"ev":"flow_closed","flow":500,"kind":2,"reset":true,"why":"peer_abort"}
{"cookie":2193,"ev":"listen_event","family":2,"kind":"stop","ktime_us":54112259,"port":7300,"reachable":true,"wake_lag_us":46}
{"ev":"listen_state_sent","event_to_send_us":182,"listeners":0,"listening":false,"mode":"event","port":7300,"reason":"event","seq":215,"t_us":54112441}
{"cookie":2194,"ev":"listen_event","family":2,"kind":"start","ktime_us":54212541,"port":7300,"reachable":true,"wake_lag_us":47}
{"ev":"listen_state_sent","event_to_send_us":194,"listeners":1,"listening":true,"mode":"event","port":7300,"reason":"event","seq":216,"t_us":54212735}
{"cookie":2194,"ev":"listen_event","family":2,"kind":"stop","ktime_us":54312871,"port":7300,"reachable":true,"wake_lag_us":43}
{"ev":"listen_state_sent","event_to_send_us":224,"listeners":0,"listening":false,"mode":"event","port":7300,"reason":"event","seq":217,"t_us":54313095}
{"cookie":2195,"ev":"listen_event","family":2,"kind":"start","ktime_us":54413171,"port":7300,"reachable":true,"wake_lag_us":51}
{"ev":"listen_state_sent","event_to_send_us":225,"listeners":1,"listening":true,"mode":"event","port":7300,"reason":"event","seq":218,"t_us":54413396}
{"age_ms":1,"ev":"flow_closed","flow":504,"kind":2,"reset":true,"why":"peer_abort"}
{"cookie":2195,"ev":"listen_event","family":2,"kind":"stop","ktime_us":54513488,"port":7300,"reachable":true,"wake_lag_us":42}
{"ev":"listen_state_sent","event_to_send_us":191,"listeners":0,"listening":false,"mode":"event","port":7300,"reason":"event","seq":219,"t_us":54513679}
{"cookie":2196,"ev":"listen_event","family":2,"kind":"start","ktime_us":54613768,"port":7300,"reachable":true,"wake_lag_us":48}
{"ev":"listen_state_sent","event_to_send_us":194,"listeners":1,"listening":true,"mode":"event","port":7300,"reason":"event","seq":220,"t_us":54613962}
{"cookie":2196,"ev":"listen_event","family":2,"kind":"stop","ktime_us":54714108,"port":7300,"reachable":true,"wake_lag_us":57}
{"ev":"listen_state_sent","event_to_send_us":297,"listeners":0,"listening":false,"mode":"event","port":7300,"reason":"event","seq":221,"t_us":54714405}
{"cookie":2197,"ev":"listen_event","family":2,"kind":"start","ktime_us":54814393,"port":7300,"reachable":true,"wake_lag_us":52}
{"ev":"listen_state_sent","event_to_send_us":290,"listeners":1,"listening":true,"mode":"event","port":7300,"reason":"event","seq":222,"t_us":54814683}
{"age_ms":0,"ev":"flow_closed","flow":508,"kind":2,"reset":true,"why":"peer_abort"}
{"cookie":2197,"ev":"listen_event","family":2,"kind":"stop","ktime_us":54914731,"port":7300,"reachable":true,"wake_lag_us":49}
{"ev":"listen_state_sent","event_to_send_us":303,"listeners":0,"listening":false,"mode":"event","port":7300,"reason":"event","seq":223,"t_us":54915034}
{"cookie":2198,"ev":"listen_event","family":2,"kind":"start","ktime_us":55015026,"port":7300,"reachable":true,"wake_lag_us":47}
{"ev":"listen_state_sent","event_to_send_us":314,"listeners":1,"listening":true,"mode":"event","port":7300,"reason":"event","seq":224,"t_us":55015340}
{"age_ms":1,"ev":"flow_closed","flow":510,"kind":2,"reset":true,"why":"peer_abort"}
{"cookie":2198,"ev":"listen_event","family":2,"kind":"stop","ktime_us":55115426,"port":7300,"reachable":true,"wake_lag_us":49}
{"ev":"listen_state_sent","event_to_send_us":285,"listeners":0,"listening":false,"mode":"event","port":7300,"reason":"event","seq":225,"t_us":55115711}
{"cookie":2199,"ev":"listen_event","family":2,"kind":"start","ktime_us":55215699,"port":7300,"reachable":true,"wake_lag_us":47}
{"ev":"listen_state_sent","event_to_send_us":349,"listeners":1,"listening":true,"mode":"event","port":7300,"reason":"event","seq":226,"t_us":55216048}
{"cookie":2199,"ev":"listen_event","family":2,"kind":"stop","ktime_us":55316199,"port":7300,"reachable":true,"wake_lag_us":30}
{"ev":"listen_state_sent","event_to_send_us":262,"listeners":0,"listening":false,"mode":"event","port":7300,"reason":"event","seq":227,"t_us":55316461}
{"cookie":2200,"ev":"listen_event","family":2,"kind":"start","ktime_us":55416420,"port":7300,"reachable":true,"wake_lag_us":44}
{"ev":"listen_state_sent","event_to_send_us":296,"listeners":1,"listening":true,"mode":"event","port":7300,"reason":"event","seq":228,"t_us":55416716}
{"age_ms":0,"ev":"flow_closed","flow":514,"kind":2,"reset":true,"why":"peer_abort"}
{"cookie":2200,"ev":"listen_event","family":2,"kind":"stop","ktime_us":55516815,"port":7300,"reachable":true,"wake_lag_us":36}
{"ev":"listen_state_sent","event_to_send_us":210,"listeners":0,"listening":false,"mode":"event","port":7300,"reason":"event","seq":229,"t_us":55517025}
{"cookie":2201,"ev":"listen_event","family":2,"kind":"start","ktime_us":55617095,"port":7300,"reachable":true,"wake_lag_us":64}
{"ev":"listen_state_sent","event_to_send_us":214,"listeners":1,"listening":true,"mode":"event","port":7300,"reason":"event","seq":230,"t_us":55617309}
{"age_ms":1,"ev":"flow_closed","flow":516,"kind":2,"reset":true,"why":"peer_abort"}
{"cookie":2201,"ev":"listen_event","family":2,"kind":"stop","ktime_us":55717595,"port":7300,"reachable":true,"wake_lag_us":46}
{"ev":"listen_state_sent","event_to_send_us":197,"listeners":0,"listening":false,"mode":"event","port":7300,"reason":"event","seq":231,"t_us":55717792}
{"cookie":2202,"ev":"listen_event","family":2,"kind":"start","ktime_us":55817890,"port":7300,"reachable":true,"wake_lag_us":46}
{"ev":"listen_state_sent","event_to_send_us":194,"listeners":1,"listening":true,"mode":"event","port":7300,"reason":"event","seq":232,"t_us":55818084}
{"age_ms":0,"ev":"flow_closed","flow":518,"kind":2,"reset":true,"why":"peer_abort"}
{"cookie":2202,"ev":"listen_event","family":2,"kind":"stop","ktime_us":55918265,"port":7300,"reachable":true,"wake_lag_us":44}
{"ev":"listen_state_sent","event_to_send_us":196,"listeners":0,"listening":false,"mode":"event","port":7300,"reason":"event","seq":233,"t_us":55918461}
{"cookie":2203,"ev":"listen_event","family":2,"kind":"start","ktime_us":56018530,"port":7300,"reachable":true,"wake_lag_us":52}
{"ev":"listen_state_sent","event_to_send_us":230,"listeners":1,"listening":true,"mode":"event","port":7300,"reason":"event","seq":234,"t_us":56018760}
{"cookie":2203,"ev":"listen_event","family":2,"kind":"stop","ktime_us":56118896,"port":7300,"reachable":true,"wake_lag_us":50}
{"ev":"listen_state_sent","event_to_send_us":247,"listeners":0,"listening":false,"mode":"event","port":7300,"reason":"event","seq":235,"t_us":56119143}
{"cookie":2204,"ev":"listen_event","family":2,"kind":"start","ktime_us":56219196,"port":7300,"reachable":true,"wake_lag_us":52}
{"ev":"listen_state_sent","event_to_send_us":230,"listeners":1,"listening":true,"mode":"event","port":7300,"reason":"event","seq":236,"t_us":56219426}
{"age_ms":1,"ev":"flow_closed","flow":522,"kind":2,"reset":true,"why":"peer_abort"}
{"cookie":2204,"ev":"listen_event","family":2,"kind":"stop","ktime_us":56319570,"port":7300,"reachable":true,"wake_lag_us":48}
{"ev":"listen_state_sent","event_to_send_us":198,"listeners":0,"listening":false,"mode":"event","port":7300,"reason":"event","seq":237,"t_us":56319768}
{"cookie":2205,"ev":"listen_event","family":2,"kind":"start","ktime_us":56419854,"port":7300,"reachable":true,"wake_lag_us":44}
{"ev":"listen_state_sent","event_to_send_us":245,"listeners":1,"listening":true,"mode":"event","port":7300,"reason":"event","seq":238,"t_us":56420099}
{"age_ms":0,"ev":"flow_closed","flow":524,"kind":2,"reset":true,"why":"peer_abort"}
{"cookie":2205,"ev":"listen_event","family":2,"kind":"stop","ktime_us":56520261,"port":7300,"reachable":true,"wake_lag_us":45}
{"ev":"listen_state_sent","event_to_send_us":193,"listeners":0,"listening":false,"mode":"event","port":7300,"reason":"event","seq":239,"t_us":56520454}
{"cookie":2206,"ev":"listen_event","family":2,"kind":"start","ktime_us":56620530,"port":7300,"reachable":true,"wake_lag_us":46}
{"ev":"listen_state_sent","event_to_send_us":194,"listeners":1,"listening":true,"mode":"event","port":7300,"reason":"event","seq":240,"t_us":56620724}
{"cookie":2206,"ev":"listen_event","family":2,"kind":"stop","ktime_us":56720890,"port":7300,"reachable":true,"wake_lag_us":46}
{"ev":"listen_state_sent","event_to_send_us":235,"listeners":0,"listening":false,"mode":"event","port":7300,"reason":"event","seq":241,"t_us":56721125}
{"cookie":2207,"ev":"listen_event","family":2,"kind":"start","ktime_us":56821206,"port":7300,"reachable":true,"wake_lag_us":50}
{"ev":"listen_state_sent","event_to_send_us":198,"listeners":1,"listening":true,"mode":"event","port":7300,"reason":"event","seq":242,"t_us":56821404}
{"age_ms":1,"ev":"flow_closed","flow":528,"kind":2,"reset":true,"why":"peer_abort"}
{"cookie":2207,"ev":"listen_event","family":2,"kind":"stop","ktime_us":56921569,"port":7300,"reachable":true,"wake_lag_us":45}
{"ev":"listen_state_sent","event_to_send_us":193,"listeners":0,"listening":false,"mode":"event","port":7300,"reason":"event","seq":243,"t_us":56921762}
{"cookie":2208,"ev":"listen_event","family":2,"kind":"start","ktime_us":57021833,"port":7300,"reachable":true,"wake_lag_us":45}
{"ev":"listen_state_sent","event_to_send_us":246,"listeners":1,"listening":true,"mode":"event","port":7300,"reason":"event","seq":244,"t_us":57022079}
{"age_ms":0,"ev":"flow_closed","flow":530,"kind":2,"reset":true,"why":"peer_abort"}
{"cookie":2208,"ev":"listen_event","family":2,"kind":"stop","ktime_us":57122252,"port":7300,"reachable":true,"wake_lag_us":48}
{"ev":"listen_state_sent","event_to_send_us":196,"listeners":0,"listening":false,"mode":"event","port":7300,"reason":"event","seq":245,"t_us":57122448}
{"cookie":2209,"ev":"listen_event","family":2,"kind":"start","ktime_us":57222541,"port":7300,"reachable":true,"wake_lag_us":48}
{"ev":"listen_state_sent","event_to_send_us":212,"listeners":1,"listening":true,"mode":"event","port":7300,"reason":"event","seq":246,"t_us":57222753}
{"cookie":2209,"ev":"listen_event","family":2,"kind":"stop","ktime_us":57322966,"port":7300,"reachable":true,"wake_lag_us":50}
{"ev":"listen_state_sent","event_to_send_us":203,"listeners":0,"listening":false,"mode":"event","port":7300,"reason":"event","seq":247,"t_us":57323169}
{"cookie":2210,"ev":"listen_event","family":2,"kind":"start","ktime_us":57423264,"port":7300,"reachable":true,"wake_lag_us":46}
{"ev":"listen_state_sent","event_to_send_us":179,"listeners":1,"listening":true,"mode":"event","port":7300,"reason":"event","seq":248,"t_us":57423443}
{"age_ms":1,"ev":"flow_closed","flow":534,"kind":2,"reset":true,"why":"peer_abort"}
{"cookie":2210,"ev":"listen_event","family":2,"kind":"stop","ktime_us":57523584,"port":7300,"reachable":true,"wake_lag_us":40}
{"ev":"listen_state_sent","event_to_send_us":176,"listeners":0,"listening":false,"mode":"event","port":7300,"reason":"event","seq":249,"t_us":57523760}
{"cookie":2211,"ev":"listen_event","family":2,"kind":"start","ktime_us":57623859,"port":7300,"reachable":true,"wake_lag_us":42}
{"ev":"listen_state_sent","event_to_send_us":235,"listeners":1,"listening":true,"mode":"event","port":7300,"reason":"event","seq":250,"t_us":57624094}
{"age_ms":0,"ev":"flow_closed","flow":536,"kind":2,"reset":true,"why":"peer_abort"}
{"cookie":2211,"ev":"listen_event","family":2,"kind":"stop","ktime_us":57724264,"port":7300,"reachable":true,"wake_lag_us":39}
{"ev":"listen_state_sent","event_to_send_us":176,"listeners":0,"listening":false,"mode":"event","port":7300,"reason":"event","seq":251,"t_us":57724440}
{"cookie":2212,"ev":"listen_event","family":2,"kind":"start","ktime_us":57824535,"port":7300,"reachable":true,"wake_lag_us":48}
{"ev":"listen_state_sent","event_to_send_us":180,"listeners":1,"listening":true,"mode":"event","port":7300,"reason":"event","seq":252,"t_us":57824715}
{"cookie":2212,"ev":"listen_event","family":2,"kind":"stop","ktime_us":57924886,"port":7300,"reachable":true,"wake_lag_us":41}
{"ev":"listen_state_sent","event_to_send_us":194,"listeners":0,"listening":false,"mode":"event","port":7300,"reason":"event","seq":253,"t_us":57925080}
{"cookie":2213,"ev":"listen_event","family":2,"kind":"start","ktime_us":58025117,"port":7300,"reachable":true,"wake_lag_us":55}
{"ev":"listen_state_sent","event_to_send_us":194,"listeners":1,"listening":true,"mode":"event","port":7300,"reason":"event","seq":254,"t_us":58025311}
{"age_ms":1,"ev":"flow_closed","flow":540,"kind":2,"reset":true,"why":"peer_abort"}
{"cookie":2213,"ev":"listen_event","family":2,"kind":"stop","ktime_us":58125498,"port":7300,"reachable":true,"wake_lag_us":50}
{"ev":"listen_state_sent","event_to_send_us":188,"listeners":0,"listening":false,"mode":"event","port":7300,"reason":"event","seq":255,"t_us":58125686}
{"cookie":2214,"ev":"listen_event","family":2,"kind":"start","ktime_us":58225771,"port":7300,"reachable":true,"wake_lag_us":43}
{"ev":"listen_state_sent","event_to_send_us":179,"listeners":1,"listening":true,"mode":"event","port":7300,"reason":"event","seq":256,"t_us":58225950}
{"cookie":2214,"ev":"listen_event","family":2,"kind":"stop","ktime_us":58326111,"port":7300,"reachable":true,"wake_lag_us":48}
{"ev":"listen_state_sent","event_to_send_us":268,"listeners":0,"listening":false,"mode":"event","port":7300,"reason":"event","seq":257,"t_us":58326379}
{"cookie":2215,"ev":"listen_event","family":2,"kind":"start","ktime_us":58426412,"port":7300,"reachable":true,"wake_lag_us":41}
{"ev":"listen_state_sent","event_to_send_us":263,"listeners":1,"listening":true,"mode":"event","port":7300,"reason":"event","seq":258,"t_us":58426675}
{"age_ms":0,"ev":"flow_closed","flow":544,"kind":2,"reset":true,"why":"peer_abort"}
{"cookie":2215,"ev":"listen_event","family":2,"kind":"stop","ktime_us":58526818,"port":7300,"reachable":true,"wake_lag_us":41}
{"ev":"listen_state_sent","event_to_send_us":272,"listeners":0,"listening":false,"mode":"event","port":7300,"reason":"event","seq":259,"t_us":58527090}
{"cookie":2216,"ev":"listen_event","family":2,"kind":"start","ktime_us":58627097,"port":7300,"reachable":true,"wake_lag_us":57}
{"ev":"listen_state_sent","event_to_send_us":279,"listeners":1,"listening":true,"mode":"event","port":7300,"reason":"event","seq":260,"t_us":58627376}
{"age_ms":1,"ev":"flow_closed","flow":546,"kind":2,"reset":true,"why":"peer_abort"}
{"cookie":2216,"ev":"listen_event","family":2,"kind":"stop","ktime_us":58727488,"port":7300,"reachable":true,"wake_lag_us":39}
{"ev":"listen_state_sent","event_to_send_us":254,"listeners":0,"listening":false,"mode":"event","port":7300,"reason":"event","seq":261,"t_us":58727742}
{"cookie":2217,"ev":"listen_event","family":2,"kind":"start","ktime_us":58827712,"port":7300,"reachable":true,"wake_lag_us":51}
{"ev":"listen_state_sent","event_to_send_us":218,"listeners":1,"listening":true,"mode":"event","port":7300,"reason":"event","seq":262,"t_us":58827930}
{"cookie":2217,"ev":"listen_event","family":2,"kind":"stop","ktime_us":58928145,"port":7300,"reachable":true,"wake_lag_us":30}
{"ev":"listen_state_sent","event_to_send_us":191,"listeners":0,"listening":false,"mode":"event","port":7300,"reason":"event","seq":263,"t_us":58928336}
{"cookie":2218,"ev":"listen_event","family":2,"kind":"start","ktime_us":59028352,"port":7300,"reachable":true,"wake_lag_us":52}
{"ev":"listen_state_sent","event_to_send_us":221,"listeners":1,"listening":true,"mode":"event","port":7300,"reason":"event","seq":264,"t_us":59028573}
{"age_ms":0,"ev":"flow_closed","flow":550,"kind":2,"reset":true,"why":"peer_abort"}
{"cookie":2218,"ev":"listen_event","family":2,"kind":"stop","ktime_us":59128811,"port":7300,"reachable":true,"wake_lag_us":43}
{"ev":"listen_state_sent","event_to_send_us":203,"listeners":0,"listening":false,"mode":"event","port":7300,"reason":"event","seq":265,"t_us":59129014}
{"cookie":2219,"ev":"listen_event","family":2,"kind":"start","ktime_us":59229063,"port":7300,"reachable":true,"wake_lag_us":46}
{"ev":"listen_state_sent","event_to_send_us":240,"listeners":1,"listening":true,"mode":"event","port":7300,"reason":"event","seq":266,"t_us":59229303}
{"age_ms":2,"ev":"flow_closed","flow":552,"kind":2,"reset":true,"why":"peer_abort"}
{"cookie":2219,"ev":"listen_event","family":2,"kind":"stop","ktime_us":59329746,"port":7300,"reachable":true,"wake_lag_us":41}
{"ev":"listen_state_sent","event_to_send_us":183,"listeners":0,"listening":false,"mode":"event","port":7300,"reason":"event","seq":267,"t_us":59329929}
{"cookie":2220,"ev":"listen_event","family":2,"kind":"start","ktime_us":59429967,"port":7300,"reachable":true,"wake_lag_us":62}
{"ev":"listen_state_sent","event_to_send_us":245,"listeners":1,"listening":true,"mode":"event","port":7300,"reason":"event","seq":268,"t_us":59430212}
{"age_ms":2,"ev":"flow_closed","flow":554,"kind":2,"reset":true,"why":"peer_abort"}
{"cookie":2220,"ev":"listen_event","family":2,"kind":"stop","ktime_us":59530364,"port":7300,"reachable":true,"wake_lag_us":42}
{"ev":"listen_state_sent","event_to_send_us":193,"listeners":0,"listening":false,"mode":"event","port":7300,"reason":"event","seq":269,"t_us":59530557}
{"cookie":5170,"ev":"listen_event","family":2,"kind":"start","ktime_us":59630584,"port":7300,"reachable":true,"wake_lag_us":48}
{"ev":"listen_state_sent","event_to_send_us":219,"listeners":1,"listening":true,"mode":"event","port":7300,"reason":"event","seq":270,"t_us":59630803}
{"age_ms":0,"ev":"flow_closed","flow":556,"kind":2,"reset":true,"why":"peer_abort"}
{"cookie":5170,"ev":"listen_event","family":2,"kind":"stop","ktime_us":59731114,"port":7300,"reachable":true,"wake_lag_us":38}
{"ev":"listen_state_sent","event_to_send_us":199,"listeners":0,"listening":false,"mode":"event","port":7300,"reason":"event","seq":271,"t_us":59731313}
{"cookie":2224,"ev":"listen_event","family":2,"kind":"start","ktime_us":59831342,"port":7300,"reachable":true,"wake_lag_us":53}
{"ev":"listen_state_sent","event_to_send_us":207,"listeners":1,"listening":true,"mode":"event","port":7300,"reason":"event","seq":272,"t_us":59831549}
{"age_ms":0,"ev":"flow_closed","flow":558,"kind":2,"reset":true,"why":"peer_abort"}
{"cookie":2224,"ev":"listen_event","family":2,"kind":"stop","ktime_us":59931743,"port":7300,"reachable":true,"wake_lag_us":53}
{"ev":"listen_state_sent","event_to_send_us":196,"listeners":0,"listening":false,"mode":"event","port":7300,"reason":"event","seq":273,"t_us":59931939}
{"cookie":2225,"ev":"listen_event","family":2,"kind":"start","ktime_us":60031953,"port":7300,"reachable":true,"wake_lag_us":62}
{"ev":"listen_state_sent","event_to_send_us":246,"listeners":1,"listening":true,"mode":"event","port":7300,"reason":"event","seq":274,"t_us":60032199}
{"age_ms":1,"ev":"flow_closed","flow":560,"kind":2,"reset":true,"why":"peer_abort"}
{"cookie":2225,"ev":"listen_event","family":2,"kind":"stop","ktime_us":60132350,"port":7300,"reachable":true,"wake_lag_us":42}
{"ev":"listen_state_sent","event_to_send_us":185,"listeners":0,"listening":false,"mode":"event","port":7300,"reason":"event","seq":275,"t_us":60132535}
{"cookie":2226,"ev":"listen_event","family":2,"kind":"start","ktime_us":60232571,"port":7300,"reachable":true,"wake_lag_us":43}
{"ev":"listen_state_sent","event_to_send_us":218,"listeners":1,"listening":true,"mode":"event","port":7300,"reason":"event","seq":276,"t_us":60232789}
{"cookie":2226,"ev":"listen_event","family":2,"kind":"stop","ktime_us":60333262,"port":7300,"reachable":true,"wake_lag_us":53}
{"ev":"listen_state_sent","event_to_send_us":207,"listeners":0,"listening":false,"mode":"event","port":7300,"reason":"event","seq":277,"t_us":60333469}
{"cookie":2227,"ev":"listen_event","family":2,"kind":"start","ktime_us":60433479,"port":7300,"reachable":true,"wake_lag_us":43}
{"ev":"listen_state_sent","event_to_send_us":186,"listeners":1,"listening":true,"mode":"event","port":7300,"reason":"event","seq":278,"t_us":60433665}
{"cookie":2227,"ev":"listen_event","family":2,"kind":"stop","ktime_us":60533912,"port":7300,"reachable":true,"wake_lag_us":43}
{"ev":"listen_state_sent","event_to_send_us":230,"listeners":0,"listening":false,"mode":"event","port":7300,"reason":"event","seq":279,"t_us":60534142}
{"cookie":5183,"ev":"listen_event","family":2,"kind":"start","ktime_us":60634159,"port":7300,"reachable":true,"wake_lag_us":44}
{"ev":"listen_state_sent","event_to_send_us":198,"listeners":1,"listening":true,"mode":"event","port":7300,"reason":"event","seq":280,"t_us":60634357}
{"age_ms":2,"ev":"flow_closed","flow":566,"kind":2,"reset":true,"why":"peer_abort"}
{"cookie":5183,"ev":"listen_event","family":2,"kind":"stop","ktime_us":60734515,"port":7300,"reachable":true,"wake_lag_us":55}
{"ev":"listen_state_sent","event_to_send_us":204,"listeners":0,"listening":false,"mode":"event","port":7300,"reason":"event","seq":281,"t_us":60734719}
{"cookie":5184,"ev":"listen_event","family":2,"kind":"start","ktime_us":60834728,"port":7300,"reachable":true,"wake_lag_us":41}
{"ev":"listen_state_sent","event_to_send_us":189,"listeners":1,"listening":true,"mode":"event","port":7300,"reason":"event","seq":282,"t_us":60834917}
{"cookie":5184,"ev":"listen_event","family":2,"kind":"stop","ktime_us":60935124,"port":7300,"reachable":true,"wake_lag_us":48}
{"ev":"listen_state_sent","event_to_send_us":205,"listeners":0,"listening":false,"mode":"event","port":7300,"reason":"event","seq":283,"t_us":60935329}
{"cookie":5185,"ev":"listen_event","family":2,"kind":"start","ktime_us":61035340,"port":7300,"reachable":true,"wake_lag_us":52}
{"ev":"listen_state_sent","event_to_send_us":222,"listeners":1,"listening":true,"mode":"event","port":7300,"reason":"event","seq":284,"t_us":61035562}
{"age_ms":1,"ev":"flow_closed","flow":570,"kind":2,"reset":true,"why":"peer_abort"}
{"cookie":5185,"ev":"listen_event","family":2,"kind":"stop","ktime_us":61135681,"port":7300,"reachable":true,"wake_lag_us":42}
{"ev":"listen_state_sent","event_to_send_us":186,"listeners":0,"listening":false,"mode":"event","port":7300,"reason":"event","seq":285,"t_us":61135867}
{"cookie":5186,"ev":"listen_event","family":2,"kind":"start","ktime_us":61235886,"port":7300,"reachable":true,"wake_lag_us":42}
{"ev":"listen_state_sent","event_to_send_us":270,"listeners":1,"listening":true,"mode":"event","port":7300,"reason":"event","seq":286,"t_us":61236156}
{"age_ms":0,"ev":"flow_closed","flow":572,"kind":2,"reset":true,"why":"peer_abort"}
{"cookie":5186,"ev":"listen_event","family":2,"kind":"stop","ktime_us":61336193,"port":7300,"reachable":true,"wake_lag_us":47}
{"ev":"listen_state_sent","event_to_send_us":214,"listeners":0,"listening":false,"mode":"event","port":7300,"reason":"event","seq":287,"t_us":61336407}
{"cookie":5187,"ev":"listen_event","family":2,"kind":"start","ktime_us":61436408,"port":7300,"reachable":true,"wake_lag_us":44}
{"ev":"listen_state_sent","event_to_send_us":212,"listeners":1,"listening":true,"mode":"event","port":7300,"reason":"event","seq":288,"t_us":61436620}
{"age_ms":1,"ev":"flow_closed","flow":574,"kind":2,"reset":true,"why":"peer_abort"}
{"cookie":5187,"ev":"listen_event","family":2,"kind":"stop","ktime_us":61537205,"port":7300,"reachable":true,"wake_lag_us":43}
{"ev":"listen_state_sent","event_to_send_us":209,"listeners":0,"listening":false,"mode":"event","port":7300,"reason":"event","seq":289,"t_us":61537414}
{"cookie":5188,"ev":"listen_event","family":2,"kind":"start","ktime_us":61637423,"port":7300,"reachable":true,"wake_lag_us":45}
{"ev":"listen_state_sent","event_to_send_us":215,"listeners":1,"listening":true,"mode":"event","port":7300,"reason":"event","seq":290,"t_us":61637638}
{"age_ms":1,"ev":"flow_closed","flow":576,"kind":2,"reset":true,"why":"peer_abort"}
{"cookie":5188,"ev":"listen_event","family":2,"kind":"stop","ktime_us":61737826,"port":7300,"reachable":true,"wake_lag_us":43}
{"ev":"listen_state_sent","event_to_send_us":217,"listeners":0,"listening":false,"mode":"event","port":7300,"reason":"event","seq":291,"t_us":61738043}
{"cookie":5189,"ev":"listen_event","family":2,"kind":"start","ktime_us":61838076,"port":7300,"reachable":true,"wake_lag_us":46}
{"ev":"listen_state_sent","event_to_send_us":212,"listeners":1,"listening":true,"mode":"event","port":7300,"reason":"event","seq":292,"t_us":61838288}
{"age_ms":1,"ev":"flow_closed","flow":578,"kind":2,"reset":true,"why":"peer_abort"}
{"cookie":5189,"ev":"listen_event","family":2,"kind":"stop","ktime_us":61938427,"port":7300,"reachable":true,"wake_lag_us":42}
{"ev":"listen_state_sent","event_to_send_us":191,"listeners":0,"listening":false,"mode":"event","port":7300,"reason":"event","seq":293,"t_us":61938618}
{"cookie":5190,"ev":"listen_event","family":2,"kind":"start","ktime_us":62038641,"port":7300,"reachable":true,"wake_lag_us":44}
{"ev":"listen_state_sent","event_to_send_us":213,"listeners":1,"listening":true,"mode":"event","port":7300,"reason":"event","seq":294,"t_us":62038854}
{"cookie":5190,"ev":"listen_event","family":2,"kind":"stop","ktime_us":62138991,"port":7300,"reachable":true,"wake_lag_us":59}
{"ev":"listen_state_sent","event_to_send_us":223,"listeners":0,"listening":false,"mode":"event","port":7300,"reason":"event","seq":295,"t_us":62139214}
{"cookie":5191,"ev":"listen_event","family":2,"kind":"start","ktime_us":62239227,"port":7300,"reachable":true,"wake_lag_us":47}
{"ev":"listen_state_sent","event_to_send_us":218,"listeners":1,"listening":true,"mode":"event","port":7300,"reason":"event","seq":296,"t_us":62239445}
{"age_ms":1,"ev":"flow_closed","flow":582,"kind":2,"reset":true,"why":"peer_abort"}
{"cookie":5191,"ev":"listen_event","family":2,"kind":"stop","ktime_us":62339600,"port":7300,"reachable":true,"wake_lag_us":43}
{"ev":"listen_state_sent","event_to_send_us":192,"listeners":0,"listening":false,"mode":"event","port":7300,"reason":"event","seq":297,"t_us":62339792}
{"cookie":5192,"ev":"listen_event","family":2,"kind":"start","ktime_us":62439817,"port":7300,"reachable":true,"wake_lag_us":46}
{"ev":"listen_state_sent","event_to_send_us":253,"listeners":1,"listening":true,"mode":"event","port":7300,"reason":"event","seq":298,"t_us":62440070}
{"cookie":5192,"ev":"listen_event","family":2,"kind":"stop","ktime_us":62540354,"port":7300,"reachable":true,"wake_lag_us":46}
{"ev":"listen_state_sent","event_to_send_us":194,"listeners":0,"listening":false,"mode":"event","port":7300,"reason":"event","seq":299,"t_us":62540548}
{"cookie":5193,"ev":"listen_event","family":2,"kind":"start","ktime_us":62640551,"port":7300,"reachable":true,"wake_lag_us":41}
{"ev":"listen_state_sent","event_to_send_us":205,"listeners":1,"listening":true,"mode":"event","port":7300,"reason":"event","seq":300,"t_us":62640756}
{"age_ms":0,"ev":"flow_closed","flow":586,"kind":2,"reset":true,"why":"peer_abort"}
{"cookie":5193,"ev":"listen_event","family":2,"kind":"stop","ktime_us":62740891,"port":7300,"reachable":true,"wake_lag_us":42}
{"ev":"listen_state_sent","event_to_send_us":227,"listeners":0,"listening":false,"mode":"event","port":7300,"reason":"event","seq":301,"t_us":62741118}
{"cookie":5194,"ev":"listen_event","family":2,"kind":"start","ktime_us":62841112,"port":7300,"reachable":true,"wake_lag_us":58}
{"ev":"listen_state_sent","event_to_send_us":227,"listeners":1,"listening":true,"mode":"event","port":7300,"reason":"event","seq":302,"t_us":62841339}
{"age_ms":1,"ev":"flow_closed","flow":588,"kind":2,"reset":true,"why":"peer_abort"}
{"cookie":5194,"ev":"listen_event","family":2,"kind":"stop","ktime_us":62941926,"port":7300,"reachable":true,"wake_lag_us":43}
{"ev":"listen_state_sent","event_to_send_us":243,"listeners":0,"listening":false,"mode":"event","port":7300,"reason":"event","seq":303,"t_us":62942169}
{"cookie":5195,"ev":"listen_event","family":2,"kind":"start","ktime_us":63042163,"port":7300,"reachable":true,"wake_lag_us":48}
{"ev":"listen_state_sent","event_to_send_us":220,"listeners":1,"listening":true,"mode":"event","port":7300,"reason":"event","seq":304,"t_us":63042383}
{"age_ms":1,"ev":"flow_closed","flow":590,"kind":2,"reset":true,"why":"peer_abort"}
{"cookie":5195,"ev":"listen_event","family":2,"kind":"stop","ktime_us":63142959,"port":7300,"reachable":true,"wake_lag_us":63}
{"ev":"listen_state_sent","event_to_send_us":222,"listeners":0,"listening":false,"mode":"event","port":7300,"reason":"event","seq":305,"t_us":63143181}
{"cookie":5196,"ev":"listen_event","family":2,"kind":"start","ktime_us":63243204,"port":7300,"reachable":true,"wake_lag_us":51}
{"ev":"listen_state_sent","event_to_send_us":221,"listeners":1,"listening":true,"mode":"event","port":7300,"reason":"event","seq":306,"t_us":63243425}
{"age_ms":1,"ev":"flow_closed","flow":592,"kind":2,"reset":true,"why":"peer_abort"}
{"cookie":5196,"ev":"listen_event","family":2,"kind":"stop","ktime_us":63343594,"port":7300,"reachable":true,"wake_lag_us":42}
{"ev":"listen_state_sent","event_to_send_us":190,"listeners":0,"listening":false,"mode":"event","port":7300,"reason":"event","seq":307,"t_us":63343784}
{"cookie":5197,"ev":"listen_event","family":2,"kind":"start","ktime_us":63443816,"port":7300,"reachable":true,"wake_lag_us":45}
{"ev":"listen_state_sent","event_to_send_us":249,"listeners":1,"listening":true,"mode":"event","port":7300,"reason":"event","seq":308,"t_us":63444065}
{"cookie":5197,"ev":"listen_event","family":2,"kind":"stop","ktime_us":63544284,"port":7300,"reachable":true,"wake_lag_us":53}
{"ev":"listen_state_sent","event_to_send_us":204,"listeners":0,"listening":false,"mode":"event","port":7300,"reason":"event","seq":309,"t_us":63544488}
{"cookie":5198,"ev":"listen_event","family":2,"kind":"start","ktime_us":63644496,"port":7300,"reachable":true,"wake_lag_us":49}
{"ev":"listen_state_sent","event_to_send_us":214,"listeners":1,"listening":true,"mode":"event","port":7300,"reason":"event","seq":310,"t_us":63644710}
{"age_ms":0,"ev":"flow_closed","flow":596,"kind":2,"reset":true,"why":"peer_abort"}
{"cookie":5198,"ev":"listen_event","family":2,"kind":"stop","ktime_us":63744836,"port":7300,"reachable":true,"wake_lag_us":53}
{"ev":"listen_state_sent","event_to_send_us":230,"listeners":0,"listening":false,"mode":"event","port":7300,"reason":"event","seq":311,"t_us":63745066}
{"cookie":5199,"ev":"listen_event","family":2,"kind":"start","ktime_us":63845062,"port":7300,"reachable":true,"wake_lag_us":49}
{"ev":"listen_state_sent","event_to_send_us":235,"listeners":1,"listening":true,"mode":"event","port":7300,"reason":"event","seq":312,"t_us":63845297}
{"age_ms":0,"ev":"flow_closed","flow":598,"kind":2,"reset":true,"why":"peer_abort"}
{"cookie":5199,"ev":"listen_event","family":2,"kind":"stop","ktime_us":63945571,"port":7300,"reachable":true,"wake_lag_us":52}
{"ev":"listen_state_sent","event_to_send_us":210,"listeners":0,"listening":false,"mode":"event","port":7300,"reason":"event","seq":313,"t_us":63945781}
{"cookie":5200,"ev":"listen_event","family":2,"kind":"start","ktime_us":64045789,"port":7300,"reachable":true,"wake_lag_us":50}
{"ev":"listen_state_sent","event_to_send_us":247,"listeners":1,"listening":true,"mode":"event","port":7300,"reason":"event","seq":314,"t_us":64046036}
{"cookie":5200,"ev":"listen_event","family":2,"kind":"stop","ktime_us":64146435,"port":7300,"reachable":true,"wake_lag_us":48}
{"ev":"listen_state_sent","event_to_send_us":186,"listeners":0,"listening":false,"mode":"event","port":7300,"reason":"event","seq":315,"t_us":64146621}
{"cookie":2282,"ev":"listen_event","family":2,"kind":"start","ktime_us":64246653,"port":7300,"reachable":true,"wake_lag_us":43}
{"ev":"listen_state_sent","event_to_send_us":214,"listeners":1,"listening":true,"mode":"event","port":7300,"reason":"event","seq":316,"t_us":64246867}
{"cookie":2282,"ev":"listen_event","family":2,"kind":"stop","ktime_us":64346978,"port":7300,"reachable":true,"wake_lag_us":59}
{"ev":"listen_state_sent","event_to_send_us":220,"listeners":0,"listening":false,"mode":"event","port":7300,"reason":"event","seq":317,"t_us":64347198}
{"cookie":2283,"ev":"listen_event","family":2,"kind":"start","ktime_us":64447220,"port":7300,"reachable":true,"wake_lag_us":46}
{"ev":"listen_state_sent","event_to_send_us":213,"listeners":1,"listening":true,"mode":"event","port":7300,"reason":"event","seq":318,"t_us":64447433}
{"age_ms":1,"ev":"flow_closed","flow":604,"kind":2,"reset":true,"why":"peer_abort"}
{"cookie":2283,"ev":"listen_event","family":2,"kind":"stop","ktime_us":64547668,"port":7300,"reachable":true,"wake_lag_us":43}
{"ev":"listen_state_sent","event_to_send_us":187,"listeners":0,"listening":false,"mode":"event","port":7300,"reason":"event","seq":319,"t_us":64547855}
{"cookie":2284,"ev":"listen_event","family":2,"kind":"start","ktime_us":64647873,"port":7300,"reachable":true,"wake_lag_us":41}
{"ev":"listen_state_sent","event_to_send_us":232,"listeners":1,"listening":true,"mode":"event","port":7300,"reason":"event","seq":320,"t_us":64648105}
{"age_ms":0,"ev":"flow_closed","flow":606,"kind":2,"reset":true,"why":"peer_abort"}
{"cookie":2284,"ev":"listen_event","family":2,"kind":"stop","ktime_us":64748279,"port":7300,"reachable":true,"wake_lag_us":40}
{"ev":"listen_state_sent","event_to_send_us":183,"listeners":0,"listening":false,"mode":"event","port":7300,"reason":"event","seq":321,"t_us":64748462}
{"cookie":2285,"ev":"listen_event","family":2,"kind":"start","ktime_us":64848492,"port":7300,"reachable":true,"wake_lag_us":43}
{"ev":"listen_state_sent","event_to_send_us":178,"listeners":1,"listening":true,"mode":"event","port":7300,"reason":"event","seq":322,"t_us":64848670}
{"age_ms":0,"ev":"flow_closed","flow":608,"kind":2,"reset":true,"why":"peer_abort"}
{"cookie":2285,"ev":"listen_event","family":2,"kind":"stop","ktime_us":64949204,"port":7300,"reachable":true,"wake_lag_us":25}
{"ev":"listen_state_sent","event_to_send_us":179,"listeners":0,"listening":false,"mode":"event","port":7300,"reason":"event","seq":323,"t_us":64949383}
{"cookie":2289,"ev":"listen_event","family":2,"kind":"start","ktime_us":65049416,"port":7300,"reachable":true,"wake_lag_us":49}
{"ev":"listen_state_sent","event_to_send_us":223,"listeners":1,"listening":true,"mode":"event","port":7300,"reason":"event","seq":324,"t_us":65049639}
{"age_ms":1,"ev":"flow_closed","flow":610,"kind":2,"reset":true,"why":"peer_abort"}
{"cookie":2289,"ev":"listen_event","family":2,"kind":"stop","ktime_us":65150025,"port":7300,"reachable":true,"wake_lag_us":50}
{"ev":"listen_state_sent","event_to_send_us":197,"listeners":0,"listening":false,"mode":"event","port":7300,"reason":"event","seq":325,"t_us":65150222}
{"cookie":2290,"ev":"listen_event","family":2,"kind":"start","ktime_us":65250243,"port":7300,"reachable":true,"wake_lag_us":50}
{"ev":"listen_state_sent","event_to_send_us":209,"listeners":1,"listening":true,"mode":"event","port":7300,"reason":"event","seq":326,"t_us":65250452}
{"age_ms":1,"ev":"flow_closed","flow":612,"kind":2,"reset":true,"why":"peer_abort"}
{"cookie":2290,"ev":"listen_event","family":2,"kind":"stop","ktime_us":65350585,"port":7300,"reachable":true,"wake_lag_us":42}
{"ev":"listen_state_sent","event_to_send_us":186,"listeners":0,"listening":false,"mode":"event","port":7300,"reason":"event","seq":327,"t_us":65350771}
{"cookie":2291,"ev":"listen_event","family":2,"kind":"start","ktime_us":65450798,"port":7300,"reachable":true,"wake_lag_us":41}
{"ev":"listen_state_sent","event_to_send_us":256,"listeners":1,"listening":true,"mode":"event","port":7300,"reason":"event","seq":328,"t_us":65451054}
{"cookie":2291,"ev":"listen_event","family":2,"kind":"stop","ktime_us":65551201,"port":7300,"reachable":true,"wake_lag_us":53}
{"ev":"listen_state_sent","event_to_send_us":212,"listeners":0,"listening":false,"mode":"event","port":7300,"reason":"event","seq":329,"t_us":65551413}
{"cookie":2292,"ev":"listen_event","family":2,"kind":"start","ktime_us":65651414,"port":7300,"reachable":true,"wake_lag_us":42}
{"ev":"listen_state_sent","event_to_send_us":210,"listeners":1,"listening":true,"mode":"event","port":7300,"reason":"event","seq":330,"t_us":65651624}
{"age_ms":1,"ev":"flow_closed","flow":616,"kind":2,"reset":true,"why":"peer_abort"}
{"cookie":2292,"ev":"listen_event","family":2,"kind":"stop","ktime_us":65751746,"port":7300,"reachable":true,"wake_lag_us":41}
{"ev":"listen_state_sent","event_to_send_us":185,"listeners":0,"listening":false,"mode":"event","port":7300,"reason":"event","seq":331,"t_us":65751931}
{"cookie":2293,"ev":"listen_event","family":2,"kind":"start","ktime_us":65851964,"port":7300,"reachable":true,"wake_lag_us":60}
{"ev":"listen_state_sent","event_to_send_us":235,"listeners":1,"listening":true,"mode":"event","port":7300,"reason":"event","seq":332,"t_us":65852199}
{"age_ms":1,"ev":"flow_closed","flow":618,"kind":2,"reset":true,"why":"peer_abort"}
{"cookie":2293,"ev":"listen_event","family":2,"kind":"stop","ktime_us":65952441,"port":7300,"reachable":true,"wake_lag_us":41}
{"ev":"listen_state_sent","event_to_send_us":196,"listeners":0,"listening":false,"mode":"event","port":7300,"reason":"event","seq":333,"t_us":65952637}
{"cookie":5225,"ev":"listen_event","family":2,"kind":"start","ktime_us":66052655,"port":7300,"reachable":true,"wake_lag_us":45}
{"ev":"listen_state_sent","event_to_send_us":202,"listeners":1,"listening":true,"mode":"event","port":7300,"reason":"event","seq":334,"t_us":66052857}
{"cookie":5225,"ev":"listen_event","family":2,"kind":"stop","ktime_us":66153113,"port":7300,"reachable":true,"wake_lag_us":50}
{"ev":"listen_state_sent","event_to_send_us":203,"listeners":0,"listening":false,"mode":"event","port":7300,"reason":"event","seq":335,"t_us":66153316}
{"cookie":5226,"ev":"listen_event","family":2,"kind":"start","ktime_us":66253334,"port":7300,"reachable":true,"wake_lag_us":49}
{"ev":"listen_state_sent","event_to_send_us":223,"listeners":1,"listening":true,"mode":"event","port":7300,"reason":"event","seq":336,"t_us":66253557}
{"age_ms":1,"ev":"flow_closed","flow":622,"kind":2,"reset":true,"why":"peer_abort"}
{"cookie":5226,"ev":"listen_event","family":2,"kind":"stop","ktime_us":66353669,"port":7300,"reachable":true,"wake_lag_us":54}
{"ev":"listen_state_sent","event_to_send_us":211,"listeners":0,"listening":false,"mode":"event","port":7300,"reason":"event","seq":337,"t_us":66353880}
{"cookie":5227,"ev":"listen_event","family":2,"kind":"start","ktime_us":66453884,"port":7300,"reachable":true,"wake_lag_us":43}
{"ev":"listen_state_sent","event_to_send_us":259,"listeners":1,"listening":true,"mode":"event","port":7300,"reason":"event","seq":338,"t_us":66454143}
{"age_ms":0,"ev":"flow_closed","flow":624,"kind":2,"reset":true,"why":"peer_abort"}
{"cookie":5227,"ev":"listen_event","family":2,"kind":"stop","ktime_us":66554451,"port":7300,"reachable":true,"wake_lag_us":42}
{"ev":"listen_state_sent","event_to_send_us":191,"listeners":0,"listening":false,"mode":"event","port":7300,"reason":"event","seq":339,"t_us":66554642}
{"cookie":5228,"ev":"listen_event","family":2,"kind":"start","ktime_us":66654657,"port":7300,"reachable":true,"wake_lag_us":42}
{"ev":"listen_state_sent","event_to_send_us":208,"listeners":1,"listening":true,"mode":"event","port":7300,"reason":"event","seq":340,"t_us":66654865}
{"cookie":5228,"ev":"listen_event","family":2,"kind":"stop","ktime_us":66755260,"port":7300,"reachable":true,"wake_lag_us":47}
{"ev":"listen_state_sent","event_to_send_us":198,"listeners":0,"listening":false,"mode":"event","port":7300,"reason":"event","seq":341,"t_us":66755458}
{"cookie":5229,"ev":"listen_event","family":2,"kind":"start","ktime_us":66855483,"port":7300,"reachable":true,"wake_lag_us":49}
{"ev":"listen_state_sent","event_to_send_us":221,"listeners":1,"listening":true,"mode":"event","port":7300,"reason":"event","seq":342,"t_us":66855704}
{"age_ms":0,"ev":"flow_closed","flow":628,"kind":2,"reset":true,"why":"peer_abort"}
{"cookie":5229,"ev":"listen_event","family":2,"kind":"stop","ktime_us":66955986,"port":7300,"reachable":true,"wake_lag_us":54}
{"ev":"listen_state_sent","event_to_send_us":235,"listeners":0,"listening":false,"mode":"event","port":7300,"reason":"event","seq":343,"t_us":66956221}
{"cookie":5230,"ev":"listen_event","family":2,"kind":"start","ktime_us":67056231,"port":7300,"reachable":true,"wake_lag_us":50}
{"ev":"listen_state_sent","event_to_send_us":220,"listeners":1,"listening":true,"mode":"event","port":7300,"reason":"event","seq":344,"t_us":67056451}
{"age_ms":1,"ev":"flow_closed","flow":630,"kind":2,"reset":true,"why":"peer_abort"}
{"cookie":5230,"ev":"listen_event","family":2,"kind":"stop","ktime_us":67156602,"port":7300,"reachable":true,"wake_lag_us":43}
{"ev":"listen_state_sent","event_to_send_us":191,"listeners":0,"listening":false,"mode":"event","port":7300,"reason":"event","seq":345,"t_us":67156793}
{"cookie":5231,"ev":"listen_event","family":2,"kind":"start","ktime_us":67256812,"port":7300,"reachable":true,"wake_lag_us":42}
{"ev":"listen_state_sent","event_to_send_us":238,"listeners":1,"listening":true,"mode":"event","port":7300,"reason":"event","seq":346,"t_us":67257050}
{"cookie":5231,"ev":"listen_event","family":2,"kind":"stop","ktime_us":67357290,"port":7300,"reachable":true,"wake_lag_us":25}
{"ev":"listen_state_sent","event_to_send_us":181,"listeners":0,"listening":false,"mode":"event","port":7300,"reason":"event","seq":347,"t_us":67357471}
{"cookie":5232,"ev":"listen_event","family":2,"kind":"start","ktime_us":67457503,"port":7300,"reachable":true,"wake_lag_us":45}
{"ev":"listen_state_sent","event_to_send_us":218,"listeners":1,"listening":true,"mode":"event","port":7300,"reason":"event","seq":348,"t_us":67457721}
{"age_ms":0,"ev":"flow_closed","flow":634,"kind":2,"reset":true,"why":"peer_abort"}
{"cookie":5232,"ev":"listen_event","family":2,"kind":"stop","ktime_us":67558492,"port":7300,"reachable":true,"wake_lag_us":41}
{"ev":"listen_state_sent","event_to_send_us":190,"listeners":0,"listening":false,"mode":"event","port":7300,"reason":"event","seq":349,"t_us":67558682}
{"cookie":5233,"ev":"listen_event","family":2,"kind":"start","ktime_us":67658705,"port":7300,"reachable":true,"wake_lag_us":41}
{"ev":"listen_state_sent","event_to_send_us":209,"listeners":1,"listening":true,"mode":"event","port":7300,"reason":"event","seq":350,"t_us":67658914}
{"cookie":5233,"ev":"listen_event","family":2,"kind":"stop","ktime_us":67759364,"port":7300,"reachable":true,"wake_lag_us":41}
{"ev":"listen_state_sent","event_to_send_us":193,"listeners":0,"listening":false,"mode":"event","port":7300,"reason":"event","seq":351,"t_us":67759557}
{"cookie":5234,"ev":"listen_event","family":2,"kind":"start","ktime_us":67859580,"port":7300,"reachable":true,"wake_lag_us":44}
{"ev":"listen_state_sent","event_to_send_us":195,"listeners":1,"listening":true,"mode":"event","port":7300,"reason":"event","seq":352,"t_us":67859775}
{"cookie":5234,"ev":"listen_event","family":2,"kind":"stop","ktime_us":67960255,"port":7300,"reachable":true,"wake_lag_us":41}
{"ev":"listen_state_sent","event_to_send_us":193,"listeners":0,"listening":false,"mode":"event","port":7300,"reason":"event","seq":353,"t_us":67960448}
{"cookie":5235,"ev":"listen_event","family":2,"kind":"start","ktime_us":68060469,"port":7300,"reachable":true,"wake_lag_us":48}
{"ev":"listen_state_sent","event_to_send_us":201,"listeners":1,"listening":true,"mode":"event","port":7300,"reason":"event","seq":354,"t_us":68060670}
{"age_ms":0,"ev":"flow_closed","flow":640,"kind":2,"reset":true,"why":"peer_abort"}
{"cookie":5235,"ev":"listen_event","family":2,"kind":"stop","ktime_us":68160819,"port":7300,"reachable":true,"wake_lag_us":55}
{"ev":"listen_state_sent","event_to_send_us":222,"listeners":0,"listening":false,"mode":"event","port":7300,"reason":"event","seq":355,"t_us":68161041}
{"cookie":5236,"ev":"listen_event","family":2,"kind":"start","ktime_us":68261062,"port":7300,"reachable":true,"wake_lag_us":45}
{"ev":"listen_state_sent","event_to_send_us":274,"listeners":1,"listening":true,"mode":"event","port":7300,"reason":"event","seq":356,"t_us":68261336}
{"age_ms":1,"ev":"flow_closed","flow":642,"kind":2,"reset":true,"why":"peer_abort"}
{"cookie":5236,"ev":"listen_event","family":2,"kind":"stop","ktime_us":68361518,"port":7300,"reachable":true,"wake_lag_us":42}
{"ev":"listen_state_sent","event_to_send_us":192,"listeners":0,"listening":false,"mode":"event","port":7300,"reason":"event","seq":357,"t_us":68361710}
{"cookie":5237,"ev":"listen_event","family":2,"kind":"start","ktime_us":68461731,"port":7300,"reachable":true,"wake_lag_us":41}
{"ev":"listen_state_sent","event_to_send_us":211,"listeners":1,"listening":true,"mode":"event","port":7300,"reason":"event","seq":358,"t_us":68461942}
{"cookie":5237,"ev":"listen_event","family":2,"kind":"stop","ktime_us":68562120,"port":7300,"reachable":true,"wake_lag_us":55}
{"ev":"listen_state_sent","event_to_send_us":209,"listeners":0,"listening":false,"mode":"event","port":7300,"reason":"event","seq":359,"t_us":68562329}
{"cookie":5238,"ev":"listen_event","family":2,"kind":"start","ktime_us":68662338,"port":7300,"reachable":true,"wake_lag_us":42}
{"ev":"listen_state_sent","event_to_send_us":209,"listeners":1,"listening":true,"mode":"event","port":7300,"reason":"event","seq":360,"t_us":68662547}
{"age_ms":1,"ev":"flow_closed","flow":646,"kind":2,"reset":true,"why":"peer_abort"}
{"cookie":5238,"ev":"listen_event","family":2,"kind":"stop","ktime_us":68762823,"port":7300,"reachable":true,"wake_lag_us":45}
{"ev":"listen_state_sent","event_to_send_us":217,"listeners":0,"listening":false,"mode":"event","port":7300,"reason":"event","seq":361,"t_us":68763040}
{"cookie":2333,"ev":"listen_event","family":2,"kind":"start","ktime_us":68863074,"port":7300,"reachable":true,"wake_lag_us":45}
{"ev":"listen_state_sent","event_to_send_us":225,"listeners":1,"listening":true,"mode":"event","port":7300,"reason":"event","seq":362,"t_us":68863299}
{"age_ms":1,"ev":"flow_closed","flow":648,"kind":2,"reset":true,"why":"peer_abort"}
{"cookie":2333,"ev":"listen_event","family":2,"kind":"stop","ktime_us":68964030,"port":7300,"reachable":true,"wake_lag_us":56}
{"ev":"listen_state_sent","event_to_send_us":227,"listeners":0,"listening":false,"mode":"event","port":7300,"reason":"event","seq":363,"t_us":68964257}
{"cookie":2334,"ev":"listen_event","family":2,"kind":"start","ktime_us":69064318,"port":7300,"reachable":true,"wake_lag_us":49}
{"ev":"listen_state_sent","event_to_send_us":306,"listeners":1,"listening":true,"mode":"event","port":7300,"reason":"event","seq":364,"t_us":69064624}
{"age_ms":1,"ev":"flow_closed","flow":650,"kind":2,"reset":true,"why":"peer_abort"}
{"cookie":2334,"ev":"listen_event","family":2,"kind":"stop","ktime_us":69165022,"port":7300,"reachable":true,"wake_lag_us":86}
{"ev":"listen_state_sent","event_to_send_us":250,"listeners":0,"listening":false,"mode":"event","port":7300,"reason":"event","seq":365,"t_us":69165272}
{"cookie":2335,"ev":"listen_event","family":2,"kind":"start","ktime_us":69265211,"port":7300,"reachable":true,"wake_lag_us":210}
{"ev":"listen_state_sent","event_to_send_us":360,"listeners":1,"listening":true,"mode":"event","port":7300,"reason":"event","seq":366,"t_us":69265571}
{"age_ms":1,"ev":"flow_closed","flow":652,"kind":2,"reset":true,"why":"peer_abort"}
{"cookie":2335,"ev":"listen_event","family":2,"kind":"stop","ktime_us":69365590,"port":7300,"reachable":true,"wake_lag_us":41}
{"ev":"listen_state_sent","event_to_send_us":254,"listeners":0,"listening":false,"mode":"event","port":7300,"reason":"event","seq":367,"t_us":69365844}
{"cookie":2336,"ev":"listen_event","family":2,"kind":"start","ktime_us":69465873,"port":7300,"reachable":true,"wake_lag_us":44}
{"ev":"listen_state_sent","event_to_send_us":301,"listeners":1,"listening":true,"mode":"event","port":7300,"reason":"event","seq":368,"t_us":69466174}
{"cookie":2336,"ev":"listen_event","family":2,"kind":"stop","ktime_us":69566344,"port":7300,"reachable":true,"wake_lag_us":37}
{"ev":"listen_state_sent","event_to_send_us":174,"listeners":0,"listening":false,"mode":"event","port":7300,"reason":"event","seq":369,"t_us":69566518}
{"cookie":2337,"ev":"listen_event","family":2,"kind":"start","ktime_us":69666613,"port":7300,"reachable":true,"wake_lag_us":41}
{"ev":"listen_state_sent","event_to_send_us":172,"listeners":1,"listening":true,"mode":"event","port":7300,"reason":"event","seq":370,"t_us":69666785}
{"cookie":2337,"ev":"listen_event","family":2,"kind":"stop","ktime_us":69766983,"port":7300,"reachable":true,"wake_lag_us":59}
{"ev":"listen_state_sent","event_to_send_us":210,"listeners":0,"listening":false,"mode":"event","port":7300,"reason":"event","seq":371,"t_us":69767193}
{"cookie":2338,"ev":"listen_event","family":2,"kind":"start","ktime_us":69867281,"port":7300,"reachable":true,"wake_lag_us":49}
{"ev":"listen_state_sent","event_to_send_us":183,"listeners":1,"listening":true,"mode":"event","port":7300,"reason":"event","seq":372,"t_us":69867464}
{"age_ms":1,"ev":"flow_closed","flow":658,"kind":2,"reset":true,"why":"peer_abort"}
{"cookie":2338,"ev":"listen_event","family":2,"kind":"stop","ktime_us":69967635,"port":7300,"reachable":true,"wake_lag_us":38}
{"ev":"listen_state_sent","event_to_send_us":169,"listeners":0,"listening":false,"mode":"event","port":7300,"reason":"event","seq":373,"t_us":69967804}
{"cookie":2339,"ev":"listen_event","family":2,"kind":"start","ktime_us":70067903,"port":7300,"reachable":true,"wake_lag_us":43}
{"ev":"listen_state_sent","event_to_send_us":237,"listeners":1,"listening":true,"mode":"event","port":7300,"reason":"event","seq":374,"t_us":70068140}
{"age_ms":0,"ev":"flow_closed","flow":660,"kind":2,"reset":true,"why":"peer_abort"}
{"cookie":2339,"ev":"listen_event","family":2,"kind":"stop","ktime_us":70168267,"port":7300,"reachable":true,"wake_lag_us":40}
{"ev":"listen_state_sent","event_to_send_us":174,"listeners":0,"listening":false,"mode":"event","port":7300,"reason":"event","seq":375,"t_us":70168441}
{"cookie":2340,"ev":"listen_event","family":2,"kind":"start","ktime_us":70268539,"port":7300,"reachable":true,"wake_lag_us":46}
{"ev":"listen_state_sent","event_to_send_us":182,"listeners":1,"listening":true,"mode":"event","port":7300,"reason":"event","seq":376,"t_us":70268721}
{"cookie":2340,"ev":"listen_event","family":2,"kind":"stop","ktime_us":70368873,"port":7300,"reachable":true,"wake_lag_us":39}
{"ev":"listen_state_sent","event_to_send_us":193,"listeners":0,"listening":false,"mode":"event","port":7300,"reason":"event","seq":377,"t_us":70369066}
{"cookie":2341,"ev":"listen_event","family":2,"kind":"start","ktime_us":70469168,"port":7300,"reachable":true,"wake_lag_us":47}
{"ev":"listen_state_sent","event_to_send_us":180,"listeners":1,"listening":true,"mode":"event","port":7300,"reason":"event","seq":378,"t_us":70469348}
{"age_ms":1,"ev":"flow_closed","flow":664,"kind":2,"reset":true,"why":"peer_abort"}
{"cookie":2341,"ev":"listen_event","family":2,"kind":"stop","ktime_us":70569489,"port":7300,"reachable":true,"wake_lag_us":17}
{"ev":"listen_state_sent","event_to_send_us":157,"listeners":0,"listening":false,"mode":"event","port":7300,"reason":"event","seq":379,"t_us":70569646}
{"cookie":2342,"ev":"listen_event","family":2,"kind":"start","ktime_us":70669746,"port":7300,"reachable":true,"wake_lag_us":41}
{"ev":"listen_state_sent","event_to_send_us":173,"listeners":1,"listening":true,"mode":"event","port":7300,"reason":"event","seq":380,"t_us":70669919}
{"cookie":2342,"ev":"listen_event","family":2,"kind":"stop","ktime_us":70770110,"port":7300,"reachable":true,"wake_lag_us":43}
{"ev":"listen_state_sent","event_to_send_us":259,"listeners":0,"listening":false,"mode":"event","port":7300,"reason":"event","seq":381,"t_us":70770369}
{"cookie":2343,"ev":"listen_event","family":2,"kind":"start","ktime_us":70870406,"port":7300,"reachable":true,"wake_lag_us":48}
{"ev":"listen_state_sent","event_to_send_us":272,"listeners":1,"listening":true,"mode":"event","port":7300,"reason":"event","seq":382,"t_us":70870678}
{"age_ms":1,"ev":"flow_closed","flow":668,"kind":2,"reset":true,"why":"peer_abort"}
{"cookie":2343,"ev":"listen_event","family":2,"kind":"stop","ktime_us":70970733,"port":7300,"reachable":true,"wake_lag_us":39}
{"ev":"listen_state_sent","event_to_send_us":252,"listeners":0,"listening":false,"mode":"event","port":7300,"reason":"event","seq":383,"t_us":70970985}
{"cookie":2344,"ev":"listen_event","family":2,"kind":"start","ktime_us":71071034,"port":7300,"reachable":true,"wake_lag_us":42}
{"ev":"listen_state_sent","event_to_send_us":277,"listeners":1,"listening":true,"mode":"event","port":7300,"reason":"event","seq":384,"t_us":71071311}
{"age_ms":1,"ev":"flow_closed","flow":670,"kind":2,"reset":true,"why":"peer_abort"}
{"cookie":2344,"ev":"listen_event","family":2,"kind":"stop","ktime_us":71171416,"port":7300,"reachable":true,"wake_lag_us":42}
{"ev":"listen_state_sent","event_to_send_us":251,"listeners":0,"listening":false,"mode":"event","port":7300,"reason":"event","seq":385,"t_us":71171667}
{"cookie":2345,"ev":"listen_event","family":2,"kind":"start","ktime_us":71271691,"port":7300,"reachable":true,"wake_lag_us":41}
{"ev":"listen_state_sent","event_to_send_us":262,"listeners":1,"listening":true,"mode":"event","port":7300,"reason":"event","seq":386,"t_us":71271953}
{"cookie":2345,"ev":"listen_event","family":2,"kind":"stop","ktime_us":71372024,"port":7300,"reachable":true,"wake_lag_us":44}
{"ev":"listen_state_sent","event_to_send_us":185,"listeners":0,"listening":false,"mode":"event","port":7300,"reason":"event","seq":387,"t_us":71372209}
{"cookie":2346,"ev":"listen_event","family":2,"kind":"start","ktime_us":71472298,"port":7300,"reachable":true,"wake_lag_us":46}
{"ev":"listen_state_sent","event_to_send_us":179,"listeners":1,"listening":true,"mode":"event","port":7300,"reason":"event","seq":388,"t_us":71472477}
{"age_ms":1,"ev":"flow_closed","flow":674,"kind":2,"reset":true,"why":"peer_abort"}
{"cookie":2346,"ev":"listen_event","family":2,"kind":"stop","ktime_us":71572648,"port":7300,"reachable":true,"wake_lag_us":48}
{"ev":"listen_state_sent","event_to_send_us":184,"listeners":0,"listening":false,"mode":"event","port":7300,"reason":"event","seq":389,"t_us":71572832}
{"cookie":2347,"ev":"listen_event","family":2,"kind":"start","ktime_us":71672916,"port":7300,"reachable":true,"wake_lag_us":41}
{"ev":"listen_state_sent","event_to_send_us":226,"listeners":1,"listening":true,"mode":"event","port":7300,"reason":"event","seq":390,"t_us":71673142}
{"age_ms":1,"ev":"flow_closed","flow":676,"kind":2,"reset":true,"why":"peer_abort"}
{"cookie":2347,"ev":"listen_event","family":2,"kind":"stop","ktime_us":71773265,"port":7300,"reachable":true,"wake_lag_us":42}
{"ev":"listen_state_sent","event_to_send_us":194,"listeners":0,"listening":false,"mode":"event","port":7300,"reason":"event","seq":391,"t_us":71773459}
{"cookie":5287,"ev":"listen_event","family":2,"kind":"start","ktime_us":71873545,"port":7300,"reachable":true,"wake_lag_us":48}
{"ev":"listen_state_sent","event_to_send_us":209,"listeners":1,"listening":true,"mode":"event","port":7300,"reason":"event","seq":392,"t_us":71873754}
{"cookie":5287,"ev":"listen_event","family":2,"kind":"stop","ktime_us":71973908,"port":7300,"reachable":true,"wake_lag_us":41}
{"ev":"listen_state_sent","event_to_send_us":206,"listeners":0,"listening":false,"mode":"event","port":7300,"reason":"event","seq":393,"t_us":71974114}
{"cookie":5288,"ev":"listen_event","family":2,"kind":"start","ktime_us":72074200,"port":7300,"reachable":true,"wake_lag_us":45}
{"ev":"listen_state_sent","event_to_send_us":189,"listeners":1,"listening":true,"mode":"event","port":7300,"reason":"event","seq":394,"t_us":72074389}
{"age_ms":1,"ev":"flow_closed","flow":680,"kind":2,"reset":true,"why":"peer_abort"}
{"cookie":5288,"ev":"listen_event","family":2,"kind":"stop","ktime_us":72174574,"port":7300,"reachable":true,"wake_lag_us":50}
{"ev":"listen_state_sent","event_to_send_us":211,"listeners":0,"listening":false,"mode":"event","port":7300,"reason":"event","seq":395,"t_us":72174785}
{"cookie":5289,"ev":"listen_event","family":2,"kind":"start","ktime_us":72274847,"port":7300,"reachable":true,"wake_lag_us":43}
{"ev":"listen_state_sent","event_to_send_us":218,"listeners":1,"listening":true,"mode":"event","port":7300,"reason":"event","seq":396,"t_us":72275065}
{"age_ms":0,"ev":"flow_closed","flow":682,"kind":2,"reset":true,"why":"peer_abort"}
{"cookie":5289,"ev":"listen_event","family":2,"kind":"stop","ktime_us":72375191,"port":7300,"reachable":true,"wake_lag_us":46}
{"ev":"listen_state_sent","event_to_send_us":195,"listeners":0,"listening":false,"mode":"event","port":7300,"reason":"event","seq":397,"t_us":72375386}
{"cookie":5290,"ev":"listen_event","family":2,"kind":"start","ktime_us":72475420,"port":7300,"reachable":true,"wake_lag_us":40}
{"ev":"listen_state_sent","event_to_send_us":196,"listeners":1,"listening":true,"mode":"event","port":7300,"reason":"event","seq":398,"t_us":72475616}
{"age_ms":1,"ev":"flow_closed","flow":684,"kind":2,"reset":true,"why":"peer_abort"}
{"cookie":5290,"ev":"listen_event","family":2,"kind":"stop","ktime_us":72575817,"port":7300,"reachable":true,"wake_lag_us":50}
{"ev":"listen_state_sent","event_to_send_us":213,"listeners":0,"listening":false,"mode":"event","port":7300,"reason":"event","seq":399,"t_us":72576030}
{"cookie":5291,"ev":"listen_event","family":2,"kind":"start","ktime_us":72676086,"port":7300,"reachable":true,"wake_lag_us":55}
{"ev":"listen_state_sent","event_to_send_us":221,"listeners":1,"listening":true,"mode":"event","port":7300,"reason":"event","seq":400,"t_us":72676307}
{"age_ms":0,"ev":"flow_closed","flow":686,"kind":2,"reset":true,"why":"peer_abort"}
{"cookie":5291,"ev":"listen_event","family":2,"kind":"stop","ktime_us":72776495,"port":7300,"reachable":true,"wake_lag_us":45}
{"ev":"listen_state_sent","event_to_send_us":191,"listeners":0,"listening":false,"mode":"event","port":7300,"reason":"event","seq":401,"t_us":72776686}
{"cookie":5292,"ev":"listen_event","family":2,"kind":"start","ktime_us":72876776,"port":7300,"reachable":true,"wake_lag_us":42}
{"ev":"listen_state_sent","event_to_send_us":199,"listeners":1,"listening":true,"mode":"event","port":7300,"reason":"event","seq":402,"t_us":72876975}
{"cookie":5292,"ev":"listen_event","family":2,"kind":"stop","ktime_us":72977106,"port":7300,"reachable":true,"wake_lag_us":50}
{"ev":"listen_state_sent","event_to_send_us":204,"listeners":0,"listening":false,"mode":"event","port":7300,"reason":"event","seq":403,"t_us":72977310}
