candidate,initial_all_peer_burst,all_peer_burst_service_barrier,source_increment,run,serial_line,kind,variant,protocol,population,eligible_active,participating_peers,maximum_inflight_datagrams,payload,target_per_s,actual_offered_per_s,declared_offering_seconds,offered_per_total_measured_s,sent_per_total_measured_s,actual_sent_per_s,maximum_inflight_peers,actor_user_cpu_s,actor_system_cpu_s,latency_sample_count,repeat,duration_s,delivered_roundtrips,application_bytes_delivered,application_GiB_per_s,delivered_datagrams_per_s,vm_busy_core_seconds,vm_mean_busy_cores,vm_steal_seconds,vm_core_seconds_per_delivered_GiB,vm_cpu_us_per_delivered_datagram,p50_us,p95_us,p99_us,offered,sent,guest_delivered,app_delivered,loss_host_guest,loss_guest_host,qemu_cpu_seconds_approx,corrupt,boundary_violations
original-kernel-module,False,False,increment-r,00-kernel-udp,971,udp-rr,kernel,udp,1,1,,,0,0,6108.8448296604,,6108.8448296604,6108.8448296604,6108.8448296604,,,,6110,0,1.000189098,6110,0,0.0,12217.6896593208,1.17,1.1697787971690128,0.0,,95.74468085106383,159.57,197.677,316.516,6110,6110,6110,6110,0,0,3.217533707298708,0,0
original-kernel-module,False,False,increment-r,00-kernel-udp,974,udp-open,kernel,udp,1,1,1,1,0,1000,1000.0,1.0,999.9477007353561,999.9477007353561,1000.0,1,0.200838,0.720752,0,0,1.000052302,1000,0,0.0,1999.8954014707122,1.79,1.7899063843162875,0.0,,895.0,,,,1000,1000,1000,1000,0,0,1.3671646448878452,0,0
original-kernel-module,False,False,increment-r,00-kernel-udp,977,udp-open,kernel,udp,1,1,1,622,0,10000,10000.0,1.0,9425.566049942046,9425.566049942046,10000.0,1,0.079254,0.632253,0,0,1.060944239,10000,0,0.0,18851.132099884093,1.41,1.3290048130418286,0.0,,70.5,,,,10000,10000,10000,10000,0,0,3.583090482986723,0,0
original-kernel-module,False,False,increment-r,00-kernel-udp,980,udp-open,kernel,udp,1,1,1,5543,0,0,14825.0,1.0,9871.311964072116,9871.311964072116,14825.0,1,0.089335,0.894532,0,0,1.501826713,14825,0,0.0,19742.623928144232,2.01,1.338370121267113,0.0,,67.79089376053962,,,,14825,14825,14825,14825,0,0,5.21925356979072,0,0
original-kernel-module,False,False,increment-r,00-kernel-udp,983,udp-open,kernel,udp,1,1,1,1,64,1000,1000.0,1.0,999.9478307217756,999.9478307217756,1000.0,1,0.287132,0.610786,1000,0,1.000052172,1000,128000,0.00011920307048818775,1999.8956614435513,1.15,1.149940005330042,0.0,9646.8992,575.0,332.581,387.253,455.265,1000,1000,1000,1000,0,0,1.7590846139602867,0,0
original-kernel-module,False,False,increment-r,00-kernel-udp,986,udp-open,kernel,udp,1,1,1,3395,64,10000,10000.0,1.0,3333.239605968853,3333.239605968853,10000.0,1,0.708442,1.8879890000000001,7633,0,3.000084357,7633,977024,0.00030329964056444473,5088.523582472051,3.26,1.086636111545846,0.0,3582.7148015197167,213.54644307611687,148618.119,152803.776,154435.461,10000,10000,7633,7633,2367,0,5.354793251780979,0,0
original-kernel-module,False,False,increment-r,00-kernel-udp,989,udp-open,kernel,udp,1,1,1,19721,64,0,26186.0,1.0,8728.263979479709,8728.263979479709,26186.0,1,0.70021,1.912353,7487,0,3.000138408,7487,958336,0.00029749292515530475,4991.103063802381,3.22,1.073283816311184,0.0,3607.7624896487246,215.03940162949112,154145.915,171834.139,174728.153,26186,26186,7487,7487,18699,0,5.414375518947466,0,0
original-kernel-module,False,False,increment-r,00-kernel-udp,992,udp-open,kernel,udp,1,1,1,4,1431,1000,1000.0,1.0,999.9491025906782,999.9491025906782,1000.0,1,0.213254,0.672967,1000,0,1.0000509,1000,2862000,0.002665309544293695,1999.8982051813564,1.66,1.6599155103005256,0.0,622.7852647938504,830.0,316.857,441.304,481.694,1000,1000,1000,1000,0,0,1.6530082305219125,0,0
original-kernel-module,False,False,increment-r,00-kernel-udp,995,udp-open,kernel,udp,1,1,1,4175,1431,10000,10000.0,1.0,3333.260024945605,3333.260024945605,10000.0,1,0.74977,1.9061970000000001,5936,0,3.000065979,5936,16988832,0.005273911596845527,3957.246301615422,3.2,1.0666432079825936,0.0,202.24897372579824,269.54177897574124,17896.977,33851.682,38728.77,10000,10000,5936,5936,4064,0,5.037630628066765,0,0
original-kernel-module,False,False,increment-r,00-kernel-udp,998,udp-open,kernel,udp,1,1,1,11613,1431,0,17502.0,1.0,5833.836757579849,5833.836757579849,17502.0,1,0.750092,1.926941,5999,0,3.000083946,5999,17169138,0.005329852795421894,3999.2214271193593,3.26,1.0866362604108277,0.0,203.87734936022994,271.71195199199866,18527.726,25521.028,34218.905,17502,17502,5999,5999,11503,0,4.930943346241946,0,0
original-kernel-module,False,False,increment-r,00-kernel-udp,1001,udp-open,kernel,udp,1,1,1,461,59000,1000,1000.0,1.0,333.31803992391957,333.31803992391957,1000.0,1,1.608514,1.278015,543,0,3.000137647,543,64074000,0.019890274936412666,361.9833913573766,3.32,1.1066158925474128,0.0,55.63602796266816,3057.0902394106815,7606.996,9556.719,11624.249,1000,1000,543,543,457,0,4.137791049403134,0,0
original-kernel-module,False,False,increment-r,00-kernel-udp,1004,udp-open,kernel,udp,1,1,1,7485,59000,10000,8026.0,1.0,2675.166053416569,2675.166053416569,8026.0,1,1.4175010000000001,1.483571,546,0,3.000187592,546,64428000,0.019999833009550706,363.97724026051503,3.26,1.086598720924248,0.0,54.33038967902154,2985.3479853479853,8555.963,10280.077,12714.089,8026,8026,546,546,7480,0,4.363595694933352,0,0
original-kernel-module,False,False,increment-r,00-kernel-udp,1007,udp-open,kernel,udp,1,1,1,6068,59000,0,6589.0,1.0,2196.197073946209,2196.197073946209,6589.0,1,1.418696,1.469446,527,0,3.00018613,527,62186000,0.01930387753143774,351.3115367945522,3.27,1.0899323769622253,0.0,56.461836498247195,3102.4667931688805,8642.733,11583.748,12801.431,6589,6589,527,527,6062,0,4.463310472025299,0,0
original-kernel-module,False,False,increment-r,00-kernel-udp,1022,udp-rr,kernel,udp,64,64,,,0,0,20261.54359505553,,20261.54359505553,20261.54359505553,20261.54359505553,,,,20266,0,1.000219944,20266,0,0.0,40523.08719011106,2.71,2.7094040828284065,0.0,,66.860751998421,192.209,284.838,352.13,20266,20266,20266,20266,0,0,3.539290294275233,0,0
original-kernel-module,False,False,increment-r,00-kernel-udp,1025,udp-open,kernel,udp,64,64,64,7,0,1000,1000.0,1.0,999.9778934887087,999.9778934887087,1000.0,7,1.227853,2.6513020000000003,0,0,1.000022107,1000,0,0.0,1999.9557869774173,3.93,3.9299131214106255,0.0,,1965.0,,,,1000,1000,1000,1000,0,0,3.9125309769676164,0,0
original-kernel-module,False,False,increment-r,00-kernel-udp,1028,udp-open,kernel,udp,64,64,64,24,0,10000,10000.0,1.0,9989.412850652603,9989.412850652603,10000.0,24,1.077174,2.3272899999999996,0,0,1.001059837,10000,0,0.0,19978.825701305206,3.91,3.9058604246051685,0.0,,195.5,,,,10000,10000,10000,10000,0,0,3.380298791238559,0,0
original-kernel-module,False,False,increment-r,00-kernel-udp,1031,udp-open,kernel,udp,64,64,64,1359,0,0,35545.0,1.0,35536.31027051324,35536.31027051324,35545.0,64,0.218213,1.083181,0,0,1.000244531,35545,0,0.0,71072.62054102648,3.35,3.349181021415652,0.0,,47.123364748909836,,,,35545,35545,35545,35545,0,0,3.146758102882515,0,0
original-kernel-module,False,False,increment-r,00-kernel-udp,1034,udp-open,kernel,udp,64,64,64,6,64,1000,1000.0,1.0,999.9803673854472,999.9803673854472,1000.0,6,1.272341,2.622171,1000,0,1.000019633,1000,128000,0.00011920694916074838,1999.9607347708943,3.98,3.9799218621940797,0.0,33386.65984,1990.0,136.656,2431.599,4176.984,1000,1000,1000,1000,0,0,3.4067648570919147,0,0
original-kernel-module,False,False,increment-r,00-kernel-udp,1037,udp-open,kernel,udp,64,64,64,29,64,10000,10000.0,1.0,9993.728555569694,9993.728555569694,10000.0,29,1.035196,2.209498,10000,0,1.000627538,10000,1280000,0.0011913452810728186,19987.45711113939,3.91,3.907547865227751,0.0,3279.945728,195.5,187.071,1594.89,2589.567,10000,10000,10000,10000,0,0,3.6686232492176316,0,0
original-kernel-module,False,False,increment-r,00-kernel-udp,1040,udp-open,kernel,udp,64,64,64,858,64,0,26531.0,1.0,26489.213080940328,26489.213080940328,26531.0,64,0.207202,1.104828,26531,0,1.001577507,26531,3395968,0.003157760272138158,52978.426161880656,3.34,3.3347394252135496,0.0,1056.0457849308357,62.94523387735102,907.736,33856.701,63487.743,26531,26531,26531,26531,0,0,3.9937348773031545,0,0
original-kernel-module,False,False,increment-r,00-kernel-udp,1043,udp-open,kernel,udp,64,64,64,6,1431,1000,1000.0,1.0,999.9723457647779,999.9723457647779,1000.0,6,1.33934,2.559361,1000,0,1.000027655,1000,2862000,0.0026653714977007306,1999.9446915295557,3.97,3.969890212686168,0.0,1489.4322296575822,1985.0,146.4,2355.294,4163.986,1000,1000,1000,1000,0,0,3.4007836201630113,0,0
original-kernel-module,False,False,increment-r,00-kernel-udp,1046,udp-open,kernel,udp,64,64,64,24,1431,10000,10000.0,1.0,9994.330056649582,9994.330056649582,10000.0,24,1.162261,2.1981390000000003,10000,0,1.000567316,10000,28620000,0.026639339162158878,19988.660113299164,3.95,3.9477603723765853,0.0,148.19287927323552,197.5,103.005,1072.944,2401.303,10000,10000,10000,10000,0,0,3.7316618701063504,0,0
original-kernel-module,False,False,increment-r,00-kernel-udp,1049,udp-open,kernel,udp,64,64,64,669,1431,0,26134.0,1.0,26121.246614795287,26121.246614795287,26134.0,59,0.410771,1.081652,26134,0,1.000488238,26134,74795508,0.06962475163074593,52242.493229590575,3.36,3.358360320873657,0.0,48.23514974508897,64.28407438585751,797.69,21101.739,37628.295,26134,26134,26134,26134,0,0,3.5977407339250647,0,0
original-kernel-module,False,False,increment-r,00-kernel-udp,1052,udp-open,kernel,udp,64,64,64,6,59000,1000,1000.0,1.0,999.971904789363,999.971904789363,1000.0,6,1.345323,2.4791369999999997,1000,0,1.000028096,1000,118000000,0.10989297625156569,1999.943809578726,3.95,3.949889023917984,0.0,35.94305258305085,1975.0,1709.802,4194.431,5440.816,1000,1000,1000,1000,0,0,3.5644910130884995,0,0
original-kernel-module,False,False,increment-r,00-kernel-udp,1055,udp-open,kernel,udp,64,64,64,64,59000,10000,7674.0,1.0,7590.916350227553,7590.916350227553,7674.0,49,2.7175879999999997,0.39260900000000004,7674,0,1.010945141,7674,905532000,0.8342118275601894,15181.832700455107,3.93,3.8874512974191147,0.0,4.660028986628855,256.0594214229867,1945.316,10595.292,16325.153,7674,7674,7674,7674,0,0,3.399706970583509,0,0
original-kernel-module,False,False,increment-r,00-kernel-udp,1058,udp-open,kernel,udp,64,64,64,68,59000,0,7561.0,1.0,7539.184036554654,7539.184036554654,7561.0,52,2.688783,0.390124,7561,0,1.002893677,7561,892198000,0.8285266499160315,15078.368073109308,3.88,3.868804928161891,0.0,4.669499681819507,256.57981748445974,1993.47,11319.732,17578.388,7561,7561,7561,7561,0,0,3.2698324826150724,0,0
original-kernel-module,False,False,increment-r,00-kernel-udp,1077,udp-rr,kernel,udp,1024,1024,,,0,0,20524.50974436487,,20524.50974436487,20524.50974436487,20524.50974436487,,,,20532,0,1.000364942,20532,0,0.0,41049.01948872974,2.77,2.7689894794413936,0.0,,67.45567894019092,192.74,286.361,344.829,20532,20532,20532,20532,0,0,3.9085363948199188,0,0
original-kernel-module,False,False,increment-r,00-kernel-udp,1080,udp-open,kernel,udp,1024,64,64,40,64,10000,10000.0,1.5,9996.68621181656,9996.68621181656,10000.0,32,1.4593930000000002,3.176411,15000,0,1.500497233,15000,1920000,0.001191697861172743,19993.37242363312,5.72,3.8120696754393815,0.0,3198.8558506666664,190.66666666666666,165.71,1459.646,2602.856,15000,15000,15000,15000,0,0,5.505933527976055,0,0
original-kernel-module,False,False,increment-r,00-kernel-udp,1083,udp-open,kernel,udp,1024,64,64,771,64,0,28082.666666666668,1.5,28050.480890381823,28050.480890381823,28082.666666666668,62,0.298427,1.67408,42124,0,1.501721135,42124,5391872,0.003343877898500183,56100.961780763646,5.23,3.4826705691932616,0.0,1041.5065008071408,62.07862501186972,965.433,22469.517,42817.112,42124,42124,42124,42124,0,0,5.620907561740921,0,0
original-kernel-module,False,False,increment-r,00-kernel-udp,1086,udp-open,kernel,udp,1024,64,64,23,1431,10000,9999.333333333334,1.5,9997.590833231829,9997.590833231829,9999.333333333334,23,1.115478,2.967187,14999,0,1.500261438,14999,42927138,0.026648030583476177,19995.181666463657,5.23,3.4860590744584616,0.01,130.81863830567974,174.34495633042204,286.331,1825.877,3087.586,14999,14999,14999,14999,0,0,5.739789579539433,0,0
original-kernel-module,False,False,increment-r,00-kernel-udp,1089,udp-open,kernel,udp,1024,64,64,233,1431,0,24394.666666666668,1.5,24387.051257138464,24387.051257138464,24394.666666666668,46,0.60319,1.552694,36592,0,1.500468409,36592,104726304,0.06500234892399076,48774.10251427693,5.01,3.3389573348891477,0.0,51.36671812880935,68.4575863576738,722.027,1715.07,2911.671,36592,36592,36592,36592,0,0,5.269095891611698,0,0
original-kernel-module,True,True,increment-r,00-kernel-udp,1092,udp-open,kernel,udp,1024,1024,1024,1024,64,10000,10000.0,1.5,9984.375869545534,9984.375869545534,10000.0,1024,1.5167140000000001,3.16821,15000,0,1.502347287,15000,1920000,0.001190230354016487,19968.75173909107,5.84,3.887250338543061,0.0,3265.9647146666666,194.66666666666666,185.589,71976.504,86266.755,15000,15000,15000,15000,0,0,5.232692967409406,0,0
original-kernel-module,True,True,increment-r,00-kernel-udp,1095,udp-open,kernel,udp,1024,1024,1024,1029,64,0,32892.666666666664,1.5,32813.82539154373,32813.82539154373,32892.666666666664,1024,0.352879,1.800237,49339,0,1.503604027,49339,6315392,0.0039117128123693145,65627.65078308746,5.46,3.631275190778669,0.0,928.3082283791726,55.33148219461278,591.821,10314.039,73791.855,49339,49339,49339,49339,0,0,5.939705571373111,0,0
original-kernel-module,True,True,increment-r,00-kernel-udp,1098,udp-open,kernel,udp,1024,1024,1024,1024,1431,10000,10000.0,1.5,9994.103705346863,9994.103705346863,10000.0,1024,1.518104,3.2744750000000002,15000,0,1.500884966,15000,42930000,0.02663873583516359,19988.207410693725,5.86,3.904363180888841,0.0,146.56713460610297,195.33333333333334,213.602,67918.059,95889.194,15000,15000,15000,15000,0,0,5.260424269223307,0,0
original-kernel-module,True,True,increment-r,00-kernel-udp,1101,udp-open,kernel,udp,1024,1024,1024,1029,1431,0,31506.666666666668,1.5,31472.096792368426,31472.096792368426,31506.666666666668,1024,0.775074,1.700216,47260,0,1.501647644,47260,135258120,0.08388714959822449,62944.19358473685,5.58,3.7159183263101103,0.0,44.296633561962864,59.03512484130343,512.25,7735.969,75769.662,47260,47260,47260,47260,0,0,5.487281928844169,0,0
original-kernel-module,False,False,increment-r,00-kernel-udp,1116,udp-rr,kernel,udp,4096,4096,,,0,0,19938.867729330803,,19938.867729330803,19938.867729330803,19938.867729330803,,,,19953,0,1.00070878,19953,0,0.0,39877.735458661606,2.77,2.7680380699767615,0.0,,69.41312083395981,195.755,300.663,374.173,19953,19953,19953,19953,0,0,3.34264693565342,0,0
original-kernel-module,False,False,increment-r,00-kernel-udp,1119,udp-open,kernel,udp,4096,64,64,37,64,10000,9999.333333333334,1.5,9996.650892012876,9996.650892012876,9999.333333333334,37,1.216965,2.6511899999999997,14999,0,1.500402501,14999,1919872,0.0011916936507240386,19993.301784025753,5.12,3.4124176656514384,0.0,2863.502430828722,170.67804520301354,446.312,2125.498,3646.967,14999,14999,14999,14999,0,0,5.193176383541015,0,0
original-kernel-module,False,False,increment-r,00-kernel-udp,1122,udp-open,kernel,udp,4096,64,64,686,64,0,24422.0,1.5,24415.163152076726,24415.163152076726,24422.0,58,0.27126700000000004,1.597067,36633,0,1.500420037,36633,4689024,0.0029105142536254795,48830.32630415345,4.78,3.18577457120429,0.0,1094.5744612780827,65.24172194469467,758.021,6623.345,34723.835,36633,36633,36633,36633,0,0,5.449448930963172,0,0
original-kernel-module,False,False,increment-r,00-kernel-udp,1125,udp-open,kernel,udp,4096,64,64,32,1431,10000,10000.0,1.5,9990.487031607205,9990.487031607205,10000.0,32,1.431048,3.3215079999999997,15000,0,1.501428304,15000,42930000,0.026629095789473336,19980.97406321441,5.81,3.869648643575857,0.0,145.31656178523176,193.66666666666666,213.511,1833.949,3127.896,15000,15000,15000,15000,0,0,5.298632164398782,0,0
original-kernel-module,False,False,increment-r,00-kernel-udp,1128,udp-open,kernel,udp,4096,64,64,1297,1431,0,25076.0,1.5,25070.26489277611,25070.26489277611,25076.0,64,0.607716,1.513895,37614,0,1.500343142,37614,107651268,0.06682341743551681,50140.52978555222,4.95,3.2992452602552707,0.0,49.37259102976846,65.79996809698517,826.754,22829.539,44656.79,37614,37614,37614,37614,0,0,5.684660206889362,0,0
original-kernel-module,True,True,increment-r,00-kernel-udp,1131,udp-open,kernel,udp,4096,4096,4096,4096,64,10000,10000.0,1.5,9991.864876744597,9991.864876744597,10000.0,4096,1.294968,2.893465,15000,0,1.501221262,15000,1920000,0.001191123113244128,19983.729753489195,5.49,3.6570225448885227,0.0,3070.230528,183.0,908.657,231495.183,253239.449,15000,15000,15000,15000,0,0,5.701734182982591,0,0
original-kernel-module,True,True,increment-r,00-kernel-udp,1134,udp-open,kernel,udp,4096,4096,4096,4113,64,0,30384.666666666668,1.5,30341.48614021091,30341.48614021091,30384.666666666668,4096,0.395151,1.731076,45577,0,1.502134727,45577,5833856,0.0036169870066894184,60682.97228042182,5.47,3.6414842834533574,0.0,1006.7728406871887,60.00833753867082,485.931,182324.192,220328.562,45577,45577,45577,45577,0,0,5.225197496344549,0,0
original-kernel-module,True,True,increment-r,00-kernel-udp,1137,udp-open,kernel,udp,4096,4096,4096,4096,1431,10000,10000.0,1.5,9997.351548282137,9997.351548282137,10000.0,4096,1.4235900000000001,2.9894119999999997,15000,0,1.500397373,15000,42930000,0.02664739278255354,19994.703096564273,5.66,3.77233398421846,0.0,141.56484332261823,188.66666666666666,806.864,223616.34,232939.237,15000,15000,15000,15000,0,0,5.691945794421883,0,0
original-kernel-module,True,True,increment-r,00-kernel-udp,1140,udp-open,kernel,udp,4096,4096,4096,4113,1431,0,28436.0,1.5,28376.561262963023,28376.561262963023,28436.0,4096,0.724404,1.68142,42654,0,1.503141963,42654,122075748,0.07563616925347613,56753.12252592605,5.49,3.6523496350557276,0.0,48.28840052456611,64.35504290336193,555.355,215171.163,228501.41,42654,42654,42654,42654,0,0,5.437050300978967,0,0
original-kernel-module,False,False,increment-r,00-kernel-udp,1155,udp-rr,kernel,udp,16384,16384,,,0,0,16538.244534898597,,16538.244534898597,16538.244534898597,16538.244534898597,,,,16582,0,1.002645714,16582,0,0.0,33076.48906979719,2.56,2.553244844369823,0.0,,77.19213605113978,209.405,345.31,1488.279,16582,16582,16582,16582,0,0,3.6021220217243126,0,0
original-kernel-module,False,False,increment-r,00-kernel-udp,1158,udp-open,kernel,udp,16384,64,64,31,0,10000,10000.0,1.0,9998.875506462793,9998.875506462793,10000.0,31,0.8120610000000001,1.8445649999999998,0,0,1.000112462,10000,0,0.0,19997.751012925586,3.5,3.4996064272619773,0.0,,175.0,,,,10000,10000,10000,10000,0,0,3.3966568861992528,0,0
original-kernel-module,False,False,increment-r,00-kernel-udp,1161,udp-open,kernel,udp,16384,64,64,1667,0,100000,25985.0,1.0,25972.13735092123,25972.13735092123,25985.0,64,0.15693000000000001,0.9033340000000001,0,0,1.000495248,25985,0,0.0,51944.27470184246,3.04,3.0384951913334826,0.0,,58.4952857417741,,,,25985,25985,25985,25985,0,0,3.24306035297019,0,0
original-kernel-module,False,False,increment-r,00-kernel-udp,1164,udp-open,kernel,udp,16384,64,64,830,0,0,25666.0,1.0,25465.21907277718,25465.21907277718,25666.0,64,0.160023,0.8928689999999999,0,0,1.007884516,25666,0,0.0,50930.43814555436,3.01,2.986453261476635,0.0,,58.6378866983558,,,,25666,25666,25666,25666,0,0,3.380189069490598,0,0
original-kernel-module,False,False,increment-r,00-kernel-udp,1167,udp-open,kernel,udp,16384,64,64,61,64,10000,9983.0,1.0,9963.472172423435,9963.472172423435,9983.0,51,0.561885,1.478948,9983,0,1.001959942,9983,1277824,0.0011877384391335768,19926.94434484687,3.19,3.1837600150286245,0.0,2680.52284082941,159.77161173995793,590.028,3139.193,6816.406,9983,9983,9983,9983,0,0,3.7295086972442846,0,0
original-kernel-module,False,False,increment-r,00-kernel-udp,1170,udp-open,kernel,udp,16384,64,64,981,64,100000,19622.0,1.0,19548.17679902291,19548.17679902291,19622.0,64,0.185463,0.8974949999999999,19622,0,1.003776475,19622,2511616,0.002330324268224586,39096.35359804582,3.09,3.0783745953002133,0.0,1321.0069676893283,78.73815105493833,978.172,61399.331,87381.082,19622,19622,19622,19622,0,0,3.6207189893152645,0,0
original-kernel-module,False,False,increment-r,00-kernel-udp,1173,udp-open,kernel,udp,16384,64,64,503,64,0,19121.0,1.0,18716.146194191577,18716.146194191577,19121.0,60,0.157633,0.909483,19121,0,1.021631259,19121,2447488,0.002231138490938136,37432.29238838315,3.07,3.0049981076391474,0.0,1346.8451733695936,80.27822812614403,942.518,32411.065,57088.435,19121,19121,19121,19121,0,0,3.490776940334854,0,0
original-kernel-module,False,False,increment-r,00-kernel-udp,1176,udp-open,kernel,udp,16384,64,64,79,1431,10000,9988.0,1.0,9935.032220195766,9935.032220195766,9988.0,45,0.66963,1.3970980000000002,9988,0,1.005331415,9988,28585656,0.0264812840281057,19870.064440391532,3.2,3.183029946398323,0.0,120.19922987948921,160.1922306768122,590.027,7038.219,19423.614,9988,9988,9988,9988,0,0,3.8544158363839642,0,0
original-kernel-module,False,False,increment-r,00-kernel-udp,1179,udp-open,kernel,udp,16384,64,64,632,1431,100000,18832.0,1.0,18626.92318246494,18626.92318246494,18832.0,60,0.307292,0.8788499999999999,18832,0,1.011009699,18832,53897184,0.04964904314672077,37253.84636492988,3.11,3.076132704835703,0.01,61.95754258033221,82.57221750212405,966.895,29496.47,79375.427,18832,18832,18832,18832,0,0,3.76966532134378,0,0
original-kernel-module,False,False,increment-r,00-kernel-udp,1182,udp-open,kernel,udp,16384,64,64,372,1431,0,18171.0,1.0,18004.901488868218,18004.901488868218,18171.0,61,0.306756,0.875449,18171,0,1.009225183,18171,52005402,0.04799107840390954,36009.802977736435,3.12,3.091480526402996,0.0,64.41781741981343,85.85108139342908,918.862,11433.884,42701.127,18171,18171,18171,18171,0,0,3.3130053488187627,0,0
original-kernel-module,False,False,increment-r,00-kernel-udp,1185,udp-open,kernel,udp,16384,64,64,40,59000,10000,4369.0,1.0,4363.291845615146,4363.291845615146,4369.0,40,1.642052,0.37909699999999996,4369,0,1.001308222,4369,515542000,0.4795085990639284,8726.583691230291,3.11,3.1059367452192954,0.0,6.477332734558969,355.91668574044405,2964.119,7739.204,13119.699,4369,4369,4369,4369,0,0,3.284878172342303,0,0
original-kernel-module,False,False,increment-r,00-kernel-udp,1188,udp-open,kernel,udp,16384,64,64,32,59000,100000,4771.0,1.0,4762.059243294832,4762.059243294832,4771.0,29,1.814449,0.344445,4771,0,1.001877498,4771,562978000,0.5233315664425401,9524.118486589665,3.26,3.2538908264810633,0.0,6.217646775255871,341.64745336407464,2731.389,6986.682,12068.508,4771,4771,4771,4771,0,0,3.8667212000754034,0,0
original-kernel-module,False,False,increment-r,00-kernel-udp,1191,udp-open,kernel,udp,16384,64,64,50,59000,0,4489.0,1.0,4480.849469240935,4480.849469240935,4489.0,49,1.691078,0.369621,4489,0,1.00181897,4489,529702000,0.49242771917062844,8961.69893848187,3.13,3.1243169611771275,0.0,6.344721955212553,348.62998440632657,3008.957,7516.308,13335.534,4489,4489,4489,4489,0,0,3.288238409130031,0,0
original-kernel-module,True,True,increment-r,00-kernel-udp,1194,udp-open,kernel,udp,16384,16384,16384,16384,0,10000,9998.1689453125,3.2768,9993.16627198088,9993.16627198088,9998.1689453125,16384,2.6386279999999998,5.883762,0,0,3.278440397,32762,0,0.0,19986.33254396176,11.65,3.5535189264567864,0.0,,177.7974482632318,,,,32762,32762,32762,32762,0,0,12.716601924699034,0,0
original-kernel-module,True,True,increment-r,00-kernel-udp,1197,udp-open,kernel,udp,16384,16384,16384,16446,0,100000,30291.1376953125,3.2768,30278.0299177684,30278.0299177684,30291.1376953125,16384,0.621008,3.420337,0,0,3.278218572,99258,0,0.0,60556.0598355368,10.73,3.273119154301466,0.0,,54.051058856716836,,,,99258,99258,99258,99258,0,0,12.915864583769519,0,0
original-kernel-module,True,True,increment-r,00-kernel-udp,1200,udp-open,kernel,udp,16384,16384,16384,16447,0,0,32566.22314453125,3.2768,32531.453584918112,32531.453584918112,32566.22314453125,16384,0.700615,3.438338,0,0,3.280302238,106713,0,0.0,65062.907169836224,11.02,3.359446538901517,0.0,,51.63382155876042,,,,106713,106713,106713,106713,0,0,12.799894561589667,0,0
original-kernel-module,True,True,increment-r,00-kernel-udp,1203,udp-open,kernel,udp,16384,16384,16384,16384,64,10000,9999.69482421875,3.2768,9999.079457287135,9999.079457287135,9999.69482421875,16384,2.389005,5.4873970000000005,32767,0,3.277001662,32767,4194176,0.0011919831582650107,19998.15891457427,11.39,3.4757382433088315,0.0,2915.9289870906705,173.80291146580402,447643.838,887125.164,948835.582,32767,32767,32767,32767,0,0,12.485937894544236,0,0
original-kernel-module,True,True,increment-r,00-kernel-udp,1206,udp-open,kernel,udp,16384,16384,16384,16443,64,100000,26421.81396484375,3.2768,26406.996261702156,26406.996261702156,26421.81396484375,16384,0.736226,3.5187340000000003,86579,0,3.278638704,86579,11082112,0.0031479592635276503,52813.99252340431,11.37,3.4679026957524743,0.0,1101.635188209612,65.66257406530453,613.633,769590.863,802834.442,86579,86579,86579,86579,0,0,12.588257365994423,0,0
original-kernel-module,True,True,increment-r,00-kernel-udp,1209,udp-open,kernel,udp,16384,16384,16384,16446,64,0,26043.701171875,3.2768,26027.606701661247,26027.606701661247,26043.701171875,16384,0.807307,3.3847500000000004,85340,0,3.278826247,85340,10923520,0.00310273250361219,52055.213403322494,11.24,3.4280560033591803,0.0,1104.850643543473,65.85423013827045,727.654,745769.432,815357.833,85340,85340,85340,85340,0,0,12.740474832485802,0,0
original-kernel-module,True,True,increment-r,00-kernel-udp,1212,udp-open,kernel,udp,16384,16384,16384,16384,1431,10000,10000.0,3.2768,9995.652516493694,9995.652516493694,10000.0,16384,2.474384,5.394565999999999,32768,0,3.278225203,32768,93782016,0.026642864106413863,19991.305032987388,11.41,3.480541846105745,0.0,130.63692522711392,174.102783203125,21595.322,839980.961,885215.229,32768,32768,32768,32768,0,0,12.50338226011138,0,0
original-kernel-module,True,True,increment-r,00-kernel-udp,1215,udp-open,kernel,udp,16384,16384,16384,16447,1431,100000,22522.27783203125,3.2768,22495.455893372146,22495.455893372146,22522.27783203125,16384,1.309876,3.2439370000000003,73801,0,3.280707017,73801,211218462,0.059960405125125384,44990.91178674429,11.07,3.374272662154031,0.0,56.27501440513282,74.99898375360767,701.025,852054.648,887915.883,73801,73801,73801,73801,0,0,12.690017516730677,0,0
original-kernel-module,True,True,increment-r,00-kernel-udp,1218,udp-open,kernel,udp,16384,16384,16384,16446,1431,0,23669.12841796875,3.2768,23649.500299832023,23649.500299832023,23669.12841796875,16384,1.393363,3.2554600000000002,77559,0,3.27951961,77559,221973858,0.06303644725877722,47299.00059966405,11.3,3.4456265989517902,0.0,54.66086286250879,72.84776750602767,546.041,863449.432,952856.562,77559,77559,77559,77559,0,0,12.609845642516348,0,0
original-kernel-module,True,True,increment-r,00-kernel-udp,1222,udp-open,kernel,udp,16384,16384,16384,16384,59000,10000,5012.51220703125,3.2768,3209.204756241992,3209.204756241992,5012.51220703125,16384,6.625996,3.6248650000000002,16425,0,5.118090383,16425,1938150000,0.3526789706540807,6418.409512483984,14.53,2.8389494738627787,0.01,8.049670408750613,442.31354642313545,4374030.693,4520644.776,4549306.721,16425,16425,16425,16425,0,0,18.358420053764462,0,0
original-kernel-module,True,True,increment-r,00-kernel-udp,1225,udp-open,kernel,udp,16384,16384,16384,16449,59000,100000,5204.4677734375,3.2768,5196.174877819439,5196.174877819439,5204.4677734375,16384,6.286563999999999,1.38071,17054,0,3.282029647,17054,2012372000,0.5710391659128422,10392.349755638877,11.01,3.3546314884948996,0.0,5.874608413474248,322.7981705171807,2488926.948,2663928.412,2681844.868,17054,17054,17054,17054,0,0,12.54595551354248,0,0
original-kernel-module,True,True,increment-r,00-kernel-udp,1228,udp-open,kernel,udp,16384,16384,16384,16447,59000,0,5489.80712890625,3.2768,5486.4819939864465,5486.4819939864465,5489.80712890625,16384,6.687665000000001,1.207412,17989,0,3.2787859360000002,17989,2122702000,0.6029427752740688,10972.963987972893,11.24,3.4280981495584895,0.0,5.685611122880179,312.413141364167,2410931.317,2480340.088,2487015.562,17989,17989,17989,17989,0,0,12.600598777109099,0,0
aya-duplex-stream-seqpacket-v1,False,False,increment-r,01-aya-udp,970,udp-rr,aya,udp,1,1,,,0,0,6527.904447908126,,6527.904447908126,6527.904447908126,6527.904447908126,,,,6529,0,1.000167826,6529,0,0.0,13055.808895816252,1.08,1.0798187783337074,0.0,,82.70791851738397,144.658,230.507,282.996,6529,6529,6529,6529,0,0,1.8745402296590221,0,0
aya-duplex-stream-seqpacket-v1,False,False,increment-r,01-aya-udp,973,udp-open,aya,udp,1,1,1,5,0,1000,1000.0,1.0,999.8649722349595,999.8649722349595,1000.0,1,0.308908,0.630578,0,0,1.000135046,1000,0,0.0,1999.729944469919,1.0,0.9998649722349595,0.0,,500.0,,,,1000,1000,1000,1000,0,0,1.2751026560426517,0,0
aya-duplex-stream-seqpacket-v1,False,False,increment-r,01-aya-udp,976,udp-open,aya,udp,1,1,1,2043,0,10000,10000.0,1.0,7802.378949086718,7802.378949086718,10000.0,1,0.13615,0.59371,0,0,1.281660384,10000,0,0.0,15604.757898173437,1.64,1.2795901476502216,0.0,,82.0,,,,10000,10000,10000,10000,0,0,2.4218399227110954,0,0
aya-duplex-stream-seqpacket-v1,False,False,increment-r,01-aya-udp,979,udp-open,aya,udp,1,1,1,36721,0,0,44021.0,1.0,14673.19289372345,14673.19289372345,44021.0,1,0.19192700000000001,1.702421,0,0,3.000096865,30703,0,0.0,20468.339111443987,3.6,1.1999612552510033,0.0,,58.62523816503005,,,,44021,44021,30704,30703,13317,1,6.47479915468006,0,0
aya-duplex-stream-seqpacket-v1,False,False,increment-r,01-aya-udp,982,udp-open,aya,udp,1,1,1,3,64,1000,1000.0,1.0,999.7307335239634,999.7307335239634,1000.0,1,0.278611,0.637321,1000,0,1.000269339,1000,128000,0.00011917719048547309,1999.4614670479268,1.46,1.4596068709449865,0.0,12247.36768,730.0,180.281,286.11,1514.007,1000,1000,1000,1000,0,0,1.3209671797122624,0,0
aya-duplex-stream-seqpacket-v1,False,False,increment-r,01-aya-udp,985,udp-open,aya,udp,1,1,1,960,64,10000,10000.0,1.0,8959.179617813332,8959.179617813332,10000.0,1,0.097611,0.589766,10000,0,1.116173626,10000,1280000,0.0010680174371973672,17918.359235626664,1.33,1.1915708891691732,0.0,1115.684864,66.5,84004.512,106780.49,114072.682,10000,10000,10000,10000,0,0,2.2971455996708556,0,0
aya-duplex-stream-seqpacket-v1,False,False,increment-r,01-aya-udp,988,udp-open,aya,udp,1,1,1,21713,64,0,31254.0,1.0,10993.635219869677,10993.635219869677,31254.0,1,0.214355,1.619698,31254,0,2.842917686,31254,4000512,0.001310543444141111,21987.270439739354,3.29,1.1572617864392154,0.0,883.0396211684905,52.63326294234338,1051700.441,1763116.315,1827111.12,31254,31254,31254,31254,0,0,5.796113646859986,0,0
aya-duplex-stream-seqpacket-v1,False,False,increment-r,01-aya-udp,991,udp-open,aya,udp,1,1,1,3,1431,1000,1000.0,1.0,999.9496135389232,999.9496135389232,1000.0,1,0.281084,0.647196,1000,0,1.000050389,1000,2862000,0.002665310906198247,1999.8992270778465,1.0,0.9999496135389233,0.0,375.1718462613557,500.0,152.149,245.149,1152.705,1000,1000,1000,1000,0,0,1.1671165233228535,0,0
aya-duplex-stream-seqpacket-v1,False,False,increment-r,01-aya-udp,994,udp-open,aya,udp,1,1,1,2391,1431,10000,10000.0,1.0,7536.286094639058,7536.286094639058,10000.0,1,0.237244,0.582086,10000,0,1.326913532,10000,28620000,0.0200875576612139,15072.572189278117,1.59,1.1982694890476104,0.0,59.65232355555556,79.5,158404.403,308688.006,322646.869,10000,10000,10000,10000,0,0,2.5002015392804466,0,0
aya-duplex-stream-seqpacket-v1,False,False,increment-r,01-aya-udp,997,udp-open,aya,udp,1,1,1,24426,1431,0,30633.0,1.0,10210.807887053206,10210.807887053206,30633.0,1,0.47606,1.385016,23059,0,3.000056444,23059,65996289,0.0204875591289199,15372.710767571145,3.5,1.1666447166352047,0.0,56.94405611200351,75.8906307595568,1264385.954,2126558.434,2211718.454,30633,30633,23060,23059,7573,1,6.193412173500619,0,0
aya-duplex-stream-seqpacket-v1,False,False,increment-r,01-aya-udp,1000,udp-open,aya,udp,1,1,1,453,59000,1000,1000.0,1.0,548.3556732877136,548.3556732877136,1000.0,1,0.570254,1.076611,1000,0,1.823633909,1000,118000000,0.06026213005925547,1096.7113465754271,1.86,1.0199415523151474,0.0,16.92508298847458,930.0,413511.843,784294.006,816020.441,1000,1000,1000,1000,0,0,2.645671547382541,0,0
aya-duplex-stream-seqpacket-v1,False,False,increment-r,01-aya-udp,1003,udp-open,aya,udp,1,1,1,7640,59000,10000,8188.0,1.0,2729.2439797049337,2729.2439797049337,8188.0,1,1.363417,1.3822,1645,0,3.000098218,1645,194110000,0.060257702189205634,1096.63076370655,3.11,1.0366327280022403,0.0,17.203323232394002,945.2887537993921,1405188.233,2666612.099,2778831.924,8188,8188,1645,1645,6543,0,4.104459691218942,0,0
aya-duplex-stream-seqpacket-v1,False,False,increment-r,01-aya-udp,1007,udp-open,aya,udp,1,1,1,8324,59000,0,8875.0,1.0,2958.212673754796,2958.212673754796,8875.0,1,0.910839,1.856677,1646,0,3.000122364,1646,194228000,0.06029384774201002,1097.2885771268495,3.08,1.0266247926946221,0.0,17.027024002306568,935.6014580801944,1374024.824,2639811.897,2751312.799,8875,8875,1646,1646,7229,0,4.080154299096037,0,0
aya-duplex-stream-seqpacket-v1,False,False,increment-r,01-aya-udp,1023,udp-rr,aya,udp,64,64,,,0,0,23087.007416554432,,23087.007416554432,23087.007416554432,23087.007416554432,,,,23095,0,1.000346194,23095,0,0.0,46174.014833108864,2.69,2.689069060425695,0.0,,58.23771379086382,171.038,253.822,312.5,23095,23095,23095,23095,0,0,3.495431479029449,0,0
aya-duplex-stream-seqpacket-v1,False,False,increment-r,01-aya-udp,1027,udp-open,aya,udp,64,64,64,6,0,1000,1000.0,1.0,999.951205381031,999.951205381031,1000.0,6,1.223448,2.4083490000000003,0,0,1.000048797,1000,0,0.0,1999.902410762062,3.69,3.6898199478560043,0.0,,1845.0,,,,1000,1000,1000,1000,0,0,3.1154974846978405,0,0
aya-duplex-stream-seqpacket-v1,False,False,increment-r,01-aya-udp,1030,udp-open,aya,udp,64,64,64,62,0,10000,10000.0,1.0,9996.43587075464,9996.43587075464,10000.0,46,0.463983,2.246092,0,0,1.00035654,10000,0,0.0,19992.87174150928,3.3,3.298823837349031,0.0,,165.0,,,,10000,10000,10000,10000,0,0,2.842436610459771,0,0
aya-duplex-stream-seqpacket-v1,False,False,increment-r,01-aya-udp,1033,udp-open,aya,udp,64,64,64,3542,0,0,55450.0,1.0,53729.687330612505,53729.687330612505,55450.0,64,0.244252,1.332659,0,0,1.032017917,55450,0,0.0,107459.37466122501,3.68,3.5658295649531833,0.0,,33.183047790802526,,,,55450,55450,55450,55450,0,0,3.606446699136285,0,0
aya-duplex-stream-seqpacket-v1,False,False,increment-r,01-aya-udp,1036,udp-open,aya,udp,64,64,64,4,64,1000,1000.0,1.0,999.9619814454653,999.9619814454653,1000.0,4,1.2839420000000001,2.661753,1000,0,1.00003802,1000,128000,0.00011920475738590542,1999.9239628909306,4.0,3.9998479257818613,0.0,33554.432,2000.0,68.172,111.969,196.796,1000,1000,1000,1000,0,0,3.6986026428744765,0,0
aya-duplex-stream-seqpacket-v1,False,False,increment-r,01-aya-udp,1039,udp-open,aya,udp,64,64,64,28,64,10000,10000.0,1.0,9999.727067449421,9999.727067449421,10000.0,28,1.065744,2.359445,10000,0,1.000027294,10000,1280000,0.0011920603594123627,19999.454134898842,3.87,3.8698943751029264,0.0,3246.3912960000002,193.5,72.068,1568.73,3564.093,10000,10000,10000,10000,0,0,3.321327629451929,0,0
aya-duplex-stream-seqpacket-v1,False,False,increment-r,01-aya-udp,1042,udp-open,aya,udp,64,64,64,8232,64,0,70553.0,1.0,62803.119094526875,62803.119094526875,70553.0,64,0.396664,1.596835,70553,0,1.123399618,70553,9030784,0.007486715208831653,125606.23818905375,4.34,3.863273523028739,0.0,516.0171604325826,30.75701954558984,57579.393,125919.276,151324.29,70553,70553,70553,70553,0,0,3.6975914530540734,0,0
aya-duplex-stream-seqpacket-v1,False,False,increment-r,01-aya-udp,1046,udp-open,aya,udp,64,64,64,5,1431,1000,1000.0,1.0,999.9742386636636,999.9742386636636,1000.0,5,1.519648,2.39559,1000,0,1.000025762,1000,2862000,0.002665376543118996,1999.9484773273273,3.97,3.969897727494745,0.0,1489.4322296575822,1985.0,91.428,189.375,2137.376,1000,1000,1000,1000,0,0,3.759449573585968,0,0
aya-duplex-stream-seqpacket-v1,False,False,increment-r,01-aya-udp,1049,udp-open,aya,udp,64,64,64,32,1431,10000,10000.0,1.0,9999.672790706942,9999.672790706942,10000.0,32,1.269976,2.275858,10000,0,1.000032722,10000,28620000,0.026653579927052622,19999.345581413883,3.96,3.959870425119949,0.0,148.56805111949686,198.0,76.975,184.688,2821.144,10000,10000,10000,10000,0,0,3.432588079795579,0,0
aya-duplex-stream-seqpacket-v1,False,False,increment-r,01-aya-udp,1052,udp-open,aya,udp,64,64,64,3786,1431,0,57022.0,1.0,54062.28536546469,54062.28536546469,57022.0,64,0.701701,1.333914,57022,0,1.054746384,57022,163196964,0.14410005949061358,108124.57073092938,4.09,3.8777094304785975,0.0,26.909839206077386,35.86335098733822,25210.091,60854.591,79345.973,57022,57022,57022,57022,0,0,3.436386543174791,0,0
aya-duplex-stream-seqpacket-v1,False,False,increment-r,01-aya-udp,1055,udp-open,aya,udp,64,64,64,7,59000,1000,1000.0,1.0,999.9788054492185,999.9788054492185,1000.0,7,1.3081200000000002,2.579485,1000,0,1.000021195,1000,118000000,0.10989373460692148,1999.957610898437,3.98,3.97991564568789,0.0,36.21603779254237,1990.0,380.552,786.313,2629.887,1000,1000,1000,1000,0,0,3.8629856472295216,0,0
aya-duplex-stream-seqpacket-v1,False,False,increment-r,01-aya-udp,1058,udp-open,aya,udp,64,64,64,63,59000,10000,8563.0,1.0,8524.221712874452,8524.221712874452,8563.0,50,3.0461959999999997,0.333705,8563,0,1.004549188,8563,1010434000,0.9367784132428332,17048.443425748905,3.98,3.961976225299582,0.0,4.229363283024918,232.39518860212542,643.128,8500.039,11602.477,8563,8563,8563,8563,0,0,3.781375805017916,0,0
aya-duplex-stream-seqpacket-v1,False,False,increment-r,01-aya-udp,1061,udp-open,aya,udp,64,64,64,58,59000,0,8576.0,1.0,8571.013307318683,8571.013307318683,8576.0,40,3.0317239999999996,0.35891599999999996,8576,0,1.000581809,8576,1011968000,0.9419206252913963,17142.026614637365,3.99,3.9876799319264857,0.0,4.23356260055654,232.6259328358209,640.915,8240.478,11305.32,8576,8576,8576,8576,0,0,3.230349225399266,0,0
aya-duplex-stream-seqpacket-v1,False,False,increment-r,01-aya-udp,1081,udp-rr,aya,udp,1024,1024,,,0,0,22707.280444787008,,22707.280444787008,22707.280444787008,22707.280444787008,,,,22713,0,1.000251882,22713,0,0.0,45414.560889574015,2.74,2.7393100171142697,0.0,,60.31787962840664,174.923,262.004,319.961,22713,22713,22713,22713,0,0,3.290863507691995,0,0
aya-duplex-stream-seqpacket-v1,False,False,increment-r,01-aya-udp,1084,udp-open,aya,udp,1024,64,64,28,64,10000,10000.0,1.5,9999.808950316736,9999.808950316736,10000.0,28,1.7895500000000002,3.5329029999999997,15000,0,1.500028658,15000,1920000,0.0011920701206108017,19999.61790063347,5.94,3.9599243443254273,0.0,3321.8887680000003,198.0,70.016,133.371,2879.002,15000,15000,15000,15000,0,0,5.414849988940091,0,0
aya-duplex-stream-seqpacket-v1,False,False,increment-r,01-aya-udp,1087,udp-open,aya,udp,1024,64,64,7861,64,0,62794.0,1.5,59774.200117606124,59774.200117606124,62794.0,64,0.484749,2.1678870000000003,94191,0,1.575780183,94191,12056448,0.007125639929486051,119548.40023521225,5.93,3.763215240282026,0.0,528.1231268380205,31.478591372848786,37674.684,135732.28,236148.025,94191,94191,94191,94191,0,0,5.763934187962235,0,0
aya-duplex-stream-seqpacket-v1,False,False,increment-r,01-aya-udp,1090,udp-open,aya,udp,1024,64,64,56,1431,10000,10000.0,1.5,9999.8102835993,9999.8102835993,10000.0,54,1.689483,3.637044,15000,0,1.500028458,15000,42930000,0.026653946406823763,19999.6205671986,5.97,3.979924492872521,0.0,149.31839481201956,199.0,82.054,107.352,2797.119,15000,15000,15000,15000,0,0,5.237768573439297,0,0
aya-duplex-stream-seqpacket-v1,False,False,increment-r,01-aya-udp,1093,udp-open,aya,udp,1024,64,64,3267,1431,0,55964.0,1.5,54473.92960796741,54473.92960796741,55964.0,64,1.082573,1.948334,83946,0,1.541030739,83946,240253452,0.14519727466441945,108947.85921593482,6.05,3.9259437510804904,0.0,27.03868760728566,36.03507016415315,20140.984,54830.127,71810.005,83946,83946,83946,83946,0,0,5.359268748828953,0,0
aya-duplex-stream-seqpacket-v1,True,True,increment-r,01-aya-udp,1096,udp-open,aya,udp,1024,1024,1024,1024,64,10000,9998.0,1.5,9987.79679971597,9987.79679971597,9998.0,1024,1.207784,2.447866,14997,0,1.50153235,14997,1919616,0.0011906381606717074,19975.59359943194,4.67,3.1101561015318784,0.0,2612.175725811829,155.69780622791225,916.258,47147.517,53118.421,14997,14997,14997,14997,0,0,5.013780507514269,0,0
aya-duplex-stream-seqpacket-v1,True,True,increment-r,01-aya-udp,1099,udp-open,aya,udp,1024,1024,1024,1425,64,0,29049.333333333332,1.5,28437.025592063488,28437.025592063488,29049.333333333332,1024,0.282922,1.670026,43574,0,1.5322980899999998,43574,5577472,0.003389957617767273,56874.051184126976,4.44,2.8976085195015813,0.0,854.762462018635,50.947812915959055,36874.861,50667.453,56735.474,43574,43574,43574,43574,0,0,5.448976477712421,0,0
aya-duplex-stream-seqpacket-v1,True,True,increment-r,01-aya-udp,1102,udp-open,aya,udp,1024,1024,1024,1024,1431,10000,9998.0,1.5,9983.54986981972,9983.54986981972,9998.0,1024,1.347659,2.743289,14997,0,1.5021710910000001,14997,42921414,0.026610605164825957,19967.09973963944,5.04,3.3551437850164296,0.0,126.08295693520256,168.03360672134426,211.528,50572.851,56454.01,14997,14997,14997,14997,0,0,5.558003029270367,0,0
aya-duplex-stream-seqpacket-v1,True,True,increment-r,01-aya-udp,1105,udp-open,aya,udp,1024,1024,1024,1178,1431,0,31705.333333333332,1.5,31291.50933890615,31291.50933890615,31705.333333333332,1024,0.741379,1.552221,47558,0,1.5198372020000002,47558,136110996,0.08340580363566932,62583.0186778123,4.74,3.118755083611909,0.0,37.39254281674641,49.83388704318937,26474.173,43058.144,48814.055,47558,47558,47558,47558,0,0,5.255741015119497,0,0
aya-duplex-stream-seqpacket-v1,False,False,increment-r,01-aya-udp,1120,udp-rr,aya,udp,4096,4096,,,0,0,35502.65281317754,,35502.65281317754,35502.65281317754,35502.65281317754,,,,35516,0,1.000375949,35516,0,0.0,71005.30562635508,3.3,3.298759834538965,0.0,,46.457934452077936,81.693,222.625,278.269,35516,35516,35516,35516,0,0,3.421341409653621,0,0
aya-duplex-stream-seqpacket-v1,False,False,increment-r,01-aya-udp,1123,udp-open,aya,udp,4096,64,64,38,64,10000,10000.0,1.5,9999.799804007924,9999.799804007924,10000.0,35,1.8434490000000001,3.4165,15000,0,1.50003003,15000,1920000,0.0011920690302858262,19999.599608015847,5.95,3.96658725558981,0.0,3327.4811733333336,198.33333333333334,73.441,147.432,3693.327,15000,15000,15000,15000,0,0,5.846973225518525,0,0
aya-duplex-stream-seqpacket-v1,False,False,increment-r,01-aya-udp,1126,udp-open,aya,udp,4096,64,64,8266,64,0,62496.0,1.5,58212.33687714078,58212.33687714078,62496.0,64,0.527026,2.241026,93744,0,1.610380291,93744,11999232,0.006939451322214696,116424.67375428155,6.14,3.81276400010288,0.0,549.433063662741,32.748762587472264,53453.416,119849.713,145473.166,93744,93744,93744,93744,0,0,6.159778741207674,0,0
aya-duplex-stream-seqpacket-v1,False,False,increment-r,01-aya-udp,1129,udp-open,aya,udp,4096,64,64,36,1431,10000,10000.0,1.5,9999.792524304707,9999.792524304707,10000.0,36,2.6751699999999996,2.60259,15000,0,1.500031122,15000,42930000,0.026653899070397082,19999.585048609413,5.98,3.9865839530228095,0.0,149.56850937619382,199.33333333333334,82.204,114.542,3033.153,15000,15000,15000,15000,0,0,5.700197080029795,0,0
aya-duplex-stream-seqpacket-v1,False,False,increment-r,01-aya-udp,1132,udp-open,aya,udp,4096,64,64,3387,1431,0,55916.0,1.5,54233.28369583235,54233.28369583235,55916.0,64,1.0987449999999999,1.8829159999999998,83874,0,1.546541059,83874,240047388,0.14455584617096204,108466.5673916647,6.07,3.9248877129229847,0.0,27.151359262780232,36.18523022629182,25590.092,58338.626,74017.786,83874,83874,83874,83874,0,0,5.888644457806322,0,0
aya-duplex-stream-seqpacket-v1,True,True,increment-r,01-aya-udp,1135,udp-open,aya,udp,4096,4096,4096,4096,64,10000,10000.0,1.5,9994.788310919961,9994.788310919961,10000.0,4096,1.300153,2.79764,15000,0,1.500782161,15000,1920000,0.0011914716137552215,19989.576621839922,5.1,3.3982280257127866,0.0,2852.1267199999998,170.0,1805.546,157479.13,173121.646,15000,15000,15000,15000,0,0,4.855265129975237,0,0
aya-duplex-stream-seqpacket-v1,True,True,increment-r,01-aya-udp,1138,udp-open,aya,udp,4096,4096,4096,4113,64,0,28940.0,1.5,28368.857322725053,28368.857322725053,28940.0,4096,0.35225599999999996,1.596721,43410,0,1.530199102,43410,5556480,0.0033818313268095318,56737.714645450105,4.56,2.980004362857089,0.0,881.1806606772632,52.5224602626123,33968.508,131836.048,144193.19,43410,43410,43410,43410,0,0,5.88926483158707,0,0
aya-duplex-stream-seqpacket-v1,True,True,increment-r,01-aya-udp,1141,udp-open,aya,udp,4096,4096,4096,4096,1431,10000,10000.0,1.5,9999.031007237129,9999.031007237129,10000.0,4096,1.3584209999999999,2.7073889999999996,15000,0,1.5001453630000001,15000,42930000,0.026651869288378083,19998.062014474257,5.1,3.3996705424606235,0.0,127.55842772886093,170.0,1326.797,163378.577,183508.043,15000,15000,15000,15000,0,0,4.931799131258572,0,0
aya-duplex-stream-seqpacket-v1,True,True,increment-r,01-aya-udp,1144,udp-open,aya,udp,4096,4096,4096,4110,1431,0,28046.666666666668,1.5,27718.004767622002,27718.004767622002,28046.666666666668,4096,0.660155,1.5430070000000002,42070,0,1.517786015,42070,120404340,0.07388082299841026,55436.009535244004,4.73,3.116381329946567,0.0,42.181194029384656,56.21583075826004,27922.612,140507.005,153642.487,42070,42070,42070,42070,0,0,5.528442297266906,0,0
aya-duplex-stream-seqpacket-v1,False,False,increment-r,01-aya-udp,1159,udp-rr,aya,udp,16384,16384,,,0,0,38322.77632090398,,38322.77632090398,38322.77632090398,38322.77632090398,,,,38402,0,1.002067274,38402,0,0.0,76645.55264180795,3.76,3.752243085427815,0.0,,48.95578355293995,91.267,190.246,263.647,38402,38402,38402,38402,0,0,3.2883361551495796,0,0
aya-duplex-stream-seqpacket-v1,False,False,increment-r,01-aya-udp,1162,udp-open,aya,udp,16384,64,64,71,0,10000,10000.0,1.0,9989.355472669944,9989.355472669944,10000.0,50,1.075773,2.254334,0,0,1.001065587,10000,0,0.0,19978.710945339888,3.89,3.885859278868608,0.0,,194.5,,,,10000,10000,10000,10000,0,0,3.868383714822471,0,0
aya-duplex-stream-seqpacket-v1,False,False,increment-r,01-aya-udp,1165,udp-open,aya,udp,16384,64,64,13732,0,100000,62833.0,1.0,41158.250754416564,41158.250754416564,62833.0,64,0.267141,1.63541,0,0,1.526619787,62833,0,0.0,82316.50150883313,4.82,3.1573021921010906,0.0,,38.35564114398485,,,,62833,62833,62833,62833,0,0,5.546052205060448,0,0
aya-duplex-stream-seqpacket-v1,False,False,increment-r,01-aya-udp,1168,udp-open,aya,udp,16384,64,64,17170,0,0,62959.0,1.0,40810.522212353615,40810.522212353615,62959.0,64,0.300265,1.6111620000000002,0,0,1.542714883,62959,0,0.0,81621.04442470723,4.69,3.0400951281935615,0.0,,37.24646198319541,,,,62959,62959,62959,62959,0,0,5.428273727922885,0,0
aya-duplex-stream-seqpacket-v1,False,False,increment-r,01-aya-udp,1171,udp-open,aya,udp,16384,64,64,64,64,10000,10000.0,1.0,9980.472736009779,9980.472736009779,10000.0,48,1.0385,2.234806,10000,0,1.001956547,10000,1280000,0.0011897650642406677,19960.945472019557,3.85,3.8424820033637648,0.0,3229.6140800000003,192.5,102.794,3734.739,6724.548,10000,10000,10000,10000,0,0,3.136075233823476,0,0
aya-duplex-stream-seqpacket-v1,False,False,increment-r,01-aya-udp,1174,udp-open,aya,udp,16384,64,64,18022,64,100000,54075.0,1.0,51653.831604141684,51653.831604141684,54075.0,64,0.332748,1.266016,54075,0,1.046872968,54075,6921600,0.0061576165681054215,103307.66320828337,3.94,3.763589394735427,0.0,611.2087937124364,36.43088303282478,86037.461,275002.003,320592.058,54075,54075,54075,54075,0,0,3.443854242592238,0,0
aya-duplex-stream-seqpacket-v1,False,False,increment-r,01-aya-udp,1177,udp-open,aya,udp,16384,64,64,22944,64,0,57080.0,1.0,49836.984689900186,49836.984689900186,57080.0,64,0.291158,1.369926,57080,0,1.1453341400000001,57080,7306240,0.005941031538236163,99673.96937980037,4.13,3.6059345965187064,0.0,606.9542929222144,36.17729502452698,120745.902,438763.115,512522.953,57080,57080,57080,57080,0,0,4.167680927540744,0,0
aya-duplex-stream-seqpacket-v1,False,False,increment-r,01-aya-udp,1180,udp-open,aya,udp,16384,64,64,52,1431,10000,10000.0,1.0,9999.45316990395,9999.45316990395,10000.0,51,1.093441,2.320901,10000,0,1.000054686,10000,28620000,0.026652994539835592,19998.9063398079,3.99,3.989781814791677,0.0,149.69356665828093,199.5,91.338,114.262,4681.524,10000,10000,10000,10000,0,0,3.260988296104017,0,0
aya-duplex-stream-seqpacket-v1,False,False,increment-r,01-aya-udp,1183,udp-open,aya,udp,16384,64,64,5006,1431,100000,50102.0,1.0,47314.57119288682,47314.57119288682,50102.0,64,0.651821,1.1860879999999998,50102,0,1.058912693,50102,143391924,0.12611439708065436,94629.14238577364,4.06,3.8341215728537876,0.0,30.401933971120993,40.517344616981354,37887.875,101820.187,138972.166,50102,50102,50102,50102,0,0,4.060965991463547,0,0
aya-duplex-stream-seqpacket-v1,False,False,increment-r,01-aya-udp,1186,udp-open,aya,udp,16384,64,64,4171,1431,0,52572.0,1.0,48231.70515560469,48231.70515560469,52572.0,64,0.671818,1.240646,52572,0,1.089988418,52572,150461064,0.12855896740717873,96463.41031120939,4.23,3.880775180860684,0.0,30.186732665402396,40.23054097238074,39982.197,85188.924,105576.028,52572,52572,52572,52572,0,0,3.815623090784527,0,0
aya-duplex-stream-seqpacket-v1,False,False,increment-r,01-aya-udp,1189,udp-open,aya,udp,16384,64,64,74,59000,10000,8282.0,1.0,8250.105668991078,8250.105668991078,8282.0,50,2.912548,0.35161699999999996,8282,0,1.00386593,8282,977276000,0.906654138994354,16500.211337982157,3.96,3.9447498731229977,0.0,4.3508871833954785,239.07268775658054,661.124,10075.67,13201.052,8282,8282,8282,8282,0,0,3.2067097890047194,0,0
aya-duplex-stream-seqpacket-v1,False,False,increment-r,01-aya-udp,1192,udp-open,aya,udp,16384,64,64,75,59000,100000,8210.0,1.0,8161.20172651664,8161.20172651664,8210.0,59,2.9140449999999998,0.348379,8210,0,1.0059793,8210,968780000,0.8968839456597003,16322.40345303328,3.96,3.9364627085269053,0.0,4.389043563079337,241.16930572472594,665.191,10200.968,12960.21,8210,8210,8210,8210,0,0,3.3402485355570093,0,0
aya-duplex-stream-seqpacket-v1,False,False,increment-r,01-aya-udp,1195,udp-open,aya,udp,16384,64,64,80,59000,0,8231.0,1.0,8226.679405562953,8226.679405562953,8231.0,50,2.924633,0.343426,8231,0,1.000525193,8231,971258000,0.9040796848539528,16453.358811125905,3.97,3.9679160782511147,0.0,4.38890082890437,241.16146276272627,662.156,10322.531,12716.673,8231,8231,8231,8231,0,0,3.8078732681070164,0,0
aya-duplex-stream-seqpacket-v1,True,True,increment-r,01-aya-udp,1198,udp-open,aya,udp,16384,16384,16384,16384,0,10000,9997.55859375,3.2768,9991.964252504687,9991.964252504687,9997.55859375,16384,2.77945,6.2259899999999995,0,0,3.278634628,32760,0,0.0,19983.928505009375,11.4,3.477057157465001,0.0,,173.99267399267399,,,,32760,32760,32760,32760,0,0,11.971272123353117,0,0
aya-duplex-stream-seqpacket-v1,True,True,increment-r,01-aya-udp,1201,udp-open,aya,udp,16384,16384,16384,16439,0,100000,27374.8779296875,3.2768,27193.253774451558,27193.253774451558,27374.8779296875,16384,0.615765,3.237397,0,0,3.298685797,89702,0,0.0,54386.507548903115,9.98,3.025447288455403,0.0,,55.628637042652336,,,,89702,89702,89702,89702,0,0,12.706528046866367,0,0
aya-duplex-stream-seqpacket-v1,True,True,increment-r,01-aya-udp,1204,udp-open,aya,udp,16384,16384,16384,16445,0,0,27382.8125,3.2768,27243.271702441707,27243.271702441707,27382.8125,16384,0.642764,3.1927689999999997,0,0,3.293583861,89728,0,0.0,54486.543404883414,9.92,3.0119166290145967,0.0,,55.27817403708987,,,,89728,89728,89728,89728,0,0,12.593219339713755,0,0
aya-duplex-stream-seqpacket-v1,True,True,increment-r,01-aya-udp,1207,udp-open,aya,udp,16384,16384,16384,16384,64,10000,10000.0,3.2768,9995.293262523539,9995.293262523539,10000.0,16384,3.135948,6.593668,32768,0,3.27834303,32768,4194304,0.0011915318086771415,19990.586525047078,11.86,3.6176812162331897,0.0,3036.16,180.96923828125,11988.087,435737.143,447196.665,32768,32768,32768,32768,0,0,12.094151432264994,0,0
aya-duplex-stream-seqpacket-v1,True,True,increment-r,01-aya-udp,1210,udp-open,aya,udp,16384,16384,16384,16437,64,100000,32378.5400390625,3.2768,32165.05312719057,32165.05312719057,32378.5400390625,16384,0.760217,3.4110750000000003,106098,0,3.298548881,106098,13580544,0.0038343731316555227,64330.10625438114,10.71,3.2468823068503743,0.0,846.7830843182719,50.472204942600236,33981.077,377013.819,406216.386,106098,106098,106098,106098,0,0,12.562270038643874,0,0
aya-duplex-stream-seqpacket-v1,True,True,increment-r,01-aya-udp,1213,udp-open,aya,udp,16384,16384,16384,16444,64,0,34497.37548828125,3.2768,34326.25065405862,34326.25065405862,34497.37548828125,16384,0.79006,3.4797480000000003,113041,0,3.293135657,113041,14469248,0.004092007953412368,68652.50130811724,11.03,3.349391324512933,0.0,818.5202381436824,48.78760803602233,30834.203,340553.431,361492.085,113041,113041,113041,113041,0,0,12.576908429683044,0,0
aya-duplex-stream-seqpacket-v1,True,True,increment-r,01-aya-udp,1216,udp-open,aya,udp,16384,16384,16384,16384,1431,10000,10000.0,3.2768,9999.844164415816,9999.844164415816,10000.0,16384,3.798577,7.171555,32768,0,3.276851065,32768,93782016,0.02665403671428381,19999.68832883163,12.92,3.9428096497879745,0.0,147.92542278127183,197.1435546875,12752.147,392180.458,412087.439,32768,32768,32768,32768,0,0,12.494219167405163,0,0
aya-duplex-stream-seqpacket-v1,True,True,increment-r,01-aya-udp,1219,udp-open,aya,udp,16384,16384,16384,16444,1431,100000,36071.1669921875,3.2768,35776.41816498922,35776.41816498922,36071.1669921875,16384,1.847441,3.3333999999999997,118198,0,3.303796357,118198,338282676,0.09536008237693379,71552.83632997844,12.05,3.647319234573513,0.0,38.24786161736524,50.97378974263524,22231.71,362268.023,392915.064,118198,118198,118198,118198,0,0,12.63593234431437,0,0
aya-duplex-stream-seqpacket-v1,True,True,increment-r,01-aya-udp,1222,udp-open,aya,udp,16384,16384,16384,16444,1431,0,34048.76708984375,3.2768,33794.25288521944,33794.25288521944,34048.76708984375,16384,1.70187,3.296382,111571,0,3.30147852,111571,319316202,0.09007672942941826,67588.50577043887,11.63,3.5226641426096577,0.0,39.10737173655849,52.119278307086965,24104.767,389321.687,411241.046,111571,111571,111571,111571,0,0,12.588096613708217,0,0
aya-duplex-stream-seqpacket-v1,True,True,increment-r,01-aya-udp,1225,udp-open,aya,udp,16384,16384,16384,16404,59000,10000,6501.77001953125,3.2768,6484.40588755189,6484.40588755189,6501.77001953125,16384,7.603503999999999,2.32258,21305,0,3.2855747109999998,21305,2513990000,0.7126106831534981,12968.81177510378,13.0,3.9566898163893254,0.0,5.552386330892326,305.0927012438395,1987334.39,2014485.251,2028594.529,21305,21305,21305,21305,0,0,12.757658679498263,0,0
aya-duplex-stream-seqpacket-v1,True,True,increment-r,01-aya-udp,1228,udp-open,aya,udp,16384,16384,16384,16449,59000,100000,7918.39599609375,3.2768,7914.559874040154,7914.559874040154,7918.39599609375,16384,9.175251,1.219568,25947,0,3.278388238,25947,3061746000,0.8697789769030532,15829.119748080308,13.1,3.9958659710149926,0.0,4.594116525146109,252.43766138667283,1481330.886,1576297.691,1598231.312,25947,25947,25947,25947,0,0,12.679672436789929,0,0
aya-duplex-stream-seqpacket-v1,True,True,increment-r,01-aya-udp,1231,udp-open,aya,udp,16384,16384,16384,16447,59000,0,8058.16650390625,3.2768,8055.536165338156,8055.536165338156,8058.16650390625,16384,9.370697,1.175527,26405,0,3.277869959,26405,3115790000,0.885271716406478,16111.072330676312,13.09,3.993447013985096,0.0,4.510984525966127,247.8697216436281,1448844.447,1546787.972,1558626.263,26405,26405,26405,26405,0,0,12.786839925060463,0,0
aya-duplex-stream-seqpacket-v1,False,False,increment-r,02-aya-udp,967,udp-rr,aya,udp,1,1,,,0,0,6086.684862175199,,6086.684862175199,6086.684862175199,6086.684862175199,,,,6088,1,1.000216068,6088,0,0.0,12173.369724350398,1.13,1.1297558959030838,0.0,,92.80551905387648,160.311,223.707,269.035,6088,6088,6088,6088,0,0,1.9418998436760564,0,0
aya-duplex-stream-seqpacket-v1,False,False,increment-r,02-aya-udp,970,udp-open,aya,udp,1,1,1,3,0,1000,1000.0,1.0,999.8969826136752,999.8969826136752,1000.0,1,0.10847799999999999,0.812495,0,1,1.000103028,1000,0,0.0,1999.7939652273503,1.43,1.4298526851375555,0.0,,715.0,,,,1000,1000,1000,1000,0,0,1.0432344386751833,0,0
aya-duplex-stream-seqpacket-v1,False,False,increment-r,02-aya-udp,973,udp-open,aya,udp,1,1,1,1822,0,10000,10000.0,1.0,8685.161556077317,8685.161556077317,10000.0,1,0.097498,0.586548,0,1,1.15138906,10000,0,0.0,17370.323112154634,1.41,1.2246077794069017,0.0,,70.5,,,,10000,10000,10000,10000,0,0,2.141022438948335,0,0
aya-duplex-stream-seqpacket-v1,False,False,increment-r,02-aya-udp,976,udp-open,aya,udp,1,1,1,21934,0,0,31807.0,1.0,10602.127733338286,10602.127733338286,31807.0,1,0.265085,1.6152760000000002,0,1,3.000058177,28501,0,0.0,19000.63153341976,3.7,1.2333094165860237,0.0,,64.90886444573093,,,,31807,31807,28502,28501,3305,1,6.184256212279937,0,0
aya-duplex-stream-seqpacket-v1,False,False,increment-r,02-aya-udp,979,udp-open,aya,udp,1,1,1,6,64,1000,1000.0,1.0,999.9269013438043,999.9269013438043,1000.0,1,0.265649,0.637334,1000,1,1.000073104,1000,128000,0.00011920057551190904,1999.8538026876085,1.72,1.7198742703113432,0.0,14428.40576,860.0,195.675,272.47,1576.682,1000,1000,1000,1000,0,0,1.2232629303626297,0,0
aya-duplex-stream-seqpacket-v1,False,False,increment-r,02-aya-udp,982,udp-open,aya,udp,1,1,1,1972,64,10000,10000.0,1.0,8148.648154631348,8148.648154631348,10000.0,1,0.11358,0.603307,10000,1,1.227197421,10000,1280000,0.0009713945573128877,16297.296309262696,1.49,1.214148575040071,0.0,1249.902592,74.5,143327.828,220948.085,227183.927,10000,10000,10000,10000,0,0,2.4627301726133624,0,0
aya-duplex-stream-seqpacket-v1,False,False,increment-r,02-aya-udp,985,udp-open,aya,udp,1,1,1,23434,64,0,32375.0,1.0,10791.063726771996,10791.063726771996,32375.0,1,0.297615,1.552609,27497,1,3.000167622,27497,3519680,0.0010925914323538443,18330.642460349834,3.85,1.283261632372886,0.0,1174.5118938085282,70.00636421492862,1122067.735,2095870.652,2143686.756,32375,32375,27498,27497,4877,1,6.216057659610698,0,0
aya-duplex-stream-seqpacket-v1,False,False,increment-r,02-aya-udp,989,udp-open,aya,udp,1,1,1,3,1431,1000,1000.0,1.0,999.9026394799938,999.9026394799938,1000.0,1,0.346862,0.580988,1000,1,1.00009737,1000,2862000,0.002665185699417947,1999.8052789599876,1.0,0.9999026394799938,0.0,375.1718462613557,500.0,178.889,261.634,1052.694,1000,1000,1000,1000,0,0,1.1001861998444298,0,0
aya-duplex-stream-seqpacket-v1,False,False,increment-r,02-aya-udp,992,udp-open,aya,udp,1,1,1,3027,1431,10000,10000.0,1.0,7108.580769766501,7108.580769766501,10000.0,1,0.1987,0.639472,10000,1,1.4067505630000001,10000,28620000,0.018947532552361233,14217.161539533003,1.53,1.0876128577742747,0.0,57.401292477987425,76.5,210843.332,389055.947,404382.236,10000,10000,10000,10000,0,0,2.6851362401510883,0,0
aya-duplex-stream-seqpacket-v1,False,False,increment-r,02-aya-udp,995,udp-open,aya,udp,1,1,1,24163,1431,0,30232.0,1.0,10076.615434943285,10076.615434943285,30232.0,1,0.415657,1.461688,22637,1,3.000213732,22637,64788525,0.020111572473977095,15090.591552562095,3.63,1.2099138009011685,0.0,60.16007959928089,80.17669795692987,1273574.499,2142241.29,2217241.875,30232,30232,22638,22637,7594,1,6.210300324133428,0,0
aya-duplex-stream-seqpacket-v1,False,False,increment-r,02-aya-udp,998,udp-open,aya,udp,1,1,1,440,59000,1000,1000.0,1.0,559.0874598186149,559.0874598186149,1000.0,1,0.604116,1.025629,1000,1,1.788628921,1000,118000000,0.06144151115659304,1118.1749196372298,2.03,1.1349475434317882,0.0,18.47199917559322,1014.9999999999999,391549.749,749513.816,781502.375,1000,1000,1000,1000,0,0,2.624705940083004,0,0
aya-duplex-stream-seqpacket-v1,False,False,increment-r,02-aya-udp,1001,udp-open,aya,udp,1,1,1,6821,59000,10000,7366.0,1.0,2454.8958839795864,2454.8958839795864,7366.0,1,1.328188,1.368072,1638,1,3.000534584,1638,193343000,0.06001087323040849,1092.1387200381623,3.03,1.0098200554518253,0.0,16.82728480844923,924.6261824839793,1359822.957,2612064.348,2721624.29,7366,7366,1639,1638,5727,1,4.359271432748443,0,0
aya-duplex-stream-seqpacket-v1,False,False,increment-r,02-aya-udp,1005,udp-open,aya,udp,1,1,1,7130,59000,0,7680.0,1.0,2559.7544325182707,2559.7544325182707,7680.0,1,0.915198,1.82137,1645,1,3.000287802,1645,194110000,0.06025389458908,1096.5614691386863,3.18,1.0598983197145966,0.0,17.590536295502552,966.565349544073,1353600.755,2609407.651,2721386.672,7680,7680,1645,1645,6035,0,4.346265384794947,0,0
aya-duplex-stream-seqpacket-v1,False,False,increment-r,02-aya-udp,1021,udp-rr,aya,udp,64,64,,,0,0,23016.647451336725,,23016.647451336725,23016.647451336725,23016.647451336725,,,,23023,1,1.000275998,23023,0,0.0,46033.29490267345,2.68,2.6792605294523923,0.0,,58.20266689831907,171.228,255.855,317.928,23023,23023,23023,23023,0,0,3.805056439102586,0,0
aya-duplex-stream-seqpacket-v1,False,False,increment-r,02-aya-udp,1024,udp-open,aya,udp,64,64,64,5,0,1000,1000.0,1.0,999.9674290609006,999.9674290609006,1000.0,5,1.28244,2.514469,0,1,1.000032572,1000,0,0.0,1999.9348581218012,3.86,3.859874276175076,0.0,,1930.0,,,,1000,1000,1000,1000,0,0,3.158249098260441,0,0
aya-duplex-stream-seqpacket-v1,False,False,increment-r,02-aya-udp,1027,udp-open,aya,udp,64,64,64,49,0,10000,10000.0,1.0,9969.239154925303,9969.239154925303,10000.0,47,0.804918,1.879246,0,1,1.003085576,10000,0,0.0,19938.478309850605,3.29,3.279879681970425,0.0,,164.5,,,,10000,10000,10000,10000,0,0,3.5091102795297076,0,0
aya-duplex-stream-seqpacket-v1,False,False,increment-r,02-aya-udp,1030,udp-open,aya,udp,64,64,64,7168,0,0,61647.0,1.0,57401.83442005229,57401.83442005229,61647.0,64,0.280063,1.4807139999999999,0,1,1.073955225,61647,0,0.0,114803.66884010458,3.95,3.6779931863546733,0.0,,32.037244310347624,,,,61647,61647,61647,61647,0,0,3.9463226433937564,0,0
aya-duplex-stream-seqpacket-v1,False,False,increment-r,02-aya-udp,1033,udp-open,aya,udp,64,64,64,6,64,1000,1000.0,1.0,999.9745996451944,999.9745996451944,1000.0,6,1.293568,2.636782,1000,1,1.000025401,1000,128000,0.00011920626159253054,1999.9491992903888,3.97,3.969899160591422,0.0,33302.773760000004,1985.0,70.426,176.495,380.353,1000,1000,1000,1000,0,0,3.338514969733197,0,0
aya-duplex-stream-seqpacket-v1,False,False,increment-r,02-aya-udp,1036,udp-open,aya,udp,64,64,64,30,64,10000,10000.0,1.0,9999.641732835997,9999.641732835997,10000.0,30,1.1342409999999998,2.4139489999999997,10000,1,1.000035828,10000,1280000,0.0011920501867337223,19999.283465671993,3.98,3.979857409668727,0.0,3338.665984,199.0,70.336,141.593,2946.613,10000,10000,10000,10000,0,0,3.1915232752022433,0,0
aya-duplex-stream-seqpacket-v1,False,False,increment-r,02-aya-udp,1039,udp-open,aya,udp,64,64,64,8315,64,0,68462.0,1.0,62300.087319402715,62300.087319402715,68462.0,64,0.353949,1.632007,68462,1,1.098906967,68462,8763136,0.007426749148297634,124600.17463880543,4.32,3.9311790076220348,0.0,529.3270217054717,31.55034909877012,50700.313,118064.478,139653.089,68462,68462,68462,68462,0,0,3.8663822587041636,0,0
aya-duplex-stream-seqpacket-v1,False,False,increment-r,02-aya-udp,1042,udp-open,aya,udp,64,64,64,6,1431,1000,1000.0,1.0,999.9740986708963,999.9740986708963,1000.0,6,1.351626,2.578999,1000,1,1.000025902,1000,2862000,0.002665376169975945,1999.9481973417926,3.98,3.979896912710167,0.0,1493.1839481201957,1990.0,77.246,159.019,670.699,1000,1000,1000,1000,0,0,3.2882195526119347,0,0
aya-duplex-stream-seqpacket-v1,False,False,increment-r,02-aya-udp,1045,udp-open,aya,udp,64,64,64,36,1431,10000,10000.0,1.0,9999.655661857283,9999.655661857283,10000.0,35,1.049557,2.432622,10000,1,1.000034435,10000,28620000,0.02665353427104237,19999.311323714566,3.96,3.959863642095484,0.0,148.56805111949686,198.0,78.488,360.983,4308.874,10000,10000,10000,10000,0,0,3.6252583374041762,0,0
aya-duplex-stream-seqpacket-v1,False,False,increment-r,02-aya-udp,1048,udp-open,aya,udp,64,64,64,3839,1431,0,56341.0,1.0,54826.292577870765,54826.292577870765,56341.0,64,0.7560830000000001,1.250032,56341,1,1.027627391,56341,161247942,0.14613647885421863,109652.58515574153,4.02,3.911923752916002,0.0,26.768975026546382,35.67561811114463,18000.704,61322.314,82810.655,56341,56341,56341,56341,0,0,3.621222073610795,0,0
aya-duplex-stream-seqpacket-v1,False,False,increment-r,02-aya-udp,1051,udp-open,aya,udp,64,64,64,4,59000,1000,1000.0,1.0,999.9638943036684,999.9638943036684,1000.0,4,1.928668,1.9709539999999999,1000,1,1.000036107,1000,118000000,0.1098920959307187,1999.9277886073369,3.97,3.969856660385564,0.0,36.12504272271187,1985.0,404.388,784.42,1153.296,1000,1000,1000,1000,0,0,3.639705691051546,0,0
aya-duplex-stream-seqpacket-v1,False,False,increment-r,02-aya-udp,1054,udp-open,aya,udp,64,64,64,86,59000,10000,8555.0,1.0,8550.0446933473,8550.0446933473,8555.0,50,3.0212830000000004,0.360849,8555,1,1.000579565,8555,1009490000,0.9396162571525029,17100.0893866946,3.97,3.967700459683084,0.0,4.222681791082626,232.02805376972532,640.634,8219.477,11689.377,8555,8555,8555,8555,0,0,3.9710353624592187,0,0
aya-duplex-stream-seqpacket-v1,False,False,increment-r,02-aya-udp,1057,udp-open,aya,udp,64,64,64,62,59000,0,8477.0,1.0,8470.717362110414,8470.717362110414,8477.0,46,3.0029030000000003,0.36384000000000005,8477,1,1.000741689,8477,1000286000,0.9308984956974432,16941.434724220828,3.97,3.967057676958634,0.0,4.261536241914812,234.16302937359916,644.33,8894.262,11873.485,8477,8477,8477,8477,0,0,3.2933704564268567,0,0
aya-duplex-stream-seqpacket-v1,False,False,increment-r,02-aya-udp,1076,udp-rr,aya,udp,1024,1024,,,0,0,22758.859338085644,,22758.859338085644,22758.859338085644,22758.859338085644,,,,22767,1,1.000357692,22767,0,0.0,45517.71867617129,2.72,2.719027425642068,0.0,,59.73558220231036,174.272,261.834,333.231,22767,22767,22767,22767,0,0,3.325165153251959,0,0
aya-duplex-stream-seqpacket-v1,False,False,increment-r,02-aya-udp,1079,udp-open,aya,udp,1024,64,64,32,64,10000,10000.0,1.5,9999.694316011222,9999.694316011222,10000.0,32,1.8293180000000002,3.50421,15000,1,1.5000458540000001,15000,1920000,0.0011920564551366833,19999.388632022445,5.97,3.9798783377724662,0.0,3338.6659839999998,199.0,70.906,91.889,2242.064,15000,15000,15000,15000,0,0,5.2574895542891795,0,0
aya-duplex-stream-seqpacket-v1,False,False,increment-r,02-aya-udp,1082,udp-open,aya,udp,1024,64,64,5968,64,0,60742.666666666664,1.5,58320.74467166142,58320.74467166142,60742.666666666664,64,0.455819,2.1115839999999997,91114,1,1.5622914369999998,91114,11662592,0.006952374538381269,116641.48934332284,5.85,3.7444998170338177,0.0,538.5929363215313,32.102640647979456,31444.05,98906.273,144105.799,91114,91114,91114,91114,0,0,5.456796469122622,0,0
aya-duplex-stream-seqpacket-v1,False,False,increment-r,02-aya-udp,1085,udp-open,aya,udp,1024,64,64,48,1431,10000,10000.0,1.5,9999.75653926079,9999.75653926079,10000.0,45,1.7100170000000001,3.592312,15000,1,1.50003652,15000,42930000,0.0266538031542342,19999.51307852158,5.95,3.96657009390678,0.01,148.81816568367108,198.33333333333334,77.517,149.895,3603.902,15000,15000,15000,15000,0,0,5.2397534038044284,0,0
aya-duplex-stream-seqpacket-v1,False,False,increment-r,02-aya-udp,1088,udp-open,aya,udp,1024,64,64,2494,1431,0,54883.333333333336,1.5,54395.69273807365,54395.69273807365,54883.333333333336,64,1.096274,1.8293080000000002,82325,1,1.5134470370000002,82325,235614150,0.14498873857442923,108791.3854761473,5.94,3.9248152428078655,0.0,27.0697937053441,36.076525964166414,16838.935,45343.003,60836.714,82325,82325,82325,82325,0,0,5.261510869815737,0,0
aya-duplex-stream-seqpacket-v1,True,True,increment-r,02-aya-udp,1091,udp-open,aya,udp,1024,1024,1024,1024,64,10000,10000.0,1.5,9997.290820830742,9997.290820830742,10000.0,1024,1.085758,2.4681010000000003,15000,1,1.500406487,15000,1920000,0.0011917699361837794,19994.581641661483,4.55,3.0325115489853247,0.0,2544.5444266666664,151.66666666666666,858.442,49161.438,57783.881,15000,15000,15000,15000,0,0,4.597255459419387,0,0
aya-duplex-stream-seqpacket-v1,True,True,increment-r,02-aya-udp,1094,udp-open,aya,udp,1024,1024,1024,1329,64,0,29086.666666666668,1.5,28616.74750737143,28616.74750737143,29086.666666666668,1024,0.323366,1.6062720000000001,43630,1,1.524631686,43630,5584640,0.0034113821396078384,57233.49501474286,4.34,2.8465891400869126,0.0,834.4386596378638,49.73641989456796,36687.068,47908.873,56559.558,43630,43630,43630,43630,0,0,5.344059149421895,0,0
aya-duplex-stream-seqpacket-v1,True,True,increment-r,02-aya-udp,1097,udp-open,aya,udp,1024,1024,1024,1024,1431,10000,9998.0,1.5,9973.905862726378,9973.905862726378,9998.0,1024,1.389439,2.728802,14997,1,1.5036235759999999,14997,42921414,0.026584899592327786,19947.811725452757,5.1,3.391806354597888,0.0,127.58394451776448,170.03400680136028,192.89,54889.306,61604.049,14997,14997,14997,14997,0,0,4.835806385498159,0,0
aya-duplex-stream-seqpacket-v1,True,True,increment-r,02-aya-udp,1100,udp-open,aya,udp,1024,1024,1024,1157,1431,0,33986.0,1.5,33638.11805897297,33638.11805897297,33986.0,1024,0.779282,1.580249,50979,1,1.515512845,50979,145901898,0.08966056060491188,67276.23611794594,4.84,3.193638388462488,0.0,35.61921057503995,47.470527079777945,25252.935,39854.755,46166.841,50979,50979,50979,50979,0,0,5.429923027876555,0,0
aya-duplex-stream-seqpacket-v1,False,False,increment-r,02-aya-udp,1115,udp-rr,aya,udp,4096,4096,,,0,0,30987.849659849642,,30987.849659849642,30987.849659849642,30987.849659849642,,,,30997,1,1.000295288,30997,0,0.0,61975.699319699284,3.13,3.1290760213997926,0.0,,50.488756976481596,99.34,240.642,298.539,30997,30997,30997,30997,0,0,3.3211310430164644,0,0
aya-duplex-stream-seqpacket-v1,False,False,increment-r,02-aya-udp,1118,udp-open,aya,udp,4096,64,64,38,64,10000,10000.0,1.5,9999.78505128706,9999.78505128706,10000.0,38,1.813588,3.4307369999999997,15000,1,1.5000322430000002,15000,1920000,0.001192067271624453,19999.57010257412,5.95,3.9665814036772007,0.0,3327.4811733333336,198.33333333333334,73.481,131.478,3854.179,15000,15000,15000,15000,0,0,5.197960488526348,0,0
aya-duplex-stream-seqpacket-v1,False,False,increment-r,02-aya-udp,1121,udp-open,aya,udp,4096,64,64,9706,64,0,62988.666666666664,1.5,59097.247096136954,59097.247096136954,62988.666666666664,64,0.464151,2.162306,94483,1,1.598771595,94483,12093824,0.007044940840737457,118194.49419227391,6.01,3.75913608847923,0.0,533.5937055343289,31.804663272758063,51604.383,132812.928,187376.374,94483,94483,94483,94483,0,0,5.609972089190819,0,0
aya-duplex-stream-seqpacket-v1,False,False,increment-r,02-aya-udp,1125,udp-open,aya,udp,4096,64,64,36,1431,10000,10000.0,1.5,9999.730300607305,9999.730300607305,10000.0,36,1.7899969999999998,3.457051,15000,1,1.500040456,15000,42930000,0.02665373321654099,19999.46060121461,5.96,3.973226172774636,0.0,149.06828024784534,198.66666666666666,80.871,124.658,2580.162,15000,15000,15000,15000,0,0,5.223150644901409,0,0
aya-duplex-stream-seqpacket-v1,False,False,increment-r,02-aya-udp,1128,udp-open,aya,udp,4096,64,64,3117,1431,0,55066.666666666664,1.5,53247.54254307497,53247.54254307497,55066.666666666664,64,1.048002,1.9004059999999998,82600,1,1.551245298,82600,236401200,0.1419284071384748,106495.08508614993,6.05,3.9000924017627545,0.0,27.479293824227625,36.62227602905569,24616.177,55530.65,68290.94,82600,82600,82600,82600,0,0,5.38504578233227,0,0
aya-duplex-stream-seqpacket-v1,True,True,increment-r,02-aya-udp,1131,udp-open,aya,udp,4096,4096,4096,4096,64,10000,10000.0,1.5,9987.167455246197,9987.167455246197,10000.0,4096,1.295371,2.7316269999999996,15000,1,1.5019273549999999,15000,1920000,0.001190563136964583,19974.334910492395,5.06,3.3690044882363837,0.0,2829.7570986666665,168.66666666666666,1773.227,159135.392,164636.85,15000,15000,15000,15000,0,0,5.3085755807358055,0,0
aya-duplex-stream-seqpacket-v1,True,True,increment-r,02-aya-udp,1134,udp-open,aya,udp,4096,4096,4096,4111,64,0,28516.0,1.5,28233.213312144235,28233.213312144235,28516.0,4096,0.32817500000000005,1.585007,42774,1,1.51502415,42774,5475072,0.003365661300676374,56466.42662428847,4.48,2.95704857246005,0.0,878.593627904802,52.36826109318745,34830.676,137267.229,147906.448,42774,42774,42774,42774,0,0,5.411404242462197,0,0
aya-duplex-stream-seqpacket-v1,True,True,increment-r,02-aya-udp,1137,udp-open,aya,udp,4096,4096,4096,4096,1431,10000,9999.333333333334,1.5,9977.204684867203,9977.204684867203,9999.333333333334,4096,1.410102,2.777361,14999,1,1.503326881,14999,42927138,0.026593692421996905,19954.409369734407,5.19,3.45234297716253,0.0,129.8181133473189,173.0115341022735,854.766,156003.48,160515.209,14999,14999,14999,14999,0,0,5.194661545845236,0,0
aya-duplex-stream-seqpacket-v1,True,True,increment-r,02-aya-udp,1140,udp-open,aya,udp,4096,4096,4096,4112,1431,0,28154.666666666668,1.5,27736.842714195547,27736.842714195547,28154.666666666668,4096,0.6841149999999999,1.5044680000000001,42232,1,1.522595792,42232,120867984,0.07393103451284362,55473.685428391094,4.64,3.0474273108985446,0.0,41.2198656623577,54.93464671339269,29277.1,133558.66,167499.687,42232,42232,42232,42232,0,0,5.756967832522719,0,0
aya-duplex-stream-seqpacket-v1,False,False,increment-r,02-aya-udp,1155,udp-rr,aya,udp,16384,16384,,,0,0,37119.41499434707,,37119.41499434707,37119.41499434707,37119.41499434707,,,,37194,1,1.002009326,37194,0,0.0,74238.82998869414,3.64,3.632700719993099,0.0,,48.93262354143141,91.818,200.992,279.59,37194,37194,37194,37194,0,0,3.390795779075688,0,0
aya-duplex-stream-seqpacket-v1,False,False,increment-r,02-aya-udp,1158,udp-open,aya,udp,16384,64,64,52,0,10000,10000.0,1.0,9981.504162989435,9981.504162989435,10000.0,43,1.1115760000000001,2.211829,0,1,1.001853011,10000,0,0.0,19963.00832597887,3.89,3.8828051194028905,0.0,,194.5,,,,10000,10000,10000,10000,0,0,3.255680157316533,0,0
aya-duplex-stream-seqpacket-v1,False,False,increment-r,02-aya-udp,1161,udp-open,aya,udp,16384,64,64,14719,0,100000,52083.0,1.0,45869.76206550421,45869.76206550421,52083.0,64,0.263196,1.275191,0,1,1.135453895,52083,0,0.0,91739.52413100842,3.89,3.425942715181756,0.0,,37.34423900312962,,,,52083,52083,52083,52083,0,0,4.134938822367417,0,0
aya-duplex-stream-seqpacket-v1,False,False,increment-r,02-aya-udp,1164,udp-open,aya,udp,16384,64,64,25599,0,0,71790.0,1.0,45122.74131397711,45122.74131397711,71790.0,64,0.315111,1.791441,0,1,1.590993763,71790,0,0.0,90245.48262795422,5.3,3.3312512740504063,0.0,,36.91321911129684,,,,71790,71790,71790,71790,0,0,5.918031553233561,0,0
aya-duplex-stream-seqpacket-v1,False,False,increment-r,02-aya-udp,1167,udp-open,aya,udp,16384,64,64,71,64,10000,10000.0,1.0,9980.12129500098,9980.12129500098,10000.0,51,1.160436,2.187029,10000,1,1.00199183,10000,1280000,0.0011897231692076897,19960.24259000196,3.92,3.9122075476403837,0.0,3288.334336,196.0,788.836,4157.926,7271.02,10000,10000,10000,10000,0,0,3.7079940061539105,0,0
aya-duplex-stream-seqpacket-v1,False,False,increment-r,02-aya-udp,1170,udp-open,aya,udp,16384,64,64,15617,64,100000,50056.0,1.0,44597.38409827597,44597.38409827597,50056.0,64,0.263385,1.286535,50056,1,1.12239767,50056,6407168,0.005316422474178788,89194.76819655194,3.8,3.3856093090428456,0.0,636.8209685152628,37.957487613872466,78823.547,344177.594,464752.218,50056,50056,50056,50056,0,0,4.0605995400630945,0,0
aya-duplex-stream-seqpacket-v1,False,False,increment-r,02-aya-udp,1173,udp-open,aya,udp,16384,64,64,23833,64,0,68348.0,1.0,49746.49452633712,49746.49452633712,68348.0,64,0.343837,1.59175,68348,1,1.373925955,68348,8748544,0.005930244270126476,99492.98905267424,4.79,3.4863596415572484,0.0,587.8947784865687,35.041259436998885,117462.171,566888.991,721704.565,68348,68348,68348,68348,0,0,5.136944910836405,0,0
aya-duplex-stream-seqpacket-v1,False,False,increment-r,02-aya-udp,1176,udp-open,aya,udp,16384,64,64,53,1431,10000,10000.0,1.0,9999.590766747871,9999.590766747871,10000.0,43,1.167707,2.212612,10000,1,1.000040925,10000,28620000,0.026653361296683928,19999.181533495743,3.95,3.949838352865409,0.0,148.19287927323552,197.5,93.371,255.754,5042.507,10000,10000,10000,10000,0,0,3.9391021460662046,0,0
aya-duplex-stream-seqpacket-v1,False,False,increment-r,02-aya-udp,1179,udp-open,aya,udp,16384,64,64,4921,1431,100000,51455.0,1.0,47442.1171549167,47442.1171549167,51455.0,64,0.732955,1.212374,51455,1,1.084584818,51455,147264210,0.12645436385401673,94884.2343098334,4.17,3.844789204858665,0.0,30.404559302494476,40.52084345544651,40694.648,95894.872,122434.052,51455,51455,51455,51455,0,0,3.656400992902036,0,0
aya-duplex-stream-seqpacket-v1,False,False,increment-r,02-aya-udp,1182,udp-open,aya,udp,16384,64,64,3400,1431,0,50975.0,1.0,47584.991350014745,47584.991350014745,50975.0,64,0.6868489999999999,1.2319980000000001,50975,1,1.071241132,50975,145890450,0.12683518719276618,95169.98270002949,4.16,3.883346032683891,0.0,30.617261019072874,40.80431584109858,35737.039,76802.395,95547.69,50975,50975,50975,50975,0,0,4.081578260705953,0,0
aya-duplex-stream-seqpacket-v1,False,False,increment-r,02-aya-udp,1185,udp-open,aya,udp,16384,64,64,80,59000,10000,8349.0,1.0,8344.898874413473,8344.898874413473,8349.0,50,2.942106,0.34569099999999997,8349,1,1.000491453,8349,985182000,0.9170715391456986,16689.797748826946,3.96,3.958054802093347,0.0,4.315971691565619,237.15415019762847,659.432,9264.439,12089.379,8349,8349,8349,8349,0,0,3.9236432634823473,0,0
aya-duplex-stream-seqpacket-v1,False,False,increment-r,02-aya-udp,1188,udp-open,aya,udp,16384,64,64,78,59000,100000,8346.0,1.0,8341.26693992408,8341.26693992408,8346.0,50,2.9494299999999996,0.34895200000000004,8346,1,1.000567427,8346,984828000,0.916672403841318,16682.53387984816,3.96,3.957754263371598,0.0,4.317523083259209,237.23939611790078,660.083,9930.802,12204.833,8346,8346,8346,8346,0,0,3.4733207271412425,0,0
aya-duplex-stream-seqpacket-v1,False,False,increment-r,02-aya-udp,1191,udp-open,aya,udp,16384,64,64,82,59000,0,8279.0,1.0,8211.717204753959,8211.717204753959,8279.0,60,2.929478,0.364379,8279,1,1.008193511,8279,976922000,0.90243539787919,16423.434409507918,3.98,3.9476548465902592,0.0,4.374445922519914,240.3671941055683,658.771,10069.54,12999.629,8279,8279,8279,8279,0,0,3.204346748278965,0,0
aya-duplex-stream-seqpacket-v1,True,True,increment-r,02-aya-udp,1194,udp-open,aya,udp,16384,16384,16384,16384,0,10000,10000.0,3.2768,9999.293366586999,9999.293366586999,10000.0,16384,2.8968230000000004,6.18851,0,1,3.277031566,32768,0,0.0,19998.586733173997,11.42,3.4848611525397803,0.0,,174.25537109375,,,,32768,32768,32768,32768,0,0,12.207766335989618,0,0
aya-duplex-stream-seqpacket-v1,True,True,increment-r,02-aya-udp,1197,udp-open,aya,udp,16384,16384,16384,16438,0,100000,27150.2685546875,3.2768,26965.463235974217,26965.463235974217,27150.2685546875,16384,0.615997,3.2274809999999996,0,1,3.299257247,88966,0,0.0,53930.926471948434,9.98,3.0249232638875827,0.0,,56.0888429287593,,,,88966,88966,88966,88966,0,0,12.568231177696816,0,0
aya-duplex-stream-seqpacket-v1,True,True,increment-r,02-aya-udp,1200,udp-open,aya,udp,16384,16384,16384,16446,0,0,27507.32421875,3.2768,27296.60375102542,27296.60375102542,27507.32421875,16384,0.610325,3.271481,0,1,3.302095778,90136,0,0.0,54593.20750205084,10.1,3.058663551581574,0.0,,56.02644892162954,,,,90136,90136,90136,90136,0,0,12.612961138964465,0,0
aya-duplex-stream-seqpacket-v1,True,True,increment-r,02-aya-udp,1203,udp-open,aya,udp,16384,16384,16384,16384,64,10000,9999.69482421875,3.2768,9992.715930076338,9992.715930076338,9999.69482421875,16384,2.916996,6.499600000000001,32767,1,3.279088511,32767,4194176,0.0011912245667071745,19985.431860152676,11.63,3.546717315188691,0.0,2977.3708621478927,177.46513260292366,409556.311,620248.756,657991.953,32767,32767,32767,32767,0,0,12.022375753197593,0,0
aya-duplex-stream-seqpacket-v1,True,True,increment-r,02-aya-udp,1206,udp-open,aya,udp,16384,16384,16384,16437,64,100000,32357.48291015625,3.2768,32139.253426715775,32139.253426715775,32357.48291015625,16384,0.736569,3.479162,106029,1,3.299049875,106029,13571712,0.0038312975676912994,64278.50685343155,10.75,3.258513938047087,0.0,850.4987880674155,50.693678144658534,32786.32,388249.414,421416.427,106029,106029,106029,106029,0,0,12.37834846449482,0,0
aya-duplex-stream-seqpacket-v1,True,True,increment-r,02-aya-udp,1209,udp-open,aya,udp,16384,16384,16384,16446,64,0,36216.12548828125,3.2768,35830.076879238484,35830.076879238484,36216.12548828125,16384,0.8095999999999999,3.574878,118673,1,3.312105648,118673,15190144,0.004271278009323893,71660.15375847697,11.27,3.402669237560504,0.0,796.6396076613888,47.48342082866364,30613.45,345593.334,366174.35,118673,118673,118673,118673,0,0,12.62555541006634,0,0
aya-duplex-stream-seqpacket-v1,True,True,increment-r,02-aya-udp,1212,udp-open,aya,udp,16384,16384,16384,16384,1431,10000,10000.0,3.2768,9999.589094643805,9999.589094643805,10000.0,16384,3.832076,7.26451,32768,1,3.276934651,32768,93782016,0.026653356839782157,19999.17818928761,13.05,3.982380300448659,0.0,149.41383647798742,199.127197265625,15922.447,373833.644,390930.507,32768,32768,32768,32768,0,0,12.813621149485016,0,0
aya-duplex-stream-seqpacket-v1,True,True,increment-r,02-aya-udp,1215,udp-open,aya,udp,16384,16384,16384,16441,1431,100000,41077.57568359375,3.2768,40869.26829830612,40869.26829830612,41077.57568359375,16384,1.9424899999999998,3.598076,134603,1,3.293501587,134603,385233786,0.108934795362644,81738.53659661223,12.92,3.9228765065720306,0.0,36.01123491821665,47.9929867833555,20028.114,340182.052,367872.825,134603,134603,134603,134603,0,0,12.749675749793937,0,0
aya-duplex-stream-seqpacket-v1,True,True,increment-r,02-aya-udp,1218,udp-open,aya,udp,16384,16384,16384,16445,1431,0,35564.88037109375,3.2768,35321.9065189127,35321.9065189127,35564.88037109375,16384,1.760824,3.3966770000000004,116539,1,3.299340593,116539,333534618,0.09414860648766919,70643.8130378254,11.99,3.634059492202295,0.0,38.59918513693832,51.44200653858365,22172.22,363101.457,388410.356,116539,116539,116539,116539,0,0,12.600200555177253,0,0
aya-duplex-stream-seqpacket-v1,True,True,increment-r,02-aya-udp,1221,udp-open,aya,udp,16384,16384,16384,16406,59000,10000,6329.9560546875,3.2768,6317.667993783665,6317.667993783665,6329.9560546875,16384,7.456278,2.442994,20742,1,3.283173478,20742,2447556000,0.6942868449412961,12635.33598756733,12.98,3.953491975668305,0.0,5.694320732812651,312.8917172885932,2036549.548,2076481.74,2085780.26,20742,20742,20742,20742,0,0,12.811107670027354,0,0
aya-duplex-stream-seqpacket-v1,True,True,increment-r,02-aya-udp,1224,udp-open,aya,udp,16384,16384,16384,16446,59000,100000,7899.7802734375,3.2768,7886.82839378203,7886.82839378203,7899.7802734375,16384,9.185171,1.23976,25886,1,3.282181215,25886,3054548000,0.8667313963792096,15773.65678756406,13.11,3.994294995073878,0.01,4.608457720304281,253.22568183574134,1489141.297,1588435.233,1601406.65,25886,25886,25886,25886,0,0,12.773265459409572,0,0
aya-duplex-stream-seqpacket-v1,True,True,increment-r,02-aya-udp,1227,udp-open,aya,udp,16384,16384,16384,16447,59000,0,7960.51025390625,3.2768,7959.027756254814,7959.027756254814,7960.51025390625,16384,9.28993,1.2294559999999999,26085,1,3.277410357,26085,3078030000,0.8746658221241721,15918.055512509629,13.09,3.994007028153173,0.0,4.56632341990169,250.91048495303815,1473021.673,1568410.644,1585952.387,26085,26085,26085,26085,0,0,12.703193679749234,0,0
original-kernel-module,False,False,increment-r,03-kernel-udp,971,udp-rr,kernel,udp,1,1,,,0,0,5964.195930961371,,5964.195930961371,5964.195930961371,5964.195930961371,,,,5965,1,1.000134816,5965,0,0.0,11928.391861922742,1.13,1.1298476784553813,0.0,,94.71919530595139,161.713,205.329,318.619,5965,5965,5965,5965,0,0,3.0786634567870603,0,0
original-kernel-module,False,False,increment-r,03-kernel-udp,974,udp-open,kernel,udp,1,1,1,1,0,1000,1000.0,1.0,999.918290676959,999.918290676959,1000.0,1,0.313437,0.641633,0,1,1.000081716,1000,0,0.0,1999.836581353918,1.22,1.21990031462589,0.0,,610.0,,,,1000,1000,1000,1000,0,0,1.6440897089477957,0,0
original-kernel-module,False,False,increment-r,03-kernel-udp,977,udp-open,kernel,udp,1,1,1,801,0,10000,10000.0,1.0,9288.827420300495,9288.827420300495,10000.0,1,0.056455,0.654189,0,1,1.076562148,10000,0,0.0,18577.65484060099,1.35,1.2539917017405668,0.0,,67.5,,,,10000,10000,10000,10000,0,0,3.3254702838458883,0,0
original-kernel-module,False,False,increment-r,03-kernel-udp,980,udp-open,kernel,udp,1,1,1,6038,0,0,15474.0,1.0,5157.8665883421145,5157.8665883421145,15474.0,1,0.584691,1.8870390000000001,0,1,3.000077597,15063,0,0.0,10041.740263693586,3.58,1.1933024677694695,0.0,,118.83422956914293,,,,15474,15474,15063,15063,411,0,6.468812996579292,0,0
original-kernel-module,False,False,increment-r,03-kernel-udp,983,udp-open,kernel,udp,1,1,1,2,64,1000,1000.0,1.0,999.938998721383,999.938998721383,1000.0,1,0.308409,0.586009,1000,1,1.000061005,1000,128000,0.00011920201763169562,1999.877997442766,1.4,1.3999145982099361,0.0,11744.0512,700.0,307.633,332.15,343.347,1000,1000,1000,1000,0,0,1.8033213200816114,0,0
original-kernel-module,False,False,increment-r,03-kernel-udp,986,udp-open,kernel,udp,1,1,1,3272,64,10000,10000.0,1.0,3333.1392090837035,3333.1392090837035,10000.0,1,0.7068669999999999,1.8881860000000001,7769,1,3.000174722,7769,994432,0.0003086943449422275,5179.031703074258,3.24,1.07993710374312,0.0,3498.4026155232336,208.5210451795598,143693.028,156361.87,158158.693,10000,10000,7769,7769,2231,0,5.565589499225254,0,0
original-kernel-module,False,False,increment-r,03-kernel-udp,989,udp-open,kernel,udp,1,1,1,21140,64,0,27464.0,1.0,9154.202490623777,9154.202490623777,27464.0,1,0.6862280000000001,1.932557,7384,1,3.000152119,7384,945152,0.00029339892083084365,4922.417068945963,3.27,1.0899447328990588,0.0,3714.890054171181,221.42470205850486,161685.239,170445.259,172024.586,27464,27464,7384,7384,20080,0,5.272253545633021,0,0
original-kernel-module,False,False,increment-r,03-kernel-udp,992,udp-open,kernel,udp,1,1,1,1,1431,1000,1000.0,1.0,999.9537591383163,999.9537591383163,1000.0,1,0.306438,0.564244,1000,1,1.000046243,1000,2862000,0.0026653219560662856,1999.9075182766326,1.54,1.5399287890730071,0.0,577.7646432424878,770.0,332.531,406.211,445.119,1000,1000,1000,1000,0,0,1.5196419130726184,0,0
original-kernel-module,False,False,increment-r,03-kernel-udp,995,udp-open,kernel,udp,1,1,1,3927,1431,10000,10000.0,1.0,3333.219956078674,3333.219956078674,10000.0,1,0.806328,1.8500670000000001,6181,1,3.000102043,6181,17690022,0.005491518820996469,4120.526509704457,3.22,1.073296825857333,0.0,195.44626192550808,260.475651189128,17845.79,21735.583,35267.353,10000,10000,6181,6181,3819,0,4.883676870746015,0,0
original-kernel-module,False,False,increment-r,03-kernel-udp,998,udp-open,kernel,udp,1,1,1,11748,1431,0,17734.0,1.0,5911.149634506525,5911.149634506525,17734.0,1,0.81349,1.861536,6109,1,3.00009323,6109,17483958,0.005427566255675626,4072.540105695315,3.48,1.1599639521869125,0.0,213.7171427385035,284.8256670486168,18400.776,22453.884,35371.219,17734,17734,6109,6109,11625,0,5.217475158454683,0,0
original-kernel-module,False,False,increment-r,03-kernel-udp,1001,udp-open,kernel,udp,1,1,1,448,59000,1000,1000.0,1.0,333.3242943562271,333.3242943562271,1000.0,1,0.991066,1.881615,556,1,3.000081353,556,65608000,0.020366851523633437,370.6566153241245,3.25,1.083303956657738,0.0,53.18956419948787,2922.661870503597,7258.16,8461.911,9530.519,1000,1000,556,556,444,0,4.251911834030018,0,0
original-kernel-module,False,False,increment-r,03-kernel-udp,1004,udp-open,kernel,udp,1,1,1,7450,59000,10000,8013.0,1.0,2670.8868158294054,2670.8868158294054,8013.0,1,1.495924,1.409722,567,1,3.000127131,567,66906000,0.02076947591099372,377.9839821727874,3.24,1.0799542347793927,0.0,51.99718276029056,2857.1428571428573,8221.77,9622.718,10714.04,8013,8013,567,567,7446,0,4.201403195325405,0,0
original-kernel-module,False,False,increment-r,03-kernel-udp,1007,udp-open,kernel,udp,1,1,1,7951,59000,0,8447.0,1.0,2815.516289941621,2815.516289941621,8447.0,1,1.427951,1.451268,500,1,3.00016023,500,59000000,0.018315032428222418,333.31553095082523,3.29,1.096608096828215,0.0,59.87475594847458,3290.0,8711.007,12665.046,12786.969,8447,8447,500,500,7947,0,4.26179125555484,0,0
original-kernel-module,False,False,increment-r,03-kernel-udp,1022,udp-rr,kernel,udp,64,64,,,0,0,20811.891242620997,,20811.891242620997,20811.891242620997,20811.891242620997,,,,20817,1,1.000245473,20817,0,0.0,41623.782485241994,2.76,2.759322660788488,0.0,,66.2919729067589,189.275,276.466,333.902,20817,20817,20817,20817,0,0,3.3317168315618346,0,0
original-kernel-module,False,False,increment-r,03-kernel-udp,1025,udp-open,kernel,udp,64,64,64,7,0,1000,1000.0,1.0,999.9630023688753,999.9630023688753,1000.0,7,1.341111,2.558637,0,1,1.000036999,1000,0,0.0,1999.9260047377506,3.98,3.979852749428124,0.0,,1990.0,,,,1000,1000,1000,1000,0,0,3.239732067022217,0,0
original-kernel-module,False,False,increment-r,03-kernel-udp,1028,udp-open,kernel,udp,64,64,64,22,0,10000,10000.0,1.0,9999.798464061756,9999.798464061756,10000.0,22,1.100325,2.292995,0,1,1.000020154,10000,0,0.0,19999.596928123512,3.9,3.8999214009840846,0.0,,195.0,,,,10000,10000,10000,10000,0,0,3.8047799417336563,0,0
original-kernel-module,False,False,increment-r,03-kernel-udp,1031,udp-open,kernel,udp,64,64,64,1679,0,0,41776.0,1.0,41755.24134001257,41755.24134001257,41776.0,64,0.22841499999999998,1.152317,0,1,1.000497151,41776,0,0.0,83510.48268002515,3.51,3.508255867087421,0.0,,42.00976637303715,,,,41776,41776,41776,41776,0,0,3.56640264705608,0,0
original-kernel-module,False,False,increment-r,03-kernel-udp,1034,udp-open,kernel,udp,64,64,64,5,64,1000,1000.0,1.0,999.977343513328,999.977343513328,1000.0,5,1.176011,2.7175219999999998,1000,1,1.000022657,1000,128000,0.00011920658868710137,1999.954687026656,3.97,3.969910053747913,0.0,33302.773760000004,1985.0,135.414,2347.202,3373.166,1000,1000,1000,1000,0,0,3.2228742108438126,0,0
original-kernel-module,False,False,increment-r,03-kernel-udp,1037,udp-open,kernel,udp,64,64,64,27,64,10000,10000.0,1.0,9989.97393229189,9989.97393229189,10000.0,27,1.008534,2.261096,10000,1,1.001003613,10000,1280000,0.0011908976950993407,19979.94786458378,3.91,3.9060798075261296,0.0,3279.945728,195.5,173.411,1487.729,2442.395,10000,10000,10000,10000,0,0,3.1685635569216544,0,0
original-kernel-module,False,False,increment-r,03-kernel-udp,1040,udp-open,kernel,udp,64,64,64,1028,64,0,29325.0,1.0,29167.116125378274,29167.116125378274,29325.0,62,0.21377399999999996,1.128547,29325,1,1.005413078,29325,3753600,0.0034769911915514796,58334.23225075655,3.49,3.471210069141353,0.0,998.3373203751066,59.50554134697357,988.527,25493.216,54791.849,29325,29325,29325,29325,0,0,3.2505329722221887,0,0
original-kernel-module,False,False,increment-r,03-kernel-udp,1043,udp-open,kernel,udp,64,64,64,8,1431,1000,1000.0,1.0,999.976231564952,999.976231564952,1000.0,8,1.3293730000000001,2.560129,1000,1,1.000023769,1000,2862000,0.002665381855088186,1999.952463129904,3.97,3.9699056393128593,0.0,1489.4322296575822,1985.0,156.926,2807.133,4726.602,1000,1000,1000,1000,0,0,3.5121007923627445,0,0
original-kernel-module,False,False,increment-r,03-kernel-udp,1046,udp-open,kernel,udp,64,64,64,20,1431,10000,10000.0,1.0,9999.638843043906,9999.638843043906,10000.0,20,1.115705,2.141732,10000,1,1.000036117,10000,28620000,0.02665348944141684,19999.27768608781,3.91,3.909858787630167,0.0,146.69219188819008,195.5,162.695,1497.443,2461.844,10000,10000,10000,10000,0,0,3.3220680955847826,0,0
original-kernel-module,False,False,increment-r,03-kernel-udp,1049,udp-open,kernel,udp,64,64,64,425,1431,0,26716.0,1.0,26696.060792282427,26696.060792282427,26716.0,57,0.391522,1.108064,26716,1,1.000746897,26716,76461192,0.07115688732593535,53392.121584564855,3.46,3.4574176651181765,0.0,48.588658035046066,64.75520287468184,790.008,10726.238,27202.158,26716,26716,26716,26716,0,0,3.202263947941546,0,0
original-kernel-module,False,False,increment-r,03-kernel-udp,1052,udp-open,kernel,udp,64,64,64,6,59000,1000,1000.0,1.0,999.3993440044645,999.3993440044645,1000.0,6,1.41833,2.417089,1000,1,1.000601017,1000,118000000,0.10983005407501648,1998.798688008929,3.94,3.93763341537759,0.0,35.85205751322034,1970.0,1619.686,3679.336,4725.791,1000,1000,1000,1000,0,0,3.1676171751615527,0,0
original-kernel-module,False,False,increment-r,03-kernel-udp,1055,udp-open,kernel,udp,64,64,64,81,59000,10000,7378.0,1.0,7360.876216995374,7360.876216995374,7378.0,52,2.63664,0.37016,7378,1,1.002326324,7378,870604000,0.8089313224008812,14721.752433990749,3.8,3.791180485847441,0.0,4.686653095092602,257.5223637842234,1954.812,9367.944,15133.549,7378,7378,7378,7378,0,0,3.222793867528935,0,0
original-kernel-module,False,False,increment-r,03-kernel-udp,1058,udp-open,kernel,udp,64,64,64,63,59000,0,7041.0,1.0,7027.650338665525,7027.650338665525,7041.0,46,2.5510240000000004,0.368093,7041,1,1.001899591,7041,830838000,0.7723111100145913,14055.30067733105,3.7,3.6929848392362508,0.0,4.781732117211779,262.7467689248686,1972.568,8811.808,14007.896,7041,7041,7041,7041,0,0,3.4925160730070104,0,0
original-kernel-module,False,False,increment-r,03-kernel-udp,1078,udp-rr,kernel,udp,1024,1024,,,0,0,20064.19213935035,,20064.19213935035,20064.19213935035,20064.19213935035,,,,20071,1,1.000339304,20071,0,0.0,40128.3842787007,2.73,2.729074014270662,0.0,,68.0085695779981,193.11,292.711,365.8,20071,20071,20071,20071,0,0,3.3176979762089616,0,0
original-kernel-module,False,False,increment-r,03-kernel-udp,1081,udp-open,kernel,udp,1024,64,64,29,64,10000,10000.0,1.5,9999.011910974974,9999.011910974974,10000.0,29,1.532826,3.2050229999999997,15000,1,1.500148228,15000,1920000,0.0011919751061171262,19998.023821949948,5.81,3.8729506135176393,0.0,3249.1874986666667,193.66666666666666,171.498,1385.554,2401.793,15000,15000,15000,15000,0,0,5.9355939126391775,0,0
original-kernel-module,False,False,increment-r,03-kernel-udp,1084,udp-open,kernel,udp,1024,64,64,1640,64,0,28455.333333333332,1.5,28423.164374869382,28423.164374869382,28455.333333333332,64,0.317895,1.6535630000000001,42683,1,1.50169768,42683,5463424,0.0033883052319132545,56846.328749738765,5.15,3.4294519253702256,0.0,1012.1437387250194,60.32846800834056,1421.108,49729.903,79695.087,42683,42683,42683,42683,0,0,5.247415818101501,0,0
original-kernel-module,False,False,increment-r,03-kernel-udp,1087,udp-open,kernel,udp,1024,64,64,23,1431,10000,10000.0,1.5,9999.870908333154,9999.870908333154,10000.0,23,1.8414789999999999,3.019929,15000,1,1.500019364,15000,42930000,0.02665410799873014,19999.74181666631,5.85,3.89994965424993,0.0,146.3170200419287,195.0,166.891,1350.462,2462.555,15000,15000,15000,15000,0,0,5.966182652148007,0,0
original-kernel-module,False,False,increment-r,03-kernel-udp,1090,udp-open,kernel,udp,1024,64,64,837,1431,0,23608.0,1.5,23604.17012897989,23604.17012897989,23608.0,64,0.590068,1.522908,35412,1,1.500243381,35412,101349144,0.06291562217207668,47208.34025795978,4.82,3.212812041728315,0.0,51.06541000168684,68.05602620580594,795.287,8427.95,32904.697,35412,35412,35412,35412,0,0,5.258534418936421,0,0
original-kernel-module,True,True,increment-r,03-kernel-udp,1093,udp-open,kernel,udp,1024,1024,1024,1024,64,10000,10000.0,1.5,9993.169755079874,9993.169755079874,10000.0,1024,1.4199199999999998,3.3224650000000002,15000,1,1.501025237,15000,1920000,0.0011912786668634265,19986.33951015975,5.87,3.910660430821258,0.01,3282.7419306666666,195.66666666666666,180.381,71705.867,81825.283,15000,15000,15000,15000,0,0,5.2834397384824,0,0
original-kernel-module,True,True,increment-r,03-kernel-udp,1096,udp-open,kernel,udp,1024,1024,1024,1028,64,0,32585.333333333332,1.5,32457.87845030799,32457.87845030799,32585.333333333332,1024,0.389574,1.762397,48878,1,1.505890167,48878,6256384,0.0038692806303868284,64915.75690061598,5.45,3.6191218452919216,0.0,935.3474692090512,55.75105364376611,575.856,8973.261,73579.446,48878,48878,48878,48878,0,0,5.956695665860735,0,0
original-kernel-module,True,True,increment-r,03-kernel-udp,1099,udp-open,kernel,udp,1024,1024,1024,1024,1431,10000,10000.0,1.5,9985.829861109949,9985.829861109949,10000.0,1024,0.96838,3.86964,15000,1,1.502128537,15000,42930000,0.026616682356686027,19971.659722219898,5.87,3.9077880856476934,0.0,146.8172491702772,195.66666666666666,311.809,64179.874,84101.137,15000,15000,15000,15000,0,0,5.193248873010134,0,0
original-kernel-module,True,True,increment-r,03-kernel-udp,1102,udp-open,kernel,udp,1024,1024,1024,1029,1431,0,30324.0,1.5,30288.801424249945,30288.801424249945,30324.0,1024,0.7649859999999999,1.67757,45486,1,1.501743148,45486,130180932,0.08073314062897427,60577.60284849989,5.44,3.6224570142004073,0.0,44.869516854895465,59.79861935540606,458.219,4566.02,74111.407,45486,45486,45486,45486,0,0,5.712795563697966,0,0
original-kernel-module,False,False,increment-r,03-kernel-udp,1117,udp-rr,kernel,udp,4096,4096,,,0,0,19377.3245500854,,19377.3245500854,19377.3245500854,19377.3245500854,,,,19391,1,1.000705745,19391,0,0.0,38754.6491001708,2.68,2.6781099373022985,0.0,,69.10422360889072,198.148,303.677,383.267,19391,19391,19391,19391,0,0,3.3408698922602866,0,0
original-kernel-module,False,False,increment-r,03-kernel-udp,1120,udp-open,kernel,udp,4096,64,64,33,64,10000,10000.0,1.5,9984.886935044437,9984.886935044437,10000.0,33,1.338238,2.8536710000000003,15000,1,1.5022703910000001,15000,1920000,0.001190291277771525,19969.773870088873,5.33,3.54796315758579,0.0,2980.7520426666665,177.66666666666666,401.644,2121.823,3554.729,15000,15000,15000,15000,0,0,5.422449864109922,0,0
original-kernel-module,False,False,increment-r,03-kernel-udp,1123,udp-open,kernel,udp,4096,64,64,1074,64,0,25547.333333333332,1.5,25510.618060657624,25510.618060657624,25547.333333333332,64,0.283889,1.591839,38321,1,1.502158823,38321,4905088,0.0030411026550123243,51021.23612131525,4.81,3.2020582153848585,0.0,1052.9267106808277,62.759322564651235,853.134,25807.9,44823.811,38321,38321,38321,38321,0,0,5.380539279265804,0,0
original-kernel-module,False,False,increment-r,03-kernel-udp,1126,udp-open,kernel,udp,4096,64,64,50,1431,10000,10000.0,1.5,9998.782414936059,9998.782414936059,10000.0,36,2.3431189999999997,2.247862,15000,1,1.5001826600000001,15000,42930000,0.02665120667922031,19997.564829872117,5.7,3.799537317675702,0.0,142.56530157931516,190.0,189.776,1911.566,3707.087,15000,15000,15000,15000,0,0,5.4891878437090895,0,0
original-kernel-module,False,False,increment-r,03-kernel-udp,1129,udp-open,kernel,udp,4096,64,64,1225,1431,0,25271.333333333332,1.5,25256.313454234725,25256.313454234725,25271.333333333332,64,0.640264,1.498166,37907,1,1.500892047,37907,108489834,0.06731931968221422,50512.62690846945,5.0,3.3313521848517063,0.0,49.4858266628005,65.95087978473633,836.679,19846.28,41364.667,37907,37907,37907,37907,0,0,5.26848033526926,0,0
original-kernel-module,True,True,increment-r,03-kernel-udp,1132,udp-open,kernel,udp,4096,4096,4096,4096,64,10000,9999.333333333334,1.5,9985.631708554547,9985.631708554547,9999.333333333334,4096,1.198807,2.877478,14999,1,1.502058201,14999,1919872,0.0011903800616925415,19971.263417109094,5.41,3.601724617859864,0.0,3025.69299819988,180.34535635709048,842.547,212073.653,218893.073,14999,14999,14999,14999,0,0,5.2071709343111365,0,0
original-kernel-module,True,True,increment-r,03-kernel-udp,1135,udp-open,kernel,udp,4096,4096,4096,4113,64,0,23082.666666666668,1.5,23074.50115449612,23074.50115449612,23082.666666666668,4096,0.31592400000000004,1.6044209999999999,34624,1,1.500530814,34624,4431872,0.002750694889366164,46149.00230899224,4.87,3.245518155683806,0.0,1179.8902772643253,70.32694085027727,729.137,210647.306,223894.908,34624,34624,34624,34624,0,0,5.967379602334347,0,0
original-kernel-module,True,True,increment-r,03-kernel-udp,1138,udp-open,kernel,udp,4096,4096,4096,4096,1431,10000,10000.0,1.5,9984.14226006538,9984.14226006538,10000.0,4096,1.3875380000000002,3.047336,15000,1,1.502382439,15000,42930000,0.026612184148567843,19968.28452013076,5.64,3.754037489784583,0.0,141.06461419426972,188.0,924.662,230841.651,238582.547,15000,15000,15000,15000,0,0,5.15811792628466,0,0
original-kernel-module,True,True,increment-r,03-kernel-udp,1141,udp-open,kernel,udp,4096,4096,4096,4113,1431,0,30745.333333333332,1.5,30697.728013011078,30697.728013011078,30745.333333333332,4096,0.777281,1.722624,46118,1,1.502326165,46118,131989716,0.08182311204563612,61395.456026022155,5.69,3.7874598290045762,0.0,46.288386426712215,61.68957890628388,433.051,176036.842,232760.818,46118,46118,46118,46118,0,0,5.737895215945343,0,0
original-kernel-module,False,False,increment-r,03-kernel-udp,1156,udp-rr,kernel,udp,16384,16384,,,0,0,15247.978652742122,,15247.978652742122,15247.978652742122,15247.978652742122,,,,15289,1,1.002690281,15289,0,0.0,30495.957305484244,2.5,2.4932923429822296,0.0,,81.75812675779973,218.639,359.04,1793.288,15289,15289,15289,15289,0,0,3.2858090360880396,0,0
original-kernel-module,False,False,increment-r,03-kernel-udp,1159,udp-open,kernel,udp,16384,64,64,59,0,10000,10000.0,1.0,9999.533481764942,9999.533481764942,10000.0,47,0.8146439999999999,1.7977720000000001,0,1,1.000046654,10000,0,0.0,19999.066963529884,3.45,3.4498390512089054,0.0,,172.5,,,,10000,10000,10000,10000,0,0,3.4813910687562952,0,0
original-kernel-module,False,False,increment-r,03-kernel-udp,1162,udp-open,kernel,udp,16384,64,64,654,0,100000,26633.0,1.0,26585.91851834932,26585.91851834932,26633.0,61,0.184504,0.8945620000000001,0,1,1.001770918,26633,0,0.0,53171.83703669864,3.01,3.0046789599456107,0.0,,56.5088424135471,,,,26633,26633,26633,26633,0,0,3.8999800935072244,0,0
original-kernel-module,False,False,increment-r,03-kernel-udp,1165,udp-open,kernel,udp,16384,64,64,805,0,0,26412.0,1.0,26393.72036911536,26393.72036911536,26412.0,59,0.165687,0.9106219999999999,0,1,1.000692575,26412,0,0.0,52787.44073823072,3.05,3.047889108200888,0.0,,57.73890655762532,,,,26412,26412,26412,26412,0,0,3.45336299166604,0,0
original-kernel-module,False,False,increment-r,03-kernel-udp,1168,udp-open,kernel,udp,16384,64,64,71,64,10000,9999.0,1.0,9994.034953441096,9994.034953441096,9999.0,51,0.642441,1.495397,9999,1,1.000496801,9999,1279872,0.0011913818065453882,19988.069906882192,3.33,3.3283464741432995,0.0,2793.685832583258,166.5166516651665,513.923,2600.552,6007.679,9999,9999,9999,9999,0,0,3.1731806779228577,0,0
original-kernel-module,False,False,increment-r,03-kernel-udp,1171,udp-open,kernel,udp,16384,64,64,407,64,100000,18728.0,1.0,18714.518304302317,18714.518304302317,18728.0,58,0.17577600000000002,0.8843260000000001,18728,1,1.000720387,18728,2397184,0.0022309444313409706,37429.036608604634,3.07,3.067790003962415,0.0,1375.1082101665954,81.96283639470312,896.669,12106.135,44228.506,18728,18728,18728,18728,0,0,3.318023467850651,0,0
original-kernel-module,False,False,increment-r,03-kernel-udp,1174,udp-open,kernel,udp,16384,64,64,416,64,0,18622.0,1.0,18612.033274793383,18612.033274793383,18622.0,51,0.18827,0.876816,18622,1,1.000535499,18622,2383616,0.0022187272637836197,37224.066549586765,3.04,3.0383729543213343,0.0,1369.4215615938137,81.62388572655998,923.119,19546.65,40197.841,18622,18622,18622,18622,0,0,3.521233407055206,0,0
original-kernel-module,False,False,increment-r,03-kernel-udp,1177,udp-open,kernel,udp,16384,64,64,43,1431,10000,9997.0,1.0,9983.881878083928,9983.881878083928,9997.0,40,0.7010259999999999,1.527911,9997,1,1.00131393,9997,28611414,0.026611490114662986,19967.763756167857,3.35,3.3456041103912337,0.0,125.72028458292904,167.55026507952385,522.736,2618.56,5728.959,9997,9997,9997,9997,0,0,3.7670497424278437,0,0
original-kernel-module,False,False,increment-r,03-kernel-udp,1180,udp-open,kernel,udp,16384,64,64,639,1431,100000,17551.0,1.0,17466.861933928783,17466.861933928783,17551.0,63,0.303279,0.860719,17551,1,1.004817011,17551,50230962,0.04655696345018612,34933.72386785757,3.02,3.0055223657036594,0.0,64.55580740181723,86.03498376160903,969.809,25871.556,56621.843,17551,17551,17551,17551,0,0,4.001735627129108,0,0
original-kernel-module,False,False,increment-r,03-kernel-udp,1183,udp-open,kernel,udp,16384,64,64,753,1431,0,17794.0,1.0,17772.86926699665,17772.86926699665,17794.0,59,0.330954,0.823171,17794,1,1.001188932,17794,50926428,0.04737260922989288,35545.7385339933,3.06,3.056366188434852,0.0,64.51758174439409,85.98403956389794,973.385,31003.427,70048.453,17794,17794,17794,17794,0,0,3.727778355959515,0,0
original-kernel-module,False,False,increment-r,03-kernel-udp,1186,udp-open,kernel,udp,16384,64,64,26,59000,10000,4587.0,1.0,4575.724312544332,4575.724312544332,4587.0,26,1.7199039999999999,0.386597,4587,1,1.002464241,4587,541266000,0.5028540910037524,9151.448625088664,3.16,3.15223214031831,0.0,6.268681505655261,344.4517113581862,2850.339,6119.057,11562.207,4587,4587,4587,4587,0,0,3.413170497237445,0,0
original-kernel-module,False,False,increment-r,03-kernel-udp,1189,udp-open,kernel,udp,16384,64,64,52,59000,100000,4758.0,1.0,4724.262538894269,4724.262538894269,4758.0,43,1.782962,0.388835,4758,1,1.007141318,4758,561444000,0.5191778574041311,9448.525077788538,3.24,3.2170261929418733,0.01,6.196385587449505,340.47919293820934,2816.207,6671.117,11682.277,4758,4758,4758,4758,0,0,3.5349585456604586,0,0
original-kernel-module,False,False,increment-r,03-kernel-udp,1192,udp-open,kernel,udp,16384,64,64,43,59000,0,4486.0,1.0,4476.0753369137965,4476.0753369137965,4486.0,39,1.722795,0.36954299999999995,4486,1,1.002217269,4486,529348000,0.4919030608197935,8952.150673827593,3.18,3.172964683768585,0.0,6.45038613600127,354.4360231832367,2958.131,6663.966,13077.246,4486,4486,4486,4486,0,0,3.3494434634529284,0,0
original-kernel-module,True,True,increment-r,03-kernel-udp,1195,udp-open,kernel,udp,16384,16384,16384,16384,0,10000,10000.0,3.2768,9999.480117361232,9999.480117361232,10000.0,16384,2.7175599999999998,6.050238,0,1,3.276970364,32768,0,0.0,19998.960234722465,11.94,3.6436093933500096,0.0,,182.18994140625,,,,32768,32768,32768,32768,0,0,12.411725436755262,0,0
original-kernel-module,True,True,increment-r,03-kernel-udp,1198,udp-open,kernel,udp,16384,16384,16384,16446,0,100000,28694.76318359375,3.2768,28691.422517146053,28691.422517146053,28694.76318359375,16384,0.613819,3.343051,0,1,3.277181532,94027,0,0.0,57382.845034292106,10.47,3.19481844315483,0.0,,55.67549746349453,,,,94027,94027,94027,94027,0,0,12.909024687189856,0,0
original-kernel-module,True,True,increment-r,03-kernel-udp,1201,udp-open,kernel,udp,16384,16384,16384,16446,0,0,32320.25146484375,3.2768,32308.920300152407,32308.920300152407,32320.25146484375,16384,0.6716789999999999,3.457719,0,1,3.277949217,105907,0,0.0,64617.840600304815,11.0,3.3557566855984637,0.0,,51.932355746079104,,,,105907,105907,105907,105907,0,0,12.886327908994076,0,0
original-kernel-module,True,True,increment-r,03-kernel-udp,1204,udp-open,kernel,udp,16384,16384,16384,16384,64,10000,10000.0,3.2768,9997.266110168579,9997.266110168579,10000.0,16384,2.428437,5.554559,32768,1,3.277696086,32768,4194304,0.0011917669904432987,19994.532220337158,11.48,3.502460172874002,0.0,2938.88,175.1708984375,18324.08,1000903.382,1035469.429,32768,32768,32768,32768,0,0,12.312419901268527,0,0
original-kernel-module,True,True,increment-r,03-kernel-udp,1207,udp-open,kernel,udp,16384,16384,16384,16447,64,100000,27933.349609375,3.2768,27921.66165702155,27921.66165702155,27933.349609375,16384,0.80643,3.535397,91532,1,3.278171662,91532,11716096,0.0033285214492108283,55843.3233140431,11.73,3.5782140807243668,0.0,1075.0160800594329,64.07595157977538,577.458,722184.907,803531.91,91532,91532,91532,91532,0,0,12.74766280383426,0,0
original-kernel-module,True,True,increment-r,03-kernel-udp,1210,udp-open,kernel,udp,16384,16384,16384,16447,64,0,25450.13427734375,3.2768,25383.937449088535,25383.937449088535,25450.13427734375,16384,0.7467010000000001,3.442342,83395,1,3.285345316,83395,10674560,0.0030260011493073147,50767.87489817707,11.21,3.4121222951529764,0.0,1127.6011233287368,67.21026440434079,781.576,778423.423,846411.116,83395,83395,83395,83395,0,0,12.645976201751637,0,0
original-kernel-module,True,True,increment-r,03-kernel-udp,1213,udp-open,kernel,udp,16384,16384,16384,16384,1431,10000,9998.1689453125,3.2768,9986.906099800814,9986.906099800814,9998.1689453125,16384,2.564241,5.2981050000000005,32762,1,3.280495448,32762,93764844,0.026619551011947847,19973.812199601627,11.35,3.4598432401177956,0.0,129.9737639663753,173.2189732006593,450867.888,1019058.578,1068114.437,32762,32762,32762,32762,0,0,12.235314633983648,0,0
original-kernel-module,True,True,increment-r,03-kernel-udp,1216,udp-open,kernel,udp,16384,16384,16384,16448,1431,100000,25343.32275390625,3.2768,25330.854721374453,25330.854721374453,25343.32275390625,16384,1.363747,3.416077,83045,1,3.278412865,83045,237674790,0.06751800534555101,50661.70944274891,11.56,3.5260964607030973,0.0,52.22453540587961,69.60081883316275,641.665,746952.222,804445.185,83045,83045,83045,83045,0,0,12.771690479434483,0,0
original-kernel-module,True,True,increment-r,03-kernel-udp,1219,udp-open,kernel,udp,16384,16384,16384,16448,1431,0,22858.88671875,3.2768,22852.153039788904,22852.153039788904,22858.88671875,16384,1.342431,3.211565,74904,1,3.277765551,74904,214375248,0.060911161824945215,45704.30607957781,11.08,3.3803515924498164,0.0,55.496422842249025,73.96133717825484,917.08,779446.232,829087.832,74904,74904,74904,74904,0,0,12.7035453648366,0,0
original-kernel-module,True,True,increment-r,03-kernel-udp,1222,udp-open,kernel,udp,16384,16384,16384,16384,59000,10000,5023.193359375,3.2768,4076.9702447708983,4076.9702447708983,5023.193359375,16384,6.2624580000000005,2.5131930000000002,16460,1,4.037311781,16460,1942280000,0.4480429821489062,8153.9404895417965,12.93,3.2026260792762886,0.01,7.148033128241036,392.7703523693803,3155423.527,3426470.91,3448445.744,16460,16460,16460,16460,0,0,14.988745001796474,0,0
original-kernel-module,True,True,increment-r,03-kernel-udp,1225,udp-open,kernel,udp,16384,16384,16384,16450,59000,100000,5361.63330078125,3.2768,5356.65650785556,5356.65650785556,5361.63330078125,16384,6.583028,1.394014,17569,1,3.279844428,17569,2073142000,0.5886754653667623,10713.31301571112,11.19,3.41174718668699,0.0,5.795633396342363,318.4586487563322,2472743.278,2549874.248,2556387.027,17569,17569,17569,17569,0,0,12.617701732254432,0,0
original-kernel-module,True,True,increment-r,03-kernel-udp,1228,udp-open,kernel,udp,16384,16384,16384,16449,59000,0,5216.97998046875,3.2768,4968.467613749966,4968.467613749966,5216.97998046875,16384,6.357183,1.4258829999999998,17095,1,3.440698688,17095,2017210000,0.5460150338918865,9936.935227499933,11.19,3.252246422805623,0.0,5.956331274661538,327.2886809008482,2608722.95,2852458.872,2879645.556,17095,17095,17095,17095,0,0,12.923585985754016,0,0
original-kernel-module,False,False,increment-r,04-kernel-udp,970,udp-rr,kernel,udp,1,1,,,0,0,6028.249302114408,,6028.249302114408,6028.249302114408,6028.249302114408,,,,6029,2,1.00012453,6029,0,0.0,12056.498604228816,1.08,1.0798655243462534,0.0,,89.56709238679714,160.882,199.74,306.821,6029,6029,6029,6029,0,0,3.701550966017445,0,0
original-kernel-module,False,False,increment-r,04-kernel-udp,973,udp-open,kernel,udp,1,1,1,1,0,1000,1000.0,1.0,999.9544200776239,999.9544200776239,1000.0,1,0.311654,0.614642,0,2,1.000045582,1000,0,0.0,1999.9088401552478,1.56,1.5599288953210935,0.0,,780.0,,,,1000,1000,1000,1000,0,0,1.5116239752065432,0,0
original-kernel-module,False,False,increment-r,04-kernel-udp,976,udp-open,kernel,udp,1,1,1,490,0,10000,10000.0,1.0,9547.67202960614,9547.67202960614,10000.0,1,0.096805,0.602406,0,2,1.047375734,10000,0,0.0,19095.34405921228,1.39,1.3271264121152533,0.0,,69.5,,,,10000,10000,10000,10000,0,0,3.8066661979441356,0,0
original-kernel-module,False,False,increment-r,04-kernel-udp,979,udp-open,kernel,udp,1,1,1,6135,0,0,15476.0,1.0,5158.36258978927,5158.36258978927,15476.0,1,0.586006,1.896445,0,2,3.000176845,14969,0,0.0,9978.745102940757,3.62,1.2065955398705839,0.0,,120.91656089251119,,,,15476,15476,14969,14969,507,0,6.763280251424181,0,0
original-kernel-module,False,False,increment-r,04-kernel-udp,982,udp-open,kernel,udp,1,1,1,1,64,1000,1000.0,1.0,999.9432742179969,999.9432742179969,1000.0,1,0.143474,0.688955,1000,2,1.000056729,1000,128000,0.00011920252731060944,1999.8865484359937,1.14,1.1399353326085164,0.0,9563.01312,570.0,357.057,479.552,513.322,1000,1000,1000,1000,0,0,1.6307913238963785,0,0
original-kernel-module,False,False,increment-r,04-kernel-udp,985,udp-open,kernel,udp,1,1,1,3446,64,10000,10000.0,1.0,3333.2320186350494,3333.2320186350494,10000.0,1,0.701667,1.8928829999999999,7574,2,3.000091186,7574,969472,0.0003009545720713361,5049.179861828373,3.33,1.1099662622054716,0.01,3688.1521837866385,219.8310007921838,151663.58,159900.604,162762.63,10000,10000,7574,7574,2426,0,5.31907236415919,0,0
original-kernel-module,False,False,increment-r,04-kernel-udp,988,udp-open,kernel,udp,1,1,1,20929,64,0,27150.0,1.0,9049.74526173721,9049.74526173721,27150.0,1,0.727608,1.883122,7283,2,3.000084446,7283,932224,0.0002893922725928295,4855.196666020781,3.3,1.0999690373382243,0.0,3800.9620211451324,226.55499107510641,160041.385,171182.618,173103.689,27150,27150,7283,7283,19867,0,5.212807118150508,0,0
original-kernel-module,False,False,increment-r,04-kernel-udp,991,udp-open,kernel,udp,1,1,1,2,1431,1000,1000.0,1.0,999.9251196074931,999.9251196074931,1000.0,1,0.305869,0.565007,1000,2,1.000074886,1000,2862000,0.0026652456189660777,1999.8502392149862,1.94,1.9398547320385366,0.0,727.83338174703,970.0,377.378,460.713,484.649,1000,1000,1000,1000,0,0,1.670557456938866,0,0
original-kernel-module,False,False,increment-r,04-kernel-udp,994,udp-open,kernel,udp,1,1,1,4074,1431,10000,10000.0,1.0,3333.107387538711,3333.107387538711,10000.0,1,0.764699,1.895297,6041,2,3.000203365,6041,17289342,0.005366954351391952,4027.0603456242707,3.22,1.073260578787465,0.0,199.9757233838049,266.5121668597914,18180.724,24392.371,33733.905,10000,10000,6041,6041,3959,0,5.0035304015561906,0,0
original-kernel-module,False,False,increment-r,04-kernel-udp,997,udp-open,kernel,udp,1,1,1,13588,1431,0,19498.0,1.0,6499.191806932546,6499.191806932546,19498.0,1,0.839815,1.81646,6036,2,3.000065328,6036,17275032,0.005362758980162041,4023.912375284116,3.26,1.086643003928613,0.0,202.6276041769416,270.04638833664677,18834.167,25138.793,35213.932,19498,19498,6036,6036,13462,0,4.971679163753066,0,0
original-kernel-module,False,False,increment-r,04-kernel-udp,1000,udp-open,kernel,udp,1,1,1,2,59000,1000,1000.0,1.0,999.9467188390333,999.9467188390333,1000.0,1,0.310696,0.577715,1000,2,1.000053284,1000,118000000,0.10989020841476128,1999.8934376780667,1.23,1.229934464172011,0.0,11.192393589152543,615.0,680.685,736.988,839.874,1000,1000,1000,1000,0,0,2.1409595848632605,0,0
original-kernel-module,False,False,increment-r,04-kernel-udp,1003,udp-open,kernel,udp,1,1,1,8123,59000,10000,8635.0,1.0,2878.2014483865655,2878.2014483865655,8635.0,1,1.464849,1.426664,516,2,3.000137466,516,60888000,0.01890125688100295,343.98423795424844,3.42,1.1399477653134977,0.0,60.31068581789515,3313.953488372093,8609.463,12731.916,12801.782,8635,8635,516,516,8119,0,4.265724968152483,0,0
original-kernel-module,False,False,increment-r,04-kernel-udp,1006,udp-open,kernel,udp,1,1,1,7702,59000,0,8190.0,1.0,2729.816745581991,2729.816745581991,8190.0,1,1.407062,1.472787,493,2,3.000201392,493,58174000,0.01805837421452701,328.6446045352678,3.26,1.0865937229056521,0.0,60.171182078591805,3306.288032454361,8743.946,12727.009,12777.785,8190,8190,493,493,7697,0,4.212345497403561,0,0
original-kernel-module,False,False,increment-r,04-kernel-udp,1021,udp-rr,kernel,udp,64,64,,,0,0,20376.551391664078,,20376.551391664078,20376.551391664078,20376.551391664078,,,,20382,2,1.000267396,20382,0,0.0,40753.102783328155,2.73,2.7292702040645143,0.0,,66.97085663821018,192.079,281.013,336.947,20382,20382,20382,20382,0,0,3.60405353365681,0,0
original-kernel-module,False,False,increment-r,04-kernel-udp,1024,udp-open,kernel,udp,64,64,64,5,0,1000,1000.0,1.0,999.9584867234238,999.9584867234238,1000.0,5,1.250229,2.646499,0,2,1.000041515,1000,0,0.0,1999.9169734468476,3.98,3.9798347771592266,0.0,,1990.0,,,,1000,1000,1000,1000,0,0,3.265928150049092,0,0
original-kernel-module,False,False,increment-r,04-kernel-udp,1027,udp-open,kernel,udp,64,64,64,25,0,10000,10000.0,1.0,9999.71564808583,9999.71564808583,10000.0,25,1.101041,2.241429,0,2,1.000028436,10000,0,0.0,19999.43129617166,3.9,3.899889102753474,0.0,,195.0,,,,10000,10000,10000,10000,0,0,3.1604607369846605,0,0
original-kernel-module,False,False,increment-r,04-kernel-udp,1030,udp-open,kernel,udp,64,64,64,1185,0,0,31661.0,1.0,31647.889640181325,31647.889640181325,31661.0,63,0.19291,1.070161,0,2,1.000414257,31661,0,0.0,63295.77928036265,3.2,3.198674926520964,0.0,,50.53535895897161,,,,31661,31661,31661,31661,0,0,3.6862055262054554,0,0
original-kernel-module,False,False,increment-r,04-kernel-udp,1033,udp-open,kernel,udp,64,64,64,7,64,1000,1000.0,1.0,999.9625024061222,999.9625024061222,1000.0,7,1.247628,2.642576,1000,2,1.000037499,1000,128000,0.00011920481948925522,1999.9250048122444,3.98,3.9798507595763666,0.0,33386.65984,1990.0,162.915,3116.259,4213.99,1000,1000,1000,1000,0,0,3.718466612697597,0,0
original-kernel-module,False,False,increment-r,04-kernel-udp,1036,udp-open,kernel,udp,64,64,64,24,64,10000,10000.0,1.0,9988.191739984772,9988.191739984772,10000.0,24,1.075919,2.224187,10000,2,1.001182222,10000,1280000,0.0011906852412205662,19976.383479969543,3.94,3.9353475455540003,0.0,3305.111552,197.0,202.715,1634.94,2482.915,10000,10000,10000,10000,0,0,3.465388882875061,0,0
original-kernel-module,False,False,increment-r,04-kernel-udp,1039,udp-open,kernel,udp,64,64,64,351,64,0,24976.0,1.0,24965.711031306935,24965.711031306935,24976.0,59,0.218964,1.081832,24976,2,1.000412124,24976,3196928,0.002976144675172202,49931.42206261387,3.24,3.2386652683149615,0.0,1088.208276745676,64.86226777706598,770.729,11828.297,27524.784,24976,24976,24976,24976,0,0,3.356373302365256,0,0
original-kernel-module,False,False,increment-r,04-kernel-udp,1042,udp-open,kernel,udp,64,64,64,5,1431,1000,1000.0,1.0,999.9794664216366,999.9794664216366,1000.0,5,1.160106,2.715989,1000,2,1.000020534,1000,2862000,0.0026653904774214363,1999.9589328432733,3.95,3.949918892365465,0.0,1481.928792732355,1975.0,197.567,3129.819,4215.512,1000,1000,1000,1000,0,0,3.200657729081115,0,0
original-kernel-module,False,False,increment-r,04-kernel-udp,1045,udp-open,kernel,udp,64,64,64,22,1431,10000,10000.0,1.0,9998.493327040549,9998.493327040549,10000.0,22,1.171304,2.187705,10000,2,1.00015069,10000,28620000,0.026650436131274376,19996.986654081098,3.96,3.9594033575080574,0.0,148.56805111949686,198.0,164.067,1162.95,2447.142,10000,10000,10000,10000,0,0,3.2462715940199587,0,0
original-kernel-module,False,False,increment-r,04-kernel-udp,1048,udp-open,kernel,udp,64,64,64,786,1431,0,30883.0,1.0,30528.754347977498,30528.754347977498,30883.0,64,0.52296,1.083519,30883,2,1.011603672,30883,88387146,0.08137272199980132,61057.508695954995,3.63,3.588361826349717,0.0,44.0978467742357,58.77019719586828,835.176,24890.58,41150.935,30883,30883,30883,30883,0,0,3.5872822496325227,0,0
original-kernel-module,False,False,increment-r,04-kernel-udp,1051,udp-open,kernel,udp,64,64,64,6,59000,1000,1000.0,1.0,999.968160013817,999.968160013817,1000.0,6,1.2918120000000002,2.531333,1000,2,1.000031841,1000,118000000,0.10989256471547336,1999.936320027634,3.95,3.949874232054577,0.0,35.94305258305085,1975.0,1995.382,4442.744,5272.613,1000,1000,1000,1000,0,0,3.9047078250727907,0,0
original-kernel-module,False,False,increment-r,04-kernel-udp,1054,udp-open,kernel,udp,64,64,64,81,59000,10000,7471.0,1.0,7460.942187353033,7460.942187353033,7471.0,48,2.701473,0.36476099999999995,7471,2,1.001348062,7471,881578000,0.8199281786639783,14921.884374706066,3.89,3.8847630984879267,0.0,4.737930954901325,260.3399812608754,1912.197,10609.753,17485.699,7471,7471,7471,7471,0,0,3.67058185557255,0,0
original-kernel-module,False,False,increment-r,04-kernel-udp,1057,udp-open,kernel,udp,64,64,64,87,59000,0,7673.0,1.0,7594.31181907618,7594.31181907618,7673.0,47,2.7346769999999996,0.383506,7673,2,1.010361463,7673,905414000,0.8345849762214247,15188.62363815236,3.95,3.909491943874744,0.0,4.684354565756659,257.39606412094355,1932.608,10846.88,17750.267,7673,7673,7673,7673,0,0,3.481397490947728,0,0
original-kernel-module,False,False,increment-r,04-kernel-udp,1077,udp-rr,kernel,udp,1024,1024,,,0,0,19807.07210054932,,19807.07210054932,19807.07210054932,19807.07210054932,,,,19815,2,1.000400256,19815,0,0.0,39614.14420109864,2.69,2.6889237421386665,0.0,,67.87787030027756,194.903,294.493,386.341,19815,19815,19815,19815,0,0,3.4329289684268076,0,0
original-kernel-module,False,False,increment-r,04-kernel-udp,1080,udp-open,kernel,udp,1024,64,64,40,64,10000,10000.0,1.5,9999.801270616083,9999.801270616083,10000.0,40,1.440976,3.092328,15000,2,1.50002981,15000,1920000,0.0011920692051191428,19999.602541232165,5.65,3.7665918119320576,0.0,3159.7090133333336,188.33333333333334,173.361,1419.426,2550.107,15000,15000,15000,15000,0,0,5.169132557057878,0,0
original-kernel-module,False,False,increment-r,04-kernel-udp,1083,udp-open,kernel,udp,1024,64,64,1229,64,0,26566.0,1.5,26546.458868464695,26546.458868464695,26566.0,64,0.296666,1.6303170000000002,39849,2,1.501104166,39849,5100672,0.0031645845017987126,53092.91773692939,5.01,3.337543198850865,0.0,1054.654472634194,62.862305202138074,961.827,28218.377,52630.747,39849,39849,39849,39849,0,0,5.458151647663698,0,0
original-kernel-module,False,False,increment-r,04-kernel-udp,1086,udp-open,kernel,udp,1024,64,64,31,1431,10000,10000.0,1.5,9999.826776334028,9999.826776334028,10000.0,31,1.6231229999999999,3.070784,15000,2,1.500025984,15000,42930000,0.026653990367304523,19999.653552668056,5.77,3.8466000332964896,0.0,144.31610352853482,192.33333333333334,189.465,1560.899,2674.745,15000,15000,15000,15000,0,0,5.158922375519154,0,0
original-kernel-module,False,False,increment-r,04-kernel-udp,1089,udp-open,kernel,udp,1024,64,64,988,1431,0,27652.0,1.5,27629.900868488025,27629.900868488025,27652.0,64,0.641883,1.617181,41478,2,1.5011997400000001,41478,118710036,0.07364598688260907,55259.80173697605,5.23,3.483880166406104,0.0,47.30577067232968,63.04546988765129,836.348,16923.944,36390.112,41478,41478,41478,41478,0,0,5.840174694656753,0,0
original-kernel-module,True,True,increment-r,04-kernel-udp,1092,udp-open,kernel,udp,1024,1024,1024,1024,64,10000,10000.0,1.5,9997.715055549772,9997.715055549772,10000.0,1024,0.858625,3.861706,15000,2,1.50034282,15000,1920000,0.0011918205089032378,19995.430111099544,5.84,3.8924437282940443,0.0,3265.9647146666666,194.66666666666666,188.464,67754.072,79168.255,15000,15000,15000,15000,0,0,5.624381223637528,0,0
original-kernel-module,True,True,increment-r,04-kernel-udp,1095,udp-open,kernel,udp,1024,1024,1024,1029,64,0,29110.0,1.5,29102.125430492517,29102.125430492517,29110.0,1024,0.35912999999999995,1.710842,43665,2,1.5004058759999999,43665,5589120,0.003469243696986737,58204.250860985034,5.19,3.459064032617799,0.0,997.065739608382,59.429749227069735,713.183,6516.155,72197.517,43665,43665,43665,43665,0,0,5.203821968023163,0,0
original-kernel-module,True,True,increment-r,04-kernel-udp,1098,udp-open,kernel,udp,1024,1024,1024,1024,1431,10000,10000.0,1.5,9999.864561834374,9999.864561834374,10000.0,1024,1.834409,2.994168,15000,2,1.500020316,15000,42930000,0.026654091082485374,19999.72912366875,5.86,3.9066137554899623,0.0,146.56713460610297,195.33333333333334,253.241,63781.926,79629.299,15000,15000,15000,15000,0,0,5.38932070443505,0,0
original-kernel-module,True,True,increment-r,04-kernel-udp,1101,udp-open,kernel,udp,1024,1024,1024,1029,1431,0,31846.0,1.5,31818.091397492517,31818.091397492517,31846.0,1024,0.8163549999999999,1.6667480000000001,47769,2,1.501315695,47769,136714878,0.08480937926063649,63636.182794985034,5.59,3.7234007601579093,0.0,43.903171944168356,58.51074964935418,514.785,8483.254,62526.867,47769,47769,47769,47769,0,0,5.669447990635433,0,0
original-kernel-module,False,False,increment-r,04-kernel-udp,1116,udp-rr,kernel,udp,4096,4096,,,0,0,19544.43404146418,,19544.43404146418,19544.43404146418,19544.43404146418,,,,19559,2,1.000745274,19559,0,0.0,39088.86808292836,2.74,2.73795946999396,0.0,,70.04448080167698,201.463,302.856,363.226,19559,19559,19559,19559,0,0,3.653605009366629,0,0
original-kernel-module,False,False,increment-r,04-kernel-udp,1119,udp-open,kernel,udp,4096,64,64,35,64,10000,10000.0,1.5,9990.802587028014,9990.802587028014,10000.0,35,1.377288,3.131414,15000,2,1.5013808819999999,15000,1920000,0.001190996478441717,19981.60517405603,5.64,3.756541772722533,0.0,3154.116608,188.0,302.615,2158.117,3494.337,15000,15000,15000,15000,0,0,5.451981381229416,0,0
original-kernel-module,False,False,increment-r,04-kernel-udp,1122,udp-open,kernel,udp,4096,64,64,1529,64,0,29998.666666666668,1.5,29975.96179406921,29975.96179406921,29998.666666666668,64,0.341508,1.661486,44998,2,1.5011361540000001,44998,5759744,0.003573413109072353,59951.92358813842,5.19,3.457381254971759,0.0,967.529123961065,57.66922974354416,1035.638,42810.252,61565.48,44998,44998,44998,44998,0,0,5.554170545821648,0,0
original-kernel-module,False,False,increment-r,04-kernel-udp,1125,udp-open,kernel,udp,4096,64,64,36,1431,10000,10000.0,1.5,9984.733701620637,9984.733701620637,10000.0,36,1.678874,2.83014,15000,2,1.502293446,15000,42930000,0.026613760603627433,19969.467403241273,5.59,3.7209774261372903,0.0,139.81404137339854,186.33333333333334,195.984,2069.734,3800.508,15000,15000,15000,15000,0,0,5.429202565343189,0,0
original-kernel-module,False,False,increment-r,04-kernel-udp,1128,udp-open,kernel,udp,4096,64,64,856,1431,0,23850.0,1.5,23843.769241596863,23843.769241596863,23850.0,59,0.597917,1.4931800000000002,35775,2,1.500391974,35775,102388050,0.06355426047877429,47687.538483193726,5.03,3.352457282606072,0.0,52.74952862878041,70.30048916841369,775.106,3573.637,26286.47,35775,35775,35775,35775,0,0,5.457033491063328,0,0
original-kernel-module,True,True,increment-r,04-kernel-udp,1131,udp-open,kernel,udp,4096,4096,4096,4096,64,10000,10000.0,1.5,9980.059083466744,9980.059083466744,10000.0,4096,1.2158980000000001,2.783525,15000,2,1.502997114,15000,1920000,0.0011897157530148916,19960.118166933487,5.33,3.5462476609918494,0.0,2980.7520426666665,177.66666666666666,812.272,222141.23,237787.2,15000,15000,15000,15000,0,0,5.163003895370991,0,0
original-kernel-module,True,True,increment-r,04-kernel-udp,1134,udp-open,kernel,udp,4096,4096,4096,4113,64,0,24298.666666666668,1.5,24289.794754359853,24289.794754359853,24298.666666666668,4096,0.323035,1.625486,36448,2,1.500547879,36448,4665344,0.0028955691760015312,48579.589508719706,4.93,3.2854666412147187,0.0,1134.6531343283582,67.63059701492537,685.282,214563.578,231001.38,36448,36448,36448,36448,0,0,5.848252825021632,0,0
original-kernel-module,True,True,increment-r,04-kernel-udp,1137,udp-open,kernel,udp,4096,4096,4096,4096,1431,10000,9999.333333333334,1.5,9997.922999653874,9997.922999653874,9999.333333333334,4096,1.5334600000000003,2.904435,14999,2,1.500211594,14999,42927138,0.026648915954874258,19995.84599930775,5.64,3.7594696791818016,0.0,141.07401912887832,188.0125341689446,900.234,206622.711,235275.372,14999,14999,14999,14999,0,0,5.193740813206887,0,0
original-kernel-module,True,True,increment-r,04-kernel-udp,1140,udp-open,kernel,udp,4096,4096,4096,4113,1431,0,30826.666666666668,1.5,30796.052146981743,30796.052146981743,30826.666666666668,4096,0.7837559999999999,1.710627,46240,2,1.5014911579999999,46240,132338880,0.08208518963741301,61592.104293963486,5.66,3.769585967818267,0.0,45.92285142385972,61.20242214532872,382.976,200856.455,224565.006,46240,46240,46240,46240,0,0,5.496725262301595,0,0
original-kernel-module,False,False,increment-r,04-kernel-udp,1155,udp-rr,kernel,udp,16384,16384,,,0,0,17538.57575224124,,17538.57575224124,17538.57575224124,17538.57575224124,,,,17583,2,1.002532945,17583,0,0.0,35077.15150448248,2.65,2.6433046546914225,0.0,,75.35687880338963,206.741,324.008,847.005,17583,17583,17583,17583,0,0,3.609006666014693,0,0
original-kernel-module,False,False,increment-r,04-kernel-udp,1158,udp-open,kernel,udp,16384,64,64,61,0,10000,10000.0,1.0,9993.381683112724,9993.381683112724,10000.0,58,0.8011060000000001,1.801803,0,2,1.00066227,10000,0,0.0,19986.76336622545,3.47,3.4677034440401155,0.0,,173.5,,,,10000,10000,10000,10000,0,0,3.0718067100905273,0,0
original-kernel-module,False,False,increment-r,04-kernel-udp,1161,udp-open,kernel,udp,16384,64,64,721,0,100000,27643.0,1.0,27629.92979985783,27629.92979985783,27643.0,61,0.162661,0.9253200000000001,0,2,1.000473045,27643,0,0.0,55259.85959971566,3.13,3.128520069223854,0.0,,56.61469449770286,,,,27643,27643,27643,27643,0,0,3.4045825676866457,0,0
original-kernel-module,False,False,increment-r,04-kernel-udp,1164,udp-open,kernel,udp,16384,64,64,1743,0,0,26492.0,1.0,26476.005791949072,26476.005791949072,26492.0,64,0.16158099999999997,0.916542,0,2,1.000604102,26492,0,0.0,52952.011583898144,3.0,2.9981887881566966,0.0,,56.6208666767326,,,,26492,26492,26492,26492,0,0,3.8802597611615965,0,0
original-kernel-module,False,False,increment-r,04-kernel-udp,1167,udp-open,kernel,udp,16384,64,64,58,64,10000,10000.0,1.0,9976.689076880994,9976.689076880994,10000.0,49,0.6230439999999999,1.509454,10000,2,1.002336539,10000,1280000,0.0011893140169240229,19953.378153761987,3.23,3.222470571832561,0.0,2709.520384,161.5,556.457,3865.145,6618.228,10000,10000,10000,10000,0,0,3.527228475862671,0,0
original-kernel-module,False,False,increment-r,04-kernel-udp,1170,udp-open,kernel,udp,16384,64,64,406,64,100000,18641.0,1.0,18618.2490210073,18618.2490210073,18641.0,46,0.15228799999999998,0.9177029999999999,18641,2,1.001221972,18641,2386048,0.002219468238473809,37236.4980420146,3.0,2.9963385581793847,0.0,1350.0254278203959,80.46778606297946,897.49,11116.957,45976.866,18641,18641,18641,18641,0,0,3.9703541365044543,0,0
original-kernel-module,False,False,increment-r,04-kernel-udp,1173,udp-open,kernel,udp,16384,64,64,584,64,0,18872.0,1.0,18799.255247859368,18799.255247859368,18872.0,62,0.17031700000000002,0.890731,18872,2,1.003869555,18872,2415616,0.0022410458621811113,37598.510495718736,3.04,3.028281896645426,0.0,1351.2806443408224,80.54260279779568,946.965,25196.41,53259.012,18872,18872,18872,18872,0,0,3.9794188661425096,0,0
original-kernel-module,False,False,increment-r,04-kernel-udp,1176,udp-open,kernel,udp,16384,64,64,70,1431,10000,10000.0,1.0,9991.055607378052,9991.055607378052,10000.0,46,0.72925,1.463948,10000,2,1.00089524,10000,28620000,0.026630611297037435,19982.111214756103,3.27,3.2670751836126226,0.0,122.68119372746331,163.5,496.978,3056.97,8023.592,10000,10000,10000,10000,0,0,3.448213730445957,0,0
original-kernel-module,False,False,increment-r,04-kernel-udp,1179,udp-open,kernel,udp,16384,64,64,841,1431,100000,17364.0,1.0,17326.755999365316,17326.755999365316,17364.0,58,0.304108,0.839473,17364,2,1.002149508,17364,49695768,0.046183518758214574,34653.51199873063,3.02,3.0135224094726594,0.0,65.25103522859331,86.96152960147431,966.745,41145.507,82829.244,17364,17364,17364,17364,0,0,3.5165185008936533,0,0
original-kernel-module,False,False,increment-r,04-kernel-udp,1182,udp-open,kernel,udp,16384,64,64,671,1431,0,17672.0,1.0,17651.019274798186,17651.019274798186,17672.0,58,0.286765,0.862064,17672,2,1.001188641,17672,50577264,0.04704782475202569,35302.03854959637,3.04,3.036390821377687,0.0,64.53838912599147,86.01177003168854,965.633,20777.07,52336.054,17672,17672,17672,17672,0,0,3.307454973570259,0,0
original-kernel-module,False,False,increment-r,04-kernel-udp,1185,udp-open,kernel,udp,16384,64,64,53,59000,10000,4452.0,1.0,4444.820224109333,4444.820224109333,4452.0,44,1.7005810000000001,0.35009700000000005,4452,2,1.001615313,4452,525336000,0.48846824694881336,8889.640448218666,3.13,3.124952224048116,0.0,6.397452124202415,351.5274034141959,2987.465,8842.894,15276.806,4452,4452,4452,4452,0,0,3.235726297251631,0,0
original-kernel-module,False,False,increment-r,04-kernel-udp,1188,udp-open,kernel,udp,16384,64,64,44,59000,100000,4621.0,1.0,4609.635391077931,4609.635391077931,4621.0,29,1.69526,0.423488,4621,2,1.002465403,4621,545278000,0.5065807850539645,9219.270782155862,3.19,3.18215470624077,0.0,6.281633255990522,345.16338454879894,2903.038,6597.086,15343.495,4621,4621,4621,4621,0,0,3.900830078267518,0,0
original-kernel-module,False,False,increment-r,04-kernel-udp,1191,udp-open,kernel,udp,16384,64,64,74,59000,0,4395.0,1.0,4382.161795314196,4382.161795314196,4395.0,50,1.674889,0.374552,4395,2,1.002929651,4395,518610000,0.4815823322600453,8764.323590628392,3.13,3.1208569782328626,0.0,6.480422493048726,356.0864618885097,3051.802,7854.428,21018.674,4395,4395,4395,4395,0,0,3.270918658839264,0,0
original-kernel-module,True,True,increment-r,04-kernel-udp,1194,udp-open,kernel,udp,16384,16384,16384,16384,0,10000,10000.0,3.2768,9999.895234251895,9999.895234251895,10000.0,16384,2.722218,6.073019,0,2,3.27683433,32768,0,0.0,19999.79046850379,11.66,3.5583123300591155,0.0,,177.91748046875,,,,32768,32768,32768,32768,0,0,12.451750493065845,0,0
original-kernel-module,True,True,increment-r,04-kernel-udp,1197,udp-open,kernel,udp,16384,16384,16384,16446,0,100000,29385.3759765625,3.2768,29381.961014027664,29381.961014027664,29385.3759765625,16384,0.6354230000000001,3.3834269999999997,0,2,3.277180851,96290,0,0.0,58763.92202805533,10.57,3.2253331386257393,0.0,,54.88628102606709,,,,96290,96290,96290,96290,0,0,12.972882353031196,0,0
original-kernel-module,True,True,increment-r,04-kernel-udp,1200,udp-open,kernel,udp,16384,16384,16384,16444,0,0,32670.59326171875,3.2768,32664.165115909327,32664.165115909327,32670.59326171875,16384,0.6350830000000001,3.4886369999999998,0,2,3.277444858,107055,0,0.0,65328.330231818654,11.03,3.365426567918172,0.0,,51.51557610574004,,,,107055,107055,107055,107055,0,0,12.9464514751362,0,0
original-kernel-module,True,True,increment-r,04-kernel-udp,1203,udp-open,kernel,udp,16384,16384,16384,16384,64,10000,10000.0,3.2768,9995.82560497943,9995.82560497943,10000.0,16384,2.401249,5.6090979999999995,32768,2,3.278168437,32768,4194304,0.0011915952688431061,19991.65120995886,11.41,3.480602116479959,0.01,2920.96,174.102783203125,18235.697,910582.176,954808.679,32768,32768,32768,32768,0,0,12.364440664249173,0,0
original-kernel-module,True,True,increment-r,04-kernel-udp,1206,udp-open,kernel,udp,16384,16384,16384,16449,64,100000,27803.3447265625,3.2768,27792.052491982442,27792.052491982442,27803.3447265625,16384,0.7408980000000001,3.5700520000000004,91106,2,3.278131402,91106,11661568,0.0033130708327272465,55584.104983964884,11.57,3.529449732533937,0.0,1065.3106772331132,63.49746449191052,604.82,753189.005,815028.178,91106,91106,91106,91106,0,0,12.68299925949384,0,0
original-kernel-module,True,True,increment-r,04-kernel-udp,1209,udp-open,kernel,udp,16384,16384,16384,16449,64,0,24900.5126953125,3.2768,24892.045502862966,24892.045502862966,24900.5126953125,16384,0.737255,3.430841,81594,2,3.277914625,81594,10444032,0.0029673630598620136,49784.09100572593,11.11,3.389350020060391,0.0,1142.2094134372626,68.08098634703532,947.426,701390.37,778955.573,81594,81594,81594,81594,0,0,12.746362893376386,0,0
original-kernel-module,True,True,increment-r,04-kernel-udp,1212,udp-open,kernel,udp,16384,16384,16384,16384,1431,10000,10000.0,3.2768,9997.169276868031,9997.169276868031,10000.0,16384,2.4774130000000003,5.271751,32768,2,3.2777278340000002,32768,93782016,0.02664690694808616,19994.338553736063,11.36,3.4658155207892096,0.0,130.06445842068482,173.33984375,17201.531,1070449.61,1089311.67,32768,32768,32768,32768,0,0,12.414870471535437,0,0
original-kernel-module,True,True,increment-r,04-kernel-udp,1215,udp-open,kernel,udp,16384,16384,16384,16445,1431,100000,25944.2138671875,3.2768,25936.579245754547,25936.579245754547,25944.2138671875,16384,1.474801,3.3699450000000004,85014,2,3.27776455,85014,243310068,0.06913253087676086,51873.15849150909,11.73,3.57865850980663,0.0,51.76518875297836,68.98863716564331,576.317,721005.513,825451.18,85014,85014,85014,85014,0,0,12.628272502371829,0,0
original-kernel-module,True,True,increment-r,04-kernel-udp,1218,udp-open,kernel,udp,16384,16384,16384,16443,1431,0,23700.25634765625,3.2768,23678.118824013363,23678.118824013363,23700.25634765625,16384,1.377329,3.2536069999999997,77661,2,3.279863598,77661,222265782,0.06311272836693213,47356.23764802673,11.23,3.4239228749780466,0.0,54.250908866934815,72.30141254941347,933.485,744864.01,855059.779,77661,77661,77661,77661,0,0,12.789414529359078,0,0
original-kernel-module,True,True,increment-r,04-kernel-udp,1221,udp-open,kernel,udp,16384,16384,16384,16384,59000,10000,5027.4658203125,3.2768,4131.930020409196,4131.930020409196,5027.4658203125,16384,6.180973,2.373444,16474,2,3.986998792,16474,1943932000,0.45408284515914055,8263.860040818392,12.75,3.197894121659418,0.0,7.042534541331693,386.97341265023675,3061664.74,3340409.204,3349917.459,16474,16474,16474,16474,0,0,14.778443940369016,0,0
original-kernel-module,True,True,increment-r,04-kernel-udp,1224,udp-open,kernel,udp,16384,16384,16384,16449,59000,100000,5237.73193359375,3.2768,5233.357397487439,5233.357397487439,5237.73193359375,16384,6.425362000000001,1.391814,17163,2,3.27953906,17163,2025234000,0.5751253784666934,10466.714794974878,11.05,3.369375939068706,0.0,5.858506797337987,321.9134184000466,2535844.178,2599632.884,2607540.882,17163,17163,17163,17163,0,0,12.778719380239636,0,0
original-kernel-module,True,True,increment-r,04-kernel-udp,1227,udp-open,kernel,udp,16384,16384,16384,16449,59000,0,5307.92236328125,3.2768,5305.362265318274,5305.362265318274,5307.92236328125,16384,6.485173,1.207523,17393,2,3.278381217,17393,2052374000,0.5830384300160746,10610.724530636548,11.14,3.3980184922466266,0.0,5.828120956199991,320.2437762318174,2475351.803,2584890.834,2604842.302,17393,17393,17393,17393,0,0,12.701335742793617,0,0
aya-duplex-stream-seqpacket-v1,False,False,increment-r,05-aya-udp,968,udp-rr,aya,udp,1,1,,,0,0,5707.347443255154,,5707.347443255154,5707.347443255154,5707.347443255154,,,,5709,2,1.000289549,5709,0,0.0,11414.694886510308,1.2,1.1996526417772262,0.0,,105.09721492380451,171.638,254.422,301.764,5709,5709,5709,5709,0,0,2.0025821270260344,0,0
aya-duplex-stream-seqpacket-v1,False,False,increment-r,05-aya-udp,971,udp-open,aya,udp,1,1,1,3,0,1000,1000.0,1.0,999.8083257460629,999.8083257460629,1000.0,1,0.312757,0.636856,0,2,1.000191711,1000,0,0.0,1999.6166514921258,1.0,0.9998083257460628,0.0,,500.0,,,,1000,1000,1000,1000,0,0,1.0690963481827076,0,0
aya-duplex-stream-seqpacket-v1,False,False,increment-r,05-aya-udp,974,udp-open,aya,udp,1,1,1,1361,0,10000,10000.0,1.0,8646.458748357049,8646.458748357049,10000.0,1,0.116449,0.568787,0,2,1.156542845,10000,0,0.0,17292.917496714097,1.43,1.236443601015058,0.0,,71.5,,,,10000,10000,10000,10000,0,0,2.1717377059280683,0,0
aya-duplex-stream-seqpacket-v1,False,False,increment-r,05-aya-udp,977,udp-open,aya,udp,1,1,1,26777,0,0,35885.0,1.0,11961.30329423389,11961.30329423389,35885.0,1,0.219729,1.6161720000000002,0,2,3.000091137,28021,0,0.0,18680.09918393356,3.66,1.219962938745884,0.0,,65.30816173584098,,,,35885,35885,28021,28021,7864,0,6.264350903390245,0,0
aya-duplex-stream-seqpacket-v1,False,False,increment-r,05-aya-udp,980,udp-open,aya,udp,1,1,1,2,64,1000,1000.0,1.0,999.8076939887152,999.8076939887152,1000.0,1,0.310243,0.641058,1000,2,1.000192343,1000,128000,0.00011918636488779964,1999.6153879774304,1.01,1.0098057709286024,0.0,8472.49408,505.0,139.821,154.051,168.012,1000,1000,1000,1000,0,0,1.1313500771225335,0,0
aya-duplex-stream-seqpacket-v1,False,False,increment-r,05-aya-udp,983,udp-open,aya,udp,1,1,1,1047,64,10000,10000.0,1.0,9605.777904611188,9605.777904611188,10000.0,1,0.09497,0.57327,10000,2,1.041040101,10000,1280000,0.001145097959591292,19211.555809222376,1.24,1.1911164601717872,0.0,1040.187392,62.0,67156.192,101453.866,103584.141,10000,10000,10000,10000,0,0,1.8547561888845294,0,0
aya-duplex-stream-seqpacket-v1,False,False,increment-r,05-aya-udp,986,udp-open,aya,udp,1,1,1,22457,64,0,31640.0,1.0,10546.140888812655,10546.140888812655,31640.0,1,0.32188,1.515616,25936,2,3.000149565,25936,3319872,0.0010305725336176158,17290.13800017,3.71,1.2366050157236077,0.0,1199.9204086904556,71.52082971873614,1042666.268,2084202.516,2165419.094,31640,31640,25937,25936,5703,1,6.45607557582569,0,0
aya-duplex-stream-seqpacket-v1,False,False,increment-r,05-aya-udp,990,udp-open,aya,udp,1,1,1,6,1431,1000,1000.0,1.0,999.9253905669829,999.9253905669829,1000.0,1,0.334503,0.575067,1000,2,1.000074615,1000,2862000,0.0026652463411937517,1999.8507811339657,1.0,0.9999253905669829,0.0,375.1718462613557,500.0,200.241,218.098,2160.761,1000,1000,1000,1000,0,0,1.3635870916415556,0,0
aya-duplex-stream-seqpacket-v1,False,False,increment-r,05-aya-udp,993,udp-open,aya,udp,1,1,1,3166,1431,10000,10000.0,1.0,7082.302565574869,7082.302565574869,10000.0,1,0.236658,0.588254,10000,2,1.411970176,10000,28620000,0.01887748943890936,14164.605131149738,1.78,1.2606498566723268,0.0,66.78058863452131,89.0,239718.736,395200.061,407363.563,10000,10000,10000,10000,0,0,2.7467298539690503,0,0
aya-duplex-stream-seqpacket-v1,False,False,increment-r,05-aya-udp,996,udp-open,aya,udp,1,1,1,15749,1431,0,24122.0,1.0,8266.408854045318,8266.408854045318,24122.0,1,0.453046,1.362085,24122,2,2.918074877,24122,69037164,0.02203365987192625,16532.817708090635,3.48,1.1925670679080385,0.0,54.12478339231895,72.13332227841804,946718.838,1824702.917,1898577.908,24122,24122,24122,24122,0,0,5.92747344234877,0,0
aya-duplex-stream-seqpacket-v1,False,False,increment-r,05-aya-udp,999,udp-open,aya,udp,1,1,1,452,59000,1000,1000.0,1.0,548.2330043754207,548.2330043754207,1000.0,1,0.54712,1.087115,1000,2,1.824041953,1000,118000000,0.06024864922864329,1096.4660087508414,1.84,1.008748728050774,0.0,16.74309284881356,920.0,413741.138,783820.804,816774.024,1000,1000,1000,1000,0,0,2.5562110022567097,0,0
aya-duplex-stream-seqpacket-v1,False,False,increment-r,05-aya-udp,1002,udp-open,aya,udp,1,1,1,6957,59000,10000,7503.0,1.0,2500.8516686522116,2500.8516686522116,7503.0,1,1.3443100000000001,1.352021,1640,2,3.000177937,1640,193520000,0.06007295181292022,1093.2684890282892,3.07,1.0232726406453805,0.0,17.03383319388177,935.9756097560976,1364729.289,2616788.586,2728334.746,7503,7503,1640,1640,5863,0,4.354110975788487,0,0
aya-duplex-stream-seqpacket-v1,False,False,increment-r,05-aya-udp,1006,udp-open,aya,udp,1,1,1,7157,59000,0,7703.0,1.0,2567.5913660588103,2567.5913660588103,7703.0,1,1.904739,0.803782,1640,2,3.000087982,1640,193520000,0.06007475304755492,1093.3012697225624,3.02,1.0066371446835787,0.0,16.756409200496073,920.7317073170732,1369007.676,2625361.255,2736098.027,7703,7703,1640,1640,6063,0,4.211484187650157,0,0
aya-duplex-stream-seqpacket-v1,False,False,increment-r,05-aya-udp,1022,udp-rr,aya,udp,64,64,,,0,0,22941.94210473388,,22941.94210473388,22941.94210473388,22941.94210473388,,,,22947,2,1.000220465,22947,0,0.0,45883.88420946776,2.68,2.679409284032196,0.0,,58.3954329541988,171.458,255.214,326.22,22947,22947,22947,22947,0,0,3.2897352348538362,0,0
aya-duplex-stream-seqpacket-v1,False,False,increment-r,05-aya-udp,1025,udp-open,aya,udp,64,64,64,8,0,1000,1000.0,1.0,999.9798174073453,999.9798174073453,1000.0,8,1.2317529999999999,2.516519,0,2,1.000020183,1000,0,0.0,1999.9596348146906,3.83,3.829922700670133,0.0,,1915.0,,,,1000,1000,1000,1000,0,0,3.845246556011105,0,0
aya-duplex-stream-seqpacket-v1,False,False,increment-r,05-aya-udp,1028,udp-open,aya,udp,64,64,64,47,0,10000,10000.0,1.0,9999.646342507805,9999.646342507805,10000.0,47,0.8525689999999999,1.7826520000000001,0,2,1.000035367,10000,0,0.0,19999.29268501561,3.26,3.259884707657544,0.0,,163.0,,,,10000,10000,10000,10000,0,0,3.054544134464251,0,0
aya-duplex-stream-seqpacket-v1,False,False,increment-r,05-aya-udp,1031,udp-open,aya,udp,64,64,64,6460,0,0,59500.0,1.0,58189.29235770762,58189.29235770762,59500.0,64,0.230297,1.378989,0,2,1.022524894,59500,0,0.0,116378.58471541524,3.77,3.6869518014883655,0.0,,31.680672268907564,,,,59500,59500,59500,59500,0,0,3.196286693428135,0,0
aya-duplex-stream-seqpacket-v1,False,False,increment-r,05-aya-udp,1034,udp-open,aya,udp,64,64,64,4,64,1000,1000.0,1.0,999.9681400150909,999.9681400150909,1000.0,4,1.3028,2.623248,1000,2,1.000031861,1000,128000,0.00011920549154461513,1999.9362800301817,3.97,3.969873515859911,0.0,33302.773760000004,1985.0,68.894,132.119,1301.428,1000,1000,1000,1000,0,0,3.280876234402186,0,0
aya-duplex-stream-seqpacket-v1,False,False,increment-r,05-aya-udp,1037,udp-open,aya,udp,64,64,64,35,64,10000,10000.0,1.0,9999.710938355905,9999.710938355905,10000.0,35,1.219753,2.317507,10000,2,1.000028907,10000,1280000,0.0011920584366745836,19999.42187671181,3.96,3.9598855315889385,0.0,3321.888768,198.0,69.826,242.425,3870.043,10000,10000,10000,10000,0,0,3.878741368091994,0,0
aya-duplex-stream-seqpacket-v1,False,False,increment-r,05-aya-udp,1040,udp-open,aya,udp,64,64,64,6039,64,0,62213.0,1.0,61305.06004494263,61305.06004494263,62213.0,64,0.28543,1.4213609999999999,62213,2,1.014810196,62213,7963264,0.007308132653825596,122610.12008988525,3.87,3.8135210064444407,0.0,521.8187992863228,31.102824168582128,43458.998,126838.048,186362.127,62213,62213,62213,62213,0,0,3.319785809212675,0,0
aya-duplex-stream-seqpacket-v1,False,False,increment-r,05-aya-udp,1044,udp-open,aya,udp,64,64,64,5,1431,1000,1000.0,1.0,999.971865791556,999.971865791556,1000.0,5,1.261693,2.65485,1000,2,1.000028135,1000,2862000,0.0026653702183584062,1999.943731583112,3.97,3.9698883071924773,0.0,1489.4322296575822,1985.0,78.999,161.783,2258.819,1000,1000,1000,1000,0,0,3.2766075994054518,0,0
aya-duplex-stream-seqpacket-v1,False,False,increment-r,05-aya-udp,1047,udp-open,aya,udp,64,64,64,47,1431,10000,10000.0,1.0,9999.66006155621,9999.66006155621,10000.0,46,1.160282,2.3821399999999997,10000,2,1.000033995,10000,28620000,0.026653545998198788,19999.32012311242,3.97,3.9698650444378147,0.0,148.94322296575822,198.5,77.366,151.428,3303.911,10000,10000,10000,10000,0,0,3.191467072732948,0,0
aya-duplex-stream-seqpacket-v1,False,False,increment-r,05-aya-udp,1050,udp-open,aya,udp,64,64,64,2524,1431,0,54044.0,1.0,52074.88573229427,52074.88573229427,54044.0,64,0.711709,1.281655,54044,2,1.037813127,54044,154673928,0.13880275466090647,104149.77146458854,3.97,3.8253514979869787,0.0,27.559622338420215,36.72933165568796,17513.231,52374.552,108909.413,54044,54044,54044,54044,0,0,3.7845782492354942,0,0
aya-duplex-stream-seqpacket-v1,False,False,increment-r,05-aya-udp,1053,udp-open,aya,udp,64,64,64,4,59000,1000,1000.0,1.0,999.9621414333254,999.9621414333254,1000.0,4,1.308194,2.5940399999999997,1000,2,1.00003786,1000,118000000,0.10989190329716764,1999.9242828666509,4.0,3.9998485657333016,0.0,36.39802793220339,2000.0,393.291,860.895,1195.018,1000,1000,1000,1000,0,0,3.3062041605616628,0,0
aya-duplex-stream-seqpacket-v1,False,False,increment-r,05-aya-udp,1056,udp-open,aya,udp,64,64,64,65,59000,10000,8550.0,1.0,8525.470924279269,8525.470924279269,8550.0,46,3.013713,0.36664599999999997,8550,2,1.002877152,8550,1008900000,0.9369156966590823,17050.941848558537,3.97,3.9586104759518945,0.0,4.225151195638815,232.16374269005848,639.402,8868.303,12004.161,8550,8550,8550,8550,0,0,3.620105836302571,0,0
aya-duplex-stream-seqpacket-v1,False,False,increment-r,05-aya-udp,1059,udp-open,aya,udp,64,64,64,79,59000,0,8396.0,1.0,8391.848997069146,8391.848997069146,8396.0,50,2.995876,0.34983,8396,2,1.000494647,8396,990728000,0.9222311728207016,16783.697994138292,3.93,3.9280569983899176,0.0,4.259297575439475,234.04001905669367,646.202,9554.366,11949.879,8396,8396,8396,8396,0,0,3.5804736697827764,0,0
aya-duplex-stream-seqpacket-v1,False,False,increment-r,05-aya-udp,1078,udp-rr,aya,udp,1024,1024,,,0,0,22765.417418809724,,22765.417418809724,22765.417418809724,22765.417418809724,,,,22771,2,1.000245222,22771,0,0.0,45530.83483761945,2.72,2.719333159683916,0.0,,59.725088928900796,174.072,259.461,324.438,22771,22771,22771,22771,0,0,3.314693027458844,0,0
aya-duplex-stream-seqpacket-v1,False,False,increment-r,05-aya-udp,1081,udp-open,aya,udp,1024,64,64,28,64,10000,10000.0,1.5,9999.768358699228,9999.768358699228,10000.0,28,1.8336459999999999,3.53545,15000,2,1.500034747,15000,1920000,0.0011920652817129168,19999.536717398456,5.97,3.9799078067622924,0.0,3338.6659839999998,199.0,70.036,81.142,837.73,15000,15000,15000,15000,0,0,5.279835139775372,0,0
aya-duplex-stream-seqpacket-v1,False,False,increment-r,05-aya-udp,1084,udp-open,aya,udp,1024,64,64,9425,64,0,66438.66666666667,1.5,61713.61473028795,61713.61473028795,66438.66666666667,64,0.4427,2.27739,99658,2,1.6148462609999998,99658,12756224,0.007356836167608255,123427.2294605759,6.13,3.7960269952905445,0.0,515.9863436954383,30.755182724919223,62484.974,141198.976,174809.776,99658,99658,99658,99658,0,0,5.733381377427776,0,0
aya-duplex-stream-seqpacket-v1,False,False,increment-r,05-aya-udp,1087,udp-open,aya,udp,1024,64,64,32,1431,10000,10000.0,1.5,9999.763885575134,9999.763885575134,10000.0,32,1.7409080000000001,3.5726489999999997,15000,2,1.500035418,15000,42930000,0.026653822735432566,19999.527771150268,5.95,3.9665730079448034,0.0,148.81816568367108,198.33333333333334,77.617,151.468,2839.512,15000,15000,15000,15000,0,0,5.196792306436009,0,0
aya-duplex-stream-seqpacket-v1,False,False,increment-r,05-aya-udp,1090,udp-open,aya,udp,1024,64,64,3474,1431,0,56467.333333333336,1.5,54701.23005552521,54701.23005552521,56467.333333333336,64,1.081123,1.9189950000000002,84701,2,1.548429531,84701,242414262,0.14580313155326352,109402.46011105042,6.06,3.9136427449083566,0.0,26.84196630906147,35.77289524326749,19121.51,51526.997,65506.46,84701,84701,84701,84701,0,0,5.385419869689599,0,0
aya-duplex-stream-seqpacket-v1,True,True,increment-r,05-aya-udp,1093,udp-open,aya,udp,1024,1024,1024,1024,64,10000,9996.0,1.5,9994.214180507752,9994.214180507752,9996.0,1024,1.118055,2.47889,14994,2,1.500268028,14994,1919232,0.0011914031720766725,19988.428361015503,4.64,3.092780698783244,0.0,2595.9144404428434,154.72855808990263,860.735,48064.497,61255.434,14994,14994,14994,14994,0,0,4.659612771899788,0,0
aya-duplex-stream-seqpacket-v1,True,True,increment-r,05-aya-udp,1096,udp-open,aya,udp,1024,1024,1024,1467,64,0,29424.0,1.5,29041.377929053775,29041.377929053775,29424.0,1024,0.331858,1.6242420000000002,44136,2,1.5197625989999999,44136,5649408,0.0034620020304982394,58082.75585810755,4.43,2.914928952005352,0.0,841.9778285299981,50.1857893782853,36120.897,48733.713,53916.191,44136,44136,44136,44136,0,0,5.2025423250179585,0,0
aya-duplex-stream-seqpacket-v1,True,True,increment-r,05-aya-udp,1099,udp-open,aya,udp,1024,1024,1024,1024,1431,10000,9998.0,1.5,9989.002452656114,9989.002452656114,9998.0,1024,1.392034,2.6505849999999995,14997,2,1.501351118,14997,42921414,0.026625138725621438,19978.004905312227,5.05,3.3636368864381794,0.0,126.3331215322962,168.36700673468027,232.79,53884.093,74827.565,14997,14997,14997,14997,0,0,4.866739825951072,0,0
aya-duplex-stream-seqpacket-v1,True,True,increment-r,05-aya-udp,1102,udp-open,aya,udp,1024,1024,1024,1108,1431,0,34371.333333333336,1.5,33867.54553305333,33867.54553305333,34371.333333333336,1024,0.76271,1.604907,51557,2,1.522312857,51557,147556134,0.090272086966409,67735.09106610666,4.91,3.2253554040633055,0.0,35.72926596084444,47.61720038016176,23602.051,39720.683,57264.559,51557,51557,51557,51557,0,0,5.254076752077594,0,0
aya-duplex-stream-seqpacket-v1,False,False,increment-r,05-aya-udp,1117,udp-rr,aya,udp,4096,4096,,,0,0,37512.6834850277,,37512.6834850277,37512.6834850277,37512.6834850277,,,,37526,2,1.000354987,37526,0,0.0,75025.3669700554,3.38,3.378800569722156,0.0,,45.035442093481855,79.72,213.571,269.565,37526,37526,37526,37526,0,0,3.291850792751916,0,0
aya-duplex-stream-seqpacket-v1,False,False,increment-r,05-aya-udp,1120,udp-open,aya,udp,4096,64,64,22,64,10000,10000.0,1.5,9999.801877258673,9999.801877258673,10000.0,22,1.7908320000000002,3.530717,15000,2,1.500029719,15000,1920000,0.001192069277436575,19999.603754517346,5.97,3.9799211471489517,0.0,3338.6659839999998,199.0,73.08,83.285,556.857,15000,15000,15000,15000,0,0,5.234526426821105,0,0
aya-duplex-stream-seqpacket-v1,False,False,increment-r,05-aya-udp,1123,udp-open,aya,udp,4096,64,64,10865,64,0,61064.0,1.5,56609.02887620716,56609.02887620716,61064.0,64,0.44947,2.1782310000000003,91596,2,1.6180457750000001,91596,11724288,0.006748322114492316,113218.05775241432,5.95,3.6772754466726996,0.0,544.9170007423905,32.479584261321456,64997.725,192572.041,300511.425,91596,91596,91596,91596,0,0,5.688671659463012,0,0
aya-duplex-stream-seqpacket-v1,False,False,increment-r,05-aya-udp,1126,udp-open,aya,udp,4096,64,64,30,1431,10000,10000.0,1.5,9999.790924371353,9999.790924371353,10000.0,30,1.739336,3.512334,15000,2,1.500031362,15000,42930000,0.02665389480586239,19999.581848742706,5.94,3.959917206051056,0.01,148.56805111949686,198.0,80.671,153.881,3124.932,15000,15000,15000,15000,0,0,5.194299893169784,0,0
aya-duplex-stream-seqpacket-v1,False,False,increment-r,05-aya-udp,1129,udp-open,aya,udp,4096,64,64,3229,1431,0,54370.666666666664,1.5,52341.04326604362,52341.04326604362,54370.666666666664,64,1.039831,1.89506,81556,2,1.55816535,81556,233413272,0.139512182983958,104682.08653208724,6.01,3.857100275012533,0.0,27.647049831168125,36.845848251508166,21090.102,54920.132,74016.934,81556,81556,81556,81556,0,0,5.461775494078495,0,0
aya-duplex-stream-seqpacket-v1,True,True,increment-r,05-aya-udp,1132,udp-open,aya,udp,4096,4096,4096,4096,64,10000,10000.0,1.5,9991.050509845105,9991.050509845105,10000.0,4096,1.3016189999999999,2.803168,15000,2,1.5013436260000002,15000,1920000,0.0011910260331446057,19982.10101969021,5.11,3.4036178736872325,0.0,2857.7191253333335,170.33333333333334,1592.035,147151.401,154894.271,15000,15000,15000,15000,0,0,4.829468420882392,0,0
aya-duplex-stream-seqpacket-v1,True,True,increment-r,05-aya-udp,1135,udp-open,aya,udp,4096,4096,4096,4110,64,0,28731.333333333332,1.5,28386.27639980597,28386.27639980597,28731.333333333332,4096,0.35258,1.5945619999999998,43097,2,1.518233649,43097,5516416,0.0033839078426129783,56772.55279961194,4.58,3.0166634779940913,0.0,891.4732960530896,53.13594913799104,34711.496,140178.81,153977.362,43097,43097,43097,43097,0,0,5.394465511429246,0,0
aya-duplex-stream-seqpacket-v1,True,True,increment-r,05-aya-udp,1138,udp-open,aya,udp,4096,4096,4096,4096,1431,10000,9999.333333333334,1.5,9996.449650838256,9996.449650838256,9999.333333333334,4096,1.371543,2.7716819999999998,14999,2,1.500432706,14999,42927138,0.02664498882433315,19992.899301676513,5.14,3.4256784589178366,0.0,128.56745714936784,171.3447563170878,1183.12,149464.923,162791.464,14999,14999,14999,14999,0,0,5.068428880438091,0,0
aya-duplex-stream-seqpacket-v1,True,True,increment-r,05-aya-udp,1141,udp-open,aya,udp,4096,4096,4096,4110,1431,0,28238.0,1.5,27846.237485248912,27846.237485248912,28238.0,4096,0.714693,1.4896630000000002,42357,2,1.521103166,42357,121225734,0.07422262028118817,55692.474970497824,4.71,3.0964369184673695,0.0,41.718237738531656,55.598838444649054,28737.407,139512.468,152723.926,42357,42357,42357,42357,0,0,5.149279982109476,0,0
aya-duplex-stream-seqpacket-v1,False,False,increment-r,05-aya-udp,1156,udp-rr,aya,udp,16384,16384,,,0,0,35603.10371501543,,35603.10371501543,35603.10371501543,35603.10371501543,,,,35667,2,1.001794683,35667,0,0.0,71206.20743003086,3.61,3.6035328009422067,0.0,,50.607003672862874,93.892,210.237,286.562,35667,35667,35667,35667,0,0,3.279026150370669,0,0
aya-duplex-stream-seqpacket-v1,False,False,increment-r,05-aya-udp,1159,udp-open,aya,udp,16384,64,64,53,0,10000,10000.0,1.0,9999.456779510452,9999.456779510452,10000.0,36,1.1369599999999997,2.262227,0,2,1.000054325,10000,0,0.0,19998.913559020904,4.0,3.999782711804181,0.0,,200.0,,,,10000,10000,10000,10000,0,0,3.297901483470355,0,0
aya-duplex-stream-seqpacket-v1,False,False,increment-r,05-aya-udp,1162,udp-open,aya,udp,16384,64,64,24332,0,100000,65021.0,1.0,45791.16613916446,45791.16613916446,65021.0,64,0.29218,1.5989159999999998,0,2,1.419946367,65021,0,0.0,91582.33227832892,4.82,3.394494406280628,0.0,,37.06494824748927,,,,65021,65021,65021,65021,0,0,5.45570950818643,0,0
aya-duplex-stream-seqpacket-v1,False,False,increment-r,05-aya-udp,1165,udp-open,aya,udp,16384,64,64,11386,0,0,53177.0,1.0,49308.667986017164,49308.667986017164,53177.0,64,0.219775,1.2762829999999998,0,2,1.078451359,53177,0,0.0,98617.33597203433,3.9,3.616296615932958,0.0,,36.669988904977714,,,,53177,53177,53177,53177,0,0,3.880539327803376,0,0
aya-duplex-stream-seqpacket-v1,False,False,increment-r,05-aya-udp,1168,udp-open,aya,udp,16384,64,64,59,64,10000,10000.0,1.0,9999.645152592115,9999.645152592115,10000.0,58,1.156977,2.162764,10000,2,1.000035486,10000,1280000,0.0011920505944004196,19999.29030518423,3.93,3.9298605449687014,0.0,3296.722944,196.5,85.99,1320.056,6021.881,10000,10000,10000,10000,0,0,3.3498182218294232,0,0
aya-duplex-stream-seqpacket-v1,False,False,increment-r,05-aya-udp,1171,udp-open,aya,udp,16384,64,64,10009,64,100000,50936.0,1.0,45132.159658006116,45132.159658006116,50936.0,64,0.377313,1.444969,50936,2,1.128596557,50936,6519808,0.0053801726887233395,90264.31931601223,4.11,3.6416910671117706,0.0,676.8725239516256,40.34474634835873,73251.814,361300.236,479533.188,50936,50936,50936,50936,0,0,3.7284437209466432,0,0
aya-duplex-stream-seqpacket-v1,False,False,increment-r,05-aya-udp,1174,udp-open,aya,udp,16384,64,64,7804,64,0,49767.0,1.0,46843.67819652297,46843.67819652297,49767.0,64,0.275451,1.251136,49767,2,1.062405898,49767,6370176,0.005584201597752925,93687.35639304593,3.83,3.6050251671324967,0.0,645.5757558221311,38.479313601382444,50603.347,151454.546,242864.43,49767,49767,49767,49767,0,0,3.529316106445208,0,0
aya-duplex-stream-seqpacket-v1,False,False,increment-r,05-aya-udp,1177,udp-open,aya,udp,16384,64,64,45,1431,10000,10000.0,1.0,9999.437051692863,9999.437051692863,10000.0,43,1.2441399999999998,2.115778,10000,2,1.000056298,10000,28620000,0.026652951577627076,19998.874103385726,3.95,3.9497776354186813,0.0,148.19287927323552,197.5,93.37,1515.26,4998.881,10000,10000,10000,10000,0,0,3.696778934405529,0,0
aya-duplex-stream-seqpacket-v1,False,False,increment-r,05-aya-udp,1180,udp-open,aya,udp,16384,64,64,4256,1431,100000,45855.0,1.0,44489.67781067233,44489.67781067233,45855.0,64,0.5848220000000001,1.1599970000000002,45855,2,1.030688516,45855,131237010,0.11858479855036756,88979.35562134466,3.85,3.7353671261822807,0.0,31.499544392241184,41.98015483589576,30474.331,90316.278,116707.916,45855,45855,45855,45855,0,0,3.3223576931987395,0,0
aya-duplex-stream-seqpacket-v1,False,False,increment-r,05-aya-udp,1183,udp-open,aya,udp,16384,64,64,4725,1431,0,51148.0,1.0,47906.21978520752,47906.21978520752,51148.0,64,0.6667,1.215075,51148,2,1.067669297,51148,146385576,0.12769140398620063,95812.43957041504,4.1,3.8401403988298823,0.0,30.073601502924028,40.079768514897935,39487.902,89200.369,113913.632,51148,51148,51148,51148,0,0,4.089096417419398,0,0
aya-duplex-stream-seqpacket-v1,False,False,increment-r,05-aya-udp,1186,udp-open,aya,udp,16384,64,64,84,59000,10000,8304.0,1.0,8243.804563458085,8243.804563458085,8304.0,53,2.980187,0.318129,8304,2,1.0073019,8304,979872000,0.9059616722986605,16487.60912691617,3.98,3.9511491043549105,0.0,4.3612762274256225,239.64354527938343,654.906,9370.709,12027.476,8304,8304,8304,8304,0,0,3.9711601193212687,0,0
aya-duplex-stream-seqpacket-v1,False,False,increment-r,05-aya-udp,1189,udp-open,aya,udp,16384,64,64,75,59000,100000,8352.0,1.0,8265.742554273886,8265.742554273886,8352.0,50,2.962017,0.34059700000000004,8352,2,1.010435535,8352,985536000,0.908372571137099,16531.48510854777,3.98,3.938895517960975,0.0,4.336211421520878,238.26628352490422,657.429,10073.537,12346.476,8352,8352,8352,8352,0,0,3.3993813630360705,0,0
aya-duplex-stream-seqpacket-v1,False,False,increment-r,05-aya-udp,1192,udp-open,aya,udp,16384,64,64,85,59000,0,8227.0,1.0,8171.279205456236,8171.279205456236,8227.0,58,2.951808,0.330224,8227,2,1.006819103,8227,970786000,0.8979914209282359,16342.558410912472,3.99,3.962976058073463,0.0,4.413155811641289,242.49422632794457,662.467,10697.125,13912.342,8227,8227,8227,8227,0,0,3.200963581469864,0,0
aya-duplex-stream-seqpacket-v1,True,True,increment-r,05-aya-udp,1195,udp-open,aya,udp,16384,16384,16384,16384,0,10000,9999.3896484375,3.2768,9992.05063849039,9992.05063849039,9999.3896484375,16384,2.849316,6.231523000000001,0,2,3.27920676,32766,0,0.0,19984.10127698078,11.39,3.473400987987717,0.0,,173.80821583348592,,,,32766,32766,32766,32766,0,0,12.29531760742583,0,0
aya-duplex-stream-seqpacket-v1,True,True,increment-r,05-aya-udp,1198,udp-open,aya,udp,16384,16384,16384,16438,0,100000,26855.16357421875,3.2768,26616.255937460028,26616.255937460028,26855.16357421875,16384,0.5932139999999999,3.2184729999999995,0,2,3.306212572,87999,0,0.0,53232.511874920056,9.93,3.003436646541189,0.0,,56.421095694269255,,,,87999,87999,87999,87999,0,0,12.57048336569062,0,0
aya-duplex-stream-seqpacket-v1,True,True,increment-r,05-aya-udp,1201,udp-open,aya,udp,16384,16384,16384,16446,0,0,27128.2958984375,3.2768,26921.35730402944,26921.35730402944,27128.2958984375,16384,0.583691,3.232269,0,2,3.301988046,88894,0,0.0,53842.71460805888,9.96,3.0163646449494146,0.0,,56.021778747722,,,,88894,88894,88894,88894,0,0,12.517958734926594,0,0
aya-duplex-stream-seqpacket-v1,True,True,increment-r,05-aya-udp,1204,udp-open,aya,udp,16384,16384,16384,16384,64,10000,10000.0,3.2768,9999.368786793768,9999.368786793768,10000.0,16384,3.0697590000000003,6.539011,32768,2,3.277006849,32768,4194304,0.0011920176490299425,19998.737573587536,11.77,3.5916922186451004,0.0,3013.12,179.595947265625,13508.604,462936.286,492729.252,32768,32768,32768,32768,0,0,12.174134319981363,0,0
aya-duplex-stream-seqpacket-v1,True,True,increment-r,05-aya-udp,1207,udp-open,aya,udp,16384,16384,16384,16439,64,100000,33560.1806640625,3.2768,33295.44247187593,33295.44247187593,33560.1806640625,16384,0.777461,3.438141,109970,2,3.30285444,109970,14076160,0.003969126042351238,66590.88494375187,10.86,3.2880649744891572,0.0,828.4103199054288,49.37710284623079,32590.224,361058.412,389091.56,109970,109970,109970,109970,0,0,12.434224336031093,0,0
aya-duplex-stream-seqpacket-v1,True,True,increment-r,05-aya-udp,1210,udp-open,aya,udp,16384,16384,16384,16445,64,0,34607.5439453125,3.2768,34489.60022738258,34489.60022738258,34607.5439453125,16384,0.7780750000000001,3.517905,113402,2,3.288005638,113402,14515456,0.004111480739996741,68979.20045476516,10.96,3.3333276176091524,0.0,810.7365273981059,48.32366272199785,31573.515,342746.881,366353.849,113402,113402,113402,113402,0,0,12.508596325966437,0,0
aya-duplex-stream-seqpacket-v1,True,True,increment-r,05-aya-udp,1213,udp-open,aya,udp,16384,16384,16384,16384,1431,10000,10000.0,3.2768,9999.563791611614,9999.563791611614,10000.0,16384,3.7232979999999998,7.274615000000001,32768,2,3.276942943,32768,93782016,0.026653289395936242,19999.127583223228,12.94,3.9488023517899866,0.0,148.15440950384345,197.44873046875,10538.476,391340.254,401332.268,32768,32768,32768,32768,0,0,12.580149048300314,0,0
aya-duplex-stream-seqpacket-v1,True,True,increment-r,05-aya-udp,1216,udp-open,aya,udp,16384,16384,16384,16438,1431,100000,37748.71826171875,3.2768,37640.02011408183,37640.02011408183,37748.71826171875,16384,1.7646410000000001,3.5009599999999996,123695,2,3.286262856,123695,354015090,0.1003274112627862,75280.04022816366,12.3,3.7428533683916614,0.0,37.30638836666539,49.71906706010752,21849.214,372808.502,402317.88,123695,123695,123695,123695,0,0,12.530125479127037,0,0
aya-duplex-stream-seqpacket-v1,True,True,increment-r,05-aya-udp,1219,udp-open,aya,udp,16384,16384,16384,16445,1431,0,34315.7958984375,3.2768,34085.24785053146,34085.24785053146,34315.7958984375,16384,1.684404,3.340344,112446,2,3.298963836,112446,321820452,0.09085236056542119,68170.49570106292,11.66,3.5344431099122846,0.01,38.90315108947768,51.847108834462766,24490.838,365701.238,389445.162,112446,112446,112446,112446,0,0,12.58674362906629,0,0
aya-duplex-stream-seqpacket-v1,True,True,increment-r,05-aya-udp,1222,udp-open,aya,udp,16384,16384,16384,16407,59000,10000,6384.8876953125,3.2768,6369.543281272797,6369.543281272797,6384.8876953125,16384,7.5270969999999995,2.350586,20922,2,3.284693906,20922,2468796000,0.699987734845085,12739.086562545594,13.03,3.9668840911473344,0.0,5.667076569599108,311.39470413918366,2040680.914,2086767.345,2097540.484,20922,20922,20922,20922,0,0,12.627228198054013,0,0
aya-duplex-stream-seqpacket-v1,True,True,increment-r,05-aya-udp,1225,udp-open,aya,udp,16384,16384,16384,16447,59000,100000,8015.44189453125,3.2768,8005.742378644814,8005.742378644814,8015.44189453125,16384,9.258834,1.305688,26265,2,3.280770072,26265,3099270000,0.8797995752469525,16011.484757289629,13.1,3.9929649784978896,0.0,4.5384938693305195,249.38130592042643,1471469.319,1566674.091,1579501.351,26265,26265,26265,26265,0,0,12.603386958499073,0,0
aya-duplex-stream-seqpacket-v1,True,True,increment-r,05-aya-udp,1228,udp-open,aya,udp,16384,16384,16384,16448,59000,0,8038.02490234375,3.2768,8034.313874635807,8034.313874635807,8038.02490234375,16384,9.306899999999999,1.243991,26339,2,3.278313545,26339,3108002000,0.8829394701933724,16068.627749271614,13.09,3.992906663843833,0.0,4.5222881054001896,248.49083108698127,1455640.963,1555085.436,1567941.388,26339,26339,26339,26339,0,0,12.752260328147713,0,0
