/usr/bin/ssh

########## [bootstrap] preflight: ssh to <redacted-metal-target>

########## [bootstrap] remote user=ubuntu home=<metal-home> sudo='sudo -n'

########## [bootstrap] acquire canonical metal lease (/run/lock/overdrive-metal-shared.lock)
OVERDRIVE_METAL_LEASE_ACQUIRED token=79824b4e64f318a67e0b7b88 pid=318657

########## [bootstrap] sync /Users/marcus/conductor/workspaces/helios/bordeaux-v2 -> <redacted-metal-target>:<metal-home>/overdrive
cannot delete non-empty directory: spike-scratch/increment-u-netns-density-295-default-offload-20260913T2302
cannot delete non-empty directory: spike-scratch/increment-t-netns-density-295-bridge-local-20260913T2259
cannot delete non-empty directory: spike-scratch/increment-s-netns-density-295-bridge-dns-20260913T2257
cannot delete non-empty directory: spike-scratch/increment-r-netns-density-295-offload-20260913T2254
cannot delete non-empty directory: spike-scratch/increment-q-netns-density-295-broute-host-20260913T2252
cannot delete non-empty directory: spike-scratch/increment-p-netns-density-295-metal-20260913T2237

sent 160,787 bytes  received 3,132 bytes  46,834.00 bytes/sec
total size is 159,517,108  speedup is 973.15

########## [bootstrap] fail-closed native x86_64/KVM preflight

===== pre-run host state =====
links: eno12399np0 eno12409np1 eno8303 lo 
firecracker processes: []

===== versions / artifacts =====
7.0.0-29-generic
Firecracker v1.17.0
unikraft-igkmf  eb8fa2368618cea11c9bde196f79e6e6b9caeed5
 lib/posix-socket/exportsyms.uk       |  2 ++
 lib/posix-socket/include/uk/socket.h | 24 ++++++++++++++++++++++++
 lib/posix-socket/socket.c            | 23 +++++++++++++++++++++++
 3 files changed, 49 insertions(+)
lib-lwip-igkmf  ec55ae17618feeb57c8c10109bcf5c42723e8e95
 include/uk/lwip_readiness.h | 19 +++++++++++++++++++
 sockets.c                   | 25 +++++++++++++++++++++++--
 2 files changed, 42 insertions(+), 2 deletions(-)
app-elfloader   a6c9dc2b655572bee1f9657cbcc2d1eca8f6cb73
lib-libelf      c03d4ceb22a2b9e9799238f9c277a14284d313ad
99ad0f5cd0514a88aad0e9ae8cfdb3cc3b4ab9d190e1194602406c786b5de7a5  <metal-home>/igkm-spike-a/firecracker/v1.17.0/release-v1.17.0-x86_64/firecracker-v1.17.0-x86_64
cb6ba9ee2290ec4d47f45b0a8df733d495d843b14f3d3f9026f2e7fc82ebd11b  <metal-home>/igkm-spike-a/unikraft/out-igkmf/igkmf-main_fc-x86_64
21d496d7b67acf11e726bacbfa4c5a42f2335dcbfe0d62a46a0ca46d51149f4e  <metal-home>/igkm-spike-a/igkmf-host-target/release/peer
ad9c0b483db3702f6be04d1ce394d50b6e1b94633c560f460e626e9873b5cad4  <metal-home>/igkm-spike-a/igkmf-host-target/release/relay
da30d240aac45c2dad035b67ec6ebc2e39ca6ed469f86ffd829667fa179083b4  <metal-home>/igkm-spike-a/igkmf-host-target/release/inclient
e3b35083cba6adf3def8328105dfbe3cd289714f34df61814ae852600969dfae  <metal-home>/overdrive/spike-scratch/in-guest-kernel-mtls/increment-f/../increment-d/patches/0001-posix-socket-connect-post-hook.patch
9c798cce6ffca36e6d379f7a6463c9d7f5cb31fd3ac2c46228860c0ee13b10f4  <metal-home>/overdrive/spike-scratch/in-guest-kernel-mtls/increment-f/../increment-d/patches/0002-posix-socket-accept-post-hook.patch
a4857fcef29d354dce2c55d6d4d019098cf4c9cfd3414cfe5aa521cd952302ff  <metal-home>/overdrive/spike-scratch/in-guest-kernel-mtls/increment-f/../increment-e/patches/0003-lib-lwip-readiness-interposition.patch
--- the application: an unmodified Linux ELF, given to Firecracker as the initrd
<metal-home>/overdrive/spike-scratch/in-guest-kernel-mtls/increment-f/out/bin/igkmf-app: ELF 64-bit LSB pie executable, x86-64, version 1 (GNU/Linux), static-pie linked, BuildID[sha1]=26c851e4aeacd249f7423092e71484c3c46c20e0, for GNU/Linux 3.2.0, not stripped
initrd (host) sha256=043e34e746ef86eb2a97c3334920edc1022ef34e54186213eb33571f6357b179 size=890080
preset=mesh boot_args="igkmf netdev.ip=192.168.204.2/24:192.168.204.1 mtlsguard.mesh=192.168.204.1:6443-6451 mtlsguard.mesh_in=192.168.204.2:7443 mtlsguard.agent_port=7100 -- igkmf-app run"

===== create tap igkf29105816 (the only host network change) =====
igkf29105816     DOWN           192.168.204.1/24 

===== start capture, peer, relay =====
tcpdump: listening on igkf29105816, link-type EN10MB (Ethernet), snapshot length 262144 bytes
tcpdump pid=319062 peer pid=319072 relay pid=319085 t+0.239732s
LISTEN 0      128    192.168.204.1:6443 0.0.0.0:* users:(("peer",pid=319072,fd=3))                          
LISTEN 0      128    192.168.204.1:6446 0.0.0.0:* users:(("peer",pid=319072,fd=8))                          
LISTEN 0      128    192.168.204.1:6447 0.0.0.0:* users:(("peer",pid=319072,fd=10))                         
LISTEN 0      128    192.168.204.1:6444 0.0.0.0:* users:(("peer",pid=319072,fd=4))                          
LISTEN 0      128    192.168.204.1:6445 0.0.0.0:* users:(("peer",pid=319072,fd=6))                          
LISTEN 0      128    192.168.204.1:6450 0.0.0.0:* users:(("peer",pid=319072,fd=16))                         
LISTEN 0      128    192.168.204.1:6451 0.0.0.0:* users:(("peer",pid=319072,fd=17))                         
LISTEN 0      128    192.168.204.1:6448 0.0.0.0:* users:(("peer",pid=319072,fd=12))                         
LISTEN 0      128    192.168.204.1:6449 0.0.0.0:* users:(("peer",pid=319072,fd=13))                         
LISTEN 0      128    192.168.204.1:5001 0.0.0.0:* users:(("peer",pid=319072,fd=20))                         
u_str LISTEN 0      4096   <metal-home>/igkm-spike-a/runs-igkmf/20260929T105816Z-319008/vsock.sock_7100 52362252 * 0 users:(("relay",pid=319085,fd=3))                                                                                                    

===== the SAME ELF natively on the host Linux: igkmf-app native (plain pass-through to 192.168.204.1:5001 over host-local routing, not the tap) =====
native binary sha256=043e34e746ef86eb2a97c3334920edc1022ef34e54186213eb33571f6357b179
IGKM-F: BOOT-MARKER app started t=3965303.951654
IGKM-F: uname(2): sysname="Linux" release="7.0.0-29-generic" version="#29-Ubuntu SMP PREEMPT_DYNAMIC Fri Jul 17 20:52:35 UTC 2026" machine="x86_64"
IGKM-F: libc: glibc 2.43 (stable), statically linked into this ELF; pid=319096 ppid=319095
IGKM-F: auxv: AT_ENTRY=0x7b6844e38840 AT_PHDR=0x7b6844e30040 AT_BASE=0 AT_PAGESZ=4096 AT_SYSINFO_EHDR=0x7b6844e2e000 AT_RANDOM=set AT_EXECFN="<metal-home>/overdrive/spike-scratch/in-guest-kernel-mtls/increment-f/out/bin/igkmf-app"
IGKM-F: wall clock CLOCK_REALTIME=1790679497.118199 s since 1970-01-01
IGKM-F: argv[0]="<metal-home>/overdrive/spike-scratch/in-guest-kernel-mtls/increment-f/out/bin/igkmf-app"
IGKM-F: argv[1]="native"
IGKM-F: A pass-through blocking connect(192.168.204.1:5001) t=3965303.951694
IGKM-F: A pass-through connect() returned 0 errno=0 (-) after 69 us t=3965303.951765
IGKM-F: A pass-through wrote 42 bytes: IGKM-E-PLAIN-REQ pass-through guest->host
IGKM-F: A pass-through read 43 bytes: IGKM-E-PLAIN-RESP pass-through host->guest
IGKM-F: VERDICT native A pass-through=PASS
IGKM-F: app returning t=3965303.951893
native exit=0

===== firecracker config =====
{
  "boot-source": {
    "kernel_image_path": "<metal-home>/igkm-spike-a/unikraft/out-igkmf/igkmf-main_fc-x86_64",
    "initrd_path": "<metal-home>/overdrive/spike-scratch/in-guest-kernel-mtls/increment-f/out/bin/igkmf-app",
    "boot_args": "igkmf netdev.ip=192.168.204.2/24:192.168.204.1 mtlsguard.mesh=192.168.204.1:6443-6451 mtlsguard.mesh_in=192.168.204.2:7443 mtlsguard.agent_port=7100 -- igkmf-app run"
  },
  "drives": [],
  "machine-config": { "vcpu_count": 1, "mem_size_mib": 512 },
  "network-interfaces": [
    { "iface_id": "net0", "guest_mac": "52:54:00:1a:04:06", "host_dev_name": "igkf29105816" }
  ],
  "vsock": { "vsock_id": "vsock0", "guest_cid": 3, "uds_path": "<metal-home>/igkm-spike-a/runs-igkmf/20260929T105816Z-319008/vsock.sock" },
  "logger": { "log_path": "<metal-home>/igkm-spike-a/runs-igkmf/20260929T105816Z-319008/fc.log", "level": "Info", "show_level": true, "show_log_origin": true },
  "metrics": { "metrics_path": "<metal-home>/igkm-spike-a/runs-igkmf/20260929T105816Z-319008/fc.metrics" }
}

===== launch =====
firecracker pid=319101 t+0.475586s
RUNNER: guest listening on :7443 (READY-FOR-INBOUND t=) -> inbound mTLS callers (peer-client, then peer-client-denied) t+1.005764s
RUNNER: client-first exchange 1 answered and relay connection c13 finished -> SIGKILL relay pid 319085 t+2.620747s
RUNNER: relay killed t+2.635765s; kill -0: gone
RUNNER: relay processes now: []
RUNNER: unix listeners on the agent path now: []
RUNNER: stale socket file left by the killed relay: srwxr-xr-x 1 root root 0 Sep 29 10:58 <metal-home>/igkm-spike-a/runs-igkmf/20260929T105816Z-319008/vsock.sock_7100
firecracker exited on its own: exit=0 t+10.849514s
tcpdump pid 319062 still running -> SIGINT
peer pid 319072 still running -> SIGTERM

===== inbound caller log =====
INCLIENT[peer-client] tcp connected to 192.168.204.2:7443 presenting spiffe://overdrive.test/ns/default/sa/peer-client t+1.010846s
INCLIENT[peer-client] client-side handshake done version=TLSv1_3 suite=TLS13_AES_128_GCM_SHA256 server SPIFFE ID=spiffe://overdrive.test/ns/default/sa/guest-server t+1.036058s
INCLIENT[peer-client] wrote 32 bytes: IGKM-E-REQI inbound peer->guest\n t+1.036075s
INCLIENT[peer-client] read 33 bytes: IGKM-E-RESPI inbound guest->peer\n t+1.183730s
INCLIENT[peer-client] EOF (close_notify) after 33 bytes t+1.194393s
INCLIENT[peer-client-denied] tcp connected to 192.168.204.2:7443 presenting spiffe://overdrive.test/ns/default/sa/peer-client-denied t+1.196829s
INCLIENT[peer-client-denied] client-side handshake done version=TLSv1_3 suite=TLS13_AES_128_GCM_SHA256 server SPIFFE ID=spiffe://overdrive.test/ns/default/sa/guest-server t+1.222346s
INCLIENT[peer-client-denied] wrote 32 bytes: IGKM-E-REQI inbound peer->guest\n t+1.222366s
INCLIENT[peer-client-denied] read ended: peer closed connection without sending TLS close_notify: https://docs.rs/rustls/latest/rustls/manual/_03_howto/index.html#unexpected-eof; received 0 bytes t+1.244914s

===== relay log =====
RELAY listening on unix <metal-home>/igkm-spike-a/runs-igkmf/20260929T105816Z-319008/vsock.sock_7100 pid=319085 client identity=spiffe://overdrive.test/ns/default/sa/guest-client server identity=spiffe://overdrive.test/ns/default/sa/guest-server (keys: client PKCS#8 138 B, guest-server PKCS#8 138 B, P-256 scalars 32 B, held in this process only; one thread per vsock connection) t+0.227504s
RELAY[c1] vsock connection accepted t+0.693212s
RELAY[c1] vsock rx OPEN payload=7 dst=192.168.204.1:6444 role=TLS client, local identity=spiffe://overdrive.test/ns/default/sa/guest-client t+0.694608s
RELAY[c1] vsock tx TO_PEER payload=194 wire=199 records[0x16/189] t+0.694887s
RELAY[c1] vsock tx NEED_PEER payload=0 wire=5  t+0.694897s
RELAY[c1] vsock rx FROM_PEER payload=127 records[0x16/122] t+0.699999s
RELAY[c1] vsock tx TO_PEER payload=6 wire=11 records[0x14/1] t+0.700141s
RELAY[c1] vsock tx NEED_PEER payload=0 wire=5  t+0.700152s
RELAY[c1] vsock rx FROM_PEER payload=6 records[0x14/1] t+0.705316s
RELAY[c1] vsock tx NEED_PEER payload=0 wire=5  t+0.705328s
RELAY[c1] vsock rx FROM_PEER payload=694 records[0x17/689] t+0.708784s
RELAY[c1] handshake NOT completed: policy deny: local spiffe://overdrive.test/ns/default/sa/guest-client <-> peer spiffe://overdrive.test/ns/default/sa/peer-denied (handshake aborted: invalid peer certificate: ApplicationVerificationFailure) t+0.708999s
RELAY[c1] vsock tx DENY payload=206 wire=211  t+0.709013s
RELAY[c1] guest closed the vsock connection (agent out of the data path) t+0.717156s
RELAY[c1] tally guest->host FROM_PEER: frames=3 wire_bytes=842
RELAY[c1] tally guest->host OPEN: frames=1 wire_bytes=12
RELAY[c1] tally host->guest DENY: frames=1 wire_bytes=211
RELAY[c1] tally host->guest NEED_PEER: frames=3 wire_bytes=15
RELAY[c1] tally host->guest TO_PEER: frames=2 wire_bytes=210
RELAY[c1] custody: host->guest total 436 bytes; client SVID key occurrences PKCS#8 DER=0 PEM=0 private scalar=0; guest-server SVID key occurrences PKCS#8 DER=0 PEM=0 private scalar=0; application traffic secrets sent (changed vs Spike B: expected 1 each when ALLOW) = []
RELAY[c2] vsock connection accepted t+0.733002s
RELAY[c2] vsock rx OPEN payload=7 dst=192.168.204.1:6445 role=TLS client, local identity=spiffe://overdrive.test/ns/default/sa/guest-client t+0.734351s
RELAY[c2] vsock tx TO_PEER payload=194 wire=199 records[0x16/189] t+0.734535s
RELAY[c2] vsock tx NEED_PEER payload=0 wire=5  t+0.734545s
RELAY[c2] vsock rx FROM_PEER payload=127 records[0x16/122] t+0.739704s
RELAY[c2] vsock tx TO_PEER payload=6 wire=11 records[0x14/1] t+0.739827s
RELAY[c2] vsock tx NEED_PEER payload=0 wire=5  t+0.739834s
RELAY[c2] vsock rx FROM_PEER payload=6 records[0x14/1] t+0.745018s
RELAY[c2] vsock tx NEED_PEER payload=0 wire=5  t+0.745032s
RELAY[c2] vsock rx FROM_PEER payload=695 records[0x17/690] t+0.748470s
RELAY[c2] vsock tx TO_PEER payload=609 wire=614 records[0x17/604] t+0.748840s
RELAY[c2] handshake complete: policy ALLOW local spiffe://overdrive.test/ns/default/sa/guest-client <-> peer spiffe://overdrive.test/ns/default/sa/peer-allowed; suite=TLS13_AES_128_GCM_SHA256 tx_seq=0 rx_seq=0 buffered_plaintext=false; traffic secrets from rustls KeyLog tx=CLIENT_TRAFFIC_SECRET_0 rx=SERVER_TRAFFIC_SECRET_0 (32 B each), host check HKDF(secret)==rustls key/iv tx=true rx=true t+0.748857s
RELAY[c2] vsock tx SECRETS payload=194 wire=199 (v2 suite=0x1301 tx: seq 0 secret 32B key 16B iv 12B; rx: seq 0 secret 32B key 16B iv 12B; peer id 50B) t+0.748869s
RELAY[c2] guest closed the vsock connection (agent out of the data path) t+0.760878s
RELAY[c2] tally guest->host FROM_PEER: frames=3 wire_bytes=843
RELAY[c2] tally guest->host OPEN: frames=1 wire_bytes=12
RELAY[c2] tally host->guest NEED_PEER: frames=3 wire_bytes=15
RELAY[c2] tally host->guest SECRETS: frames=1 wire_bytes=199
RELAY[c2] tally host->guest TO_PEER: frames=3 wire_bytes=824
RELAY[c2] custody: host->guest total 1038 bytes; client SVID key occurrences PKCS#8 DER=0 PEM=0 private scalar=0; guest-server SVID key occurrences PKCS#8 DER=0 PEM=0 private scalar=0; application traffic secrets sent (changed vs Spike B: expected 1 each when ALLOW) = [1,1]
RELAY[c3] vsock connection accepted t+1.021645s
RELAY[c3] vsock rx ACCEPT payload=13 local=192.168.204.2:7443 remote=192.168.204.1:52244 role=TLS server, local identity=spiffe://overdrive.test/ns/default/sa/guest-server t+1.024339s
RELAY[c3] vsock tx NEED_PEER payload=0 wire=5  t+1.024482s
RELAY[c3] vsock rx FROM_PEER payload=194 records[0x16/189] t+1.031247s
RELAY[c3] vsock tx TO_PEER payload=828 wire=833 records[0x16/122 0x14/1 0x17/690] t+1.031550s
RELAY[c3] vsock tx NEED_PEER payload=0 wire=5  t+1.031564s
RELAY[c3] vsock rx FROM_PEER payload=6 records[0x14/1] t+1.042242s
RELAY[c3] vsock tx NEED_PEER payload=0 wire=5  t+1.042267s
RELAY[c3] vsock rx FROM_PEER payload=610 records[0x17/605] t+1.049156s
RELAY[c3] handshake complete: policy ALLOW local spiffe://overdrive.test/ns/default/sa/guest-server <-> peer spiffe://overdrive.test/ns/default/sa/peer-client; suite=TLS13_AES_128_GCM_SHA256 tx_seq=0 rx_seq=0 buffered_plaintext=false; traffic secrets from rustls KeyLog tx=SERVER_TRAFFIC_SECRET_0 rx=CLIENT_TRAFFIC_SECRET_0 (32 B each), host check HKDF(secret)==rustls key/iv tx=true rx=true t+1.049456s
RELAY[c3] vsock tx SECRETS payload=193 wire=198 (v2 suite=0x1301 tx: seq 0 secret 32B key 16B iv 12B; rx: seq 0 secret 32B key 16B iv 12B; peer id 49B) t+1.049473s
RELAY[c3] guest closed the vsock connection (agent out of the data path) t+1.067146s
RELAY[c3] tally guest->host ACCEPT: frames=1 wire_bytes=18
RELAY[c3] tally guest->host FROM_PEER: frames=3 wire_bytes=825
RELAY[c3] tally host->guest NEED_PEER: frames=3 wire_bytes=15
RELAY[c3] tally host->guest SECRETS: frames=1 wire_bytes=198
RELAY[c3] tally host->guest TO_PEER: frames=1 wire_bytes=833
RELAY[c3] custody: host->guest total 1046 bytes; client SVID key occurrences PKCS#8 DER=0 PEM=0 private scalar=0; guest-server SVID key occurrences PKCS#8 DER=0 PEM=0 private scalar=0; application traffic secrets sent (changed vs Spike B: expected 1 each when ALLOW) = [1,1]
RELAY[c4] vsock connection accepted t+1.207757s
RELAY[c4] vsock rx ACCEPT payload=13 local=192.168.204.2:7443 remote=192.168.204.1:52258 role=TLS server, local identity=spiffe://overdrive.test/ns/default/sa/guest-server t+1.210497s
RELAY[c4] vsock tx NEED_PEER payload=0 wire=5  t+1.210628s
RELAY[c4] vsock rx FROM_PEER payload=194 records[0x16/189] t+1.217376s
RELAY[c4] vsock tx TO_PEER payload=829 wire=834 records[0x16/122 0x14/1 0x17/691] t+1.217633s
RELAY[c4] vsock tx NEED_PEER payload=0 wire=5  t+1.217642s
RELAY[c4] vsock rx FROM_PEER payload=6 records[0x14/1] t+1.227850s
RELAY[c4] vsock tx NEED_PEER payload=0 wire=5  t+1.227877s
RELAY[c4] vsock rx FROM_PEER payload=623 records[0x17/618] t+1.233959s
RELAY[c4] handshake NOT completed: policy deny: local spiffe://overdrive.test/ns/default/sa/guest-server <-> peer spiffe://overdrive.test/ns/default/sa/peer-client-denied (handshake aborted: invalid peer certificate: ApplicationVerificationFailure) t+1.234148s
RELAY[c4] vsock tx DENY payload=213 wire=218  t+1.234163s
RELAY[c4] guest closed the vsock connection (agent out of the data path) t+1.244862s
RELAY[c4] tally guest->host ACCEPT: frames=1 wire_bytes=18
RELAY[c4] tally guest->host FROM_PEER: frames=3 wire_bytes=838
RELAY[c4] tally host->guest DENY: frames=1 wire_bytes=218
RELAY[c4] tally host->guest NEED_PEER: frames=3 wire_bytes=15
RELAY[c4] tally host->guest TO_PEER: frames=1 wire_bytes=834
RELAY[c4] custody: host->guest total 1067 bytes; client SVID key occurrences PKCS#8 DER=0 PEM=0 private scalar=0; guest-server SVID key occurrences PKCS#8 DER=0 PEM=0 private scalar=0; application traffic secrets sent (changed vs Spike B: expected 1 each when ALLOW) = []
RELAY[c5] vsock connection accepted t+1.274567s
RELAY[c5] vsock rx OPEN payload=7 dst=192.168.204.1:6443 role=TLS client, local identity=spiffe://overdrive.test/ns/default/sa/guest-client t+1.275968s
RELAY[c5] vsock tx TO_PEER payload=194 wire=199 records[0x16/189] t+1.276204s
RELAY[c5] vsock tx NEED_PEER payload=0 wire=5  t+1.276217s
RELAY[c5] vsock rx FROM_PEER payload=127 records[0x16/122] t+1.281313s
RELAY[c5] vsock tx TO_PEER payload=6 wire=11 records[0x14/1] t+1.281451s
RELAY[c5] vsock tx NEED_PEER payload=0 wire=5  t+1.281471s
RELAY[c5] vsock rx FROM_PEER payload=6 records[0x14/1] t+1.286669s
RELAY[c5] vsock tx NEED_PEER payload=0 wire=5  t+1.286697s
RELAY[c5] vsock rx FROM_PEER payload=695 records[0x17/690] t+1.290119s
RELAY[c5] vsock tx TO_PEER payload=608 wire=613 records[0x17/603] t+1.290475s
RELAY[c5] handshake complete: policy ALLOW local spiffe://overdrive.test/ns/default/sa/guest-client <-> peer spiffe://overdrive.test/ns/default/sa/peer-allowed; suite=TLS13_AES_128_GCM_SHA256 tx_seq=0 rx_seq=0 buffered_plaintext=false; traffic secrets from rustls KeyLog tx=CLIENT_TRAFFIC_SECRET_0 rx=SERVER_TRAFFIC_SECRET_0 (32 B each), host check HKDF(secret)==rustls key/iv tx=true rx=true t+1.290491s
RELAY[c5] vsock tx SECRETS payload=194 wire=199 (v2 suite=0x1301 tx: seq 0 secret 32B key 16B iv 12B; rx: seq 0 secret 32B key 16B iv 12B; peer id 50B) t+1.290502s
RELAY[c5] guest closed the vsock connection (agent out of the data path) t+1.302525s
RELAY[c5] tally guest->host FROM_PEER: frames=3 wire_bytes=843
RELAY[c5] tally guest->host OPEN: frames=1 wire_bytes=12
RELAY[c5] tally host->guest NEED_PEER: frames=3 wire_bytes=15
RELAY[c5] tally host->guest SECRETS: frames=1 wire_bytes=199
RELAY[c5] tally host->guest TO_PEER: frames=3 wire_bytes=823
RELAY[c5] custody: host->guest total 1037 bytes; client SVID key occurrences PKCS#8 DER=0 PEM=0 private scalar=0; guest-server SVID key occurrences PKCS#8 DER=0 PEM=0 private scalar=0; application traffic secrets sent (changed vs Spike B: expected 1 each when ALLOW) = [1,1]
RELAY[c6] vsock connection accepted t+1.473359s
RELAY[c6] vsock rx OPEN payload=7 dst=192.168.204.1:6445 role=TLS client, local identity=spiffe://overdrive.test/ns/default/sa/guest-client t+1.474768s
RELAY[c6] vsock tx TO_PEER payload=194 wire=199 records[0x16/189] t+1.474992s
RELAY[c6] vsock tx NEED_PEER payload=0 wire=5  t+1.475001s
RELAY[c6] vsock rx FROM_PEER payload=127 records[0x16/122] t+1.480114s
RELAY[c6] vsock tx TO_PEER payload=6 wire=11 records[0x14/1] t+1.480244s
RELAY[c6] vsock tx NEED_PEER payload=0 wire=5  t+1.480252s
RELAY[c6] vsock rx FROM_PEER payload=6 records[0x14/1] t+1.485495s
RELAY[c6] vsock tx NEED_PEER payload=0 wire=5  t+1.485521s
RELAY[c6] vsock rx FROM_PEER payload=695 records[0x17/690] t+1.488941s
RELAY[c6] vsock tx TO_PEER payload=610 wire=615 records[0x17/605] t+1.489316s
RELAY[c6] handshake complete: policy ALLOW local spiffe://overdrive.test/ns/default/sa/guest-client <-> peer spiffe://overdrive.test/ns/default/sa/peer-allowed; suite=TLS13_AES_128_GCM_SHA256 tx_seq=0 rx_seq=0 buffered_plaintext=false; traffic secrets from rustls KeyLog tx=CLIENT_TRAFFIC_SECRET_0 rx=SERVER_TRAFFIC_SECRET_0 (32 B each), host check HKDF(secret)==rustls key/iv tx=true rx=true t+1.489336s
RELAY[c6] vsock tx SECRETS payload=194 wire=199 (v2 suite=0x1301 tx: seq 0 secret 32B key 16B iv 12B; rx: seq 0 secret 32B key 16B iv 12B; peer id 50B) t+1.489348s
RELAY[c6] guest closed the vsock connection (agent out of the data path) t+1.501350s
RELAY[c6] tally guest->host FROM_PEER: frames=3 wire_bytes=843
RELAY[c6] tally guest->host OPEN: frames=1 wire_bytes=12
RELAY[c6] tally host->guest NEED_PEER: frames=3 wire_bytes=15
RELAY[c6] tally host->guest SECRETS: frames=1 wire_bytes=199
RELAY[c6] tally host->guest TO_PEER: frames=3 wire_bytes=825
RELAY[c6] custody: host->guest total 1039 bytes; client SVID key occurrences PKCS#8 DER=0 PEM=0 private scalar=0; guest-server SVID key occurrences PKCS#8 DER=0 PEM=0 private scalar=0; application traffic secrets sent (changed vs Spike B: expected 1 each when ALLOW) = [1,1]
RELAY[c7] vsock connection accepted t+1.710788s
RELAY[c7] vsock rx OPEN payload=7 dst=192.168.204.1:6447 role=TLS client, local identity=spiffe://overdrive.test/ns/default/sa/guest-client t+1.712164s
RELAY[c7] vsock tx TO_PEER payload=194 wire=199 records[0x16/189] t+1.712387s
RELAY[c7] vsock tx NEED_PEER payload=0 wire=5  t+1.712398s
RELAY[c7] vsock rx FROM_PEER payload=127 records[0x16/122] t+1.717502s
RELAY[c7] vsock tx TO_PEER payload=6 wire=11 records[0x14/1] t+1.717633s
RELAY[c7] vsock tx NEED_PEER payload=0 wire=5  t+1.717650s
RELAY[c7] vsock rx FROM_PEER payload=6 records[0x14/1] t+1.722870s
RELAY[c7] vsock tx NEED_PEER payload=0 wire=5  t+1.722883s
RELAY[c7] vsock rx FROM_PEER payload=695 records[0x17/690] t+1.726309s
RELAY[c7] vsock tx TO_PEER payload=610 wire=615 records[0x17/605] t+1.726677s
RELAY[c7] handshake complete: policy ALLOW local spiffe://overdrive.test/ns/default/sa/guest-client <-> peer spiffe://overdrive.test/ns/default/sa/peer-allowed; suite=TLS13_AES_128_GCM_SHA256 tx_seq=0 rx_seq=0 buffered_plaintext=false; traffic secrets from rustls KeyLog tx=CLIENT_TRAFFIC_SECRET_0 rx=SERVER_TRAFFIC_SECRET_0 (32 B each), host check HKDF(secret)==rustls key/iv tx=true rx=true t+1.726694s
RELAY[c7] vsock tx SECRETS payload=194 wire=199 (v2 suite=0x1301 tx: seq 0 secret 32B key 16B iv 12B; rx: seq 0 secret 32B key 16B iv 12B; peer id 50B) t+1.726705s
RELAY[c7] guest closed the vsock connection (agent out of the data path) t+1.738703s
RELAY[c7] tally guest->host FROM_PEER: frames=3 wire_bytes=843
RELAY[c7] tally guest->host OPEN: frames=1 wire_bytes=12
RELAY[c7] tally host->guest NEED_PEER: frames=3 wire_bytes=15
RELAY[c7] tally host->guest SECRETS: frames=1 wire_bytes=199
RELAY[c7] tally host->guest TO_PEER: frames=3 wire_bytes=825
RELAY[c7] custody: host->guest total 1039 bytes; client SVID key occurrences PKCS#8 DER=0 PEM=0 private scalar=0; guest-server SVID key occurrences PKCS#8 DER=0 PEM=0 private scalar=0; application traffic secrets sent (changed vs Spike B: expected 1 each when ALLOW) = [1,1]
RELAY[c8] vsock connection accepted t+1.827341s
RELAY[c8] vsock rx OPEN payload=7 dst=192.168.204.1:6445 role=TLS client, local identity=spiffe://overdrive.test/ns/default/sa/guest-client t+1.828696s
RELAY[c8] vsock tx TO_PEER payload=194 wire=199 records[0x16/189] t+1.828917s
RELAY[c8] vsock tx NEED_PEER payload=0 wire=5  t+1.828928s
RELAY[c8] vsock rx FROM_PEER payload=127 records[0x16/122] t+1.834047s
RELAY[c8] vsock tx TO_PEER payload=6 wire=11 records[0x14/1] t+1.834190s
RELAY[c8] vsock tx NEED_PEER payload=0 wire=5  t+1.834200s
RELAY[c8] vsock rx FROM_PEER payload=6 records[0x14/1] t+1.839368s
RELAY[c8] vsock tx NEED_PEER payload=0 wire=5  t+1.839380s
RELAY[c8] vsock rx FROM_PEER payload=695 records[0x17/690] t+1.842823s
RELAY[c8] vsock tx TO_PEER payload=608 wire=613 records[0x17/603] t+1.843204s
RELAY[c8] handshake complete: policy ALLOW local spiffe://overdrive.test/ns/default/sa/guest-client <-> peer spiffe://overdrive.test/ns/default/sa/peer-allowed; suite=TLS13_AES_128_GCM_SHA256 tx_seq=0 rx_seq=0 buffered_plaintext=false; traffic secrets from rustls KeyLog tx=CLIENT_TRAFFIC_SECRET_0 rx=SERVER_TRAFFIC_SECRET_0 (32 B each), host check HKDF(secret)==rustls key/iv tx=true rx=true t+1.843223s
RELAY[c8] vsock tx SECRETS payload=194 wire=199 (v2 suite=0x1301 tx: seq 0 secret 32B key 16B iv 12B; rx: seq 0 secret 32B key 16B iv 12B; peer id 50B) t+1.843235s
RELAY[c8] guest closed the vsock connection (agent out of the data path) t+1.855244s
RELAY[c8] tally guest->host FROM_PEER: frames=3 wire_bytes=843
RELAY[c8] tally guest->host OPEN: frames=1 wire_bytes=12
RELAY[c8] tally host->guest NEED_PEER: frames=3 wire_bytes=15
RELAY[c8] tally host->guest SECRETS: frames=1 wire_bytes=199
RELAY[c8] tally host->guest TO_PEER: frames=3 wire_bytes=823
RELAY[c8] custody: host->guest total 1037 bytes; client SVID key occurrences PKCS#8 DER=0 PEM=0 private scalar=0; guest-server SVID key occurrences PKCS#8 DER=0 PEM=0 private scalar=0; application traffic secrets sent (changed vs Spike B: expected 1 each when ALLOW) = [1,1]
RELAY[c9] vsock connection accepted t+1.961266s
RELAY[c9] vsock rx OPEN payload=7 dst=192.168.204.1:6446 role=TLS client, local identity=spiffe://overdrive.test/ns/default/sa/guest-client t+1.962640s
RELAY[c9] vsock tx TO_PEER payload=194 wire=199 records[0x16/189] t+1.962863s
RELAY[c9] vsock tx NEED_PEER payload=0 wire=5  t+1.962874s
RELAY[c9] vsock rx FROM_PEER payload=127 records[0x16/122] t+1.967966s
RELAY[c9] vsock tx TO_PEER payload=6 wire=11 records[0x14/1] t+1.968099s
RELAY[c9] vsock tx NEED_PEER payload=0 wire=5  t+1.968120s
RELAY[c9] vsock rx FROM_PEER payload=6 records[0x14/1] t+1.973370s
RELAY[c9] vsock tx NEED_PEER payload=0 wire=5  t+1.973395s
RELAY[c9] vsock rx FROM_PEER payload=695 records[0x17/690] t+1.976787s
RELAY[c9] vsock tx TO_PEER payload=610 wire=615 records[0x17/605] t+1.977191s
RELAY[c9] handshake complete: policy ALLOW local spiffe://overdrive.test/ns/default/sa/guest-client <-> peer spiffe://overdrive.test/ns/default/sa/peer-allowed; suite=TLS13_AES_128_GCM_SHA256 tx_seq=0 rx_seq=0 buffered_plaintext=false; traffic secrets from rustls KeyLog tx=CLIENT_TRAFFIC_SECRET_0 rx=SERVER_TRAFFIC_SECRET_0 (32 B each), host check HKDF(secret)==rustls key/iv tx=true rx=true t+1.977213s
RELAY[c9] vsock tx SECRETS payload=194 wire=199 (v2 suite=0x1301 tx: seq 0 secret 32B key 16B iv 12B; rx: seq 0 secret 32B key 16B iv 12B; peer id 50B) t+1.977226s
RELAY[c9] guest closed the vsock connection (agent out of the data path) t+1.989216s
RELAY[c9] tally guest->host FROM_PEER: frames=3 wire_bytes=843
RELAY[c9] tally guest->host OPEN: frames=1 wire_bytes=12
RELAY[c9] tally host->guest NEED_PEER: frames=3 wire_bytes=15
RELAY[c9] tally host->guest SECRETS: frames=1 wire_bytes=199
RELAY[c9] tally host->guest TO_PEER: frames=3 wire_bytes=825
RELAY[c9] custody: host->guest total 1039 bytes; client SVID key occurrences PKCS#8 DER=0 PEM=0 private scalar=0; guest-server SVID key occurrences PKCS#8 DER=0 PEM=0 private scalar=0; application traffic secrets sent (changed vs Spike B: expected 1 each when ALLOW) = [1,1]
RELAY[c10] vsock connection accepted t+2.278414s
RELAY[c10] vsock rx OPEN payload=7 dst=192.168.204.1:6448 role=TLS client, local identity=spiffe://overdrive.test/ns/default/sa/guest-client t+2.279802s
RELAY[c10] vsock tx TO_PEER payload=194 wire=199 records[0x16/189] t+2.280030s
RELAY[c10] vsock tx NEED_PEER payload=0 wire=5  t+2.280040s
RELAY[c10] vsock rx FROM_PEER payload=127 records[0x16/122] t+2.285223s
RELAY[c10] vsock tx TO_PEER payload=6 wire=11 records[0x14/1] t+2.285348s
RELAY[c10] vsock tx NEED_PEER payload=0 wire=5  t+2.285356s
RELAY[c10] vsock rx FROM_PEER payload=6 records[0x14/1] t+2.290619s
RELAY[c10] vsock tx NEED_PEER payload=0 wire=5  t+2.290632s
RELAY[c10] vsock rx FROM_PEER payload=695 records[0x17/690] t+2.294130s
RELAY[c10] vsock tx TO_PEER payload=610 wire=615 records[0x17/605] t+2.294499s
RELAY[c10] handshake complete: policy ALLOW local spiffe://overdrive.test/ns/default/sa/guest-client <-> peer spiffe://overdrive.test/ns/default/sa/peer-allowed; suite=TLS13_AES_128_GCM_SHA256 tx_seq=0 rx_seq=0 buffered_plaintext=false; traffic secrets from rustls KeyLog tx=CLIENT_TRAFFIC_SECRET_0 rx=SERVER_TRAFFIC_SECRET_0 (32 B each), host check HKDF(secret)==rustls key/iv tx=true rx=true t+2.294515s
RELAY[c10] vsock tx SECRETS payload=194 wire=199 (v2 suite=0x1301 tx: seq 0 secret 32B key 16B iv 12B; rx: seq 0 secret 32B key 16B iv 12B; peer id 50B) t+2.294527s
RELAY[c10] guest closed the vsock connection (agent out of the data path) t+2.306623s
RELAY[c10] tally guest->host FROM_PEER: frames=3 wire_bytes=843
RELAY[c10] tally guest->host OPEN: frames=1 wire_bytes=12
RELAY[c10] tally host->guest NEED_PEER: frames=3 wire_bytes=15
RELAY[c10] tally host->guest SECRETS: frames=1 wire_bytes=199
RELAY[c10] tally host->guest TO_PEER: frames=3 wire_bytes=825
RELAY[c10] custody: host->guest total 1039 bytes; client SVID key occurrences PKCS#8 DER=0 PEM=0 private scalar=0; guest-server SVID key occurrences PKCS#8 DER=0 PEM=0 private scalar=0; application traffic secrets sent (changed vs Spike B: expected 1 each when ALLOW) = [1,1]
RELAY[c11] vsock connection accepted t+2.392982s
RELAY[c11] vsock rx OPEN payload=7 dst=192.168.204.1:6449 role=TLS client, local identity=spiffe://overdrive.test/ns/default/sa/guest-client t+2.394422s
RELAY[c11] vsock tx TO_PEER payload=194 wire=199 records[0x16/189] t+2.394645s
RELAY[c11] vsock tx NEED_PEER payload=0 wire=5  t+2.394655s
RELAY[c11] vsock rx FROM_PEER payload=127 records[0x16/122] t+2.399848s
RELAY[c11] vsock tx TO_PEER payload=6 wire=11 records[0x14/1] t+2.399998s
RELAY[c11] vsock tx NEED_PEER payload=0 wire=5  t+2.400007s
RELAY[c11] vsock rx FROM_PEER payload=6 records[0x14/1] t+2.405290s
RELAY[c11] vsock tx NEED_PEER payload=0 wire=5  t+2.405304s
RELAY[c11] vsock rx FROM_PEER payload=695 records[0x17/690] t+2.408816s
RELAY[c11] vsock tx TO_PEER payload=609 wire=614 records[0x17/604] t+2.409237s
RELAY[c11] handshake complete: policy ALLOW local spiffe://overdrive.test/ns/default/sa/guest-client <-> peer spiffe://overdrive.test/ns/default/sa/peer-allowed; suite=TLS13_AES_128_GCM_SHA256 tx_seq=0 rx_seq=0 buffered_plaintext=false; traffic secrets from rustls KeyLog tx=CLIENT_TRAFFIC_SECRET_0 rx=SERVER_TRAFFIC_SECRET_0 (32 B each), host check HKDF(secret)==rustls key/iv tx=true rx=true t+2.409258s
RELAY[c11] vsock tx SECRETS payload=194 wire=199 (v2 suite=0x1301 tx: seq 0 secret 32B key 16B iv 12B; rx: seq 0 secret 32B key 16B iv 12B; peer id 50B) t+2.409270s
RELAY[c11] guest closed the vsock connection (agent out of the data path) t+2.421309s
RELAY[c11] tally guest->host FROM_PEER: frames=3 wire_bytes=843
RELAY[c11] tally guest->host OPEN: frames=1 wire_bytes=12
RELAY[c11] tally host->guest NEED_PEER: frames=3 wire_bytes=15
RELAY[c11] tally host->guest SECRETS: frames=1 wire_bytes=199
RELAY[c11] tally host->guest TO_PEER: frames=3 wire_bytes=824
RELAY[c11] custody: host->guest total 1038 bytes; client SVID key occurrences PKCS#8 DER=0 PEM=0 private scalar=0; guest-server SVID key occurrences PKCS#8 DER=0 PEM=0 private scalar=0; application traffic secrets sent (changed vs Spike B: expected 1 each when ALLOW) = [1,1]
RELAY[c12] vsock connection accepted t+2.476254s
RELAY[c12] vsock rx OPEN payload=7 dst=192.168.204.1:6444 role=TLS client, local identity=spiffe://overdrive.test/ns/default/sa/guest-client t+2.477674s
RELAY[c12] vsock tx TO_PEER payload=194 wire=199 records[0x16/189] t+2.477893s
RELAY[c12] vsock tx NEED_PEER payload=0 wire=5  t+2.477904s
RELAY[c12] vsock rx FROM_PEER payload=127 records[0x16/122] t+2.483099s
RELAY[c12] vsock tx TO_PEER payload=6 wire=11 records[0x14/1] t+2.483227s
RELAY[c12] vsock tx NEED_PEER payload=0 wire=5  t+2.483235s
RELAY[c12] vsock rx FROM_PEER payload=6 records[0x14/1] t+2.488489s
RELAY[c12] vsock tx NEED_PEER payload=0 wire=5  t+2.488501s
RELAY[c12] vsock rx FROM_PEER payload=694 records[0x17/689] t+2.491977s
RELAY[c12] handshake NOT completed: policy deny: local spiffe://overdrive.test/ns/default/sa/guest-client <-> peer spiffe://overdrive.test/ns/default/sa/peer-denied (handshake aborted: invalid peer certificate: ApplicationVerificationFailure) t+2.492173s
RELAY[c12] vsock tx DENY payload=206 wire=211  t+2.492185s
RELAY[c12] guest closed the vsock connection (agent out of the data path) t+2.500536s
RELAY[c12] tally guest->host FROM_PEER: frames=3 wire_bytes=842
RELAY[c12] tally guest->host OPEN: frames=1 wire_bytes=12
RELAY[c12] tally host->guest DENY: frames=1 wire_bytes=211
RELAY[c12] tally host->guest NEED_PEER: frames=3 wire_bytes=15
RELAY[c12] tally host->guest TO_PEER: frames=2 wire_bytes=210
RELAY[c12] custody: host->guest total 436 bytes; client SVID key occurrences PKCS#8 DER=0 PEM=0 private scalar=0; guest-server SVID key occurrences PKCS#8 DER=0 PEM=0 private scalar=0; application traffic secrets sent (changed vs Spike B: expected 1 each when ALLOW) = []
RELAY[c13] vsock connection accepted t+2.517160s
RELAY[c13] vsock rx OPEN payload=7 dst=192.168.204.1:6450 role=TLS client, local identity=spiffe://overdrive.test/ns/default/sa/guest-client t+2.518590s
RELAY[c13] vsock tx TO_PEER payload=194 wire=199 records[0x16/189] t+2.518776s
RELAY[c13] vsock tx NEED_PEER payload=0 wire=5  t+2.518785s
RELAY[c13] vsock rx FROM_PEER payload=127 records[0x16/122] t+2.523968s
RELAY[c13] vsock tx TO_PEER payload=6 wire=11 records[0x14/1] t+2.524099s
RELAY[c13] vsock tx NEED_PEER payload=0 wire=5  t+2.524109s
RELAY[c13] vsock rx FROM_PEER payload=6 records[0x14/1] t+2.529396s
RELAY[c13] vsock tx NEED_PEER payload=0 wire=5  t+2.529408s
RELAY[c13] vsock rx FROM_PEER payload=696 records[0x17/691] t+2.532868s
RELAY[c13] vsock tx TO_PEER payload=609 wire=614 records[0x17/604] t+2.533271s
RELAY[c13] handshake complete: policy ALLOW local spiffe://overdrive.test/ns/default/sa/guest-client <-> peer spiffe://overdrive.test/ns/default/sa/peer-allowed; suite=TLS13_AES_128_GCM_SHA256 tx_seq=0 rx_seq=0 buffered_plaintext=false; traffic secrets from rustls KeyLog tx=CLIENT_TRAFFIC_SECRET_0 rx=SERVER_TRAFFIC_SECRET_0 (32 B each), host check HKDF(secret)==rustls key/iv tx=true rx=true t+2.533291s
RELAY[c13] vsock tx SECRETS payload=194 wire=199 (v2 suite=0x1301 tx: seq 0 secret 32B key 16B iv 12B; rx: seq 0 secret 32B key 16B iv 12B; peer id 50B) t+2.533303s
RELAY[c13] guest closed the vsock connection (agent out of the data path) t+2.545399s
RELAY[c13] tally guest->host FROM_PEER: frames=3 wire_bytes=844
RELAY[c13] tally guest->host OPEN: frames=1 wire_bytes=12
RELAY[c13] tally host->guest NEED_PEER: frames=3 wire_bytes=15
RELAY[c13] tally host->guest SECRETS: frames=1 wire_bytes=199
RELAY[c13] tally host->guest TO_PEER: frames=3 wire_bytes=824
RELAY[c13] custody: host->guest total 1038 bytes; client SVID key occurrences PKCS#8 DER=0 PEM=0 private scalar=0; guest-server SVID key occurrences PKCS#8 DER=0 PEM=0 private scalar=0; application traffic secrets sent (changed vs Spike B: expected 1 each when ALLOW) = [1,1]

===== peer log =====
PEER listening tls 192.168.204.1:6443 identity=spiffe://overdrive.test/ns/default/sa/peer-allowed mode=Echo tickets=2 (rustls default) t+0.222713s
PEER listening tls 192.168.204.1:6444 identity=spiffe://overdrive.test/ns/default/sa/peer-denied mode=Echo tickets=2 (rustls default) t+0.222859s
PEER listening tls 192.168.204.1:6445 identity=spiffe://overdrive.test/ns/default/sa/peer-allowed mode=ServerFirst tickets=2 (rustls default) t+0.222956s
PEER listening tls 192.168.204.1:6446 identity=spiffe://overdrive.test/ns/default/sa/peer-allowed mode=KeyUpdateEcho tickets=2 (rustls default) t+0.223056s
PEER listening tls 192.168.204.1:6447 identity=spiffe://overdrive.test/ns/default/sa/peer-allowed mode=Bulk tickets=2 (rustls default) t+0.223166s
PEER listening tls 192.168.204.1:6448 identity=spiffe://overdrive.test/ns/default/sa/peer-allowed mode=RawOk tickets=0 via rustls (crafted by the raw record layer) t+0.223263s
PEER listening tls 192.168.204.1:6449 identity=spiffe://overdrive.test/ns/default/sa/peer-allowed mode=RawBad tickets=0 via rustls (crafted by the raw record layer) t+0.223353s
PEER listening tls 192.168.204.1:6450 identity=spiffe://overdrive.test/ns/default/sa/peer-allowed mode=Echo tickets=2 (rustls default) t+0.223443s
PEER listening tls 192.168.204.1:6451 identity=spiffe://overdrive.test/ns/default/sa/peer-allowed mode=Http tickets=2 (rustls default) t+0.223531s
PEER listening plain 192.168.204.1:5001 (non-mesh pass-through) t+0.223569s
PEER ready t+0.223594s
PEER[5001#1] accepted tcp from 192.168.204.1:53984 t+0.305891s
PEER[5001#1] rx plaintext line 1 (42 bytes): IGKM-E-PLAIN-REQ pass-through guest->host\n t+0.305924s
PEER[5001#1] tx plaintext line 1 (43 bytes): IGKM-E-PLAIN-RESP pass-through host->guest\n t+0.305964s
PEER[5001#1] EOF t+0.305977s
PEER[5001#2] accepted tcp from 192.168.204.2:60524 t+0.672507s
PEER[5001#2] rx plaintext line 1 (42 bytes): IGKM-E-PLAIN-REQ pass-through guest->host\n t+0.683659s
PEER[5001#2] tx plaintext line 1 (43 bytes): IGKM-E-PLAIN-RESP pass-through host->guest\n t+0.683714s
PEER[5001#2] EOF t+0.686426s
PEER[6444#1] accepted tcp from 192.168.204.2:60525 t+0.688268s
PEER[6444#1] handshake FAILED: unexpected end of file; application plaintext bytes received=0 t+0.717209s
PEER[6445#1] accepted tcp from 192.168.204.2:60526 t+0.728190s
PEER[6445#1] handshake OK version=TLSv1_3 suite=TLS13_AES_128_GCM_SHA256 verified client SPIFFE ID=spiffe://overdrive.test/ns/default/sa/guest-client mode=ServerFirst send_tls13_tickets=2 t+0.782691s
PEER[6445#1] sent greeting first (41 bytes): IGKM-E-GREETING server-first peer->guest\n t+0.782723s
PEER[6445#1] rx plaintext line 1 (37 bytes): IGKM-E-REQS server-first guest->peer\n t+0.929255s
PEER[6445#1] tx plaintext line 1 (38 bytes): IGKM-E-RESPS server-first peer->guest\n t+0.929330s
PEER[6445#1] clean close (close_notify received); application plaintext bytes received=37 t+0.939582s
PEER[6443#1] accepted tcp from 192.168.204.2:60527 t+1.266500s
PEER[6443#1] handshake OK version=TLSv1_3 suite=TLS13_AES_128_GCM_SHA256 verified client SPIFFE ID=spiffe://overdrive.test/ns/default/sa/guest-client mode=Echo send_tls13_tickets=2 t+1.325819s
PEER[6443#1] rx plaintext line 1 (40 bytes): IGKM-E-REQ1 nb-client-first guest->peer\n t+1.325848s
PEER[6443#1] tx plaintext line 1 (41 bytes): IGKM-E-RESP1 nb-client-first peer->guest\n t+1.325866s
PEER[6443#1] clean close (close_notify received); application plaintext bytes received=40 t+1.439522s
PEER[6445#2] accepted tcp from 192.168.204.2:60528 t+1.460131s
PEER[6445#2] handshake OK version=TLSv1_3 suite=TLS13_AES_128_GCM_SHA256 verified client SPIFFE ID=spiffe://overdrive.test/ns/default/sa/guest-client mode=ServerFirst send_tls13_tickets=2 t+1.523599s
PEER[6445#2] sent greeting first (41 bytes): IGKM-E-GREETING server-first peer->guest\n t+1.523623s
PEER[6445#2] rx plaintext line 1 (37 bytes): IGKM-E-REQS server-first guest->peer\n t+1.679328s
PEER[6445#2] tx plaintext line 1 (38 bytes): IGKM-E-RESPS server-first peer->guest\n t+1.679387s
PEER[6445#2] clean close (close_notify received); application plaintext bytes received=37 t+1.690633s
PEER[6447#1] accepted tcp from 192.168.204.2:60529 t+1.702694s
PEER[6447#1] handshake OK version=TLSv1_3 suite=TLS13_AES_128_GCM_SHA256 verified client SPIFFE ID=spiffe://overdrive.test/ns/default/sa/guest-client mode=Bulk send_tls13_tickets=2 t+1.760641s
PEER[6447#1] rx plaintext line 1 (32 bytes): IGKM-E-REQB et-bulk guest->peer\n t+1.760664s
PEER[6447#1] tx plaintext line 1 (33 bytes): IGKM-E-RESPB et-bulk peer->guest\n t+1.760678s
PEER[6447#1] tx bulk 40000 bytes (pattern (i*7+3)%251, fnv1a32=0xccf62e40; rustls splits it into 16384-byte records) t+1.760971s
PEER[6447#1] clean close (close_notify received); application plaintext bytes received=32 t+1.807052s
PEER[6445#3] accepted tcp from 192.168.204.2:60530 t+1.819251s
PEER[6445#3] handshake OK version=TLSv1_3 suite=TLS13_AES_128_GCM_SHA256 verified client SPIFFE ID=spiffe://overdrive.test/ns/default/sa/guest-client mode=ServerFirst send_tls13_tickets=2 t+1.877640s
PEER[6445#3] sent greeting first (41 bytes): IGKM-E-GREETING server-first peer->guest\n t+1.877667s
PEER[6445#3] rx plaintext line 1 (35 bytes): IGKM-E-REQP poll-1byte guest->peer\n t+1.929313s
PEER[6445#3] tx plaintext line 1 (36 bytes): IGKM-E-RESPP poll-1byte peer->guest\n t+1.929369s
PEER[6445#3] clean close (close_notify received); application plaintext bytes received=35 t+1.941901s
PEER[6446#1] accepted tcp from 192.168.204.2:60531 t+1.953674s
PEER[6446#1] handshake OK version=TLSv1_3 suite=TLS13_AES_128_GCM_SHA256 verified client SPIFFE ID=spiffe://overdrive.test/ns/default/sa/guest-client mode=KeyUpdateEcho send_tls13_tickets=2 t+2.011760s
PEER[6446#1] rx plaintext line 1 (35 bytes): IGKM-E-REQK1 keyupdate guest->peer\n t+2.011786s
PEER[6446#1] refresh_traffic_keys(): KeyUpdate(update_requested) queued ahead of response 1; peer tx keys advance t+2.011798s
PEER[6446#1] tx plaintext line 1 (36 bytes): IGKM-E-RESPK1 keyupdate peer->guest\n t+2.011816s
PEER[6446#1] rx plaintext line 2 (35 bytes): IGKM-E-REQK2 keyupdate guest->peer\n t+2.223421s
PEER[6446#1] refresh_traffic_keys(): KeyUpdate(update_requested) queued ahead of response 2; peer tx keys advance t+2.223464s
PEER[6446#1] tx plaintext line 2 (36 bytes): IGKM-E-RESPK2 keyupdate peer->guest\n t+2.223511s
PEER[6446#1] rx plaintext line 3 (35 bytes): IGKM-E-REQK3 keyupdate guest->peer\n t+2.239402s
PEER[6446#1] refresh_traffic_keys(): KeyUpdate(update_requested) queued ahead of response 3; peer tx keys advance t+2.239458s
PEER[6446#1] tx plaintext line 3 (36 bytes): IGKM-E-RESPK3 keyupdate peer->guest\n t+2.239507s
PEER[6446#1] clean close (close_notify received); application plaintext bytes received=105 t+2.259193s
PEER[6448#1] accepted tcp from 192.168.204.2:60532 t+2.270755s
PEER[6448#1] handshake OK verified client SPIFFE ID=spiffe://overdrive.test/ns/default/sa/guest-client mode=RawOk; rustls tickets=0; switched to a hand-rolled record layer (tx_seq=0 rx_seq=0, KeyLog secret matches rustls tx key=true) t+2.328527s
PEER[6448#1] raw tx ONE write of 352 bytes = records [0x17/94 0x17/54 0x17/131 0x17/53] = [inner 0x16 77B, inner 0x16 37B, inner 0x16 114B, inner 0x17 36B]: NST1 (57 B) + first 20 B of NST2 | remaining 37 B of NST2 | NST3 + NST4 | greeting IGKM-E-GREETING raw-nst peer->guest\n t+2.328575s
PEER[6448#1] raw rx record rx_seq=0 wire=54 inner 0x17 plaintext (32 bytes): IGKM-E-REQR raw-nst guest->peer\n t+2.349394s
PEER[6448#1] raw tx ONE write: KeyUpdate(update_not_requested) record 0x17/22 under tx generation 0, then tx keys -> generation 1 (seq 0), then response record 0x17/50 under the NEW key: IGKM-E-RESPR raw-nst peer->guest\n t+2.349452s
PEER[6448#1] raw rx record rx_seq=1 wire=63 inner 0x17 plaintext (41 bytes): IGKM-E-REQR2 after-keyupdate guest->peer\n t+2.361889s
PEER[6448#1] raw tx response 2 under tx generation 1 seq 1: IGKM-E-RESPR2 after-keyupdate peer->guest\n t+2.361935s
PEER[6448#1] raw rx alert 0100 (close_notify = 0100) t+2.372973s
PEER[6448#1] raw tx close_notify; done t+2.373015s
PEER[6449#1] accepted tcp from 192.168.204.2:60533 t+2.385168s
PEER[6449#1] handshake OK verified client SPIFFE ID=spiffe://overdrive.test/ns/default/sa/guest-client mode=RawBad; rustls tickets=0; switched to a hand-rolled record layer (tx_seq=0 rx_seq=0, KeyLog secret matches rustls tx key=true) t+2.442680s
PEER[6449#1] raw tx ONE write of 175 bytes = records [0x17/74 0x17/24 0x17/62] = [inner 0x16 57B, inner 0x16 7B, inner 0x17 45B]: NST | CertificateRequest(13) | IGKM-E-SHOULD-NOT-ARRIVE raw-bad peer->guest\n t+2.442756s
PEER[6449#1] raw rx record inner 0x15: 020a (0x15 0232 = fatal unexpected_message) t+2.452173s
PEER[6449#1] raw read ended: Connection reset by peer (os error 104) (guest closed the connection) t+2.452184s
PEER[6444#2] accepted tcp from 192.168.204.2:60534 t+2.468644s
PEER[6444#2] handshake FAILED: unexpected end of file; application plaintext bytes received=0 t+2.500576s
PEER[6450#1] accepted tcp from 192.168.204.2:60535 t+2.512263s
PEER[6450#1] handshake OK version=TLSv1_3 suite=TLS13_AES_128_GCM_SHA256 verified client SPIFFE ID=spiffe://overdrive.test/ns/default/sa/guest-client mode=Echo send_tls13_tickets=2 t+2.567742s
PEER[6450#1] rx plaintext line 1 (37 bytes): IGKM-E-REQ1 client-first guest->peer\n t+2.567772s
PEER[6450#1] tx plaintext line 1 (38 bytes): IGKM-E-RESP1 client-first peer->guest\n t+2.567794s
PEER[6450#1] rx plaintext line 2 (41 bytes): IGKM-E-REQ2 after-relay-kill guest->peer\n t+10.694427s
PEER[6450#1] tx plaintext line 2 (42 bytes): IGKM-E-RESP2 after-relay-kill peer->guest\n t+10.694500s
PEER[6450#1] clean close (close_notify received); application plaintext bytes received=78 t+10.715840s
PEER[6443#2] accepted tcp from 192.168.204.2:60536 t+10.722076s
PEER[6443#2] handshake FAILED: unexpected end of file; application plaintext bytes received=0 t+10.739908s
PEER[6443#3] accepted tcp from 192.168.204.2:60537 t+10.769586s
PEER[6443#3] handshake FAILED: unexpected end of file; application plaintext bytes received=0 t+10.781576s

===== guest serial console (Unikraft + the unmodified ELF) =====
2026-09-29T10:58:17.277148710 [igkm-f:main] Running Firecracker v1.17.0
[    0.000000] Info: [libukrandom] <swrand.c @  111> Initializing the random number generator...
[    0.000000] Info: [libukrandom] <random.c @  108> CSPRNG seed source: CPU
[    0.000000] Info: [libkvmplat] <setup.c @   94> SYSCALL entrance @ 0x101000
[    0.000000] Info: [libkvmplat] <setup.c @  179> Switch from bootstrap stack to stack @0x11000
[    0.000000] Info: [libukboot] <boot.c @  279> Unikraft constructor table at 0x1e8000 - 0x1e8048
[    0.000000] Info: [libukboot] <boot.c @  288> Initialize memory allocator...
[    0.000000] Info: [libukallocbbuddy] <bbuddy.c @  659> Initialize binary buddy allocator 400000000
[    0.000000] Info: [libukboot] <boot.c @  347> Initialize the IRQ subsystem...
[    0.000000] Info: [libukboot] <boot.c @  354> Initialize platform time...
[    0.000000] Info: [libkvmplat] <tscclock.c @  258> Calibrating TSC clock against i8254 timer
[    0.100002] Info: [libkvmplat] <tscclock.c @  279> Clock source: TSC, frequency estimate is 2396508000 Hz
[    0.101830] Info: [libukboot] <boot.c @  358> Initialize scheduling...
[    0.103075] Info: [libukschedcoop] <schedcoop.c @  289> Initializing cooperative scheduler
[    0.104863] Info: [libukboot] <boot.c @  391> Init Table @ 0x1e8048 - 0x1e8148
[    0.106377] Info: [libukbus] <bus.c @  133> Initialize bus handlers...
[    0.107602] Info: [libukbus] <bus.c @  135> Probe buses...
[    0.108636] Info: [libvirtio_mmio] <virtio_mmio_cmdl.c @   93> virtio-mmio device 4K@0xc0001000:5
[    0.110415] Info: [libvirtio_bus] <virtio_bus.c @  128> Virtio device 0x41fc53020 initialized
[    0.112066] Info: [libuknetdev] <netdev.c @  198> Registered netdev0: 0x41fc54030 (virtio-net)
[    0.113688] Info: [libvirtio_mmio] <virtio_mmio.c @  548> finish probing a virtio mmio dev
[    0.115261] Info: [libvirtio_mmio] <virtio_mmio_cmdl.c @   93> virtio-mmio device 4K@0xc0002000:6
[    0.117011] Info: [libvirtio_bus] <virtio_bus.c @  128> Virtio device 0x400018020 initialized
[    0.121832] Info: [libukvsockdev] <vsockdev.c @  176> vsockdev: Configured event queue
[    0.123461] Info: [libukvsockdev] <vsockdev.c @  152> vsockdev: Configured receive queue
[    0.125053] Info: [libvirtio_vsock] <virtio_vsock.c @ 2073> Started virtio-vsock device
[    0.126555] Info: [libvirtio_mmio] <virtio_mmio.c @  548> finish probing a virtio mmio dev
[    0.128229] Info: [liblwip] <init.c @  174> Initializing lwip
[    0.129527] Info: [liblwip] <init.c @  225> Attach network device 0 to lwIP...
  1: Set IPv4 address 192.168.204.2 mask 255.255.255.0 gw 192.168.204.1
[    0.132338] Warn: [libvirtio_mmio] <virtio_mmio.c @  173> Unaligned io read: 6 bytes
[    0.133878] Info: [libuknetdev] <netdev.c @  407> netdev0: Configured interface
[    0.138025] Info: [libuknetdev] <netdev.c @  554> netdev0: Configured receive queue 0
[    0.139616] Info: [libuknetdev] <netdev.c @  587> netdev0: Configured transmit queue 0
[    0.141199] Info: [libvirtio_net] <virtio_net.c @ 1403> virtio-net: 0 started
[    0.142542] Info: [libuknetdev] <netdev.c @  606> netdev0: Started interface
en1: Added
[    0.144075] Info: [liblwip] <init.c @  345> en1: Hardware address: 52:54:00:1a:04:06
[    0.145527] Info: [liblwip] <init.c @  352> en1: Check checksums:
[    0.146672] Info: [liblwip] <init.c @  371> en1: Generate checksums: IP UDP TCP ICMP ICMP6
[    0.148279] Info: [liblwip] <init.c @  442> en1: Set as default interface
en1: Interface is up
[    0.150044] Warn: [libposix_process] <clone.c @  193> uk_posix_clone_sighand() stubbed
[    0.151527] Warn: [libuklock] <semaphore.c @   23> uk_posix_clone_sysvsem() stubbed
MTLSGUARD: evidence: initrd0 (the ELF app-elfloader will load) vbase=0x1ff26000 pg_off=0 len=890080 sha256=043e34e746ef86eb2a97c3334920edc1022ef34e54186213eb33571f6357b179
Powered by
o.   .o       _ _               __ _
Oo   Oo  ___ (_) | __ __  __ _ ' _) :_
oO   oO ' _ `| | |/ /  _)' _` | |_|  _)
oOo oOO| | | | |   (| | | (_) |  _) :_
 OoOoO ._, ._:_:_,\_._,  .__,_:_, \___)
          Ijiraq 0.21.0~eb8fa236-custom
[    0.164197] Info: [libukboot] <boot.c @  470> Pre-init table at 0x1e8248 - 0x1e8248
[    0.165639] Info: [libukboot] <boot.c @  481> Constructor table at 0x1e8248 - 0x1e8250
[    0.167147] Info: [libukboot] <boot.c @  496> Environment variables:
[    0.168348] Info: [libukboot] <boot.c @  498> 	PATH=/bin
[    0.169355] Info: [libukboot] <boot.c @  504> Calling main(3, ['igkmf', 'igkmf-app', 'run'])
[    0.170969] Info: [appelfloader] <main.c @  299> Image at 0x1ff26000, len 890080 bytes
[    0.173730] Info: [appelfloader] <main.c @  358> igkmf-app: ELF program loaded to 0x41f801000-0x41f8d4000 (864256 B), entry at 0x41f809840
IGKM-F: BOOT-MARKER app started t=0.176405
IGKM-F: uname(2): sysname="Unikraft" release="5.15.148-Ijiraq" version="0.21.0~eb8fa236-custom" machine="x86_64"
IGKM-F: libc: glibc 2.43 (stable), statically linked into this ELF; pid=1 ppid=0
IGKM-F: auxv: AT_ENTRY=0x41f809840 AT_PHDR=0x41f801040 AT_BASE=0 AT_PAGESZ=4096 AT_SYSINFO_EHDR=0 AT_RANDOM=set AT_EXECFN="igkmf-app"
IGKM-F: wall clock CLOCK_REALTIME=946598400.074581 s since 1970-01-01
IGKM-F: argv[0]="igkmf-app"
IGKM-F: argv[1]="run"
IGKM-F: A pass-through blocking connect(192.168.204.1:5001) t=0.184674
MTLSGUARD: self test: Mbed TLS 3.6.7 gcm=0 sha256=0 AES-NI=yes; HKDF-Expand-Label RFC 8448 key=OK iv=OK, traffic upd (python vector)=OK
MTLSGUARD: config mesh="192.168.204.1:6443-6451" mesh_in="192.168.204.2:7443" agent vsock port=7100
MTLSGUARD: connect 192.168.204.1:5001: not a mesh destination -> pass-through, driver untouched t=0.194282
IGKM-F: A pass-through connect() returned 0 errno=0 (-) after 10204 us t=0.196059
IGKM-F: A pass-through wrote 42 bytes: IGKM-E-PLAIN-REQ pass-through guest->host
IGKM-F: A pass-through read 43 bytes: IGKM-E-PLAIN-RESP pass-through host->guest
IGKM-F: VERDICT A pass-through=PASS
IGKM-F: B deny blocking connect(192.168.204.1:6444) t=0.200840
MTLSGUARD: [c1] connect 192.168.204.1:6444: mesh destination, BLOCKING connect (lwIP connect returned 0) t=0.202176
MTLSGUARD: [c1] guard driver installed on 192.168.204.1:6444: lwIP raw readiness 0x104, app readiness 0x0 (withheld until the record layer is installed) t=0.204113
MTLSGUARD: [c1] vsock connected to host relay (cid 2 port 7100) t=0.207154
MTLSGUARD: [c1] vsock tx OPEN payload=7 wire=12 t=0.208419
MTLSGUARD: [c1] vsock rx TO_PEER payload=194 wire=199 t=0.209435
MTLSGUARD: [c1] tcp tx 194 handshake bytes to peer
MTLSGUARD: [c1] vsock rx NEED_PEER payload=0 wire=5 t=0.211433
MTLSGUARD: [c1] tcp rx one handshake record from peer: 127 bytes (type 0x16)
MTLSGUARD: [c1] vsock tx FROM_PEER payload=127 wire=132 t=0.213812
MTLSGUARD: [c1] vsock rx TO_PEER payload=6 wire=11 t=0.214963
MTLSGUARD: [c1] tcp tx 6 handshake bytes to peer
MTLSGUARD: [c1] vsock rx NEED_PEER payload=0 wire=5 t=0.216819
MTLSGUARD: [c1] tcp rx one handshake record from peer: 6 bytes (type 0x14)
MTLSGUARD: [c1] vsock tx FROM_PEER payload=6 wire=11 t=0.219136
MTLSGUARD: [c1] vsock rx NEED_PEER payload=0 wire=5 t=0.220227
MTLSGUARD: [c1] tcp rx one handshake record from peer: 694 bytes (type 0x17)
MTLSGUARD: [c1] vsock tx FROM_PEER payload=694 wire=699 t=0.222568
MTLSGUARD: [c1] vsock rx DENY payload=206 wire=211 t=0.223716
MTLSGUARD: [c1] host DENY: policy deny: local spiffe://overdrive.test/ns/default/sa/guest-client <-> peer spiffe://overdrive.test/ns/default/sa/peer-denied (handshake aborted: invalid peer certificate: ApplicationVerificationFailure)
MTLSGUARD: [c1] vsock summary: rx TO_PEER x2 (200 B), NEED_PEER x3; tx FROM_PEER 827 B; closing vsock (agent leaves the data path) t=0.228610
MTLSGUARD: [c1] connect 192.168.204.1:6444: FAIL closed (-13), TCP shut down, no application data sent (after 28833 us) t=0.231009
[    0.233228] Info: [libvirtio_vsock] <virtio_vsock.c @ 1021> Got packet to port 0 without socket
MTLSGUARD: [c1] connect 192.168.204.1:6444: blocking hold released: connect() = -13 after 32699 us t=0.234876
IGKM-F: B deny connect() returned -1 errno=13 (Permission denied) after 34815 us t=0.236707
MTLSGUARD: [c1] close: state=failed tx records=0 rx records=0 NewSessionTickets discarded=0 KeyUpdates rx=0 tx=0
IGKM-F: VERDICT B deny=PASS
IGKM-F: D server-first blocking connect(192.168.204.1:6445) t=0.240628
MTLSGUARD: [c2] connect 192.168.204.1:6445: mesh destination, BLOCKING connect (lwIP connect returned 0) t=0.242017
MTLSGUARD: [c2] guard driver installed on 192.168.204.1:6445: lwIP raw readiness 0x104, app readiness 0x0 (withheld until the record layer is installed) t=0.243933
MTLSGUARD: [c2] vsock connected to host relay (cid 2 port 7100) t=0.246900
MTLSGUARD: [c2] vsock tx OPEN payload=7 wire=12 t=0.248167
MTLSGUARD: [c2] vsock rx TO_PEER payload=194 wire=199 t=0.249180
MTLSGUARD: [c2] tcp tx 194 handshake bytes to peer
MTLSGUARD: [c2] vsock rx NEED_PEER payload=0 wire=5 t=0.251153
MTLSGUARD: [c2] tcp rx one handshake record from peer: 127 bytes (type 0x16)
MTLSGUARD: [c2] vsock tx FROM_PEER payload=127 wire=132 t=0.253516
MTLSGUARD: [c2] vsock rx TO_PEER payload=6 wire=11 t=0.254658
MTLSGUARD: [c2] tcp tx 6 handshake bytes to peer
MTLSGUARD: [c2] vsock rx NEED_PEER payload=0 wire=5 t=0.256531
MTLSGUARD: [c2] tcp rx one handshake record from peer: 6 bytes (type 0x14)
MTLSGUARD: [c2] vsock tx FROM_PEER payload=6 wire=11 t=0.258834
MTLSGUARD: [c2] vsock rx NEED_PEER payload=0 wire=5 t=0.259928
MTLSGUARD: [c2] tcp rx one handshake record from peer: 695 bytes (type 0x17)
MTLSGUARD: [c2] vsock tx FROM_PEER payload=695 wire=700 t=0.262279
MTLSGUARD: [c2] vsock rx TO_PEER payload=609 wire=614 t=0.263420
MTLSGUARD: [c2] tcp tx 609 handshake bytes to peer
MTLSGUARD: [c2] vsock rx SECRETS payload=194 wire=199 t=0.265360
MTLSGUARD: [c2] record layer installed: TLS_AES_128_GCM_SHA256 tx_seq=0 rx_seq=0; key/iv derived in the guest by HKDF-Expand-Label(SHA-256) from the traffic secrets and equal to rustls' key/iv (tx and rx); peer identity (from host) spiffe://overdrive.test/ns/default/sa/peer-allowed; app write() EAGAINs during the handshake=0, read() EAGAINs=0 t=0.266456
MTLSGUARD: [c2] vsock summary: rx TO_PEER x3 (809 B), NEED_PEER x3; tx FROM_PEER 828 B; closing vsock (agent leaves the data path) t=0.272309
MTLSGUARD: [c2] app readiness none-> OUT (published by the guard) t=0.274685
MTLSGUARD: [c2] connect 192.168.204.1:6445: handshake done after 33982 us; RX pump running t=0.275999
[    0.277687] Info: [libvirtio_vsock] <virtio_vsock.c @ 1021> Got packet to port 1 without socket
MTLSGUARD: [c2] connect 192.168.204.1:6445: blocking hold released: connect() = 0 after 37321 us t=0.279337
IGKM-F: D server-first connect() returned 0 errno=0 (-) after 39324 us t=0.281138
MTLSGUARD: [c2] rx record gen=0 seq=0 wire=184 inner=0x16 plaintext=162 t=0.296585
MTLSGUARD: [c2] rx post-handshake NewSessionTicket #1 (77 B body) in record seq=0 -> discarded (no resumption) t=0.297998
MTLSGUARD: [c2] rx post-handshake NewSessionTicket #2 (77 B body) in record seq=0 -> discarded (no resumption) t=0.300019
MTLSGUARD: [c2] rx record gen=0 seq=1 wire=63 inner=0x17 plaintext=41 t=0.435914
MTLSGUARD: [c2] app readiness OUT -> IN OUT (published by the guard) t=0.437287
MTLSGUARD: [c2] app readiness IN OUT -> OUT (published by the guard) t=0.438616
IGKM-F: D server-first read 41 bytes: IGKM-E-GREETING server-first peer->guest
MTLSGUARD: [c2] tx record gen=0 seq=0 appdata plaintext=37 wire=59 (outer 0x17, inner 0x17) t=0.441276
IGKM-F: D server-first wrote 37 bytes: IGKM-E-REQS server-first guest->peer
MTLSGUARD: [c2] rx record gen=0 seq=2 wire=60 inner=0x17 plaintext=38 t=0.444301
MTLSGUARD: [c2] app readiness OUT -> IN OUT (published by the guard) t=0.445646
MTLSGUARD: [c2] app readiness IN OUT -> OUT (published by the guard) t=0.446981
IGKM-F: D server-first read 38 bytes: IGKM-E-RESPS server-first peer->guest
MTLSGUARD: [c2] close: state=established tx records=1 rx records=2 NewSessionTickets discarded=2 KeyUpdates rx=0 tx=0
MTLSGUARD: [c2] tx record gen=0 seq=1 close_notify plaintext=2 wire=24 (outer 0x17, inner 0x15) t=0.451539
IGKM-F: VERDICT D server-first=PASS
IGKM-F: S blocking listen on 0.0.0.0:7443 READY-FOR-INBOUND t=0.455612
MTLSGUARD: [c3] accept 192.168.204.2:7443 <- 192.168.204.1:52244: mesh listener, BLOCKING accept (new fd blocking) t=0.524801
MTLSGUARD: [c3] guard driver installed on 192.168.204.2:7443 <- 192.168.204.1:52244: lwIP raw readiness 0x145, app readiness 0x0 (withheld until the record layer is installed) t=0.529040
MTLSGUARD: [c3] vsock connected to host relay (cid 2 port 7100) t=0.535547
MTLSGUARD: [c3] vsock tx ACCEPT payload=13 wire=18 t=0.538117
MTLSGUARD: [c3] vsock rx NEED_PEER payload=0 wire=5 t=0.540259
MTLSGUARD: [c3] tcp rx one handshake record from peer: 194 bytes (type 0x16)
MTLSGUARD: [c3] vsock tx FROM_PEER payload=194 wire=199 t=0.545018
MTLSGUARD: [c3] vsock rx TO_PEER payload=828 wire=833 t=0.547322
MTLSGUARD: [c3] tcp tx 828 handshake bytes to peer
MTLSGUARD: [c3] vsock rx NEED_PEER payload=0 wire=5 t=0.551317
MTLSGUARD: [c3] tcp rx one handshake record from peer: 6 bytes (type 0x14)
MTLSGUARD: [c3] vsock tx FROM_PEER payload=6 wire=11 t=0.556016
MTLSGUARD: [c3] vsock rx NEED_PEER payload=0 wire=5 t=0.558216
MTLSGUARD: [c3] tcp rx one handshake record from peer: 610 bytes (type 0x17)
MTLSGUARD: [c3] vsock tx FROM_PEER payload=610 wire=615 t=0.562935
MTLSGUARD: [c3] vsock rx SECRETS payload=193 wire=198 t=0.565205
MTLSGUARD: [c3] record layer installed: TLS_AES_128_GCM_SHA256 tx_seq=0 rx_seq=0; key/iv derived in the guest by HKDF-Expand-Label(SHA-256) from the traffic secrets and equal to rustls' key/iv (tx and rx); peer identity (from host) spiffe://overdrive.test/ns/default/sa/peer-client; app write() EAGAINs during the handshake=0, read() EAGAINs=0 t=0.567141
MTLSGUARD: [c3] vsock summary: rx TO_PEER x1 (828 B), NEED_PEER x3; tx FROM_PEER 810 B; closing vsock (agent leaves the data path) t=0.577419
MTLSGUARD: [c3] app readiness none-> OUT (published by the guard) t=0.580912
MTLSGUARD: [c3] accept 192.168.204.2:7443 <- 192.168.204.1:52244: handshake done after 57424 us; RX pump running t=0.582224
[    0.584283] Info: [libvirtio_vsock] <virtio_vsock.c @ 1021> Got packet to port 2 without socket
MTLSGUARD: [c3] accept 192.168.204.2:7443 <- 192.168.204.1:52244: blocking hold released: accept() gets the socket after 61138 us t=0.585938
IGKM-F: S1 accept() returned 4 errno=0 t=0.588275
MTLSGUARD: [c3] rx record gen=0 seq=0 wire=54 inner=0x17 plaintext=32 t=0.685820
MTLSGUARD: [c3] app readiness OUT -> IN OUT (published by the guard) t=0.688012
MTLSGUARD: [c3] app readiness IN OUT -> OUT (published by the guard) t=0.690350
IGKM-F: S1 read 32 bytes: IGKM-E-REQI inbound peer->guest
MTLSGUARD: [c3] tx record gen=0 seq=0 appdata plaintext=33 wire=55 (outer 0x17, inner 0x17) t=0.694416
IGKM-F: S1 inbound wrote 33 bytes: IGKM-E-RESPI inbound guest->peer
MTLSGUARD: [c3] close: state=established tx records=1 rx records=1 NewSessionTickets discarded=0 KeyUpdates rx=0 tx=0
MTLSGUARD: [c3] tx record gen=0 seq=1 close_notify plaintext=2 wire=24 (outer 0x17, inner 0x15) t=0.703450
MTLSGUARD: [c4] accept 192.168.204.2:7443 <- 192.168.204.1:52258: mesh listener, BLOCKING accept (new fd blocking) t=0.710788
MTLSGUARD: [c4] guard driver installed on 192.168.204.2:7443 <- 192.168.204.1:52258: lwIP raw readiness 0x145, app readiness 0x0 (withheld until the record layer is installed) t=0.715018
MTLSGUARD: [c4] vsock connected to host relay (cid 2 port 7100) t=0.721659
MTLSGUARD: [c4] vsock tx ACCEPT payload=13 wire=18 t=0.724254
MTLSGUARD: [c4] vsock rx NEED_PEER payload=0 wire=5 t=0.726409
MTLSGUARD: [c4] tcp rx one handshake record from peer: 194 bytes (type 0x16)
MTLSGUARD: [c4] vsock tx FROM_PEER payload=194 wire=199 t=0.731137
MTLSGUARD: [c4] vsock rx TO_PEER payload=829 wire=834 t=0.733434
MTLSGUARD: [c4] tcp tx 829 handshake bytes to peer
MTLSGUARD: [c4] vsock rx NEED_PEER payload=0 wire=5 t=0.737415
MTLSGUARD: [c4] tcp rx one handshake record from peer: 6 bytes (type 0x14)
MTLSGUARD: [c4] vsock tx FROM_PEER payload=6 wire=11 t=0.741606
MTLSGUARD: [c4] vsock rx NEED_PEER payload=0 wire=5 t=0.743532
MTLSGUARD: [c4] tcp rx one handshake record from peer: 623 bytes (type 0x17)
MTLSGUARD: [c4] vsock tx FROM_PEER payload=623 wire=628 t=0.747674
MTLSGUARD: [c4] vsock rx DENY payload=213 wire=218 t=0.749695
MTLSGUARD: [c4] host DENY: policy deny: local spiffe://overdrive.test/ns/default/sa/guest-server <-> peer spiffe://overdrive.test/ns/default/sa/peer-client-denied (handshake aborted: invalid peer certificate: ApplicationVerificationFailure)
MTLSGUARD: [c4] vsock summary: rx TO_PEER x1 (829 B), NEED_PEER x3; tx FROM_PEER 823 B; closing vsock (agent leaves the data path) t=0.756237
MTLSGUARD: [c4] accept 192.168.204.2:7443 <- 192.168.204.1:52258: FAIL closed (-103), TCP shut down, no application data sent (after 47840 us) t=0.758629
[    0.761239] Info: [libvirtio_vsock] <virtio_vsock.c @ 1021> Got packet to port 3 without socket
MTLSGUARD: [c4] accept 192.168.204.2:7443 <- 192.168.204.1:52258: blocking hold released: accept() fails after 52104 us t=0.762893
MTLSGUARD: [c4] close: state=failed tx records=0 rx records=0 NewSessionTickets discarded=0 KeyUpdates rx=0 tx=0
IGKM-F: S2 accept() returned -1 errno=103 (Software caused connection abort) t=0.766955
IGKM-F: VERDICT S1 inbound-allowed=PASS
IGKM-F: VERDICT S2 inbound-denied=PASS
IGKM-F: N1 epoll-LT client-first non-blocking connect(192.168.204.1:6443) t=0.769770
MTLSGUARD: [c5] connect 192.168.204.1:6443: mesh destination, NON-BLOCKING connect (lwIP connect returned -115) t=0.771338
MTLSGUARD: [c5] guard driver installed on 192.168.204.1:6443: lwIP raw readiness 0x0, app readiness 0x0 (withheld until the record layer is installed) t=0.773377
MTLSGUARD: [c5] connect 192.168.204.1:6443: returning EINPROGRESS now; the guard thread drives TCP + handshake t=0.776153
IGKM-F: N1 epoll-LT client-first connect() returned -1 errno=115 (Operation now in progress) after 6984 us t=0.778180
IGKM-F: N1 epoll-LT client-first poll(POLLIN|POLLOUT, 0 ms) right after connect() = 0 revents=0x0 t=0.780183
MTLSGUARD: [c5] write() of 40 B before the record layer is installed -> EAGAIN, 0 bytes to lwIP t=0.782002
IGKM-F: N1 epoll-LT client-first write(40 bytes) before EPOLLOUT returned -1 errno=11 (Resource temporarily unavailable) t=0.783769
MTLSGUARD: [c5] TCP connected after 14636 us (lwIP raw EPOLLOUT at t=0.780180); the app still sees no EPOLLOUT -> relay the handshake
MTLSGUARD: [c5] vsock connected to host relay (cid 2 port 7100) t=0.788422
MTLSGUARD: [c5] vsock tx OPEN payload=7 wire=12 t=0.789691
MTLSGUARD: [c5] vsock rx TO_PEER payload=194 wire=199 t=0.790705
MTLSGUARD: [c5] tcp tx 194 handshake bytes to peer
MTLSGUARD: [c5] vsock rx NEED_PEER payload=0 wire=5 t=0.792681
MTLSGUARD: [c5] tcp rx one handshake record from peer: 127 bytes (type 0x16)
MTLSGUARD: [c5] vsock tx FROM_PEER payload=127 wire=132 t=0.795057
MTLSGUARD: [c5] vsock rx TO_PEER payload=6 wire=11 t=0.796204
MTLSGUARD: [c5] tcp tx 6 handshake bytes to peer
MTLSGUARD: [c5] vsock rx NEED_PEER payload=0 wire=5 t=0.798075
MTLSGUARD: [c5] tcp rx one handshake record from peer: 6 bytes (type 0x14)
MTLSGUARD: [c5] vsock tx FROM_PEER payload=6 wire=11 t=0.800386
MTLSGUARD: [c5] vsock rx NEED_PEER payload=0 wire=5 t=0.801485
MTLSGUARD: [c5] tcp rx one handshake record from peer: 695 bytes (type 0x17)
MTLSGUARD: [c5] vsock tx FROM_PEER payload=695 wire=700 t=0.803828
MTLSGUARD: [c5] vsock rx TO_PEER payload=608 wire=613 t=0.804988
MTLSGUARD: [c5] tcp tx 608 handshake bytes to peer
MTLSGUARD: [c5] vsock rx SECRETS payload=194 wire=199 t=0.806930
MTLSGUARD: [c5] record layer installed: TLS_AES_128_GCM_SHA256 tx_seq=0 rx_seq=0; key/iv derived in the guest by HKDF-Expand-Label(SHA-256) from the traffic secrets and equal to rustls' key/iv (tx and rx); peer identity (from host) spiffe://overdrive.test/ns/default/sa/peer-allowed; app write() EAGAINs during the handshake=2, read() EAGAINs=0 t=0.808028
MTLSGUARD: [c5] vsock summary: rx TO_PEER x3 (808 B), NEED_PEER x3; tx FROM_PEER 828 B; closing vsock (agent leaves the data path) t=0.813879
MTLSGUARD: [c5] app readiness none-> OUT (published by the guard) t=0.816247
MTLSGUARD: [c5] connect 192.168.204.1:6443: handshake done after 46212 us; RX pump running t=0.817550
IGKM-F: N1 epoll-LT client-first epoll_wait -> OUT (LT) after 6 empty 1-ms probes t=0.819261
IGKM-F: N1 epoll-LT client-first EPOLLOUT observed 42623 us after connect() returned; during the wait: 6 empty epoll_wait probes, early write() -> EAGAIN x2, other results x0, EPOLLIN-before-EPOLLOUT x0 t=0.820804
IGKM-F: N1 SO_ERROR after EPOLLOUT = 0
MTLSGUARD: [c5] tx record gen=0 seq=0 appdata plaintext=40 wire=62 (outer 0x17, inner 0x17) t=0.825014
IGKM-F: N1 epoll-LT client-first wrote 40 bytes: IGKM-E-REQ1 nb-client-first guest->peer
[    0.828208] Info: [libvirtio_vsock] <virtio_vsock.c @ 1021> Got packet to port 4 without socket
MTLSGUARD: [c5] rx record gen=0 seq=0 wire=184 inner=0x16 plaintext=162 t=0.839682
MTLSGUARD: [c5] rx post-handshake NewSessionTicket #1 (77 B body) in record seq=0 -> discarded (no resumption) t=0.841074
MTLSGUARD: [c5] rx post-handshake NewSessionTicket #2 (77 B body) in record seq=0 -> discarded (no resumption) t=0.843091
MTLSGUARD: [c5] rx record gen=0 seq=1 wire=63 inner=0x17 plaintext=41 t=0.936130
MTLSGUARD: [c5] app readiness OUT -> IN OUT (published by the guard) t=0.937662
MTLSGUARD: [c5] app readiness IN OUT -> OUT (published by the guard) t=0.939405
IGKM-F: N1 epoll-LT client-first read 41 bytes: IGKM-E-RESP1 nb-client-first peer->guest
IGKM-F: N1 EPOLLIN wakeups=1 spurious (EPOLLIN but first read() = EAGAIN)=0
MTLSGUARD: [c5] close: state=established tx records=1 rx records=1 NewSessionTickets discarded=2 KeyUpdates rx=0 tx=0
MTLSGUARD: [c5] tx record gen=0 seq=1 close_notify plaintext=2 wire=24 (outer 0x17, inner 0x15) t=0.950037
IGKM-F: VERDICT N1 nb-epoll-LT-client-first=PASS
IGKM-F: N2 epoll-LT server-first non-blocking connect(192.168.204.1:6445) t=0.955687
MTLSGUARD: [c6] connect 192.168.204.1:6445: mesh destination, NON-BLOCKING connect (lwIP connect returned -115) t=0.958239
MTLSGUARD: [c6] guard driver installed on 192.168.204.1:6445: lwIP raw readiness 0x0, app readiness 0x0 (withheld until the record layer is installed) t=0.961856
MTLSGUARD: [c6] connect 192.168.204.1:6445: returning EINPROGRESS now; the guard thread drives TCP + handshake t=0.966696
IGKM-F: N2 epoll-LT server-first connect() returned -1 errno=115 (Operation now in progress) after 12079 us t=0.970264
IGKM-F: N2 epoll-LT server-first poll(POLLIN|POLLOUT, 0 ms) right after connect() = 0 revents=0x0 t=0.973781
MTLSGUARD: [c6] write() of 40 B before the record layer is installed -> EAGAIN, 0 bytes to lwIP t=0.976985
IGKM-F: N2 epoll-LT server-first write(40 bytes) before EPOLLOUT returned -1 errno=11 (Resource temporarily unavailable) t=0.980213
MTLSGUARD: [c6] TCP connected after 25850 us (lwIP raw EPOLLOUT at t=0.973767); the app still sees no EPOLLOUT -> relay the handshake
MTLSGUARD: [c6] vsock connected to host relay (cid 2 port 7100) t=0.987209
MTLSGUARD: [c6] vsock tx OPEN payload=7 wire=12 t=0.988473
MTLSGUARD: [c6] vsock rx TO_PEER payload=194 wire=199 t=0.989490
MTLSGUARD: [c6] tcp tx 194 handshake bytes to peer
MTLSGUARD: [c6] vsock rx NEED_PEER payload=0 wire=5 t=0.991470
MTLSGUARD: [c6] tcp rx one handshake record from peer: 127 bytes (type 0x16)
MTLSGUARD: [c6] vsock tx FROM_PEER payload=127 wire=132 t=0.993856
MTLSGUARD: [c6] vsock rx TO_PEER payload=6 wire=11 t=0.995013
MTLSGUARD: [c6] tcp tx 6 handshake bytes to peer
MTLSGUARD: [c6] vsock rx NEED_PEER payload=0 wire=5 t=0.996878
MTLSGUARD: [c6] tcp rx one handshake record from peer: 6 bytes (type 0x14)
MTLSGUARD: [c6] vsock tx FROM_PEER payload=6 wire=11 t=0.999198
MTLSGUARD: [c6] vsock rx NEED_PEER payload=0 wire=5 t=1.000296
MTLSGUARD: [c6] tcp rx one handshake record from peer: 695 bytes (type 0x17)
MTLSGUARD: [c6] vsock tx FROM_PEER payload=695 wire=700 t=1.002640
MTLSGUARD: [c6] vsock rx TO_PEER payload=610 wire=615 t=1.003789
MTLSGUARD: [c6] tcp tx 610 handshake bytes to peer
MTLSGUARD: [c6] vsock rx SECRETS payload=194 wire=199 t=1.005730
MTLSGUARD: [c6] record layer installed: TLS_AES_128_GCM_SHA256 tx_seq=0 rx_seq=0; key/iv derived in the guest by HKDF-Expand-Label(SHA-256) from the traffic secrets and equal to rustls' key/iv (tx and rx); peer identity (from host) spiffe://overdrive.test/ns/default/sa/peer-allowed; app write() EAGAINs during the handshake=2, read() EAGAINs=0 t=1.006828
MTLSGUARD: [c6] vsock summary: rx TO_PEER x3 (810 B), NEED_PEER x3; tx FROM_PEER 828 B; closing vsock (agent leaves the data path) t=1.012695
MTLSGUARD: [c6] app readiness none-> OUT (published by the guard) t=1.015070
MTLSGUARD: [c6] connect 192.168.204.1:6445: handshake done after 58133 us; RX pump running t=1.016371
IGKM-F: N2 epoll-LT server-first epoll_wait -> OUT (LT) after 6 empty 1-ms probes t=1.018073
IGKM-F: N2 epoll-LT server-first EPOLLOUT observed 49357 us after connect() returned; during the wait: 6 empty epoll_wait probes, early write() -> EAGAIN x2, other results x0, EPOLLIN-before-EPOLLOUT x0 t=1.019621
[    1.023164] Info: [libvirtio_vsock] <virtio_vsock.c @ 1021> Got packet to port 5 without socket
MTLSGUARD: [c6] rx record gen=0 seq=0 wire=184 inner=0x16 plaintext=162 t=1.037487
MTLSGUARD: [c6] rx post-handshake NewSessionTicket #1 (77 B body) in record seq=0 -> discarded (no resumption) t=1.038873
MTLSGUARD: [c6] rx post-handshake NewSessionTicket #2 (77 B body) in record seq=0 -> discarded (no resumption) t=1.040890
MTLSGUARD: [c6] rx record gen=0 seq=1 wire=63 inner=0x17 plaintext=41 t=1.185790
MTLSGUARD: [c6] app readiness OUT -> IN OUT (published by the guard) t=1.187164
MTLSGUARD: [c6] app readiness IN OUT -> OUT (published by the guard) t=1.188499
IGKM-F: N2 epoll-LT server-first read 41 bytes: IGKM-E-GREETING server-first peer->guest
MTLSGUARD: [c6] tx record gen=0 seq=0 appdata plaintext=37 wire=59 (outer 0x17, inner 0x17) t=1.191317
IGKM-F: N2 epoll-LT server-first wrote 37 bytes: IGKM-E-REQS server-first guest->peer
MTLSGUARD: [c6] rx record gen=0 seq=2 wire=60 inner=0x17 plaintext=38 t=1.194500
MTLSGUARD: [c6] app readiness OUT -> IN OUT (published by the guard) t=1.195844
MTLSGUARD: [c6] app readiness IN OUT -> OUT (published by the guard) t=1.197179
IGKM-F: N2 epoll-LT server-first read 38 bytes: IGKM-E-RESPS server-first peer->guest
IGKM-F: N2 EPOLLIN wakeups=2 spurious=0
MTLSGUARD: [c6] close: state=established tx records=1 rx records=2 NewSessionTickets discarded=2 KeyUpdates rx=0 tx=0
MTLSGUARD: [c6] tx record gen=0 seq=1 close_notify plaintext=2 wire=24 (outer 0x17, inner 0x15) t=1.202575
IGKM-F: VERDICT N2 nb-epoll-LT-server-first=PASS
IGKM-F: N3 epoll-ET 1-byte-reads non-blocking connect(192.168.204.1:6447) t=1.206223
MTLSGUARD: [c7] connect 192.168.204.1:6447: mesh destination, NON-BLOCKING connect (lwIP connect returned -115) t=1.207650
MTLSGUARD: [c7] guard driver installed on 192.168.204.1:6447: lwIP raw readiness 0x0, app readiness 0x0 (withheld until the record layer is installed) t=1.209714
MTLSGUARD: [c7] connect 192.168.204.1:6447: returning EINPROGRESS now; the guard thread drives TCP + handshake t=1.212402
IGKM-F: N3 epoll-ET 1-byte-reads connect() returned -1 errno=115 (Operation now in progress) after 6787 us t=1.214421
IGKM-F: N3 epoll-ET 1-byte-reads poll(POLLIN|POLLOUT, 0 ms) right after connect() = 0 revents=0x0 t=1.216439
MTLSGUARD: [c7] write() of 40 B before the record layer is installed -> EAGAIN, 0 bytes to lwIP t=1.218251
IGKM-F: N3 epoll-ET 1-byte-reads write(40 bytes) before EPOLLOUT returned -1 errno=11 (Resource temporarily unavailable) t=1.220025
MTLSGUARD: [c7] TCP connected after 14566 us (lwIP raw EPOLLOUT at t=1.216425); the app still sees no EPOLLOUT -> relay the handshake
MTLSGUARD: [c7] vsock connected to host relay (cid 2 port 7100) t=1.224639
MTLSGUARD: [c7] vsock tx OPEN payload=7 wire=12 t=1.225917
MTLSGUARD: [c7] vsock rx TO_PEER payload=194 wire=199 t=1.226934
MTLSGUARD: [c7] tcp tx 194 handshake bytes to peer
MTLSGUARD: [c7] vsock rx NEED_PEER payload=0 wire=5 t=1.228904
MTLSGUARD: [c7] tcp rx one handshake record from peer: 127 bytes (type 0x16)
MTLSGUARD: [c7] vsock tx FROM_PEER payload=127 wire=132 t=1.231266
MTLSGUARD: [c7] vsock rx TO_PEER payload=6 wire=11 t=1.232418
MTLSGUARD: [c7] tcp tx 6 handshake bytes to peer
MTLSGUARD: [c7] vsock rx NEED_PEER payload=0 wire=5 t=1.234294
MTLSGUARD: [c7] tcp rx one handshake record from peer: 6 bytes (type 0x14)
MTLSGUARD: [c7] vsock tx FROM_PEER payload=6 wire=11 t=1.236622
MTLSGUARD: [c7] vsock rx NEED_PEER payload=0 wire=5 t=1.237718
MTLSGUARD: [c7] tcp rx one handshake record from peer: 695 bytes (type 0x17)
MTLSGUARD: [c7] vsock tx FROM_PEER payload=695 wire=700 t=1.240062
MTLSGUARD: [c7] vsock rx TO_PEER payload=610 wire=615 t=1.241207
MTLSGUARD: [c7] tcp tx 610 handshake bytes to peer
MTLSGUARD: [c7] vsock rx SECRETS payload=194 wire=199 t=1.243150
MTLSGUARD: [c7] record layer installed: TLS_AES_128_GCM_SHA256 tx_seq=0 rx_seq=0; key/iv derived in the guest by HKDF-Expand-Label(SHA-256) from the traffic secrets and equal to rustls' key/iv (tx and rx); peer identity (from host) spiffe://overdrive.test/ns/default/sa/peer-allowed; app write() EAGAINs during the handshake=2, read() EAGAINs=0 t=1.244248
MTLSGUARD: [c7] vsock summary: rx TO_PEER x3 (810 B), NEED_PEER x3; tx FROM_PEER 828 B; closing vsock (agent leaves the data path) t=1.250099
MTLSGUARD: [c7] app readiness none-> OUT (published by the guard) t=1.252479
MTLSGUARD: [c7] connect 192.168.204.1:6447: handshake done after 46131 us; RX pump running t=1.253781
IGKM-F: N3 epoll-ET 1-byte-reads epoll_wait -> OUT (ET) after 6 empty 1-ms probes t=1.255477
IGKM-F: N3 epoll-ET 1-byte-reads EPOLLOUT observed 42612 us after connect() returned; during the wait: 6 empty epoll_wait probes, early write() -> EAGAIN x2, other results x0, EPOLLIN-before-EPOLLOUT x0 t=1.257033
MTLSGUARD: [c7] tx record gen=0 seq=0 appdata plaintext=32 wire=54 (outer 0x17, inner 0x17) t=1.260562
IGKM-F: N3 epoll-ET 1-byte-reads wrote 32 bytes: IGKM-E-REQB et-bulk guest->peer
[    1.263633] Info: [libvirtio_vsock] <virtio_vsock.c @ 1021> Got packet to port 6 without socket
MTLSGUARD: [c7] rx record gen=0 seq=0 wire=184 inner=0x16 plaintext=162 t=1.274471
MTLSGUARD: [c7] rx post-handshake NewSessionTicket #1 (77 B body) in record seq=0 -> discarded (no resumption) t=1.275875
MTLSGUARD: [c7] rx post-handshake NewSessionTicket #2 (77 B body) in record seq=0 -> discarded (no resumption) t=1.277903
MTLSGUARD: [c7] rx record gen=0 seq=1 wire=55 inner=0x17 plaintext=33 t=1.279993
MTLSGUARD: [c7] app readiness OUT -> IN OUT (published by the guard) t=1.281359
MTLSGUARD: [c7] app readiness IN OUT -> OUT (published by the guard) t=1.282800
MTLSGUARD: [c7] rx record gen=0 seq=2 wire=16406 inner=0x17 plaintext=16384 t=1.284227
MTLSGUARD: [c7] app readiness OUT -> IN OUT (published by the guard) t=1.285670
MTLSGUARD: [c7] app readiness IN OUT -> OUT (published by the guard) t=1.293735
MTLSGUARD: [c7] rx record gen=0 seq=3 wire=16406 inner=0x17 plaintext=16384 t=1.295152
MTLSGUARD: [c7] app readiness OUT -> IN OUT (published by the guard) t=1.296591
MTLSGUARD: [c7] app readiness IN OUT -> OUT (published by the guard) t=1.304642
MTLSGUARD: [c7] rx record gen=0 seq=4 wire=7254 inner=0x17 plaintext=7232 t=1.306024
MTLSGUARD: [c7] app readiness OUT -> IN OUT (published by the guard) t=1.307431
MTLSGUARD: [c7] app readiness IN OUT -> OUT (published by the guard) t=1.311740
IGKM-F: N3 read IGKM-E-RESPB et-bulk peer->guest
IGKM-F: N3 received 40033 bytes in 40033 one-byte read()s over 4 EPOLLIN (ET) wakeups, spurious=0, in 50 ms; bulk 40000 bytes fnv1a32=0xccf62e40, bytes differing from the pattern=0
MTLSGUARD: [c7] close: state=established tx records=1 rx records=4 NewSessionTickets discarded=2 KeyUpdates rx=0 tx=0
MTLSGUARD: [c7] tx record gen=0 seq=1 close_notify plaintext=2 wire=24 (outer 0x17, inner 0x15) t=1.318978
IGKM-F: VERDICT N3 nb-epoll-ET-1byte-bulk=PASS
IGKM-F: N4 poll 1-byte-per-wakeup non-blocking connect(192.168.204.1:6445) t=1.322590
MTLSGUARD: [c8] connect 192.168.204.1:6445: mesh destination, NON-BLOCKING connect (lwIP connect returned -115) t=1.324082
MTLSGUARD: [c8] guard driver installed on 192.168.204.1:6445: lwIP raw readiness 0x0, app readiness 0x0 (withheld until the record layer is installed) t=1.326149
MTLSGUARD: [c8] connect 192.168.204.1:6445: returning EINPROGRESS now; the guard thread drives TCP + handshake t=1.328947
IGKM-F: N4 poll 1-byte-per-wakeup connect() returned -1 errno=115 (Operation now in progress) after 6943 us t=1.330971
IGKM-F: N4 poll 1-byte-per-wakeup poll(POLLIN|POLLOUT, 0 ms) right after connect() = 0 revents=0x0 t=1.332975
MTLSGUARD: [c8] write() of 40 B before the record layer is installed -> EAGAIN, 0 bytes to lwIP t=1.334790
IGKM-F: N4 poll 1-byte-per-wakeup write(40 bytes) before EPOLLOUT returned -1 errno=11 (Resource temporarily unavailable) t=1.336568
MTLSGUARD: [c8] TCP connected after 14686 us (lwIP raw EPOLLOUT at t=1.332967); the app still sees no EPOLLOUT -> relay the handshake
MTLSGUARD: [c8] vsock connected to host relay (cid 2 port 7100) t=1.341178
MTLSGUARD: [c8] vsock tx OPEN payload=7 wire=12 t=1.342445
MTLSGUARD: [c8] vsock rx TO_PEER payload=194 wire=199 t=1.343459
MTLSGUARD: [c8] tcp tx 194 handshake bytes to peer
MTLSGUARD: [c8] vsock rx NEED_PEER payload=0 wire=5 t=1.345435
MTLSGUARD: [c8] tcp rx one handshake record from peer: 127 bytes (type 0x16)
MTLSGUARD: [c8] vsock tx FROM_PEER payload=127 wire=132 t=1.347812
MTLSGUARD: [c8] vsock rx TO_PEER payload=6 wire=11 t=1.348965
MTLSGUARD: [c8] tcp tx 6 handshake bytes to peer
MTLSGUARD: [c8] vsock rx NEED_PEER payload=0 wire=5 t=1.350823
MTLSGUARD: [c8] tcp rx one handshake record from peer: 6 bytes (type 0x14)
MTLSGUARD: [c8] vsock tx FROM_PEER payload=6 wire=11 t=1.353139
MTLSGUARD: [c8] vsock rx NEED_PEER payload=0 wire=5 t=1.354233
MTLSGUARD: [c8] tcp rx one handshake record from peer: 695 bytes (type 0x17)
MTLSGUARD: [c8] vsock tx FROM_PEER payload=695 wire=700 t=1.356569
MTLSGUARD: [c8] vsock rx TO_PEER payload=608 wire=613 t=1.357713
MTLSGUARD: [c8] tcp tx 608 handshake bytes to peer
MTLSGUARD: [c8] vsock rx SECRETS payload=194 wire=199 t=1.359648
MTLSGUARD: [c8] record layer installed: TLS_AES_128_GCM_SHA256 tx_seq=0 rx_seq=0; key/iv derived in the guest by HKDF-Expand-Label(SHA-256) from the traffic secrets and equal to rustls' key/iv (tx and rx); peer identity (from host) spiffe://overdrive.test/ns/default/sa/peer-allowed; app write() EAGAINs during the handshake=2, read() EAGAINs=0 t=1.360743
MTLSGUARD: [c8] vsock summary: rx TO_PEER x3 (808 B), NEED_PEER x3; tx FROM_PEER 828 B; closing vsock (agent leaves the data path) t=1.366622
MTLSGUARD: [c8] app readiness none-> OUT (published by the guard) t=1.369004
MTLSGUARD: [c8] connect 192.168.204.1:6445: handshake done after 46221 us; RX pump running t=1.370303
IGKM-F: N4 poll -> revents=0x4 after 6 empty 1-ms polls, 41035 us after connect(); early write() -> EAGAIN x2 t=1.372004
[    1.374024] Info: [libvirtio_vsock] <virtio_vsock.c @ 1021> Got packet to port 7 without socket
MTLSGUARD: [c8] rx record gen=0 seq=0 wire=184 inner=0x16 plaintext=162 t=1.391465
MTLSGUARD: [c8] rx post-handshake NewSessionTicket #1 (77 B body) in record seq=0 -> discarded (no resumption) t=1.392845
MTLSGUARD: [c8] rx post-handshake NewSessionTicket #2 (77 B body) in record seq=0 -> discarded (no resumption) t=1.394869
MTLSGUARD: [c8] rx record gen=0 seq=1 wire=63 inner=0x17 plaintext=41 t=1.435730
MTLSGUARD: [c8] app readiness OUT -> IN OUT (published by the guard) t=1.437097
MTLSGUARD: [c8] app readiness IN OUT -> OUT (published by the guard) t=1.438474
IGKM-F: N4 read 41 bytes one per poll() wakeup: IGKM-E-GREETING server-first peer->guest
MTLSGUARD: [c8] tx record gen=0 seq=0 appdata plaintext=35 wire=57 (outer 0x17, inner 0x17) t=1.441290
IGKM-F: N4 poll 1-byte-per-wakeup wrote 35 bytes: IGKM-E-REQP poll-1byte guest->peer
MTLSGUARD: [c8] rx record gen=0 seq=2 wire=58 inner=0x17 plaintext=36 t=1.444461
MTLSGUARD: [c8] app readiness OUT -> IN OUT (published by the guard) t=1.445803
MTLSGUARD: [c8] app readiness IN OUT -> OUT (published by the guard) t=1.447181
IGKM-F: N4 read 36 bytes one per poll() wakeup: IGKM-E-RESPP poll-1byte peer->guest
IGKM-F: N4 POLLIN wakeups=77 for 77 bytes (level-triggered readiness kept while plaintext stays buffered), spurious=0
MTLSGUARD: [c8] close: state=established tx records=1 rx records=2 NewSessionTickets discarded=2 KeyUpdates rx=0 tx=0
MTLSGUARD: [c8] tx record gen=0 seq=1 close_notify plaintext=2 wire=24 (outer 0x17, inner 0x15) t=1.453832
IGKM-F: VERDICT N4 nb-poll-1byte-server-first=PASS
IGKM-F: K keyupdate non-blocking connect(192.168.204.1:6446) t=1.457533
MTLSGUARD: [c9] connect 192.168.204.1:6446: mesh destination, NON-BLOCKING connect (lwIP connect returned -115) t=1.458750
MTLSGUARD: [c9] guard driver installed on 192.168.204.1:6446: lwIP raw readiness 0x0, app readiness 0x0 (withheld until the record layer is installed) t=1.460814
MTLSGUARD: [c9] connect 192.168.204.1:6446: returning EINPROGRESS now; the guard thread drives TCP + handshake t=1.463503
IGKM-F: K keyupdate connect() returned -1 errno=115 (Operation now in progress) after 6788 us t=1.465523
IGKM-F: K keyupdate poll(POLLIN|POLLOUT, 0 ms) right after connect() = 0 revents=0x0 t=1.467337
MTLSGUARD: [c9] write() of 40 B before the record layer is installed -> EAGAIN, 0 bytes to lwIP t=1.468934
IGKM-F: K keyupdate write(40 bytes) before EPOLLOUT returned -1 errno=11 (Resource temporarily unavailable) t=1.470699
MTLSGUARD: [c9] TCP connected after 13925 us (lwIP raw EPOLLOUT at t=1.467329); the app still sees no EPOLLOUT -> relay the handshake
MTLSGUARD: [c9] vsock connected to host relay (cid 2 port 7100) t=1.475110
MTLSGUARD: [c9] vsock tx OPEN payload=7 wire=12 t=1.476371
MTLSGUARD: [c9] vsock rx TO_PEER payload=194 wire=199 t=1.477385
MTLSGUARD: [c9] tcp tx 194 handshake bytes to peer
MTLSGUARD: [c9] vsock rx NEED_PEER payload=0 wire=5 t=1.479359
MTLSGUARD: [c9] tcp rx one handshake record from peer: 127 bytes (type 0x16)
MTLSGUARD: [c9] vsock tx FROM_PEER payload=127 wire=132 t=1.481718
MTLSGUARD: [c9] vsock rx TO_PEER payload=6 wire=11 t=1.482862
MTLSGUARD: [c9] tcp tx 6 handshake bytes to peer
MTLSGUARD: [c9] vsock rx NEED_PEER payload=0 wire=5 t=1.484731
MTLSGUARD: [c9] tcp rx one handshake record from peer: 6 bytes (type 0x14)
MTLSGUARD: [c9] vsock tx FROM_PEER payload=6 wire=11 t=1.487053
MTLSGUARD: [c9] vsock rx NEED_PEER payload=0 wire=5 t=1.488148
MTLSGUARD: [c9] tcp rx one handshake record from peer: 695 bytes (type 0x17)
MTLSGUARD: [c9] vsock tx FROM_PEER payload=695 wire=700 t=1.490490
MTLSGUARD: [c9] vsock rx TO_PEER payload=610 wire=615 t=1.491636
MTLSGUARD: [c9] tcp tx 610 handshake bytes to peer
MTLSGUARD: [c9] vsock rx SECRETS payload=194 wire=199 t=1.493583
MTLSGUARD: [c9] record layer installed: TLS_AES_128_GCM_SHA256 tx_seq=0 rx_seq=0; key/iv derived in the guest by HKDF-Expand-Label(SHA-256) from the traffic secrets and equal to rustls' key/iv (tx and rx); peer identity (from host) spiffe://overdrive.test/ns/default/sa/peer-allowed; app write() EAGAINs during the handshake=2, read() EAGAINs=0 t=1.494681
MTLSGUARD: [c9] vsock summary: rx TO_PEER x3 (810 B), NEED_PEER x3; tx FROM_PEER 828 B; closing vsock (agent leaves the data path) t=1.500554
MTLSGUARD: [c9] app readiness none-> OUT (published by the guard) t=1.502946
MTLSGUARD: [c9] connect 192.168.204.1:6446: handshake done after 45499 us; RX pump running t=1.504249
IGKM-F: K keyupdate epoll_wait -> OUT (LT) after 6 empty 1-ms probes t=1.505951
IGKM-F: K keyupdate EPOLLOUT observed 41761 us after connect() returned; during the wait: 6 empty epoll_wait probes, early write() -> EAGAIN x2, other results x0, EPOLLIN-before-EPOLLOUT x0 t=1.507285
MTLSGUARD: [c9] tx record gen=0 seq=0 appdata plaintext=35 wire=57 (outer 0x17, inner 0x17) t=1.510604
IGKM-F: K keyupdate wrote 35 bytes: IGKM-E-REQK1 keyupdate guest->peer
[    1.513503] Info: [libvirtio_vsock] <virtio_vsock.c @ 1021> Got packet to port 8 without socket
MTLSGUARD: [c9] rx record gen=0 seq=0 wire=184 inner=0x16 plaintext=162 t=1.525586
MTLSGUARD: [c9] rx post-handshake NewSessionTicket #1 (77 B body) in record seq=0 -> discarded (no resumption) t=1.526978
MTLSGUARD: [c9] rx post-handshake NewSessionTicket #2 (77 B body) in record seq=0 -> discarded (no resumption) t=1.528992
MTLSGUARD: [c9] rx record gen=0 seq=1 wire=27 inner=0x16 plaintext=5 t=1.685940
MTLSGUARD: [c9] rx KeyUpdate(update_requested) in record seq=1 -> rx traffic secret N+1 = HKDF-Expand-Label(secret_N, "traffic upd"), rx keys now generation 1, rx seq 0 t=1.687292
MTLSGUARD: [c9] tx record gen=0 seq=1 KeyUpdate(update_not_requested) plaintext=5 wire=27 (outer 0x17, inner 0x16) t=1.690263
MTLSGUARD: [c9] sent KeyUpdate(update_not_requested) under the old tx keys, then tx keys -> generation 1, tx seq 0 t=1.692352
MTLSGUARD: [c9] rx record gen=1 seq=0 wire=58 inner=0x17 plaintext=36 t=1.694438
MTLSGUARD: [c9] app readiness OUT -> IN OUT (published by the guard) t=1.695796
MTLSGUARD: [c9] app readiness IN OUT -> OUT (published by the guard) t=1.697140
IGKM-F: K keyupdate read 36 bytes: IGKM-E-RESPK1 keyupdate peer->guest
MTLSGUARD: [c9] tx record gen=1 seq=0 appdata plaintext=35 wire=57 (outer 0x17, inner 0x17) t=1.699661
IGKM-F: K keyupdate wrote 35 bytes: IGKM-E-REQK2 keyupdate guest->peer
MTLSGUARD: [c9] rx record gen=1 seq=1 wire=27 inner=0x16 plaintext=5 t=1.737353
MTLSGUARD: [c9] rx KeyUpdate(update_requested) in record seq=1 -> rx traffic secret N+1 = HKDF-Expand-Label(secret_N, "traffic upd"), rx keys now generation 2, rx seq 0 t=1.738704
MTLSGUARD: [c9] tx record gen=1 seq=1 KeyUpdate(update_not_requested) plaintext=5 wire=27 (outer 0x17, inner 0x16) t=1.741679
MTLSGUARD: [c9] sent KeyUpdate(update_not_requested) under the old tx keys, then tx keys -> generation 2, tx seq 0 t=1.743768
MTLSGUARD: [c9] rx record gen=2 seq=0 wire=58 inner=0x17 plaintext=36 t=1.746039
MTLSGUARD: [c9] app readiness OUT -> IN OUT (published by the guard) t=1.747427
MTLSGUARD: [c9] app readiness IN OUT -> OUT (published by the guard) t=1.748779
IGKM-F: K keyupdate read 36 bytes: IGKM-E-RESPK2 keyupdate peer->guest
MTLSGUARD: [c9] tx record gen=2 seq=0 appdata plaintext=35 wire=57 (outer 0x17, inner 0x17) t=1.751316
IGKM-F: K keyupdate wrote 35 bytes: IGKM-E-REQK3 keyupdate guest->peer
MTLSGUARD: [c9] rx record gen=2 seq=1 wire=27 inner=0x16 plaintext=5 t=1.754265
MTLSGUARD: [c9] rx KeyUpdate(update_requested) in record seq=1 -> rx traffic secret N+1 = HKDF-Expand-Label(secret_N, "traffic upd"), rx keys now generation 3, rx seq 0 t=1.755605
MTLSGUARD: [c9] tx record gen=2 seq=1 KeyUpdate(update_not_requested) plaintext=5 wire=27 (outer 0x17, inner 0x16) t=1.758575
MTLSGUARD: [c9] sent KeyUpdate(update_not_requested) under the old tx keys, then tx keys -> generation 3, tx seq 0 t=1.760664
MTLSGUARD: [c9] rx record gen=3 seq=0 wire=58 inner=0x17 plaintext=36 t=1.763009
MTLSGUARD: [c9] app readiness OUT -> IN OUT (published by the guard) t=1.764358
MTLSGUARD: [c9] app readiness IN OUT -> OUT (published by the guard) t=1.765686
IGKM-F: K keyupdate read 36 bytes: IGKM-E-RESPK3 keyupdate peer->guest
IGKM-F: K 3 exchanges, EPOLLIN wakeups=3 spurious=0
MTLSGUARD: [c9] close: state=established tx records=3 rx records=3 NewSessionTickets discarded=2 KeyUpdates rx=3 tx=3
MTLSGUARD: [c9] tx record gen=3 seq=0 close_notify plaintext=2 wire=24 (outer 0x17, inner 0x15) t=1.771033
IGKM-F: VERDICT K keyupdate=PASS
IGKM-F: R1 raw-nst non-blocking connect(192.168.204.1:6448) t=1.774452
MTLSGUARD: [c10] connect 192.168.204.1:6448: mesh destination, NON-BLOCKING connect (lwIP connect returned -115) t=1.775701
MTLSGUARD: [c10] guard driver installed on 192.168.204.1:6448: lwIP raw readiness 0x0, app readiness 0x0 (withheld until the record layer is installed) t=1.777778
MTLSGUARD: [c10] connect 192.168.204.1:6448: returning EINPROGRESS now; the guard thread drives TCP + handshake t=1.780553
IGKM-F: R1 raw-nst connect() returned -1 errno=115 (Operation now in progress) after 6948 us t=1.782589
IGKM-F: R1 raw-nst poll(POLLIN|POLLOUT, 0 ms) right after connect() = 0 revents=0x0 t=1.784395
MTLSGUARD: [c10] write() of 40 B before the record layer is installed -> EAGAIN, 0 bytes to lwIP t=1.785984
IGKM-F: R1 raw-nst write(40 bytes) before EPOLLOUT returned -1 errno=11 (Resource temporarily unavailable) t=1.787765
MTLSGUARD: [c10] TCP connected after 14036 us (lwIP raw EPOLLOUT at t=1.784387); the app still sees no EPOLLOUT -> relay the handshake
MTLSGUARD: [c10] vsock connected to host relay (cid 2 port 7100) t=1.792233
MTLSGUARD: [c10] vsock tx OPEN payload=7 wire=12 t=1.793511
MTLSGUARD: [c10] vsock rx TO_PEER payload=194 wire=199 t=1.794542
MTLSGUARD: [c10] tcp tx 194 handshake bytes to peer
MTLSGUARD: [c10] vsock rx NEED_PEER payload=0 wire=5 t=1.796552
MTLSGUARD: [c10] tcp rx one handshake record from peer: 127 bytes (type 0x16)
MTLSGUARD: [c10] vsock tx FROM_PEER payload=127 wire=132 t=1.798956
MTLSGUARD: [c10] vsock rx TO_PEER payload=6 wire=11 t=1.800116
MTLSGUARD: [c10] tcp tx 6 handshake bytes to peer
MTLSGUARD: [c10] vsock rx NEED_PEER payload=0 wire=5 t=1.802014
MTLSGUARD: [c10] tcp rx one handshake record from peer: 6 bytes (type 0x14)
MTLSGUARD: [c10] vsock tx FROM_PEER payload=6 wire=11 t=1.804353
MTLSGUARD: [c10] vsock rx NEED_PEER payload=0 wire=5 t=1.805462
MTLSGUARD: [c10] tcp rx one handshake record from peer: 695 bytes (type 0x17)
MTLSGUARD: [c10] vsock tx FROM_PEER payload=695 wire=700 t=1.807833
MTLSGUARD: [c10] vsock rx TO_PEER payload=610 wire=615 t=1.809003
MTLSGUARD: [c10] tcp tx 610 handshake bytes to peer
MTLSGUARD: [c10] vsock rx SECRETS payload=194 wire=199 t=1.810976
MTLSGUARD: [c10] record layer installed: TLS_AES_128_GCM_SHA256 tx_seq=0 rx_seq=0; key/iv derived in the guest by HKDF-Expand-Label(SHA-256) from the traffic secrets and equal to rustls' key/iv (tx and rx); peer identity (from host) spiffe://overdrive.test/ns/default/sa/peer-allowed; app write() EAGAINs during the handshake=2, read() EAGAINs=0 t=1.812089
MTLSGUARD: [c10] vsock summary: rx TO_PEER x3 (810 B), NEED_PEER x3; tx FROM_PEER 828 B; closing vsock (agent leaves the data path) t=1.817955
MTLSGUARD: [c10] app readiness none-> OUT (published by the guard) t=1.820339
MTLSGUARD: [c10] connect 192.168.204.1:6448: handshake done after 45954 us; RX pump running t=1.821655
IGKM-F: R1 raw-nst epoll_wait -> OUT (LT) after 6 empty 1-ms probes t=1.823370
IGKM-F: R1 raw-nst EPOLLOUT observed 42100 us after connect() returned; during the wait: 6 empty epoll_wait probes, early write() -> EAGAIN x2, other results x0, EPOLLIN-before-EPOLLOUT x0 t=1.824689
[    1.828007] Info: [libvirtio_vsock] <virtio_vsock.c @ 1021> Got packet to port 9 without socket
MTLSGUARD: [c10] rx record gen=0 seq=0 wire=99 inner=0x16 plaintext=77 t=1.842405
MTLSGUARD: [c10] rx post-handshake NewSessionTicket #1 (53 B body) in record seq=0 -> discarded (no resumption) t=1.843771
MTLSGUARD: [c10] rx handshake message continues in the next record (20 B buffered)
MTLSGUARD: [c10] rx record gen=0 seq=1 wire=59 inner=0x16 plaintext=37 t=1.847192
MTLSGUARD: [c10] rx post-handshake NewSessionTicket #2 (53 B body) in record seq=1 -> discarded (no resumption) t=1.848551
MTLSGUARD: [c10] rx record gen=0 seq=2 wire=136 inner=0x16 plaintext=114 t=1.850585
MTLSGUARD: [c10] rx post-handshake NewSessionTicket #3 (53 B body) in record seq=2 -> discarded (no resumption) t=1.851989
MTLSGUARD: [c10] rx post-handshake NewSessionTicket #4 (53 B body) in record seq=2 -> discarded (no resumption) t=1.854025
MTLSGUARD: [c10] rx record gen=0 seq=3 wire=58 inner=0x17 plaintext=36 t=1.856060
MTLSGUARD: [c10] app readiness OUT -> IN OUT (published by the guard) t=1.857421
MTLSGUARD: [c10] app readiness IN OUT -> OUT (published by the guard) t=1.858774
IGKM-F: R1 raw-nst read 36 bytes: IGKM-E-GREETING raw-nst peer->guest
MTLSGUARD: [c10] tx record gen=0 seq=0 appdata plaintext=32 wire=54 (outer 0x17, inner 0x17) t=1.861303
IGKM-F: R1 raw-nst wrote 32 bytes: IGKM-E-REQR raw-nst guest->peer
MTLSGUARD: [c10] rx record gen=0 seq=4 wire=27 inner=0x16 plaintext=5 t=1.864204
MTLSGUARD: [c10] rx KeyUpdate(update_not_requested) in record seq=4 -> rx traffic secret N+1 = HKDF-Expand-Label(secret_N, "traffic upd"), rx keys now generation 1, rx seq 0 t=1.865554
MTLSGUARD: [c10] rx record gen=1 seq=0 wire=55 inner=0x17 plaintext=33 t=1.868607
MTLSGUARD: [c10] app readiness OUT -> IN OUT (published by the guard) t=1.869987
MTLSGUARD: [c10] app readiness IN OUT -> OUT (published by the guard) t=1.871332
IGKM-F: R1 raw-nst read 33 bytes: IGKM-E-RESPR raw-nst peer->guest
MTLSGUARD: [c10] tx record gen=0 seq=1 appdata plaintext=41 wire=63 (outer 0x17, inner 0x17) t=1.873790
IGKM-F: R1 raw-nst wrote 41 bytes: IGKM-E-REQR2 after-keyupdate guest->peer
MTLSGUARD: [c10] rx record gen=1 seq=1 wire=64 inner=0x17 plaintext=42 t=1.876861
MTLSGUARD: [c10] app readiness OUT -> IN OUT (published by the guard) t=1.878222
MTLSGUARD: [c10] app readiness IN OUT -> OUT (published by the guard) t=1.879567
IGKM-F: R1 raw-nst read 42 bytes: IGKM-E-RESPR2 after-keyupdate peer->guest
IGKM-F: R1 EPOLLIN wakeups=3 spurious=0
MTLSGUARD: [c10] close: state=established tx records=2 rx records=3 NewSessionTickets discarded=4 KeyUpdates rx=1 tx=0
MTLSGUARD: [c10] tx record gen=0 seq=2 close_notify plaintext=2 wire=24 (outer 0x17, inner 0x15) t=1.884826
IGKM-F: VERDICT R1 raw-nst-keyupdate-not-requested=PASS
IGKM-F: R2 raw-unexpected non-blocking connect(192.168.204.1:6449) t=1.888612
MTLSGUARD: [c11] connect 192.168.204.1:6449: mesh destination, NON-BLOCKING connect (lwIP connect returned -115) t=1.890047
MTLSGUARD: [c11] guard driver installed on 192.168.204.1:6449: lwIP raw readiness 0x0, app readiness 0x0 (withheld until the record layer is installed) t=1.892097
MTLSGUARD: [c11] connect 192.168.204.1:6449: returning EINPROGRESS now; the guard thread drives TCP + handshake t=1.894881
IGKM-F: R2 raw-unexpected connect() returned -1 errno=115 (Operation now in progress) after 7000 us t=1.896921
IGKM-F: R2 raw-unexpected poll(POLLIN|POLLOUT, 0 ms) right after connect() = 0 revents=0x0 t=1.898781
MTLSGUARD: [c11] write() of 40 B before the record layer is installed -> EAGAIN, 0 bytes to lwIP t=1.900479
IGKM-F: R2 raw-unexpected write(40 bytes) before EPOLLOUT returned -1 errno=11 (Resource temporarily unavailable) t=1.902270
MTLSGUARD: [c11] TCP connected after 14299 us (lwIP raw EPOLLOUT at t=1.898774); the app still sees no EPOLLOUT -> relay the handshake
MTLSGUARD: [c11] vsock connected to host relay (cid 2 port 7100) t=1.906819
MTLSGUARD: [c11] vsock tx OPEN payload=7 wire=12 t=1.908128
MTLSGUARD: [c11] vsock rx TO_PEER payload=194 wire=199 t=1.909159
MTLSGUARD: [c11] tcp tx 194 handshake bytes to peer
MTLSGUARD: [c11] vsock rx NEED_PEER payload=0 wire=5 t=1.911167
MTLSGUARD: [c11] tcp rx one handshake record from peer: 127 bytes (type 0x16)
MTLSGUARD: [c11] vsock tx FROM_PEER payload=127 wire=132 t=1.913574
MTLSGUARD: [c11] vsock rx TO_PEER payload=6 wire=11 t=1.914738
MTLSGUARD: [c11] tcp tx 6 handshake bytes to peer
MTLSGUARD: [c11] vsock rx NEED_PEER payload=0 wire=5 t=1.916662
MTLSGUARD: [c11] tcp rx one handshake record from peer: 6 bytes (type 0x14)
MTLSGUARD: [c11] vsock tx FROM_PEER payload=6 wire=11 t=1.919019
MTLSGUARD: [c11] vsock rx NEED_PEER payload=0 wire=5 t=1.920132
MTLSGUARD: [c11] tcp rx one handshake record from peer: 695 bytes (type 0x17)
MTLSGUARD: [c11] vsock tx FROM_PEER payload=695 wire=700 t=1.922505
MTLSGUARD: [c11] vsock rx TO_PEER payload=609 wire=614 t=1.923668
MTLSGUARD: [c11] tcp tx 609 handshake bytes to peer
MTLSGUARD: [c11] vsock rx SECRETS payload=194 wire=199 t=1.925641
MTLSGUARD: [c11] record layer installed: TLS_AES_128_GCM_SHA256 tx_seq=0 rx_seq=0; key/iv derived in the guest by HKDF-Expand-Label(SHA-256) from the traffic secrets and equal to rustls' key/iv (tx and rx); peer identity (from host) spiffe://overdrive.test/ns/default/sa/peer-allowed; app write() EAGAINs during the handshake=2, read() EAGAINs=0 t=1.926754
MTLSGUARD: [c11] vsock summary: rx TO_PEER x3 (809 B), NEED_PEER x3; tx FROM_PEER 828 B; closing vsock (agent leaves the data path) t=1.932622
MTLSGUARD: [c11] app readiness none-> OUT (published by the guard) t=1.935011
MTLSGUARD: [c11] connect 192.168.204.1:6449: handshake done after 46281 us; RX pump running t=1.936328
IGKM-F: R2 raw-unexpected epoll_wait -> OUT (LT) after 6 empty 1-ms probes t=1.938040
IGKM-F: R2 raw-unexpected EPOLLOUT observed 42575 us after connect() returned; during the wait: 6 empty epoll_wait probes, early write() -> EAGAIN x2, other results x0, EPOLLIN-before-EPOLLOUT x0 t=1.939496
[    1.942931] Info: [libvirtio_vsock] <virtio_vsock.c @ 1021> Got packet to port 10 without socket
MTLSGUARD: [c11] rx record gen=0 seq=0 wire=79 inner=0x16 plaintext=57 t=1.956585
MTLSGUARD: [c11] rx post-handshake NewSessionTicket #1 (53 B body) in record seq=0 -> discarded (no resumption) t=1.957957
MTLSGUARD: [c11] rx record gen=0 seq=1 wire=29 inner=0x16 plaintext=7 t=1.959991
MTLSGUARD: [c11] FAIL CLOSED: unexpected post-handshake handshake message type 13 (CertificateRequest) -> read()/write() now return -71, fatal alert sent t=1.961333
MTLSGUARD: [c11] tx record gen=0 seq=0 fatal alert plaintext=2 wire=24 (outer 0x17, inner 0x15) t=1.964061
MTLSGUARD: [c11] TX drained -> lwIP shutdown(SHUT_RDWR) t=1.965857
IGKM-F: R2 epoll events=IN ERR  read result=1 n=-71 (Protocol error); application bytes delivered=0
MTLSGUARD: [c11] close: state=established tx records=0 rx records=0 NewSessionTickets discarded=1 KeyUpdates rx=0 tx=0
IGKM-F: VERDICT R2 raw-unexpected-message=PASS
IGKM-F: N5 nb-deny non-blocking connect(192.168.204.1:6444) t=1.972484
MTLSGUARD: [c12] connect 192.168.204.1:6444: mesh destination, NON-BLOCKING connect (lwIP connect returned -115) t=1.973683
MTLSGUARD: [c12] guard driver installed on 192.168.204.1:6444: lwIP raw readiness 0x0, app readiness 0x0 (withheld until the record layer is installed) t=1.975760
MTLSGUARD: [c12] connect 192.168.204.1:6444: returning EINPROGRESS now; the guard thread drives TCP + handshake t=1.978486
IGKM-F: N5 nb-deny connect() returned -1 errno=115 (Operation now in progress) after 6856 us t=1.980524
IGKM-F: N5 nb-deny poll(POLLIN|POLLOUT, 0 ms) right after connect() = 0 revents=0x0 t=1.982283
MTLSGUARD: [c12] write() of 40 B before the record layer is installed -> EAGAIN, 0 bytes to lwIP t=1.983863
IGKM-F: N5 nb-deny write(40 bytes) before EPOLLOUT returned -1 errno=11 (Resource temporarily unavailable) t=1.985644
MTLSGUARD: [c12] TCP connected after 13919 us (lwIP raw EPOLLOUT at t=1.982275); the app still sees no EPOLLOUT -> relay the handshake
MTLSGUARD: [c12] vsock connected to host relay (cid 2 port 7100) t=1.990080
MTLSGUARD: [c12] vsock tx OPEN payload=7 wire=12 t=1.991376
MTLSGUARD: [c12] vsock rx TO_PEER payload=194 wire=199 t=1.992408
MTLSGUARD: [c12] tcp tx 194 handshake bytes to peer
MTLSGUARD: [c12] vsock rx NEED_PEER payload=0 wire=5 t=1.994413
MTLSGUARD: [c12] tcp rx one handshake record from peer: 127 bytes (type 0x16)
MTLSGUARD: [c12] vsock tx FROM_PEER payload=127 wire=132 t=1.996807
MTLSGUARD: [c12] vsock rx TO_PEER payload=6 wire=11 t=1.997979
MTLSGUARD: [c12] tcp tx 6 handshake bytes to peer
MTLSGUARD: [c12] vsock rx NEED_PEER payload=0 wire=5 t=1.999880
MTLSGUARD: [c12] tcp rx one handshake record from peer: 6 bytes (type 0x14)
MTLSGUARD: [c12] vsock tx FROM_PEER payload=6 wire=11 t=2.002216
MTLSGUARD: [c12] vsock rx NEED_PEER payload=0 wire=5 t=2.003330
MTLSGUARD: [c12] tcp rx one handshake record from peer: 694 bytes (type 0x17)
MTLSGUARD: [c12] vsock tx FROM_PEER payload=694 wire=699 t=2.005704
MTLSGUARD: [c12] vsock rx DENY payload=206 wire=211 t=2.006881
MTLSGUARD: [c12] host DENY: policy deny: local spiffe://overdrive.test/ns/default/sa/guest-client <-> peer spiffe://overdrive.test/ns/default/sa/peer-denied (handshake aborted: invalid peer certificate: ApplicationVerificationFailure)
MTLSGUARD: [c12] vsock summary: rx TO_PEER x2 (200 B), NEED_PEER x3; tx FROM_PEER 827 B; closing vsock (agent leaves the data path) t=2.011802
MTLSGUARD: [c12] connect 192.168.204.1:6444: FAIL closed (-13), TCP shut down, no application data sent (after 40541 us) t=2.014224
IGKM-F: N5 nb-deny epoll_wait -> ERR HUP (LT) after 6 empty 1-ms probes t=2.016461
IGKM-F: N5 nb-deny wait result=1 events=ERR HUP  SO_ERROR=13 (Permission denied), SO_ERROR again=0, write() afterwards=-1 errno=13 (Permission denied) t=2.017856
MTLSGUARD: [c12] close: state=failed tx records=0 rx records=0 NewSessionTickets discarded=0 KeyUpdates rx=0 tx=0
IGKM-F: VERDICT N5 nb-deny=PASS
IGKM-F: E client-first blocking connect(192.168.204.1:6450) t=2.022997
[    2.024201] Info: [libvirtio_vsock] <virtio_vsock.c @ 1021> Got packet to port 11 without socket
MTLSGUARD: [c13] connect 192.168.204.1:6450: mesh destination, BLOCKING connect (lwIP connect returned 0) t=2.025986
MTLSGUARD: [c13] guard driver installed on 192.168.204.1:6450: lwIP raw readiness 0x104, app readiness 0x0 (withheld until the record layer is installed) t=2.027931
MTLSGUARD: [c13] vsock connected to host relay (cid 2 port 7100) t=2.030985
MTLSGUARD: [c13] vsock tx OPEN payload=7 wire=12 t=2.032272
MTLSGUARD: [c13] vsock rx TO_PEER payload=194 wire=199 t=2.033298
MTLSGUARD: [c13] tcp tx 194 handshake bytes to peer
MTLSGUARD: [c13] vsock rx NEED_PEER payload=0 wire=5 t=2.035303
MTLSGUARD: [c13] tcp rx one handshake record from peer: 127 bytes (type 0x16)
MTLSGUARD: [c13] vsock tx FROM_PEER payload=127 wire=132 t=2.037691
MTLSGUARD: [c13] vsock rx TO_PEER payload=6 wire=11 t=2.038856
MTLSGUARD: [c13] tcp tx 6 handshake bytes to peer
MTLSGUARD: [c13] vsock rx NEED_PEER payload=0 wire=5 t=2.040744
MTLSGUARD: [c13] tcp rx one handshake record from peer: 6 bytes (type 0x14)
MTLSGUARD: [c13] vsock tx FROM_PEER payload=6 wire=11 t=2.043086
MTLSGUARD: [c13] vsock rx NEED_PEER payload=0 wire=5 t=2.044192
MTLSGUARD: [c13] tcp rx one handshake record from peer: 696 bytes (type 0x17)
MTLSGUARD: [c13] vsock tx FROM_PEER payload=696 wire=701 t=2.046560
MTLSGUARD: [c13] vsock rx TO_PEER payload=609 wire=614 t=2.047718
MTLSGUARD: [c13] tcp tx 609 handshake bytes to peer
MTLSGUARD: [c13] vsock rx SECRETS payload=194 wire=199 t=2.049691
MTLSGUARD: [c13] record layer installed: TLS_AES_128_GCM_SHA256 tx_seq=0 rx_seq=0; key/iv derived in the guest by HKDF-Expand-Label(SHA-256) from the traffic secrets and equal to rustls' key/iv (tx and rx); peer identity (from host) spiffe://overdrive.test/ns/default/sa/peer-allowed; app write() EAGAINs during the handshake=0, read() EAGAINs=0 t=2.050806
MTLSGUARD: [c13] vsock summary: rx TO_PEER x3 (809 B), NEED_PEER x3; tx FROM_PEER 829 B; closing vsock (agent leaves the data path) t=2.056679
MTLSGUARD: [c13] app readiness none-> OUT (published by the guard) t=2.059066
MTLSGUARD: [c13] connect 192.168.204.1:6450: handshake done after 34396 us; RX pump running t=2.060382
[    2.062101] Info: [libvirtio_vsock] <virtio_vsock.c @ 1021> Got packet to port 12 without socket
MTLSGUARD: [c13] connect 192.168.204.1:6450: blocking hold released: connect() = 0 after 37772 us t=2.063758
IGKM-F: E client-first connect() returned 0 errno=0 (-) after 41386 us t=2.065567
MTLSGUARD: [c13] tx record gen=0 seq=0 appdata plaintext=37 wire=59 (outer 0x17, inner 0x17) t=2.066952
IGKM-F: E client-first wrote 37 bytes: IGKM-E-REQ1 client-first guest->peer
MTLSGUARD: [c13] rx record gen=0 seq=0 wire=184 inner=0x16 plaintext=162 t=2.081541
MTLSGUARD: [c13] rx post-handshake NewSessionTicket #1 (77 B body) in record seq=0 -> discarded (no resumption) t=2.082951
MTLSGUARD: [c13] rx post-handshake NewSessionTicket #2 (77 B body) in record seq=0 -> discarded (no resumption) t=2.084985
MTLSGUARD: [c13] rx record gen=0 seq=1 wire=60 inner=0x17 plaintext=38 t=2.194801
MTLSGUARD: [c13] app readiness OUT -> IN OUT (published by the guard) t=2.196205
MTLSGUARD: [c13] app readiness IN OUT -> OUT (published by the guard) t=2.197550
IGKM-F: E client-first read 38 bytes: IGKM-E-RESP1 client-first peer->guest
IGKM-F: E exchange 1 done; sleeping 8 s on the open connection (host kills the relay now) t=2.200184
IGKM-F: E woke; exchange 2 on the SAME connection t=10.201951
MTLSGUARD: [c13] tx record gen=0 seq=1 appdata plaintext=41 wire=63 (outer 0x17, inner 0x17) t=10.204099
IGKM-F: E client-first wrote 41 bytes: IGKM-E-REQ2 after-relay-kill guest->peer
MTLSGUARD: [c13] rx record gen=0 seq=2 wire=64 inner=0x17 plaintext=42 t=10.210456
MTLSGUARD: [c13] app readiness OUT -> IN OUT (published by the guard) t=10.213255
MTLSGUARD: [c13] app readiness IN OUT -> OUT (published by the guard) t=10.216028
IGKM-F: E client-first read 42 bytes: IGKM-E-RESP2 after-relay-kill peer->guest
MTLSGUARD: [c13] close: state=established tx records=2 rx records=2 NewSessionTickets discarded=2 KeyUpdates rx=0 tx=0
MTLSGUARD: [c13] tx record gen=0 seq=2 close_notify plaintext=2 wire=24 (outer 0x17, inner 0x15) t=10.225454
IGKM-F: VERDICT E client-first=PASS
IGKM-F: VERDICT E after-relay-kill=PASS
IGKM-F: F agent-down blocking connect(192.168.204.1:6443) t=10.232767
MTLSGUARD: [c14] connect 192.168.204.1:6443: mesh destination, BLOCKING connect (lwIP connect returned 0) t=10.235322
MTLSGUARD: [c14] guard driver installed on 192.168.204.1:6443: lwIP raw readiness 0x104, app readiness 0x0 (withheld until the record layer is installed) t=10.239273
MTLSGUARD: [c14] host relay unreachable on vsock cid 2 port 7100 (-111) -> fail closed t=10.245111
MTLSGUARD: [c14] vsock summary: rx TO_PEER x0 (0 B), NEED_PEER x0; tx FROM_PEER 0 B; closing vsock (agent leaves the data path) t=10.248486
MTLSGUARD: [c14] connect 192.168.204.1:6443: FAIL closed (-103), TCP shut down, no application data sent (after 17855 us) t=10.253177
[   10.257710] Info: [libvirtio_vsock] <virtio_vsock.c @ 1021> Got packet to port 13 without socket
MTLSGUARD: [c14] connect 192.168.204.1:6443: blocking hold released: connect() = -103 after 25759 us t=10.261081
IGKM-F: F agent-down connect() returned -1 errno=103 (Software caused connection abort) after 28952 us t=10.264081
MTLSGUARD: [c14] close: state=failed tx records=0 rx records=0 NewSessionTickets discarded=0 KeyUpdates rx=0 tx=0
IGKM-F: VERDICT F agent-down=PASS
IGKM-F: N6 nb-agent-down non-blocking connect(192.168.204.1:6443) t=10.271068
MTLSGUARD: [c15] connect 192.168.204.1:6443: mesh destination, NON-BLOCKING connect (lwIP connect returned -115) t=10.273322
MTLSGUARD: [c15] guard driver installed on 192.168.204.1:6443: lwIP raw readiness 0x0, app readiness 0x0 (withheld until the record layer is installed) t=10.276089
MTLSGUARD: [c15] connect 192.168.204.1:6443: returning EINPROGRESS now; the guard thread drives TCP + handshake t=10.278895
IGKM-F: N6 nb-agent-down connect() returned -1 errno=115 (Operation now in progress) after 7813 us t=10.280948
IGKM-F: N6 nb-agent-down poll(POLLIN|POLLOUT, 0 ms) right after connect() = 0 revents=0x0 t=10.282831
MTLSGUARD: [c15] write() of 40 B before the record layer is installed -> EAGAIN, 0 bytes to lwIP t=10.284525
IGKM-F: N6 nb-agent-down write(40 bytes) before EPOLLOUT returned -1 errno=11 (Resource temporarily unavailable) t=10.286323
MTLSGUARD: [c15] TCP connected after 15074 us (lwIP raw EPOLLOUT at t=10.282828); the app still sees no EPOLLOUT -> relay the handshake
MTLSGUARD: [c15] host relay unreachable on vsock cid 2 port 7100 (-111) -> fail closed t=10.290841
MTLSGUARD: [c15] vsock summary: rx TO_PEER x0 (0 B), NEED_PEER x0; tx FROM_PEER 0 B; closing vsock (agent leaves the data path) t=10.292519
MTLSGUARD: [c15] connect 192.168.204.1:6443: FAIL closed (-103), TCP shut down, no application data sent (after 21527 us) t=10.294848
[   10.297092] Info: [libvirtio_vsock] <virtio_vsock.c @ 1021> Got packet to port 14 without socket
IGKM-F: N6 nb-agent-down epoll_wait -> ERR HUP (LT) after 2 empty 1-ms probes t=10.298772
IGKM-F: N6 nb-agent-down wait result=1 events=ERR HUP  SO_ERROR=103 (Software caused connection abort), SO_ERROR again=0, write() afterwards=-1 errno=103 (Software caused connection abort) t=10.300275
MTLSGUARD: [c15] close: state=failed tx records=0 rx records=0 NewSessionTickets discarded=0 KeyUpdates rx=0 tx=0
IGKM-F: VERDICT N6 nb-agent-down=PASS
IGKM-F: app returning t=10.306149
[   10.306737] Info: [libukboot] <shutdown_req.c @   50> Shutdown requested (0)
[   10.308109] Info: [libukboot] <boot.c @  430> Shutting down system (0)
[  
===== firecracker stderr =====

===== firecracker log =====
2026-09-29T10:58:17.281020237 [igkm-f:main:INFO:src/vmm/src/device_manager/mod.rs:387] Artificially kick devices
2026-09-29T10:58:17.281132827 [igkm-f:fc_vcpu 0:WARN:src/vmm/src/vstate/vcpu.rs:323] Received a VcpuEvent::Resume message with immediate_exit enabled. immediate_exit was disabled before proceeding
2026-09-29T10:58:17.281164815 [igkm-f:main:INFO:src/firecracker/src/main.rs:610] Successfully started microvm that was configured from one single json
2026-09-29T10:58:17.296803513 [igkm-f:fc_vcpu 0:WARN:src/vmm/src/arch/x86_64/vcpu.rs:774] vcpu: IO write @ 0x70:0x1 failed: Failed to find address range.
2026-09-29T10:58:17.296824595 [igkm-f:fc_vcpu 0:WARN:src/vmm/src/arch/x86_64/vcpu.rs:764] vcpu: IO read @ 0x71:0x1 failed: Failed to find address range.
2026-09-29T10:58:17.296839207 [igkm-f:fc_vcpu 0:WARN:src/vmm/src/arch/x86_64/vcpu.rs:774] vcpu: IO write @ 0x70:0x1 failed: Failed to find address range.
2026-09-29T10:58:17.296853288 [igkm-f:fc_vcpu 0:WARN:src/vmm/src/arch/x86_64/vcpu.rs:764] vcpu: IO read @ 0x71:0x1 failed: Failed to find address range.
2026-09-29T10:58:17.296867840 [igkm-f:fc_vcpu 0:WARN:src/vmm/src/arch/x86_64/vcpu.rs:774] vcpu: IO write @ 0x70:0x1 failed: Failed to find address range.
2026-09-29T10:58:17.296881821 [igkm-f:fc_vcpu 0:WARN:src/vmm/src/arch/x86_64/vcpu.rs:764] vcpu: IO read @ 0x71:0x1 failed: Failed to find address range.
2026-09-29T10:58:17.296895892 [igkm-f:fc_vcpu 0:WARN:src/vmm/src/arch/x86_64/vcpu.rs:774] vcpu: IO write @ 0x70:0x1 failed: Failed to find address range.
2026-09-29T10:58:17.296909883 [igkm-f:fc_vcpu 0:WARN:src/vmm/src/arch/x86_64/vcpu.rs:764] vcpu: IO read @ 0x71:0x1 failed: Failed to find address range.
2026-09-29T10:58:17.296923944 [igkm-f:fc_vcpu 0:WARN:src/vmm/src/arch/x86_64/vcpu.rs:774] vcpu: IO write @ 0x70:0x1 failed: Failed to find address range.
2026-09-29T10:58:17.296938045 [igkm-f:fc_vcpu 0:WARN:src/vmm/src/arch/x86_64/vcpu.rs:764] vcpu: IO read @ 0x71:0x1 failed: Failed to find address range.
2026-09-29T10:58:17.296952217 [igkm-f:fc_vcpu 0:WARN:src/vmm/src/arch/x86_64/vcpu.rs:774] vcpu: IO write @ 0x70:0x1 failed: Failed to find address range.
2026-09-29T10:58:17.296966228 [igkm-f:fc_vcpu 0:WARN:src/vmm/src/arch/x86_64/vcpu.rs:764] vcpu: IO read @ 0x71:0x1 failed: Failed to find address range.
2026-09-29T10:58:17.296980319 [igkm-f:fc_vcpu 0:WARN:src/vmm/src/arch/x86_64/vcpu.rs:774] vcpu: IO write @ 0x70:0x1 failed: Failed to find address range.
2026-09-29T10:58:17.296994370 [igkm-f:fc_vcpu 0:WARN:src/vmm/src/arch/x86_64/vcpu.rs:764] vcpu: IO read @ 0x71:0x1 failed: Failed to find address range.
2026-09-29T10:58:17.423638846 [igkm-f:fc_vcpu 0:INFO:src/vmm/src/devices/virtio/device.rs:228] [Vsock:vsock] notifying queues
2026-09-29T10:58:17.430875388 [igkm-f:fc_vcpu 0:WARN:src/vmm/src/devices/virtio/device.rs:159] Received acknowledge request for unknown feature: 0x202089a3
2026-09-29T10:58:17.439789095 [igkm-f:fc_vcpu 0:INFO:src/vmm/src/devices/virtio/device.rs:228] [Net:net0] notifying queues
2026-09-29T10:58:27.608492479 [igkm-f:main:INFO:src/vmm/src/lib.rs:693] Vmm is stopping.
2026-09-29T10:58:27.608516625 [igkm-f:main:INFO:src/vmm/src/lib.rs:768] Killing vCPU threads
2026-09-29T10:58:27.608533451 [igkm-f:fc_vcpu 0:WARN:src/vmm/src/vstate/vcpu.rs:409] Requested a vCPU run with immediate_exit enabled. The operation was skipped
2026-09-29T10:58:27.630075965 [igkm-f:main:INFO:src/firecracker/src/main.rs:116] Firecracker exiting successfully. exit_code=0

===== firecracker metrics (non-zero vsock/net/i8042 counters) =====
   line2 i8042.missed_write_count = 1
   line2 i8042.read_count = 2
   line2 i8042.reset_count = 1
   line2 i8042.write_count = 4
   line2 net.no_tx_avail_buffer = 1
   line2 net.rx_queue_event_count = 110
   line2 net.rx_tap_event_count = 120
   line2 net.rx_bytes_count = 63490
   line2 net.rx_packets_count = 138
   line2 net.rx_count = 138
   line2 net.tap_write_agg.sum_us = 3699
   line2 net.tx_bytes_count = 19473
   line2 net.tx_count = 135
   line2 net.tx_packets_count = 135
   line2 net.tx_queue_event_count = 125
   line2 net.tx_remaining_reqs_count = 12
   line2 vsock.tx_queue_event_count = 83
   line2 vsock.rx_bytes_count = 12329
   line2 vsock.tx_bytes_count = 11103
   line2 vsock.rx_packets_count = 139
   line2 vsock.tx_packets_count = 117
   line2 vsock.conns_added = 13
   line2 vsock.conns_removed = 13

===== initrd identity: host file vs the bytes the guest hashed before app-elfloader loaded them =====
host  sha256=043e34e746ef86eb2a97c3334920edc1022ef34e54186213eb33571f6357b179
guest sha256=043e34e746ef86eb2a97c3334920edc1022ef34e54186213eb33571f6357b179
initrd sha256 match: yes

===== tcpdump =====
tcpdump: listening on igkf29105816, link-type EN10MB (Ethernet), snapshot length 262144 bytes
273 packets captured
273 packets received by filter
0 packets dropped by kernel
-rw-r--r-- 1 root root 84079 Sep 29 10:58 <metal-home>/igkm-spike-a/runs-igkmf/20260929T105816Z-319008/tap.pcap
2507a0a4adaacc0a7be061f738db95e3852e3e34cc38b083a1b9bebfe5a3d0d3  <metal-home>/igkm-spike-a/runs-igkmf/20260929T105816Z-319008/tap.pcap

===== tap capture scan =====
SCAN conn client guest:60524 -> server peer:5001 (PLAIN) first packet t+0.672277s
SCAN   guest->peer: 42 bytes flags[FIN,SYN] marker(IGKM-E-)=1 marker(IGKM-F-)=0 marker(igkm-f)=0
SCAN     contains plaintext b'IGKM-E-PLAIN-REQ pass-through guest->host\n'
SCAN   peer->guest: 43 bytes flags[FIN,SYN] marker(IGKM-E-)=1 marker(IGKM-F-)=0 marker(igkm-f)=0
SCAN     contains plaintext b'IGKM-E-PLAIN-RESP pass-through host->guest\n'
SCAN conn client guest:60525 -> server peer:6444 (TLS) first packet t+0.688069s
SCAN   guest->peer: 200 bytes flags[FIN,SYN] marker(IGKM-E-)=0 marker(IGKM-F-)=0 marker(igkm-f)=0 records=2 (0x17 count=0) unframed_bytes=0
SCAN     records: 0x16/189 0x14/1
SCAN       seg#1 t+0.696695s: 0x16/189
SCAN       seg#2 t+0.702173s: 0x14/1
SCAN   peer->guest: 827 bytes flags[FIN,SYN] marker(IGKM-E-)=0 marker(IGKM-F-)=0 marker(igkm-f)=0 records=3 (0x17 count=1) unframed_bytes=0
SCAN     records: 0x16/122 0x14/1 0x17/689
SCAN       seg#1 t+0.697029s: 0x16/122 0x14/1 0x17/689 COALESCED
SCAN conn client guest:60526 -> server peer:6445 (TLS) first packet t+0.727994s
SCAN   guest->peer: 892 bytes flags[RST,SYN] marker(IGKM-E-)=0 marker(IGKM-F-)=0 marker(igkm-f)=0 records=5 (0x17 count=3) unframed_bytes=0
SCAN     records: 0x16/189 0x14/1 0x17/604 0x17/54 0x17/19
SCAN       seg#1 t+0.736440s: 0x16/189
SCAN       seg#2 t+0.741872s: 0x14/1
SCAN       seg#3 t+0.782239s: 0x17/604
SCAN       seg#4 t+0.929172s: 0x17/54
SCAN       seg#5 t+0.939517s: 0x17/19
SCAN   peer->guest: 1159 bytes flags[FIN,SYN] marker(IGKM-E-)=0 marker(IGKM-F-)=0 marker(igkm-f)=0 records=7 (0x17 count=5) unframed_bytes=0
SCAN     records: 0x16/122 0x14/1 0x17/690 0x17/179 0x17/58 0x17/55 0x17/19
SCAN       seg#1 t+0.736765s: 0x16/122 0x14/1 0x17/690 COALESCED
SCAN       seg#2 t+0.782651s: 0x17/179
SCAN       seg#3 t+0.921940s: 0x17/58
SCAN       seg#4 t+0.929315s: 0x17/55
SCAN       seg#5 t+0.939621s: 0x17/19
SCAN conn client peer:52244 -> server guest:7443 (TLS) first packet t+1.010606s
SCAN   guest->peer: 907 bytes flags[FIN,SYN] marker(IGKM-E-)=0 marker(IGKM-F-)=0 marker(igkm-f)=0 records=5 (0x17 count=3) unframed_bytes=0
SCAN     records: 0x16/122 0x14/1 0x17/690 0x17/50 0x17/19
SCAN       seg#1 t+1.035711s: 0x16/122 0x14/1 0x17/690 COALESCED
SCAN       seg#2 t+1.183656s: 0x17/50
SCAN       seg#3 t+1.194337s: 0x17/19
SCAN   peer->guest: 864 bytes flags[FIN,SYN] marker(IGKM-E-)=0 marker(IGKM-F-)=0 marker(igkm-f)=0 records=4 (0x17 count=2) unframed_bytes=0
SCAN     records: 0x16/189 0x14/1 0x17/605 0x17/49
SCAN       seg#1 t+1.010896s: 0x16/189
SCAN       seg#2 t+1.036039s: 0x14/1 0x17/605 COALESCED
SCAN       seg#3 t+1.171876s: 0x17/49
SCAN conn client peer:52258 -> server guest:7443 (TLS) first packet t+1.196508s
SCAN   guest->peer: 829 bytes flags[FIN,RST,SYN] marker(IGKM-E-)=0 marker(IGKM-F-)=0 marker(igkm-f)=0 records=3 (0x17 count=1) unframed_bytes=0
SCAN     records: 0x16/122 0x14/1 0x17/691
SCAN       seg#1 t+1.221841s: 0x16/122 0x14/1 0x17/691 COALESCED
SCAN   peer->guest: 877 bytes flags[FIN,SYN] marker(IGKM-E-)=0 marker(IGKM-F-)=0 marker(igkm-f)=0 records=4 (0x17 count=2) unframed_bytes=0
SCAN     records: 0x16/189 0x14/1 0x17/618 0x17/49
SCAN       seg#1 t+1.196866s: 0x16/189
SCAN       seg#2 t+1.222320s: 0x14/1 0x17/618 COALESCED
SCAN       seg#3 t+1.244898s: 0x17/49
SCAN conn client guest:60527 -> server peer:6443 (TLS) first packet t+1.257405s
SCAN   guest->peer: 894 bytes flags[RST,SYN] marker(IGKM-E-)=0 marker(IGKM-F-)=0 marker(igkm-f)=0 records=5 (0x17 count=3) unframed_bytes=0
SCAN     records: 0x16/189 0x14/1 0x17/603 0x17/57 0x17/19
SCAN       seg#1 t+1.278028s: 0x16/189
SCAN       seg#2 t+1.283448s: 0x14/1
SCAN       seg#3 t+1.325286s: 0x17/603 0x17/57 COALESCED
SCAN       seg#4 t+1.439425s: 0x17/19
SCAN   peer->guest: 1099 bytes flags[FIN,SYN] marker(IGKM-E-)=0 marker(IGKM-F-)=0 marker(igkm-f)=0 records=6 (0x17 count=4) unframed_bytes=0
SCAN     records: 0x16/122 0x14/1 0x17/690 0x17/179 0x17/58 0x17/19
SCAN       seg#1 t+1.278389s: 0x16/122 0x14/1 0x17/690 COALESCED
SCAN       seg#2 t+1.325774s: 0x17/179
SCAN       seg#3 t+1.422114s: 0x17/58
SCAN       seg#4 t+1.439580s: 0x17/19
SCAN conn client guest:60528 -> server peer:6445 (TLS) first packet t+1.444443s
SCAN   guest->peer: 893 bytes flags[RST,SYN] marker(IGKM-E-)=0 marker(IGKM-F-)=0 marker(igkm-f)=0 records=5 (0x17 count=3) unframed_bytes=0
SCAN     records: 0x16/189 0x14/1 0x17/605 0x17/54 0x17/19
SCAN       seg#1 t+1.476833s: 0x16/189
SCAN       seg#2 t+1.482271s: 0x14/1
SCAN       seg#3 t+1.523272s: 0x17/605
SCAN       seg#4 t+1.679262s: 0x17/54
SCAN       seg#5 t+1.690592s: 0x17/19
SCAN   peer->guest: 1159 bytes flags[FIN,SYN] marker(IGKM-E-)=0 marker(IGKM-F-)=0 marker(igkm-f)=0 records=7 (0x17 count=5) unframed_bytes=0
SCAN     records: 0x16/122 0x14/1 0x17/690 0x17/179 0x17/58 0x17/55 0x17/19
SCAN       seg#1 t+1.477251s: 0x16/122 0x14/1 0x17/690 COALESCED
SCAN       seg#2 t+1.523563s: 0x17/179
SCAN       seg#3 t+1.671894s: 0x17/58
SCAN       seg#4 t+1.679375s: 0x17/55
SCAN       seg#5 t+1.690691s: 0x17/19
SCAN conn client guest:60529 -> server peer:6447 (TLS) first packet t+1.693871s
SCAN   guest->peer: 888 bytes flags[RST,SYN] marker(IGKM-E-)=0 marker(IGKM-F-)=0 marker(igkm-f)=0 records=5 (0x17 count=3) unframed_bytes=0
SCAN     records: 0x16/189 0x14/1 0x17/605 0x17/49 0x17/19
SCAN       seg#1 t+1.714241s: 0x16/189
SCAN       seg#2 t+1.719679s: 0x14/1
SCAN       seg#3 t+1.760251s: 0x17/605 0x17/49 COALESCED
SCAN       seg#4 t+1.807002s: 0x17/19
SCAN   peer->guest: 41157 bytes flags[FIN,SYN] marker(IGKM-E-)=0 marker(IGKM-F-)=0 marker(igkm-f)=0 records=9 (0x17 count=7) unframed_bytes=0
SCAN     records: 0x16/122 0x14/1 0x17/690 0x17/179 0x17/50 0x17/16401 0x17/16401 0x17/7249 0x17/19
SCAN       seg#1 t+1.714569s: 0x16/122 0x14/1 0x17/690 COALESCED
SCAN       seg#2 t+1.760607s: 0x17/179
SCAN       seg#3 t+1.760854s: 0x17/50 0x17/16401 COALESCED
SCAN       seg#8 t+1.766206s: 0x17/16401
SCAN       seg#11 t+1.766222s: 0x17/7249
SCAN       seg#13 t+1.807116s: 0x17/19
SCAN conn client guest:60530 -> server peer:6445 (TLS) first packet t+1.810272s
SCAN   guest->peer: 889 bytes flags[RST,SYN] marker(IGKM-E-)=0 marker(IGKM-F-)=0 marker(igkm-f)=0 records=5 (0x17 count=3) unframed_bytes=0
SCAN     records: 0x16/189 0x14/1 0x17/603 0x17/52 0x17/19
SCAN       seg#1 t+1.830769s: 0x16/189
SCAN       seg#2 t+1.836229s: 0x14/1
SCAN       seg#3 t+1.877245s: 0x17/603
SCAN       seg#4 t+1.929251s: 0x17/52
SCAN       seg#5 t+1.941872s: 0x17/19
SCAN   peer->guest: 1157 bytes flags[FIN,SYN] marker(IGKM-E-)=0 marker(IGKM-F-)=0 marker(igkm-f)=0 records=7 (0x17 count=5) unframed_bytes=0
SCAN     records: 0x16/122 0x14/1 0x17/690 0x17/179 0x17/58 0x17/53 0x17/19
SCAN       seg#1 t+1.831041s: 0x16/122 0x14/1 0x17/690 COALESCED
SCAN       seg#2 t+1.877605s: 0x17/179
SCAN       seg#3 t+1.921833s: 0x17/58
SCAN       seg#4 t+1.929357s: 0x17/53
SCAN       seg#5 t+1.941921s: 0x17/19
SCAN conn client guest:60531 -> server peer:6446 (TLS) first packet t+1.944987s
SCAN   guest->peer: 1086 bytes flags[RST,SYN] marker(IGKM-E-)=0 marker(IGKM-F-)=0 marker(igkm-f)=0 records=10 (0x17 count=8) unframed_bytes=0
SCAN     records: 0x16/189 0x14/1 0x17/605 0x17/52 0x17/22 0x17/52 0x17/22 0x17/52 0x17/22 0x17/19
SCAN       seg#1 t+1.964711s: 0x16/189
SCAN       seg#2 t+1.970147s: 0x14/1
SCAN       seg#3 t+2.011279s: 0x17/605 0x17/52 COALESCED
SCAN       seg#4 t+2.182074s: 0x17/22
SCAN       seg#5 t+2.223339s: 0x17/52
SCAN       seg#6 t+2.232151s: 0x17/22
SCAN       seg#7 t+2.239324s: 0x17/52
SCAN       seg#8 t+2.249041s: 0x17/22
SCAN       seg#9 t+2.259114s: 0x17/19
SCAN   peer->guest: 1291 bytes flags[FIN,SYN] marker(IGKM-E-)=0 marker(IGKM-F-)=0 marker(igkm-f)=0 records=11 (0x17 count=9) unframed_bytes=0
SCAN     records: 0x16/122 0x14/1 0x17/690 0x17/179 0x17/22 0x17/53 0x17/22 0x17/53 0x17/22 0x17/53 0x17/19
SCAN       seg#1 t+1.965052s: 0x16/122 0x14/1 0x17/690 COALESCED
SCAN       seg#2 t+2.011719s: 0x17/179
SCAN       seg#3 t+2.172031s: 0x17/22 0x17/53 COALESCED
SCAN       seg#4 t+2.223489s: 0x17/22
SCAN       seg#5 t+2.232176s: 0x17/53
SCAN       seg#6 t+2.239488s: 0x17/22
SCAN       seg#7 t+2.249064s: 0x17/53
SCAN       seg#8 t+2.259237s: 0x17/19
SCAN conn client guest:60532 -> server peer:6448 (TLS) first packet t+2.261898s
SCAN   guest->peer: 951 bytes flags[RST,SYN] marker(IGKM-E-)=0 marker(IGKM-F-)=0 marker(igkm-f)=0 records=6 (0x17 count=4) unframed_bytes=0
SCAN     records: 0x16/189 0x14/1 0x17/605 0x17/49 0x17/58 0x17/19
SCAN       seg#1 t+2.281907s: 0x16/189
SCAN       seg#2 t+2.287421s: 0x14/1
SCAN       seg#3 t+2.328268s: 0x17/605
SCAN       seg#4 t+2.349336s: 0x17/49
SCAN       seg#5 t+2.361834s: 0x17/58
SCAN       seg#6 t+2.372921s: 0x17/19
SCAN   peer->guest: 1350 bytes flags[FIN,SYN] marker(IGKM-E-)=0 marker(IGKM-F-)=0 marker(igkm-f)=0 records=11 (0x17 count=9) unframed_bytes=0
SCAN     records: 0x16/122 0x14/1 0x17/690 0x17/94 0x17/54 0x17/131 0x17/53 0x17/22 0x17/50 0x17/59 0x17/19
SCAN       seg#1 t+2.282322s: 0x16/122 0x14/1 0x17/690 COALESCED
SCAN       seg#2 t+2.328565s: 0x17/94 0x17/54 0x17/131 0x17/53 COALESCED
SCAN       seg#3 t+2.349440s: 0x17/22 0x17/50 COALESCED
SCAN       seg#4 t+2.361924s: 0x17/59
SCAN       seg#5 t+2.373004s: 0x17/19
SCAN conn client guest:60533 -> server peer:6449 (TLS) first packet t+2.376181s
SCAN   guest->peer: 833 bytes flags[RST,SYN] marker(IGKM-E-)=0 marker(IGKM-F-)=0 marker(igkm-f)=0 records=4 (0x17 count=2) unframed_bytes=0
SCAN     records: 0x16/189 0x14/1 0x17/604 0x17/19
SCAN       seg#1 t+2.396527s: 0x16/189
SCAN       seg#2 t+2.402072s: 0x14/1
SCAN       seg#3 t+2.442272s: 0x17/604
SCAN       seg#4 t+2.452132s: 0x17/19
SCAN   peer->guest: 1003 bytes flags[SYN] marker(IGKM-E-)=0 marker(IGKM-F-)=0 marker(igkm-f)=0 records=6 (0x17 count=4) unframed_bytes=0
SCAN     records: 0x16/122 0x14/1 0x17/690 0x17/74 0x17/24 0x17/62
SCAN       seg#1 t+2.396912s: 0x16/122 0x14/1 0x17/690 COALESCED
SCAN       seg#2 t+2.442740s: 0x17/74 0x17/24 0x17/62 COALESCED
SCAN conn client guest:60534 -> server peer:6444 (TLS) first packet t+2.459969s
SCAN   guest->peer: 200 bytes flags[FIN,SYN] marker(IGKM-E-)=0 marker(IGKM-F-)=0 marker(igkm-f)=0 records=2 (0x17 count=0) unframed_bytes=0
SCAN     records: 0x16/189 0x14/1
SCAN       seg#1 t+2.479776s: 0x16/189
SCAN       seg#2 t+2.485300s: 0x14/1
SCAN   peer->guest: 827 bytes flags[FIN,SYN] marker(IGKM-E-)=0 marker(IGKM-F-)=0 marker(igkm-f)=0 records=3 (0x17 count=1) unframed_bytes=0
SCAN     records: 0x16/122 0x14/1 0x17/689
SCAN       seg#1 t+2.480063s: 0x16/122 0x14/1 0x17/689 COALESCED
SCAN conn client guest:60535 -> server peer:6450 (TLS) first packet t+2.510486s
SCAN   guest->peer: 955 bytes flags[RST,SYN] marker(IGKM-E-)=0 marker(IGKM-F-)=0 marker(igkm-f)=0 records=6 (0x17 count=4) unframed_bytes=0
SCAN     records: 0x16/189 0x14/1 0x17/604 0x17/54 0x17/58 0x17/19
SCAN       seg#1 t+2.520698s: 0x16/189
SCAN       seg#2 t+2.526206s: 0x14/1
SCAN       seg#3 t+2.567270s: 0x17/604 0x17/54 COALESCED
SCAN       seg#4 t+10.694358s: 0x17/58
SCAN       seg#5 t+10.715797s: 0x17/19
SCAN   peer->guest: 1161 bytes flags[FIN,SYN] marker(IGKM-E-)=0 marker(IGKM-F-)=0 marker(igkm-f)=0 records=7 (0x17 count=5) unframed_bytes=0
SCAN     records: 0x16/122 0x14/1 0x17/691 0x17/179 0x17/55 0x17/59 0x17/19
SCAN       seg#1 t+2.521063s: 0x16/122 0x14/1 0x17/691 COALESCED
SCAN       seg#2 t+2.567696s: 0x17/179
SCAN       seg#3 t+2.680965s: 0x17/55
SCAN       seg#4 t+10.694486s: 0x17/59
SCAN       seg#5 t+10.715868s: 0x17/19
SCAN conn client guest:60536 -> server peer:6443 (TLS) first packet t+10.721821s
SCAN   guest->peer: 0 bytes flags[FIN,SYN] marker(IGKM-E-)=0 marker(IGKM-F-)=0 marker(igkm-f)=0 records=0 (0x17 count=0) unframed_bytes=0
SCAN     records: (none)
SCAN   peer->guest: 0 bytes flags[FIN,SYN] marker(IGKM-E-)=0 marker(IGKM-F-)=0 marker(igkm-f)=0 records=0 (0x17 count=0) unframed_bytes=0
SCAN     records: (none)
SCAN conn client guest:60537 -> server peer:6443 (TLS) first packet t+10.759830s
SCAN   guest->peer: 0 bytes flags[FIN,SYN] marker(IGKM-E-)=0 marker(IGKM-F-)=0 marker(igkm-f)=0 records=0 (0x17 count=0) unframed_bytes=0
SCAN     records: (none)
SCAN   peer->guest: 0 bytes flags[FIN,SYN] marker(IGKM-E-)=0 marker(IGKM-F-)=0 marker(igkm-f)=0 records=0 (0x17 count=0) unframed_bytes=0
SCAN     records: (none)
SCAN totals:
SCAN   tls streams: 64348 bytes, marker(IGKM-E-) occurrences=0, marker(IGKM-F-) occurrences=0, marker(igkm-f) occurrences=0
SCAN     tls: b'IGKM-E-EARLY must-not-leave guest->peer\n' occurrences=0
SCAN     tls: b'IGKM-E-PLAIN-REQ pass-through guest->host\n' occurrences=0
SCAN     tls: b'IGKM-E-PLAIN-RESP pass-through host->guest\n' occurrences=0
SCAN     tls: b'IGKM-E-GREETING server-first peer->guest\n' occurrences=0
SCAN     tls: b'IGKM-E-REQS server-first guest->peer\n' occurrences=0
SCAN     tls: b'IGKM-E-RESPS server-first peer->guest\n' occurrences=0
SCAN     tls: b'IGKM-E-REQI inbound peer->guest\n' occurrences=0
SCAN     tls: b'IGKM-E-RESPI inbound guest->peer\n' occurrences=0
SCAN     tls: b'IGKM-E-REQ1 nb-client-first guest->peer\n' occurrences=0
SCAN     tls: b'IGKM-E-RESP1 nb-client-first peer->guest\n' occurrences=0
SCAN     tls: b'IGKM-E-REQB et-bulk guest->peer\n' occurrences=0
SCAN     tls: b'IGKM-E-RESPB et-bulk peer->guest\n' occurrences=0
SCAN     tls: b'IGKM-E-REQP poll-1byte guest->peer\n' occurrences=0
SCAN     tls: b'IGKM-E-RESPP poll-1byte peer->guest\n' occurrences=0
SCAN     tls: b'IGKM-E-REQK1 keyupdate guest->peer\n' occurrences=0
SCAN     tls: b'IGKM-E-RESPK1 keyupdate peer->guest\n' occurrences=0
SCAN     tls: b'IGKM-E-REQK3 keyupdate guest->peer\n' occurrences=0
SCAN     tls: b'IGKM-E-RESPK3 keyupdate peer->guest\n' occurrences=0
SCAN     tls: b'IGKM-E-GREETING raw-nst peer->guest\n' occurrences=0
SCAN     tls: b'IGKM-E-REQR raw-nst guest->peer\n' occurrences=0
SCAN     tls: b'IGKM-E-RESPR raw-nst peer->guest\n' occurrences=0
SCAN     tls: b'IGKM-E-REQR2 after-keyupdate guest->peer\n' occurrences=0
SCAN     tls: b'IGKM-E-RESPR2 after-keyupdate peer->guest\n' occurrences=0
SCAN     tls: b'IGKM-E-SHOULD-NOT-ARRIVE raw-bad peer->guest\n' occurrences=0
SCAN     tls: b'IGKM-E-REQ1 client-first guest->peer\n' occurrences=0
SCAN     tls: b'IGKM-E-RESP1 client-first peer->guest\n' occurrences=0
SCAN     tls: b'IGKM-E-REQ2 after-relay-kill guest->peer\n' occurrences=0
SCAN     tls: b'IGKM-E-RESP2 after-relay-kill peer->guest\n' occurrences=0
SCAN     tls: b'GET /igkm-f-http' occurrences=0
SCAN     tls: b'IGKM-F-HTTP-BODY served by the host peer over the mesh (TLS terminated at the peer)\n' occurrences=0
SCAN     tls: b'HTTP/1.1 200 OK' occurrences=0
SCAN   plain streams: 85 bytes, marker(IGKM-E-) occurrences=2, marker(IGKM-F-) occurrences=0, marker(igkm-f) occurrences=0
SCAN     plain: b'IGKM-E-PLAIN-REQ pass-through guest->host\n' occurrences=1
SCAN     plain: b'IGKM-E-PLAIN-RESP pass-through host->guest\n' occurrences=1

===== tap capture (base64, for the evidence tree) =====
----- BEGIN tap.pcap base64 -----
1MOyoQIABAAAAAAAAAAAAAAABAABAAAAyZm7agdIBABaAAAAWgAAADMzAAAAFhYc+Swl64bdYAAA
AAAkAAEAAAAAAAAAAAAAAAAAAAAA/wIAAAAAAAAAAAAAAAAAFjoABQIAAAEAjwBJcwAAAAEEAAAA
/wIAAAAAAAAAAAAB/ywl68mZu2pr2AYAKgAAACoAAAD///////9SVAAaBAYIBgABCAAGBAABUlQA
GgQGwKjMAgAAAAAAAMCozALJmbtqu2QHACoAAAAqAAAA////////UlQAGgQGCAYAAQgABgQAAVJU
ABoEBsCozAIAAAAAAADAqMwByZm7auZkBwAqAAAAKgAAAFJUABoEBhYc+Swl6wgGAAEIAAYEAAIW
HPksJevAqMwBUlQAGgQGwKjMAsmZu2qDZQcAPgAAAD4AAAAWHPksJetSVAAaBAYIAEUAADAAAAAA
/waicsCozALAqMwB7GwTiQAAGW0AAAAAcAL//1FjAAACBAW0AQMDBMmZu2qgZQcAPgAAAD4AAABS
VAAaBAYWHPksJesIAEUAADAAAEAAQAYhc8CozAHAqMwCE4nsbD3KAlAAABlucBL68Bl4AAACBAW0
AQMDCsmZu2oEZgcANgAAADYAAAAWHPksJetSVAAaBAYIAEUAACgAAQAA/waiecCozALAqMwB7GwT
iQAAGW49ygJRUBA///0AAADJmbtqwJEHAGAAAABgAAAAFhz5LCXrUlQAGgQGCABFAABSAAIAAP8G
ok7AqMwCwKjMAexsE4kAABluPcoCUVAYP//pBAAASUdLTS1FLVBMQUlOLVJFUSBwYXNzLXRocm91
Z2ggZ3Vlc3QtPmhvc3QKyZm7as6RBwA2AAAANgAAAFJUABoEBhYc+Swl6wgARQAAKDN0QABABu4G
wKjMAcCozAITiexsPcoCUQAAGZhQEAA/GXAAAMmZu2ojkgcAYQAAAGEAAABSVAAaBAYWHPksJesI
AEUAAFMzdUAAQAbt2sCozAHAqMwCE4nsbD3KAlEAABmYUBgAPxmbAABJR0tNLUUtUExBSU4tUkVT
UCBwYXNzLXRocm91Z2ggaG9zdC0+Z3Vlc3QKyZm7apGcBwA2AAAANgAAABYc+Swl61JUABoEBggA
RQAAKAADAAD/BqJ3wKjMAsCozAHsbBOJAAAZmD3KAnxQET/9/KwAAMmZu2rpnAcANgAAADYAAABS
VAAaBAYWHPksJesIAEUAACgzdkAAQAbuBMCozAHAqMwCE4nsbD3KAnwAABmZUBEAPxlwAADJmbtq
M6MHAD4AAAA+AAAAFhz5LCXrUlQAGgQGCABFAAAwAAQAAP8Gom7AqMwCwKjMAextGSwAABltAAAA
AHAC//9LvwAAAgQFtAEDAwTJmbtqS6MHAD4AAAA+AAAAUlQAGgQGFhz5LCXrCABFAAAwAABAAEAG
IXPAqMwBwKjMAhks7G2UsNT6AAAZbnAS+vAZeAAAAgQFtAEDAwrJmbtqVqMHADYAAAA2AAAAFhz5
LCXrUlQAGgQGCABFAAAoAAUAAP8GonXAqMwCwKjMAexsE4kAABmZPcoCfVAQP/38qwAAyZm7aryj
BwA2AAAANgAAABYc+Swl61JUABoEBggARQAAKAAGAAD/BqJ0wKjMAsCozAHsbRksAAAZbpSw1PtQ
ED//zcsAAMmZu2rlxAcA+AAAAPgAAAAWHPksJetSVAAaBAYIAEUAAOoABwAA/wahscCozALAqMwB
7G0ZLAAAGW6UsNT7UBg//6ZLAAAWAwEAvQEAALkDA+nXPmVF5yjDn3t81jYfD34BfnZqStoDeZpL
/PTlAaVfINFLLl2RT6ZkM7lhSW7PvmKMTclwAgj/9iY0tqETusCHAAITAQEAAG4AKwADAgMEADMA
JgAkAB0AIKsIt5Yz8n8YnZ+vbr13nJuLJbGNUGL6Lk9hHOI1h2c1AC0AAgEBAAoACAAGAB0AFwAY
AAsAAgEAABcAAAAFAAUBAAAAAAANABQAEgUDBAMIBwgGCAUIBAYBBQEEAcmZu2r2xAcANgAAADYA
AABSVAAaBAYWHPksJesIAEUAACiWGEAAQAaLYsCozAHAqMwCGSzsbZSw1PsAABowUBAAPxlwAADJ
mbtqM8YHAHEDAABxAwAAUlQAGgQGFhz5LCXrCABFAANjlhlAAEAGiCbAqMwBwKjMAhks7G2UsNT7
AAAaMFAYAD8cqwAAFgMDAHoCAAB2AwM8qbPgHTyJdNeR5kgMv7HmZv1s4lSSODdA7kz8FX1aGyDR
Sy5dkU+mZDO5YUluz75ijE3JcAII//YmNLahE7rAhxMBAAAuADMAJAAdACC+NtogAyPCFhAtUksT
NOckzRkGztgPCG07FsPPsUL8MQArAAIDBBQDAwABARcDAwKxb1dCHA/DMdHaLwnO4Io9jqCUkrQu
wgUTWBDs+wPjYm4lKdF3OqkZEwMaUOpoOX5sphDGJG4paQqKUHJN7prviYndaakBQSz6HJuPpZjx
rRotRKvCbwIqlBLsKLS+poNbxBq7EwkkZozKMnRtuRv33t6RJrFRgpf4jekCF9s7s3d0jv9N3tPS
S+olpCkEtB10+VEqwg080I6DlzobGe2MryZEZ5RGSy27dRs0nfd00/FGSnRRoLS/3U+fJEzCnA1k
2DhiXGMCAZGMcmfEv4eqZSOyIe9umUAzluDXSezKqp5KJtYqOvsT/XIh1mF4mFbAodtPanaCH/2a
xGWYCobwu+Gq+swcSFF3pg7lYso4Gx/TuprJ5WzVxC9U3qtF91W2Y6IpnrxNoTLNIb4VGtZYmIWI
MfYaPpOyeknTQE2rppZpMAKtnx2ba6yhnVDk81mc8OOh6wKRaTjjZSZG8uEVRCXGaaSyFsUQ6w0P
d82I/YVltn01r3O75SZUeNXZZwx4s35QN3orO9JVFCvUX6zvxRRZemjbDQVzAqMbo0MeerbYXm/G
pEeGBpXkf7nJr8dSj01pOi57/DZwuJ8my0BlxVKa69VTOpvcgyQTVeOOyXthDPHwYPwe5k9DWHrh
PmYC1CNKOgVTH6JblW428RbudduhIsOVSWq+TBaJopq21HTM9imnRUoyp0eZQF1gBGvumORTqgFI
gYAUTRliAAp+x+bMv1MqhfWYvRmmLLB85JKcXJjsDAOwp+9YGNpk7b+4rpsP0uqR4SqA682DMWCJ
uTkS0e/aqaxKK6kN4Hqh4GvmV10p9J61Izbr0bFR5S5c0KAhIDSG4gEEXmdeJlh7Kv2kd+vAqBuv
bzz75QUyytFI+vq/kns6PnFJngAbZynV0dqVDFDMwNwPyTVnVLK9OCHJmbtqS9oHADwAAAA8AAAA
Fhz5LCXrUlQAGgQGCABFAAAuAAgAAP8GomzAqMwCwKjMAextGSwAABowlLDYNlAYP8yx7wAAFAMD
AAEByZm7ausUCAA2AAAANgAAABYc+Swl61JUABoEBggARQAAKAAJAAD/BqJxwKjMAsCozAHsbRks
AAAaNpSw2DZQET/MyfoAAMmZu2oaFQgANgAAADYAAABSVAAaBAYWHPksJesIAEUAACiWGkAAQAaL
YMCozAHAqMwCGSzsbZSw2DYAABo3UBEAPxlwAADJmbtqKD8IAD4AAAA+AAAAFhz5LCXrUlQAGgQG
CABFAAAwAAoAAP8GomjAqMwCwKjMAexuGS0AABltAAAAAHAC//9LvQAAAgQFtAEDAwTJmbtqRT8I
AD4AAAA+AAAAUlQAGgQGFhz5LCXrCABFAAAwAABAAEAGIXPAqMwBwKjMAhkt7G55aHq1AAAZbnAS
+vAZeAAAAgQFtAEDAwrJmbtqTj8IADYAAAA2AAAAFhz5LCXrUlQAGgQGCABFAAAoAAsAAP8Gom/A
qMwCwKjMAextGSwAABo3lLDYN1AQP8zJ+QAAyZm7arQ/CAA2AAAANgAAABYc+Swl61JUABoEBggA
RQAAKAAMAAD/BqJuwKjMAsCozAHsbhktAAAZbnloerZQED//Q1cAAMmZu2omYAgA+AAAAPgAAAAW
HPksJetSVAAaBAYIAEUAAOoADQAA/wahq8CozALAqMwB7G4ZLQAAGW55aHq2UBg//7haAAAWAwEA
vQEAALkDA4hFiJ7rvaLRphk5LmnrUbzkHO4FnKI+PeATETzkdjfsILMDRtK6sFDqwCE9GJ2D9/20
APt8xl8PQyIgOUPBGzLbAAITAQEAAG4ALQACAQEACgAIAAYAHQAXABgAFwAAADMAJgAkAB0AIApr
IoI25ExCwIZ10snclDWPtFzsOrBB/nyGUkVZiBARAAUABQEAAAAAAAsAAgEAACsAAwIDBAANABQA
EgUDBAMIBwgGCAUIBAYBBQEEAcmZu2oxYAgANgAAADYAAABSVAAaBAYWHPksJesIAEUAACjHo0AA
QAZZ18CozAHAqMwCGS3sbnloerYAABowUBAAPxlwAADJmbtqa2EIAHIDAAByAwAAUlQAGgQGFhz5
LCXrCABFAANkx6RAAEAGVprAqMwBwKjMAhkt7G55aHq2AAAaMFAYAD8crAAAFgMDAHoCAAB2AwP0
/Gtp82v8mJN3utKnXckjvCFTV0BpxBJlNdplAf+DayCzA0bSurBQ6sAhPRidg/f9tAD7fMZfD0Mi
IDlDwRsy2xMBAAAuADMAJAAdACAwOG1PMUS0xT7jwpVfPnD11HnUsl9hLfGaSUXrBi+IfgArAAID
BBQDAwABARcDAwKydEwN+DrfmG+G+SeKnSLjmL58MFlkzBVxK1htcJm9X2o3je1iP3RHMFaFWC29
rB/zlknQwYL73vllbmcy5WrFrt7zorlMv7hmfWJhrpjH7h70Uv4N3upWusuHdknkJi8smj8QQlHm
V7WVwWgW2fxRf+EvTfmt41GGqPV5efkic0aT9h+8zGz2pZu/brwJ1U2v7WUtK344iTXoX9cXvekC
zMUlFQBW18X9kP95e5BnDJ6O0bXCmY+qfyfwbaXVMy8+QOZzidsvdZWz767sJWMiBnM2zPLK4iST
hAuOiDaG1DNOvW6vzc6y1/LCwGFZJSlGsx77bPLpx2e3TK6uwLgJQFX0p0wue2/Ux6o+BAOEYOaY
kb7hY14EnRtPUDwFC1383Cp5iJULCGdP7tjbPG/5aMB2Tj3g+c3FC8ab9AfCSFnKSjvFEGNCAGUx
n8imD3NCqxxsgXPUZPxOKS0cEoH8Eu44IjExeoxqMLtPWuH5+Ak/bzhw75rpZKMFfzOSX0Ntoo2h
qrRZCgN0u0FDCjmkYb1ZFiu6Ewjy4bmHihjTMJJ7VPXMfDhLUp3a4Vg9cUNatoTL7v072sAWifoq
K+FViKoh0DMY+rzxDPH11e22IYvsmKeqao/+QX2KcREiAbPchZj+t5LYXiosSBUUbZ53J6ZOpm1y
/PDorslPhIFdkqOJvH4RnjO91jqKTOCMrU8acoN9SS1jk/IYhtwGYr6LuKH90BuZ0TxH2Oknu4Am
jzAjj7NlQNuz/gFhsq4GI0kalgBKnPp6PqTVHpHvzdkycgAWQCEK2t05WKbkY7jxks5mfy92d2+j
xYyjlwEaaVUOKhPXMmX9e4Mrz7/FwTQ5LVC1tyEEkQCb0vYBthagjH1QmclKF1PMe+cAseRS1tBg
nEXp3okW+jfXRKba19bA/HGGyZm7al51CAA8AAAAPAAAABYc+Swl61JUABoEBggARQAALgAOAAD/
BqJmwKjMAsCozAHsbhktAAAaMHloffJQGD/MJ3oAABQDAwABAcmZu2qBEgkANgAAADYAAABSVAAa
BAYWHPksJesIAEUAACjHpUAAQAZZ1cCozAHAqMwCGS3sbnloffIAABo2UBAAPxlwAADJmbtqDRMJ
AJcCAACXAgAAFhz5LCXrUlQAGgQGCABFAAKJAA8AAP8GoArAqMwCwKjMAexuGS0AABo2eWh98lAY
P8w8FwAAFwMDAlwTyYXyU0oCyLwJU5DF68JGze1osDTTR2zVItz40bsea4JaUkh+TsLj+bJywFUp
wb+OI1hd9Ggo9dkHdoMOTlykxFnUmbF+tQLAN5OMC9PxmJFZ1t+6DUQO+gm3D/7witjRSWMiJkNG
HnKQGkerhx7CIxhqSXr2Z2qvbnzQphp2z0VP0A5K7iR1TnEUwvnldzpr/umMkVfKczATAKA8C0wu
Tw+uCFWeqSMeXB86v+hypht5EaHaZEjwzXMEgBjZbFtCHRRya/8W5sjDgxbNarxdHUfGIkId0X84
H1qb0SoUWMaD1p5X4uKM9eTQFsFkkraxzmZd5L06Pmsw3+Vd48/HE60JbPPenWGYJvR0bURp7aZT
47QQU9JTPnLq1DZMzLCRR6GjhmITgu2m7lxvv2IcqKtPKOdJW44RkKkBxfy25eXSXzi1ttghnMZG
gPMO+geDU8t7sKrItblSGDznIxdA/rn9lTNgayCRCruV5ywe4rMpDombpsISW0udxd9HY4NJej48
Z/CSHKGIzrNgDf6v9T2zBWEEAeUbUmex0Mu/GDpQDN9zO5qduPFXietZq9SeUxtGQtGeWCwgLdmh
3YlydSKyYwjqHAaQMOfgrLlwoNSa6iXW8wBNeigAcKXHMeuxoZbA5gcx1uCGWOvL+tk4TV4VPKNB
yPRLfkjLPB1tbOy+Io9B0uruAPI1vA4CG3htadOs5CL0ta5Ramz1c4gtA3Oqfa0nOCWjGzYVLhjb
2SazYvbC3a1H8eHNWyQnmpnRgKZy+SSkDvawERBL++kBwxdzru+m18dmaeQQyZm7ah0TCQA2AAAA
NgAAAFJUABoEBhYc+Swl6wgARQAAKMemQABABlnUwKjMAcCozAIZLexueWh98gAAHJdQEAA/GXAA
AMmZu2qpFAkA7gAAAO4AAABSVAAaBAYWHPksJesIAEUAAODHp0AAQAZZG8CozAHAqMwCGS3sbnlo
ffIAAByXUBgAPxooAAAXAwMAs8eefhYc6oZXFfrZlHZAehrrtjowfKQlvipsU0QlbF9uAC7bLh8B
Ew+EaLnYn4Dy8g+PVBTve9iTUxyDPdJpe/H2oT9Ti0SVqQW+O8MwEUKlfskqekIi3wGgoQC4DwS8
4EFNavJxXt8gMeIi3jF169NBrKYq7GEOpdum0nXXeKXODNTNykLJsUASptLdAUzvRVXrxsSLtou9
KruIgk+If8FmLuyUH6YhRNnwCbiCiWnH+fgxyZm7aqI0CwA2AAAANgAAABYc+Swl61JUABoEBggA
RQAAKAAQAAD/BqJqwKjMAsCozAHsbhktAAAcl3lofqpQED/APHkAAMmZu2rCNAsAdQAAAHUAAABS
VAAaBAYWHPksJesIAEUAAGfHqEAAQAZZk8CozAHAqMwCGS3sbnlofqoAAByXUBgAPxmvAAAXAwMA
OpOC5srN87Mkbu2FEUpdMNLNHM7eCInfoh3REtli4yTirLx35uwUFtBqISR1/pCbCzJfeAJBqiyD
BffJmbtqAlELAHEAAABxAAAAFhz5LCXrUlQAGgQGCABFAABjABEAAP8Goi7AqMwCwKjMAexuGS0A
AByXeWh+6VAYP7xavQAAFwMDADZfUB1ZQWFMrnd+Q6EiQxuJ+9WFaz04nBIMJWz0IK8x+dtC6wen
jKwBVuQRVEu1Cc1KFPqY9FzJmbtqkVELAHIAAAByAAAAUlQAGgQGFhz5LCXrCABFAABkx6lAAEAG
WZXAqMwBwKjMAhkt7G55aH7pAAAc0lAYAD8ZrAAAFwMDADfVvxh3ZW5T1Ai21PxcAY69FmKI2qof
T5k0+P48D5/COee6fqHcwtqaOtGlJoRYpDQl+Y7fW40AyZm7amt5CwBOAAAATgAAABYc+Swl61JU
ABoEBggARQAAQAASAAD/BqJQwKjMAsCozAHsbhktAAAc0nlofyVQGD+4bdEAABcDAwATxkls/QOm
YHtWAPIqKg0PUN+u3smZu2rTeQsATgAAAE4AAABSVAAaBAYWHPksJesIAEUAAEDHqkAAQAZZuMCo
zAHAqMwCGS3sbnlofyUAABzqUBgAPxmIAAAXAwMAE+qgV7NazbphMr9gvUbIizHWomjJmbtq5XkL
ADYAAAA2AAAAUlQAGgQGFhz5LCXrCABFAAAox6tAAEAGWc/AqMwBwKjMAhkt7G55aH89AAAc6lAR
AD8ZcAAAyZm7ajd6CwA2AAAANgAAABYc+Swl61JUABoEBggARQAAKAATAAD/BqJnwKjMAsCozAHs
bhktAAAc6nlofz5QED+3O5sAAMmZu2rBfQsANgAAADYAAAAWHPksJetSVAAaBAYIAEUAACgAFAAA
/waiZsCozALAqMwB7G4ZLQAAHOp5aH8+UBT/P3wOAADJmbtqHI8MAEoAAABKAAAAUlQAGgQGFhz5
LCXrCABFAAA8W7hAAEAGxa7AqMwBwKjMAswUHROT1D/jAAAAAKAC+vAZhAAAAgQFtAQCCAreVU2F
AAAAAAEDAwrJmbtq548MAD4AAAA+AAAAFhz5LCXrUlQAGgQGCABFAAAwABUAAP8Gol3AqMwCwKjM
AR0TzBQAABlvk9Q/5HAS//+UZgAAAgQFtAEDAwTJmbtqA5AMADYAAAA2AAAAUlQAGgQGFhz5LCXr
CABFAAAoW7lAAEAGxcHAqMwBwKjMAswUHROT1D/kAAAZcFAQAD8ZcAAAyZm7aj6QDAD4AAAA+AAA
AFJUABoEBhYc+Swl6wgARQAA6lu6QABABsT+wKjMAcCozALMFB0Tk9Q/5AAAGXBQGAA/GjIAABYD
AQC9AQAAuQMDTZVDIyfBAU+KqgPWqT2DQZrJNS0PM5g8QOmGlvAps+ogBdrLjTjGitLyooGvKjoR
TdxekFGnMFppaB2KmNEIZVYAAhMBAQAAbgAzACYAJAAdACAVUJEAw5tP21HwLfqB30e7Me7tcuSo
AQRMF5psTYWDQQAFAAUBAAAAAAAKAAgABgAdABcAGAAXAAAACwACAQAAKwADAgMEAA0AFAASBQME
AwgHCAYIBQgEBgEFAQQBAC0AAgEByZm7ai3xDAByAwAAcgMAABYc+Swl61JUABoEBggARQADZAAW
AAD/Bp8owKjMAsCozAEdE8wUAAAZcJPUQKZQGD/zImQAABYDAwB6AgAAdgMDLxZItBJWDtyu+7Ez
Ca+6QB7JWEfOd2/oKLTWBxM/ologBdrLjTjGitLyooGvKjoRTdxekFGnMFppaB2KmNEIZVYTAQAA
LgAzACQAHQAg8Hzju700XcdcmFXoqvUw6s9pzSby4r8zprA0xKDi4ycAKwACAwQUAwMAAQEXAwMC
sgptnZ6Y4riCYhsXHNwhkEfuUE52k0ZQmmWiQlu8N/QgUG61mOtgIcKpJQ3W/AH0LNTQ93I87lpp
SntKCyMpOUJKrsuXnW+DCOgpUDUEyyV/CqhbMf7WadXwhAgRN2fOjQ8K8yfsKBNF1L/bOcdF9rfF
SpbQK6qi9bUftv8I4PzlY1+9I0MO8IHCThO5zR8viQIUAl64DjhyB89FIRPWSymTchfLJK7i9+cW
eFupn6up6fdx9lJ5oKhqhgGmET6q1dNurtpQdQUf+VBqcdxCnIZ39sRyliTZNgnDnusd+ROqZvcO
sM2fWbZtGE9Cejt4PzY4UtCrnUsx0rMDvPbnDGEjpUozQXsGLMmwW2z6gAYkWTVjxg1jCEWbQkz6
s590Z9THFxBVe5cObb/3ntn3GFwRBy7eUAHW8TnZBux/oyibPK4BVRyAHtS/XGpDQc69JkLTZzOl
ewcohHyXE/Zc6SZUpY1eKNaJLQUnagnhKClPoFRE1ETxwHRBc/jSAtQzTb2yqIDo4Bq4oR7dOKuH
b/T09fwGwgP9Dw0SoEZ4PknlKEJxSJwFXIjLP6ef3/IkTfoRkRAnehqahS/CWU8+HlqACs+Jmnlk
gwqVH7+2NouHQ8LNFFil6p/LxedVteijxtb/SiTos5JTJ/jqRIG/V9xZNDol+wCA2N5xvJSdBVAB
tox20x11T06cLSDaf3jlAT63lozzDSK3d4dS9fHEGwUgpGLzBhlzKcTgR+pIggSobEb8SoIhq7xb
tRNzyWFvuXtFC5I+zkgPXBEH99h5K242bPsBmVdD+I8ZGOJNYQbA0+W9bZrrK7SR/CcGDN719AZT
ATDmz73tu2yofXUskcqfnhiz/QLz99gI1e5TYBcJUsPz5hX1n9GbNasfBEym7dKEaWoB7nuO1tlt
V/dYfCj/a8mZu2pD8QwANgAAADYAAABSVAAaBAYWHPksJesIAEUAAChbu0AAQAbFv8CozAHAqMwC
zBQdE5PUQKYAABysUBAAQhlwAADJmbtqdfIMAJ4CAACeAgAAUlQAGgQGFhz5LCXrCABFAAKQW7xA
AEAGw1bAqMwBwKjMAswUHROT1ECmAAAcrFAYAEIb2AAAFAMDAAEBFwMDAl0Q20ycgkCbiRNpRDFt
2Az7QHX+ee4pfhmFbrAUJWzZFrkwVut0M6GKBwRHDKssn2HLmokxM+hrcYfd6W5PUTt3Et+I966J
lP2xoN1PvFHw2DeKy60iUvq1vZ4qrYyrD+swahrfBxsOM3J7IlagIWf9Wnkr8T56cfOOy37o6gn1
KgJc38IE3lUKXSIKlS0P4kW0b2y9NdUvjMUAcSpu1qNM0/6/ow9ecGXY3LsL4GAqEXkxPhbSW5Nt
p2WGNDAo1iOGkzGD8k+csB/u42j/4fHw9WMByD/2PmDx/e5s9UqK9OqZC3TbkmgOEDUtDQM/XtkO
L480oRHZ+teCKo5iMtN2bBCIATKDeb3mYTflO4g1ncUjr13n14WhxbdvtwZ5hz1eIvR5M5jY2SrW
7Pguk/0cCTbpZq6MEkphJXLv1qC4X0MqxpyxgKKOpYASGGl8BcPNTEV1uW6zBM5Q32fGnR44g6Xf
9E0PATSdZlj0Fcn8KYqI6f5RAiU3QQVZcG1UKCWaMGKU2lDrNpFFnrKMiLi+17cwnZuUS7CGwjJV
+Nd3rAuHyTZSeA8B6V4kGZc60maRcGA30OO0w/iHWYPhhXhV3nEuM+IbIfSB2bfKfKl8Tat6K3i9
2Ogv3l9pmZIVxbUaZYzLOr0zj06PHwaY5DDaPbzqcgISX9sU5zq9RJ5qeu+uvzc7YzMpSln0ROhy
Kl+aplkgmCQV0dmVugNVeErqDsnMeLOIbBU1Br0ie6faLd0u980egkK0AJ7M/vh57iGIESCUwEKN
KhsWbdU1yq4Jd3fMMuzWRd1gG4xo98mZu2r0BA8ANgAAADYAAAAWHPksJetSVAAaBAYIAEUAACgA
FwAA/waiY8CozALAqMwBHRPMFAAAHKyT1EMOUBA/zXn7AADJmbtqEgUPAGwAAABsAAAAUlQAGgQG
Fhz5LCXrCABFAABeW71AAEAGxYfAqMwBwKjMAswUHROT1EMOAAAcrFAYAEIZpgAAFwMDADFNwqhv
JGPTOhakVCX6x5xSj8ik2NI2eewTF50uMP8iL6jAWrN0/BzQPLkKyr86pAnbyZm7ahYzDwBtAAAA
bQAAABYc+Swl61JUABoEBggARQAAXwAYAAD/BqIrwKjMAsCozAEdE8wUAAAcrJPUQ0RQGD/JGCIA
ABcDAwAyjCOqnv3V9bf4SFQo3nqSCNLXLT1fQUpDYsAsqcIpIt5hn5V+K/SwukRMKmouLTzQskTK
mbtqjxoAAE4AAABOAAAAFhz5LCXrUlQAGgQGCABFAABAABkAAP8GoknAqMwCwKjMAR0TzBQAABzj
k9RDRFAZP8nH4gAAFwMDABPGI6jIdI8w8tD3J6y1O8uk95EGypm7arsaAAA2AAAANgAAAFJUABoE
BhYc+Swl6wgARQAAKFu+QABABsW8wKjMAcCozALMFB0Tk9RDRAAAHPxQEABCGXAAAMqZu2rcGgAA
NgAAADYAAABSVAAaBAYWHPksJesIAEUAAChbv0AAQAbFu8CozAHAqMwCzBQdE5PUQ0QAABz8UBEA
QhlwAADKmbtqPRsAADYAAAA2AAAAFhz5LCXrUlQAGgQGCABFAAAoABoAAP8GomDAqMwCwKjMAR0T
zBQAABz8k9RDRVAQP8l5eAAAypm7agojAABKAAAASgAAAFJUABoEBhYc+Swl6wgARQAAPL9AQABA
BmImwKjMAcCozALMIh0To7U0/AAAAACgAvrwGYQAAAIEBbQEAggK5a8tbAAAAAABAwMKypm7ahwk
AAA+AAAAPgAAABYc+Swl61JUABoEBggARQAAMAAbAAD/BqJXwKjMAsCozAEdE8wiAAAZcKO1NP1w
Ev//j10AAAIEBbQBAwMEypm7akQkAAA2AAAANgAAAFJUABoEBhYc+Swl6wgARQAAKL9BQABABmI5
wKjMAcCozALMIh0To7U0/QAAGXFQEAA/GXAAAMqZu2pwJAAA+AAAAPgAAABSVAAaBAYWHPksJesI
AEUAAOq/QkAAQAZhdsCozAHAqMwCzCIdE6O1NP0AABlxUBgAPxoyAAAWAwEAvQEAALkDA3r/C9sW
E7x0J1x0uBn9WsFcF59c2dpyhROiQzet85LEIAeTybbFKDgdzv4kmIKtn3cGd75LCHsyDDDRDdBB
9kuFAAITAQEAAG4AKwADAgMEAAUABQEAAAAAADMAJgAkAB0AICKosF+xIgYGhxIXPU72z8TCEQv5
6Fy1F7uDZ356nxwBAA0AFAASBQMEAwgHCAYIBQgEBgEFAQQBABcAAAAtAAIBAQALAAIBAAAKAAgA
BgAdABcAGMqZu2pTWAAAVgAAAFYAAAAzM/8sJesWHPksJeuG3WAAAAAAIDr/AAAAAAAAAAAAAAAA
AAAAAP8CAAAAAAAAAAAAAf8sJeuHABIOAAAAAP6AAAAAAAAAFBz5//4sJesOAU0DYXVVTMqZu2r/
hQAAcwMAAHMDAAAWHPksJetSVAAaBAYIAEUAA2UAHAAA/wafIcCozALAqMwBHRPMIgAAGXGjtTW/
UBg/8zbPAAAWAwMAegIAAHYDAzDWeOrJd4pBctrBAAQrNy4EmWU9Uxdw0fbM4Q/jHit9IAeTybbF
KDgdzv4kmIKtn3cGd75LCHsyDDDRDdBB9kuFEwEAAC4AMwAkAB0AINY72TDXgDdC7gdVudku83zt
9Sb9qPKD5eiOrkuVIupQACsAAgMEFAMDAAEBFwMDArN+KqDMrYVXh6eiNNegDCTCbmkDqfXceP+Y
9TFE8D14XghfzuQirCeWEGnGuClv+T3NjW+iZqTVLgMumwugXpKcA9dALjSBc/siySMCIJz3Icgf
YeNITTdpsj5fg/7ExQ4dLo0tPVq70dRFkDQcKd5T9dKjlo723hEbPDu8do1I3D6A00GWSjap5UnA
HIC7tMZyE1zTwhfZGQZ7nA6M1tYStFt3vc/UfX4y813j4SRYXPr7VEutSwWYz8qHpqRVtcmhqPQm
ASMehZvYhDA2URSxJpRBqIcDm5knoTysjXoIMxa+8u6VN886bSjm2nmyOXL0RiQ3SHgRGoP+TKCV
gDPgt9bCphL4pbwpoK8tz6KiY3mupMU8e9cKWpgyAa6JnOc8xfHBOb0TSf1vhHzZDjEOsGWumurK
HCTj82+fYVlOIN0v75OGc1B26lUnVxdayeko4RXbJ7Z8Hw/RwMbwK/twBEhUKn0dFzGzfyDVQKd7
u2DxgW6bwKP7JBzgfpK3lkGYr7DnHn3dpNqJRCp4xvtozIHBkLEeZ1qlMoRPeizZ66zVPMoLdJ6Z
safP3W2mc4R+R/H4226YbhdM9bc/Swr9uuy1YLifS+qiJu8SuawdvKOtKa7nTJrbvuprqf6rU4uO
3ygXr5RINcTj4RX9aYo1AenJwz6SWXzteRQeGWhPfDh76QrXVCiL+YAZ2S8rrpgRIee4J15hI4ok
JXcwikae+NnV9v02Pyho4/ZktIBc/zlCflkA5w+JQ/36vkdGKTgv8GmNu/PaQ1S/cRLkmk0GPIXj
/ytl/UXH4c1tJRCLCB1z+9HkXMFNWNTTras6Cva4y3lJTU7RHpSzbmNHKbFOqtw8RQnWwN78aSZE
q/HsDClU2nFrmPtL8Zo/Xma68Gn3YZakHllxAKrXLpaElM8pAgXuypm7ahqGAAA2AAAANgAAAFJU
ABoEBhYc+Swl6wgARQAAKL9DQABABmI3wKjMAcCozALMIh0To7U1vwAAHK5QEABCGXAAAMqZu2re
hwAAqwIAAKsCAABSVAAaBAYWHPksJesIAEUAAp2/REAAQAZfwcCozAHAqMwCzCIdE6O1Nb8AAByu
UBgAQhvlAAAUAwMAAQEXAwMCaqJopK0PjeqU/9B4eoJrUlRhGVTJ4AeBfj+xesaelXnMETg3mDwu
wNPuZ5oXmy+3HlCnh8mFAc/t2UxztrM8KoBgkrP+hnZWuB6xVUFHw3dJODfnEgxZFBgmIfzqSWrq
Cd9LkLrCxiuBlan98KRMlso6mHZ0p6hz5jDAyVcJ5jVl6VE1l+cHe0Y523Lwg4NVD8xq9InCLVuz
eDyv2uWy88P5gyBwmbCKm1qhRvwn/B92dTqZMT8NkB8lsB1KSozXji6EtPub21GLKAbnc++xQ4Jg
1rZAO32QHIhA7yx3H9tT59eK/mXkYp/iPPrLCmii02dGrXAuy4dVUlXxgNJXjgEakDmAx0gycQbD
VpcgKDUE2BfXxlTt04VAOOQ2M3d6LowaNcb1tYnFqsGJxk8pyAxZU/ZEm4pzFtPSiC2hLvIehqOM
I8wOQ/UpEfD8x9Wcf4OI8EDdMqGPZkb5ZUYSuR6klnuOYYIX/hwM/uJbJLC6vzY35R9JFqjqBto2
VuFz9k/2hqicWl1Xy/gYKz6pZqyJEhJ5c+JbmCbXP6gTiXpje03vXPTvOoREWhTdbvjZZpn0ta22
ulQo1lLkw+IphFRqBkbDpiXN3gcz2pIBCehP2YExT3fIX7ZgxIRHMZcXqIDKQzXTNC0veRKqYqxH
k/mFtVbO6w9+ScqjJEevz2IPLak+cnBkSakprW0vqv7/PNu1Adf5TWfQl3mezkeyYYZ90M+9kVgl
umn47s840K0kh/4zTCXNnvzKku73a0vZGINAS4fDtVAfmBjBnaH7VcaNEWjbuW3p+cp6jZwiF9Ur
DV1L7iUgIdiyU8qZu2r23wAANgAAADYAAAAWHPksJetSVAAaBAYIAEUAACgAHQAA/waiXcCozALA
qMwBHRPMIgAAHK6jtTg0UBE/zHTkAADKmbtqEOAAAGwAAABsAAAAUlQAGgQGFhz5LCXrCABFAABe
v0VAAEAGYf/AqMwBwKjMAswiHROjtTg0AAAcr1AYAEIZpgAAFwMDADEMj+yRDDSWqHKwhilr3/2Q
m539m4c5HDWHGY7SLW6MM/Bg/znXjFv5/D66/Nx4d07Typm7ajbgAAA2AAAANgAAAFJUABoEBhYc
+Swl6wgARQAAKL9GQABABmI0wKjMAcCozALMIh0To7U4agAAHK9QEQBCGXAAAMqZu2rrEAEAPgAA
AD4AAAAWHPksJetSVAAaBAYIAEUAADAAHgAA/waiVMCozALAqMwB7G8ZKwAAGXAAAAAAcAL//0u7
AAACBAW0AQMDBMqZu2oHEQEAPgAAAD4AAABSVAAaBAYWHPksJesIAEUAADAAAEAAQAYhc8CozAHA
qMwCGSvsb3VEUiUAABlxcBL68Bl4AAACBAW0AQMDCsqZu2oLNAEANgAAADYAAAAWHPksJetSVAAa
BAYIAEUAACgAHwAA/waiW8CozALAqMwBHRPMIgAAHK+jtThqUBT/P7U2AADKmbtqJzQBADYAAAA2
AAAAFhz5LCXrUlQAGgQGCABFAAAoACAAAP8GolrAqMwCwKjMAR0TzCIAAByvo7U4a1AU/z+1NQAA
ypm7ajM0AQA2AAAANgAAABYc+Swl61JUABoEBggARQAAKAAhAAD/BqJZwKjMAsCozAHsbxkrAAAZ
cXVEUiZQED//cAkAAMqZu2p6YQEA+AAAAPgAAAAWHPksJetSVAAaBAYIAEUAAOoAIgAA/wahlsCo
zALAqMwB7G8ZKwAAGXF1RFImUBg//4ejAAAWAwEAvQEAALkDA7tMnSGhYrUjHZCjReVYsTu22YQd
iIYfxMOhLgK5MPYWIGg3X+D2jf2rpTFzTKxXdj7hTD1Zt6MUKq0Hd/I3sIWKAAITAQEAAG4ACwAC
AQAALQACAQEAKwADAgMEAAUABQEAAAAAAAoACAAGAB0AFwAYABcAAAANABQAEgUDBAMIBwgGCAUI
BAYBBQEEAQAzACYAJAAdACAm6n1lyL4gEgybxPFOQXXlVQozFiu/pxWGkjKnqWjGBsqZu2qQYQEA
NgAAADYAAABSVAAaBAYWHPksJesIAEUAACg3N0AAQAbqQ8CozAHAqMwCGSvsb3VEUiYAABozUBAA
PxlwAADKmbtq42IBAHIDAAByAwAAUlQAGgQGFhz5LCXrCABFAANkNzhAAEAG5wbAqMwBwKjMAhkr
7G91RFImAAAaM1AYAD8crAAAFgMDAHoCAAB2AwMpQyciLugvqSxigVm+gCgvrRGKe7OJclXfQqNx
c5Ur6CBoN1/g9o39q6Uxc0ysV3Y+4Uw9WbejFCqtB3fyN7CFihMBAAAuADMAJAAdACAwS19FAaul
I6z2sG3BM5mdClFC1Vuc/qIoO3t3Jn+bFQArAAIDBBQDAwABARcDAwKymeM261Np4yAxPEoC0nN6
QGYBQE0bE8SBm0b1me2MuF0Dqlihu3V/9rDBU9SIYUQQD/aIuWbIwVW8XaY58UZT0QInGUJiVm2d
sYjuZY3u//ye72CfsxpFQBqkQFESxh0ILktpNUCSXhESrpzmYmERhenBRZvFbqNv2s+ctAXPZoGi
I4DE6x1PrnQkyZXui5DU/I59ndr27bo8xI5nvy2SXypdPV3WKfFMbHeis06av7xxfmU6eoR8zcKT
+419zugn6hpR6CaRs3jvg+bf0Ec+WcJUezqRxpEJ3aTyIVSWNCSZLCunb5pfaNgCs/vQyhZ1oJUY
opaPTEKnkI9iCeh7pERqbrGEsM8Z/86gTnKB96ugFu1Jyx9RBwMDjz5cX0HsmgdwGwsbu6dotHVa
ExBDQ+YPF5T/kvOHnhVsAm1IynA+W1UDfoY3zL16G2EEhOy3xaRwFYcuaB9eWzm1gnaMEAyZi/d6
ds1yVcFU5dwYKfDm7k0TR0O8Fyh+N+jQUL2kk52VGu6GNU4oHASw0iPOu5mxsRYcINtXMXKREzeh
P5FMRqtw5PNYCoDImmQI2QthCuahg2szoycAZ6TP9z+o2ZzGc5UzS1sBs9Y1WpSATp8cu0o8+NgT
VjSk2mUASOjhd0yi3u3NvE2KWK5VQJ+K4jrpjKfjQRrm56OO4soGfgfO2lmLasKkd72Q/Qru7eKz
7OHedoi8+L9FAEePlCMevAHGJtCwywMyaWjkcH4J8DEZk6+XWYKwS0awkoNSF0T0V4GU/sxjGUes
FWfxeG6k3NHwrdI2PP03+haNQ/6wYTwSlp6cJTHErcnvkU/9OZ83XVtgx96vush14pyb426XAgH/
KCIM6FCAmpXQQbbPHZCeUg4Acb3lvGP1dgJ9xDsG/EY23HEFO5/ERpNzzFA1v9N3ypm7aqZ2AQA8
AAAAPAAAABYc+Swl61JUABoEBggARQAALgAjAAD/BqJRwKjMAsCozAHsbxkrAAAaM3VEVWJQGD/M
VCwAABQDAwABAcqZu2pZGQIANgAAADYAAABSVAAaBAYWHPksJesIAEUAACg3OUAAQAbqQcCozAHA
qMwCGSvsb3VEVWIAABo5UBAAPxlwAADKmbtqFBoCANQCAADUAgAAFhz5LCXrUlQAGgQGCABFAALG
ACQAAP8Gn7jAqMwCwKjMAexvGSsAABo5dURVYlAYP8wa9QAAFwMDAltfRCPS+dpx9w0iYEfXwLpD
aXvJfFnJZU8Rf6MGacUl4MU9uqaIkRHCc+U5r+EgezivZCz4UMpJLkp4f/gashoY80xmMmi80oYn
o0sr8snPhAQhdmw97DrQ4CoSZSz07vt0vfO7573ym5L4BPd0babMNWGr5LcWP6AWRji8CBC8dWWm
98ahMjwVhMZPccB/8qLXUtqyVswwPm7+7L18py+f45dseNHeTzpvbhmZVB78e4JuBb6voCwiD1N4
ZH55WJZxejiP44lGvLPykHswjHlm8zvPLL3eezvafb11nJayT7bOi1x8tKDpzjTb4VG+BiI6O4Bk
dBJ/MCFyjPwNnRf3eC0cP16mberwyfcbKIkq4m9E5puYuB8Cj1af33rTcm1/O6jCBDGbq7eR23L8
8mBqgAaJos5oOqSiLWi8QZt6Qkkzr0jB55E/nkykwpktPpll+0Y0UhHwoyKBZBgHXKsZbNjwKAvf
eVtud7koiWKmzxWQAKt4wHH2G39BkYTw9QEQOXrEeuCHv27mFun+stkHwsH29mk327tpLWJdLKAm
wMWM/Wp8ub+FWWcqgwdj6jGaCRfCglrjOmRHqFobFKE3nVH6v1z5i6NLZEjDVtdFgg7e++HGh24v
qwjEgDCH5Z2DXLHZsJKhJirq8l70LImmmD+YsfmVMCFfwPue2gFQHaVD87jT/r66ZU5O1rwuo8kG
DKrpUrWRNuclrivDXZvMvu2QT92G8sMfz+OaCfzQWNDjj3+1HHIj8lWB/G/UazYJ0+K2oVw0vuW9
Wp92CIrGK2zOvHpz8e7Vtr0XAwMAOefC+dXWJCRp9Af2L4LaXDWISTd9U6qW9IV0n5d+9mrcg5at
qn8wcAxw98GUeFKyxA0fV+P63FiekcqZu2otGgIANgAAADYAAABSVAAaBAYWHPksJesIAEUAACg3
OkAAQAbqQMCozAHAqMwCGSvsb3VEVWIAABzXUBAAPxlwAADKmbtq/BsCAO4AAADuAAAAUlQAGgQG
Fhz5LCXrCABFAADgNztAAEAG6YfAqMwBwKjMAhkr7G91RFViAAAc11AYAD8aKAAAFwMDALNonN2d
OT5HX7PzI/Im9wmfr0rjh7+Zc+HEtRmgyEIzsRTo9tnprsYJF/4RNAAdbX80hc3z+v6Dh4+JL4H1
dTJwLuLam8jQCKfmYZ9DCBINU/Ji/ObDgC2681/OuLnC+7tZ6fFGt+C62kXwxg5FUyhk5dGX+TSQ
z2bESbrVoIV3qXW7CjFhvOnXqS11ZbpdskrmdGpHJG5vDzDNmjWR2bG2UJV9D9TMeWdkTdniWES5
9j8Cx8qZu2oglAMANgAAADYAAAAWHPksJetSVAAaBAYIAEUAACgAJQAA/waiVcCozALAqMwB7G8Z
KwAAHNd1RFYaUBA/wGjuAADKmbtqUJQDAHUAAAB1AAAAUlQAGgQGFhz5LCXrCABFAABnNzxAAEAG
6f/AqMwBwKjMAhkr7G91RFYaAAAc11AYAD8ZrwAAFwMDADr/2yDCVfmx645xUQTDugN3i7+n5ZJC
0iTDfoOIf1mVpgVh8tu4c5XogK7mMQ2tbWfWjYYM9WrWm2iLypm7au/XAwBOAAAATgAAABYc+Swl
61JUABoEBggARQAAQAAmAAD/BqI8wKjMAsCozAHsbxkrAAAc13VEVllQGD+8+rwAABcDAwATq/Mr
xFSDIbIlmq/zR709YcamZMqZu2qK2AMATgAAAE4AAABSVAAaBAYWHPksJesIAEUAAEA3PUAAQAbq
JcCozAHAqMwCGSvsb3VEVlkAABzvUBgAPxmIAAAXAwMAEwZAlLjeYJO2VF8O5kKCxmNXloLKmbtq
ntgDADYAAAA2AAAAUlQAGgQGFhz5LCXrCABFAAAoNz5AAEAG6jzAqMwBwKjMAhkr7G91RFZxAAAc
71ARAD8ZcAAAypm7akXZAwA2AAAANgAAABYc+Swl61JUABoEBggARQAAKAAnAAD/BqJTwKjMAsCo
zAHsbxkrAAAc73VEVnJQED+7aIMAAMqZu2re2wMANgAAADYAAAAWHPksJetSVAAaBAYIAEUAACgA
KAAA/waiUsCozALAqMwB7G8ZKwAAHO91RFZyUBT/P6j6AADKmbtqiesDAD4AAAA+AAAAFhz5LCXr
UlQAGgQGCABFAAAwACkAAP8GoknAqMwCwKjMAexwGS0AABlyAAAAAHAC//9LtgAAAgQFtAEDAwTK
mbtqqOsDAD4AAAA+AAAAUlQAGgQGFhz5LCXrCABFAAAwAABAAEAGIXPAqMwBwKjMAhkt7HAMMe3e
AAAZc3AS+vAZeAAAAgQFtAEDAwrKmbtqYCgEADYAAAA2AAAAFhz5LCXrUlQAGgQGCABFAAAoACoA
AP8GolDAqMwCwKjMAexwGS0AABlzDDHt31AQP/89XgAAypm7alc8BABaAAAAWgAAADMzAAAAFhYc
+Swl64bdYAAAAAAkAAEAAAAAAAAAAAAAAAAAAAAA/wIAAAAAAAAAAAAAAAAAFjoABQIAAAEAjwBJ
cwAAAAEEAAAA/wIAAAAAAAAAAAAB/ywl68qZu2oPagQA+AAAAPgAAAAWHPksJetSVAAaBAYIAEUA
AOoAKwAA/wahjcCozALAqMwB7HAZLQAAGXMMMe3fUBg///ocAAAWAwEAvQEAALkDAxu30N4XC75Z
h0w5e6Xv8r8P9BGcc3YtUbD7bXaeQhpLIIzXsN8GlatQCJvxg7l3urE3mSPuG4frSqoFY8DC+Q0a
AAITAQEAAG4AKwADAgMEAC0AAgEBAA0AFAASBQMEAwgHCAYIBQgEBgEFAQQBABcAAAALAAIBAAAF
AAUBAAAAAAAzACYAJAAdACDCDooNty1NsF97+gePBWNCHXTH9Z0yw/FN1uYJOvgsWQAKAAgABgAd
ABcAGMqZu2ooagQANgAAADYAAABSVAAaBAYWHPksJesIAEUAACjnNEAAQAY6RsCozAHAqMwCGS3s
cAwx7d8AABo1UBAAPxlwAADKmbtqsWsEAHIDAAByAwAAUlQAGgQGFhz5LCXrCABFAANk5zVAAEAG
NwnAqMwBwKjMAhkt7HAMMe3fAAAaNVAYAD8crAAAFgMDAHoCAAB2AwOOBpF04XmBpPbsP5a0tlIg
UDRmg09XxdjQm23Z4G1MXyCM17DfBpWrUAib8YO5d7qxN5kj7huH60qqBWPAwvkNGhMBAAAuADMA
JAAdACAYJ5s/iZqdQ+R4c7jloZ6BdO+9TYIHeyYDZmXml+tBFAArAAIDBBQDAwABARcDAwKyukeG
6R4dwRvdLb8ZEgmoWeDq8aXbAgLwyULVtAO4d70DzDf5ZjiVfEZ68sDC6TeSadHbdMa0U6hq2SJE
+cbE3VSBvWXtWmGbe6o06fv+Ofb9MFDuSZblz4CP2SsD0DYmakI+SeSrOtIdepEVzcAvdpgLVSwN
MgzuOAbVTVX+8a3ZFJOnePQXfT/Om66q66dz5HP3GYu0V9g387/f3yq1Fqx9R3bk3K7KSla04KLw
9tjKIBvqsxoiCV0LZG5ErXr0N3jFwLWcUADHWTMareRKWkvXnRZnwTA9jhZu+eQSCegjRrziIljO
MxBdogLhPodohDQgDYR1DVgTumxJEfggktNuGwytIGgBI9XOw4Z9ozFlq3NMr7Kvem20obyUB/cc
Wd72uaekurPWCrRoGa01a6TqdfC3DpBurprRU9Cx1VgZV3jrYspy5KKhRmvH74Q7hhJu6vOa9/Wf
UdYgb1U6qVQezx7MuaUILKnCC0ffPdFHscuUzrL2NfHVzDsFcZXQcfjEemrZ+n2N4sC80z0KmTGf
OkKJJsnm7UXtT4wyt7x5u773LDNBK320AMO9n3BuOcLQcpynoHhGiuZ8Ri+AMWE2fWWfrz2tK8Nn
n0fQoArU8+MbCOrkuI1GwsTh8a9vx7yXHftw35V0BF1qoA8O3+q8KLOdAu+WolgbAjMgMNSw2gGs
bI/soPUQfucOw28PigLGRosUDfNYSL7kiXM3SpkTl90v/kEKRXwUxYEUWekg6rZEwjC7pBsV4w/F
gq2E8YArgX6fUPoYX+mmYu/5yf3x6s52iuAalziJA73GDVcDFEbGmwOjmpJ73u1aEjm31DWGRZ/Q
DA9gUcupIHhtEvUKYJTNqL5MQ+01ECDb6tOCiT5kOAQ+MyDrHjsZ33DzMlxZCNEB/pLbQa6iCmwu
4/WYypm7ak1/BAA8AAAAPAAAABYc+Swl61JUABoEBggARQAALgAsAAD/BqJIwKjMAsCozAHscBkt
AAAaNQwx8RtQGD/MIYEAABQDAwABAcqZu2rSHgUANgAAADYAAABSVAAaBAYWHPksJesIAEUAACjn
NkAAQAY6RMCozAHAqMwCGS3scAwx8RsAABo7UBAAPxlwAADKmbtqdh8FAJgCAACYAgAAFhz5LCXr
UlQAGgQGCABFAAKKAC0AAP8Gn+vAqMwCwKjMAexwGS0AABo7DDHxG1AYP8z2wQAAFwMDAl2tKVu/
Hbb/jVhZjNYpPWfne7zHMngwT9VVwXSCXuU0KDFyf/KnROjHTXBcUM2MEYfiPrkVZULTtYfDzHtf
b5Npv0mQkdztVZku+V9k50RDS/YBStVYF6ykozFjOAOvjdMgJzMyingujWA3UtpfD23rTW5HNfud
mqMg3JSYCk3cnSuvK9sOjMqHyZzJkux0jEzGvl95/3dAqKQjNvM8AZrPVTQpbAV+jpOBE0y41C0f
UmatPqSns4i512G2yNvK5yamnWxlWoz9gO4yC/zdTxnCOJ3j1Pyd9iFaVCkhF4xbK7qQmq+zDvvr
r4Z2aOL59VdkgJdHFb6YlL5fLUhgkMaRXH/AKSpf91j1/O3GV55KqQa3R36rU8qgUQNB9totpPi7
YWJ08QRxvJh4u3jf01GV4Wl0IP4l9+BmXP7U3DNhR0+blgXhBEigAwlFsyVrHD8w2eU7LuxvKq3l
aggmh3i56wEpjuZKy2rY1mx4TSK0jYVc90gE8Q7Qm9mxylKefQcUN7ynoypHND6uylX9Awyz+kLg
bNdIBqPOXSlKNbAwQ6vagmEdXqRZEhdDaGEtxRrITMheNk6kmC07MNFK3bAGzihoRPAoBcrzwNKl
3RQU1yvHvTxTxG9PdcXKseqvNDeaKqheMcv5bzzIOcvXJO/ZmFt/VkquYnrmWyM787hO8QO6G0cJ
D90z466wvlr/kY1NWY3rMt66qjsb5kNUq3/pJr5oba1+Z/ripuje6DXt5/A+OpXbpZaJfDAmiVDq
S5qYO4d7TyYvLlnjyFc4h4zhCKY/xJhUf8Yv59KINMqZu2qJHwUANgAAADYAAABSVAAaBAYWHPks
JesIAEUAACjnN0AAQAY6Q8CozAHAqMwCGS3scAwx8RsAABydUBAAPxlwAADKmbtqmSAFAO4AAADu
AAAAUlQAGgQGFhz5LCXrCABFAADg5zhAAEAGOYrAqMwBwKjMAhkt7HAMMfEbAAAcnVAYAD8aKAAA
FwMDALNsJ+xse7rIep7Z9ppAeN8Ukn4TS52NH+Eogzip8pdKxmDQwWtEvwrOSI7oyTcpIB1HQwAO
I7BXQ4oWtlyLKLQqmZDuxsSg6JBmw1EtR/nj9/RXEFk26Pcb6ealW7imyLvygmOJjiSL8lt3YwO5
FG4sXlXe1Z3qlAa7r1sTrPFV+ymuPM2xQ4qQd1uowyT/0NRj1v8E6ZoWBPb1UKbIeFUvE6LUNrsc
CPl+d+57srZKSn5KUsqZu2rqYwcANgAAADYAAAAWHPksJetSVAAaBAYIAEUAACgALgAA/waiTMCo
zALAqMwB7HAZLQAAHJ0MMfHTUBA/wDZ/AADKmbtqBGQHAHUAAAB1AAAAUlQAGgQGFhz5LCXrCABF
AABn5zlAAEAGOgLAqMwBwKjMAhkt7HAMMfHTAAAcnVAYAD8ZrwAAFwMDADr+XlAoCD6msigjibds
tqA2IdPPwa2yGz50/FjdHsmFnGvLnbYzvAnN2cgehJS5IPbJBmdVLxexeWSlypm7asyABwBxAAAA
cQAAABYc+Swl61JUABoEBggARQAAYwAvAAD/BqIQwKjMAsCozAHscBktAAAcnQwx8hJQGD+8eMoA
ABcDAwA2eZv+1uyaauHAVGxSTM2g/TKpClmppqy96kJhGSQwORlRQPf7nwixhcubaVKz2vNIPFlt
Uu13ypm7aj2BBwByAAAAcgAAAFJUABoEBhYc+Swl6wgARQAAZOc6QABABjoEwKjMAcCozAIZLexw
DDHyEgAAHNhQGAA/GawAABcDAwA39OFKEF5V8xGOwJZsPAXFlUZ98GSgvQ1S9C16U1uitlC26tYK
hRRT8doD8MmGiU/ycw46hI5sd8qZu2oOrQcATgAAAE4AAAAWHPksJetSVAAaBAYIAEUAAEAAMAAA
/waiMsCozALAqMwB7HAZLQAAHNgMMfJOUBg/uJqHAAAXAwMAE5+Pno/r+aFh1hO5b0ouKMiVeMPK
mbtqca0HAE4AAABOAAAAUlQAGgQGFhz5LCXrCABFAABA5ztAAEAGOifAqMwBwKjMAhkt7HAMMfJO
AAAc8FAYAD8ZiAAAFwMDABPmpHT5aeLEsmKP87UlkWSgITdcypm7aoStBwA2AAAANgAAAFJUABoE
BhYc+Swl6wgARQAAKOc8QABABjo+wKjMAcCozAIZLexwDDHyZgAAHPBQEQA/GXAAAMqZu2rbrQcA
NgAAADYAAAAWHPksJetSVAAaBAYIAEUAACgAMQAA/waiScCozALAqMwB7HAZLQAAHPAMMfJnUBA/
tzWhAADKmbtq9bAHADYAAAA2AAAAFhz5LCXrUlQAGgQGCABFAAAoADIAAP8GokjAqMwCwKjMAexw
GS0AABzwDDHyZ1AU/z92FAAAypm7at25BwA+AAAAPgAAABYc+Swl61JUABoEBggARQAAMAAzAAD/
BqI/wKjMAsCozAHscRkvAAAZdAAAAABwAv//S7EAAAIEBbQBAwMEypm7avC5BwA+AAAAPgAAAFJU
ABoEBhYc+Swl6wgARQAAMAAAQABABiFzwKjMAcCozAIZL+xxSjXU9AAAGXVwEvrwGXgAAAIEBbQB
AwMKypm7aiLcBwA2AAAANgAAABYc+Swl61JUABoEBggARQAAKAA0AAD/BqJGwKjMAsCozAHscRkv
AAAZdUo11PVQED//GD8AAMqZu2pvCQgA+AAAAPgAAAAWHPksJetSVAAaBAYIAEUAAOoANQAA/wah
g8CozALAqMwB7HEZLwAAGXVKNdT1UBg//+nvAAAWAwEAvQEAALkDAzgPbE3cbUxro01qyHCzyXem
7zW6P03yc48mpY+TB8z5IFPbIA+JbBWPAcWMySv94hJ/s7FRSVI4UdAYUDdcRcJOAAITAQEAAG4A
MwAmACQAHQAgyB5N4sC7pIvf+Qq06gyg/dJJpLwAlQKQ4E++ALE5pxQALQACAQEAKwADAgMEAAsA
AgEAABcAAAANABQAEgUDBAMIBwgGCAUIBAYBBQEEAQAKAAgABgAdABcAGAAFAAUBAAAAAMqZu2p9
CQgANgAAADYAAABSVAAaBAYWHPksJesIAEUAAChAIEAAQAbhWsCozAHAqMwCGS/scUo11PUAABo3
UBAAPxlwAADKmbtqtwoIAHIDAAByAwAAUlQAGgQGFhz5LCXrCABFAANkQCFAAEAG3h3AqMwBwKjM
Ahkv7HFKNdT1AAAaN1AYAD8crAAAFgMDAHoCAAB2AwOPQ4MQ1/jt9pvCulIYX1qTzLA0Kwb8VEcJ
sf/Eg0paqyBT2yAPiWwVjwHFjMkr/eISf7OxUUlSOFHQGFA3XEXCThMBAAAuADMAJAAdACBLdMCL
lBJyWtwWnCd/Be25gfkAJcBNby+MYrTvFDdWJQArAAIDBBQDAwABARcDAwKy7kQjrkp9OlFDQGHe
QbHyV8fcnGiD7lClYf6y+5ypuOw7oQxvo4h4bWMAmjJgyd4ffEPx4YiIQwj864SC/y/ldVS0rh84
SqxjwfkbpQoLZ/nToHk4U7Mpx4yx7pqxJB3EdIzxcNImdg1CWclvRlIulnqLs2pIuY76v8OmGeLw
AFqRyAxNnIcUNy3qiSwUZAhCofSbk5Q1FuWLx8hh209J2JxoIEYKsCZK5RoO8aI4MITjtia6Q57R
rEFgYyzrruatOKjaWERDyUd0CTkh+P1pCexciIVGmpDlK9ZG3MmEeVO1qt6aQXnJ8l5fKWWyGJyb
sGYrmcUiWIyLAwQKi1ALFcX82SX54hnKbFatzzXNcZJYZCOX/RSUcJa3En2801uFqg+pDK4QQMBL
8ml/PZmbJjF98Y1aFmXgA70CSdMu1ZEADhq9B+N3nq6dyOjBQcXjOQBbYoycvPSz/YEu6pjQPG4C
ajLarZqmLwHTKqeV2VcWPF6ykSByj95KEOq0jNXwcL8PZ9IQjL3QT8lu/IeywsaSB8tvx8uZ138F
VMBqJDEYIpYOJvSpK2bv7YSUg9O4LRc3kCSQilTTVXzLV7kP3fZ7z8apViogSBoFq/AnrIi73/0X
WN2AirkuSCyt21kgBlkcXPPlv6gu4FlPd8b2KkOu8wy4q1xwQtIR3xKQ/PcWAtST8pMz87FFILYK
DHBxaX28UW/2Iyg4CEeKM814NsuZulhuaoR0mSAx0lPFJ0mPsyBCQ9BCCCRel20zU9tEdREdBVQs
wpoppRbjBa10MythoP4126CvjKJq+eqd8aaDWnSRHBAUw06n2d1+FvVNpQTAu4DeeSuZ6nd98D4C
UpNG+R6rKU9N7mJ5Ow/7clI7dIBl/6kWwEqt71oWP7NCha3j1hmRSpjBgoh7e2Gur+1Mypm7aq0e
CAA8AAAAPAAAABYc+Swl61JUABoEBggARQAALgA2AAD/BqI+wKjMAsCozAHscRkvAAAaN0o12DFQ
GD/M/GEAABQDAwABAcqZu2qRvAgANgAAADYAAABSVAAaBAYWHPksJesIAEUAAChAIkAAQAbhWMCo
zAHAqMwCGS/scUo12DEAABo9UBAAPxlwAADKmbtqKb0IAM4CAADOAgAAFhz5LCXrUlQAGgQGCABF
AALAADcAAP8Gn6vAqMwCwKjMAexxGS8AABo9SjXYMVAYP8y0/AAAFwMDAl327zqJqAPHUd20hTCq
vg3V9Q/UDLB/wk9WSVV7iu4M3AmzkGr2nWBJHfYH6A7kYQU2Ay+LiPyKdGXuugaReb8ZehPKQCM0
8qgqw/Z8KZQmIgoghWmLUHyBiMKcYct6OGSBXQRYdzKA9JXrMe2tAqzHL4NMg4np/BiPF8U9t2Cb
Hcx8YTcq2pKyFkmWqMtoIbXo6XBAw0xb/4UWSlwLhZGcvtPA0fgvL6BNViVd0YrTxP/Nk5F85HBV
l4XYJVu89Y/l3dYQkkX4x7EWDkANxAQ49cejP+SgjUlfvzFn2a7l/kWbDA9H4bbdG3u5POh0o+8I
Cum18uQO/YdWZ8ZwNxJJNwI71oTFK7OZl5XWWPGPusOvM+77Te3a6RMhNGVC7TfFWhJE3JQTgfI2
Sz9QfSLqwZeOxrjzoCJv68nmsA/0a3YHhMIBcsM8B7dRs8qEOvuSVrTxg79cEbTqWKYsFuwf9IHz
CXR1VT4gS5ajbcMHRry4SraGft7CUjBmeLXGumlUwIU4EpepQ8lGtH/ojiAJfhKxN3m1bH+7Xoub
9+xqG9fVBK+i6ieexn+qlG6uQ9V/cZM/CacMczP9J919YgFZL9Y5Oi7N8txjl8osRlUFNE/0YN3o
dBNvSPUw+rktO5cxLEhqot4LFmXVBTni7kuPHxed5gqoeR5kSvAGN5R9cAJMcMzDBnPv44mSWGZW
0KX5SDfOVcYc2WuYn7zzMj/MD7kt9LGF15puod6ix5HQ3zZzV98wjGu/ebSz32F0flrMEncGt7v7
5eaYSZ3jnaR86wZ9JypUxzWBCtocaBcDAwAxqXP3uM1inz53hiefAtiTohswHv9AplJGmS8Ze6s9
sTJXwDcqRZkqeWGCTsduRoAXgcqZu2o4vQgANgAAADYAAABSVAAaBAYWHPksJesIAEUAAChAI0AA
QAbhV8CozAHAqMwCGS/scUo12DEAABzVUBAAPxlwAADKmbtqjb4IAO4AAADuAAAAUlQAGgQGFhz5
LCXrCABFAADgQCRAAEAG4J7AqMwBwKjMAhkv7HFKNdgxAAAc1VAYAD8aKAAAFwMDALN1NrYDBgw2
cp/HfQJLqusdtQ9FitRDNwF48sJGXW425vTUuI1QZUlAUA8K9xmq+H4FUwSE/u4aL5rCz8R5Rsn/
hoQFE6WasvhHLutQNKujIQT2VsL4xrHsj+zllDohINHJ+yysvyY08OSBJoyKpznclupv1NjwR0HK
Eo8hPSRv7nFm+otd+RHvowps/F1Aq56KQnsIsqlEItURadCbKpInhCv0oQY7EXbnmq2FVLzwlum8
mMqZu2qEvwgAngsAAJ4LAABSVAAaBAYWHPksJesIAEUAC5BAJUAAQAbV7cCozAHAqMwCGS/scUo1
2OkAABzVUBgAPyTYAAAXAwMAMsUNdYKWKK7ZBi0bu2Ev0+5Rf0Q5aiDrdgkL73TQ7ArDrrn8PuZo
PkuPDpmV1NGEZwcxFwMDQBEJckrEZhjuYwN7//BNoQd8fjh92Cnl2PmZf2Lm9Es8qr9Kb85cgppZ
KAzU1rRdr4cKj26bn5lUzF8P0Eqp7XJg21y/GTxcSoC9Y1mhJSfSvp2VPpbjwahodg73+7zpl2kP
jy7gltlVsH4oykv9H0JE3mHKPoI53lYwmB0p4eH7Kc5wAiQNTfUiI300m8Ai6WeXrPJESp+E/coT
a+2NZzdN5OKDMrFoGs2+QgDHzXY+d41/FFfOjueY/6ochVjl3SSZ4QQ/hpzS1CXkk0T95w3LZeOd
5CDNo01x0RJ/hgXSkvUwHkZuGaBPcKUvNkBxw6SUxGm9EGRzD0idCxCZOSMy9gpdxkBuRMie7QXR
BbRmMVtnYx6mPv8SSgZ+peJvYTypEogZOjgWGJ58OyCuNewYjhLcRxNEBGNSHnvxtHOjQNdWU8VK
rCFaX47lirqjJfgZNLWYnPo8NRWm4x786hxnKjFF/bFiz9NG3vC+oURniVeaSYnKeD//VE+YSYyK
wsYMxBFU4eIbAUFDwMhzLp1BKYwo7sM2AtbyEMP6jWK1haW+ThyN52uXcrp0VvhiyPWhxCDsw863
BroW9gn0yxfuUEvAEzubjGX40xkDoo5XQKHhi2BRUUtjgKNBHDl3xz2dMzXQ+A5oEw2O0VwIR4Nj
3x2BujoXKXlUlVnueMYgw+QMbsXIaWLekfKO3Oq3S1BaKxEblZ2CDNzOxri4TQ4FQogvazTT8GzH
dZiFsdhpbrVuHCi1q84vWo0BV5mvJN7rkx0JF8QKAsc/2MUeHoef1EAH/vEH0aZLKuNaEvNntg0f
vi2VIY9H8k+QgrTsAL7QyQhWhPWRZXbh5mRIh2An/Y8z3djjrY3yKtHPwDXcuDninxnljfUlb0/7
g46SPuNB/r+hiDlKv4aG2eAPKNbwNMuai8ebItPVDE3ws2ihHIKYLG7arEfICOIiuUUfcWOVup8w
IdHaBNcIzEbd/lw7hcwRCekylxOT90YIKxROxJKfPH+ifleptGfbikoiuRcigLQY1146bf2CJhwg
TUSWkBGRTH+J3hWRA6Up5B2lnWlgba9GNJCOKAvMmT4tU2CF9e22zeOrIhRROiWefh/NDDYeHC2W
ZSahth3mmEiFL0kmkoRvtldqhXhcV0TzXqGZ613UXUsgpteQHEdG/Kh5qacH49EwyRHtU2ndSjrI
F9SD9iGxnJnX/5pv3RNl8v9D/bT53YppJFh47kiJPVZTKUXUH0lOWuDVmAqEBPrpaaYug3auV34/
i4eDUwmIYMvjgbxnfKPu4olhQ+s9frsli4Dynfys72KOsYZ82YXIjXn4z0nq7CfVV8Kjbfnx6h5E
xWf0CF5ZZVJBAVW8/Bg6Xi7g1PaxROEk4cVG3edEpz4d9OkeS4LKBq062dt0+sdW0H95fTrxCsP0
LHXCkBXMrQB8cEEoFKHkF/WMUXQ/9A+wk7jO7RjS5aMmwBQ8FHBFnvW6CRCcvhSNjCS1DJ+T/i0M
198d++gwte13ScpLUJc+SOTubFpG77NORWyuVGDarosW/08eCt7UV+XZkEzQPsaSWkq+9H4apsnr
k34qEdRR5NOlqgH8clc3uFq01F9oFrVhBwVa+qgtAoKWGIcECFiZ3QCjVr7Db6SZhevkyHnFARNr
bxONqZc8v7t6yckxAJvmtlbp/llBPO8nTZrG94PCbt/W2ItRCmEHl/H+48rEsiZ4GkSXbRjkYrTh
lPhKGOmiYdCvN9eKk6demkPbJObS6SwhHxtzu2fgcRfN5ejhTKpBC5dk6sNcQB2YE994ksHwkZD+
B/X1t/l37bIbQvxHMznTc56nxDlrcnWCIit/X/pibY7rI4fYfQqMAsAqED87E308U7+PJgKUg8jg
/1HkHNRcUAIMQZJPyhoi4lKl+5iFdkJiOz5+ytU6YywXzojozbewImMF3SV0MMBSqvVeGhtdxLcu
tmkvrt5M6pIUMWAouzSU7BisITxtIjx8y961RKQPg2kaQ+p29JnID9zfhJoruzCUKIGFwz1nRqNp
u1NCw43dNKL5In3EOJCEzXCEYzn08PVbjaZg0DqW9b0lo3Z72fCXf4DlFYgwdTfPFNLo2hOHCAVU
7uvKTorz6v3+tURfuyjn5lGHuUbB4IM497Pj13uQudobMmY1Db0bG26cSA+VDHLzWEb04+EJhfUM
9wrbXpzr4BqvgoEj+UF8CW5+gvMc14Ijt+ORfV/Hj6gTiLciYpGg8LT8wXmHSfQszEzk14RBajed
AO/9sxvw2wxNgfXikaGMbZHh6HNX7UzfjjLGoagn2N1CCXD0Q4dCja5pcfxagxURp1Ue1KdScTj9
YQT27qMVOCdvrw9+qTOk1LsGLhk1ijMZFzB25uAq3kmP2iOYCu+uYD2lrAiOr9taIMgpiniXNJVw
N/gWDhZReTb2SSmVlC+14ZTMwvjF3IU4SbXZFFwN1Yrviq0bJjIGuaIedCdbAYAeKgT87qpEB3oH
V9H2jYU3NMyNpKmStuy0uBQ4sq3s3rYk5mYERHUJ06xjN8BK0oUE51xIovKuj92IP7nsnHcN9jDy
pQJHOEKnEdPQ8JpJVWs7pkxifxIgKJ/yb0Vqc1FAp9ZcHReIuzoJoqxnnk7ahzyO5TTCgFUyRgHB
FgNsni8qxgjhJ5QhSKJNErSpNT8URBnVfnY6xQDD5hZa7r35vzIMRJLe9doH1zkKsiLQwytEev78
/PJqzDITz1wH0nhiRoOlBldaNHrmsQk8D9uiNcyJ5uArqQK5De+UM046p85/If/Qbsis5NFJ3ryl
umBAw/cV9Rb91frfGicx1PVCgTfvd5vrS5R3BzMXlZKkEeG87JWWzo+J7UT/vnIyz1fThgQBueUE
D5uohiTmTCO2WqN8wpupm8u/pQuLM7/Ca0z7Xk7CW06ce0aiExoDNPrCrddorOX+4/aHG8sP3lTP
leFsyQ1c1mu96oQthW4slTlP2P8trNybIDZofRFlRkrZdBAKItymY1Qs3OTCAgDxASwJriCvan/K
yk1C3uzSFj4k/8UUrFeOASlmqkYCLKr6yjluPjiNk2AtbikAIrkCyZue81NFDavQsbaRe+fIDwmO
9r+AJrq4EDexyQIEQ+U4vjC7sI5gZq9jHYt60d52O9gppDEf1o4UJixNxJYmwjhvA9Bh9WxwODET
LYNqlR1mH61Rt2T9uSrIgUP5EemfF5U4VxURvRxo/cFY4umQ/sT6RlzYRqlxZZDSOpXE2mX4HZzi
TFsr3ptr1IDr1iT5LmiOx8xj4c8DoNr87qzK1j0b5Ia3hJnZkzY1J+fR83Dvhb5IGDtn6USL+xL8
eXvWplFC4+Z3FTU+7KtMr1G98yhN3wk8c7D56C4wH+OxLQXroq2jz8+rbe2poUZ5dusvjYDVVmD6
ypmEsqycx8SmcZM615rzRPNDTf6BgQWj4HwITO30MqAuwc2Vz1DV6K8blz7gMtt1xZRI+bTzTdmJ
SR6LX+kujJV2Wd3OVSoqfhR4MFEwaYNZ8BMF6bvC10I+vUb1PnkScAuPfyc3yzYWVWV67V/pcLDF
LXM5P50qG6Xo33ZYs+rwgpKkMtDLNyiFOX0gFYyUodyHN5p1+yA4wSAULaooyDBaKUCo38OOer9I
6KzvJ1+WiPfWQwOhpvJTKldryimSYGHuwljj9SILXj/4D5oeDUx4ruUB3f7lLnQ2POzYnx7KXb4U
2dHJZIdptVE6fujGS9hStd5WRCDlEiinXhFb8O845ZXUmezGgTzx0UufaA65C5kGlI7F5vs53/yy
M9wM1igmo7kHX8n54e0mKns6CA6/qKQ1OYCRypm7aoq/CACeCwAAngsAAFJUABoEBhYc+Swl6wgA
RQALkEAnQABABtXrwKjMAcCozAIZL+xxSjXkUQAAHNVQGAA/JNgAAG54pxGslrKZ1itvawbMGs8I
oLsTGwqfSQ34JFAx1DNwjMLN8dMkScSoGalWGuxhF2fkqU6FzPN3QZDePOJfR9g4I1xXM4xfcBrx
gDCAm0gUWQVhMmraq/nnlbjB0wznWhj9YCs3mpf8ICPPUyjvFILduohN3MHqccDHTr65gWs42pZ7
Et/qzjiHoqBMXU2Vq0eQCgqr/hxT4FGgER7ytFVEUczAE3hqFdEEb8VAKXaEtrbq6UQqCdXYyqCq
B0WycNRjEGYnbVuqKQZhCzXxmUsdqIFMzQEXs1VA2yymYXFKOcp/zqpOPtY3j4ny/RrVSwIE7HGt
6aEK51g6RT0cnsrs119pUCEE0y/Gu87sllPGbVtHuePuzwvl2m5iW8ZevNmdRVquoU8itGFUWJIp
TdQXDtkUIEu7TrFn444H9d/76sbAMP5AiKC4GDyJNkBDMPz70Ftpfb7xw+YZgH28mPcp80L/SEB2
+sU3n0c/ALvaz2ggCzydFw2I6Xvhvt1I62u0CaHeos1Jtoflir76d49UUPJ9Gpp518Y+4+PLWbkT
xSlG6iMyu+vScSEOSHtggo4CSgcFSCSlr90o14RfXGTY6KV98hcwrmN2tDKc4NAY2XX6+2Fzitzv
RuY/1qMCWhF/wFIxxMzV2WmPMiTtMySNG/upKHH9k/y4h4LBtu+FxXoe0DbdmP1PmkhxJoS3zKPq
7HhPAIzcNEE172lVur1g0Trf72PirNJEKNcMR+Q/ceDGa+JGA8iILH4rbYuRnpGQz4HGc0/tAolt
NzQsAFd4+YPLXFVgFG3TIxWHZXkI0n+bJpV2vV7zjazJZeaGwYlwQp9cY930f9RH4EJH6+RORP3s
G+xj7RfiQn93lbKORTZ2o8h+iMD/aRSgk3++dF9GVKKjpJzA5mi6aRDfF6WCq2EY1IsKY6ygezjo
9PPEWAU3CythticpnyJOwRVY3eN+grEzZnhv9tJrwBdoDqEk0dC899Er90xPxiuNmRikEhuS5w9/
QhCD19VJ+3D1UpdJwKayaQxbcy+8KPSIW1FuFY9bnZVMixJmQ93AZ6NG4NVdV7Ofxe3IzWEOQmme
q4C+CilihYW8HpIapBZhpDF7I12VjHN+iSEdsIJ4GXpLBjsdNVaxw9rSxqe6ulTHSgWV6cOF+PQS
WjGZpAU4V0a13RInB42Ou4E4fwL2j6/uXjDxWJqFFTZq7Osp5ouvHh16+FGLu/nYt04WHt7pLlsm
rlh1cKWAws10Kr+TXMWwrkzKVCc3uICF5EHEviwlpR21BqQgt++CnIrvHNNowQ1an+qxY49wn/88
AfA40DpcasfWUfh/RJzYqgMDNVIms1iB9d7Fc8E08ynIeb2a9btj1tFStdaDEDd0OU+AQDfey+4h
waWHZiFXqsA2wi7jOS3LCM3tCC+sWYaeREe+5vhTug9kr4+M3Xu8EqACmxz8gRDk4li7f2Is/gmB
P2jxrI5HhyVCx2RyUlkKdelq2GKM6e2mxTcIw6eiYgeuny6vTrMq1/vkPdtbDvsWbKN02T3Qrxkr
mySMiP78S7wjQ9fwBhvfHYFJlKDAPRvp0t2gZtP89lrYDVXRfkr2JiaHpI+4DYwY40+Xm+0Jl2cJ
IpLF5kf8dZm3kknM94Tk1+svzp14Dt54x9MyDsCoMuvwhyw1thCcmwbODWYuB6UrPEZI0ngKAgqS
GRl7rGVKTJboPzEICxzh9xVp+1Ol8jwMq4ZWz5vH7cK1lPkgmsUmc1pUdsOpq4mLp9SANkv0FjSE
EB6nxipkibDAsGm/vsE6kuq5OS5JJG8C4UGAp7UMNhzRBywNAhhakD/uRLpNdr59afM+iNRqwLkF
bipjfmQeVuS7kQvfRH50JnbxCJo0AN0c8YowJYrYzqWjwAIZck96thV3KTYJ5hNoq3lsA4SboFxk
EMYVdTvtUGu6/r5smP16fTwrpxmOZyarbDGPuc92fnUcuI51p90oFWD164jiJ6cjJ8ab+2JPiIoX
alRPxGmCL0gkcIHS5xpluIYFCjPBSbta9m5JPEjMLpzcdtFADfDXdDqtjlIqoqdFKF/+7WIgw0ly
5YR6lG6PdbbojgeJWaiDjrQ9/G6b7JxzoS54LjC143UO6AdvoYIvMK9KJZNduilK7lJ0Y3XveoJd
ZquLjOREIFDcKapka+aFjixIpp/i8i6KjJSxt7INpImRvtaaC3xQ9KxUn4GER+eZrEJU6cDoW8Sk
xn9fdVT9t7aLaOUX8RgibqLYef2BwRW+R4V1kTmukx8zToYec0b3Eor/Jm2lAoJ7+LJR0tbPYL1s
EvZnZGKv9gTbHIa9mQZBZLjqHQIMC1LQgyrPdaKSyFHFDdUr2hQPIzUJBy64t8N6rJ2JXvab4pjr
wTSDt9YddkM7F2+WmJ52iuHDJIfDonHEbYRmvVy6Y+V2IDA6o99KCOOXkf5iMUYbFKqOnWL6c274
9qEZwdmL/buyEOS/ztavCD7Ym3/glbj87oP/bm3M27+G2V39bhxiNmiq0Saf9JgrMNG/WEQdusbx
0kKbiyvT0iCl2980kVfezTlLV6IGoDeKzfWmlkPCtiKb2WfM74f7Qdc/V6YSpXL8NbAzTIkD+fu/
E2e0egy1qMbkFXSeczGzRxz4iZtFqolf5Rth06CEKEyTaQxDrRKgmcrBogbQYiG9IYtpYbQk9bU/
H79BaW23VEo9NAT+HE61l2ZZBYglk/JoNfXKUvC/5CkCQX0CxoIZv716tQLs5XNfiPA7sL/0H7TA
vhIyvirOcFDgZYBB9jDLgPM4aC92nVdHDdHX8hEreTx85cpXIv74VPFq2/y0Tatw2itmEKKlbdjB
ggTdMtmqB+BhJ/Mn3cnvoBWf16A5rdkYC8HQNMbnfdhYqGPtwHi4C59LXvmGoO+y9submQFsulKF
KYwVnOudZg8Tpa+yXe7JxGExlUExk6XyneFoaa5dLIxlXxhp+EsPG/7csdn+2POlU/ZjOqkKoGl4
pYbTT/9V0eAtCySp6a2hzOQ/gbVpeEf99iiSsOp0kAwlJqvLUc+qv/KjwcpHQ4wlAS25CgPsHeht
/cL2ZpYziBoFV6xfm6RLT8vaXwr6HV0YBTxGpvKPLOa2AwxP4SEGbVaLJzzCyP9614YQiNiaZwG2
qVk6nXnUE5PludBOUI64GR9FgV101FIWpb/DqEyZ3vtORT/7J7mS6RXQOg9AFyxlo7/VZaDqm/Is
ksj/rx8DpDUvFAwhwMaK4cyFc3iRvZRIVscECCT7PFlCG6DztBfQlMIV6iH9pbBvnA0iQzjIcLsB
H1UzC01hfc4gmTjE1CqECMYHMJBP9byTEi33vZnMw8NDb4h0WmBHrh1PYxe1Lnfgrgwd9j7O/WfH
8BdNsIlDscGhcLy2Na979RWJNRcf5KMHO9fG4FH+Z2K3JuvYnE/OxbwsscHDFTUUwZPNzCnlugLf
dWMBtvLg7Ypp3DodZ/GXyE3ThY5KOGc9fSFk6Raa7BqFI0iNOh5DaYMH+J+fM00cBl+26KcIM0+A
Q6i7nLPcsKgui6PJPN0MlBGdcfnFVwZpf1DIsqntHtBpOVsi2BelVyFjFnaRmqFrEMRMJ6g0GtWx
OEQkmECo9fw2IUEUCEpivhVuYCFm60ynrprbnNnryC8hdOVyi5LH7ijouSurFLnuVwOveNU9B0eG
I0lknMGBN7KL1ob1fwhj7mE4UPRDoxgFhPcMz4M9vOkTtHz2d0r+fIflLffi6AUJsspnpU8+Eta1
eV4FUzIKI2sx0hj+FjLOB7BEKh10JOPzthTttfacHMi/93pWS5BEZK84Ewe5PzFaGXPGNOSBOWC9
aL8sKsh+BTVDrGfoLAXQrcNDa/So2KK35Gzn5QqpzZYMyyTng94jcTbNdwX4upTGTqDL3p3Kmbtq
j78IAJ4LAACeCwAAUlQAGgQGFhz5LCXrCABFAAuQQClAAEAG1enAqMwBwKjMAhkv7HFKNe+5AAAc
1VAYAD8k2AAAidfwYLPBE75AwoC/7O86WavFv/oUtWbEDM8a2M1eJjjD+1hTvHiT702nQTAXCefJ
vF8fdj7iJj2og3AHDk5/rRzxAlJfXVeuZhu/6dAFyE3YMzhWA3UF/uHXn1aaJUqmUTVUJaRc3Bwg
tCvuZz79DP9T4QeOcbIyWkpYZcYXuelOuMhNRaJtmOQ9tLjHfqjMefYXDUOYQYTZqBVup67HPQeB
QrAb2Wp+d9Ke5d5Or0EDVGZF+KDuUbkZSgoQH8T4bwH2s9Wz+5nmwtVQJNSXQNHqZnhNbsqV28YO
YBSsmo15jOBIinDLkNQ9PXKW4GTS235aYVeOIo8uonCoKuFfbbRCqE0EGjGRAezvFdQiSV1toRqi
+L7ADowUwCC8MTvEIHaETuIg9dwTSo+vwIZ5b2nKbtMnpiq4+KQ/1tH1QhQzLVnCsrVtW9tDFEdi
ypfv8dvCGtA7VRoP1AeRTIPG+wiHkcrMLIg6R1vjYW9tITEh0mpnCfOEUHC/FdQ8dd/T0gHguzaI
4loh9w1lARxgMNRZC9/m82rpuUMnVzBpKQ/v2RCLvbhIhmh94M0rSqPwj7Gn8FKpAjQlKtth+tAW
EAdOf0ezc2btRntMIazwmRDyVJXM+RMBFlmTbVLCuFVoIi9/WGjKDhcaEjQuMM6kiYdSJFdxRHZe
ZVS3OV6HJbECIRCNB3AGxjTjL26UQMAv+dw8IY8YOzP+5i6CuCTEILugnFDAb3bIx7FAI8otn/xG
OSoURzuSmoFTidGbSRRLG/qjV6P8nD07zzgZT3pqec/vmc7f9ZqoeRKh1W9G//ALdMQyVchXGou4
2AzfIODuQE/qHKPoPt15lx3a4C5Hy/zz3RZnjlPKNmgmiwEUDaW2dwu0qFEuF2zrQtFweH3ISgbS
Qotqvr3GL8Dyz8PlY0lG7lwZhOAgit64hSHcMA/3nEvcXuT7saxIe7GU3Sdy3nLYcEqgJOMDey02
x3JMJP7QGLL+VPTxj+fQGWGCIqrY5e6vga2GNVvFsSgAC5UOvj9LDaMZiZuENbYZYxWvRxYzX53B
eJK06XUrM/73ONW4GWB7EIAgmAcVkXf4vTL7Gm0omsVR1LZW7ngWLJzpdqV+lrWiK11C3AZLtrdh
tiJ5iVCeM3N8xIfwWh2/v9FKKNwjKg949E25nvlrN286TO3JTMguxsclBiZhbomuMZoOztt3C2Y2
pRCgaXtGF5MT0D9Z2+wtycHlMHdg0ZiPQVTD6Faw/MEzkR1P/2Lxcp9EYG2SBcWmYzzJgTzMr64P
QehzTHTcVpN26ubYu4TjwYYqfNsFd2ThtAyFGoAw2wMaUR7zflBkAvi8xzJnI2woJXzGxc9DMRDe
etddfAmGhfKg4kvdkRhgAS2Gh49IoI44YP9VSws1DmEALaSX50Ff3MVKrXNNb4d+HDoodDmlrJTY
B7cIa3hGI8OMcMkhM+3MawvL6bcS96WMbXtrlpoGNZEHtzu7zhbE9CyHB35/CW8k5ZVos1Pfbjfc
0z/ykb8jdz8j86fShfHYvbHzg5NHxzgsoodstZXUxZMgR7W9s09QRfz5VisQL6NFxSqEih3ag22X
KTKO3/MU3msXNAoCyMrAPGBJV3a5g2soVNFBM5+wMxi9H7hEpUtdxyLvUIBaKFsPdndE8ys7gF4+
3OgRHe2I0u4BO2ycft+c/2e/00cbSsOlZDV8OX5LgugtmHNnPFBpb/6A884reUHI0hlixPrbMELJ
GDWehgGsGJ6TuoPcTecFZ035sQjBLN3/vYk9ZtX/M8Kg2hY5T2cBis+RnZts4nTD3Rt8sUhxI76N
IdUqkbqyD9d0PdXKkI2oqnYiFLmVc73VviQ88kepojrq5RTvj2UAEIu0EAbwNVJTByPF34H0a+iQ
97Tx+2QMJ/ZiHw1Kiwcyn/MLy1+HuyzLEdwo49ktdELnpxxyNTDQ7C8IPRtNrP62/Df56abQqYTk
YlVkAxF3wpTDvMYXBgXctzyPaPnJ0DV5bu1BWTV4G6B8H22dgt+4FKhx1i/7Xgo12Lc/e104c7Jr
Wu0ClrS7aF7+qzISVB1gPlGVB4BMnhIgWUVbPIQwE1zPubbGPYKtKWxc0jFqAWMrrolcvbgdvdle
hMmY7bkPfloIdCnmFT58pQhnaynNYeUZ47zzLbGQTpSWFmsjaNE9bS+BYBf1Ba/rX65lZLiuswvo
tZbBjUR2n6IbRvxDNXbae9mi8/8BWpYWvAg2gFWAJg1JdXtAQuIwD3vEsWgG603Hn2PkhlLrb/4R
Alfak3+zNF0PQmX8xjL+4da2XrBlC3H68ZdhlDNsnd++G6e+6J+rj9zS4iAtU/Q98hKBkoJGSkkj
9BFZrBhsly972/RxUz6zyEWJ+V5yfOxYWNaX2VLdvsI6uGuW9rLbJWkj8Xap05aQxXOcLXmPociq
K4uzI8kVeuI4aiBsYCO+VNB1nByXBm8JlTm9WC7VjSDbPLsMkoXcJ1QDfBO9htpUAkzzxnSMp6uM
IUHeB415cg0HFmtDphWh7SBihCSZ/qT0mWTgRUNG0aFAVDMYdJq0Mjla/FsBCZVNTG1etZOlaOG+
VegDn3i3BDf3t+QfJ9x6NKltwdc/BtSbZgWV9ytEWX8jXO3fRqSseE6iHbUT3TOK8nE7Zm4r07BH
Oxj/aYUanIM9f6VAGyfHfsC1pyb65RVoUuCCGJps7Nw3cbbYFNq2GHm5JgGvDS56B4Dus0n2nWNp
lDG+rqPDp7q7X56UczxsbysS4YvuffN/GULBEu4QKUFEzoyBktmpJhrfNhMRRUm/ssT/t0Xuq+oD
FVffqfC6TCmLE+fR6iJYr/TMLLh29/fTvQyrG0CEMtkRQqlB3Krg2/Zb+tPORuVt03mm1Ik41J2T
AodUVoY/+8xnmI9y6o4OY3PTbN8pmw0Ua2N425h/vbvDy5tm/6D9WMMirGBxVy81L/hmASMaI4Oa
fXWQlqrtY87lShA9maKREZGy0YVOCtphDwCDkfH2eExyXOJ+jnA0+EwjM5Usv9WgqqEI/tzbi07V
TsoKfBNuuXitBPle4NITdg7pQoXySOEAh5PEgeqLIp1wFINSKd7xc0zqy03lJslFrwBzxo4L64UQ
l9VGtCfFl9UzaIpTANnzJbbODuLLKS00BgsoTnVMCVoH03yE5UTfHXEW/aP9/AtYjRc4/OT3560n
g6+qZ2FPXcB9fyTZVu44brRNmHhodF+0Lo25vGhk5yIYSEvWNbEq1h+aP9zWD1fgSqx9MgEsFfbN
qT7VRjC3GJuw+C0LK+IcgERksSHT5IASWj5yPhITh6Y7YKEvyC5HbQE9HDCkBKCPzM7KYPqY58wJ
0fUOYNIqZG/AASJ+ztyRobbTgxdeAM4U/XJG7jYQBqERxZtEBXF88/c07+Q24S27rOGlq2tYEKC7
ZoJQ//5L+0zwq+3O0wuGS0O9GYwEh/j2lAAsw3+UVxWeGxnGAO1GppI9FzYS41tGGN0AhIDfLogs
zM4vX4vu1mIEgWLZvrhryAhw4PQVCpHKqeCGEEV/QEr3kQadkFrgkSYHzvJFqYAvsFvXcO3n7yOV
aC5mcOyqXPqqVXh4EZ5JS/Azl9TIi24uihMz76K9TDM5IjhjDjxJLXSHB0l3fUB7liqSbPt97u0A
ZbmOPe4rxk+ePOCoEVQaNP9VR45hBAbNNfGDFgK6/GrY9aphdVVlSTBlrs1jMlwIhpIhxi2WBzxK
NZOqSWkN518mqHrA2K4Qkm4Dudp172eMEbdvCSHAKtjFqQauJOnT9r+kWD+Aqn2PayOfa8ELb4wJ
iJThs2+L9pooGnkIkVt84HxQdjfN2oMYA7KljQRHT3kDNHIqCDdjFFFigKIt5vYO70ZiLIGJlOX/
ODdznhAXtPiM/iQw7zCxJf5oLr/YXsqZu2qTvwgAngsAAJ4LAABSVAAaBAYWHPksJesIAEUAC5BA
K0AAQAbV58CozAHAqMwCGS/scUo1+yEAABzVUBgAPyTYAAArW5k/51K5vf6L0JOmnhOStXoWphQR
/AJko0OF1jHf/vB2W1+0RebHIuyo0JzKag8BdT4K6ejZAICNSM7EcgkjuhsQKP8fvAZktGAPnPHn
8CfkDGU3X2FsHHbkd3IvBqTc4gG9oyAVJU12gvMeHu+Q4U7kQ0da6FtTRhvsgV4bkhLV/P7dQdHW
MbsnkQc531wILjcbB282t6cUPfcZjD9jxwXIAxi747GJA+eYp9Y3F90pAnOUVANA6ZWBnbOzSmii
5ep9VcjWiHi0qC/c0zhSnr5x0SVcKpRKCoBYii8/xywzzQreRyfCu9XPO1g014d8+mLu5rw0+STa
Dq0zXHry6Qc4kuvhDlO/2ay1W+PNkpMPiioKd6rFt9EmQ1jXZ8ulDqwSut2/IFk487Ljyuq79bJc
SsICyiheL5yQHpElzUlXsmcpKZ+EchqVkHj0z2LxVHBJuLN2QGyqgHRGy98Aggx94/IfAXrsBWh4
Vkg/UC2nHsPu6I9QVvVnSjnJ6lC4fDycTNJ456giFx/MkTwFQylesPN1y4hjyfJJ89OzRFxyEQUi
J0OihQBvpjQgU8h4o9XfVGNGm1GgAOAuLbg34rDmPF1AUsDlyLg6BC2HTXwATDzchaNVUM0YjDUj
ncFbshuDs21MMcVjF/TUG7Wd6dthcwIOgFW8mPl3UYr7kkb1VJTYE52AVbFypQnmvW0llCE1d+0e
4lJ6Xv1LVf0yLoTC7xJ2Jelqc2IDYwlCXDrkUnanBcro2fwLcCkOTOKXVgriimDYi3CYTPNVSX04
PwT0C2qN3vlrzLjOXF8eRzStGEKVxJGf9qr+G8aHBD07tNLGLERt7Ohh0Yd4O/juDqfkxy6DU2hW
bCMxsiLKV2RB0YWj0JOO8ooY+3Gtjc8feusIb1cPkyWAoCGpBxyMmTnHIju9N2CNNsDjR06cG8Wn
3vFKMTdKDQpYtserc3h9M4SaEkptiP8FdTJIdsDnx1iXibhx7D1Paj7e5MXrRCK9MsJ9JvItYZhR
8M1WteeXiqX5e8OxySvQqtH7DlRO3a9FIctt92SzAcOaVErxkTPWm3e2DrSq/dwCmC6dGIn98mky
4LHMIfCzMofSwC/1+mG8GotqpOD0v9OKG12/HvSvdk0CzMETerh7wLNPBCVhCG1cW0MgZO2inlwU
8r8Pl3+3MCecIkZBXSYqi5R72DwutvhoJ4IFmOOJp75I18dr5f5i+PwOKLmBTcpoADdmdfe7Bs4C
h8wGyelA+SP7LEVoPoCDRpiFKb5zNxjGdpVOpJHHzvQgKxyMPELyRdiFHoR0IJxaHAeFwNLs0piT
JNP4Ys6jN5CzYBydCX9UqOU0Pbipg2YUqNejMzPEO8hE0p0loJR77kH+pA0iK/hIgP4B0Y3AkHss
GVbyH6eLZJpFIGPTNBEcNmKx6wH2wTCOaVfDYx6zaMzKFRwjmSWdIfjEAbbiBXEKJr6J5C5fJgaV
FiupRIdy1r3lrYPB5ChA7XpNxX4L8yyzYkQoYuuHZlkUfKT6kI4JR3O2MDlJHo3YB+TYTJSL5Xme
41sg3OPj22Tp0GjRXCSZX11kvxrxyszeSCLwDPKf1KLCb1AzAu/dOz5t87f6wsi9TLpuuKncBkEP
xjZ/Zk1BcbeCZ+qPGJxIjbh2XlgX2l1CqOhBkoIbwtuqzbwsBXjBq0sJJl9z2BVARWYwEFpK65r8
wnTFZoqMzZZfXZBvvwxRNDswCQ+LuMELrI/hlf8qwCK3SVBEgGNUSXrzt3zJLDUX02CY5OZmxHat
d9PT3iKKbTbz0mHp8+Akr/ZU5flvIc3IpopBAi+LWyN6YWx9saTWqF3W1boMwLLeI0Ic32bcUaip
IYXYB12yYMqZxqo/SYoul1sftOuT3UXDut6HkSTyGZ2ZOsz9wCVpUNSwaylGgoE7nEts6hu0omkk
/MZg1FoKE0J4nOkXRUCW7JpOpVBlWceEjIeSG22XzOCfS8Hf1jKg0rnUaeo+smSfF65QryJGHfYj
kw/LVaeyDzUnTrZ9KDS2xn7r49s7TuTi0IS5ERD+Q7WV24KAFv9i/LIO7f5ZrEfRteN/Wqb2D482
zUOnmQCKmYTADwb6RRj3PpEKM1IvgNvGfXbvpy+6RmuZ47UpuVfHj4gmcJs8XZZPpl/bzwx8xQ6f
RnXQP1Dd2pDVGg8x3kkEKfGZ0nJMtOySIqkwZEFynXsgWohwcaaC2D4NNn+eus+pfSTxTMYfLQxr
nbLBj+3qPHA2OyFjTzddL4KY6OzuSGUytfUYRYHphEbR3Xp2xSY8+kIXdr9fO06Zo7Ypb6qjIUW8
acvmATDAOxlw8cibYZyUMYeliT/ZBTNO8ky/DTRlLW/0j+QrJRT7dbCJUTdJs8fYn7lm/2M2CzIp
N3hmICzvGy9yBk5+p6dqGyTkdPEGkB4wf69BgsMOwrsY177cHc7lDpaw6L57wp450SRL3MZQ4Mcr
fziOl6SCyq3nx/SCWKtuoBNngMZSZ5XZ7GGc3L+oigktTUaIotGIckJ09juipfgPrvFx2Ew7QcR4
Qx0rE5Ibj8jppAU7t30NE4ypvD0vbkptsPwYgE4zRIumOXnRq5ugWl24KcvcXStso8a7PyiYUiQu
vz/zO6wX1EqjzSD14WYi5krNbTZ5OlvZ0Nw0HBICfMM9eYFvbPjgYj0osuBxlsAtwGTAnaLGlpol
q8i2tkuCP3DPTLIxL9kOc1TXmDsduEI8/3/e4WoowFOf1nr7fACmp5CmjQO5SnEvwjcP2W+tMGX2
O5VYw1sm6zvvh/ptxmmV5BXifIUIvt0Z1XQHJoPInRPwr1leVF0jWbGtAz34hxFZeFlG0kf1rcFi
cPJzzXWSAndXR+3eNaD/4+o/mLqPNOST3yY32EiYieidJZ4cmet2nZcpdP0VMoXdcKqJ0a8fWL0+
ySeEAUv20AzudmxSfI2mNBdNvQXXJ1lPFiPIoyfvcoYMhfr8eQHBxRwGuzWpQaSyhQfdAAMeLoTG
bOpIyGqNEaEo+sy/xcB/LOGI+yhAbsPGHIYRKINUDuAOT5RWkTsfuYpREzwYSiBoG5lhJ844qDCm
9UFs94TbUbGK4U2D4Q/Zrt3DE5zT0V6iBQVnPurRWNSQkS1HeS7yh6HJ7+efBCmQkX9fAnVp6DBt
W86Wt/56/vMRNMq76UFxORhtoYjxIG9nfW2f9l5m09Jcg5LuObl5Gz1996RpFnGeoP2yMvZikD2Y
SFnL2qU3OFqXuUoHZtGQKkrCxBlsO+5oNKMT/8AXVZGki4X0io3r7xV6SOiKrasrdO7Nxmxumcdd
hnLz5PFWRg1V03aLTaIDmbstDe6UviaNrIVvUcb/b0BNBZJ9iuALO7njCtBudSuvu8PfOWJ5OsR/
fWgHpePsA4INydmYIIdfp9wcI6tAm61iSDUJNl4IhyBqzNWJt97iXdBsIYRd9WsfGFTwaZK15JlM
Yw4nP+5pyMRKJ/hDwUSNxjUOmXKupLL4jHKYRMS8+20lkijkYriqZ4ueFoYBJ72P2wnUxCIY16AH
/YR/qKKucu9ckM8cFFaSFdvzz9ke6/CPZNjfVo4IqaXdPzdQO+XlRIxisVIsIAhWzMhRcN0ncLQN
+wQrjULe+e6qWEjpfzCkbFmhsf52kx3f5eFa98c/+eUWkRYg2HOLHaUegbPwMtZI0V73Yq7Qk+V8
rHNBKuwZuGTmDqigxpFoWOj7PEm7F3M6uiIucy0pdHLqbFVhahza+pHJFNWUGTQ6sImoyrr80Uex
rTz9dxfD+BkPP+W+jlKCFDqKdCGlfYNyyYhZw8tbl1XTFtdwNbdAFjU5B+fILlT9hZ3+EKtuWQcl
vrxPPMBDbCmf1kMKEZ1LEVPopW2wFfMu3SUtnHI11hIKskgPVgQPcGAOG6Ix1LWqypm7ape/CADq
BQAA6gUAAFJUABoEBhYc+Swl6wgARQAF3EAtQABABtuZwKjMAcCozAIZL+xxSjYGiQAAHNVQEAA/
HyQAAD8MtgkkUkuIPmuFFBIGGAx/o2gC0FkLYW6t3ri0XY5M+VSn7jUYsPe61SaUTECJQVyRGKg0
fhjvP8MZMYFAJQCHLDrpuaVQvqf60tnCqoznBdS+ooy1aS9k5FzDeYsZGI+ZpXthlZvCCubca+8+
ZSBPF9E9j36qW6rmhgKi+4fOZQaUXT9E3OzXaWSzd6rB3ZZtmBJ12rYkQVNy/6iArP850f7OYtil
mvGhKR7I69gp50Udczxc8HglMEzBhMriSB6QPtOjfO/GUl8/1Vw2Wq/eodYA5yENpAn0lp6JKyIY
uZ/SeFWtWZQAxZ8KC2LC0TmSEpZGv+2bRC2JNvI/xUMfldqm+IYtq+FaWozl+9pEPoGfWM82b6a0
7xA4x+04bqHF0v9J/aRh+DpJjbCQ4FzjRVe3zMBvBikBxmKmdheDU1Yr/ItNiuMNr7N8NRyZG261
5p40CMj7x/22PuLlZg9JQbZc/o+DJ2i2E5GBlpuPSkWjtqijH19heVhCzePxrqMpp1QYdbtnzVh9
Iq37YkumeW3ekfqDsWZv/keayU5mY0eaKxpukeFcMUUbePSmt8rj4/ASfuBZrPZxt3MKF8v9vVV8
GQ8l4J+iidBPtkg18MtIn8AF2ftqR79APcxq+1kLOtelEyo3Aq8tyBGbrUC0IfYMoQQ/I8fWlm9l
AITwRL2PN1kqUNFRKirGiE5I2TMpbAvvNyWOWHSVGWclTLsUuSF5SSVJCISflIle/TKcQt/SqYb1
WQuB4dIDm1v3UEXiAgbfotWvCob9H9MzM79Ua3qFE2L3HuF/F9PGZolD2dBRa9ZyXwFZOUYOWMiq
lgiPSJ0uX0csS+rt8Hz20oNlc/RrJcHaOWRvVQzkzULn84LA5m0NtYBEBQ8cPeW7K3XjKAMM0hh3
FtH2QDMCDZ2G8qk07jMrBI2krk1nVyWRYuqfL6SvgRuwcJ7qmlTiuSbsrWOxmLZXcoYC2v6uADSc
H9XZsLnBT76/MeKUsafvSHpq0E8o8B1XZXDZYn7DfGZrKOko7s4pEdVcHkdmRxCCLyLIOIo+/PLj
LJk46q9jvsVqGTYWkUkGoP+PhkyaLXSeDTw9yB4Krel8cfu8PXqLjOtlJi8mveFiOuFr3oRqrUmm
Zu+w3VYG8c0gvsTfBX5OOrpFGdsc73+nJzwNuWSMj6oFgbWDtbpMJ6+kYoEhJQN7UgL+bV7eM9IO
8HeoaweZxTmkbeCjbbm9i9AVwey7PpeF+68Zl+8HMEsD8/JNQaZR379LRDyx1cvLGBN4kQ4yQLBe
7pvWKdyUO+BKz1Xoxd7kyngwxTEVqH9q82vwuanWBUtJW8ix6qrPFNmMYO1JAurZXiWjIEzegO8L
Pl8tLNo7Aj0gCVlkktRHvheydvmwDsVed+tMx3WZYoDdgoPMOzDKOfBOkUqdXZCi9tE9/QGQx6D3
rU8M3+tDBPCptYL196HdpZ3opXRooXg5tJ9f9T0G86XbDJDK7FSS01jB/drhodSRlF/iKD6xiU9m
EL+/e+42bH5rZBpY/wCr4ZvP7vgICPN/G8eOUKgdbRtub2Egdd4lxIEjBmlaTDuwaNIpP2dBT8fC
egXbvavjVQEMHcVPrZiy1gx9is9bqBcuDqrpnW2VCWsSrg/DYq8yNVkAI1nHVLvWPhPtIj1ZzI6J
3M4eI6l70qbUA8ehzd/PwdYNywZanOFIslBJVnlzjW5v+Lif4P+25qFdmRLZJQb5a2/k5mBYHJJd
g62iUyBh2u627V+41A18KZ1+3mRAc4NLnsAGgtenctn2KGrjVTiQgUnvkFM+07XqtOG8hEIwraw8
FN1PX5JbA+3FUuala9dqerAnAAah6SbedpvMMyQzDvKnEKF/YZfiTlAjRkv6nitrohfiZ2GNsiy/
K7/09wrXGPt+Zzalg3mySiZlz5TBhWEx1noMJ4JwMBOcpkiPBfv7ypm7amDUCAA2AAAANgAAABYc
+Swl61JUABoEBggARQAAKAA4AAD/BqJCwKjMAsCozAHscRkvAAAc1Uo15FFQED8KBngAAMqZu2ps
1AgAUhEAAFIRAABSVAAaBAYWHPksJesIAEUAEURALkAAQAbQMMCozAHAqMwCGS/scUo2DD0AABzV
UBgAPyqMAAD7kW+iScAx1su8FgVKwH3hymQf/vTPM4LhOvcol9Getq4nhGLbfSvkc7ldx8rCKEAR
r4RRcavQlVNS8kOJi7hCP6mUlVvB+JqAXGa+x+BhdMzCdnLHvvCN2vDJnczPJ9s1jvGE6Zo+APR0
pMmKP6fnDkfRXS4iIQGrTENG+vAm7N8B2skyRTDrwGx1YCMAQJE5eBCQbxwLTmas4Ws3vT2RdPju
JCsmW3HixCQCDGav4RpI8tTUtKGRio/5i9RblpQFA968jlmFdWX1HhALi228QECjLogC1HpItrGb
tQZKQTreXhVR5/7GsuNXu0fuR7ppNIbvlTpqjqy29tdAORgpZB/qkXg7SaBUknB5LfYyAfizzfMJ
BbgESWcybFId0JcrUM1omfmi3T97GxW7Y+EHc+YrE04xccrVaSR5tdH2EfEB19PjOl65uhL0bNpC
7hAgMswQpF+ifjRtae/mUbQefd433XwrcBjSZGBgWZIdZ6BY55MPkvFnGXcVIld1IXJWlE4ZfOgo
nsKQGoCp1p2oxm8JT0Vlx1QMgLtRX1+YY4lEYOaqwg4eu7Mj3cW7Y8Bo0j1/UdSLG6c50f94as2g
4DtNbMlLgRjTqpi8eHHM7YA/9hLx8k/yQLkBM+w9h7stBDfO7kTV4k5vaPTiU494Hz0fC91b8nro
9E6tvR6gIl8hAnYBSmZV4zqzww8xXiqQqRCyu7TGaaMKCYn0+cax77CRwQQ0Dl/8oQFEJiqY6aCk
i2jiKKhY1Nmz4tzW793544ceeJJuRxvY/UMYLiyMt6Ia7TM+BOmwCTU+wTj85SWRAeNssns9C5Lv
/7mC0ZnsOLCYKSnv22XFrpPGzkZ4zzXmS+oRRxmc9SCGNehDUF7gSCDNdqtYeG8I/XLN8dsd8t7s
zGb5YyC+eqNKBRmx80BDXv8Z0XPUtIYde7IM+3RbakyyCWjpeFpqxRagaourm/+uzb/5zBxTjmtF
CqGRGOCfdK7qPUA7TD6/nHZguhkj4XfW1urKTwJ2anuE6Fqbo4H1vRK7CKb4Jypycsu3JZOGH+AI
+g2bMiztvMrb3FtHfd5lGBrtVc1jCXWvgY4NYZIreDHaXqkWpeIUovwOZdlp6yIocsmm8Y7TOBez
RI5SjFKX+g+8EBl6sqJRICmTrtr2/Ril3nwKEQ4cyY5zTbHkCugIYd/omIxzfDQ7WC7Al5LPcZif
Oo0wg5zQEBPxqDzKgX6MIXN0d2a0rMzOgk+Nga6IHOEM8dYxs08DWr+jOD1ojByNHEGHfqB0Q+BC
iwgFu2c2x9YkW1SrIPyuCLCxY1g52QZAWhQ0O2uW8QRkGKKkK6M48eJ6ASXMcIS6NLVlsSczhLtQ
0jiU1KSYHfv36UQSc1DFk4xSl4JkfM1zKaybUuG+ML0oQ2Ad6++TE6bxoVgq/O4A2jhtMdogQJyR
MWN4xBYneW49qZuldfuawBNh+LMSwNjnW5zQVQtFmZa9lwUuw3D7daeIP1xwB+9Xzm0bafDqZ3KN
f51icNGsgx8i6xozGoeSrgrMfdAfWkDk6BDlnyDJV+lo1A07Bekj27ngrtkogYaIVHr+SL9egZoc
cqj574JrYnUWvVD/RvcbyS8qVXAtfcxe+RBUGND3ErmIzdVVjCCWWek/0gmWigrbMvErmVHvFiXf
cDoz52aYniRsG54AjzuLlPl50/Lt+lG1GovbREa2GWlyqFYl+Me+/vum/bOJBcAYOms15Ho2EUkX
w6/wvMZXqN0MZ/bcIzAHQ1OPDTYFPMn0FVb+XqIqvfiazwRkuD4LRWSvCtGunO/WeGpdyrYSgmRS
c8UCQGLup2XnfB4wPClmapZLc48JMjO/UfE6MP5LjQvbw1U0c5TmcOoR397lbkYIek8YDqOHbaQE
TwKcA2dmabcaS7vUFAEPLqvLX6vVrSdtrDuAWA1JTCVsh+z24kNOxB5S+06SVJWj2qFvzI1aK1oJ
ms2j1kPTge2q30UMRnYuC2U3zCdMmM4Kuxq8XHT4LtCyEDHE3kUoRA5xFLM1PYQtiIOdPw2f3W82
s3RFXlCXNCdfam0MseCqCi6ZMzOXD6ccW6M8MBng8uAqGgw+Y+dzkpLs+gldl8v/dneOm0opOU77
KzX1wmCMViNPeGl2Vde2eMHI9IONxzHNh8hs8Pm4elhQumNC12ZXUdfX7Ed0ndQXTfZ0bGD6ODO9
76SC06qpkFrGGZrKhmsCg+QbeLuDtVXTAO1GpwKS0rwIDBgBTRerg5jGH3gSurdhEWwLbyAx20g8
JqtMv2tRxw8uksvNyRVQvrAJgxTdpOkHzZrBVUjSGZMEmK5XxsS4VueZNbR5X4l2AvpnEP9lFR7h
CW3dr6UT5hfskLcbn78z68y6RLEVcHF0PceNQU/Ts8QL+bEgeKDFYozo5vxdugfnBHfa3ed6WJiu
2d/mZVH1cv9V5wuM+mzSKFU9RzyxgQI7p01l+Q3QTX+bsqt5Xm0hRAsHtBvPDwUX4tgDRHUdjcCK
8XHf842HnlxpxSmm39WvhXVLcikDyUYf1mklA3ClxK5yy0p5WDxpAqnNKRYQzg2N6noe24cVGtcY
n3lTnlTc9XpgXrlCxKDpppR+lh3sIpIl8wT7eUoMsse5KPpd8cunxx5ypTtKkclGttMQxZiDObtk
4Ru7KScrlK4w5I5GvsFfFHTVRnoVM0RAo1rtcwBEZQ8gFN6PEWdLVAtIKcpbH3AHiNQLEbdFaIdT
q4egym82oO9rTwm7dOpsDsKi4XxA5UbAtFI3yZ2U3uXx8ciKs2iRnl4kNegvHj4LF7u3uWv7exmP
kOiUO4r0q+qa41SwqbXLfT2NOU5xiaderlM0VeNyMdHruerTAadTq1AOnFAjQu9VmiI4Y6HiPBhM
FbagvKindDDIZHzythAoYAH2cz9mUhLZEUQi/8osoxKe3Ru8LNNsdbMwVosaW6DvABuyD/cJB115
XRcA11tb4XRiOpU0/mkzOi/oYAAeL3cUE9zSvX4zmyR2hOw7Wjv6h6UvJmOkTqptOraZLhHUNc/o
QQhkOxoAGsYhJ6ZxPBHgY1PhU8vQKXxP4YvZ13Gzsg9r3GPTSO5QGyPEGYg71leX6ppF87uQJR75
h/cF+8A2TMzBFP0ClhdWgEuOMORONgI6JXQxqPABvP4m6RGwT7wqz5k14yB971HDFlNbBZmzCDPb
nlmcEjVZjX9R//Tssft3EXC0zRG2hxbPQH/dVgvh7nuLWZIUIObmN0ZUPooXJgi1vso8C8AGPyLj
mO/j+1ZSO5OIcEjr7d0bdbv+O51ThpSCmhU0W0il3r1Xtlcbzy7mtCPk5Bs2U4x/bjtTTqcR0ifn
KLTf+PhjVFzoOIkSvLVQ/LfllON9RvMgzbd7FiYArVY/AmHoWiFP3JR8RGxlvnqeanyTBjqtkN4s
SN0amAX57IXgc0eYWEYXGx+hsi04X8z7vdDVrvt8w0UYMS3sVNvPDM3BhC0/iyhL2x158XhpiUel
dddDWMiII5pdqnSP/IjbuPLey5kcLfjLydsrTJ7n+pKQXU4P8+wtQW3jjOo9706p00QZXTFiwOSI
Q2A8m51B5Dh5gxnibWCODyxGKF1nQMGX651qYa4pe36fe/RRzapfInjO74cX5ElIEbzHs6rv2YS3
Udgz+euGZJ0pKV62Oqz7vtcLM+LclJ4SU5NqAsseFsc2/yEijwI4BDSi/sNPRiKGW5N3ZpAOQ09q
vzkKj27S43ho4zUlrDxuPKrq02NCX+Hb4c5/OtPwhD4yrS+cWoTR5dapwtZNzmGNPW8k5xramYED
/evx8W0Q7KIzkasVaPWFe6LrVfYPj5r1WXwA83kfNtdkqUc3tF1LuWNdye5qI/7lRCJOrpDjOBDa
u7oja5QsYS9H7XyX9Vpg4geqdIecjmK+HwxQ0N/bUZoPrlWdm2ek1HF46R2aiw1MUMHDIQpOA4Md
Dgt1hnhbe2OJH1QTKOwGbaeXT56CZOPq0FgS8Ha8JaLX8iS+IVsMzmG0XfMOJSUtbEDN1XSHC3Ws
VExrFgkKOIpoyazvn0FhYFHz5NRE+yg03kVztETErR1KobOrh7Bafl8ZUhC/LVc8Mtjv/6vahpJe
KgiACW8c1J1MAc74FtUue2VnsVstf9UOJfZ9HFV3ITcBK0x6ppLHqf+gZKi3oRbO6+PvkmyaDpyD
g8UEcXNWeamkgXQgeD25O4GfVaIIfYK9P/wn5nKljubbQwPjrcOOIr32GDgf+DHzkQazUXRKjTNC
n2wDSbXXXpbAdsd7MFGO8TlSoNJolSH5sbO/w1m7kdy3shrnEGUZzu2yfazYPSMFLALdHv2AR4w2
CEEgZcOvCdw7duYR+bAquNXLkYcW+YVDynJzNXoxLskwRmZgXQyFbf7/1ArWOokPNsWaU2KJxAOs
Bcr421nYRxL6Khgt44GTPFQzBrSv9EQXAwNAEQf7YexVRGIbYcbsG2pATINGrBv+e0527qtkYrdn
uqDVZBzl2cFUUaEZLthihl3zQNEluKa0RDBX1wZiuP+0OuGZVcoT1ba+AlAv67X6xllRtAw3T86P
tVp8C2R8UwzdpG7bNAXjo+muV+OhFUFGYHgGJ6QP2Bzb6UDrpy/j1yFAQv6yj6YPSxpu0Bd2MxKM
e3gUPNedla4chbKsnaTIbduHBC0Pvqpqc0+csP64i0jjFSLhp+bXBmdsNLYKb10mlNb+FwshfSAm
dk5f0Vxk23xJL1Cvc2CiXFDUh7suwg1vASuziRtau/W3idUG5b/mu26qi0n5gIHbSPdOMtRMuodg
oiZCRyBl4DsSwiMf6yfI8cLUKpvJdjfoHEOg+YK6L1I+M/AgFJuGNQqLgKTKCzC2Wnp77SNOQYjk
QgSSFxcHUzFevQ3I8YcpwmgesC+aJezemIFfnEEX53aJgTlt/l58zmcBplct2mm4nDM4xpSdkCa/
awhEAuu/ymuvwsIck3VXAbaxA7etvDpNWHDGgWzW/QLLmkSIlFg9dbRsqVDh4lqnG1B0MfZGG1OV
cQPqG1Bj4HBpSoeyA9uHhC+EFLVNSpgpW4IOxaWY7Siqu/oUb4LBLyIFd85DwV9KBtiZyV9TyBtg
jzn9Q1vaWCIYikRqsZIfvweRl9+KWXVPEmdPmOKLnMahCbJJJ9oH3DUo2hkc3U5RRjhkY6syapQN
1+qLXrYv879XIPhUO33M0n+t5FInillHS7t3elNt982F9RjTZx9laoldTcpniVIvTyKk4Rw/Z1cy
EJk2w5dFBOyh7N4IDS9eOwar1NDbrhQYxjHCg5MMT5YEtyM6eKr73FA7waTP92U1NaK5BDcL7t8w
nVmMcc4+j0neJI5QUoP9yiI8Zl1A6z9MbO/G31MJV2pEQdi6E8RKs7ctPFGBarMwr083uvgH3lc/
eYVXLWRZhMCf8kunYLKW1JnK7+U4DTSWHo9VZ0OQNlK8O42n4CjYG6d6c+5oIwcAi6D1QCEyB695
9pJ10tREKXJYjQRtsaZWhHiU6UV2wo8PAlZGLFybNxFrlVWiiY/EClwpLrOL+5/oqfJhf5AzzzIj
n9EKdivfhqKaTjS45OPD3EVqJF2r1PuzDoHgqwt6vb/YUENUxJBQKs0UAnKIujavJ0+oMFIK50Hb
8Zd9QBKNKfn4PPhHlvqTbxcDiFt9tHehDGawBigk+Cfv5zPZblzRUpOEfkpM1KuCbmpjlDVlRHeY
qlr47rhQvFRji8XN6/I2qjBchUFFMSo8gtjrX6yRCFN9ogoN6gublHZ/1mXQWglYCRaMl+qENTQ6
QakZIEi02Vw9CEgtq+tgVKcIP5QyOdsQ0knYtEw2C69Q9fWIzIz0k/ruFTnTW30aMx3aj8oNpI7K
mbtqcdQIAFIRAABSEQAAUlQAGgQGFhz5LCXrCABFABFEQDFAAEAG0C3AqMwBwKjMAhkv7HFKNh1Z
AAAc1VAYAD8qjAAAsqfx88VveJefF7BpDgE9q5dHXrTHQ5uiAZooBZrvBSwlNwCTsMHRgLhb4gZk
SY1zzO/7Vyhvq8Li/wXHcZ04o70QjmPf3V5pecuAO/ZtKbWXihzNgzVpoHVwNhaSVlE1H0P++J8O
PodCOh6sMKGszqnN9a1R5sQBa8Vc0qw8YyL+XqOwh3+ZpTRy34wVF7zr71GVzujKZ48IpBfSLD4L
/jD6qe0/v5cLTs2YRHBwiXLLUBTQGueuFnfT1SGGBHO8RKsIOPGzFe6pjj8NyGs97dNZHdoAEfUh
s3uXUpEZBSnpwkz6rthfAfhEsLDheFaBVxeu2952ZKy78nZAyPKGOyp4VYabTqetOQFH/V0ub3vt
j7cfkmjbOIG6EsUHZMlNxhb6TV4bYGc23M6PMdf2f6r4zOVs7Li5lb2MtWKSG7ow7O4fhxPTZS7A
YH0tDI8GUINXR0ou4ya0DMccF/W73I+swpdFBYWhojxV3soDcoz2HqZhsf5FO9UCBnYhSXlooSdT
TrkfXT8SZIDKzsjjO2pMZ2mMhoRF9sb+VqVJwtQqoICgerQib9CM/4dmzgBY/CkkjxLISlp5Rco+
txoeg0lyHpT5xkEWjSB4TUUjfxm78IkT34k884Od5r5vrmjLMUpBrq2f3e8hmn01Bv2+Zc+II2Q5
ToHffvi8lTF5v+f5h/xs5xiyD/Gg+is/KaHQaWLLQc+3FY2tJvttmF31iI6asMfhc9a90dWEOjs+
tK6+DuUMnklVFx9Vz8C5VX9UqIeARwMdAJo2fVDWW7Myr+URXdoyl7ei/x8XogRfVvKx//sV24vX
SR1TVMbvdBTL4KvnaIhl6InP9r5nng/A3Swfx39I8nB1gmcvhq3LDwdQlgy3+dYUF7VNzW2OqFMa
rj2cT9Mt1iqW6u3A+IF4jUoz66HUlcWt7kfI4ENklJu/fd8+5c+wc+tqB2dzH1doyx+VYMfucAcR
326T900xk7DQIlZFRUdc7Ye7VWLp4mWPfy/VAtD+bx6un9nUUR+rLuzSXy/iwuPjo0BN7G3gK/q9
XYe/h/BPC5H3LfR1ZPvdCeNRmIQ3NhDnStMEhVpvJoa4rxaxw1r5ZWpG8tUXvu+Mud7fBsgVBmIO
BmFzmURxMjJDh+PSOyUx8xxqD8DuE2s32GesU5mIW+Q1axrAg7v0nmfQPfzkjqTYcJOGBtOI7oSd
CWfp//s1SeIzmIjrFatwPeK1lbz6sECJL2HMBJ15jkKi+tkdTyXjvCS0fv+QDf2wu9JBfKBbvoL8
pkTAYQftgF3/hxWGA/BvBRsMrVVEQFtErU7d7KMhimItWYgmwnV1D/QzFRGoKYKLQjx2g+giuElm
CMUEnhgj2uB5RTVT00yPn4M9f/DgJ6pKtjzm96kcq14IkEsOX6bFmGqrIEHvXX+UkuJwdU96RNBK
Z4D1MrpuV/XscygcuThe/WOtLCxXpGGHgvxhCQata1jAIgjeVmRXlpCBW8Nz3SuHA6hwOIwQ3Xup
Wr0nA45j46c8HG6wCRXa/k3EjZJSx6IqUpYAD0jfbjtawl+cjpVTGcdf16DOTfv2B+Z1kNjI60ok
ZFSyA+hwwj9ZzAXiQn78S3GjjVU2NwqThwea/v/B6xrr8MRUhAi61NEWFAqJv41astVdr7YDM+Sg
POXYnc/Bn20FjqEicO8Tu6yDnZdRZfYOzYuQA3ykEhCuqOEJjngUEqxBI3w+Phvj8K/pjf2GRsfK
AocF2CUYTPmGiharveu0WY2ZZ7YDOF1wuX0nZZtWflBUA1AS5NKHGZesQ6zwr8KeR5clnQEb+W/E
dAyWvPeQJMrvXXDP+aAd6QqoBC18hiUl4ruOyzoNLVbInog/QDbehON2/GLAINCNgMNHacFAIAKE
gpQS9Mr3D+lh6KU9AFbdO4r/mhjefeOBtN5b/YZuHG8gRf1H7NmIMyukyq/GpeJmX9eNqzC6uiCK
8e6PeU3HleG3Zcjtaz/z3qiqlgINKxhdz/ko+WeE1bmVycRgO6JG5AQchCMgOdt68vhSxHTru3pV
z49AIBH8Y2Mg6g0o/HQsXSdiijLCjU6mDQ79qD/8iZ1urJoEs8u/g3HoaTAMvJI/mBc6+M16GaZF
L9COLnWWHk7A0NP9bwCt3L5FlxcRpMkE6pivT3D4KaPum5HggkaGwJeDfrl4oWDlqKhrZgFm2ZGL
33uOk/Xvr6Psikh8vqrWYd0uHBYJA/qT02KouCWsm/481KU8yYHTspGJPV1u1KcaDfacCt38YMZF
fGELBlkhlHJtLKSbtiNoksKmNhZEhcwMvxRhd+1HKRsGkB5WLqUyATxJDTGoeQn+s5pQbVRVTzwo
yonjNXUCScWEUOyF9E0EN4rL5gdZPAOEEUUahrtg4qozO9UNXty9WoR8zNnwi7Bz2hruVNP9Odsb
QV+F8ES5cFONBlhtLpmXm8ZHYj1Wl4sA3ddNMm4+Aci7x9zbsur3EGHVxVGgva51Py+loMUoG452
HLcfeV0kReVVdg7i3U5VXKM3vEgEIry09QfgxiwNf6mmtXzN/8LgXnLxWpUmNhQAwpcraqTCOI7v
+RbwawA9fRi1z71/4v0luD2vpEX1FQCftA+5/qXGU+15O6iguNd7fnqK9fuIZyUNLEXSlql6pvyY
+DMY0MZthIdmwoHvGhFCv6uTt8y8BzpaoN8xJ4AxNxf61poUUALLLEOh4+3njRn/q+gs7hAyB7Qw
NielHnibH2MK132uFLqJIgLPYzhR44/igGZ6eC+Zo9EdqKTXXHzwJcxEvE5FNZLkR8lzqSjkQZw+
vPyVkLFmTb6tOFNj15gYrSq/r02W6nkEdSdpd4Q5ovv9q/ZFpAMpVa1EELtJucnw+MyfgF6p5W1J
n5JVCBi+/jonjhefgf8E90+gPr1dtzNbkPZIbCUftbzuAEUSJ/6EM6zbi5NfSlUoAqIgRLA9sZ2o
tHcdu8yDUX/ffE0RniqFgtp3mA9u+GRNafEXuM7amnKxAc99e7OGx6CO1zxLUjB5zx1X+9XQMLu9
lMe4L4o//V+DcdzeFLMgah/oV3nv0um/jq5J/TiK89SnWlxCcYIwxhhsYlb6KBN+uCX+QihZYnJo
4XZ7Y9BU+bHe+pZd6Xr2it5TWnxpc6rk0howrSIO+F7Cgcx5JtLj8/LqKUae1MFjGSvKTv7s0NaL
/fY5SQlgYMZ65wus7+xTt6WjhASzOrSGpdZH+L+tTzA3tXuAPBICDCC0B5rlhM/7z8pISZEhK4Xf
oO9oMGSllsQmoJT+vdnaqdGkppWaa/qaiC1NjoLMlyFYgJY95hzj688kNRUbLtQHFQ6tBkb33gDT
hgEv8CnYDFGNOk4hTyGPyx3GQ3qa63TQrlN2Wn0pJ+Y/S8gS3y9j6ZoUUNqsHXWaqTPqFUoQsg0C
LLtNEvsp1F/5ZGMgZXSBn0hCTmaWXnyRyi4KFd8FmNke6ohCEGC3shv/N3uZIZR6Qfs5z/4MUvhN
EjJUh7Hm37h7D0rsYZ1TdsIFAgi9cWvs14lzehm8rVzDa784tIKpuhUxUid0XSJxAogjS4xLBcrU
iLHJlGWJ7zd7gexIGF35TAPwVCLyQgCdUrTNUU1NloLw9u3pkhLq+QM09I+Gnwp8wQpTlH8IX2ML
hX1dt9ArD/74hMYpNnfuPGoQDlPx9TMNR3rSet47icFGOKwYPduV8Uy+6cimfExicEf6oNQefKVy
IMyEXhbr4UBRM2b4bysJ3eLOuypq1+zN91rYgrM0EnCb7WX0tiDodRiIRTJxIyVn8vZLJ6WJJUPn
vVj1YuT7Uj7pvUA90fqYUR1W0sPhOiiQJYfuSlRbXSjy43YXOnlA/zP37WkcqE+MRVOZC/ztBaz4
/xfeNljjAot/sVWXMMQb5gM3TJ3bhBX0JquoaopisqDI3sQKlpD4uxJHli68XlA7K4xgio+04aAB
wmUbIB22AozUYfX6ZfuJ3LqochRD9oBQgHsJ5s4xCYYEx6Iw0mHOrnEJkC+kLqm3f9Vg3+oxJlie
9BEsMOARvCaqVXVqADdjxOsUQ1JvvTbuMjHQBY3hTBNl2hvN5Sq4E0CYYYW5cYeuTQzAUtY7xsYk
L9kDR34/rp8FZnNkVFTv1npH3MzaA/UXgTeZ2tV55xNCoACGS3OX6VrD1Z6fxAdMiBWxlERb444u
5O+9NdCU16zY8d9tSxlqanrne2T0IMP3/d1WiaHNnEs4awoVD4zEyA5ap4bWvBHBhNENclqbimeg
krUrXbKmm58zWyORxobiOVe/lPc9GBS0OMy6q4DNyit7Fz3IG9gJVSbITRqd2pfW0jsnPO5noK/o
gZunPM4h7J+C2tvLZRXMaWvxolypglAuq0DV/eFvHh7KKJiPT3k6s+tSESUvGa6Om5JULocvKsjI
gnmU0OyNfAkQ07V5Op+J+KwyUVUTlLc7oSsIqLSgNLS5kRoYxv3b756mfgoWaYwGaWZ2tx52A3EN
UXWz/39qTUA3S/X8DRKjAqoca18r6N9BVLhNjoxk6jnh3KFtAERtNQeTBl9vQ4wFCX6FGbCv0CEk
nIsCItG16yqOeZB02jTZsBS2RPAVnJjTHchp6FgqSpKGZtQMeWGcS5GfES6yCYxTgLtJnV8BD+1W
P6DmWJ3nDGjAqLa/jnth2K7DU0UVuoSfT+XPb/aYDG2QBSTfLGic3+PldPWtakVAE98iSA2QvjgB
pCNDHsLLTlPvrpBLVf+dsitN1bsDqT8XEuix8gEbcycd9kIGHMVRMpM/tTKvUC+pPIEIO3gLiRwH
KuXJ/nQn+jFpaKcy4ZvxouzMhpEVnO03VzqsdhAeSDvlkMri7rKyo+xlhI4tBSr2mvqYESaugtog
NlBTFKqgPHh7jQkn5VwTexJTjY9dxEugx0XK4/RdyMD0tXD2EJNqGXa+qg/X+lI97HzJTvEvqqzF
uuVwCA6teAaDqJlWd/Lc44oz/MW7965mwpV9FtTjPVrIDCtp5DxAL/Ok/IwzhNBRFoV8CYfLnncb
PhTUNmaLJAcSKBTqQ7F/h0C0bRjq/Uxddvph43A8yyxugrt/GNQB9Ee328dFQJd+KlNGrWoKsyum
W1P18iM/aGA61+M6fEMnuZyN6ZB5rU/Vse91Np6kpvBBnte/AoOi+Di4OAmknLT4b0GU64xVWGTZ
gPa8rt1KUsSdm4aFS+tVShZo+37hTs/e5dErXPgbvBb3QYP+OAtG9UJRmfZ4aLZuNycaZmKVPQWN
Pef1UkM/poPvSe7QwLeWf+BsTfDbIAFQahh/uBG06mSzqs+FJUASpWWPvGSlhqDKr9ZpC130dWrV
CJacZvsHc+s6V8OjNbmL41ci+VCegQnU/w5eNkz8fp4Z/szdkDXPC7CRPZQk2u++VpaWTdMmt9e4
5vJoXU/ftDgeLbuAIuKl2VsXc8h1x1077zNGV6z56N+RoE/s28COAtWdnAFmSOPlUdfnRuAkEM5j
tahN30dqt+vAoQy6I7mQQZgvs3dDt9vt/vV5BwuKaRvCCv+EJSRpP9TzTXMnCy+hRBREB8b+3rBJ
mAXtZRMTcdFubPKOm+uILt7RIlBeolPrQVDUMgLOb3xQdIzKhWr4kB4C0/bk1yEA63ClK9txUh+v
xKddDvsBo5Vq20nRp1z4dCu2pZ/oqT5C9tUJXtkSLhi+6Sz3Ilmkn3pfEst0OEFW82grtUJ5OVY6
a76B2tFaR9zq7DSjaVN2wxEIdB2CEeolhvVimEsldlsmjEIWQPfsyklMUYdbkSBrLG0QsGR7PbV0
gRE7J3r2g5zxN6QWXsWWOS3YTp5w5KfP11800QlafziSNsg8RtYnW3jdP6gEp9ryZ6LpEZk6PKyY
ZM3Pypm7anXUCAA2AAAANgAAABYc+Swl61JUABoEBggARQAAKAA5AAD/BqJBwKjMAsCozAHscRkv
AAAc1Uo1+yFQED2d8RQAAMqZu2p61AgABhcAAAYXAABSVAAaBAYWHPksJesIAEUAFvhANEAAQAbK
dsCozAHAqMwCGS/scUo2LnUAABzVUBgAPzBAAACO1j2SqTao2SQgRTr4ms0w0nzitbW/EPKIEOHL
2d1u5s2nKESh7uFuWXsNGIcHRZj41tOVK+yquX9iB3nHQB/wkv2ozsv33ZZfWzASckg7SaaSvsFx
ruxcM/oPhxcTI3TK3wvY5CI1Pota4AFt0nexpfvC2Jfmx72h89DrQpE+qLJ7LbLY0EkEpwVOhjoz
gHrILYMz/aHUk8L+KOC6i1+1lx7cdJtU9cIFCuRG22O0qmTsjZQortEoO+KdTfefYFT/xLfYq3Je
qGRXMcSkHI4HcxYp7VM2NyJEYBKHw/gSGUv4ziHBPQrVoqcnAGwywH4mY/F1N6ksR2KhjCkhtS5B
tIIWkfY7a8ZBi2glGFJi5YvDotugjbS9HHQhZ6Nx4HDNwIgnnvXBXsk/Jx2uWYk2Puq6AkYksnHJ
V+SW+gSGgQFMGl6gIO8MLvomtyr/3PUzmzFAaf/+vhHSJ5VMWOudzktAouNyjNmh60nFdoDKJrly
ZpGIAWCu7ESggVcY0i+6RnY6LfOu+VsQWgFJJMyjbyNe5xFwhNCZzRkElYqPPIQLLajqPzZ3m2XG
gJbNVWOulQAgZQTSNp5dn0TeEnw6rhrmN8H0szhU4MCkaYnmPb+1Av4bcdMPrgbdEoz0+eAF0fr1
7Xb4j0eIz7/mhnQmDjRgoS1oSX4AiztDBKj5z33zI3EuVOAEEO6unxx9wDiVj2ep6NQxeB70tm7x
ex/k1SYV99wDgom7u+PPI6ZWdPgOpvKqaF/LqCRb/rIBT/ncvqbt9XdmBgZASTC/E/jp42I5yK8t
8fgApeRhu+Xyr7Cn5ruRzGVMd8AbYpqcEmioWnelLwOqgW6eeDgJRUPtxH9qIeP4/vSo3C+g4fOf
dx2HGfd/nXtkFWj7g8XtN0bN45GjLubSV+P0Hc0xWGbouycJXXxjQxDd76h1ySOWZsw0ImYu+coM
cfrwf1MDJS6EPBuUOOlakEU3zTjpUS2xSq6vCj0C3BbK2eVKlmmy3g7+N9r2GD3l5Eg6ysasHBk4
qjEr9zt/LIo7v1bFbwQB9NcPHQUoNwYTl6lCffM3kzrzp64MFMZEbgjdI0D2glDBwsr9AEm3Ji6a
XmG8uUCirTJB8bRAIUrGckJ28JElPQdhkgJMeADgMIWu9sw8lmbwutkztKyHs786zxvCo4ewKJYR
ICmmoUI/2ugetl0EMWzr9iGheGc8J9A7eaCwldAKhK+7NSic4xmi38v5RTaFhZgqyn4NADuMN7Hd
dxq3CEQQrUOe1YS0I0BgPZ67leSAU/dzLntKoaNKUy5j7Tp41cm4v9tyxV+lvQLLn0ioDI77uSl3
/Cgb1d0y7rgZv71XS8jxBu1w+Zj0PBncKE3KJZ6fLl60MfyVATPGhar1DDPYCHyfk2eBnZmprSWR
TY/iNR59scXV8rF9fu2wpT0SfkXb8y5EIH4db23ClXo2f9VadwIjiFeAEFTOvsua8gnYeGBcAqiU
VNtLwY89p44ypaAgepc5tmPKId7V0xJ9VgL4uT8sXU/ABS/5RFGLQqnxb1u5VyXUsdbMN75g+fmH
JPIEVm8hBGQsm70rNj705lsXVJMJxpThenLlcVMBem+LeFS4zcrI5wUAJoAbPqo9VgKF05WM5XLk
qaxtpE69Bqmu9GSEm2v77i0oDW2JExGJr+XQyOg8GwgwYWyn9VROzTt05IBtI6zDgPdaQQOmBKC1
PqVBajclLirrVBF7y/vVq842NJw8zGYdwgZLBE354AKrTIgb5Q2LzpZ+VWSqLvr5rVsWiUPTwogR
HoNjbOhA0szvIsda3QINUaWOzUL2MVRV5kh+ywF9YgMd6W1/lo32fEblAxNqTkzurF98h5lYqnPF
0s7yiv5I50eXlP1JYnm2aIzG3X0TeaGPbBObkY8O8zZQ1udb+gW+t6QumHoxgtpuyq5QrRtEBkiM
QbpfemWVFRJNJC0bYM1v7NIf2msKmUSAEhShF9t9kVHHix384gqZc0fhpsz6Il24S5aV6Whs7cpE
0qvWkUbrqJPasd6h9Dyld/wQGJ/nnCoREss8aS2nksRt8J9FrNqMUsSMHHBNi0l8iqh3K8zWnD04
5wh2T5iU9soGLkgXaKe+GBOSSgugZivnxXzmZFshz5tnkrE0mlXgg/fpgGYZSbyl9TwGdzs9Fx+O
DECBul3B0qedg7X1q4+CLYfpkZitWaCS7psbq84C4iUlY7Nkce8CUci+GUDAjO1pzjtRqthXytPb
9q61FoZ49+zji2AKv6Nyti+X3cD689prhY8sfqD1kmnaB1iTrHusi0qVVQYQ8vodYVxuj0QazCT9
D7Bbe48GUPLKlmGsH2tWh12JR/MGIm3xJ8nUkwm9aCAn32wGkWDlLn/beXdJ073xc0rY/XX+ruYq
mEDdy1nCdpqObV5fhTAz3I996PNLIwiOt5VgUNgDuaD5yPe4t9r94wsNPsXG0oGBEJl/8VVhnb0O
jMVLyh3b+aihAs/fq+sThckLILhTAZNdYR+28Qzu0iVfQGIzyr+8AsWS/hXLkZITXleAaqMjGNbT
S7Sy63HF7x7fhUShhPJVsUNsKIUbuiw2W+7UV6RFk7Eqd0+Yoc3KBEvlY9xTSx53WNsiuZRCNPu/
cwnkb9nvyvpt4iJkdkBS0FB8uPaZaT5+w1ToKoNCDzS2Y6u42j1N7ERztOy+Gle0AlI23TOkjmbY
fxZHyYejMryfnxXPW+uwGs1YlEFCa7RIWLXaDN2ZgHQliaexl87+pvbynePYBxD19egWMIfzrXzM
juD8SgtMDngQ5A4SN9UDvKct6m/4BlQfpgL6Qv9hxmzi07ZNSu0rVWIqE2Ln+rr5mMqN3sfRvKBs
yUGeQH2VFV3Qb3gJKSk0pK7yid3hQihDSzfet599y06v5ByJdECcfn8ppDCdIP5l1XIAYkSzke5E
YgLH6Z0QG+VBmkKOD9VMvwXkSAuWNaS+dCx2xsuwlvOlaC0t61K7tRi9GrYNZ/baXRe0wz7mb1H/
ccCbR1iSmuiaCcUdg7IKJjj1lJ/l6ynK7Vh50e8Ff4gIajx1ywXhjCeLMyCvsg5WseUFywl1ckcA
eJZVkwUo8IcL9nJWLrqRrMUhkKnknTYuvwNiXH86HAZPw2iL1Ke4FyXVdtlM9oFPfH5o8vV9nfhd
ZRetC2rLneIUXVOsqtq4uB+N/f2UIdwLEeErSjb8FaS++0/VBW1D6aawSv4rCl7IT9YtRmXreLpJ
quN4ndi0XH+TEhqlkbfSOyqA+1yinqFm3LKHoEQCS1ppIWZ7ZWptOLcv0P4oKWDLSUXUa6a4x6TH
F59RDod4r5jMthKv6sjuLLo9gd8poYH1g2fpfGooR2MVLFoZKoQsKPImv8o3bXinebBbDyRJX0eb
0nNiMSulFGnz3xpnQmVSXEvl6VZZhPzL/GuCz8F641EqgNG/1A0Gtz2PLJ4MVnW19TYn5auTVqtZ
8PO09ABRsM+eNE+TeDmu6UyxTGFJ8DO8rfFjl2pZc7ejwQiQC5FD41E/EUCRhi3L42Yyk4ufhheR
RVqrvVxkF8oZT6vPxP/0jMqQZ0AUXU25Fl/kZm6oJqba1GztH7g5bmJMZge4IJLhMxKFymkcjGeZ
M1uvdK5ignO+ho35ly2200S8eBC/ipKYXCNujQPYo8cUhUZlyhnWFohV2a04qen5WM4nVT33oztS
pdZJGN/O1QHqf5+XH3L/3FTxrUk4VsT8SXWntzwTuSKEv6zBqRYxNML3W6QWtBfGyIykIjIOP3QB
Tt6y4v58sRRcD7VzPDfwyx8rLpvBjla+zKF65UOBa818/1qhtPzccj8jrV4dqk2woS2+t+kyeT+F
lUb5GJA6Sis8T20/tdq1M4yXwvkswumqIrjZMSoXYyg+li4jSm4r9+5QQzU9rt5iVyh/EfB+RI1y
Abh5fCsqZLO98Ov7j763NGloi0xkeZ6UKqJoPeq7ew3HF171oHvVkMegmVjpeT3zF8ahVSkZNbcc
+E1zFIUG/cMCDs9ByPYs24MNu4NPrpkdR2EqiQr8BRUb+T9YBUa52l81mqC3gJu+TBUakR+gkbOa
X6ZNP9hmIhY9VM/hJpttdaw9lBcI+gDg3Tn4ui3iH2243gnUYwdiVkAlSDDiXHxWZzVD+ykbYIPg
jgQ78qJ8byGcEPE2cNr+6f5gUYm/Ni1JoBxK+oZPgWYuRaorHLhrtCaz1WIlgxTk9zTTo6S6UJ+p
FvGj1AtBWqwW7bVTz7YbkNgyRBXNK5xlgIsOzall7JfsuejndLwHyKiSThwfwWOyAv3fOi8WIjE/
3Vaw7I5tAqFoS7gOQLTSNhBFT6aftZawIHlXHiZHFap7TZ753b/Th1ZHO8DiT3CXSrRSHDlixEMO
6i7iR/uAuqJrgGmReTyveFwJE7P0u4TmldiQmTOZKHwnbcRT/Hi1kP3FbqdJGfjmrIEbBiKMMsrJ
wmVKqWI19FseqTaZYpMX8YhHw7pKbufAM0WBLCtVbUVQ5d1wdRFbwORfA6QMetMjzj0YL5hz1fjw
w66N0cmelokyiIPFY0p451TzAFm4xkLKmhpISenUbTtsAHKbRWzi88471WmXFtWATKSXnjfXR5VT
y+olBz2e0bsuRG63qS67byXetYBuyLeyu7ky8VSup5AMALYe0n1RANYBa4erOEDjTgTF3vY/+MIB
DaBoO6lB93awx763XVYTMuvuzf5z0eGSJ9NB+okt8PL24dvxiY8zZr5/58JnjNxf3cWbguAsfiPY
Fr6RdFfnujjyH0NSP9Fc/cU/sb5u693bAWQy4zWmQJjBF2Qjq2ElrHzymEeGWtAdCytDl2SHm/9m
5NfqS8lKpfRVVE5BK7GYbxHp4LM8Ad+tDTVFin4iKWWyeC4ZrOQI0gX8HVKrJD3NLjFnx/MA0RNw
h8B6URK75Dw8JFdctDMVQvJTjTJ7vDR7aUmyEdrASS1i3yTaYFzr5pr3K3zaqTOWyKhXP0vcaHtA
MRuhUH9b3Pmsau+2gNOl9PocDzXkE2FtlnICy/QvCw+PinNVyDU4Nseh9gr5LQ/uVYAUHmcigtBp
P2/A6t0/1VQIPPb+a1ApHE3usCibZ+20ANyVsAKR7yPKjo9zMCNiqxaTYdvYBVG0DVEWQFibLGUf
hkJFxq4KWUvQ+cYCsIH84N2afRwNNRB3d5fJPTiSVOwcHwS0owYhosw1CCEb/xDaPnvJ2sSb442k
Nx+gf/WJ+pbUqXc2ORAtAY3MfCWdAtAm0qUnXuhvJtw2sZSJPNdjJOU8D0TreIkrVPSbz6rUIH1z
FuyqPxJDUwn+8fDdC+c8RGc8P79Z17+fBDZ+S7M4cDkihDN0oDlXrQDJ6l/cPGzsNQUkYn+SYYUH
TuNyPm6GMetTye91E3roQi6btnnsaml6G0RCUya7QKX3nlQXW/VPioZgJHA+bnfw5CAU8dA2Cf9s
ef7J8gs0CWexx6n+Lw6PGE+aJdnSIj4BlJEnZsJX8SjXdwToyZ9C68bjptBAqh83/45Ohn5Wk4ji
AZSUz6f0H/E9IJh/4YLJenpcI2rOtgyVwl0dtRJ8YIfzc8pXe1iy3rx0sRmZrD/2TeqFbka3/f3h
49vPM9vp48cahfN4vYcBVYhG+la+b6egCj40qZ1POf4ACrzFvKG0MjAJEfofOSMFcVWwgeYyqcFs
5DQkVXCIYSqa1U1qbvrO+BNC2HTPc9nFfGXvvPq/TYF1TKnc2PyKuNItw9rgpMt9ezikk1/BtgEr
r/si1+ERpD4kpNL+XmMzkLart9Qv9e60Eo2QaKuGQ1SxFvXxZqpQa8JcA1QuLCY8+7cz0GsGDh2T
ky+BSGBUTlQUEkK0y5K/XkjK716Ny2MP+KqM+r7F6YD6Lh0jOP4ayUFY36haMN+XMdrPzF3vkkmf
vXWsYAA06ACF+y8G03v9hPAFwNtYPY/zQjmdxTDFo3TpgB3Iv020yp7AUuxfOtKOk0f/tI2ubtwz
v3EScTlOTr2yvkVv7395kh8pXExgmajfapk/OVvYfSQFRQkmEudIIiWY19+cLpZkvkcnnnBT9PEX
ji4rk5dS5rOjnep/74kRKDqKz3k12Fv0+hkd5dUcy5MINL3NrE4JwRH7s1/dOGwqIZulCI7ZsIx1
3MBYzcGloKCDAO3QgSoi69SiRgm/idckOVFbZh547jFfpD85FJIhen7puDGsemsN2g2YeVHBhQzs
oZdH6kWSIq9PIY9Jka3iameC14/OkjSfriCax6CeC6BfhJ7L4rvvYhF2/CG5XpJnwaknIZeN+OEv
qcRzWkokWNlxgp819byqL0TjZurb8eLn0+9fhgDKe6/oUDufHcHzbkO/YYSQzIAd9e77TRa+Y5I4
XXmVXq7Zo7OaE1TJ+BAxZk+G2yUBWZJ87MXgJT1p1aoUGwbjxUfBTA8oojs1luthSroEQmv9tlTO
9CLBVZv25gv4vXp6vi6trHx5F4Mg++in0ktWfQr+OH6QEmlZiOk6SEvWSwpHCcK7bTafvS9DRqAD
K3HQcEeY/wehxq/OcqzPMg2iU97Q7PsTLcK6Rduw7YbapTLcbJDZnzOcf3icosuuEVaL2lYxAKGT
k7IgaeKeIXT41xi2TGyRJ/55OGjVz71FMSs35u52JCVDZOia3GOwOksUWzisVxhI3UTkgNBoezf8
Olf89WO225Tr4AOQkRe+f+ueiS7Ptdxn7uEgSYkEhibNe3Zqyf6ruLLVkaj0ro0YgOrplsd74jrG
16pFNkkq2zOULaAF86k9bZzsF+vGXV1eXDrOTkEkctXjGip/mmzbN8Kwvo5QorjPFt+oWEGFwidW
dCHYYV4X+N3GcvX/LQSqPxkTfu94PyYBHcXx1Qd4nfa74PPX8LYd8UPHcVjkxMm0U+nlwvrLa7yn
1PD3JY1C374plaz+7Rc2nBUTM9ZMAOAJPltedef514YuRo/l0FzxNsad0+xWB4RdGyBpVpqW0jEm
+NbKmqJ+K4mfuAwgWVavFNQfFWB1PwHFOHSPqdHe63hGao21RWV8eH7DpIjAZP+USAhplR2MDvaB
QJK4n7I8hcmlNQYFrFjLIGp+mKPJGjf7xKus3oeVymbaQs8PYyksvsiOPTnfauVL/TJXc9F7fhD/
U3aKODn+f3QY9iik8BR3rRwt0wZJwXYG5HRWdnhKjzQYjuKMWbd7V1t6mrabMcleGCTrXp4Czg2s
TNurJLr0vgUag5aEdFv5zhYB04xl3GlD1wbZqecvKimvVlPsIDb/aQg74PflDOYrrAs2O4ElWVNu
0abR5q4W5N/XptlQFLs5PWafd/nb6yn1VKWVORqvE37mPJrw/Nve0UROJxl93IGQGoLASYd8wEd0
5FjhU1pUGp4662575mFflHHIhjgaJUMvk2s2w1RV3qKe7ym3AWgizexb6Q2B6oZGB7X6IJxt9OwS
Srkdexonw/Xxcy+jB+WXvqzrj2zfxJcx6GpAvdFJ5h4WHXIzjNWWqJ3XDEc+5vhDvW40s3X9Nx7H
nBnYxLL7rQ+u0jvadDOugLf5FCxzyL9X/gRQd//70b/6Y45gBxbNrdOzEsQDygaN2wi4NoGOvhdD
I5QOTxJ55EKSJ+08xGXquP0DMaMZPTBfsEGguORGo5QVWcVa25n0Q8T1Grqk7bBE1tJfHPRidg7s
GQmyD5SZQa50BhwawSvcP3BWz2wbkksCnjLEkfOdK2PInfwSOntWdshNZXbPokpgBVPhNCg7HeWA
jLu/yb1+OMkhUWGjGG7ljFvtqVhQLRfWM+SqRJEdoRkijKpunWsAgjWHVjOzVszhrpFvyyYLycqZ
u2p81AgABhcAAAYXAABSVAAaBAYWHPksJesIAEUAFvhAOEAAQAbKcsCozAHAqMwCGS/scUo2RUUA
ABzVUBgAPzBAAABEsY5VbMV5FT7xRl+xLhOqmQfnHbJIG4+Av8vbTrBE2SMmHiMnKM7SPmMUx2xt
gsUAZMoZ/sipD5dLc4Ty4wTwCIWLQs1IYQEmHAMvB12N4/zE9ByYS57H5RuoTvKF78SrrNrExlcl
QJQOFzQ+9hRO/iw8S7VuAyBw7WGfuV/rZK5BdDNeDFct18E5iHCR2vWAzbY7e0OKlNqZXDywEjp1
hjZ03lV0zK80OvPpCGCmeU2fS4CAb97u/ptto+lWIhsMoGVsXJmdNDyq8xBLXVWDAOxup5EkdrPn
dAvtfcG6ZymLdj1Sb//uqEWgkSpQR9wF+N7C41fNqCv2XkZkZEThuJjSB9fu3ct7m//iqthDY1uY
bzNqa2813FtyAkqhU/9ujZ+mNVS0a5P/a9tJ5M6w61MjbE0T7P1RpUh7KEpghUVjJxq12cjIsWMP
NE8YvDJM8osIqcv2Kva8dpjL/Zi6pGCp++l+SHRhQPYNI8ueuahwXQBjBVh7kLljkGYUJ/lkhwDy
6BB0mJiNgmYEVMtKHTH+htzuIlgJ4xezfYtp20sDYes/78uzPkaeET1YEz6I9BzNY6LHF6D30dTh
BMDC/m27JepOovxxHawSTZAyAMEOkaCdzIRjS4TQm+eKPS1hR59TNpV2imbhDyf7mjNBQFilbep9
fLUV8OTm3lGUZSHTXKadm3rmATFjGDZ5yPlKa4dy4M9ZilfGW4Mt9dPJaSL9a2YWqCr+NxzVcf9q
cRp3VrF1n32SeSio+C44YGqWwrO+mqdxmDuiJUwykdl4/xsn6dppLgJIXanPYTgfch2Q8T+DPfVH
klHAYRzzvemrxqH/GXsrdv5/faVuimgWVsBz5crcBA2cGA8VVVr/X924n952n5MmLZShOu6BAaGh
OV8S+go7VjgycN/0/1MJz/YO7k9qMg8Nw6D1rAtoKGio/tVRCflAqW5xolHUz26eKmRntR/gShht
/hah+8qkhLC+sJeqThAYnn6oua9VbNQuyMlrDDi5K7QvN/yKYnAAzFM+jny7ZoaEB4ot3Ke+rCcD
HceueUEzV7MNrlN6nSJoUJ5eNQUVcKwE4j5/cPkfWGnA2HOsmip2GoU4m7yk7y4+7WfK1Ff1lESK
P/gdG6t8F/QYcQwhuYx/zu7bk9REJP4N4+5r0yulinj80frvknjdsi9k3QKtJKJPQ7YdUmjKU5ZQ
8Bs/AK2ANLTYF6bDYWn8aY0TreR4kx4VUW2YSyDte6nxGE7v1PZT2e4RIg/MhGfxPP/sU+zTLjFf
/A/zi4xdTmBfVRibDlEvBNNhzxZZzsz6azcbEHcNu8cLXMyp3Vrjsgnm104vXhFIKae/hAe93K1M
fwVCqEfE+ksF5yhWVxhbuhIJOp/65NeNBcDqroy363B0tR4QeUaE2y4N3WddSOCZta1j4eWCYtA3
kz988qV3L4pUWjX8zm/0eDjhB8GXfgocWbhnlPYrKfsWQza6ttTvFVnXkr8StdBaKDApKn61VQSm
X6MxJZrnN/Tl72BkvTctJwujmZXXhvyEyIjLxr8ynowGED+sFb2nv8UNkQKLdLqKzZpezOhBE0tS
B6U1wDBiGQnc2rayPXGZQdq3K4hvXaNyzDSapOBtuil5+gneh8JxCjTeu8ka2pVnoEonrsXBciqm
sIFtM5E5bbUTi+aLkxYkt/mVeclXWwINrvpDIuPnRAn0nLUmxnpWMEVM1f8HJM4Y5DQ1SCCYwyGc
q0XYvXRWK6LRSRcff/fmPUFbrh+YX4fNqv2oYDnMVveDhC3W98mOyt+Un/sDtcZRBsSuLC5ial3v
79bPJyKVHEE+/udNFeNvt47efiBYQp7R00twtzC5GLAzhAq1Tf+yFrTJRAXJ5D2cMo45QTuvxc8S
YZRFLvNSDzZRJ2TDKSR2Vr6t2tnm71S1TRRH3qDBWsYai1dRgrFgN15jaEoarmjqNFpqCMJjcg6o
1qiHXjSUo0ZszW/SSHHVCeCGEJdDrl464Fn2EZCsYc2u6JFodb9qxMh9bPVzUgtBjMdHd04sqw1A
JK9HJo8N19NRTWa4PZHsG5BQ8PzoHPzSdg7zkjCgOQG7Q8TWTHn6CwhsLbZoHB1dTGrUndjzV5df
cJtk8oZGgDreEKPbKZ2iRNwaqsIjGibl1J20DYUAa2caViwmY/wiy8oLcFF679aB/XjpLUqQMyjB
i23Ce2QP/s2HCSwWqtoiL9/o+ox1D7KsbkExpl8/mDcHrWi5RlLmDgRhyMMnhKx4VU9OGwXcwXz8
e0i9dvUw6wpH0kwXjPznVjJtiwcc76KadvXKTpbzZ09k4wLA7r7Ou7A0QJmw3fk/qsvDDubhCEiK
0jp7QgHXsNtJ661063BCN40/6xQugKOMbDlOd9C3WykfMGp9eMovjTIG+PRLqLfblg8eWage6zSr
oF8xmdaHWDQjlrChzRdK/wIzn7Q4sy0dkcYuVytR5WU7IWOc0y+0vAMsnGlhogrynqptE384VZRE
WFYST9v46qHC0tO9UleFZQ5cDQd45XOvC8TXAn7QiNPCaovVxnLtlzLPdVNmEvmdOM/AnsYZAHMY
fSCR7baJwp8XiDr6LgFQFKzi0QRgVI33u655KvV7ZDf4j/6HiKqKVRqkBOyxOHyr/z4w2cJKBHhz
3LCAsLuQ2XM8LHgk3nlJ9ZGSrnjbe5SKX0+S4QTNExdesfKts5vPPR/OZCCeKjA4jXKkSppMq3dD
ph9vFkbpX2BMQHYaqWk/JQUMjzFkWFOUjwVbKvB8cJp1uLUT7oRqAP5oHcPgDjl63w5srgNowRms
yioiZQf58Py/0PF03YnUn84sKAGAgBo8Z0mFmwsL9OJynepe7B+Ar5WtNCbjCjLtsG/GUYS+kZmk
h5Plh60JTzorKtZ7R7r0Ea0TPLIiaCL93CZJBNB39p+p7ZK52fijMOqID1ddqnxt/5IixuEFT8YJ
NfS4TrGuUdNYyIZATetCRwVatqt48xNrU+gaMwuHB/45eggzkQMq82reLni0H3yiM3VgFXKoWLL5
vHQBtmRHSX7C/i8y4/cBJAy9y1WTtzxgTevsa70exrWwqKm0YtiHukjZRwKZLInG90fOgiKKV2ee
KwqcWU7DHf1jG8gWUh1kvnKthc0jcoz68RYqW0TyBhXEi/yKkJSSU65QVTkLro8pZbMAkcQ+IT4T
EAFeO1DQeEAnw2ZdgTO4W0Tw/+WZyTcvwpAMUxx3wkQOJ8CcthDFWajDvbzBQdFVODOp360+4aQ/
nOEE24WYFbOzaxdI5WslHIUoebrILHxNID1xm8B7+1D/xPIUtr2JG1tjCh3XEV2hUO2CM/txPsCI
C4gGOY6SAauyDBsO/ZGDysrhDHtrfXNqTVNZKqF0G90Mw2/V/84pwA1Fjg4uU5FWwLgY1AakquFo
rrPrEKhSlG7Z+2i0TpgdeYTXAtA+Hax534kauk2SqmdNRYLeYz+FEqIl04JGxV80PLVVcENhcrkF
uwETZrUFTygWLtIbpl9unb9W6A0xHOnVBiTX5u+MNp4Nk/0bYn0ecNunr8w0MBMw2F2g/LT2GRPQ
C/tpi3x4ekUBEPZ5Szdkwb96QcxrIXMLwwCeP14Vl/qhHRqG0Aq2W18rMv7VudNnpJA++oMas9HH
yE8P5N5Fp6cpko/bcJgbTJ4IJ9CdFegv/UjVTtjmmq36wENkzwtB3uD7TsBriBQuRSy8Q0JnTt4G
ikVFj2dIZgtofntihD7i+4x5EtZ830RA2ZWGnBYUTu6ZDQJeMfqz1OAJMBlnqMFRSwJqY5Jetu+0
tSv9DSJISuMzspDgDmMIuQH/nlgc+Wpc+Vg5n33roqRiersnK3x7GfDp+EaeunMW4hmO7UXSFZAJ
fZhxBgSQjcLz6GXyJzlCong0Cg1nU5ES0lkzzGwVY2W/QtrJ5RPDT2flhdngiyFHkyZ88wgHM/WN
GDHMsSHixTLn4Pjlp3drZ+Hhl/nTGVuEQClCM1AveL6SH7fq70LuKdidDuKajgomGuNAXX5IWWqL
Bof4CNrHJj5fmQAjAtuPmyCYdaALWq7D3Hb2YBqLHvBgim+es9Qj+/jbqrb/v3zRyE0UlQTZJrQr
N+lY6FOo0OWx3h1O9pis3XPgqNP9M79Zy010Q6Vmf2a/Y2qMqSy0ktEHpp8+y4QR4+jh+WT8+ICS
6y0573t6JavtxjnYpseBZohVT1iqi0YHJ1VdXv5Iu9SI5W+SmEkRz/kr2cg3zGTzfTRHI3ApOHWB
VTePzugpb/Yg4trsaViul9c+W6TA2l10Wp7SiyCjqe4KQx9Y1m/K6Rkxai6sYQsrq/qwCaUPWeaP
w7IY9Q37PriF6iwd5Me8Lz2CurPkDwV8nMgvsn6/1NIZxDGRyKuTU8hDnVeEdsBSwR0p00l/3STz
CR6F/X0kRPtekTeL2Ta4OOA3bpsG1nMu/zHZBw6nRGItIm24Jpl35ESokuJlOLf6oEKfDTKpRis1
4aIehwL8lLFGquwJoCvaykm+D4+6vve5S+E7yiiCpxL0TnF/PDlMhCaIq8Gwkv6RwF5UqADpplpF
P8A3cjeoE6Dpmntwl5H/1pLiuTtYZmYxatkdFCltBmr5B5BNvXztbCthllyYFQ8EZ7/QE9RyRoDe
Aix7SDBzdTjLGyFHvJWsRZs0R0IiTXBiqZ9mt59nrksqbQZLg0ZrfDOiJGu2+AmaaZgRvLQQomq3
SnoABerUk8b40bcbem3ZvgQogE5/n9UPrFd9l1+3duhrIXBMQdaG3+jQXsQExRYb0M9Xa5Vwhs2p
7nWC+RLAHGt7L+rR2PQzpaIRgR9qVRgOr48Oo5s+phdgSYD26zLb+AInUR9Vcu1tSsxQwKzcQ9zK
dNlofL7oj8KK+okksr/5aOlF7phz5cZMpMmwXI/LA2stu4xSTPYGB9syH43iu+uU+CcFIlRpUPyn
/IPEUGEe9Bv6DrD2hGrenUXZaeCg9BO7rf0fVVwMjZ+bCeF0jiLKsCOphP8tvJlMxcUpoVnWVsEq
lGStjPKAC23SB+D3HU1r/9uleN8hjqHVYdzE84tP6QAHMm0aXUfUZ2qLIlwqCgZsMXY9d/boOgG5
F0YLtX34aBSDmRGneViQjLtIcTPmUdXo+pbwTro8DIQIeL9EsWIRBNi3WZNmtI+0rBC9/Ns1o/V3
EkxWe+ipzIPQ/4BGsxkDE5zHxw/DQKOyghiofHVVLOa3lzSRhUQdjDLf8WMPQ9NGZv1YzR47J3hl
FCu8PppKc9r4Ihgq7K5wf7x6Z8lKN/8T/nBTQJdlSFCRwFmOQw2FRMtr9xOgCfWcNGVn4AD6rov/
uk+wn6pDRbfiuSRu9t4BnJdAUUTbrsgLSjA2XhOAN2LK4aZQMx5o3ZAguwjbYn1DJWzZnqgulIdL
wi3V931TqkdGKGqFyKAs4jhdrKcfl/aIWBr7WUMXkrNmQZJJoi0HH1n72st0q2MviYjjg3h1KPLj
tCE2UlCxO2yNxfNFbCVyTQ6M6ekg+k+ELK32NAhwNGIsoFrEgc6pFEY4p/9enhZ5gAh7p0xLAh07
DPykEnZUwky5DBPpg/stGnIomb3u610WBRrURmJAdGBdFuxVUmbrKR8dVCAGEAUSVtRLXX8p72Q1
J8k3Jlc+105/Y5ghJsv+4wIRaq8uqxvzM16KKXwmGY8qSTsqar514uQHBwd6V8NZq5oGeSkMsbUY
5jRP7BmtjB5aVj/t2QgSsKAlUFbewkNsAwhCtvXBtGjs7xJl/ZvflDrocG+a5YGZrh8cEotAvyAk
Dy82BncFJdOzKQdmYzstD5Fa7si9TwquEXZxnhzQ00x4Ji4F4eDknYZ/xziTOePmInEGwE8IntLe
iL9xPZSwhmR5UVMoogwY2bw/rzzQLvduPrMXZd2+SFKVXHoieICuWVuBjqIzK3HX1/uS7i9r+Gw7
FLwObDKiQ06PuNpajbC5jB172NuQP5vj73EkL+KPAsuOYiN3we5AlFPKQoWm+HLWdhlQcIvJiOLp
WfTXKVxXn7CnWDxYP1c3vzYbE1IoYI5IM1EJK1/zsO/p5JiBwWTn0kbXjG0l9dhsPbGaxFdqRp8l
RWeTrzFNRR2pihQP5yNFZDgBAziCojIiYQQwjweJs3sMZwS2lrNmC6RjEDylqMJyiy1LvJ6QJwoC
iLU9Sb5WIm4V7fog33APNSGq9NErshHcHUAWxF+OMJfqlNmG/ZnCwwiG3OObwhNK5gd+WsQSMbq8
elf5zsyFuV0EE2MjJWH1mTfHBXMANheQcRH1GhZJZTNx3uwVU9anCz6KCgDxITlmBgAeainUdHkH
4ODLXbnTrABEYG6nXSsa3/0Sm8xn8LI2PByuqIZIDD2NNi9fScVj5v+20psO1ip18KRdBr/dsDrj
A41k2Kjes+GbB4SB2UZN4OW+jWnNwSP3ugQApvfdvkxi6/TiRPsuTyUeCDA1gQIddFVdMVvVJWSN
amRK5GqieHvhC3vb7kYWCtBYikASr4I26GhTjG2tphj/IweCrcaliNx38OL5y4t4ykg/chwljGZi
zFm57Zu+KuQp0GdvzTuYmKkFUQ1185P/9qCXBUpyLbN5bx9/J+2kOhBZP+ZwY04CMhQIdcsNY919
v6Zsdpk99SeRcGpcQtDAMu1AG+/Q2fSdwZJLK6gA6y1BW6k87K4hHKZ1XaByHeqw9PlKcdcbS9gA
jujBK8GeaEuPA3PuQABE1Uifk+FBYm5iMKaLlnC01G+67q3N+1B4zbTXpDqhTXW+5+9MzloW8X1L
4yW+bvA7r40u/ISGFmsIRZn4NKQVZhdG4s9nhKkSHxcDW1EN+TD9h9BSDVEJ5GqA6OoBN8DdjdZW
pZtyBBNJRLAXAwMcUQAwMMAy7A9YAF4s3or4/LvSDtdmF+tJccS6+d3gjabKAEqOaygsMrAxzCl+
Rp5jZVRfjvatDYsPj+NwqdOZYBGGGOyvEGy+r6iifwtv8B+bATC2CsjVkks3aXSmoeKEFbd/czwh
T+oiuPdqY8uj4O54GGUYcGbHfQPTHgCwuTEyw/Sk5UZt5KZZvqsoyqRvo7o6qyJ8pAdOseUdyQ0l
rIhSwuOXnnXg8vNwTDHh3DNOcL1ZQT5YoxZSC859GnNTo3vqDkLkGyC2Dtee6au99h8t2DpOtG2s
yK/4K2RUa8A6bpKL4ahfb3NRIig0iK9hyiclU96DeKJcjlEtlYizzkZbZeDzqbIzhwaqDWV0noMh
27Vc+yVoE7YUtlQo8qww8C34nT1Tny2j0RJp2YS1fyOy8ydSch3MXJwc0CJ9UGJzC7MYUxezcj1J
/SsmBIAxMTXPe1RfEEaeBR34XjTAgDutoU/4XYE90wswHxYIDxJXaRMo/7VGoX3G07uBAC2DalWv
i5uCiqY/qCxGnGBYeF90abPQ7UpWK+LkYDi+YLXsBbE2yvM5TgPYW67smYA8hbsDB6SGtzAX55jJ
gKkBrfIAckV5ZDoKXVtme/fLvrr2i3Ds14MGbM7AWwMic13cHwVvLYHdH72TY0NlDxmz+dc24JFH
N/Xzosq7Or668zKhE+PMo48j9/Q5w0c1TYYkK7o8ktm4ZNOJ7M2jD9LuVtToP6dO0WRcI7UCC7lt
SBcZQMTs9TqnIeHKdDZh9Xhpn9wgFUgB5aHHWUe3IIkpLSzHUrLMnS9lJE2hkP90AimJbeM5xXnb
jnJC2+bxe0cNi5nXohGEpObJxrPLWvFoaAfZN9lvAcZCHyQNxddmRD9u/GZEJsF9ozuw29sStd33
IjPqwpaokUNLKHZTXFfOzcKVv0IvNNgwY3ej4nFjFblYGXbgdsqZu2qA1AgANgAAADYAAAAWHPks
JetSVAAaBAYIAEUAACgAOgAA/waiQMCozALAqMwB7HEZLwAAHNVKNgw9UBA8i+EKAADKmbtqhNQI
AMMZAADDGQAAUlQAGgQGFhz5LCXrCABFABm1QDxAAEAGx7HAqMwBwKjMAhkv7HFKNlwVAAAc1VAY
AD8y/QAAJqouW9eyHdaD/kp//0/CfdBF4U+aEIQDiBqhBm6rxzfT8iX+Uimt59DuWCoAoqmOwCNz
8fUJUQyJ1LTNgXjKCkqfZw7u2Y710D9+grf/YfWOU5v81oZKMf3axV2TTh3D15hubmZsX1fEJq4R
Eg5AhlmUyDrfY7FDHnOm4awhghOxWrm/NH4jAtzkjjOg5yzkpUnN92laVXufumYy94+fSN/FXyjK
eiAK/brcQ0hOi12wHbd32CqppMzY2fnG39Em6oxIRHXqSvTaHlCcI3soLvMDZTIq0dxNXaUEXgez
KdeB3ohZ8suTtvrZ5YKqmTominNd9Mbn0eahcjoX58CcrrvoT41v0zJBC0QlY4yDmcowp2Sk3KKU
4c7WRnBenUZDCdUO2TlkU7DAwfCU4iS+9UClnhT8n0SScl1YhN639RUXO9j8x3aw1Lq7zpnSSZlr
K4D1H2/LuBSU2hVFRZ8o04GHL/FQz0kptAcml6wz6KBv+B32Oe5GIugz+yqeji//Df6LlKiDrQNK
1lCavPcCv35SravLCcswFEjJ7QgHNlGC+EfQ6POfaUoyRgQFCHa3rX4uBYydo7wGfEx5ix/RhmAs
waq+yP1iF8HY0BZ/dwuuBVJvjN5DduZLJEgV2ywFkJxYyF2zc9UN2uXjhjwE7CN3Gkl0a4bSoG7x
69cLfIylyH48fcf2cn3qm3HxY0RA5TfzxHW7xk1F/hPQBsLrfCa7O+9dk823Mw5o51tYs82JWG2a
GGwiFzNx2rgcZRd9DW6lmbAjAWMIBZOP/IuN9a/ozym7jZNjMkulqYM7rMHKFPINsw1EkpLWqkm6
OQun0D5H0FPL49ZWvT8SwEJJqCUb6FbkrUdCBUccpKn4eCB7X1enjU4lkd64rxQLGph3mQoI51LG
xbsrb3Tj8+8A3+lNKUbeCbbPwhpyVJ8ZucSWRgiNlbHVNipSaBzzr9eUcy51ireLBIPTEiiraWPz
VoATE6HiWirIR+xlaYi9R0hcbiIfItIeHOs5Gz3ADSxac97Fim8cvZuhmrTbbkmqqGSH1AKrEs6u
D08ap8/EdP9nIG7l5HbpPpA57fckhJPBM6CklJVIRfFDgs2ABcsx22mAM3KhCbMTyJvrnLWgZ9NZ
l3YPj7k/5jioycezNQ11F5ERqvnjrgSGQZp+lCGVhURwh+LN1tCxbfKpdboGk/lHy+zwk9j8hIYo
3HHlmLqYd3waD4k95az9a9kJzqVngdjmGDMdX628+xUQX2+XpfAiBzxclLLu/bt7UAQVDD5OOie1
UT96/mVHsepdsRIuQusY9J+piqIY7F/Aio9pXSoJuVANICe7/nMaBTneRBFC7fKpP+oW4m5+O8Ii
+v95TTecyaqyK0bhWaBThxHdN9+R70ndKUBlQsqVp+2zD7RjeDZoCncHivlmp2I6J9RorXcBo3Fd
EYHrhHIdWiK9QHZQ3IaYCWEu2erA6pXWWQYxBGiQFeU+GDcIZSiO67SaSI/aQwRIKgjsFtmdV7LW
rCxmlW168WzTJcOi/ujYIC+9+UdJPzaMOJ/RKpjxsZkjl7GXpk5wFHkG0UuPRtFh1EXeqhsfwmLW
iIGsBgQI9dbCoW6p2lDdekmuOk9sNukp7XtAlBmRLBJco5+rMQn5v/FPHN+qJVzsiPfHGA9L8Gnj
HFw3ul2J3RfyRCr43dnoRazql2lJt8ix+A7NcFHxJKbDxqXxhRjQ7PKjfw2mN7tasmX2CCsSygjL
VpT59GhQkPeSTEYQ4yyBffk67vtK69H9ruhH/8iYGNbvZmtwat5Iisf6fvGOCovGNupFqwahDQ66
w9DlvS2E9DPsVy3VLpYpJLKaE3GkEUz/At3nKFiMLQsE2/iG9dbNJvJIGSbdoaH6sPcYlh9u5XuK
hNuXEtl4xv9d1kjrMtb9caaOHl+Y+OfPFJjTuipr+WaWB6ynZSWJHS+6G0Ib33h5i3Fu9HYQYHyI
U0sp8+OTwxORWywxsd6af2cw8F2HNJaKEBUPs9LTifDCvHuy3uotC9nYC5PbJ4CP2jRrqcGrQ6Jh
m99btREH7eN8T/yAvATRA6yvYi5NjoYS9b05nMrPCSd2At48pnjS4Al0kj1aMlbYkWLSEGduyeI6
R/ctARNSzNJ+7/PYW5Fv5ievdRnojEiWexZlXHKDOX/0PN2Gf3Gyq0iYR4Zf1/xJCymlMPcRY4zB
0VAnQlPbi6vG6YV/9fYbHi4BrNvCpCejk6of2m7v7UvtPPzoxYOKwqHXoAokxHeTQxvtxcdOmEGp
sNs87UUMafTl4ii6Z3D/1prjbgPZBtGmpxin3uywW2SR/eLBSfgerN2LjJjcIxinXTmVB+p+OnXn
37U0w8qfqx/weMnaF6YylOiAo/2ch6PQ6A+f3jfxEotOcOVHShtUY3lyFl+z47V6m/DUy69PX+8d
HmXhw+rwADfxtIc7o+tkVYI/KvzVjrH9tF3xZgQKiWKJZVQnLJ6fIp7TRs8/Py9A4zUS1ZlumAY0
hqrT48IrCyMZrgiHnalvLFDgrNekuz+5CSuDpKGNu86G/T3Lkm5sH3reuRNI4sO/hL96H1/Ef0zr
3k3iaSgJrXN3v1962/AcjwrdvdxUv/NZCds0M7ViIyxwRBov8d6O/BVKd9yqDRfoSH/jtAhJ621C
9vFHF35hexu5C/UWmCxxGwz5FC/bRI64crQD+zKO8AMuAY2pQ6jMdKRQuQFXYS9yw6L2SJcmE+Fh
+k8bqnTcC9nwLrvfIPKDnGdO1PvvrGRj+Ua6emPvN+6kHCLkcppnG/yAoBGBBJhIAu1mZvv2WFAF
U15VKGwpDVap3XxqJWqzNBX0F7GnkLie30Eaf6BGGQK4UK1hLofNMqIfNYU6xRbuzzUSMy03Qxcx
XrLufPYrPMEI9j631mAt/t5qDzyGRZ+ReDbB73zzgQKUQiEqaPc5if2kyKIoMgUygjA7WMw+3r1I
t3JXcPj8EDsnpGQIWqNU7zudzKExvMgKWT3S9wRSr5eE1nByyZELrKfdykDjyY461iaXZe4LjkNS
4EMN7kCyQAZ9cKSwTtnOVi6emYTHuGJ0Adxi8sFSe9dgWIpcIPt/vyehlVd5XoQjY5BdzN3ZsCag
SrNn1/qpfJk+fA/8twXtxNNEDovvVG46O7OpiwenAlVXlR9W7ij/ezA2D9c6aCD9z8CpKfWYsQ6a
zLsRmP1cCccDeIUfLWuyN4Jv0nWRaKzCKombTvF6WpXmkaS4bDSl6Z1desbSsYmqC8AW0o9a6dvl
85n6q9ts3iAiahU/bqtBd3CCdrW47qJ4+qee6CBXDJBTJ9f5mNp/L2+pCrgoIbRnOptkIFjECHBS
4tM6cSXxBWe7TgHVFKl+Gk/sEIQFiOyFyLgijP8o69Ubi8zjsUl+t5IlorCfymxZa6xziuKLuN52
9e5wLFXwAKCZD3R6qONM78bw1QrV435ATKkF1g2JN0vDh7rAGqte3+R5+z4zfENgSwfZmjYyYOLW
Cwobn+Lkc2SjSIgtWOWGp/4C/34vbf5bUui1Emp09f1JQFeG8YFzpwkxAANctpQKNPLTBue0M1mt
mSooqn/C9CHOxDJVMgIJj6Mu8uE+f9k/onhSUMdgYQowOlsh802VTv+/wZ0fbHfptu4ukAfHWMzC
OUIYo/5ouRN6c287YzBU91OCx3yYsquH99EJ2udyCSBEdcp6UWN800kc81waBHnSQWNrcfnNwYu7
LkrrVJiLopGxnxD/5X9AIUFjOJLn5+AmAjmLHuL2VfH3stdWbmzBRq2KqNi7fjZ1w1uRuS07j5wh
FCwxbJXnQ8hni1Zai4sx012Ioy8mU7C0248c9tc+HIQTISze61jnHh4xsMY11L02zsBj3WJSQnXq
PqiYCe0wfT0oxSlZhaCp7t9zibQZ+xaMO3y+WFwnQo6rhOBpdwLJ300GhQ+Cf4qK0YTMGzryyBJq
ekKNbFPYuC/yXx/5nGfZ27D6AYuct6D7e+rFrENp8d21ksFPh8d1mlH0FNBKR/mlEHvLVg+0uKyi
Qexy87v29jc67P8P5B5T58g3vpK7BjXlY04HB5OkC2WQyCsQ2BGiE/Mj3XAYtPzO/jn+qA6X4K9P
hCavG9Ifi3Hu/a9b5te7lhTO/T9OiXXL47iYr+zn1vYQX1gD9O7N+SsB++Qs+7ZSTc2k9eR1UK4q
dLYDHXPC39Bg3Emq3LjWZbfNDHBI5AuIyqr5lTlwq/k+en2TzsLIbSCCZu5CJ3ud3x7M69drsn+3
P7bK8t1OvhGCZh3jpK7IkA2IkF1uddNxdHghgZAjzvbA0xWCgw7QMlWMgtFu/BYEvgs3XsuumMft
WYTIhByOq6bow0U/KsYS1hFSc4KoNi6OcN4PyarJnKar+bdPe6Yxcdf9MKuSLK00oOhaf9dP3yph
xxJgQhq5h9v4NcUT1wBEKOWcGJP6ZJekhOenPO3C3xo8/ZevsQK+fSo0XzPfO6iCPvytvNwycvEm
a9Qnz7KOFswGVHZ4xCJQU5OCk9Y54H+VkB4swsN0magxTGn5OeQhezyaI0xDx6XnemDQ4iJPseQY
ArGlzYt6Tox0HTrDe93i2i6lDpFcUeOkfi53FWAxkFxrUaftuBnobsgkV7Lbmmn3vbycvghbi308
X6H+juEVEajkfhXkXc7qftm3zk7r4zQg9mPBKEdyWvoiAM+iXYKNL7anL1GYJan6TyQyKPSVS9HW
7494sKC3KKgw2jCfpWAHcPqA985Pr0GUzaryT69gLN90l6xSXFOKokaYlwxormf4t/8NzsAMVuFm
a0VgQqhLflYwTthlNcLfAABRWPnxfS/6YP9VKwHP7YMHQKgk1eQCyWz/SNYORxzuK8CXWVQLoHC8
Rk21WMheTByEG8gT67cYNh2gs3ilS0Lop/63llvAybq9tiXwHZBguyFG3YxF8ekfyi7VfzfdnYBy
TXBX0KG55oaxZ0mL8gDU39Fx8ig+bTNc0PHxtYhkSwgwT0kkTnMEcYqPjORQBm8YyWo7hJvRMGCT
s8XrYPEFbfikTCBmGypve9ZYDY45y58UX02JT+Q4gxsxPnDR75fsfJGX4CVuOiSkn8OkdMOfxoUQ
zeMZKe4k0JYN+4dPtb8tseZVTTwL4B9HeQhNwja3LWpV17J4egoWHj6JP6MaoWmoSLPZg6xKBNe3
OvXT3YV4CbJTD/VIchMWMnRgVQ0u5Bmn3c6vdmtMSBLD1LH84BBpMAuiyrc3UuY7OdoreU/4S8Tc
rmKdZBf+ManSsNyqeNU6fjVFTrfpi6aOj4WLBRIIo0HFGv0c37dBzSj1V/3OOr4n+njq4DdcLv7s
aiuHyZSZq9nyG/0ModErp/8+cYETJ9fp+mDv9ZG3Dw06u26GE911UBBGCchVbnSQXwt2X1yw85iB
kFtfiImpjeB6sbjEIovZRHuuyockko5SSOCws8wCW4H/lAS2rkutOQTJgLVrrFWoF97TXYcqSyS4
2e7QwRr6DJXPhjUTZhYli0BXZ1zE7xwxpfR2keNtW+kyy79X2Z6s/UqCEucnCvfEiwalOl5QdPtE
Xwx42ERSwADHMAouydKjUlsSa+VG1tzJIbO0c5RBfmXbYDHJ7zaY4+RGk4+7f+sQ8DBw5cn6g0qT
U05gGfAp9hCRiWdUh2/6NqblV2zu6LNpVABWtvjL51U76zQvqgwUCLoC0d4zLiM/mnnh8/TshEjI
hcYaIwnSGryLpa6Vu7oHFA2dP5nd1M1d7fFXuB9S7YOr323yv2qTU7X0HQc2tK42oFdX+n3c4/Q8
WOAkyN9TjCne0fhq1E1Sb6bIEjarU7lTDpdV9w2zgIHnGwBcBgqVMHjZDS+U3MB8/3gkJ5bFlYBu
OAl0ZvbKotwhmg8K8Wnc2fx67HDJ2KjWLJ9tO4TFWEC/uuhJIHwdNZGZB3pymo+iHlNO+8LRy4lZ
nJcBKdDX0g5xeQEVrs7cKiBNXhliu6ibDBs51FiyK+vI0I8SzptN8wy8i0emdQ49B2UnRFKhrOXd
J9Dk+oyPqsTTfp/EIKXFevlja9m/ONeW+OKmzTIRa+nlbjKJMGzJMAQSpeqbUVltO0yt5mVZHkWX
rPnsxMe9pUy9R/oYEoLAQg17eDfU5lbki5d3LTUKrot6g3DCXKfU64jcZqa5+neCmB9Zwt9IgI5u
3hH/NW1lq/VfrH8KIRBVk1ZLvtlFVq4Kx+ioO3fZ1fhr+fOoq4EcvrqWixwFL+CM4ZlxpdiS5D8C
giI70UrP1etnPjXbwagu1G6fGNPkFT29n195BGM9tMLNJUxOyuqxBQdET1yP0I5vMPoG01yemRgN
5BGc2xZ/m4d6E6I5i9sCZTijMK1MDqQ3qVYoZVnWZo54GCtIX7UgAKt26TnS8qSfrdbp7G6iMmJ5
5cOZSeGSLJrjYeCFFMnYRCwG8hITazpUCfThom37uavyo4Vw+0llTSOfsuP2KMFb6DClgjzYXvKP
QFLyaSqIPfxy2pKZFrP9Ed+S0RgtfbnvcEUVnTbkRt/RF5/mHYQ9PdxreUyAVBuVB1tdfiKVQ/g1
jLvRIIjpPECvlMeuWkwhu0zWoeVGYqmKy4sk4g307uK9IPQE8Vm6yDXnXS7wlGfJE7P1PHcr5LdJ
ne+gh+UYYz+4s/6b2kwkR7gKnTx+a8w3XyZXPzvM8mR7ZJvBAzjw+WIdAHE6r7poOmPLM+yJiUs3
gzllkMGeVl0mGybgD6YU5D/WDRsMatYUtiKOZckCxV/HLyZS3+IthD6HwSgvw6nIY2tFGcojzOQw
Q6QepJ50K+TY+jB5J4Xf9Ac4vqQ7TCP2nNVfABG2UJgvRKgExTtuyw7qCk7tij2MEjviQMIRHeso
oAqMhqNdJoyAGdyYxhhu4nZKHS0eXg5IZ7Vu+BhdOAi0NJ0NB1vQIrjylYK3Ik+XEqOLimz1nLWP
MY7yGCV4+nQRRKTFvec/vcpmwK0FX4fUNjm6NPrrWTc4/kGyN2nj86yKMQZQxf/6sFM9FWzaEBRi
hKivvhxBDcajioKiGf8AncSst7L/08dJGgNPzaa0Ke7/wGjLhglUyYWisrS2vdurMm7NdcLlOJF4
zcRIgnzSE1JEwBKfbD/bVB93v/PiminXkSkl+3RvkOLdAXAy7YXG1JCqVpSGVZMbEZPUobawZ31X
xT0I67jjdQsxzamppC7KYYCEx+UNpso0ZkfQ9gRpeTzjRvKPPNia9fQ6x6pjUC4AULOj9e4BW8+O
feKpl8/f7dDgcP9jhUIc2az0mDCfreNVAwdcG3/Ut4elDFe8AFVLxJkP7VYvv/JDlBuWTdIkVWij
0XuDWKcu5W5NRhG0B0d9MGkZObEBcTtAlbj6JGg4I12ZsV107Ko4pbkbcwDsu/bpy14MYT3mzkPx
aqoIWH94FGKm/+m5xcqOjxX5lEYDvKGkAng1jp5d3u9Nr7k4sjnDeySNpfiZ5DS10Ix2r3ie4lKk
Ls4JQKv/31L4cLnguYaa7BTRoNa8NMVIOrpSVi1iBxEWCEBliNQyx4RPQQHncuT7njDYFnXHb2I8
KgM8PnjCWqDf1dXdYI+fAXwRPNDvrAXjZ07Rfa/wJ/9qZcZPP9IE28g0597VCK1Tg8QlAz834j4f
xWDA3METZL6lBx+jk2PhWQ/29j4INbfjwXQhE7XQgzrkr64Yz8VuC7ZAD+/8V8D5uIQx1Gml/goY
COVCt6z/IMkbHFHraJePXn1J5Ai1HFuho8fWaxlsjMljGxpqeWlvu9+rmIAAMB72M8+moBpD3HEz
GNFw82sh/e3A3/YJiCFnOCXVpzvEGL634+JKRTV/IsVwEdmT2XtSycJBgkHFuh3U0aMBnNdkJ2zy
kh1oYVPnf8rNLYoF1SXZH7WG/DZ03lXhjBHIJKGpiLMSXchYribVR24EDkeLg1eFH1jC2S7Bpq+N
uSt2rJEwAHf0rHi/ELx9Hx7pvPZpH7n+gLC+t5VFCTAKZNOORntd4kHEhFMziptuhRgvnsNlgIHA
ZKNyPB0mVvIwgaE2wUEgThxqT9z8yQqzQjNJa+5XIoYPez3JZHbg0GS47m+ZOrRQDRtLjFgiNWRc
qloSRxMuGfNnwCoieOeXZdFL9sOa1kli1aM69RF4xtcLmatkmnEl3qW7ePzD2WKviMYDcWhP5QzY
ghp9cDCrC5y/+L4OrLNGeaWpXMHhINSZkfBuy46EKYHLaFAAWhE+P6/SM5CuMcGSXBLI7nOb2LBr
UaC9tMJ5U1aSQ482giJyrnHVmKxkm29qxijquaFUtafJlTVCbPNhlk3FBB9/y6qnyHY+OlQU4jQu
qNd6FbEPu1e6HjFdPPzS4F3YSzAY6YX0TZmSOZ0JytjeJonpMEPYUw9JHxSqIR4ySMQMn9Ohwu/W
Lw18o9umaPvHGoJJIMNBUSPXosJsmMch7B1f2dXLpcX3+K0/qbbZlL09O2/3CMYRJ/coP4aM9zFa
GIXEzBHBOuY1WC1oaIA+BQ56UHux72sKpL9djtmBeRoJG2q+CW8ejKc9/pOSec5/OPqNhjhtJcSK
QGF14G1WusHy2eKx483AowQo/gBqItTn+TEa3VoPa3FwH2AAZBIla9UNnCqrIzXj5qfwQbr/xkiq
VKTzoHyVMc8PayihsgtZXQpcj5y3bkfmY3mjTlzxPpbSpI/3WHOc1IrZtpCKJEnoCyl3G52vj8Dv
WBFNE6VBWfhtd7ATPw6rEhZz6/HJUlLXRKImBkJnd7mhbQp2+5ixods11HpQd23FrsqZu2rH5AgA
NgAAADYAAAAWHPksJetSVAAaBAYIAEUAACgAOwAA/waiP8CozALAqMwB7HEZLwAAHNVKNi51UBA6
Z8D2AADKmbtq0eQIADYAAAA2AAAAFhz5LCXrUlQAGgQGCABFAAAoADwAAP8Goj7AqMwCwKjMAexx
GS8AABzVSjZcFVAQN42WMAAAypm7atfkCAA2AAAANgAAABYc+Swl61JUABoEBggARQAAKAA9AAD/
BqI9wKjMAsCozAHscRkvAAAc1Uo2daJQEDo5efcAAMqZu2p/DwkANgAAADYAAAAWHPksJetSVAAa
BAYIAEUAACgAPgAA/waiPMCozALAqMwB7HEZLwAAHNVKNnWiUBA+OnX2AADKmbtqFDoJADYAAAA2
AAAAFhz5LCXrUlQAGgQGCABFAAAoAD8AAP8GojvAqMwCwKjMAexxGS8AABzVSjZ1olAQP/90MQAA
ypm7ashzCQBOAAAATgAAABYc+Swl61JUABoEBggARQAAQABAAAD/BqIiwKjMAsCozAHscRkvAAAc
1Uo2daJQGD//hT4AABcDAwATevbma6/uDv/q2JmUTICgs5jPpcqZu2o6dAkATgAAAE4AAABSVAAa
BAYWHPksJesIAEUAAEBAQUAAQAbhIcCozAHAqMwCGS/scUo2daIAABztUBgAPxmIAAAXAwMAE4H6
hQFVu4ulqrpBxgcoDAk32yrKmbtqTXQJADYAAAA2AAAAUlQAGgQGFhz5LCXrCABFAAAoQEJAAEAG
4TjAqMwBwKjMAhkv7HFKNnW6AAAc7VARAD8ZcAAAypm7aqZ0CQA2AAAANgAAABYc+Swl61JUABoE
BggARQAAKABBAAD/BqI5wKjMAsCozAHscRkvAAAc7Uo2dbtQED/+dAEAAMqZu2qqdwkANgAAADYA
AAAWHPksJetSVAAaBAYIAEUAACgAQgAA/waiOMCozALAqMwB7HEZLwAAHO1KNnW7UBT/P7S7AADK
mbtqjoAJAD4AAAA+AAAAFhz5LCXrUlQAGgQGCABFAAAwAEMAAP8Goi/AqMwCwKjMAexyGS0AABl2
AAAAAHAC//9LsAAAAgQFtAEDAwTKmbtqpIAJAD4AAAA+AAAAUlQAGgQGFhz5LCXrCABFAAAwAABA
AEAGIXPAqMwBwKjMAhkt7HKdpXutAAAZd3AS+vAZeAAAAgQFtAEDAwrKmbtqcaMJADYAAAA2AAAA
Fhz5LCXrUlQAGgQGCABFAAAoAEQAAP8GojbAqMwCwKjMAexyGS0AABl3naV7rlAQP/8eFQAAypm7
ap/QCQD4AAAA+AAAABYc+Swl61JUABoEBggARQAA6gBFAAD/BqFzwKjMAsCozAHschktAAAZd52l
e65QGD//ersAABYDAQC9AQAAuQMDPHAr8f2m5YF8LRpknSoLfn80yNlvaNO4SURuZWxnw54gEjqr
GFwJm0eoZRFDUoJDKnJ7gv046rec+3tMyc4ZvlkAAhMBAQAAbgANABQAEgUDBAMIBwgGCAUIBAYB
BQEEAQAXAAAACwACAQAABQAFAQAAAAAACgAIAAYAHQAXABgAKwADAgMEAC0AAgEBADMAJgAkAB0A
II1hjqureJ21rLkNgYYS9+pY3b1TZKMAJW3yItSqSXZYypm7aqnQCQA2AAAANgAAAFJUABoEBhYc
+Swl6wgARQAAKJj8QABABoh+wKjMAcCozAIZLexynaV7rgAAGjlQEAA/GXAAAMqZu2qv0QkAcgMA
AHIDAABSVAAaBAYWHPksJesIAEUAA2SY/UAAQAaFQcCozAHAqMwCGS3scp2le64AABo5UBgAPxys
AAAWAwMAegIAAHYDA58rcllYJ7CJl3xRhtwHNutdOq0HSf3rVnWcEDXFFfxrIBI6qxhcCZtHqGUR
Q1KCQypye4L9OOq3nPt7TMnOGb5ZEwEAAC4AMwAkAB0AIJWD4tUma1WyrkBJtpDKP2UCZDpxYAnF
D+s+zRTvudsKACsAAgMEFAMDAAEBFwMDArJAt8DGokJ4emQAubeeyFL+32fu6L81VOyBZWQLcMxO
SYS78NZCGwpKLVo7jyN6vaB1QavPP9YyG2GCO5A2d2RNOlVyeu0dVzxHIpQqBunLzKSUx9UNG2WL
sVu1kVG6EVfBFUVqWfODiHYPkc0FLDSvTdoZ5R9YGiNrhPfkDDNfUxoOMXUaGdTDewBDpBdt8AsO
9FBt+mEcLtg32qxNSoLCoL22mSQ6r5Xd8c6xHngCjDYfKJwL/vICRXjy3cIR0BV/UPjJWK2CIo0Y
BLAaBKrYr0sMBmUX/E7wp4oHde5Mwf+Ys+kWEQfkH8j6E85tJOAs3h9NdtGvrlzA33SEjRGPbqX5
+4fX6xdo+7hLzVKoxAaUbWrfuPtvWDMurGv730x40q+AyZa1M9rtdo75vgrbpVdufMfgnW6bXGGb
mihjVpx/fH2hcKQWRZnQYFIc2kqGLyxvxoLRBgy68ZeuVj+hXzVjS2Is9p6myPqLEVUQwpsBJmBp
i7R5WzieWHRoOWqep2MbJz4Q6VrAEHlYLNg1PYaTS5+bG9ZIiValMnFsd1eb5E2yeEoMkuoPlHK3
Ckoj8NWO73fWsEvjHYJJ+RTC6mQ3xDXQBEaRbI5pnp2pMz4AiYwJIJqVlzdBBgeSZXVQvq6MWFYy
zMwnO6dn1bWCgQG8DGgsz1k0AuuH+ik57rD/1B9WjUtQN+c04a06Swm+Tc70lkeW+inKVuS6pp0F
pvjYQAuC3PRiRUjSjEZwmH6hTGxut6IC4RG2aQY00RpKlHXxUPwinqiD/lSblZaZhoJHh07mfbHL
RVbY4uEbKAN8oaBAAQ7OZAtExE/qHbnQGi0JqB/E3ptqjBYiEErABCHyjT/Q0lPpVfMaMo0HRpMz
XxaDOpGGC9eZS52uFOvogyKrBi+dpVqiCi4MU4IRuJHKmbtq8+UJADwAAAA8AAAAFhz5LCXrUlQA
GgQGCABFAAAuAEYAAP8Goi7AqMwCwKjMAexyGS0AABo5naV+6lAYP8wCOAAAFAMDAAEBypm7apiF
CgA2AAAANgAAAFJUABoEBhYc+Swl6wgARQAAKJj+QABABoh8wKjMAcCozAIZLexynaV+6gAAGj9Q
EAA/GXAAAMqZu2orhgoAlgIAAJYCAAAWHPksJetSVAAaBAYIAEUAAogARwAA/waf08CozALAqMwB
7HIZLQAAGj+dpX7qUBg/zKZpAAAXAwMCW5yxU1a5QJFBTR8pPyihZ5xEkr3ekr6dJfLaMb5DajJx
X73xRRhqmmTEcssKaTB8bOrGjJ+ixKq4yPQxU4g1HpUXAXo/nxWwAB90RZoTbWVNcWIT8q0OQTrB
x0r93Xqz86SZ4Rn9l0PpvPF0IN1X9Bk17CoDrU7Ce62nC626Qv4u0JF4L+C4xwHMP27W7Ybd4Wds
lp9jHFSRn+G57zEjvz2yKMLhaxcJn98bo8M4nM0sEna3fdotOQm2fw3m7AGGyQpG47qYZmzKPQYI
mjvALorE9i2badhgwiLDxrKfxnvJ8nbXgkXvAR/ITGhPwKlJwPzy26po1jP1PVdnQZ2K0SzP+KGn
bJuzr2+v8bcq/VJ53KsazOWM1ka95olHHMcJBjvXm4GN27OMlp+FGQ7E7DjXInR5o1reBFYzSZn5
yYdiq8348pvqzFXpYf79N7f8uCqStVcnwaeV4tyFBpmLRUVx6odxbMNso0Gn0QFhURDWyMsjta2y
8CjarmKZLDJLbcyys1KD1vZO5S9gpWDNWho9xkANEY5L21kpOrkt6qPNVu0xmmde8WhMwfkBHj08
KG+qKaFdCDkUjTeHO6DU0pbkHCpgoFI/RNQFeLpvhVx7mqsRFkoBW0bKS3ug5/CSA6tFM9rzsqsB
6nnAtGkS/JlVbWro98xT1P4NdldrbxVvYI1IU9o/uDGg6BEWTrYJTx+UynR2ZNV/Cdis2UjChKNc
uzvMhwjiMORoi6gps9e5LPCj6i5zAfy6Ww+cH762+nknAvOU6c8KyEXOo9bS+uWjEwSvFGGvZuEo
wsqZu2o/hgoANgAAADYAAABSVAAaBAYWHPksJesIAEUAACiY/0AAQAaIe8CozAHAqMwCGS3scp2l
fuoAAByfUBAAPxlwAADKmbtqk4cKAO4AAADuAAAAUlQAGgQGFhz5LCXrCABFAADgmQBAAEAGh8LA
qMwBwKjMAhkt7HKdpX7qAAAcn1AYAD8aKAAAFwMDALP70GfKvDs+8aq1g9/My283V5aBZIEn2sVw
WPk0GpoSBprEVqGZjLbmPXmkIr+7TW7Zjt7eBL438Z1yCix5cUtZ3+DMM0f479BVPQbLks06aXe9
7g5tmI/Dwh/ovBB4GrZvtv7QGfzjWeb32yVzHBFBfsMV0/OeerWPnK61eGCxzykkx6OjEMh4KhbO
MWEGHPKJLRYNLHjTR7lyY37m7U2jcL7+Qm2iJ69wkYFTmCe4juce9sqZu2o8NAsANgAAADYAAAAW
HPksJetSVAAaBAYIAEUAACgASAAA/waiMsCozALAqMwB7HIZLQAAHJ+dpX+iUBA/wBc4AADKmbtq
VzQLAHUAAAB1AAAAUlQAGgQGFhz5LCXrCABFAABnmQFAAEAGiDrAqMwBwKjMAhkt7HKdpX+iAAAc
n1AYAD8ZrwAAFwMDADoEGtwNuuUcHOBqo9lQT4hcXhFJQe8yCnCdHxvWPdjP/pdI7FinIzAoInJ+
VztWDKbPNMjv82Sn1Negypm7alFRCwBvAAAAbwAAABYc+Swl61JUABoEBggARQAAYQBJAAD/BqH4
wKjMAsCozAHschktAAAcn52lf+FQGD+8CtoAABcDAwA03C5/XHI7jIG6JZRoASvbJ4L0Df7MooVs
2YrsMHBHSzcrwctfs8SQ/f/SQ4WyL1jG8UB55cqZu2q7UQsAcAAAAHAAAABSVAAaBAYWHPksJesI
AEUAAGKZAkAAQAaIPsCozAHAqMwCGS3scp2lf+EAABzYUBgAPxmqAAAXAwMANcPzRdq7H8/CHSfm
YtUIPAmSlXQcb47a1olFuL37mger/iB0zbs5h4L/tD2nIUjS3IqribUVypm7ap6CCwBOAAAATgAA
ABYc+Swl61JUABoEBggARQAAQABKAAD/BqIYwKjMAsCozAHschktAAAc2J2lgBtQGD+5+04AABcD
AwATYoZhDJxjrNpaInvmKNyWS5Lr5sqZu2rPggsATgAAAE4AAABSVAAaBAYWHPksJesIAEUAAECZ
A0AAQAaIX8CozAHAqMwCGS3scp2lgBsAABzwUBgAPxmIAAAXAwMAE71maXFtZrpVSo6XQjJuKnES
UdPKmbtq3YILADYAAAA2AAAAUlQAGgQGFhz5LCXrCABFAAAomQRAAEAGiHbAqMwBwKjMAhkt7HKd
pYAzAAAc8FARAD8ZcAAAypm7aiODCwA2AAAANgAAABYc+Swl61JUABoEBggARQAAKABLAAD/BqIv
wKjMAsCozAHschktAAAc8J2lgDRQED+3Fl4AAMqZu2qXhgsANgAAADYAAAAWHPksJetSVAAaBAYI
AEUAACgATAAA/waiLsCozALAqMwB7HIZLQAAHPCdpYA0UBT/P1bRAADKmbtqyY4LAD4AAAA+AAAA
Fhz5LCXrUlQAGgQGCABFAAAwAE0AAP8GoiXAqMwCwKjMAexzGS4AABl5AAAAAHAC//9LqwAAAgQF
tAEDAwTKmbtq3Y4LAD4AAAA+AAAAUlQAGgQGFhz5LCXrCABFAAAwAABAAEAGIXPAqMwBwKjMAhku
7HPvRPIGAAAZenAS+vAZeAAAAgQFtAEDAwrKmbtqUrALADYAAAA2AAAAFhz5LCXrUlQAGgQGCABF
AAAoAE4AAP8GoizAqMwCwKjMAexzGS4AABl670TyB1AQP/9WFwAAypm7atXbCwD4AAAA+AAAABYc
+Swl61JUABoEBggARQAA6gBPAAD/BqFpwKjMAsCozAHscxkuAAAZeu9E8gdQGD//WE4AABYDAQC9
AQAAuQMDeysy78IDg7QjPwpl+bYcxlgXaDqAcL1JU2Gb/6WKytsgIdGsJ2ds3IWAHObrswRpSW20
Oo3oYzUgdcHeA1mVjyIAAhMBAQAAbgALAAIBAAAzACYAJAAdACCPmfb3rjEdqYOcs3VFn+Ket8Y1
vIT9YGfcPNTAXDOWBAANABQAEgUDBAMIBwgGCAUIBAYBBQEEAQAFAAUBAAAAAAAKAAgABgAdABcA
GAArAAMCAwQAFwAAAC0AAgEBypm7aubbCwA2AAAANgAAAFJUABoEBhYc+Swl6wgARQAAKEpAQABA
Btc6wKjMAcCozAIZLuxz70TyBwAAGjxQEAA/GXAAAMqZu2oq3QsAcgMAAHIDAABSVAAaBAYWHPks
JesIAEUAA2RKQUAAQAbT/cCozAHAqMwCGS7sc+9E8gcAABo8UBgAPxysAAAWAwMAegIAAHYDAwlD
JYvU+20ogLRUF4sN5PfTN71p7Z8LTu7fC7OKRdpCICHRrCdnbNyFgBzm67MEaUlttDqN6GM1IHXB
3gNZlY8iEwEAAC4AMwAkAB0AIK+wM+Zjvo6neWiKyxlp1h7qPJ6sFrLuSRB0UGYna2tfACsAAgME
FAMDAAEBFwMDArKM0uSvztQzyrWfVWM75F/8vibgA0H1abssMhYEKagIphtGT4IMOz4/2EbLVjpT
cq6rQSAcWzFZjHSyIdcV1x9ZD9BuITT2WkT1OFhrY9i4uLVyPwxtYIi9/l80WfJXX9L7smYPvcym
aV7YGRKD51uGNORCQ9T7dvJc3w6oKgOlWn3ghnxJVHAkCUSa6licbxmjyb2NR6qmzb/S+y17yaku
pg1s/4lC6bDYQqeLvNHjVQZyDOFctvSpa113Q7/z996tHOAhUcYO+SwN1ruoV7vaaqmthUodc3TF
ybgCIBtLyTQWgPLhZFsyqC2mzS1+zLW6mlaFLg8n7fK/lKdQ+U4SswPwLT3I0oBG4dnaELpDAwaB
0evjbfoAL6X2Gt4kg8bGuNILCV5gV0dahr1xrjm0OWLwDRTIgGpBBViEzt3IYmJ3G5bDvcTczxk1
ep4//P5Q5Glz5laAp9rqZyIvNYUX5yvIbdk/run1YFXYcfFbeFyhQpn3+NuWVP1RizjAeWgN2/07
P9CYqWkJTXjC7S8hiHPwIqJyLBDBn4SZw4e0f4wujSicYq05F27PRrERnznugda04QOu/BNgblcN
SczxiPGLk9LbBF2UMtx9wZqj7E/7esB8FfuJtpPoWqaMLOo5LCvxBc5qmksMd4x33LtIWkCWaw01
T1Oa98l8vzCs5eixU0Pl0XmO79TMaqSP3e6wljxZzIQJLy6Xj9rWlo4JRiNb+PCBH+Emf5t42/o1
mU6q9dTJN5ATuicyNv6Wo3jy8ruidIVshywAPVV068MyT0EF9XkqWGuhxa1We6klp7k2cooGtOsp
oECWVYR5BHaUTe3u1i748P2IDlRVqInqBa/ZOMOqPEBGjES4/pMj3DDa8ym5NOUv2QTU1M63MNwA
pqUYKEwnqfW5+A4uWRczzwXKmbtqEfELADwAAAA8AAAAFhz5LCXrUlQAGgQGCABFAAAuAFAAAP8G
oiTAqMwCwKjMAexzGS4AABo870T1Q1AYP8w6OgAAFAMDAAEBypm7aguRDAA2AAAANgAAAFJUABoE
BhYc+Swl6wgARQAAKEpCQABABtc4wKjMAcCozAIZLuxz70T1QwAAGkJQEAA/GXAAAMqZu2q9kQwA
0QIAANECAAAWHPksJetSVAAaBAYIAEUAAsMAUQAA/wafjsCozALAqMwB7HMZLgAAGkLvRPVDUBg/
zCPvAAAXAwMCXeaCRUfGBM/w+Cq0P5w0frMTTvKLRUroEkKEToJWVZW1PiQT8HWQ9vsKKDbvgTHd
KVKhNEKU+qhqDVcyrISr2zPew4RlzA/kIowmjN9NkQ8e17XeIuxNW4EGX/41ZVkDgWXgBomS08Sl
OCHRjvzJBm1EDzWB5mX9pfUcgd4683JH7kBdxqMu8NZKDmUblgSDyoqsQJPi2QuYjWlQEhDUdZ69
EKW8183Hl4Wk4rKCH19x5A95Y2DbaN+czLtdK3KjboIV2avzI1YlLqV/2aTy8siu51UylBs02s3e
r9Yq9+aTsgr23AlshIpTZTa8u0E7npYjWmL+hhGxqY/4ZFbh5cpxUvR/G/IF1aS2BT0ggshBzZ8r
Gk+kTie4RFSgjkEdqGLAsgSfWwjXI+R+MVaqDJ+JaihsOrDOrv3yoIpbvUHiwmrprO0H2OH4EXd9
ggf96VJz0zzAaldRs7jMQqCyb/k4ObTSlxqQ7+jWidoJgZCDihzglrq2qSFzkH3VqpWjxiy3juRF
ino2dEzaFp0orfOrB7uVyVB/KVWYia9O7j0ec1uWnwPPCup5C4+IJOqRCZuwGuG6BBakxWSl8NJ/
Ty4K4aa3gknMTSaIYxHNMnmicgXZHCffCIgpYBEEOArAzbJ8Fqd6bHzVOP2Rp6M/AgQoB87MKgrH
D/NIZxIljNryfdpVp0W+fwuiHnqAutZNMgIN+eACzKlaBnvTn88sQZmkEWQgyac2dDYlb4U7XWZN
7QCtnFzfJixYyLsfQoy5OByG4tUK5o8/NHhVaUfRt/q6Ig7mM9degzD2x7L1FwMDADTVZob5CWsi
hBNz966nGfRs7e1WHSu5vKnJuGIsYFP0df1mmGuhuKlk6fSQQe8XicyuPQGAypm7atORDAA2AAAA
NgAAAFJUABoEBhYc+Swl6wgARQAAKEpDQABABtc3wKjMAcCozAIZLuxz70T1QwAAHN1QEAA/GXAA
AMqZu2p1kwwA7gAAAO4AAABSVAAaBAYWHPksJesIAEUAAOBKREAAQAbWfsCozAHAqMwCGS7sc+9E
9UMAABzdUBgAPxooAAAXAwMAszz8ZY4dDMMnoHbkm5xfmFpMBGLymlrIrR+4XAHTJgJPgc4DTtvT
ioBD/TjbkTM3NQvWHKhmxTa7/qDnsa3UgxlhGAjpp8OeVn960winK2zdrmwTuKtaT1hf49KjgsQf
tJu1/gpUZsetse4lEwEGQO+l17XxFpIZsedU5sB87iBeNpKFE7g7urNI3QJcrKsbJGCvyTL+tK/f
4Bwz2acy4rsGR8lzsWZyC/TdWJYq/rrZ6C6cypm7aosFDwA2AAAANgAAABYc+Swl61JUABoEBggA
RQAAKABSAAD/BqIowKjMAsCozAHscxkuAAAc3e9E9ftQED/ATv8AAMqZu2qtBQ8AiwAAAIsAAABS
VAAaBAYWHPksJesIAEUAAH1KRUAAQAbW4MCozAHAqMwCGS7sc+9E9fsAABzdUBgAPxnFAAAXAwMA
FptS96NaA1QVyOPJKWiH8cHCiLv4wqYXAwMANaDMAYGHKIFg7GhwCvwi66KBSA0Dz5Ms7ilj01HW
0j4KbMpY8HeNv9CSci9Z5dUNtUbBa0snypm7augsDwBRAAAAUQAAABYc+Swl61JUABoEBggARQAA
QwBTAAD/BqIMwKjMAsCozAHscxkuAAAc3e9E9lBQGD+7ZqQAABcDAwAWtF4GE0iW4+SpL6Y+pqBU
Vl2HLrQnKsuZu2rtigAANgAAADYAAABSVAAaBAYWHPksJesIAEUAAChKRkAAQAbXNMCozAHAqMwC
GS7sc+9E9lAAABz4UBAAPxlwAADLmbtq2YsAAG8AAABvAAAAFhz5LCXrUlQAGgQGCABFAABhAFQA
AP8Goe3AqMwCwKjMAexzGS4AABz470T2UFAYP7sDGwAAFwMDADTmyQsv7uhVhxtHRXeVIBSEZo9T
uBL1+aGETThp79a8zAY+vsZf0ZE4V6UJLnuhwUegK9AAy5m7avGLAAA2AAAANgAAAFJUABoEBhYc
+Swl6wgARQAAKEpHQABABtczwKjMAcCozAIZLuxz70T2UAAAHTFQEAA/GXAAAMuZu2pvjAAAUQAA
AFEAAABSVAAaBAYWHPksJesIAEUAAENKSEAAQAbXF8CozAHAqMwCGS7sc+9E9lAAAB0xUBgAPxmL
AAAXAwMAFirPUoq52fFt1ecQ6ICyMTk/zKt+1PbLmbtqRa4AAFEAAABRAAAAFhz5LCXrUlQAGgQG
CABFAABDAFUAAP8GogrAqMwCwKjMAexzGS4AAB0x70T2a1AYP7mC+gAAFwMDABaBHf5Bj7j9QuUB
gNRo+3U2p2UuTfuEy5m7al6uAABwAAAAcAAAAFJUABoEBhYc+Swl6wgARQAAYkpJQABABtb3wKjM
AcCozAIZLuxz70T2awAAHUxQGAA/GaoAABcDAwA1OXWMlF2vira3f+qM8K7PZrzpofusCiL03vso
Sx0u+oAC9ZZUB4J7UokQdbu8KoL3IEfm9vbLmbtqV7IAAFoAAABaAAAAMzMAAAAWFhz5LCXrht1g
AAAAACQAAf6AAAAAAAAAFBz5//4sJev/AgAAAAAAAAAAAAAAAAAWOgAFAgAAAQCPABi+AAAAAQQA
AAD/AgAAAAAAAAAAAAH/LCXry5m7anGyAABGAAAARgAAADMzAAAAAhYc+Swl64bdYAAAAAAQOv/+
gAAAAAAAABQc+f/+LCXr/wIAAAAAAAAAAAAAAAAAAoUAFMYAAAAAAQEWHPksJevLmbtqSsoAAG8A
AABvAAAAFhz5LCXrUlQAGgQGCABFAABhAFYAAP8GoevAqMwCwKjMAexzGS4AAB1M70T2pVAYP7Zd
5wAAFwMDADQinPzeyk6Xmy29Ba0tDnjLnOimyKW6s0AiQM28JtFccqyHhSEeKtA6OtXvGohtFS+T
N984y5m7au7KAABRAAAAUQAAAFJUABoEBhYc+Swl6wgARQAAQ0pKQABABtcVwKjMAcCozAIZLuxz
70T2pQAAHYVQGAA/GYsAABcDAwAWgK7mfpAZlPwUACM1qCVRdQDWQq887MuZu2o/8AAAUQAAAFEA
AAAWHPksJetSVAAaBAYIAEUAAEMAVwAA/waiCMCozALAqMwB7HMZLgAAHYXvRPbAUBg/tJNVAAAX
AwMAFqeptqCDhgn7MEksFV4HC01Qwoy/k4nLmbtqVvAAAHAAAABwAAAAUlQAGgQGFhz5LCXrCABF
AABiSktAAEAG1vXAqMwBwKjMAhku7HPvRPbAAAAdoFAYAD8ZqgAAFwMDADW3mnhE2CQd+anivwk7
zfygrXKn3LCLf7Yn/QtIs7nGQzdOAuxvpWz1DfGT3FI8zQBT2x0ZysuZu2qYFwEATgAAAE4AAAAW
HPksJetSVAAaBAYIAEUAAEAAWAAA/waiCsCozALAqMwB7HMZLgAAHaDvRPb6UBg/sHCgAAAXAwMA
E3zRMf10rOVljokHjec41pCE7ajLmbtqExgBAE4AAABOAAAAUlQAGgQGFhz5LCXrCABFAABASkxA
AEAG1xbAqMwBwKjMAhku7HPvRPb6AAAduFAYAD8ZiAAAFwMDABNOAsutqJxUVjaiqfLhOefrxBAA
y5m7aiYYAQA2AAAANgAAAFJUABoEBhYc+Swl6wgARQAAKEpNQABABtctwKjMAcCozAIZLuxz70T3
EgAAHbhQEQA/GXAAAMuZu2qvGAEANgAAADYAAAAWHPksJetSVAAaBAYIAEUAACgAWQAA/waiIcCo
zALAqMwB7HMZLgAAHbjvRPcTUBA/r00dAADLmbtqhxsBADYAAAA2AAAAFhz5LCXrUlQAGgQGCABF
AAAoAFoAAP8GoiDAqMwCwKjMAexzGS4AAB2470T3E1AU/z+NiAAAy5m7angiAQA+AAAAPgAAABYc
+Swl61JUABoEBggARQAAMABbAAD/BqIXwKjMAsCozAHsdBkwAAAZfAAAAABwAv//S6UAAAIEBbQB
AwMEy5m7ao4iAQA+AAAAPgAAAFJUABoEBhYc+Swl6wgARQAAMAAAQABABiFzwKjMAcCozAIZMOx0
Gy4LLwAAGX1wEvrwGXgAAAIEBbQBAwMKy5m7asBEAQA2AAAANgAAABYc+Swl61JUABoEBggARQAA
KABcAAD/BqIewKjMAsCozAHsdBkwAAAZfRsuCzBQED//EQAAAMuZu2rtXQEAWgAAAFoAAAAzMwAA
ABYWHPksJeuG3WAAAAAAJAAB/oAAAAAAAAAUHPn//iwl6/8CAAAAAAAAAAAAAAAAABY6AAUCAAAB
AI8AGL4AAAABBAAAAP8CAAAAAAAAAAAAAf8sJevLmbtqoXABAPgAAAD4AAAAFhz5LCXrUlQAGgQG
CABFAADqAF0AAP8GoVvAqMwCwKjMAex0GTAAABl9Gy4LMFAYP//PNQAAFgMBAL0BAAC5AwMybjJ4
+4zIMgBusOElk+b+w7P9TACDPzXI6iZaT0OROiCq7YEdb7Er3WfIzoHN3z8Hl5vzsJe+NfMceGRh
cK+lxAACEwEBAABuADMAJgAkAB0AIIBo2iAcI6/wBAJMXJcJOHvXnL/oAIoW/xG+N42vFwAUAAsA
AgEAACsAAwIDBAAKAAgABgAdABcAGAAFAAUBAAAAAAANABQAEgUDBAMIBwgGCAUIBAYBBQEEAQAX
AAAALQACAQHLmbtqu3ABADYAAAA2AAAAUlQAGgQGFhz5LCXrCABFAAAoY/VAAEAGvYXAqMwBwKjM
Ahkw7HQbLgswAAAaP1AQAD8ZcAAAy5m7akByAQByAwAAcgMAAFJUABoEBhYc+Swl6wgARQADZGP2
QABABrpIwKjMAcCozAIZMOx0Gy4LMAAAGj9QGAA/HKwAABYDAwB6AgAAdgMDLrSXsslOaGwsFaZ9
83oXCReXviP0ZhVYCGU5qrYYR5Ugqu2BHW+xK91nyM6Bzd8/B5eb87CXvjXzHHhkYXCvpcQTAQAA
LgAzACQAHQAg1CUdfvdDbhibTqTtRNrnFaJi3MFNxu9Pk7DYkyz9DzIAKwACAwQUAwMAAQEXAwMC
suT1cYFdRwo1vih/fxz7m1MY8I8DuZsAL/nch3lgt47Tpecs8sgf/gCHXkQnZQuJT2TMgqTFgVOl
ECJbUiLAFKkeSQUFhkyehSwrE7tTa0gWwXqwhhvhFHa0TAOTOp5x9aFFwsfP+zDM7rzev7mUbD+4
V9yn59OmP2lD7kozBpvxZfcC4qPuySr44TSHPV+C8nZEYJc1a20cbAHmiRaN8XklSnm3cSEq40rH
Lnp0dHyMX9OS2ZDQiselEQPFtusYXC/C6OXI7pQhnD5oBsx77TNZa2PGsk2v1KISp1Fqm6iKj3rx
nvLcw1uiJl4k1wybInCef+NrE3x6hcy5G9VuFTdVaO1tVAdsZStna52OY/QFsMwfx4zXhBPMFY0f
uRCqcimkPSbno2tf6FVW7/xrYsLbBgwN3gpj9fbbuL4K++TUGgsn72BNQoemmv5IxCjqoRn9jt31
rjZ517P3PapihbGx9pQDIQvFTMvnufGntS6rT/n0ouVtCzBi+fzyy+UktxNRGNBiH8f49Wc6KBrQ
fUillXRi74acaCbdTOwmn7X7yViW7vVI7DcSbJB4tkUQEC3MBgTyRkwUYznwN61VbO0hwjB2/rwG
UGmWC4/8EfdCrcm68NPf0o9ZgvxO4KtUckwZQo5MMhtI623IAB1E1Z+5ri/VRhwYproaGqcMpRNY
5AjWPxl+yLNdav27Cf6UTdxY02bO/tq78temFs1kw2ODXEMeToQEqS38qK95GeSCclAYiYBQd6aW
dbWtZ/XwwN6Tl4ccpWXiGZIll0MEdUf3XbfDFoRXBSVQQJVGJzYTbrt5yD9aymKDMIKfs5Ccw8PE
GT8HhCyTPHLFNhL/oX4dP8tbYTGhqTUBzL8u2bQUxGKH/wceq189xDjFCau/87HKIOGAP/PuNh2x
15QBCdXUHcuZu2orhgEAPAAAADwAAAAWHPksJetSVAAaBAYIAEUAAC4AXgAA/waiFsCozALAqMwB
7HQZMAAAGj8bLg5sUBg/zPUiAAAUAwMAAQHLmbtqGSUCADYAAAA2AAAAUlQAGgQGFhz5LCXrCABF
AAAoY/dAAEAGvYPAqMwBwKjMAhkw7HQbLg5sAAAaRVAQAD8ZcAAAy5m7arolAgCYAgAAmAIAABYc
+Swl61JUABoEBggARQACigBfAAD/Bp+5wKjMAsCozAHsdBkwAAAaRRsuDmxQGD/MjA8AABcDAwJd
/WsChaqukK0GxsGS0Ji96oDLldWEVsZa6fHDQCeilb1BuSSQUgB95oNEinmKg7vhpTIWk+eo5Ow8
08bNKPAs5FCFKWUOIOBM2Wr9lY81O+ZZ+Q9Ii3jc+PqdNTEo/36tscl8P5GS0ynASnSivYhECPzv
Csfuz9JsfuBzOx2sDGt9XaAPJ3xEMGVI9aR/EYhlkViIqaRumusAMSc0cNrLfBOa89X3MddIA3lY
yHxEj2DmrbB1LsfnZPBconTA15h9MSRTNS+fFqJrifCP27WjqL1JRqgXdxx3nYvgvZXpocdEgM90
BjmMJeqCokw1i299A0aST9lHwoBeqD10SxMqp3kLrvKlVMiOoCc4QUnzWU9V8EIOnlxrKb2+qvFQ
7CjKaCCYlqHbs4B5KwyKg41zti4mGcmtnz7sU6xWJzv8pD/dPIpdRMU3kvdaoWJaZOg3UNopPc2e
c/pBHZOCBSgPlcXrRoNpfUSjJkCdK0uCLPIwgV8Fk7RWi9M/FpyHzQgL9g+l8KpIJXMW7+LKfeb4
9+bgk3+YnGoZ8JmL+a4KdcS+W52pSPlojdVw6CErCEWgJU30Tf4OsjZerBaaa+MkqQFTVCrJb60e
jojKkWJfSv1ys6glZ6KQRsl3/ykRTwnkJfR/b/azSaC/ZgSmIPwYwlyjnjDUanM+vH7o3uJ89X73
GLTOaDOf+LQa6UZM+5FbonlM35uRDv8HPVa+PA8ApIzu9yE9ueqyk/Ox4Q9FScZF5pGDtt+M0Dmg
8jEI4D9ZUcRHPf+6PLK09GtlDe75tWxTl9SrZZuOjrOIZM/Lmbtq0yUCADYAAAA2AAAAUlQAGgQG
Fhz5LCXrCABFAAAoY/hAAEAGvYLAqMwBwKjMAhkw7HQbLg5sAAAcp1AQAD8ZcAAAy5m7auMmAgCW
AQAAlgEAAFJUABoEBhYc+Swl6wgARQABiGP5QABABrwhwKjMAcCozAIZMOx0Gy4ObAAAHKdQGAA/
GtAAABcDAwBelS2IeuehUu1ejNIJ6PlXHtbGqt6mfmhOqGAR0eWVD9FqYb7tKh4nG56yhNn5Xh16
Rio6VY3BScXrdK4mLFsLxzlioLThcQzImVPN3ND/UIcTtcF2IWMo6CrV2XOpKBcDAwA2kFF3G/JQ
ghXWZRKYdZe7z9/HS4umJODP0CGNJjsuLMHdes8kCyuxp4eCY7bgkUInmilgAAP3FwMDAIPB+jve
7+bcp41AoT9zAIG0MZ2aFAoET81voG9ais97rYaVz8OqX98Ki/7jYDzqSY+y5ByTV9t+BwYEa4vu
6cytlV75TFD4TMx1t1n39CsRXquuwLzHL13+tDb6LRJxlxfMd5b5X/5v8PWZCEEQv4sFKnC/NPUw
9+lAj9/fErFeRIJhIBcDAwA12tAXRODxs2sWoRyKVRl6tZcqAsMEHAarrebpsNCsVR09l/zBTuoJ
U0gLUELBKNUbih/57wzLmbtqBngCAGwAAABsAAAAFhz5LCXrUlQAGgQGCABFAABeAGAAAP8GoeTA
qMwCwKjMAex0GTAAABynGy4PzFAYP7YD8gAAFwMDADExKoWvXIJ+Q6W45T20sLuEnWJMSMgJFCd/
JL5d6moP4vb0As+D63IBlyqlSQ3HqVbiy5m7am54AgCIAAAAiAAAAFJUABoEBhYc+Swl6wgARQAA
emP6QABABr0uwKjMAcCozAIZMOx0Gy4PzAAAHN1QGAA/GcIAABcDAwAWp6luP7iSF+SQx+/vmlRq
Lua2OxfTDBcDAwAyqF7Vy8raflH/rax5f1ip10NSLZ9CTxW6zEELcV4/oF+GKAXpKllnykjgC5Ld
z06P0yDLmbtq2KgCAHUAAAB1AAAAFhz5LCXrUlQAGgQGCABFAABnAGEAAP8GodrAqMwCwKjMAex0
GTAAABzdGy4QHlAYP7GPmwAAFwMDADqqEBp0WK8+ZVnQM5YUrZFzDoOYBBZxxRPMJkY9YDXV94QD
Snj7mvYNGdSBkpWeopdT7EJGGr0pWlJby5m7ajKpAgB2AAAAdgAAAFJUABoEBhYc+Swl6wgARQAA
aGP7QABABr0/wKjMAcCozAIZMOx0Gy4QHgAAHRxQGAA/GbAAABcDAwA7l6uBb+54jwXTHxJRdLet
SAfH1r6TPzbldWlC0jZx5roBhShJJjAfi/dOBWUbr0E4Cb/ikl8FXA2LI2DLmbtqJ9QCAE4AAABO
AAAAFhz5LCXrUlQAGgQGCABFAABAAGIAAP8GogDAqMwCwKjMAex0GTAAAB0cGy4QXlAYP60h3wAA
FwMDABP+/4Y7kUik+iDRCsUF/ygln3/Oy5m7anrUAgBOAAAATgAAAFJUABoEBhYc+Swl6wgARQAA
QGP8QABABr1mwKjMAcCozAIZMOx0Gy4QXgAAHTRQGAA/GYgAABcDAwATjfHk2HIP7ytqgu1kinmC
UIBI7suZu2qV1AIANgAAADYAAABSVAAaBAYWHPksJesIAEUAAChj/UAAQAa9fcCozAHAqMwCGTDs
dBsuEHYAAB00UBEAPxlwAADLmbtq+dQCADYAAAA2AAAAFhz5LCXrUlQAGgQGCABFAAAoAGMAAP8G
ohfAqMwCwKjMAex0GTAAAB00Gy4Qd1AQP6sIVgAAy5m7agPYAgA2AAAANgAAABYc+Swl61JUABoE
BggARQAAKABkAAD/BqIWwKjMAsCozAHsdBkwAAAdNBsuEHdQFP8/SL0AAMuZu2rj4AIAPgAAAD4A
AAAWHPksJetSVAAaBAYIAEUAADAAZQAA/waiDcCozALAqMwB7HUZMQAAGX8AAAAAcAL//0ugAAAC
BAW0AQMDBMuZu2r44AIAPgAAAD4AAABSVAAaBAYWHPksJesIAEUAADAAAEAAQAYhc8CozAHAqMwC
GTHsdXk6MnAAABmAcBL68Bl4AAACBAW0AQMDCsuZu2qTAwMANgAAADYAAAAWHPksJetSVAAaBAYI
AEUAACgAZgAA/waiFMCozALAqMwB7HUZMQAAGYB5OjJxUBA//4utAADLmbtqXTADAPgAAAD4AAAA
Fhz5LCXrUlQAGgQGCABFAADqAGcAAP8GoVHAqMwCwKjMAex1GTEAABmAeToycVAYP/8evwAAFgMB
AL0BAAC5AwNyXlBjI0HV6v4D4+ANV+0izD28ZQzZz9zNLcIpIh8EnyAYpRiKaFffD5HXa+YwhK8A
f68poTOnvY/M5/G5pEDUsgACEwEBAABuABcAAAAFAAUBAAAAAAAtAAIBAQAKAAgABgAdABcAGAAr
AAMCAwQAMwAmACQAHQAgjsd9U1X97c+J3AeVHbgs8k/Bt7f/7iGONaWRxo0eOhoADQAUABIFAwQD
CAcIBggFCAQGAQUBBAEACwACAQDLmbtqcjADADYAAAA2AAAAUlQAGgQGFhz5LCXrCABFAAAocBtA
AEAGsV/AqMwBwKjMAhkx7HV5OjJxAAAaQlAQAD8ZcAAAy5m7at4xAwByAwAAcgMAAFJUABoEBhYc
+Swl6wgARQADZHAcQABABq4iwKjMAcCozAIZMex1eToycQAAGkJQGAA/HKwAABYDAwB6AgAAdgMD
ysWJnIz3wiZCR2FuWDBMfWz8zMjqktJT1z73VaWv3QIgGKUYimhX3w+R12vmMISvAH+vKaEzp72P
zOfxuaRA1LITAQAALgAzACQAHQAgWElkuwgpQYTg6biV5YfRUh8NYZOkJMdJifs3ETA/DHkAKwAC
AwQUAwMAAQEXAwMCsvxjPWaA32+PPq38A1S9Fc43I9NRFpIskCNVGcxruqib2e44lrWunWwMMvSs
Zd2mW0cOCHFiGMjWAXiADkL2jf3GQzFJNEkvlv7dhO8tl/5Mjv/L737fQOEVa85wGbn+cUN23PxQ
tgmsvjWHKSWs+f7wcKe0JgnCp1GwkZzR4mZyOy6Z12s2xXa7/BBVQgXLOfFFGsiRnuE8tV7x+CRf
LGCqaCtyAKTX7PHDdli1L+Clxyt1iE/ycxtGFxMU+0dz69XVf6YOJDW+xyCFfQUFh/qqI3hiVrkj
oZ3l/rvitPnKc2s0pHiuxYShJTg4XeMD2u/coNLg9vRKjRp58wvHliQo1ep+FNT2i1zQQ+2Dpy9m
9uE+cADcYNctkF6XsBySpP/PhFwTvzQSBgfNkQNQGoER8o7QhtLzHIEb34PrD9fiHaOweBZXjvYG
RleAoRekWaff0qKonGlCIAw4kIWc7b5pRbdqcZDGKcrbF83CIkFUadv6lX0tmM2qGVN1XrJUSm36
bLCibyXFoL/T2e/Ohxm08dpdolHJFPZcJrKjKyWlTs+YwdhoAQtNAEmaYNG26ZNbNnWjVHSfysex
sey6aSVvNwtqUUa+FABX5G5uHsvdzL9hCxW4A6IIN7S5DCmIyi0K4Po5pz1A0cwt2KA/ZywG/GlI
yKFU66/EqSv/Bcxk3UcSV98qyEidcEv3ZjGY+uUq7wDbPkxWdtinjMBdrsMmTavhRnBC2LnYhEHG
iSVk7AA8hQqCNNr67PiOQSUSqsjOVLhWYL8dyXwqaHj4fakvDSLEwbAa+aDUvMlweAWC11H9K/Nl
rTSxz8HK36ikZrhdYDSbshCXhIuVJEqVetvitOuMUAdVJYJ1o2pdkgnm8zq0yObgflcX24I3PRHB
YyB5jTVw9oGWSuGkLjiaJ2ZpDMuZu2oGRgMAPAAAADwAAAAWHPksJetSVAAaBAYIAEUAAC4AaAAA
/waiDMCozALAqMwB7HUZMQAAGkJ5OjWtUBg/zG/QAAAUAwMAAQHLmbtqYeIDADYAAAA2AAAAUlQA
GgQGFhz5LCXrCABFAAAocB1AAEAGsV3AqMwBwKjMAhkx7HV5OjWtAAAaSFAQAD8ZcAAAy5m7ag7j
AwCXAgAAlwIAABYc+Swl61JUABoEBggARQACiQBpAAD/Bp+wwKjMAsCozAHsdRkxAAAaSHk6Na1Q
GD/MMrIAABcDAwJcQk3sPp+9tLW2AWX/kZTUuJixfZYnfklryOPMsQnLB6s04d1lSW5iezoL9W5b
ZWzzCFPXWGhXM8lyFTUOmF2pOIa/cIERrQqVGaIaQVVlh/RNYdToIQ61I9E72XOmU1KjTEqetT+m
8E6eWtheT82QM9x8C/NBlHq2HaXpj6JJTcmWv2IEcbVPn0qNlorCneNqrP7qDnITf1XsuMgWxKT3
G4Qje5NTyqZs4cG4dR0CcH8p7OyXk5ftuvqgUMNBHoVkprA9qmCFzi9h3GOrCmyg1+mrgGBlNQKq
qdzWOgje/sNf/cdHzxout6dQcHD+SeXO7BqdL8TBf16AN2cbyLiTeo2u8CUrhpcphwnK9GO3H71s
zs+HctpdZmxGePCTLrUOoJS7W0hsKYuRQD1u53X4RwF0RR7xbeNSIAn8Uif1eCo54JZ2ZNcmCC06
+oKuKNBFabVDccqAoSnU1hCIpexCryeGBAg9GMFt7qWyqpDDNpYHqCYVEGCVSUn7l/DOTu88/GPz
gDACMNSVeqqBzq1H9ugCWzRAGx47oEuqVlzZWUDZg58TxaAxKtM3mKxeg4EhnBZJque+b/3HV4gp
gl0JcO4HRrCWyals7OYtATvknsGcJDSh6JiUIKsyJZYE70U7nYL77y4gmga3/G+a+y/oot//Zzzk
OD9nR9i/aLLJui8XQK1YqyPDm1IVup7lvbe9ewvaOrEwNJMcEpw53XY7gj/GsucLvCiyv05cyOHn
d0qoNR8MoE6KjiBbJU5nJPhEkgeZY6MZqPicgD3rWBmOlOsak4yE/UXPl6uFrsuZu2op4wMANgAA
ADYAAABSVAAaBAYWHPksJesIAEUAAChwHkAAQAaxXMCozAHAqMwCGTHsdXk6Na0AABypUBAAPxlw
AADLmbtq4uQDAOUAAADlAAAAUlQAGgQGFhz5LCXrCABFAADXcB9AAEAGsKzAqMwBwKjMAhkx7HV5
OjWtAAAcqVAYAD8aHwAAFwMDAErxieGHvuCCs0zvKaYpKQqjE6GBwYMrk+Mb3HUFkya+FUqRzTzn
xxAuAe94fCwVLgE2rMBVsdc9ZIbIQsbVmtC2Mgypciy25xDRcxcDAwAYys4JfdRw+lu3/J4iIC2d
NvTUNXxGl52oFwMDAD5LovatG/tGafnkS8N5tujfBNxzNl07RN+6Ozc300PWile1Nxms2mNsXWWD
lOplwfdDxR+qPl3FqnlPT7XgL8uZu2qSCQQATgAAAE4AAAAWHPksJetSVAAaBAYIAEUAAEAAagAA
/wah+MCozALAqMwB7HUZMQAAHKl5OjZcUBg/wWzaAAAXAwMAEwvfix3nNAg2aFYcHeGKAH6HBmbL
mbtqqQkEADYAAAA2AAAAFhz5LCXrUlQAGgQGCABFAAAoAGsAAP8Gog/AqMwCwKjMAex1GTEAABzB
eTo2XFAU/z/FPAAAy5m7ai8oBAA+AAAAPgAAABYc+Swl61JUABoEBggARQAAMABsAAD/BqIGwKjM
AsCozAHsdhksAAAZgwAAAABwAv//S6AAAAIEBbQBAwMEy5m7alEoBAA+AAAAPgAAAFJUABoEBhYc
+Swl6wgARQAAMAAAQABABiFzwKjMAcCozAIZLOx2H2R8rAAAGYRwEvrwGXgAAAIEBbQBAwMKy5m7
asRJBAA2AAAANgAAABYc+Swl61JUABoEBggARQAAKABtAAD/BqINwKjMAsCozAHsdhksAAAZhB9k
fK1QED//m0cAAMuZu2qOdQQA+AAAAPgAAAAWHPksJetSVAAaBAYIAEUAAOoAbgAA/wahSsCozALA
qMwB7HYZLAAAGYQfZHytUBg//3Y5AAAWAwEAvQEAALkDA0cx++e/6zjroSe4DjbjwRzytre/gUUK
Y03v15CTO4sBIFrCF04EqQ4cROJGv+c9oAL7Zp+bOSlaVnV5FvFH+6iJAAITAQEAAG4ACwACAQAA
BQAFAQAAAAAALQACAQEACgAIAAYAHQAXABgADQAUABIFAwQDCAcIBggFCAQGAQUBBAEAFwAAADMA
JgAkAB0AIHsvlwkAQvLrwQLphtUtPW/lWrDRLl/ND9WdVrsIT5l9ACsAAwIDBMuZu2qidQQANgAA
ADYAAABSVAAaBAYWHPksJesIAEUAACgUU0AAQAYNKMCozAHAqMwCGSzsdh9kfK0AABpGUBAAPxlw
AADLmbtqrXYEAHEDAABxAwAAUlQAGgQGFhz5LCXrCABFAANjFFRAAEAGCezAqMwBwKjMAhks7HYf
ZHytAAAaRlAYAD8cqwAAFgMDAHoCAAB2AwN835/DKLgQKx5YJuFAjSgHZbXFjoLt1VL5nkvYyc5P
VCBawhdOBKkOHETiRr/nPaAC+2afmzkpWlZ1eRbxR/uoiRMBAAAuADMAJAAdACDw8ZkSgjvo71Kr
5DiJv22NmBVy3hUnDPc+BvnwJfcRUwArAAIDBBQDAwABARcDAwKxlV8nqKYQHGA9V911LJ1oaz9p
80VWwUiWKwJIepFL3ylLTJ7nGBKY5YXyrpr3IgCLEZ3ezqkn+z59zfrR6o+yhAYBxp1rMZSwZZzV
6Z1OBq54CtkWSGUccQpmJW2aMOOw/tJWfin3GF1iUi+bPY5DdrbOH2VQVpWC85fNSFpN3XGiFoiz
eGpL6NW4dwxljUCHdN1/Y/qKQCroSi1cWXSLv8VdZMAA8XdG9pbh8X+SXQk0KUS1VSq/OWLsm/QC
vDM8yLc91YShtI/9+Up6NCoZu6djKkpVYBr0Vrb9bxztI/e3pFnC2NhlJjIse7/YdeBq/Iua3Va3
27aNyjmWxSDKCP7dT+jDpkpV+t6U+1BNlauN9CqtjUFhY6Te1I2Z8sR96uY3VvklcsCa73kmcq2S
lCd+p2hlL9zfmfd7Wa9Nt2T2y7rpl6ApFJxoF+B3p+i0onuVPOnrtcQS1dUjGKhGemECQaRN41Ne
zHbKS56k7IdSHFh4XmwT9qZuCF37fDZGNuaMjMkxlgQNAXTtdjq6uGaqtgs3zqUhClQ1x6tA6+75
FoB7+wic/d6ovDupVR4kB+1UMtGzFI+wQHwC4ucoinl1TuEoU+18dgDxBlRDCIGks2p3IY5OLhsx
LOlM4NTUhsr335T6O06a5gwbF951vUHO4rU19C8lEVtLY4nyQoT9JGiuPvwkO+5cG7OTyyY0jGIw
mvSGR5qtOgTcK+3qj6YvYbvWMiza5ULzu/wUdZ/HjI3nK6G2TNWD5denLprGtof8cwn30kiXji8y
r9xmVhMNPr8HoISj8LjCVWqewCjkWSgngg3SKlqf7yMH6N/Htb/79gUgWwl7AyINRFmidTGyokJd
ZauiSMYaKn47jYHU3VIpA+nsCDkizFeKYOAe7Svjk7WWhoT+FE9+iN/cwXLLmbtqIosEADwAAAA8
AAAAFhz5LCXrUlQAGgQGCABFAAAuAG8AAP8GogXAqMwCwKjMAex2GSwAABpGH2R/6FAYP8x/awAA
FAMDAAEBy5m7aqTGBAA2AAAANgAAABYc+Swl61JUABoEBggARQAAKABwAAD/BqIKwKjMAsCozAHs
dhksAAAaTB9kf+hQET/Ml3YAAMuZu2ryxgQANgAAADYAAABSVAAaBAYWHPksJesIAEUAACgUVUAA
QAYNJsCozAHAqMwCGSzsdh9kf+gAABpNUBEAPxlwAADLmbtqhO0EAD4AAAA+AAAAFhz5LCXrUlQA
GgQGCABFAAAwAHEAAP8GogHAqMwCwKjMAex3GTIAABmHAAAAAHAC//9LlQAAAgQFtAEDAwTLmbtq
oO0EAD4AAAA+AAAAUlQAGgQGFhz5LCXrCABFAAAwAABAAEAGIXPAqMwBwKjMAhky7HecKlslAAAZ
iHAS+vAZeAAAAgQFtAEDAwrLmbtqGPQEADYAAAA2AAAAFhz5LCXrUlQAGgQGCABFAAAoAHIAAP8G
ogjAqMwCwKjMAex2GSwAABpNH2R/6VAQP8yXdQAAy5m7ajP0BAA2AAAANgAAABYc+Swl61JUABoE
BggARQAAKABzAAD/BqIHwKjMAsCozAHsdxkyAAAZiJwqWyZQED//P/0AAMuZu2poFQUA+AAAAPgA
AAAWHPksJetSVAAaBAYIAEUAAOoAdAAA/wahRMCozALAqMwB7HcZMgAAGYicKlsmUBg//05DAAAW
AwEAvQEAALkDA+jzJE8EkwxOuE6WlInRMpWgVazH0a4K9hK0KSHHfiCRIJ2s+3rLj05YRVHPy8Og
TCVhsh6fewU8KE5dvIfmQeaCAAITAQEAAG4ABQAFAQAAAAAAFwAAAA0AFAASBQMEAwgHCAYIBQgE
BgEFAQQBACsAAwIDBAAzACYAJAAdACAOgkd/GuiP+mWL8zS3abqhUH3/3auFYROXCN+D44AubgAL
AAIBAAAtAAIBAQAKAAgABgAdABcAGMuZu2p/FQUANgAAADYAAABSVAAaBAYWHPksJesIAEUAAChK
QUAAQAbXOcCozAHAqMwCGTLsd5wqWyYAABpKUBAAPxlwAADLmbtq1RYFAHMDAABzAwAAUlQAGgQG
Fhz5LCXrCABFAANlSkJAAEAG0/vAqMwBwKjMAhky7HecKlsmAAAaSlAYAD8crQAAFgMDAHoCAAB2
AwMWtmRLPlXmvAmqYwUSAFBVEhDVQWuxMiot5FaCuMxTkCCdrPt6y49OWEVRz8vDoEwlYbIen3sF
PChOXbyH5kHmghMBAAAuADMAJAAdACAD/htRTq0FVZ8t76365b8gNrQw8FLFdQagD9LEOyltHAAr
AAIDBBQDAwABARcDAwKzJO08pMlupO5Xr9EXz5KcLWIhwVvaZwlsK/bp8cRX5X9kG2X7vnWCI4Nh
R0iU6HVDglbxfEs5QNm4jx5ZO/9Uxpgy2AdRSmNJEl4xgXDw4IkBt8e2Av0rodjMYBLPMzNYnPUJ
fETiqUjIgqx0MR4fg97iXQdscdPkFYYpF4iJdPLnnMv02De8ouNHHzdw+9Z5xMhTRgiJ2hQSTr5G
ZxfvXpWNf+HqWFgnn1xm3SsnuJSXDrf36eBrr8nEStb5putIdSdIm18DvmWrqnsgDiNvdkaDydRB
iYf8+XWefmqaUW9M17OTNp0RHTy0/U1wCAPZMpNWsjbXWpvoomXkztnf4Y5lyG777TKXT/PluNG9
Cw2Nr0UX0EsAxqNVwuzNElh2sB4DoGBkEWj32yrG1xUlp50l1qOH5Mc2ns+CwAERxK6dCt5VAuEc
gNz9QDrcEDFvGRyPCozS1JwGK8PXEVTed+Sy8SpJSJl3FqywH7YApzld0zGJSSR+wXL8gDuX01Tw
Dl9nYGnCMACRcfff65/vqYgAek7P8eAGwrfr9/1fCDRGM0iJYQtJx29bJQNhbvRDPXsL0LXhor0w
i36LufDt8tdj3YDGf9kIF7jUp/WH+uw1eL2ESOJudSozP1Wx0cQmqqYfcze4YjLxMDw+/lwiPyMn
CaHxXpSj3PR6B7HurtYJ3/TFqVEbvR8AS+nJuZ6kIisgFsN1kk7wI1NvVHV6MK6U5O37OtuvwuD3
aB5Dv9RhsmaoQpvD2DYLmziw5T4X+FfJqbYYp2I0OhMHfyad/1OKuuDsSsJ2ADAy4Joc9u4OdajB
tPR6KC2o72NeYAs6G1aEAiBpyqnMMEOkaDOYzHW/z190ZIl2/OV1YQRefExGnNyYibIgR3MRmqVF
25K39p4wynrRrZnmBFv4mSOwFk41TcuZu2rsKgUAPAAAADwAAAAWHPksJetSVAAaBAYIAEUAAC4A
dQAA/wah/8CozALAqMwB7HcZMgAAGkqcKl5jUBg/zCQfAAAUAwMAAQHLmbtqq8oFADYAAAA2AAAA
UlQAGgQGFhz5LCXrCABFAAAoSkNAAEAG1zfAqMwBwKjMAhky7HecKl5jAAAaUFAQAD8ZcAAAy5m7
alTLBQDSAgAA0gIAABYc+Swl61JUABoEBggARQACxAB2AAD/Bp9owKjMAsCozAHsdxkyAAAaUJwq
XmNQGD/MiZIAABcDAwJcAL9Ddn22T7HX3Lwb7xleGZPwJycQITYGQn40c4paAqEL5Ef/EpJBHdrG
NgkxUVJqVYLe4ohmGi900ghLhrJNDOdIfwNNjxvB8/wIlH8/RrwBihPRkpipNs/+PFuA/Vah3Wbg
6bG7E0whACaLg5XjgNh7m2F8adG302k9kTZnx7ok1NGinD7n9prSbGtqOiweF3vr6ng66far5YSD
C5BjLrq8QV308/Vxfy4T7VQh/Yb4ZK4pexmnPtJu4Q6UzG1OislnXYpdwzj0W7EIZ7bJhS/euaO9
HOEtnT+Smv4NdMC0fsJTPYiQWyYTWuYZ3szvHwgWAwNA/6a3tY6LJ0R0kKyNkgG7CSUW93p1C4PC
11gzzAxSZ3yNyWc3CJEo0cRyK3SGKHaetkatG0ZLmC6Rn38YTz+OXJVOebPJq0TRp6s8j8PjYBuq
EX2hgsgMFgsvX8WStH6hB0coiWoCkmriYY+V+S2TXt1dQqYL59LZCy2G8RL8OFhaSIcLu1d6jvDA
h5EvHs7vax0jR0CWpD+O1Q5wJlsF9KT9u4UDvLb7So/d6j6aUlQGEJwhTxj75EKdKWl7F1HHxMUN
lq2wx7yooYUtM5g7gr1tFFEm/2TXaEBEUtCfpea0nuLLNRiyNtwyU1HDAu0ihtJKU4Lmp1m6rapZ
ZkA7gGyNqJWrY+x+3tYWWEMRTLXj8NGqt8dKD32LRYSIlWbEvJtPNptk6nNbrkDcfmo5lbCcSxde
UF7Tn9yFptf0dSJlmOvZrR7jy4yupfMXjr6gNNlCNONHXib49WQIpY52mmaDWGp9TRcDAwA2AfvW
xHiiqcguH3Qpy06hr2rQkupdU69s3QSvNzzc4ZCDf7F1vs7EKUW4cAtLNbbWDBgjPRGfy5m7amvL
BQA2AAAANgAAAFJUABoEBhYc+Swl6wgARQAAKEpEQABABtc2wKjMAcCozAIZMux3nCpeYwAAHOxQ
EAA/GXAAAMuZu2r+zAUA7gAAAO4AAABSVAAaBAYWHPksJesIAEUAAOBKRUAAQAbWfcCozAHAqMwC
GTLsd5wqXmMAABzsUBgAPxooAAAXAwMAsxbVyTorDQhqCJyDxn8yt6rtylHA4KSlfG1MzaXcIj9c
53v4sqa1QClXNqntJtZxiRxP0tOYyYh7CBPHJGhPuWMw/ncDQLbZHo30S7lYyC//aGpkdxRAgHUj
Mzskl0E8BYCXf5QjQ4DXdk3Qfpmud6DwVLh6JT45xY5+g9BxIjBmnZ09DTWv9nDQXUFaIjOErcKP
F0qD39iCYC3WyLqB4OcaVjQpIgxR1jOABFsqnk6L+XQ9y5m7amCHBwA2AAAANgAAABYc+Swl61JU
ABoEBggARQAAKAB3AAD/BqIDwKjMAsCozAHsdxkyAAAc7JwqXxtQED/AOOMAAMuZu2pzhwcAcgAA
AHIAAABSVAAaBAYWHPksJesIAEUAAGRKRkAAQAbW+MCozAHAqMwCGTLsd5wqXxsAABzsUBgAPxms
AAAXAwMAN/2GfTz3D2d05OdVzp9/h4O84C1snkb7O5E0pTByAxF+IPm46bpMLCsqKDNLNKgm0BRT
4vigm3rLmbtqA/MKAHIAAAByAAAAUlQAGgQGFhz5LCXrCABFAABkSkdAAEAG1vfAqMwBwKjMAhky
7HecKl8bAAAc7FAYAD8ZrAAAFwMDADf9hn089w9ndOTnVc6ff4eDvOAtbJ5G+zuRNKUwcgMRfiD5
uOm6TCwrKigzSzSoJtAUU+L4oJt6y5m7avTzCgA2AAAANgAAABYc+Swl61JUABoEBggARQAAKAB4
AAD/BqICwKjMAsCozAHsdxkyAAAc7JwqX1dQED+8OKsAAM+Zu2oAHQQARgAAAEYAAAAzMwAAAAIW
HPksJeuG3WAAAAAAEDr//oAAAAAAAAAUHPn//iwl6/8CAAAAAAAAAAAAAAAAAAKFABTGAAAAAAEB
Fhz5LCXr05m7asS7BwB1AAAAdQAAABYc+Swl61JUABoEBggARQAAZwB5AAD/BqHCwKjMAsCozAHs
dxkyAAAc7JwqX1dQGD+8RioAABcDAwA6gqqLAF0ZHPONv3+1QSV4EBvBSTbdcqqci4dcs9zoF3ok
UpY3Im74SN5RCYcJBNAYCEPYGOBLq2ccUdOZu2pEvAcAdgAAAHYAAABSVAAaBAYWHPksJesIAEUA
AGhKSEAAQAbW8sCozAHAqMwCGTLsd5wqX1cAAB0rUBgAPxmwAAAXAwMAO+xAzbZSgAQcAswQ801o
ZqfzoUh41VUTI5cZBvXFJOgwxhIIbsd/iRdZghNR4N2kfDHJ41tV6+r8S+ky05m7aoMPCABOAAAA
TgAAABYc+Swl61JUABoEBggARQAAQAB6AAD/BqHowKjMAsCozAHsdxkyAAAdK5wqX5dQGD+4fo0A
ABcDAwATr6BxKBcxrCwk3Xqty+RjKxvKsdOZu2rKDwgATgAAAE4AAABSVAAaBAYWHPksJesIAEUA
AEBKSUAAQAbXGcCozAHAqMwCGTLsd5wqX5cAAB1DUBgAPxmIAAAXAwMAEz7e93s0eIgIiUKwlWhQ
SAiyhYzTmbtq3Q8IADYAAAA2AAAAUlQAGgQGFhz5LCXrCABFAAAoSkpAAEAG1zDAqMwBwKjMAhky
7HecKl+vAAAdQ1ARAD8ZcAAA05m7amwQCAA2AAAANgAAABYc+Swl61JUABoEBggARQAAKAB7AAD/
BqH/wKjMAsCozAHsdxkyAAAdQ5wqX7BQED+3OAAAANOZu2p8EwgANgAAADYAAAAWHPksJetSVAAa
BAYIAEUAACgAfAAA/wah/sCozALAqMwB7HcZMgAAHUOcKl+wUBT/P3hzAADTmbtqCycIAD4AAAA+
AAAAFhz5LCXrUlQAGgQGCABFAAAwAH0AAP8GofXAqMwCwKjMAex4GSsAABmbAAAAAHAC//9LhwAA
AgQFtAEDAwTTmbtqIScIAD4AAAA+AAAAUlQAGgQGFhz5LCXrCABFAAAwAABAAEAGIXPAqMwBwKjM
Ahkr7HgfFpp5AAAZnHAS+vAZeAAAAgQFtAEDAwrTmbtqnicIADYAAAA2AAAAFhz5LCXrUlQAGgQG
CABFAAAoAH4AAP8GofzAqMwCwKjMAex4GSsAABmcHxaaelAQP/99rwAA05m7anFtCAA2AAAANgAA
ABYc+Swl61JUABoEBggARQAAKAB/AAD/BqH7wKjMAsCozAHseBkrAAAZnB8WmnpQET//fa4AANOZ
u2rbbQgANgAAADYAAABSVAAaBAYWHPksJesIAEUAAChyc0AAQAavB8CozAHAqMwCGSvseB8WmnoA
ABmdUBEAPxlwAADTmbtqhLsIAD4AAAA+AAAAFhz5LCXrUlQAGgQGCABFAAAwAIAAAP8GofLAqMwC
wKjMAex5GSsAABmvAAAAAHAC//9LcgAAAgQFtAEDAwTTmbtqorsIAD4AAAA+AAAAUlQAGgQGFhz5
LCXrCABFAAAwAABAAEAGIXPAqMwBwKjMAhkr7Hnl4lXHAAAZsHAS+vAZeAAAAgQFtAEDAwrTmbtq
QeEIADYAAAA2AAAAFhz5LCXrUlQAGgQGCABFAAAoAIEAAP8GofnAqMwCwKjMAex4GSsAABmdHxaa
e1AQP/99rQAA05m7alXhCAA2AAAANgAAABYc+Swl61JUABoEBggARQAAKACCAAD/BqH4wKjMAsCo
zAHseRkrAAAZsOXiVchQED//+38AANOZu2o8EAkANgAAADYAAAAWHPksJetSVAAaBAYIAEUAACgA
gwAA/wah98CozALAqMwB7HkZKwAAGbDl4lXIUBE///t+AADTmbtqmxAJADYAAAA2AAAAUlQAGgQG
Fhz5LCXrCABFAAAoN05AAEAG6izAqMwBwKjMAhkr7Hnl4lXIAAAZsVARAD8ZcAAA05m7ag1ECQA2
AAAANgAAABYc+Swl61JUABoEBggARQAAKACEAAD/BqH2wKjMAsCozAHseRkrAAAZseXiVclQED//
+30AAA==
----- END tap.pcap base64 -----

===== run verdict =====
IGKM-F: VERDICT A pass-through=PASS
IGKM-F: VERDICT B deny=PASS
IGKM-F: VERDICT D server-first=PASS
IGKM-F: VERDICT S1 inbound-allowed=PASS
IGKM-F: VERDICT S2 inbound-denied=PASS
IGKM-F: VERDICT N1 nb-epoll-LT-client-first=PASS
IGKM-F: VERDICT N2 nb-epoll-LT-server-first=PASS
IGKM-F: VERDICT N3 nb-epoll-ET-1byte-bulk=PASS
IGKM-F: VERDICT N4 nb-poll-1byte-server-first=PASS
IGKM-F: VERDICT K keyupdate=PASS
IGKM-F: VERDICT R1 raw-nst-keyupdate-not-requested=PASS
IGKM-F: VERDICT R2 raw-unexpected-message=PASS
IGKM-F: VERDICT N5 nb-deny=PASS
IGKM-F: VERDICT E client-first=PASS
IGKM-F: VERDICT E after-relay-kill=PASS
IGKM-F: VERDICT F agent-down=PASS
IGKM-F: VERDICT N6 nb-agent-down=PASS
RELAY[c1] custody: host->guest total 436 bytes; client SVID key occurrences PKCS#8 DER=0 PEM=0 private scalar=0; guest-server SVID key occurrences PKCS#8 DER=0 PEM=0 private scalar=0; application traffic secrets sent (changed vs Spike B: expected 1 each when ALLOW) = []
RELAY[c2] custody: host->guest total 1038 bytes; client SVID key occurrences PKCS#8 DER=0 PEM=0 private scalar=0; guest-server SVID key occurrences PKCS#8 DER=0 PEM=0 private scalar=0; application traffic secrets sent (changed vs Spike B: expected 1 each when ALLOW) = [1,1]
RELAY[c3] custody: host->guest total 1046 bytes; client SVID key occurrences PKCS#8 DER=0 PEM=0 private scalar=0; guest-server SVID key occurrences PKCS#8 DER=0 PEM=0 private scalar=0; application traffic secrets sent (changed vs Spike B: expected 1 each when ALLOW) = [1,1]
RELAY[c4] custody: host->guest total 1067 bytes; client SVID key occurrences PKCS#8 DER=0 PEM=0 private scalar=0; guest-server SVID key occurrences PKCS#8 DER=0 PEM=0 private scalar=0; application traffic secrets sent (changed vs Spike B: expected 1 each when ALLOW) = []
RELAY[c5] custody: host->guest total 1037 bytes; client SVID key occurrences PKCS#8 DER=0 PEM=0 private scalar=0; guest-server SVID key occurrences PKCS#8 DER=0 PEM=0 private scalar=0; application traffic secrets sent (changed vs Spike B: expected 1 each when ALLOW) = [1,1]
RELAY[c6] custody: host->guest total 1039 bytes; client SVID key occurrences PKCS#8 DER=0 PEM=0 private scalar=0; guest-server SVID key occurrences PKCS#8 DER=0 PEM=0 private scalar=0; application traffic secrets sent (changed vs Spike B: expected 1 each when ALLOW) = [1,1]
RELAY[c7] custody: host->guest total 1039 bytes; client SVID key occurrences PKCS#8 DER=0 PEM=0 private scalar=0; guest-server SVID key occurrences PKCS#8 DER=0 PEM=0 private scalar=0; application traffic secrets sent (changed vs Spike B: expected 1 each when ALLOW) = [1,1]
RELAY[c8] custody: host->guest total 1037 bytes; client SVID key occurrences PKCS#8 DER=0 PEM=0 private scalar=0; guest-server SVID key occurrences PKCS#8 DER=0 PEM=0 private scalar=0; application traffic secrets sent (changed vs Spike B: expected 1 each when ALLOW) = [1,1]
RELAY[c9] custody: host->guest total 1039 bytes; client SVID key occurrences PKCS#8 DER=0 PEM=0 private scalar=0; guest-server SVID key occurrences PKCS#8 DER=0 PEM=0 private scalar=0; application traffic secrets sent (changed vs Spike B: expected 1 each when ALLOW) = [1,1]
RELAY[c10] custody: host->guest total 1039 bytes; client SVID key occurrences PKCS#8 DER=0 PEM=0 private scalar=0; guest-server SVID key occurrences PKCS#8 DER=0 PEM=0 private scalar=0; application traffic secrets sent (changed vs Spike B: expected 1 each when ALLOW) = [1,1]
RELAY[c11] custody: host->guest total 1038 bytes; client SVID key occurrences PKCS#8 DER=0 PEM=0 private scalar=0; guest-server SVID key occurrences PKCS#8 DER=0 PEM=0 private scalar=0; application traffic secrets sent (changed vs Spike B: expected 1 each when ALLOW) = [1,1]
RELAY[c12] custody: host->guest total 436 bytes; client SVID key occurrences PKCS#8 DER=0 PEM=0 private scalar=0; guest-server SVID key occurrences PKCS#8 DER=0 PEM=0 private scalar=0; application traffic secrets sent (changed vs Spike B: expected 1 each when ALLOW) = []
RELAY[c13] custody: host->guest total 1038 bytes; client SVID key occurrences PKCS#8 DER=0 PEM=0 private scalar=0; guest-server SVID key occurrences PKCS#8 DER=0 PEM=0 private scalar=0; application traffic secrets sent (changed vs Spike B: expected 1 each when ALLOW) = [1,1]

===== cleanup =====
deleting tap igkf29105816

===== post-run host state (must match pre-run) =====
links added:   
links removed: 
firecracker processes before: [] after: []
tap igkf29105816 present: no
192.168.204.x on host: 0
listeners on 5001/6443-6451: []
igkmf processes left: []
run dir present: no
