candidate,kind,variant,population,eligible_active,payload,target_per_s,measured_windows,private_vm_cohorts,initial_all_peer_burst,application_GiB_per_s_median,application_GiB_per_s_min,application_GiB_per_s_max,delivered_datagrams_per_s_median,delivered_datagrams_per_s_min,delivered_datagrams_per_s_max,vm_mean_busy_cores_median,vm_mean_busy_cores_min,vm_mean_busy_cores_max,vm_core_seconds_per_delivered_GiB_median,vm_core_seconds_per_delivered_GiB_min,vm_core_seconds_per_delivered_GiB_max,vm_cpu_us_per_delivered_datagram_median,vm_cpu_us_per_delivered_datagram_min,vm_cpu_us_per_delivered_datagram_max,p50_us_median,p50_us_min,p50_us_max,p95_us_median,p95_us_min,p95_us_max,p99_us_median,p99_us_min,p99_us_max,loss_host_guest_median,loss_host_guest_min,loss_host_guest_max,loss_guest_host_median,loss_guest_host_min,loss_guest_host_max,participating_peers_median,participating_peers_min,participating_peers_max,maximum_inflight_datagrams_median,maximum_inflight_datagrams_min,maximum_inflight_datagrams_max,maximum_inflight_peers_median,maximum_inflight_peers_min,maximum_inflight_peers_max,actual_offered_per_s_median,actual_offered_per_s_min,actual_offered_per_s_max,actual_sent_per_s_median,actual_sent_per_s_min,actual_sent_per_s_max,sent_per_total_measured_s_median,sent_per_total_measured_s_min,sent_per_total_measured_s_max,offered_per_total_measured_s_median,offered_per_total_measured_s_min,offered_per_total_measured_s_max,qemu_cpu_seconds_approx_median,qemu_cpu_seconds_approx_min,qemu_cpu_seconds_approx_max,actor_user_cpu_s_median,actor_user_cpu_s_min,actor_user_cpu_s_max,actor_system_cpu_s_median,actor_system_cpu_s_min,actor_system_cpu_s_max
aya-duplex-stream-seqpacket-v1,udp-open,aya,1,1,0,0,3,3,False,0.0,0.0,0.0,19000.63153341976,18680.09918393356,20468.339111443987,1.219962938745884,1.1999612552510033,1.2333094165860237,,,,64.90886444573093,58.62523816503005,65.30816173584098,,,,,,,,,,7864.0,3305.0,13317.0,1.0,0.0,1.0,1.0,1.0,1.0,26777.0,21934.0,36721.0,1.0,1.0,1.0,35885.0,31807.0,44021.0,35885.0,31807.0,44021.0,11961.30329423389,10602.127733338286,14673.19289372345,11961.30329423389,10602.127733338286,14673.19289372345,6.264350903390245,6.184256212279937,6.47479915468006,0.219729,0.19192700000000001,0.265085,1.6161720000000002,1.6152760000000002,1.702421
aya-duplex-stream-seqpacket-v1,udp-open,aya,1,1,0,1000,3,3,False,0.0,0.0,0.0,1999.729944469919,1999.6166514921258,1999.7939652273503,0.9998649722349595,0.9998083257460628,1.4298526851375555,,,,500.0,500.0,715.0,,,,,,,,,,0.0,0.0,0.0,0.0,0.0,0.0,1.0,1.0,1.0,3.0,3.0,5.0,1.0,1.0,1.0,1000.0,1000.0,1000.0,1000.0,1000.0,1000.0,999.8649722349595,999.8083257460629,999.8969826136752,999.8649722349595,999.8083257460629,999.8969826136752,1.0690963481827076,1.0432344386751833,1.2751026560426517,0.308908,0.10847799999999999,0.312757,0.636856,0.630578,0.812495
aya-duplex-stream-seqpacket-v1,udp-open,aya,1,1,0,10000,3,3,False,0.0,0.0,0.0,17292.917496714097,15604.757898173437,17370.323112154634,1.236443601015058,1.2246077794069017,1.2795901476502216,,,,71.5,70.5,82.0,,,,,,,,,,0.0,0.0,0.0,0.0,0.0,0.0,1.0,1.0,1.0,1822.0,1361.0,2043.0,1.0,1.0,1.0,10000.0,10000.0,10000.0,10000.0,10000.0,10000.0,8646.458748357049,7802.378949086718,8685.161556077317,8646.458748357049,7802.378949086718,8685.161556077317,2.1717377059280683,2.141022438948335,2.4218399227110954,0.116449,0.097498,0.13615,0.586548,0.568787,0.59371
aya-duplex-stream-seqpacket-v1,udp-open,aya,1,1,1431,0,3,3,False,0.0204875591289199,0.020111572473977095,0.02203365987192625,15372.710767571145,15090.591552562095,16532.817708090635,1.1925670679080385,1.1666447166352047,1.2099138009011685,56.94405611200351,54.12478339231895,60.16007959928089,75.8906307595568,72.13332227841804,80.17669795692987,1264385.954,946718.838,1273574.499,2126558.434,1824702.917,2142241.29,2211718.454,1898577.908,2217241.875,7573.0,0.0,7594.0,1.0,0.0,1.0,1.0,1.0,1.0,24163.0,15749.0,24426.0,1.0,1.0,1.0,30232.0,24122.0,30633.0,30232.0,24122.0,30633.0,10076.615434943285,8266.408854045318,10210.807887053206,10076.615434943285,8266.408854045318,10210.807887053206,6.193412173500619,5.92747344234877,6.210300324133428,0.453046,0.415657,0.47606,1.385016,1.362085,1.461688
aya-duplex-stream-seqpacket-v1,udp-open,aya,1,1,1431,1000,3,3,False,0.0026652463411937517,0.002665185699417947,0.002665310906198247,1999.8507811339657,1999.8052789599876,1999.8992270778465,0.9999253905669829,0.9999026394799938,0.9999496135389233,375.1718462613557,375.1718462613557,375.1718462613557,500.0,500.0,500.0,178.889,152.149,200.241,245.149,218.098,261.634,1152.705,1052.694,2160.761,0.0,0.0,0.0,0.0,0.0,0.0,1.0,1.0,1.0,3.0,3.0,6.0,1.0,1.0,1.0,1000.0,1000.0,1000.0,1000.0,1000.0,1000.0,999.9253905669829,999.9026394799938,999.9496135389232,999.9253905669829,999.9026394799938,999.9496135389232,1.1671165233228535,1.1001861998444298,1.3635870916415556,0.334503,0.281084,0.346862,0.580988,0.575067,0.647196
aya-duplex-stream-seqpacket-v1,udp-open,aya,1,1,1431,10000,3,3,False,0.018947532552361233,0.01887748943890936,0.0200875576612139,14217.161539533003,14164.605131149738,15072.572189278117,1.1982694890476104,1.0876128577742747,1.2606498566723268,59.65232355555556,57.401292477987425,66.78058863452131,79.5,76.5,89.0,210843.332,158404.403,239718.736,389055.947,308688.006,395200.061,404382.236,322646.869,407363.563,0.0,0.0,0.0,0.0,0.0,0.0,1.0,1.0,1.0,3027.0,2391.0,3166.0,1.0,1.0,1.0,10000.0,10000.0,10000.0,10000.0,10000.0,10000.0,7108.580769766501,7082.302565574869,7536.286094639058,7108.580769766501,7082.302565574869,7536.286094639058,2.6851362401510883,2.5002015392804466,2.7467298539690503,0.236658,0.1987,0.237244,0.588254,0.582086,0.639472
aya-duplex-stream-seqpacket-v1,udp-open,aya,1,1,59000,0,3,3,False,0.06025389458908,0.06007475304755492,0.06029384774201002,1096.5614691386863,1093.3012697225624,1097.2885771268495,1.0266247926946221,1.0066371446835787,1.0598983197145966,17.027024002306568,16.756409200496073,17.590536295502552,935.6014580801944,920.7317073170732,966.565349544073,1369007.676,1353600.755,1374024.824,2625361.255,2609407.651,2639811.897,2736098.027,2721386.672,2751312.799,6063.0,6035.0,7229.0,0.0,0.0,0.0,1.0,1.0,1.0,7157.0,7130.0,8324.0,1.0,1.0,1.0,7703.0,7680.0,8875.0,7703.0,7680.0,8875.0,2567.5913660588103,2559.7544325182707,2958.212673754796,2567.5913660588103,2559.7544325182707,2958.212673754796,4.211484187650157,4.080154299096037,4.346265384794947,0.915198,0.910839,1.904739,1.82137,0.803782,1.856677
aya-duplex-stream-seqpacket-v1,udp-open,aya,1,1,59000,1000,3,3,False,0.06026213005925547,0.06024864922864329,0.06144151115659304,1096.7113465754271,1096.4660087508414,1118.1749196372298,1.0199415523151474,1.008748728050774,1.1349475434317882,16.92508298847458,16.74309284881356,18.47199917559322,930.0,920.0,1014.9999999999999,413511.843,391549.749,413741.138,783820.804,749513.816,784294.006,816020.441,781502.375,816774.024,0.0,0.0,0.0,0.0,0.0,0.0,1.0,1.0,1.0,452.0,440.0,453.0,1.0,1.0,1.0,1000.0,1000.0,1000.0,1000.0,1000.0,1000.0,548.3556732877136,548.2330043754207,559.0874598186149,548.3556732877136,548.2330043754207,559.0874598186149,2.624705940083004,2.5562110022567097,2.645671547382541,0.570254,0.54712,0.604116,1.076611,1.025629,1.087115
aya-duplex-stream-seqpacket-v1,udp-open,aya,1,1,59000,10000,3,3,False,0.06007295181292022,0.06001087323040849,0.060257702189205634,1093.2684890282892,1092.1387200381623,1096.63076370655,1.0232726406453805,1.0098200554518253,1.0366327280022403,17.03383319388177,16.82728480844923,17.203323232394002,935.9756097560976,924.6261824839793,945.2887537993921,1364729.289,1359822.957,1405188.233,2616788.586,2612064.348,2666612.099,2728334.746,2721624.29,2778831.924,5863.0,5727.0,6543.0,0.0,0.0,1.0,1.0,1.0,1.0,6957.0,6821.0,7640.0,1.0,1.0,1.0,7503.0,7366.0,8188.0,7503.0,7366.0,8188.0,2500.8516686522116,2454.8958839795864,2729.2439797049337,2500.8516686522116,2454.8958839795864,2729.2439797049337,4.354110975788487,4.104459691218942,4.359271432748443,1.3443100000000001,1.328188,1.363417,1.368072,1.352021,1.3822
aya-duplex-stream-seqpacket-v1,udp-open,aya,1,1,64,0,3,3,False,0.0010925914323538443,0.0010305725336176158,0.001310543444141111,18330.642460349834,17290.13800017,21987.270439739354,1.2366050157236077,1.1572617864392154,1.283261632372886,1174.5118938085282,883.0396211684905,1199.9204086904556,70.00636421492862,52.63326294234338,71.52082971873614,1051700.441,1042666.268,1122067.735,2084202.516,1763116.315,2095870.652,2143686.756,1827111.12,2165419.094,4877.0,0.0,5703.0,1.0,0.0,1.0,1.0,1.0,1.0,22457.0,21713.0,23434.0,1.0,1.0,1.0,31640.0,31254.0,32375.0,31640.0,31254.0,32375.0,10791.063726771996,10546.140888812655,10993.635219869677,10791.063726771996,10546.140888812655,10993.635219869677,6.216057659610698,5.796113646859986,6.45607557582569,0.297615,0.214355,0.32188,1.552609,1.515616,1.619698
aya-duplex-stream-seqpacket-v1,udp-open,aya,1,1,64,1000,3,3,False,0.00011918636488779964,0.00011917719048547309,0.00011920057551190904,1999.6153879774304,1999.4614670479268,1999.8538026876085,1.4596068709449865,1.0098057709286024,1.7198742703113432,12247.36768,8472.49408,14428.40576,730.0,505.0,860.0,180.281,139.821,195.675,272.47,154.051,286.11,1514.007,168.012,1576.682,0.0,0.0,0.0,0.0,0.0,0.0,1.0,1.0,1.0,3.0,2.0,6.0,1.0,1.0,1.0,1000.0,1000.0,1000.0,1000.0,1000.0,1000.0,999.8076939887152,999.7307335239634,999.9269013438043,999.8076939887152,999.7307335239634,999.9269013438043,1.2232629303626297,1.1313500771225335,1.3209671797122624,0.278611,0.265649,0.310243,0.637334,0.637321,0.641058
aya-duplex-stream-seqpacket-v1,udp-open,aya,1,1,64,10000,3,3,False,0.0010680174371973672,0.0009713945573128877,0.001145097959591292,17918.359235626664,16297.296309262696,19211.555809222376,1.1915708891691732,1.1911164601717872,1.214148575040071,1115.684864,1040.187392,1249.902592,66.5,62.0,74.5,84004.512,67156.192,143327.828,106780.49,101453.866,220948.085,114072.682,103584.141,227183.927,0.0,0.0,0.0,0.0,0.0,0.0,1.0,1.0,1.0,1047.0,960.0,1972.0,1.0,1.0,1.0,10000.0,10000.0,10000.0,10000.0,10000.0,10000.0,8959.179617813332,8148.648154631348,9605.777904611188,8959.179617813332,8148.648154631348,9605.777904611188,2.2971455996708556,1.8547561888845294,2.4627301726133624,0.097611,0.09497,0.11358,0.589766,0.57327,0.603307
aya-duplex-stream-seqpacket-v1,udp-open,aya,1024,1024,1431,0,3,3,True,0.08966056060491188,0.08340580363566932,0.090272086966409,67276.23611794594,62583.0186778123,67735.09106610666,3.193638388462488,3.118755083611909,3.2253554040633055,35.72926596084444,35.61921057503995,37.39254281674641,47.61720038016176,47.470527079777945,49.83388704318937,25252.935,23602.051,26474.173,39854.755,39720.683,43058.144,48814.055,46166.841,57264.559,0.0,0.0,0.0,0.0,0.0,0.0,1024.0,1024.0,1024.0,1157.0,1108.0,1178.0,1024.0,1024.0,1024.0,33986.0,31705.333333333332,34371.333333333336,33986.0,31705.333333333332,34371.333333333336,33638.11805897297,31291.50933890615,33867.54553305333,33638.11805897297,31291.50933890615,33867.54553305333,5.255741015119497,5.254076752077594,5.429923027876555,0.76271,0.741379,0.779282,1.580249,1.552221,1.604907
aya-duplex-stream-seqpacket-v1,udp-open,aya,1024,1024,1431,10000,3,3,True,0.026610605164825957,0.026584899592327786,0.026625138725621438,19967.09973963944,19947.811725452757,19978.004905312227,3.3636368864381794,3.3551437850164296,3.391806354597888,126.3331215322962,126.08295693520256,127.58394451776448,168.36700673468027,168.03360672134426,170.03400680136028,211.528,192.89,232.79,53884.093,50572.851,54889.306,61604.049,56454.01,74827.565,0.0,0.0,0.0,0.0,0.0,0.0,1024.0,1024.0,1024.0,1024.0,1024.0,1024.0,1024.0,1024.0,1024.0,9998.0,9998.0,9998.0,9998.0,9998.0,9998.0,9983.54986981972,9973.905862726378,9989.002452656114,9983.54986981972,9973.905862726378,9989.002452656114,4.866739825951072,4.835806385498159,5.558003029270367,1.389439,1.347659,1.392034,2.728802,2.6505849999999995,2.743289
aya-duplex-stream-seqpacket-v1,udp-open,aya,1024,1024,64,0,3,3,True,0.0034113821396078384,0.003389957617767273,0.0034620020304982394,57233.49501474286,56874.051184126976,58082.75585810755,2.8976085195015813,2.8465891400869126,2.914928952005352,841.9778285299981,834.4386596378638,854.762462018635,50.1857893782853,49.73641989456796,50.947812915959055,36687.068,36120.897,36874.861,48733.713,47908.873,50667.453,56559.558,53916.191,56735.474,0.0,0.0,0.0,0.0,0.0,0.0,1024.0,1024.0,1024.0,1425.0,1329.0,1467.0,1024.0,1024.0,1024.0,29086.666666666668,29049.333333333332,29424.0,29086.666666666668,29049.333333333332,29424.0,28616.74750737143,28437.025592063488,29041.377929053775,28616.74750737143,28437.025592063488,29041.377929053775,5.344059149421895,5.2025423250179585,5.448976477712421,0.323366,0.282922,0.331858,1.6242420000000002,1.6062720000000001,1.670026
aya-duplex-stream-seqpacket-v1,udp-open,aya,1024,1024,64,10000,3,3,True,0.0011914031720766725,0.0011906381606717074,0.0011917699361837794,19988.428361015503,19975.59359943194,19994.581641661483,3.092780698783244,3.0325115489853247,3.1101561015318784,2595.9144404428434,2544.5444266666664,2612.175725811829,154.72855808990263,151.66666666666666,155.69780622791225,860.735,858.442,916.258,48064.497,47147.517,49161.438,57783.881,53118.421,61255.434,0.0,0.0,0.0,0.0,0.0,0.0,1024.0,1024.0,1024.0,1024.0,1024.0,1024.0,1024.0,1024.0,1024.0,9998.0,9996.0,10000.0,9998.0,9996.0,10000.0,9994.214180507752,9987.79679971597,9997.290820830742,9994.214180507752,9987.79679971597,9997.290820830742,4.659612771899788,4.597255459419387,5.013780507514269,1.118055,1.085758,1.207784,2.4681010000000003,2.447866,2.47889
aya-duplex-stream-seqpacket-v1,udp-open,aya,1024,64,1431,0,3,3,False,0.14519727466441945,0.14498873857442923,0.14580313155326352,108947.85921593482,108791.3854761473,109402.46011105042,3.9248152428078655,3.9136427449083566,3.9259437510804904,27.03868760728566,26.84196630906147,27.0697937053441,36.03507016415315,35.77289524326749,36.076525964166414,19121.51,16838.935,20140.984,51526.997,45343.003,54830.127,65506.46,60836.714,71810.005,0.0,0.0,0.0,0.0,0.0,0.0,64.0,64.0,64.0,3267.0,2494.0,3474.0,64.0,64.0,64.0,55964.0,54883.333333333336,56467.333333333336,55964.0,54883.333333333336,56467.333333333336,54473.92960796741,54395.69273807365,54701.23005552521,54473.92960796741,54395.69273807365,54701.23005552521,5.359268748828953,5.261510869815737,5.385419869689599,1.082573,1.081123,1.096274,1.9189950000000002,1.8293080000000002,1.948334
aya-duplex-stream-seqpacket-v1,udp-open,aya,1024,64,1431,10000,3,3,False,0.026653822735432566,0.0266538031542342,0.026653946406823763,19999.527771150268,19999.51307852158,19999.6205671986,3.9665730079448034,3.96657009390678,3.979924492872521,148.81816568367108,148.81816568367108,149.31839481201956,198.33333333333334,198.33333333333334,199.0,77.617,77.517,82.054,149.895,107.352,151.468,2839.512,2797.119,3603.902,0.0,0.0,0.0,0.0,0.0,0.0,64.0,64.0,64.0,48.0,32.0,56.0,45.0,32.0,54.0,10000.0,10000.0,10000.0,10000.0,10000.0,10000.0,9999.763885575134,9999.75653926079,9999.8102835993,9999.763885575134,9999.75653926079,9999.8102835993,5.237768573439297,5.196792306436009,5.2397534038044284,1.7100170000000001,1.689483,1.7409080000000001,3.592312,3.5726489999999997,3.637044
aya-duplex-stream-seqpacket-v1,udp-open,aya,1024,64,64,0,3,3,False,0.007125639929486051,0.006952374538381269,0.007356836167608255,119548.40023521225,116641.48934332284,123427.2294605759,3.763215240282026,3.7444998170338177,3.7960269952905445,528.1231268380205,515.9863436954383,538.5929363215313,31.478591372848786,30.755182724919223,32.102640647979456,37674.684,31444.05,62484.974,135732.28,98906.273,141198.976,174809.776,144105.799,236148.025,0.0,0.0,0.0,0.0,0.0,0.0,64.0,64.0,64.0,7861.0,5968.0,9425.0,64.0,64.0,64.0,62794.0,60742.666666666664,66438.66666666667,62794.0,60742.666666666664,66438.66666666667,59774.200117606124,58320.74467166142,61713.61473028795,59774.200117606124,58320.74467166142,61713.61473028795,5.733381377427776,5.456796469122622,5.763934187962235,0.455819,0.4427,0.484749,2.1678870000000003,2.1115839999999997,2.27739
aya-duplex-stream-seqpacket-v1,udp-open,aya,1024,64,64,10000,3,3,False,0.0011920652817129168,0.0011920564551366833,0.0011920701206108017,19999.536717398456,19999.388632022445,19999.61790063347,3.9798783377724662,3.9599243443254273,3.9799078067622924,3338.6659839999998,3321.8887680000003,3338.6659839999998,199.0,198.0,199.0,70.036,70.016,70.906,91.889,81.142,133.371,2242.064,837.73,2879.002,0.0,0.0,0.0,0.0,0.0,0.0,64.0,64.0,64.0,28.0,28.0,32.0,28.0,28.0,32.0,10000.0,10000.0,10000.0,10000.0,10000.0,10000.0,9999.768358699228,9999.694316011222,9999.808950316736,9999.768358699228,9999.694316011222,9999.808950316736,5.279835139775372,5.2574895542891795,5.414849988940091,1.8293180000000002,1.7895500000000002,1.8336459999999999,3.5329029999999997,3.50421,3.53545
aya-duplex-stream-seqpacket-v1,udp-open,aya,16384,16384,0,0,3,3,True,0.0,0.0,0.0,54486.543404883414,53842.71460805888,54593.20750205084,3.0163646449494146,3.0119166290145967,3.058663551581574,,,,56.021778747722,55.27817403708987,56.02644892162954,,,,,,,,,,0.0,0.0,0.0,0.0,0.0,0.0,16384.0,16384.0,16384.0,16446.0,16445.0,16446.0,16384.0,16384.0,16384.0,27382.8125,27128.2958984375,27507.32421875,27382.8125,27128.2958984375,27507.32421875,27243.271702441707,26921.35730402944,27296.60375102542,27243.271702441707,26921.35730402944,27296.60375102542,12.593219339713755,12.517958734926594,12.612961138964465,0.610325,0.583691,0.642764,3.232269,3.1927689999999997,3.271481
aya-duplex-stream-seqpacket-v1,udp-open,aya,16384,16384,0,10000,3,3,True,0.0,0.0,0.0,19984.10127698078,19983.928505009375,19998.586733173997,3.477057157465001,3.473400987987717,3.4848611525397803,,,,173.99267399267399,173.80821583348592,174.25537109375,,,,,,,,,,0.0,0.0,0.0,0.0,0.0,0.0,16384.0,16384.0,16384.0,16384.0,16384.0,16384.0,16384.0,16384.0,16384.0,9999.3896484375,9997.55859375,10000.0,9999.3896484375,9997.55859375,10000.0,9992.05063849039,9991.964252504687,9999.293366586999,9992.05063849039,9991.964252504687,9999.293366586999,12.207766335989618,11.971272123353117,12.29531760742583,2.849316,2.77945,2.8968230000000004,6.2259899999999995,6.18851,6.231523000000001
aya-duplex-stream-seqpacket-v1,udp-open,aya,16384,16384,0,100000,3,3,True,0.0,0.0,0.0,53930.926471948434,53232.511874920056,54386.507548903115,3.0249232638875827,3.003436646541189,3.025447288455403,,,,56.0888429287593,55.628637042652336,56.421095694269255,,,,,,,,,,0.0,0.0,0.0,0.0,0.0,0.0,16384.0,16384.0,16384.0,16438.0,16438.0,16439.0,16384.0,16384.0,16384.0,27150.2685546875,26855.16357421875,27374.8779296875,27150.2685546875,26855.16357421875,27374.8779296875,26965.463235974217,26616.255937460028,27193.253774451558,26965.463235974217,26616.255937460028,27193.253774451558,12.57048336569062,12.568231177696816,12.706528046866367,0.615765,0.5932139999999999,0.615997,3.2274809999999996,3.2184729999999995,3.237397
aya-duplex-stream-seqpacket-v1,udp-open,aya,16384,16384,1431,0,3,3,True,0.09085236056542119,0.09007672942941826,0.09414860648766919,68170.49570106292,67588.50577043887,70643.8130378254,3.5344431099122846,3.5226641426096577,3.634059492202295,38.90315108947768,38.59918513693832,39.10737173655849,51.847108834462766,51.44200653858365,52.119278307086965,24104.767,22172.22,24490.838,365701.238,363101.457,389321.687,389445.162,388410.356,411241.046,0.0,0.0,0.0,0.0,0.0,0.0,16384.0,16384.0,16384.0,16445.0,16444.0,16445.0,16384.0,16384.0,16384.0,34315.7958984375,34048.76708984375,35564.88037109375,34315.7958984375,34048.76708984375,35564.88037109375,34085.24785053146,33794.25288521944,35321.9065189127,34085.24785053146,33794.25288521944,35321.9065189127,12.588096613708217,12.58674362906629,12.600200555177253,1.70187,1.684404,1.760824,3.340344,3.296382,3.3966770000000004
aya-duplex-stream-seqpacket-v1,udp-open,aya,16384,16384,1431,10000,3,3,True,0.026653356839782157,0.026653289395936242,0.02665403671428381,19999.17818928761,19999.127583223228,19999.68832883163,3.9488023517899866,3.9428096497879745,3.982380300448659,148.15440950384345,147.92542278127183,149.41383647798742,197.44873046875,197.1435546875,199.127197265625,12752.147,10538.476,15922.447,391340.254,373833.644,392180.458,401332.268,390930.507,412087.439,0.0,0.0,0.0,0.0,0.0,0.0,16384.0,16384.0,16384.0,16384.0,16384.0,16384.0,16384.0,16384.0,16384.0,10000.0,10000.0,10000.0,10000.0,10000.0,10000.0,9999.589094643805,9999.563791611614,9999.844164415816,9999.589094643805,9999.563791611614,9999.844164415816,12.580149048300314,12.494219167405163,12.813621149485016,3.798577,3.7232979999999998,3.832076,7.26451,7.171555,7.274615000000001
aya-duplex-stream-seqpacket-v1,udp-open,aya,16384,16384,1431,100000,3,3,True,0.1003274112627862,0.09536008237693379,0.108934795362644,75280.04022816366,71552.83632997844,81738.53659661223,3.7428533683916614,3.647319234573513,3.9228765065720306,37.30638836666539,36.01123491821665,38.24786161736524,49.71906706010752,47.9929867833555,50.97378974263524,21849.214,20028.114,22231.71,362268.023,340182.052,372808.502,392915.064,367872.825,402317.88,0.0,0.0,0.0,0.0,0.0,0.0,16384.0,16384.0,16384.0,16441.0,16438.0,16444.0,16384.0,16384.0,16384.0,37748.71826171875,36071.1669921875,41077.57568359375,37748.71826171875,36071.1669921875,41077.57568359375,37640.02011408183,35776.41816498922,40869.26829830612,37640.02011408183,35776.41816498922,40869.26829830612,12.63593234431437,12.530125479127037,12.749675749793937,1.847441,1.7646410000000001,1.9424899999999998,3.5009599999999996,3.3333999999999997,3.598076
aya-duplex-stream-seqpacket-v1,udp-open,aya,16384,16384,59000,0,3,3,True,0.8829394701933724,0.8746658221241721,0.885271716406478,16068.627749271614,15918.055512509629,16111.072330676312,3.993447013985096,3.992906663843833,3.994007028153173,4.5222881054001896,4.510984525966127,4.56632341990169,248.49083108698127,247.8697216436281,250.91048495303815,1455640.963,1448844.447,1473021.673,1555085.436,1546787.972,1568410.644,1567941.388,1558626.263,1585952.387,0.0,0.0,0.0,0.0,0.0,0.0,16384.0,16384.0,16384.0,16447.0,16447.0,16448.0,16384.0,16384.0,16384.0,8038.02490234375,7960.51025390625,8058.16650390625,8038.02490234375,7960.51025390625,8058.16650390625,8034.313874635807,7959.027756254814,8055.536165338156,8034.313874635807,7959.027756254814,8055.536165338156,12.752260328147713,12.703193679749234,12.786839925060463,9.306899999999999,9.28993,9.370697,1.2294559999999999,1.175527,1.243991
aya-duplex-stream-seqpacket-v1,udp-open,aya,16384,16384,59000,10000,3,3,True,0.699987734845085,0.6942868449412961,0.7126106831534981,12739.086562545594,12635.33598756733,12968.81177510378,3.9566898163893254,3.953491975668305,3.9668840911473344,5.667076569599108,5.552386330892326,5.694320732812651,311.39470413918366,305.0927012438395,312.8917172885932,2036549.548,1987334.39,2040680.914,2076481.74,2014485.251,2086767.345,2085780.26,2028594.529,2097540.484,0.0,0.0,0.0,0.0,0.0,0.0,16384.0,16384.0,16384.0,16406.0,16404.0,16407.0,16384.0,16384.0,16384.0,6384.8876953125,6329.9560546875,6501.77001953125,6384.8876953125,6329.9560546875,6501.77001953125,6369.543281272797,6317.667993783665,6484.40588755189,6369.543281272797,6317.667993783665,6484.40588755189,12.757658679498263,12.627228198054013,12.811107670027354,7.5270969999999995,7.456278,7.603503999999999,2.350586,2.32258,2.442994
aya-duplex-stream-seqpacket-v1,udp-open,aya,16384,16384,59000,100000,3,3,True,0.8697789769030532,0.8667313963792096,0.8797995752469525,15829.119748080308,15773.65678756406,16011.484757289629,3.994294995073878,3.9929649784978896,3.9958659710149926,4.594116525146109,4.5384938693305195,4.608457720304281,252.43766138667283,249.38130592042643,253.22568183574134,1481330.886,1471469.319,1489141.297,1576297.691,1566674.091,1588435.233,1598231.312,1579501.351,1601406.65,0.0,0.0,0.0,0.0,0.0,0.0,16384.0,16384.0,16384.0,16447.0,16446.0,16449.0,16384.0,16384.0,16384.0,7918.39599609375,7899.7802734375,8015.44189453125,7918.39599609375,7899.7802734375,8015.44189453125,7914.559874040154,7886.82839378203,8005.742378644814,7914.559874040154,7886.82839378203,8005.742378644814,12.679672436789929,12.603386958499073,12.773265459409572,9.185171,9.175251,9.258834,1.23976,1.219568,1.305688
aya-duplex-stream-seqpacket-v1,udp-open,aya,16384,16384,64,0,3,3,True,0.004111480739996741,0.004092007953412368,0.004271278009323893,68979.20045476516,68652.50130811724,71660.15375847697,3.349391324512933,3.3333276176091524,3.402669237560504,810.7365273981059,796.6396076613888,818.5202381436824,48.32366272199785,47.48342082866364,48.78760803602233,30834.203,30613.45,31573.515,342746.881,340553.431,345593.334,366174.35,361492.085,366353.849,0.0,0.0,0.0,0.0,0.0,0.0,16384.0,16384.0,16384.0,16445.0,16444.0,16446.0,16384.0,16384.0,16384.0,34607.5439453125,34497.37548828125,36216.12548828125,34607.5439453125,34497.37548828125,36216.12548828125,34489.60022738258,34326.25065405862,35830.076879238484,34489.60022738258,34326.25065405862,35830.076879238484,12.576908429683044,12.508596325966437,12.62555541006634,0.79006,0.7780750000000001,0.8095999999999999,3.517905,3.4797480000000003,3.574878
aya-duplex-stream-seqpacket-v1,udp-open,aya,16384,16384,64,10000,3,3,True,0.0011915318086771415,0.0011912245667071745,0.0011920176490299425,19990.586525047078,19985.431860152676,19998.737573587536,3.5916922186451004,3.546717315188691,3.6176812162331897,3013.12,2977.3708621478927,3036.16,179.595947265625,177.46513260292366,180.96923828125,13508.604,11988.087,409556.311,462936.286,435737.143,620248.756,492729.252,447196.665,657991.953,0.0,0.0,0.0,0.0,0.0,0.0,16384.0,16384.0,16384.0,16384.0,16384.0,16384.0,16384.0,16384.0,16384.0,10000.0,9999.69482421875,10000.0,10000.0,9999.69482421875,10000.0,9995.293262523539,9992.715930076338,9999.368786793768,9995.293262523539,9992.715930076338,9999.368786793768,12.094151432264994,12.022375753197593,12.174134319981363,3.0697590000000003,2.916996,3.135948,6.539011,6.499600000000001,6.593668
aya-duplex-stream-seqpacket-v1,udp-open,aya,16384,16384,64,100000,3,3,True,0.0038343731316555227,0.0038312975676912994,0.003969126042351238,64330.10625438114,64278.50685343155,66590.88494375187,3.258513938047087,3.2468823068503743,3.2880649744891572,846.7830843182719,828.4103199054288,850.4987880674155,50.472204942600236,49.37710284623079,50.693678144658534,32786.32,32590.224,33981.077,377013.819,361058.412,388249.414,406216.386,389091.56,421416.427,0.0,0.0,0.0,0.0,0.0,0.0,16384.0,16384.0,16384.0,16437.0,16437.0,16439.0,16384.0,16384.0,16384.0,32378.5400390625,32357.48291015625,33560.1806640625,32378.5400390625,32357.48291015625,33560.1806640625,32165.05312719057,32139.253426715775,33295.44247187593,32165.05312719057,32139.253426715775,33295.44247187593,12.434224336031093,12.37834846449482,12.562270038643874,0.760217,0.736569,0.777461,3.438141,3.4110750000000003,3.479162
aya-duplex-stream-seqpacket-v1,udp-open,aya,16384,64,0,0,3,3,False,0.0,0.0,0.0,90245.48262795422,81621.04442470723,98617.33597203433,3.3312512740504063,3.0400951281935615,3.616296615932958,,,,36.91321911129684,36.669988904977714,37.24646198319541,,,,,,,,,,0.0,0.0,0.0,0.0,0.0,0.0,64.0,64.0,64.0,17170.0,11386.0,25599.0,64.0,64.0,64.0,62959.0,53177.0,71790.0,62959.0,53177.0,71790.0,45122.74131397711,40810.522212353615,49308.667986017164,45122.74131397711,40810.522212353615,49308.667986017164,5.428273727922885,3.880539327803376,5.918031553233561,0.300265,0.219775,0.315111,1.6111620000000002,1.2762829999999998,1.791441
aya-duplex-stream-seqpacket-v1,udp-open,aya,16384,64,0,10000,3,3,False,0.0,0.0,0.0,19978.710945339888,19963.00832597887,19998.913559020904,3.885859278868608,3.8828051194028905,3.999782711804181,,,,194.5,194.5,200.0,,,,,,,,,,0.0,0.0,0.0,0.0,0.0,0.0,64.0,64.0,64.0,53.0,52.0,71.0,43.0,36.0,50.0,10000.0,10000.0,10000.0,10000.0,10000.0,10000.0,9989.355472669944,9981.504162989435,9999.456779510452,9989.355472669944,9981.504162989435,9999.456779510452,3.297901483470355,3.255680157316533,3.868383714822471,1.1115760000000001,1.075773,1.1369599999999997,2.254334,2.211829,2.262227
aya-duplex-stream-seqpacket-v1,udp-open,aya,16384,64,0,100000,3,3,False,0.0,0.0,0.0,91582.33227832892,82316.50150883313,91739.52413100842,3.394494406280628,3.1573021921010906,3.425942715181756,,,,37.34423900312962,37.06494824748927,38.35564114398485,,,,,,,,,,0.0,0.0,0.0,0.0,0.0,0.0,64.0,64.0,64.0,14719.0,13732.0,24332.0,64.0,64.0,64.0,62833.0,52083.0,65021.0,62833.0,52083.0,65021.0,45791.16613916446,41158.250754416564,45869.76206550421,45791.16613916446,41158.250754416564,45869.76206550421,5.45570950818643,4.134938822367417,5.546052205060448,0.267141,0.263196,0.29218,1.5989159999999998,1.275191,1.63541
aya-duplex-stream-seqpacket-v1,udp-open,aya,16384,64,1431,0,3,3,False,0.12769140398620063,0.12683518719276618,0.12855896740717873,95812.43957041504,95169.98270002949,96463.41031120939,3.880775180860684,3.8401403988298823,3.883346032683891,30.186732665402396,30.073601502924028,30.617261019072874,40.23054097238074,40.079768514897935,40.80431584109858,39487.902,35737.039,39982.197,85188.924,76802.395,89200.369,105576.028,95547.69,113913.632,0.0,0.0,0.0,0.0,0.0,0.0,64.0,64.0,64.0,4171.0,3400.0,4725.0,64.0,64.0,64.0,51148.0,50975.0,52572.0,51148.0,50975.0,52572.0,47906.21978520752,47584.991350014745,48231.70515560469,47906.21978520752,47584.991350014745,48231.70515560469,4.081578260705953,3.815623090784527,4.089096417419398,0.671818,0.6667,0.6868489999999999,1.2319980000000001,1.215075,1.240646
aya-duplex-stream-seqpacket-v1,udp-open,aya,16384,64,1431,10000,3,3,False,0.026652994539835592,0.026652951577627076,0.026653361296683928,19998.9063398079,19998.874103385726,19999.181533495743,3.949838352865409,3.9497776354186813,3.989781814791677,148.19287927323552,148.19287927323552,149.69356665828093,197.5,197.5,199.5,93.37,91.338,93.371,255.754,114.262,1515.26,4998.881,4681.524,5042.507,0.0,0.0,0.0,0.0,0.0,0.0,64.0,64.0,64.0,52.0,45.0,53.0,43.0,43.0,51.0,10000.0,10000.0,10000.0,10000.0,10000.0,10000.0,9999.45316990395,9999.437051692863,9999.590766747871,9999.45316990395,9999.437051692863,9999.590766747871,3.696778934405529,3.260988296104017,3.9391021460662046,1.167707,1.093441,1.2441399999999998,2.212612,2.115778,2.320901
aya-duplex-stream-seqpacket-v1,udp-open,aya,16384,64,1431,100000,3,3,False,0.12611439708065436,0.11858479855036756,0.12645436385401673,94629.14238577364,88979.35562134466,94884.2343098334,3.8341215728537876,3.7353671261822807,3.844789204858665,30.404559302494476,30.401933971120993,31.499544392241184,40.52084345544651,40.517344616981354,41.98015483589576,37887.875,30474.331,40694.648,95894.872,90316.278,101820.187,122434.052,116707.916,138972.166,0.0,0.0,0.0,0.0,0.0,0.0,64.0,64.0,64.0,4921.0,4256.0,5006.0,64.0,64.0,64.0,50102.0,45855.0,51455.0,50102.0,45855.0,51455.0,47314.57119288682,44489.67781067233,47442.1171549167,47314.57119288682,44489.67781067233,47442.1171549167,3.656400992902036,3.3223576931987395,4.060965991463547,0.651821,0.5848220000000001,0.732955,1.1860879999999998,1.1599970000000002,1.212374
aya-duplex-stream-seqpacket-v1,udp-open,aya,16384,64,59000,0,3,3,False,0.90243539787919,0.8979914209282359,0.9040796848539528,16423.434409507918,16342.558410912472,16453.358811125905,3.962976058073463,3.9476548465902592,3.9679160782511147,4.38890082890437,4.374445922519914,4.413155811641289,241.16146276272627,240.3671941055683,242.49422632794457,662.156,658.771,662.467,10322.531,10069.54,10697.125,12999.629,12716.673,13912.342,0.0,0.0,0.0,0.0,0.0,0.0,64.0,64.0,64.0,82.0,80.0,85.0,58.0,50.0,60.0,8231.0,8227.0,8279.0,8231.0,8227.0,8279.0,8211.717204753959,8171.279205456236,8226.679405562953,8211.717204753959,8171.279205456236,8226.679405562953,3.204346748278965,3.200963581469864,3.8078732681070164,2.929478,2.924633,2.951808,0.343426,0.330224,0.364379
aya-duplex-stream-seqpacket-v1,udp-open,aya,16384,64,59000,10000,3,3,False,0.906654138994354,0.9059616722986605,0.9170715391456986,16500.211337982157,16487.60912691617,16689.797748826946,3.9511491043549105,3.9447498731229977,3.958054802093347,4.3508871833954785,4.315971691565619,4.3612762274256225,239.07268775658054,237.15415019762847,239.64354527938343,659.432,654.906,661.124,9370.709,9264.439,10075.67,12089.379,12027.476,13201.052,0.0,0.0,0.0,0.0,0.0,0.0,64.0,64.0,64.0,80.0,74.0,84.0,50.0,50.0,53.0,8304.0,8282.0,8349.0,8304.0,8282.0,8349.0,8250.105668991078,8243.804563458085,8344.898874413473,8250.105668991078,8243.804563458085,8344.898874413473,3.9236432634823473,3.2067097890047194,3.9711601193212687,2.942106,2.912548,2.980187,0.34569099999999997,0.318129,0.35161699999999996
aya-duplex-stream-seqpacket-v1,udp-open,aya,16384,64,59000,100000,3,3,False,0.908372571137099,0.8968839456597003,0.916672403841318,16531.48510854777,16322.40345303328,16682.53387984816,3.938895517960975,3.9364627085269053,3.957754263371598,4.336211421520878,4.317523083259209,4.389043563079337,238.26628352490422,237.23939611790078,241.16930572472594,660.083,657.429,665.191,10073.537,9930.802,10200.968,12346.476,12204.833,12960.21,0.0,0.0,0.0,0.0,0.0,0.0,64.0,64.0,64.0,75.0,75.0,78.0,50.0,50.0,59.0,8346.0,8210.0,8352.0,8346.0,8210.0,8352.0,8265.742554273886,8161.20172651664,8341.26693992408,8265.742554273886,8161.20172651664,8341.26693992408,3.3993813630360705,3.3402485355570093,3.4733207271412425,2.9494299999999996,2.9140449999999998,2.962017,0.348379,0.34059700000000004,0.34895200000000004
aya-duplex-stream-seqpacket-v1,udp-open,aya,16384,64,64,0,3,3,False,0.005930244270126476,0.005584201597752925,0.005941031538236163,99492.98905267424,93687.35639304593,99673.96937980037,3.6050251671324967,3.4863596415572484,3.6059345965187064,606.9542929222144,587.8947784865687,645.5757558221311,36.17729502452698,35.041259436998885,38.479313601382444,117462.171,50603.347,120745.902,438763.115,151454.546,566888.991,512522.953,242864.43,721704.565,0.0,0.0,0.0,0.0,0.0,0.0,64.0,64.0,64.0,22944.0,7804.0,23833.0,64.0,64.0,64.0,57080.0,49767.0,68348.0,57080.0,49767.0,68348.0,49746.49452633712,46843.67819652297,49836.984689900186,49746.49452633712,46843.67819652297,49836.984689900186,4.167680927540744,3.529316106445208,5.136944910836405,0.291158,0.275451,0.343837,1.369926,1.251136,1.59175
aya-duplex-stream-seqpacket-v1,udp-open,aya,16384,64,64,10000,3,3,False,0.0011897650642406677,0.0011897231692076897,0.0011920505944004196,19960.945472019557,19960.24259000196,19999.29030518423,3.9122075476403837,3.8424820033637648,3.9298605449687014,3288.334336,3229.6140800000003,3296.722944,196.0,192.5,196.5,102.794,85.99,788.836,3734.739,1320.056,4157.926,6724.548,6021.881,7271.02,0.0,0.0,0.0,0.0,0.0,0.0,64.0,64.0,64.0,64.0,59.0,71.0,51.0,48.0,58.0,10000.0,10000.0,10000.0,10000.0,10000.0,10000.0,9980.472736009779,9980.12129500098,9999.645152592115,9980.472736009779,9980.12129500098,9999.645152592115,3.3498182218294232,3.136075233823476,3.7079940061539105,1.156977,1.0385,1.160436,2.187029,2.162764,2.234806
aya-duplex-stream-seqpacket-v1,udp-open,aya,16384,64,64,100000,3,3,False,0.0053801726887233395,0.005316422474178788,0.0061576165681054215,90264.31931601223,89194.76819655194,103307.66320828337,3.6416910671117706,3.3856093090428456,3.763589394735427,636.8209685152628,611.2087937124364,676.8725239516256,37.957487613872466,36.43088303282478,40.34474634835873,78823.547,73251.814,86037.461,344177.594,275002.003,361300.236,464752.218,320592.058,479533.188,0.0,0.0,0.0,0.0,0.0,0.0,64.0,64.0,64.0,15617.0,10009.0,18022.0,64.0,64.0,64.0,50936.0,50056.0,54075.0,50936.0,50056.0,54075.0,45132.159658006116,44597.38409827597,51653.831604141684,45132.159658006116,44597.38409827597,51653.831604141684,3.7284437209466432,3.443854242592238,4.0605995400630945,0.332748,0.263385,0.377313,1.286535,1.266016,1.444969
aya-duplex-stream-seqpacket-v1,udp-open,aya,4096,4096,1431,0,3,3,True,0.07393103451284362,0.07388082299841026,0.07422262028118817,55473.685428391094,55436.009535244004,55692.474970497824,3.0964369184673695,3.0474273108985446,3.116381329946567,41.718237738531656,41.2198656623577,42.181194029384656,55.598838444649054,54.93464671339269,56.21583075826004,28737.407,27922.612,29277.1,139512.468,133558.66,140507.005,153642.487,152723.926,167499.687,0.0,0.0,0.0,0.0,0.0,0.0,4096.0,4096.0,4096.0,4110.0,4110.0,4112.0,4096.0,4096.0,4096.0,28154.666666666668,28046.666666666668,28238.0,28154.666666666668,28046.666666666668,28238.0,27736.842714195547,27718.004767622002,27846.237485248912,27736.842714195547,27718.004767622002,27846.237485248912,5.528442297266906,5.149279982109476,5.756967832522719,0.6841149999999999,0.660155,0.714693,1.5044680000000001,1.4896630000000002,1.5430070000000002
aya-duplex-stream-seqpacket-v1,udp-open,aya,4096,4096,1431,10000,3,3,True,0.02664498882433315,0.026593692421996905,0.026651869288378083,19992.899301676513,19954.409369734407,19998.062014474257,3.4256784589178366,3.3996705424606235,3.45234297716253,128.56745714936784,127.55842772886093,129.8181133473189,171.3447563170878,170.0,173.0115341022735,1183.12,854.766,1326.797,156003.48,149464.923,163378.577,162791.464,160515.209,183508.043,0.0,0.0,0.0,0.0,0.0,0.0,4096.0,4096.0,4096.0,4096.0,4096.0,4096.0,4096.0,4096.0,4096.0,9999.333333333334,9999.333333333334,10000.0,9999.333333333334,9999.333333333334,10000.0,9996.449650838256,9977.204684867203,9999.031007237129,9996.449650838256,9977.204684867203,9999.031007237129,5.068428880438091,4.931799131258572,5.194661545845236,1.371543,1.3584209999999999,1.410102,2.7716819999999998,2.7073889999999996,2.777361
aya-duplex-stream-seqpacket-v1,udp-open,aya,4096,4096,64,0,3,3,True,0.0033818313268095318,0.003365661300676374,0.0033839078426129783,56737.714645450105,56466.42662428847,56772.55279961194,2.980004362857089,2.95704857246005,3.0166634779940913,881.1806606772632,878.593627904802,891.4732960530896,52.5224602626123,52.36826109318745,53.13594913799104,34711.496,33968.508,34830.676,137267.229,131836.048,140178.81,147906.448,144193.19,153977.362,0.0,0.0,0.0,0.0,0.0,0.0,4096.0,4096.0,4096.0,4111.0,4110.0,4113.0,4096.0,4096.0,4096.0,28731.333333333332,28516.0,28940.0,28731.333333333332,28516.0,28940.0,28368.857322725053,28233.213312144235,28386.27639980597,28368.857322725053,28233.213312144235,28386.27639980597,5.411404242462197,5.394465511429246,5.88926483158707,0.35225599999999996,0.32817500000000005,0.35258,1.5945619999999998,1.585007,1.596721
aya-duplex-stream-seqpacket-v1,udp-open,aya,4096,4096,64,10000,3,3,True,0.0011910260331446057,0.001190563136964583,0.0011914716137552215,19982.10101969021,19974.334910492395,19989.576621839922,3.3982280257127866,3.3690044882363837,3.4036178736872325,2852.1267199999998,2829.7570986666665,2857.7191253333335,170.0,168.66666666666666,170.33333333333334,1773.227,1592.035,1805.546,157479.13,147151.401,159135.392,164636.85,154894.271,173121.646,0.0,0.0,0.0,0.0,0.0,0.0,4096.0,4096.0,4096.0,4096.0,4096.0,4096.0,4096.0,4096.0,4096.0,10000.0,10000.0,10000.0,10000.0,10000.0,10000.0,9991.050509845105,9987.167455246197,9994.788310919961,9991.050509845105,9987.167455246197,9994.788310919961,4.855265129975237,4.829468420882392,5.3085755807358055,1.300153,1.295371,1.3016189999999999,2.79764,2.7316269999999996,2.803168
aya-duplex-stream-seqpacket-v1,udp-open,aya,4096,64,1431,0,3,3,False,0.1419284071384748,0.139512182983958,0.14455584617096204,106495.08508614993,104682.08653208724,108466.5673916647,3.9000924017627545,3.857100275012533,3.9248877129229847,27.479293824227625,27.151359262780232,27.647049831168125,36.62227602905569,36.18523022629182,36.845848251508166,24616.177,21090.102,25590.092,55530.65,54920.132,58338.626,74016.934,68290.94,74017.786,0.0,0.0,0.0,0.0,0.0,0.0,64.0,64.0,64.0,3229.0,3117.0,3387.0,64.0,64.0,64.0,55066.666666666664,54370.666666666664,55916.0,55066.666666666664,54370.666666666664,55916.0,53247.54254307497,52341.04326604362,54233.28369583235,53247.54254307497,52341.04326604362,54233.28369583235,5.461775494078495,5.38504578233227,5.888644457806322,1.048002,1.039831,1.0987449999999999,1.89506,1.8829159999999998,1.9004059999999998
aya-duplex-stream-seqpacket-v1,udp-open,aya,4096,64,1431,10000,3,3,False,0.02665389480586239,0.02665373321654099,0.026653899070397082,19999.581848742706,19999.46060121461,19999.585048609413,3.973226172774636,3.959917206051056,3.9865839530228095,149.06828024784534,148.56805111949686,149.56850937619382,198.66666666666666,198.0,199.33333333333334,80.871,80.671,82.204,124.658,114.542,153.881,3033.153,2580.162,3124.932,0.0,0.0,0.0,0.0,0.0,0.0,64.0,64.0,64.0,36.0,30.0,36.0,36.0,30.0,36.0,10000.0,10000.0,10000.0,10000.0,10000.0,10000.0,9999.790924371353,9999.730300607305,9999.792524304707,9999.790924371353,9999.730300607305,9999.792524304707,5.223150644901409,5.194299893169784,5.700197080029795,1.7899969999999998,1.739336,2.6751699999999996,3.457051,2.60259,3.512334
aya-duplex-stream-seqpacket-v1,udp-open,aya,4096,64,64,0,3,3,False,0.006939451322214696,0.006748322114492316,0.007044940840737457,116424.67375428155,113218.05775241432,118194.49419227391,3.75913608847923,3.6772754466726996,3.81276400010288,544.9170007423905,533.5937055343289,549.433063662741,32.479584261321456,31.804663272758063,32.748762587472264,53453.416,51604.383,64997.725,132812.928,119849.713,192572.041,187376.374,145473.166,300511.425,0.0,0.0,0.0,0.0,0.0,0.0,64.0,64.0,64.0,9706.0,8266.0,10865.0,64.0,64.0,64.0,62496.0,61064.0,62988.666666666664,62496.0,61064.0,62988.666666666664,58212.33687714078,56609.02887620716,59097.247096136954,58212.33687714078,56609.02887620716,59097.247096136954,5.688671659463012,5.609972089190819,6.159778741207674,0.464151,0.44947,0.527026,2.1782310000000003,2.162306,2.241026
aya-duplex-stream-seqpacket-v1,udp-open,aya,4096,64,64,10000,3,3,False,0.0011920690302858262,0.001192067271624453,0.001192069277436575,19999.599608015847,19999.57010257412,19999.603754517346,3.96658725558981,3.9665814036772007,3.9799211471489517,3327.4811733333336,3327.4811733333336,3338.6659839999998,198.33333333333334,198.33333333333334,199.0,73.441,73.08,73.481,131.478,83.285,147.432,3693.327,556.857,3854.179,0.0,0.0,0.0,0.0,0.0,0.0,64.0,64.0,64.0,38.0,22.0,38.0,35.0,22.0,38.0,10000.0,10000.0,10000.0,10000.0,10000.0,10000.0,9999.799804007924,9999.78505128706,9999.801877258673,9999.799804007924,9999.78505128706,9999.801877258673,5.234526426821105,5.197960488526348,5.846973225518525,1.813588,1.7908320000000002,1.8434490000000001,3.4307369999999997,3.4165,3.530717
aya-duplex-stream-seqpacket-v1,udp-open,aya,64,64,0,0,3,3,False,0.0,0.0,0.0,114803.66884010458,107459.37466122501,116378.58471541524,3.6779931863546733,3.5658295649531833,3.6869518014883655,,,,32.037244310347624,31.680672268907564,33.183047790802526,,,,,,,,,,0.0,0.0,0.0,0.0,0.0,0.0,64.0,64.0,64.0,6460.0,3542.0,7168.0,64.0,64.0,64.0,59500.0,55450.0,61647.0,59500.0,55450.0,61647.0,57401.83442005229,53729.687330612505,58189.29235770762,57401.83442005229,53729.687330612505,58189.29235770762,3.606446699136285,3.196286693428135,3.9463226433937564,0.244252,0.230297,0.280063,1.378989,1.332659,1.4807139999999999
aya-duplex-stream-seqpacket-v1,udp-open,aya,64,64,0,1000,3,3,False,0.0,0.0,0.0,1999.9348581218012,1999.902410762062,1999.9596348146906,3.829922700670133,3.6898199478560043,3.859874276175076,,,,1915.0,1845.0,1930.0,,,,,,,,,,0.0,0.0,0.0,0.0,0.0,0.0,64.0,64.0,64.0,6.0,5.0,8.0,6.0,5.0,8.0,1000.0,1000.0,1000.0,1000.0,1000.0,1000.0,999.9674290609006,999.951205381031,999.9798174073453,999.9674290609006,999.951205381031,999.9798174073453,3.158249098260441,3.1154974846978405,3.845246556011105,1.2317529999999999,1.223448,1.28244,2.514469,2.4083490000000003,2.516519
aya-duplex-stream-seqpacket-v1,udp-open,aya,64,64,0,10000,3,3,False,0.0,0.0,0.0,19992.87174150928,19938.478309850605,19999.29268501561,3.279879681970425,3.259884707657544,3.298823837349031,,,,164.5,163.0,165.0,,,,,,,,,,0.0,0.0,0.0,0.0,0.0,0.0,64.0,64.0,64.0,49.0,47.0,62.0,47.0,46.0,47.0,10000.0,10000.0,10000.0,10000.0,10000.0,10000.0,9996.43587075464,9969.239154925303,9999.646342507805,9996.43587075464,9969.239154925303,9999.646342507805,3.054544134464251,2.842436610459771,3.5091102795297076,0.804918,0.463983,0.8525689999999999,1.879246,1.7826520000000001,2.246092
aya-duplex-stream-seqpacket-v1,udp-open,aya,64,64,1431,0,3,3,False,0.14410005949061358,0.13880275466090647,0.14613647885421863,108124.57073092938,104149.77146458854,109652.58515574153,3.8777094304785975,3.8253514979869787,3.911923752916002,26.909839206077386,26.768975026546382,27.559622338420215,35.86335098733822,35.67561811114463,36.72933165568796,18000.704,17513.231,25210.091,60854.591,52374.552,61322.314,82810.655,79345.973,108909.413,0.0,0.0,0.0,0.0,0.0,0.0,64.0,64.0,64.0,3786.0,2524.0,3839.0,64.0,64.0,64.0,56341.0,54044.0,57022.0,56341.0,54044.0,57022.0,54062.28536546469,52074.88573229427,54826.292577870765,54062.28536546469,52074.88573229427,54826.292577870765,3.621222073610795,3.436386543174791,3.7845782492354942,0.711709,0.701701,0.7560830000000001,1.281655,1.250032,1.333914
aya-duplex-stream-seqpacket-v1,udp-open,aya,64,64,1431,1000,3,3,False,0.002665376169975945,0.0026653702183584062,0.002665376543118996,1999.9481973417926,1999.943731583112,1999.9484773273273,3.969897727494745,3.9698883071924773,3.979896912710167,1489.4322296575822,1489.4322296575822,1493.1839481201957,1985.0,1985.0,1990.0,78.999,77.246,91.428,161.783,159.019,189.375,2137.376,670.699,2258.819,0.0,0.0,0.0,0.0,0.0,0.0,64.0,64.0,64.0,5.0,5.0,6.0,5.0,5.0,6.0,1000.0,1000.0,1000.0,1000.0,1000.0,1000.0,999.9740986708963,999.971865791556,999.9742386636636,999.9740986708963,999.971865791556,999.9742386636636,3.2882195526119347,3.2766075994054518,3.759449573585968,1.351626,1.261693,1.519648,2.578999,2.39559,2.65485
aya-duplex-stream-seqpacket-v1,udp-open,aya,64,64,1431,10000,3,3,False,0.026653545998198788,0.02665353427104237,0.026653579927052622,19999.32012311242,19999.311323714566,19999.345581413883,3.959870425119949,3.959863642095484,3.9698650444378147,148.56805111949686,148.56805111949686,148.94322296575822,198.0,198.0,198.5,77.366,76.975,78.488,184.688,151.428,360.983,3303.911,2821.144,4308.874,0.0,0.0,0.0,0.0,0.0,0.0,64.0,64.0,64.0,36.0,32.0,47.0,35.0,32.0,46.0,10000.0,10000.0,10000.0,10000.0,10000.0,10000.0,9999.66006155621,9999.655661857283,9999.672790706942,9999.66006155621,9999.655661857283,9999.672790706942,3.432588079795579,3.191467072732948,3.6252583374041762,1.160282,1.049557,1.269976,2.3821399999999997,2.275858,2.432622
aya-duplex-stream-seqpacket-v1,udp-open,aya,64,64,59000,0,3,3,False,0.9308984956974432,0.9222311728207016,0.9419206252913963,16941.434724220828,16783.697994138292,17142.026614637365,3.967057676958634,3.9280569983899176,3.9876799319264857,4.259297575439475,4.23356260055654,4.261536241914812,234.04001905669367,232.6259328358209,234.16302937359916,644.33,640.915,646.202,8894.262,8240.478,9554.366,11873.485,11305.32,11949.879,0.0,0.0,0.0,0.0,0.0,0.0,64.0,64.0,64.0,62.0,58.0,79.0,46.0,40.0,50.0,8477.0,8396.0,8576.0,8477.0,8396.0,8576.0,8470.717362110414,8391.848997069146,8571.013307318683,8470.717362110414,8391.848997069146,8571.013307318683,3.2933704564268567,3.230349225399266,3.5804736697827764,3.0029030000000003,2.995876,3.0317239999999996,0.35891599999999996,0.34983,0.36384000000000005
aya-duplex-stream-seqpacket-v1,udp-open,aya,64,64,59000,1000,3,3,False,0.1098920959307187,0.10989190329716764,0.10989373460692148,1999.9277886073369,1999.9242828666509,1999.957610898437,3.97991564568789,3.969856660385564,3.9998485657333016,36.21603779254237,36.12504272271187,36.39802793220339,1990.0,1985.0,2000.0,393.291,380.552,404.388,786.313,784.42,860.895,1195.018,1153.296,2629.887,0.0,0.0,0.0,0.0,0.0,0.0,64.0,64.0,64.0,4.0,4.0,7.0,4.0,4.0,7.0,1000.0,1000.0,1000.0,1000.0,1000.0,1000.0,999.9638943036684,999.9621414333254,999.9788054492185,999.9638943036684,999.9621414333254,999.9788054492185,3.639705691051546,3.3062041605616628,3.8629856472295216,1.308194,1.3081200000000002,1.928668,2.579485,1.9709539999999999,2.5940399999999997
aya-duplex-stream-seqpacket-v1,udp-open,aya,64,64,59000,10000,3,3,False,0.9369156966590823,0.9367784132428332,0.9396162571525029,17050.941848558537,17048.443425748905,17100.0893866946,3.961976225299582,3.9586104759518945,3.967700459683084,4.225151195638815,4.222681791082626,4.229363283024918,232.16374269005848,232.02805376972532,232.39518860212542,640.634,639.402,643.128,8500.039,8219.477,8868.303,11689.377,11602.477,12004.161,0.0,0.0,0.0,0.0,0.0,0.0,64.0,64.0,64.0,65.0,63.0,86.0,50.0,46.0,50.0,8555.0,8550.0,8563.0,8555.0,8550.0,8563.0,8525.470924279269,8524.221712874452,8550.0446933473,8525.470924279269,8524.221712874452,8550.0446933473,3.781375805017916,3.620105836302571,3.9710353624592187,3.0212830000000004,3.013713,3.0461959999999997,0.360849,0.333705,0.36664599999999997
aya-duplex-stream-seqpacket-v1,udp-open,aya,64,64,64,0,3,3,False,0.007426749148297634,0.007308132653825596,0.007486715208831653,124600.17463880543,122610.12008988525,125606.23818905375,3.863273523028739,3.8135210064444407,3.9311790076220348,521.8187992863228,516.0171604325826,529.3270217054717,31.102824168582128,30.75701954558984,31.55034909877012,50700.313,43458.998,57579.393,125919.276,118064.478,126838.048,151324.29,139653.089,186362.127,0.0,0.0,0.0,0.0,0.0,0.0,64.0,64.0,64.0,8232.0,6039.0,8315.0,64.0,64.0,64.0,68462.0,62213.0,70553.0,68462.0,62213.0,70553.0,62300.087319402715,61305.06004494263,62803.119094526875,62300.087319402715,61305.06004494263,62803.119094526875,3.6975914530540734,3.319785809212675,3.8663822587041636,0.353949,0.28543,0.396664,1.596835,1.4213609999999999,1.632007
aya-duplex-stream-seqpacket-v1,udp-open,aya,64,64,64,1000,3,3,False,0.00011920549154461513,0.00011920475738590542,0.00011920626159253054,1999.9362800301817,1999.9239628909306,1999.9491992903888,3.969899160591422,3.969873515859911,3.9998479257818613,33302.773760000004,33302.773760000004,33554.432,1985.0,1985.0,2000.0,68.894,68.172,70.426,132.119,111.969,176.495,380.353,196.796,1301.428,0.0,0.0,0.0,0.0,0.0,0.0,64.0,64.0,64.0,4.0,4.0,6.0,4.0,4.0,6.0,1000.0,1000.0,1000.0,1000.0,1000.0,1000.0,999.9681400150909,999.9619814454653,999.9745996451944,999.9681400150909,999.9619814454653,999.9745996451944,3.338514969733197,3.280876234402186,3.6986026428744765,1.293568,1.2839420000000001,1.3028,2.636782,2.623248,2.661753
aya-duplex-stream-seqpacket-v1,udp-open,aya,64,64,64,10000,3,3,False,0.0011920584366745836,0.0011920501867337223,0.0011920603594123627,19999.42187671181,19999.283465671993,19999.454134898842,3.9598855315889385,3.8698943751029264,3.979857409668727,3321.888768,3246.3912960000002,3338.665984,198.0,193.5,199.0,70.336,69.826,72.068,242.425,141.593,1568.73,3564.093,2946.613,3870.043,0.0,0.0,0.0,0.0,0.0,0.0,64.0,64.0,64.0,30.0,28.0,35.0,30.0,28.0,35.0,10000.0,10000.0,10000.0,10000.0,10000.0,10000.0,9999.710938355905,9999.641732835997,9999.727067449421,9999.710938355905,9999.641732835997,9999.727067449421,3.321327629451929,3.1915232752022433,3.878741368091994,1.1342409999999998,1.065744,1.219753,2.359445,2.317507,2.4139489999999997
aya-duplex-stream-seqpacket-v1,udp-rr,aya,1,1,0,0,3,3,False,0.0,0.0,0.0,12173.369724350398,11414.694886510308,13055.808895816252,1.1297558959030838,1.0798187783337074,1.1996526417772262,,,,92.80551905387648,82.70791851738397,105.09721492380451,160.311,144.658,171.638,230.507,223.707,254.422,282.996,269.035,301.764,0.0,0.0,0.0,0.0,0.0,0.0,,,,,,,,,,6086.684862175199,5707.347443255154,6527.904447908126,6086.684862175199,5707.347443255154,6527.904447908126,6086.684862175199,5707.347443255154,6527.904447908126,6086.684862175199,5707.347443255154,6527.904447908126,1.9418998436760564,1.8745402296590221,2.0025821270260344,,,,,,
aya-duplex-stream-seqpacket-v1,udp-rr,aya,1024,1024,0,0,3,3,False,0.0,0.0,0.0,45517.71867617129,45414.560889574015,45530.83483761945,2.719333159683916,2.719027425642068,2.7393100171142697,,,,59.73558220231036,59.725088928900796,60.31787962840664,174.272,174.072,174.923,261.834,259.461,262.004,324.438,319.961,333.231,0.0,0.0,0.0,0.0,0.0,0.0,,,,,,,,,,22758.859338085644,22707.280444787008,22765.417418809724,22758.859338085644,22707.280444787008,22765.417418809724,22758.859338085644,22707.280444787008,22765.417418809724,22758.859338085644,22707.280444787008,22765.417418809724,3.314693027458844,3.290863507691995,3.325165153251959,,,,,,
aya-duplex-stream-seqpacket-v1,udp-rr,aya,16384,16384,0,0,3,3,False,0.0,0.0,0.0,74238.82998869414,71206.20743003086,76645.55264180795,3.632700719993099,3.6035328009422067,3.752243085427815,,,,48.95578355293995,48.93262354143141,50.607003672862874,91.818,91.267,93.892,200.992,190.246,210.237,279.59,263.647,286.562,0.0,0.0,0.0,0.0,0.0,0.0,,,,,,,,,,37119.41499434707,35603.10371501543,38322.77632090398,37119.41499434707,35603.10371501543,38322.77632090398,37119.41499434707,35603.10371501543,38322.77632090398,37119.41499434707,35603.10371501543,38322.77632090398,3.2883361551495796,3.279026150370669,3.390795779075688,,,,,,
aya-duplex-stream-seqpacket-v1,udp-rr,aya,4096,4096,0,0,3,3,False,0.0,0.0,0.0,71005.30562635508,61975.699319699284,75025.3669700554,3.298759834538965,3.1290760213997926,3.378800569722156,,,,46.457934452077936,45.035442093481855,50.488756976481596,81.693,79.72,99.34,222.625,213.571,240.642,278.269,269.565,298.539,0.0,0.0,0.0,0.0,0.0,0.0,,,,,,,,,,35502.65281317754,30987.849659849642,37512.6834850277,35502.65281317754,30987.849659849642,37512.6834850277,35502.65281317754,30987.849659849642,37512.6834850277,35502.65281317754,30987.849659849642,37512.6834850277,3.3211310430164644,3.291850792751916,3.421341409653621,,,,,,
aya-duplex-stream-seqpacket-v1,udp-rr,aya,64,64,0,0,3,3,False,0.0,0.0,0.0,46033.29490267345,45883.88420946776,46174.014833108864,2.679409284032196,2.6792605294523923,2.689069060425695,,,,58.23771379086382,58.20266689831907,58.3954329541988,171.228,171.038,171.458,255.214,253.822,255.855,317.928,312.5,326.22,0.0,0.0,0.0,0.0,0.0,0.0,,,,,,,,,,23016.647451336725,22941.94210473388,23087.007416554432,23016.647451336725,22941.94210473388,23087.007416554432,23016.647451336725,22941.94210473388,23087.007416554432,23016.647451336725,22941.94210473388,23087.007416554432,3.495431479029449,3.2897352348538362,3.805056439102586,,,,,,
original-kernel-module,udp-open,kernel,1,1,0,0,3,3,False,0.0,0.0,0.0,10041.740263693586,9978.745102940757,19742.623928144232,1.2065955398705839,1.1933024677694695,1.338370121267113,,,,118.83422956914293,67.79089376053962,120.91656089251119,,,,,,,,,,411.0,0.0,507.0,0.0,0.0,0.0,1.0,1.0,1.0,6038.0,5543.0,6135.0,1.0,1.0,1.0,15474.0,14825.0,15476.0,15474.0,14825.0,15476.0,5158.36258978927,5157.8665883421145,9871.311964072116,5158.36258978927,5157.8665883421145,9871.311964072116,6.468812996579292,5.21925356979072,6.763280251424181,0.584691,0.089335,0.586006,1.8870390000000001,0.894532,1.896445
original-kernel-module,udp-open,kernel,1,1,0,1000,3,3,False,0.0,0.0,0.0,1999.8954014707122,1999.836581353918,1999.9088401552478,1.5599288953210935,1.21990031462589,1.7899063843162875,,,,780.0,610.0,895.0,,,,,,,,,,0.0,0.0,0.0,0.0,0.0,0.0,1.0,1.0,1.0,1.0,1.0,1.0,1.0,1.0,1.0,1000.0,1000.0,1000.0,1000.0,1000.0,1000.0,999.9477007353561,999.918290676959,999.9544200776239,999.9477007353561,999.918290676959,999.9544200776239,1.5116239752065432,1.3671646448878452,1.6440897089477957,0.311654,0.200838,0.313437,0.641633,0.614642,0.720752
original-kernel-module,udp-open,kernel,1,1,0,10000,3,3,False,0.0,0.0,0.0,18851.132099884093,18577.65484060099,19095.34405921228,1.3271264121152533,1.2539917017405668,1.3290048130418286,,,,69.5,67.5,70.5,,,,,,,,,,0.0,0.0,0.0,0.0,0.0,0.0,1.0,1.0,1.0,622.0,490.0,801.0,1.0,1.0,1.0,10000.0,10000.0,10000.0,10000.0,10000.0,10000.0,9425.566049942046,9288.827420300495,9547.67202960614,9425.566049942046,9288.827420300495,9547.67202960614,3.583090482986723,3.3254702838458883,3.8066661979441356,0.079254,0.056455,0.096805,0.632253,0.602406,0.654189
original-kernel-module,udp-open,kernel,1,1,1431,0,3,3,False,0.005362758980162041,0.005329852795421894,0.005427566255675626,4023.912375284116,3999.2214271193593,4072.540105695315,1.086643003928613,1.0866362604108277,1.1599639521869125,203.87734936022994,202.6276041769416,213.7171427385035,271.71195199199866,270.04638833664677,284.8256670486168,18527.726,18400.776,18834.167,25138.793,22453.884,25521.028,35213.932,34218.905,35371.219,11625.0,11503.0,13462.0,0.0,0.0,0.0,1.0,1.0,1.0,11748.0,11613.0,13588.0,1.0,1.0,1.0,17734.0,17502.0,19498.0,17734.0,17502.0,19498.0,5911.149634506525,5833.836757579849,6499.191806932546,5911.149634506525,5833.836757579849,6499.191806932546,4.971679163753066,4.930943346241946,5.217475158454683,0.81349,0.750092,0.839815,1.861536,1.81646,1.926941
original-kernel-module,udp-open,kernel,1,1,1431,1000,3,3,False,0.002665309544293695,0.0026652456189660777,0.0026653219560662856,1999.8982051813564,1999.8502392149862,1999.9075182766326,1.6599155103005256,1.5399287890730071,1.9398547320385366,622.7852647938504,577.7646432424878,727.83338174703,830.0,770.0,970.0,332.531,316.857,377.378,441.304,406.211,460.713,481.694,445.119,484.649,0.0,0.0,0.0,0.0,0.0,0.0,1.0,1.0,1.0,2.0,1.0,4.0,1.0,1.0,1.0,1000.0,1000.0,1000.0,1000.0,1000.0,1000.0,999.9491025906782,999.9251196074931,999.9537591383163,999.9491025906782,999.9251196074931,999.9537591383163,1.6530082305219125,1.5196419130726184,1.670557456938866,0.305869,0.213254,0.306438,0.565007,0.564244,0.672967
original-kernel-module,udp-open,kernel,1,1,1431,10000,3,3,False,0.005366954351391952,0.005273911596845527,0.005491518820996469,4027.0603456242707,3957.246301615422,4120.526509704457,1.073260578787465,1.0666432079825936,1.073296825857333,199.9757233838049,195.44626192550808,202.24897372579824,266.5121668597914,260.475651189128,269.54177897574124,17896.977,17845.79,18180.724,24392.371,21735.583,33851.682,35267.353,33733.905,38728.77,3959.0,3819.0,4064.0,0.0,0.0,0.0,1.0,1.0,1.0,4074.0,3927.0,4175.0,1.0,1.0,1.0,10000.0,10000.0,10000.0,10000.0,10000.0,10000.0,3333.219956078674,3333.107387538711,3333.260024945605,3333.219956078674,3333.107387538711,3333.260024945605,5.0035304015561906,4.883676870746015,5.037630628066765,0.764699,0.74977,0.806328,1.895297,1.8500670000000001,1.9061970000000001
original-kernel-module,udp-open,kernel,1,1,59000,0,3,3,False,0.018315032428222418,0.01805837421452701,0.01930387753143774,333.31553095082523,328.6446045352678,351.3115367945522,1.0899323769622253,1.0865937229056521,1.096608096828215,59.87475594847458,56.461836498247195,60.171182078591805,3290.0,3102.4667931688805,3306.288032454361,8711.007,8642.733,8743.946,12665.046,11583.748,12727.009,12786.969,12777.785,12801.431,7697.0,6062.0,7947.0,0.0,0.0,0.0,1.0,1.0,1.0,7702.0,6068.0,7951.0,1.0,1.0,1.0,8190.0,6589.0,8447.0,8190.0,6589.0,8447.0,2729.816745581991,2196.197073946209,2815.516289941621,2729.816745581991,2196.197073946209,2815.516289941621,4.26179125555484,4.212345497403561,4.463310472025299,1.418696,1.407062,1.427951,1.469446,1.451268,1.472787
original-kernel-module,udp-open,kernel,1,1,59000,1000,3,3,False,0.020366851523633437,0.019890274936412666,0.10989020841476128,370.6566153241245,361.9833913573766,1999.8934376780667,1.1066158925474128,1.083303956657738,1.229934464172011,53.18956419948787,11.192393589152543,55.63602796266816,2922.661870503597,615.0,3057.0902394106815,7258.16,680.685,7606.996,8461.911,736.988,9556.719,9530.519,839.874,11624.249,444.0,0.0,457.0,0.0,0.0,0.0,1.0,1.0,1.0,448.0,2.0,461.0,1.0,1.0,1.0,1000.0,1000.0,1000.0,1000.0,1000.0,1000.0,333.3242943562271,333.31803992391957,999.9467188390333,333.3242943562271,333.31803992391957,999.9467188390333,4.137791049403134,2.1409595848632605,4.251911834030018,0.991066,0.310696,1.608514,1.278015,0.577715,1.881615
original-kernel-module,udp-open,kernel,1,1,59000,10000,3,3,False,0.019999833009550706,0.01890125688100295,0.02076947591099372,363.97724026051503,343.98423795424844,377.9839821727874,1.086598720924248,1.0799542347793927,1.1399477653134977,54.33038967902154,51.99718276029056,60.31068581789515,2985.3479853479853,2857.1428571428573,3313.953488372093,8555.963,8221.77,8609.463,10280.077,9622.718,12731.916,12714.089,10714.04,12801.782,7480.0,7446.0,8119.0,0.0,0.0,0.0,1.0,1.0,1.0,7485.0,7450.0,8123.0,1.0,1.0,1.0,8026.0,8013.0,8635.0,8026.0,8013.0,8635.0,2675.166053416569,2670.8868158294054,2878.2014483865655,2675.166053416569,2670.8868158294054,2878.2014483865655,4.265724968152483,4.201403195325405,4.363595694933352,1.464849,1.4175010000000001,1.495924,1.426664,1.409722,1.483571
original-kernel-module,udp-open,kernel,1,1,64,0,3,3,False,0.00029339892083084365,0.0002893922725928295,0.00029749292515530475,4922.417068945963,4855.196666020781,4991.103063802381,1.0899447328990588,1.073283816311184,1.0999690373382243,3714.890054171181,3607.7624896487246,3800.9620211451324,221.42470205850486,215.03940162949112,226.55499107510641,160041.385,154145.915,161685.239,171182.618,170445.259,171834.139,173103.689,172024.586,174728.153,19867.0,18699.0,20080.0,0.0,0.0,0.0,1.0,1.0,1.0,20929.0,19721.0,21140.0,1.0,1.0,1.0,27150.0,26186.0,27464.0,27150.0,26186.0,27464.0,9049.74526173721,8728.263979479709,9154.202490623777,9049.74526173721,8728.263979479709,9154.202490623777,5.272253545633021,5.212807118150508,5.414375518947466,0.70021,0.6862280000000001,0.727608,1.912353,1.883122,1.932557
original-kernel-module,udp-open,kernel,1,1,64,1000,3,3,False,0.00011920252731060944,0.00011920201763169562,0.00011920307048818775,1999.8865484359937,1999.877997442766,1999.8956614435513,1.149940005330042,1.1399353326085164,1.3999145982099361,9646.8992,9563.01312,11744.0512,575.0,570.0,700.0,332.581,307.633,357.057,387.253,332.15,479.552,455.265,343.347,513.322,0.0,0.0,0.0,0.0,0.0,0.0,1.0,1.0,1.0,1.0,1.0,2.0,1.0,1.0,1.0,1000.0,1000.0,1000.0,1000.0,1000.0,1000.0,999.9432742179969,999.938998721383,999.9478307217756,999.9432742179969,999.938998721383,999.9478307217756,1.7590846139602867,1.6307913238963785,1.8033213200816114,0.287132,0.143474,0.308409,0.610786,0.586009,0.688955
original-kernel-module,udp-open,kernel,1,1,64,10000,3,3,False,0.00030329964056444473,0.0003009545720713361,0.0003086943449422275,5088.523582472051,5049.179861828373,5179.031703074258,1.086636111545846,1.07993710374312,1.1099662622054716,3582.7148015197167,3498.4026155232336,3688.1521837866385,213.54644307611687,208.5210451795598,219.8310007921838,148618.119,143693.028,151663.58,156361.87,152803.776,159900.604,158158.693,154435.461,162762.63,2367.0,2231.0,2426.0,0.0,0.0,0.0,1.0,1.0,1.0,3395.0,3272.0,3446.0,1.0,1.0,1.0,10000.0,10000.0,10000.0,10000.0,10000.0,10000.0,3333.2320186350494,3333.1392090837035,3333.239605968853,3333.2320186350494,3333.1392090837035,3333.239605968853,5.354793251780979,5.31907236415919,5.565589499225254,0.7068669999999999,0.701667,0.708442,1.8881860000000001,1.8879890000000001,1.8928829999999999
original-kernel-module,udp-open,kernel,1024,1024,1431,0,3,3,True,0.08388714959822449,0.08073314062897427,0.08480937926063649,62944.19358473685,60577.60284849989,63636.182794985034,3.7159183263101103,3.6224570142004073,3.7234007601579093,44.296633561962864,43.903171944168356,44.869516854895465,59.03512484130343,58.51074964935418,59.79861935540606,512.25,458.219,514.785,7735.969,4566.02,8483.254,74111.407,62526.867,75769.662,0.0,0.0,0.0,0.0,0.0,0.0,1024.0,1024.0,1024.0,1029.0,1029.0,1029.0,1024.0,1024.0,1024.0,31506.666666666668,30324.0,31846.0,31506.666666666668,30324.0,31846.0,31472.096792368426,30288.801424249945,31818.091397492517,31472.096792368426,30288.801424249945,31818.091397492517,5.669447990635433,5.487281928844169,5.712795563697966,0.775074,0.7649859999999999,0.8163549999999999,1.67757,1.6667480000000001,1.700216
original-kernel-module,udp-open,kernel,1024,1024,1431,10000,3,3,True,0.02663873583516359,0.026616682356686027,0.026654091082485374,19988.207410693725,19971.659722219898,19999.72912366875,3.9066137554899623,3.904363180888841,3.9077880856476934,146.56713460610297,146.56713460610297,146.8172491702772,195.33333333333334,195.33333333333334,195.66666666666666,253.241,213.602,311.809,64179.874,63781.926,67918.059,84101.137,79629.299,95889.194,0.0,0.0,0.0,0.0,0.0,0.0,1024.0,1024.0,1024.0,1024.0,1024.0,1024.0,1024.0,1024.0,1024.0,10000.0,10000.0,10000.0,10000.0,10000.0,10000.0,9994.103705346863,9985.829861109949,9999.864561834374,9994.103705346863,9985.829861109949,9999.864561834374,5.260424269223307,5.193248873010134,5.38932070443505,1.518104,0.96838,1.834409,3.2744750000000002,2.994168,3.86964
original-kernel-module,udp-open,kernel,1024,1024,64,0,3,3,True,0.0038692806303868284,0.003469243696986737,0.0039117128123693145,64915.75690061598,58204.250860985034,65627.65078308746,3.6191218452919216,3.459064032617799,3.631275190778669,935.3474692090512,928.3082283791726,997.065739608382,55.75105364376611,55.33148219461278,59.429749227069735,591.821,575.856,713.183,8973.261,6516.155,10314.039,73579.446,72197.517,73791.855,0.0,0.0,0.0,0.0,0.0,0.0,1024.0,1024.0,1024.0,1029.0,1028.0,1029.0,1024.0,1024.0,1024.0,32585.333333333332,29110.0,32892.666666666664,32585.333333333332,29110.0,32892.666666666664,32457.87845030799,29102.125430492517,32813.82539154373,32457.87845030799,29102.125430492517,32813.82539154373,5.939705571373111,5.203821968023163,5.956695665860735,0.35912999999999995,0.352879,0.389574,1.762397,1.710842,1.800237
original-kernel-module,udp-open,kernel,1024,1024,64,10000,3,3,True,0.0011912786668634265,0.001190230354016487,0.0011918205089032378,19986.33951015975,19968.75173909107,19995.430111099544,3.8924437282940443,3.887250338543061,3.910660430821258,3265.9647146666666,3265.9647146666666,3282.7419306666666,194.66666666666666,194.66666666666666,195.66666666666666,185.589,180.381,188.464,71705.867,67754.072,71976.504,81825.283,79168.255,86266.755,0.0,0.0,0.0,0.0,0.0,0.0,1024.0,1024.0,1024.0,1024.0,1024.0,1024.0,1024.0,1024.0,1024.0,10000.0,10000.0,10000.0,10000.0,10000.0,10000.0,9993.169755079874,9984.375869545534,9997.715055549772,9993.169755079874,9984.375869545534,9997.715055549772,5.2834397384824,5.232692967409406,5.624381223637528,1.4199199999999998,0.858625,1.5167140000000001,3.3224650000000002,3.16821,3.861706
original-kernel-module,udp-open,kernel,1024,64,1431,0,3,3,False,0.06500234892399076,0.06291562217207668,0.07364598688260907,48774.10251427693,47208.34025795978,55259.80173697605,3.3389573348891477,3.212812041728315,3.483880166406104,51.06541000168684,47.30577067232968,51.36671812880935,68.05602620580594,63.04546988765129,68.4575863576738,795.287,722.027,836.348,8427.95,1715.07,16923.944,32904.697,2911.671,36390.112,0.0,0.0,0.0,0.0,0.0,0.0,64.0,64.0,64.0,837.0,233.0,988.0,64.0,46.0,64.0,24394.666666666668,23608.0,27652.0,24394.666666666668,23608.0,27652.0,24387.051257138464,23604.17012897989,27629.900868488025,24387.051257138464,23604.17012897989,27629.900868488025,5.269095891611698,5.258534418936421,5.840174694656753,0.60319,0.590068,0.641883,1.552694,1.522908,1.617181
original-kernel-module,udp-open,kernel,1024,64,1431,10000,3,3,False,0.026653990367304523,0.026648030583476177,0.02665410799873014,19999.653552668056,19995.181666463657,19999.74181666631,3.8466000332964896,3.4860590744584616,3.89994965424993,144.31610352853482,130.81863830567974,146.3170200419287,192.33333333333334,174.34495633042204,195.0,189.465,166.891,286.331,1560.899,1350.462,1825.877,2674.745,2462.555,3087.586,0.0,0.0,0.0,0.0,0.0,0.0,64.0,64.0,64.0,23.0,23.0,31.0,23.0,23.0,31.0,10000.0,9999.333333333334,10000.0,10000.0,9999.333333333334,10000.0,9999.826776334028,9997.590833231829,9999.870908333154,9999.826776334028,9997.590833231829,9999.870908333154,5.739789579539433,5.158922375519154,5.966182652148007,1.6231229999999999,1.115478,1.8414789999999999,3.019929,2.967187,3.070784
original-kernel-module,udp-open,kernel,1024,64,64,0,3,3,False,0.003343877898500183,0.0031645845017987126,0.0033883052319132545,56100.961780763646,53092.91773692939,56846.328749738765,3.4294519253702256,3.337543198850865,3.4826705691932616,1041.5065008071408,1012.1437387250194,1054.654472634194,62.07862501186972,60.32846800834056,62.862305202138074,965.433,961.827,1421.108,28218.377,22469.517,49729.903,52630.747,42817.112,79695.087,0.0,0.0,0.0,0.0,0.0,0.0,64.0,64.0,64.0,1229.0,771.0,1640.0,64.0,62.0,64.0,28082.666666666668,26566.0,28455.333333333332,28082.666666666668,26566.0,28455.333333333332,28050.480890381823,26546.458868464695,28423.164374869382,28050.480890381823,26546.458868464695,28423.164374869382,5.458151647663698,5.247415818101501,5.620907561740921,0.298427,0.296666,0.317895,1.6535630000000001,1.6303170000000002,1.67408
original-kernel-module,udp-open,kernel,1024,64,64,10000,3,3,False,0.0011919751061171262,0.001191697861172743,0.0011920692051191428,19998.023821949948,19993.37242363312,19999.602541232165,3.8120696754393815,3.7665918119320576,3.8729506135176393,3198.8558506666664,3159.7090133333336,3249.1874986666667,190.66666666666666,188.33333333333334,193.66666666666666,171.498,165.71,173.361,1419.426,1385.554,1459.646,2550.107,2401.793,2602.856,0.0,0.0,0.0,0.0,0.0,0.0,64.0,64.0,64.0,40.0,29.0,40.0,32.0,29.0,40.0,10000.0,10000.0,10000.0,10000.0,10000.0,10000.0,9999.011910974974,9996.68621181656,9999.801270616083,9999.011910974974,9996.68621181656,9999.801270616083,5.505933527976055,5.169132557057878,5.9355939126391775,1.4593930000000002,1.440976,1.532826,3.176411,3.092328,3.2050229999999997
original-kernel-module,udp-open,kernel,16384,16384,0,0,3,3,True,0.0,0.0,0.0,65062.907169836224,64617.840600304815,65328.330231818654,3.359446538901517,3.3557566855984637,3.365426567918172,,,,51.63382155876042,51.51557610574004,51.932355746079104,,,,,,,,,,0.0,0.0,0.0,0.0,0.0,0.0,16384.0,16384.0,16384.0,16446.0,16444.0,16447.0,16384.0,16384.0,16384.0,32566.22314453125,32320.25146484375,32670.59326171875,32566.22314453125,32320.25146484375,32670.59326171875,32531.453584918112,32308.920300152407,32664.165115909327,32531.453584918112,32308.920300152407,32664.165115909327,12.886327908994076,12.799894561589667,12.9464514751362,0.6716789999999999,0.6350830000000001,0.700615,3.457719,3.438338,3.4886369999999998
original-kernel-module,udp-open,kernel,16384,16384,0,10000,3,3,True,0.0,0.0,0.0,19998.960234722465,19986.33254396176,19999.79046850379,3.5583123300591155,3.5535189264567864,3.6436093933500096,,,,177.91748046875,177.7974482632318,182.18994140625,,,,,,,,,,0.0,0.0,0.0,0.0,0.0,0.0,16384.0,16384.0,16384.0,16384.0,16384.0,16384.0,16384.0,16384.0,16384.0,10000.0,9998.1689453125,10000.0,10000.0,9998.1689453125,10000.0,9999.480117361232,9993.16627198088,9999.895234251895,9999.480117361232,9993.16627198088,9999.895234251895,12.451750493065845,12.411725436755262,12.716601924699034,2.7175599999999998,2.6386279999999998,2.722218,6.050238,5.883762,6.073019
original-kernel-module,udp-open,kernel,16384,16384,0,100000,3,3,True,0.0,0.0,0.0,58763.92202805533,57382.845034292106,60556.0598355368,3.2253331386257393,3.19481844315483,3.273119154301466,,,,54.88628102606709,54.051058856716836,55.67549746349453,,,,,,,,,,0.0,0.0,0.0,0.0,0.0,0.0,16384.0,16384.0,16384.0,16446.0,16446.0,16446.0,16384.0,16384.0,16384.0,29385.3759765625,28694.76318359375,30291.1376953125,29385.3759765625,28694.76318359375,30291.1376953125,29381.961014027664,28691.422517146053,30278.0299177684,29381.961014027664,28691.422517146053,30278.0299177684,12.915864583769519,12.909024687189856,12.972882353031196,0.621008,0.613819,0.6354230000000001,3.3834269999999997,3.343051,3.420337
original-kernel-module,udp-open,kernel,16384,16384,1431,0,3,3,True,0.06303644725877722,0.060911161824945215,0.06311272836693213,47299.00059966405,45704.30607957781,47356.23764802673,3.4239228749780466,3.3803515924498164,3.4456265989517902,54.66086286250879,54.250908866934815,55.496422842249025,72.84776750602767,72.30141254941347,73.96133717825484,917.08,546.041,933.485,779446.232,744864.01,863449.432,855059.779,829087.832,952856.562,0.0,0.0,0.0,0.0,0.0,0.0,16384.0,16384.0,16384.0,16446.0,16443.0,16448.0,16384.0,16384.0,16384.0,23669.12841796875,22858.88671875,23700.25634765625,23669.12841796875,22858.88671875,23700.25634765625,23649.500299832023,22852.153039788904,23678.118824013363,23649.500299832023,22852.153039788904,23678.118824013363,12.7035453648366,12.609845642516348,12.789414529359078,1.377329,1.342431,1.393363,3.2536069999999997,3.211565,3.2554600000000002
original-kernel-module,udp-open,kernel,16384,16384,1431,10000,3,3,True,0.026642864106413863,0.026619551011947847,0.02664690694808616,19991.305032987388,19973.812199601627,19994.338553736063,3.4658155207892096,3.4598432401177956,3.480541846105745,130.06445842068482,129.9737639663753,130.63692522711392,173.33984375,173.2189732006593,174.102783203125,21595.322,17201.531,450867.888,1019058.578,839980.961,1070449.61,1068114.437,885215.229,1089311.67,0.0,0.0,0.0,0.0,0.0,0.0,16384.0,16384.0,16384.0,16384.0,16384.0,16384.0,16384.0,16384.0,16384.0,10000.0,9998.1689453125,10000.0,10000.0,9998.1689453125,10000.0,9995.652516493694,9986.906099800814,9997.169276868031,9995.652516493694,9986.906099800814,9997.169276868031,12.414870471535437,12.235314633983648,12.50338226011138,2.4774130000000003,2.474384,2.564241,5.2981050000000005,5.271751,5.394565999999999
original-kernel-module,udp-open,kernel,16384,16384,1431,100000,3,3,True,0.06751800534555101,0.059960405125125384,0.06913253087676086,50661.70944274891,44990.91178674429,51873.15849150909,3.5260964607030973,3.374272662154031,3.57865850980663,52.22453540587961,51.76518875297836,56.27501440513282,69.60081883316275,68.98863716564331,74.99898375360767,641.665,576.317,701.025,746952.222,721005.513,852054.648,825451.18,804445.185,887915.883,0.0,0.0,0.0,0.0,0.0,0.0,16384.0,16384.0,16384.0,16447.0,16445.0,16448.0,16384.0,16384.0,16384.0,25343.32275390625,22522.27783203125,25944.2138671875,25343.32275390625,22522.27783203125,25944.2138671875,25330.854721374453,22495.455893372146,25936.579245754547,25330.854721374453,22495.455893372146,25936.579245754547,12.690017516730677,12.628272502371829,12.771690479434483,1.363747,1.309876,1.474801,3.3699450000000004,3.2439370000000003,3.416077
original-kernel-module,udp-open,kernel,16384,16384,59000,0,3,3,True,0.5830384300160746,0.5460150338918865,0.6029427752740688,10610.724530636548,9936.935227499933,10972.963987972893,3.3980184922466266,3.252246422805623,3.4280981495584895,5.828120956199991,5.685611122880179,5.956331274661538,320.2437762318174,312.413141364167,327.2886809008482,2475351.803,2410931.317,2608722.95,2584890.834,2480340.088,2852458.872,2604842.302,2487015.562,2879645.556,0.0,0.0,0.0,0.0,0.0,0.0,16384.0,16384.0,16384.0,16449.0,16447.0,16449.0,16384.0,16384.0,16384.0,5307.92236328125,5216.97998046875,5489.80712890625,5307.92236328125,5216.97998046875,5489.80712890625,5305.362265318274,4968.467613749966,5486.4819939864465,5305.362265318274,4968.467613749966,5486.4819939864465,12.701335742793617,12.600598777109099,12.923585985754016,6.485173,6.357183,6.687665000000001,1.207523,1.207412,1.4258829999999998
original-kernel-module,udp-open,kernel,16384,16384,59000,10000,3,3,True,0.4480429821489062,0.3526789706540807,0.45408284515914055,8153.9404895417965,6418.409512483984,8263.860040818392,3.197894121659418,2.8389494738627787,3.2026260792762886,7.148033128241036,7.042534541331693,8.049670408750613,392.7703523693803,386.97341265023675,442.31354642313545,3155423.527,3061664.74,4374030.693,3426470.91,3340409.204,4520644.776,3448445.744,3349917.459,4549306.721,0.0,0.0,0.0,0.0,0.0,0.0,16384.0,16384.0,16384.0,16384.0,16384.0,16384.0,16384.0,16384.0,16384.0,5023.193359375,5012.51220703125,5027.4658203125,5023.193359375,5012.51220703125,5027.4658203125,4076.9702447708983,3209.204756241992,4131.930020409196,4076.9702447708983,3209.204756241992,4131.930020409196,14.988745001796474,14.778443940369016,18.358420053764462,6.2624580000000005,6.180973,6.625996,2.5131930000000002,2.373444,3.6248650000000002
original-kernel-module,udp-open,kernel,16384,16384,59000,100000,3,3,True,0.5751253784666934,0.5710391659128422,0.5886754653667623,10466.714794974878,10392.349755638877,10713.31301571112,3.369375939068706,3.3546314884948996,3.41174718668699,5.858506797337987,5.795633396342363,5.874608413474248,321.9134184000466,318.4586487563322,322.7981705171807,2488926.948,2472743.278,2535844.178,2599632.884,2549874.248,2663928.412,2607540.882,2556387.027,2681844.868,0.0,0.0,0.0,0.0,0.0,0.0,16384.0,16384.0,16384.0,16449.0,16449.0,16450.0,16384.0,16384.0,16384.0,5237.73193359375,5204.4677734375,5361.63330078125,5237.73193359375,5204.4677734375,5361.63330078125,5233.357397487439,5196.174877819439,5356.65650785556,5233.357397487439,5196.174877819439,5356.65650785556,12.617701732254432,12.54595551354248,12.778719380239636,6.425362000000001,6.286563999999999,6.583028,1.391814,1.38071,1.394014
original-kernel-module,udp-open,kernel,16384,16384,64,0,3,3,True,0.0030260011493073147,0.0029673630598620136,0.00310273250361219,50767.87489817707,49784.09100572593,52055.213403322494,3.4121222951529764,3.389350020060391,3.4280560033591803,1127.6011233287368,1104.850643543473,1142.2094134372626,67.21026440434079,65.85423013827045,68.08098634703532,781.576,727.654,947.426,745769.432,701390.37,778423.423,815357.833,778955.573,846411.116,0.0,0.0,0.0,0.0,0.0,0.0,16384.0,16384.0,16384.0,16447.0,16446.0,16449.0,16384.0,16384.0,16384.0,25450.13427734375,24900.5126953125,26043.701171875,25450.13427734375,24900.5126953125,26043.701171875,25383.937449088535,24892.045502862966,26027.606701661247,25383.937449088535,24892.045502862966,26027.606701661247,12.740474832485802,12.645976201751637,12.746362893376386,0.7467010000000001,0.737255,0.807307,3.430841,3.3847500000000004,3.442342
original-kernel-module,udp-open,kernel,16384,16384,64,10000,3,3,True,0.0011917669904432987,0.0011915952688431061,0.0011919831582650107,19994.532220337158,19991.65120995886,19998.15891457427,3.480602116479959,3.4757382433088315,3.502460172874002,2920.96,2915.9289870906705,2938.88,174.102783203125,173.80291146580402,175.1708984375,18324.08,18235.697,447643.838,910582.176,887125.164,1000903.382,954808.679,948835.582,1035469.429,0.0,0.0,0.0,0.0,0.0,0.0,16384.0,16384.0,16384.0,16384.0,16384.0,16384.0,16384.0,16384.0,16384.0,10000.0,9999.69482421875,10000.0,10000.0,9999.69482421875,10000.0,9997.266110168579,9995.82560497943,9999.079457287135,9997.266110168579,9995.82560497943,9999.079457287135,12.364440664249173,12.312419901268527,12.485937894544236,2.401249,2.389005,2.428437,5.554559,5.4873970000000005,5.6090979999999995
original-kernel-module,udp-open,kernel,16384,16384,64,100000,3,3,True,0.0033130708327272465,0.0031479592635276503,0.0033285214492108283,55584.104983964884,52813.99252340431,55843.3233140431,3.529449732533937,3.4679026957524743,3.5782140807243668,1075.0160800594329,1065.3106772331132,1101.635188209612,64.07595157977538,63.49746449191052,65.66257406530453,604.82,577.458,613.633,753189.005,722184.907,769590.863,803531.91,802834.442,815028.178,0.0,0.0,0.0,0.0,0.0,0.0,16384.0,16384.0,16384.0,16447.0,16443.0,16449.0,16384.0,16384.0,16384.0,27803.3447265625,26421.81396484375,27933.349609375,27803.3447265625,26421.81396484375,27933.349609375,27792.052491982442,26406.996261702156,27921.66165702155,27792.052491982442,26406.996261702156,27921.66165702155,12.68299925949384,12.588257365994423,12.74766280383426,0.7408980000000001,0.736226,0.80643,3.535397,3.5187340000000003,3.5700520000000004
original-kernel-module,udp-open,kernel,16384,64,0,0,3,3,False,0.0,0.0,0.0,52787.44073823072,50930.43814555436,52952.011583898144,2.9981887881566966,2.986453261476635,3.047889108200888,,,,57.73890655762532,56.6208666767326,58.6378866983558,,,,,,,,,,0.0,0.0,0.0,0.0,0.0,0.0,64.0,64.0,64.0,830.0,805.0,1743.0,64.0,59.0,64.0,26412.0,25666.0,26492.0,26412.0,25666.0,26492.0,26393.72036911536,25465.21907277718,26476.005791949072,26393.72036911536,25465.21907277718,26476.005791949072,3.45336299166604,3.380189069490598,3.8802597611615965,0.16158099999999997,0.160023,0.165687,0.9106219999999999,0.8928689999999999,0.916542
original-kernel-module,udp-open,kernel,16384,64,0,10000,3,3,False,0.0,0.0,0.0,19997.751012925586,19986.76336622545,19999.066963529884,3.4677034440401155,3.4498390512089054,3.4996064272619773,,,,173.5,172.5,175.0,,,,,,,,,,0.0,0.0,0.0,0.0,0.0,0.0,64.0,64.0,64.0,59.0,31.0,61.0,47.0,31.0,58.0,10000.0,10000.0,10000.0,10000.0,10000.0,10000.0,9998.875506462793,9993.381683112724,9999.533481764942,9998.875506462793,9993.381683112724,9999.533481764942,3.3966568861992528,3.0718067100905273,3.4813910687562952,0.8120610000000001,0.8011060000000001,0.8146439999999999,1.801803,1.7977720000000001,1.8445649999999998
original-kernel-module,udp-open,kernel,16384,64,0,100000,3,3,False,0.0,0.0,0.0,53171.83703669864,51944.27470184246,55259.85959971566,3.0384951913334826,3.0046789599456107,3.128520069223854,,,,56.61469449770286,56.5088424135471,58.4952857417741,,,,,,,,,,0.0,0.0,0.0,0.0,0.0,0.0,64.0,64.0,64.0,721.0,654.0,1667.0,61.0,61.0,64.0,26633.0,25985.0,27643.0,26633.0,25985.0,27643.0,26585.91851834932,25972.13735092123,27629.92979985783,26585.91851834932,25972.13735092123,27629.92979985783,3.4045825676866457,3.24306035297019,3.8999800935072244,0.162661,0.15693000000000001,0.184504,0.9033340000000001,0.8945620000000001,0.9253200000000001
original-kernel-module,udp-open,kernel,16384,64,1431,0,3,3,False,0.04737260922989288,0.04704782475202569,0.04799107840390954,35545.7385339933,35302.03854959637,36009.802977736435,3.056366188434852,3.036390821377687,3.091480526402996,64.51758174439409,64.41781741981343,64.53838912599147,85.98403956389794,85.85108139342908,86.01177003168854,965.633,918.862,973.385,20777.07,11433.884,31003.427,52336.054,42701.127,70048.453,0.0,0.0,0.0,0.0,0.0,0.0,64.0,64.0,64.0,671.0,372.0,753.0,59.0,58.0,61.0,17794.0,17672.0,18171.0,17794.0,17672.0,18171.0,17772.86926699665,17651.019274798186,18004.901488868218,17772.86926699665,17651.019274798186,18004.901488868218,3.3130053488187627,3.307454973570259,3.727778355959515,0.306756,0.286765,0.330954,0.862064,0.823171,0.875449
original-kernel-module,udp-open,kernel,16384,64,1431,10000,3,3,False,0.026611490114662986,0.0264812840281057,0.026630611297037435,19967.763756167857,19870.064440391532,19982.111214756103,3.2670751836126226,3.183029946398323,3.3456041103912337,122.68119372746331,120.19922987948921,125.72028458292904,163.5,160.1922306768122,167.55026507952385,522.736,496.978,590.027,3056.97,2618.56,7038.219,8023.592,5728.959,19423.614,0.0,0.0,0.0,0.0,0.0,0.0,64.0,64.0,64.0,70.0,43.0,79.0,45.0,40.0,46.0,9997.0,9988.0,10000.0,9997.0,9988.0,10000.0,9983.881878083928,9935.032220195766,9991.055607378052,9983.881878083928,9935.032220195766,9991.055607378052,3.7670497424278437,3.448213730445957,3.8544158363839642,0.7010259999999999,0.66963,0.72925,1.463948,1.3970980000000002,1.527911
original-kernel-module,udp-open,kernel,16384,64,1431,100000,3,3,False,0.04655696345018612,0.046183518758214574,0.04964904314672077,34933.72386785757,34653.51199873063,37253.84636492988,3.0135224094726594,3.0055223657036594,3.076132704835703,64.55580740181723,61.95754258033221,65.25103522859331,86.03498376160903,82.57221750212405,86.96152960147431,966.895,966.745,969.809,29496.47,25871.556,41145.507,79375.427,56621.843,82829.244,0.0,0.0,0.0,0.0,0.0,0.0,64.0,64.0,64.0,639.0,632.0,841.0,60.0,58.0,63.0,17551.0,17364.0,18832.0,17551.0,17364.0,18832.0,17466.861933928783,17326.755999365316,18626.92318246494,17466.861933928783,17326.755999365316,18626.92318246494,3.76966532134378,3.5165185008936533,4.001735627129108,0.304108,0.303279,0.307292,0.860719,0.839473,0.8788499999999999
original-kernel-module,udp-open,kernel,16384,64,59000,0,3,3,False,0.4919030608197935,0.4815823322600453,0.49242771917062844,8952.150673827593,8764.323590628392,8961.69893848187,3.1243169611771275,3.1208569782328626,3.172964683768585,6.45038613600127,6.344721955212553,6.480422493048726,354.4360231832367,348.62998440632657,356.0864618885097,3008.957,2958.131,3051.802,7516.308,6663.966,7854.428,13335.534,13077.246,21018.674,0.0,0.0,0.0,0.0,0.0,0.0,64.0,64.0,64.0,50.0,43.0,74.0,49.0,39.0,50.0,4486.0,4395.0,4489.0,4486.0,4395.0,4489.0,4476.0753369137965,4382.161795314196,4480.849469240935,4476.0753369137965,4382.161795314196,4480.849469240935,3.288238409130031,3.270918658839264,3.3494434634529284,1.691078,1.674889,1.722795,0.369621,0.36954299999999995,0.374552
original-kernel-module,udp-open,kernel,16384,64,59000,10000,3,3,False,0.48846824694881336,0.4795085990639284,0.5028540910037524,8889.640448218666,8726.583691230291,9151.448625088664,3.124952224048116,3.1059367452192954,3.15223214031831,6.397452124202415,6.268681505655261,6.477332734558969,351.5274034141959,344.4517113581862,355.91668574044405,2964.119,2850.339,2987.465,7739.204,6119.057,8842.894,13119.699,11562.207,15276.806,0.0,0.0,0.0,0.0,0.0,0.0,64.0,64.0,64.0,40.0,26.0,53.0,40.0,26.0,44.0,4452.0,4369.0,4587.0,4452.0,4369.0,4587.0,4444.820224109333,4363.291845615146,4575.724312544332,4444.820224109333,4363.291845615146,4575.724312544332,3.284878172342303,3.235726297251631,3.413170497237445,1.7005810000000001,1.642052,1.7199039999999999,0.37909699999999996,0.35009700000000005,0.386597
original-kernel-module,udp-open,kernel,16384,64,59000,100000,3,3,False,0.5191778574041311,0.5065807850539645,0.5233315664425401,9448.525077788538,9219.270782155862,9524.118486589665,3.2170261929418733,3.18215470624077,3.2538908264810633,6.217646775255871,6.196385587449505,6.281633255990522,341.64745336407464,340.47919293820934,345.16338454879894,2816.207,2731.389,2903.038,6671.117,6597.086,6986.682,12068.508,11682.277,15343.495,0.0,0.0,0.0,0.0,0.0,0.0,64.0,64.0,64.0,44.0,32.0,52.0,29.0,29.0,43.0,4758.0,4621.0,4771.0,4758.0,4621.0,4771.0,4724.262538894269,4609.635391077931,4762.059243294832,4724.262538894269,4609.635391077931,4762.059243294832,3.8667212000754034,3.5349585456604586,3.900830078267518,1.782962,1.69526,1.814449,0.388835,0.344445,0.423488
original-kernel-module,udp-open,kernel,16384,64,64,0,3,3,False,0.002231138490938136,0.0022187272637836197,0.0022410458621811113,37432.29238838315,37224.066549586765,37598.510495718736,3.028281896645426,3.0049981076391474,3.0383729543213343,1351.2806443408224,1346.8451733695936,1369.4215615938137,80.54260279779568,80.27822812614403,81.62388572655998,942.518,923.119,946.965,25196.41,19546.65,32411.065,53259.012,40197.841,57088.435,0.0,0.0,0.0,0.0,0.0,0.0,64.0,64.0,64.0,503.0,416.0,584.0,60.0,51.0,62.0,18872.0,18622.0,19121.0,18872.0,18622.0,19121.0,18716.146194191577,18612.033274793383,18799.255247859368,18716.146194191577,18612.033274793383,18799.255247859368,3.521233407055206,3.490776940334854,3.9794188661425096,0.17031700000000002,0.157633,0.18827,0.890731,0.876816,0.909483
original-kernel-module,udp-open,kernel,16384,64,64,10000,3,3,False,0.0011893140169240229,0.0011877384391335768,0.0011913818065453882,19953.378153761987,19926.94434484687,19988.069906882192,3.222470571832561,3.1837600150286245,3.3283464741432995,2709.520384,2680.52284082941,2793.685832583258,161.5,159.77161173995793,166.5166516651665,556.457,513.923,590.028,3139.193,2600.552,3865.145,6618.228,6007.679,6816.406,0.0,0.0,0.0,0.0,0.0,0.0,64.0,64.0,64.0,61.0,58.0,71.0,51.0,49.0,51.0,9999.0,9983.0,10000.0,9999.0,9983.0,10000.0,9976.689076880994,9963.472172423435,9994.034953441096,9976.689076880994,9963.472172423435,9994.034953441096,3.527228475862671,3.1731806779228577,3.7295086972442846,0.6230439999999999,0.561885,0.642441,1.495397,1.478948,1.509454
original-kernel-module,udp-open,kernel,16384,64,64,100000,3,3,False,0.0022309444313409706,0.002219468238473809,0.002330324268224586,37429.036608604634,37236.4980420146,39096.35359804582,3.067790003962415,2.9963385581793847,3.0783745953002133,1350.0254278203959,1321.0069676893283,1375.1082101665954,80.46778606297946,78.73815105493833,81.96283639470312,897.49,896.669,978.172,12106.135,11116.957,61399.331,45976.866,44228.506,87381.082,0.0,0.0,0.0,0.0,0.0,0.0,64.0,64.0,64.0,407.0,406.0,981.0,58.0,46.0,64.0,18728.0,18641.0,19622.0,18728.0,18641.0,19622.0,18714.518304302317,18618.2490210073,19548.17679902291,18714.518304302317,18618.2490210073,19548.17679902291,3.6207189893152645,3.318023467850651,3.9703541365044543,0.17577600000000002,0.15228799999999998,0.185463,0.8974949999999999,0.8843260000000001,0.9177029999999999
original-kernel-module,udp-open,kernel,4096,4096,1431,0,3,3,True,0.08182311204563612,0.07563616925347613,0.08208518963741301,61395.456026022155,56753.12252592605,61592.104293963486,3.769585967818267,3.6523496350557276,3.7874598290045762,46.288386426712215,45.92285142385972,48.28840052456611,61.68957890628388,61.20242214532872,64.35504290336193,433.051,382.976,555.355,200856.455,176036.842,215171.163,228501.41,224565.006,232760.818,0.0,0.0,0.0,0.0,0.0,0.0,4096.0,4096.0,4096.0,4113.0,4113.0,4113.0,4096.0,4096.0,4096.0,30745.333333333332,28436.0,30826.666666666668,30745.333333333332,28436.0,30826.666666666668,30697.728013011078,28376.561262963023,30796.052146981743,30697.728013011078,28376.561262963023,30796.052146981743,5.496725262301595,5.437050300978967,5.737895215945343,0.777281,0.724404,0.7837559999999999,1.710627,1.68142,1.722624
original-kernel-module,udp-open,kernel,4096,4096,1431,10000,3,3,True,0.02664739278255354,0.026612184148567843,0.026648915954874258,19994.703096564273,19968.28452013076,19995.84599930775,3.7594696791818016,3.754037489784583,3.77233398421846,141.07401912887832,141.06461419426972,141.56484332261823,188.0125341689446,188.0,188.66666666666666,900.234,806.864,924.662,223616.34,206622.711,230841.651,235275.372,232939.237,238582.547,0.0,0.0,0.0,0.0,0.0,0.0,4096.0,4096.0,4096.0,4096.0,4096.0,4096.0,4096.0,4096.0,4096.0,10000.0,9999.333333333334,10000.0,10000.0,9999.333333333334,10000.0,9997.351548282137,9984.14226006538,9997.922999653874,9997.351548282137,9984.14226006538,9997.922999653874,5.193740813206887,5.15811792628466,5.691945794421883,1.4235900000000001,1.3875380000000002,1.5334600000000003,2.9894119999999997,2.904435,3.047336
original-kernel-module,udp-open,kernel,4096,4096,64,0,3,3,True,0.0028955691760015312,0.002750694889366164,0.0036169870066894184,48579.589508719706,46149.00230899224,60682.97228042182,3.2854666412147187,3.245518155683806,3.6414842834533574,1134.6531343283582,1006.7728406871887,1179.8902772643253,67.63059701492537,60.00833753867082,70.32694085027727,685.282,485.931,729.137,210647.306,182324.192,214563.578,223894.908,220328.562,231001.38,0.0,0.0,0.0,0.0,0.0,0.0,4096.0,4096.0,4096.0,4113.0,4113.0,4113.0,4096.0,4096.0,4096.0,24298.666666666668,23082.666666666668,30384.666666666668,24298.666666666668,23082.666666666668,30384.666666666668,24289.794754359853,23074.50115449612,30341.48614021091,24289.794754359853,23074.50115449612,30341.48614021091,5.848252825021632,5.225197496344549,5.967379602334347,0.323035,0.31592400000000004,0.395151,1.625486,1.6044209999999999,1.731076
original-kernel-module,udp-open,kernel,4096,4096,64,10000,3,3,True,0.0011903800616925415,0.0011897157530148916,0.001191123113244128,19971.263417109094,19960.118166933487,19983.729753489195,3.601724617859864,3.5462476609918494,3.6570225448885227,3025.69299819988,2980.7520426666665,3070.230528,180.34535635709048,177.66666666666666,183.0,842.547,812.272,908.657,222141.23,212073.653,231495.183,237787.2,218893.073,253239.449,0.0,0.0,0.0,0.0,0.0,0.0,4096.0,4096.0,4096.0,4096.0,4096.0,4096.0,4096.0,4096.0,4096.0,10000.0,9999.333333333334,10000.0,10000.0,9999.333333333334,10000.0,9985.631708554547,9980.059083466744,9991.864876744597,9985.631708554547,9980.059083466744,9991.864876744597,5.2071709343111365,5.163003895370991,5.701734182982591,1.2158980000000001,1.198807,1.294968,2.877478,2.783525,2.893465
original-kernel-module,udp-open,kernel,4096,64,1431,0,3,3,False,0.06682341743551681,0.06355426047877429,0.06731931968221422,50140.52978555222,47687.538483193726,50512.62690846945,3.3313521848517063,3.2992452602552707,3.352457282606072,49.4858266628005,49.37259102976846,52.74952862878041,65.95087978473633,65.79996809698517,70.30048916841369,826.754,775.106,836.679,19846.28,3573.637,22829.539,41364.667,26286.47,44656.79,0.0,0.0,0.0,0.0,0.0,0.0,64.0,64.0,64.0,1225.0,856.0,1297.0,64.0,59.0,64.0,25076.0,23850.0,25271.333333333332,25076.0,23850.0,25271.333333333332,25070.26489277611,23843.769241596863,25256.313454234725,25070.26489277611,23843.769241596863,25256.313454234725,5.457033491063328,5.26848033526926,5.684660206889362,0.607716,0.597917,0.640264,1.498166,1.4931800000000002,1.513895
original-kernel-module,udp-open,kernel,4096,64,1431,10000,3,3,False,0.026629095789473336,0.026613760603627433,0.02665120667922031,19980.97406321441,19969.467403241273,19997.564829872117,3.799537317675702,3.7209774261372903,3.869648643575857,142.56530157931516,139.81404137339854,145.31656178523176,190.0,186.33333333333334,193.66666666666666,195.984,189.776,213.511,1911.566,1833.949,2069.734,3707.087,3127.896,3800.508,0.0,0.0,0.0,0.0,0.0,0.0,64.0,64.0,64.0,36.0,32.0,50.0,36.0,32.0,36.0,10000.0,10000.0,10000.0,10000.0,10000.0,10000.0,9990.487031607205,9984.733701620637,9998.782414936059,9990.487031607205,9984.733701620637,9998.782414936059,5.429202565343189,5.298632164398782,5.4891878437090895,1.678874,1.431048,2.3431189999999997,2.83014,2.247862,3.3215079999999997
original-kernel-module,udp-open,kernel,4096,64,64,0,3,3,False,0.0030411026550123243,0.0029105142536254795,0.003573413109072353,51021.23612131525,48830.32630415345,59951.92358813842,3.2020582153848585,3.18577457120429,3.457381254971759,1052.9267106808277,967.529123961065,1094.5744612780827,62.759322564651235,57.66922974354416,65.24172194469467,853.134,758.021,1035.638,25807.9,6623.345,42810.252,44823.811,34723.835,61565.48,0.0,0.0,0.0,0.0,0.0,0.0,64.0,64.0,64.0,1074.0,686.0,1529.0,64.0,58.0,64.0,25547.333333333332,24422.0,29998.666666666668,25547.333333333332,24422.0,29998.666666666668,25510.618060657624,24415.163152076726,29975.96179406921,25510.618060657624,24415.163152076726,29975.96179406921,5.449448930963172,5.380539279265804,5.554170545821648,0.283889,0.27126700000000004,0.341508,1.597067,1.591839,1.661486
original-kernel-module,udp-open,kernel,4096,64,64,10000,3,3,False,0.001190996478441717,0.001190291277771525,0.0011916936507240386,19981.60517405603,19969.773870088873,19993.301784025753,3.54796315758579,3.4124176656514384,3.756541772722533,2980.7520426666665,2863.502430828722,3154.116608,177.66666666666666,170.67804520301354,188.0,401.644,302.615,446.312,2125.498,2121.823,2158.117,3554.729,3494.337,3646.967,0.0,0.0,0.0,0.0,0.0,0.0,64.0,64.0,64.0,35.0,33.0,37.0,35.0,33.0,37.0,10000.0,9999.333333333334,10000.0,10000.0,9999.333333333334,10000.0,9990.802587028014,9984.886935044437,9996.650892012876,9990.802587028014,9984.886935044437,9996.650892012876,5.422449864109922,5.193176383541015,5.451981381229416,1.338238,1.216965,1.377288,2.8536710000000003,2.6511899999999997,3.131414
original-kernel-module,udp-open,kernel,64,64,0,0,3,3,False,0.0,0.0,0.0,71072.62054102648,63295.77928036265,83510.48268002515,3.349181021415652,3.198674926520964,3.508255867087421,,,,47.123364748909836,42.00976637303715,50.53535895897161,,,,,,,,,,0.0,0.0,0.0,0.0,0.0,0.0,64.0,64.0,64.0,1359.0,1185.0,1679.0,64.0,63.0,64.0,35545.0,31661.0,41776.0,35545.0,31661.0,41776.0,35536.31027051324,31647.889640181325,41755.24134001257,35536.31027051324,31647.889640181325,41755.24134001257,3.56640264705608,3.146758102882515,3.6862055262054554,0.218213,0.19291,0.22841499999999998,1.083181,1.070161,1.152317
original-kernel-module,udp-open,kernel,64,64,0,1000,3,3,False,0.0,0.0,0.0,1999.9260047377506,1999.9169734468476,1999.9557869774173,3.9798347771592266,3.9299131214106255,3.979852749428124,,,,1990.0,1965.0,1990.0,,,,,,,,,,0.0,0.0,0.0,0.0,0.0,0.0,64.0,64.0,64.0,7.0,5.0,7.0,7.0,5.0,7.0,1000.0,1000.0,1000.0,1000.0,1000.0,1000.0,999.9630023688753,999.9584867234238,999.9778934887087,999.9630023688753,999.9584867234238,999.9778934887087,3.265928150049092,3.239732067022217,3.9125309769676164,1.250229,1.227853,1.341111,2.646499,2.558637,2.6513020000000003
original-kernel-module,udp-open,kernel,64,64,0,10000,3,3,False,0.0,0.0,0.0,19999.43129617166,19978.825701305206,19999.596928123512,3.8999214009840846,3.899889102753474,3.9058604246051685,,,,195.0,195.0,195.5,,,,,,,,,,0.0,0.0,0.0,0.0,0.0,0.0,64.0,64.0,64.0,24.0,22.0,25.0,24.0,22.0,25.0,10000.0,10000.0,10000.0,10000.0,10000.0,10000.0,9999.71564808583,9989.412850652603,9999.798464061756,9999.71564808583,9989.412850652603,9999.798464061756,3.380298791238559,3.1604607369846605,3.8047799417336563,1.100325,1.077174,1.101041,2.292995,2.241429,2.3272899999999996
original-kernel-module,udp-open,kernel,64,64,1431,0,3,3,False,0.07115688732593535,0.06962475163074593,0.08137272199980132,53392.121584564855,52242.493229590575,61057.508695954995,3.4574176651181765,3.358360320873657,3.588361826349717,48.23514974508897,44.0978467742357,48.588658035046066,64.28407438585751,58.77019719586828,64.75520287468184,797.69,790.008,835.176,21101.739,10726.238,24890.58,37628.295,27202.158,41150.935,0.0,0.0,0.0,0.0,0.0,0.0,64.0,64.0,64.0,669.0,425.0,786.0,59.0,57.0,64.0,26716.0,26134.0,30883.0,26716.0,26134.0,30883.0,26696.060792282427,26121.246614795287,30528.754347977498,26696.060792282427,26121.246614795287,30528.754347977498,3.5872822496325227,3.202263947941546,3.5977407339250647,0.410771,0.391522,0.52296,1.083519,1.081652,1.108064
original-kernel-module,udp-open,kernel,64,64,1431,1000,3,3,False,0.002665381855088186,0.0026653714977007306,0.0026653904774214363,1999.952463129904,1999.9446915295557,1999.9589328432733,3.969890212686168,3.949918892365465,3.9699056393128593,1489.4322296575822,1481.928792732355,1489.4322296575822,1985.0,1975.0,1985.0,156.926,146.4,197.567,2807.133,2355.294,3129.819,4215.512,4163.986,4726.602,0.0,0.0,0.0,0.0,0.0,0.0,64.0,64.0,64.0,6.0,5.0,8.0,6.0,5.0,8.0,1000.0,1000.0,1000.0,1000.0,1000.0,1000.0,999.976231564952,999.9723457647779,999.9794664216366,999.976231564952,999.9723457647779,999.9794664216366,3.4007836201630113,3.200657729081115,3.5121007923627445,1.3293730000000001,1.160106,1.33934,2.560129,2.559361,2.715989
original-kernel-module,udp-open,kernel,64,64,1431,10000,3,3,False,0.026650436131274376,0.026639339162158878,0.02665348944141684,19996.986654081098,19988.660113299164,19999.27768608781,3.9477603723765853,3.909858787630167,3.9594033575080574,148.19287927323552,146.69219188819008,148.56805111949686,197.5,195.5,198.0,162.695,103.005,164.067,1162.95,1072.944,1497.443,2447.142,2401.303,2461.844,0.0,0.0,0.0,0.0,0.0,0.0,64.0,64.0,64.0,22.0,20.0,24.0,22.0,20.0,24.0,10000.0,10000.0,10000.0,10000.0,10000.0,10000.0,9998.493327040549,9994.330056649582,9999.638843043906,9998.493327040549,9994.330056649582,9999.638843043906,3.3220680955847826,3.2462715940199587,3.7316618701063504,1.162261,1.115705,1.171304,2.187705,2.141732,2.1981390000000003
original-kernel-module,udp-open,kernel,64,64,59000,0,3,3,False,0.8285266499160315,0.7723111100145913,0.8345849762214247,15078.368073109308,14055.30067733105,15188.62363815236,3.868804928161891,3.6929848392362508,3.909491943874744,4.684354565756659,4.669499681819507,4.781732117211779,257.39606412094355,256.57981748445974,262.7467689248686,1972.568,1932.608,1993.47,10846.88,8811.808,11319.732,17578.388,14007.896,17750.267,0.0,0.0,0.0,0.0,0.0,0.0,64.0,64.0,64.0,68.0,63.0,87.0,47.0,46.0,52.0,7561.0,7041.0,7673.0,7561.0,7041.0,7673.0,7539.184036554654,7027.650338665525,7594.31181907618,7539.184036554654,7027.650338665525,7594.31181907618,3.481397490947728,3.2698324826150724,3.4925160730070104,2.688783,2.5510240000000004,2.7346769999999996,0.383506,0.368093,0.390124
original-kernel-module,udp-open,kernel,64,64,59000,1000,3,3,False,0.10989256471547336,0.10983005407501648,0.10989297625156569,1999.936320027634,1998.798688008929,1999.943809578726,3.949874232054577,3.93763341537759,3.949889023917984,35.94305258305085,35.85205751322034,35.94305258305085,1975.0,1970.0,1975.0,1709.802,1619.686,1995.382,4194.431,3679.336,4442.744,5272.613,4725.791,5440.816,0.0,0.0,0.0,0.0,0.0,0.0,64.0,64.0,64.0,6.0,6.0,6.0,6.0,6.0,6.0,1000.0,1000.0,1000.0,1000.0,1000.0,1000.0,999.968160013817,999.3993440044645,999.971904789363,999.968160013817,999.3993440044645,999.971904789363,3.5644910130884995,3.1676171751615527,3.9047078250727907,1.345323,1.2918120000000002,1.41833,2.4791369999999997,2.417089,2.531333
original-kernel-module,udp-open,kernel,64,64,59000,10000,3,3,False,0.8199281786639783,0.8089313224008812,0.8342118275601894,14921.884374706066,14721.752433990749,15181.832700455107,3.8847630984879267,3.791180485847441,3.8874512974191147,4.686653095092602,4.660028986628855,4.737930954901325,257.5223637842234,256.0594214229867,260.3399812608754,1945.316,1912.197,1954.812,10595.292,9367.944,10609.753,16325.153,15133.549,17485.699,0.0,0.0,0.0,0.0,0.0,0.0,64.0,64.0,64.0,81.0,64.0,81.0,49.0,48.0,52.0,7471.0,7378.0,7674.0,7471.0,7378.0,7674.0,7460.942187353033,7360.876216995374,7590.916350227553,7460.942187353033,7360.876216995374,7590.916350227553,3.399706970583509,3.222793867528935,3.67058185557255,2.701473,2.63664,2.7175879999999997,0.37016,0.36476099999999995,0.39260900000000004
original-kernel-module,udp-open,kernel,64,64,64,0,3,3,False,0.003157760272138158,0.002976144675172202,0.0034769911915514796,52978.426161880656,49931.42206261387,58334.23225075655,3.3347394252135496,3.2386652683149615,3.471210069141353,1056.0457849308357,998.3373203751066,1088.208276745676,62.94523387735102,59.50554134697357,64.86226777706598,907.736,770.729,988.527,25493.216,11828.297,33856.701,54791.849,27524.784,63487.743,0.0,0.0,0.0,0.0,0.0,0.0,64.0,64.0,64.0,858.0,351.0,1028.0,62.0,59.0,64.0,26531.0,24976.0,29325.0,26531.0,24976.0,29325.0,26489.213080940328,24965.711031306935,29167.116125378274,26489.213080940328,24965.711031306935,29167.116125378274,3.356373302365256,3.2505329722221887,3.9937348773031545,0.21377399999999996,0.207202,0.218964,1.104828,1.081832,1.128547
original-kernel-module,udp-open,kernel,64,64,64,1000,3,3,False,0.00011920658868710137,0.00011920481948925522,0.00011920694916074838,1999.954687026656,1999.9250048122444,1999.9607347708943,3.9798507595763666,3.969910053747913,3.9799218621940797,33386.65984,33302.773760000004,33386.65984,1990.0,1985.0,1990.0,136.656,135.414,162.915,2431.599,2347.202,3116.259,4176.984,3373.166,4213.99,0.0,0.0,0.0,0.0,0.0,0.0,64.0,64.0,64.0,6.0,5.0,7.0,6.0,5.0,7.0,1000.0,1000.0,1000.0,1000.0,1000.0,1000.0,999.977343513328,999.9625024061222,999.9803673854472,999.977343513328,999.9625024061222,999.9803673854472,3.4067648570919147,3.2228742108438126,3.718466612697597,1.247628,1.176011,1.272341,2.642576,2.622171,2.7175219999999998
original-kernel-module,udp-open,kernel,64,64,64,10000,3,3,False,0.0011908976950993407,0.0011906852412205662,0.0011913452810728186,19979.94786458378,19976.383479969543,19987.45711113939,3.907547865227751,3.9060798075261296,3.9353475455540003,3279.945728,3279.945728,3305.111552,195.5,195.5,197.0,187.071,173.411,202.715,1594.89,1487.729,1634.94,2482.915,2442.395,2589.567,0.0,0.0,0.0,0.0,0.0,0.0,64.0,64.0,64.0,27.0,24.0,29.0,27.0,24.0,29.0,10000.0,10000.0,10000.0,10000.0,10000.0,10000.0,9989.97393229189,9988.191739984772,9993.728555569694,9989.97393229189,9988.191739984772,9993.728555569694,3.465388882875061,3.1685635569216544,3.6686232492176316,1.035196,1.008534,1.075919,2.224187,2.209498,2.261096
original-kernel-module,udp-rr,kernel,1,1,0,0,3,3,False,0.0,0.0,0.0,12056.498604228816,11928.391861922742,12217.6896593208,1.1298476784553813,1.0798655243462534,1.1697787971690128,,,,94.71919530595139,89.56709238679714,95.74468085106383,160.882,159.57,161.713,199.74,197.677,205.329,316.516,306.821,318.619,0.0,0.0,0.0,0.0,0.0,0.0,,,,,,,,,,6028.249302114408,5964.195930961371,6108.8448296604,6028.249302114408,5964.195930961371,6108.8448296604,6028.249302114408,5964.195930961371,6108.8448296604,6028.249302114408,5964.195930961371,6108.8448296604,3.217533707298708,3.0786634567870603,3.701550966017445,,,,,,
original-kernel-module,udp-rr,kernel,1024,1024,0,0,3,3,False,0.0,0.0,0.0,40128.3842787007,39614.14420109864,41049.01948872974,2.729074014270662,2.6889237421386665,2.7689894794413936,,,,67.87787030027756,67.45567894019092,68.0085695779981,193.11,192.74,194.903,292.711,286.361,294.493,365.8,344.829,386.341,0.0,0.0,0.0,0.0,0.0,0.0,,,,,,,,,,20064.19213935035,19807.07210054932,20524.50974436487,20064.19213935035,19807.07210054932,20524.50974436487,20064.19213935035,19807.07210054932,20524.50974436487,20064.19213935035,19807.07210054932,20524.50974436487,3.4329289684268076,3.3176979762089616,3.9085363948199188,,,,,,
original-kernel-module,udp-rr,kernel,16384,16384,0,0,3,3,False,0.0,0.0,0.0,33076.48906979719,30495.957305484244,35077.15150448248,2.553244844369823,2.4932923429822296,2.6433046546914225,,,,77.19213605113978,75.35687880338963,81.75812675779973,209.405,206.741,218.639,345.31,324.008,359.04,1488.279,847.005,1793.288,0.0,0.0,0.0,0.0,0.0,0.0,,,,,,,,,,16538.244534898597,15247.978652742122,17538.57575224124,16538.244534898597,15247.978652742122,17538.57575224124,16538.244534898597,15247.978652742122,17538.57575224124,16538.244534898597,15247.978652742122,17538.57575224124,3.6021220217243126,3.2858090360880396,3.609006666014693,,,,,,
original-kernel-module,udp-rr,kernel,4096,4096,0,0,3,3,False,0.0,0.0,0.0,39088.86808292836,38754.6491001708,39877.735458661606,2.73795946999396,2.6781099373022985,2.7680380699767615,,,,69.41312083395981,69.10422360889072,70.04448080167698,198.148,195.755,201.463,302.856,300.663,303.677,374.173,363.226,383.267,0.0,0.0,0.0,0.0,0.0,0.0,,,,,,,,,,19544.43404146418,19377.3245500854,19938.867729330803,19544.43404146418,19377.3245500854,19938.867729330803,19544.43404146418,19377.3245500854,19938.867729330803,19544.43404146418,19377.3245500854,19938.867729330803,3.34264693565342,3.3408698922602866,3.653605009366629,,,,,,
original-kernel-module,udp-rr,kernel,64,64,0,0,3,3,False,0.0,0.0,0.0,40753.102783328155,40523.08719011106,41623.782485241994,2.7292702040645143,2.7094040828284065,2.759322660788488,,,,66.860751998421,66.2919729067589,66.97085663821018,192.079,189.275,192.209,281.013,276.466,284.838,336.947,333.902,352.13,0.0,0.0,0.0,0.0,0.0,0.0,,,,,,,,,,20376.551391664078,20261.54359505553,20811.891242620997,20376.551391664078,20261.54359505553,20811.891242620997,20376.551391664078,20261.54359505553,20811.891242620997,20376.551391664078,20261.54359505553,20811.891242620997,3.539290294275233,3.3317168315618346,3.60405353365681,,,,,,
