    Finished `dev` profile [unoptimized + debuginfo] target(s) in 0.20s
     Running `target/debug/xtask metal run -- python3 spike-scratch/netns-density-295-kernel-vs-aya-benchmark/increment-h/run.py --matrix run-matrix.json`
/usr/bin/ssh
xtask: running metal run (one bootstrap lease session)

########## [bootstrap] preflight: ssh to <redacted canonical metal target>

########## [bootstrap] remote user=ubuntu home=/home/ubuntu sudo='sudo -n'

########## [bootstrap] acquire canonical metal lease (/run/lock/overdrive-metal-shared.lock)
OVERDRIVE_METAL_LEASE_ACQUIRED token=c92c05dd453ec5337a4b4c45 pid=890788

########## [bootstrap] sync /Users/marcus/conductor/workspaces/helios/wellington-v2 -> <redacted canonical metal target>:/home/ubuntu/overdrive

sent 582,463 bytes  received 10,307 bytes  91,195.38 bytes/sec
total size is 875,801,613  speedup is 1,477.47

########## [bootstrap] fail-closed native x86_64/KVM preflight
7.0.0-29-generic

   Compiling proc-macro2 v1.0.107
   Compiling quote v1.0.47
   Compiling unicode-ident v1.0.26
   Compiling equivalent v1.0.2
   Compiling crc32fast v1.5.2
   Compiling version_check v0.9.5
   Compiling foldhash v0.1.5
   Compiling allocator-api2 v0.2.21
   Compiling cfg-if v1.0.5
   Compiling memchr v2.8.3
   Compiling thiserror v1.0.69
   Compiling hashbrown v0.17.1
   Compiling object v0.36.7
   Compiling serde_core v1.0.229
   Compiling libc v0.2.190
   Compiling zmij v1.0.23
   Compiling bytes v1.12.1
   Compiling log v0.4.34
   Compiling serde_json v1.0.151
   Compiling assert_matches v1.5.0
   Compiling bitflags v2.13.2
   Compiling itoa v1.0.18
   Compiling once_cell v1.21.4
   Compiling core-error v0.0.0
   Compiling hashbrown v0.15.5
   Compiling indexmap v2.14.2
   Compiling syn v2.0.119
   Compiling thiserror-impl v1.0.69
   Compiling aya-obj v0.2.1
   Compiling aya v0.13.1
   Compiling aya-vsock-probe v0.0.0 (/home/ubuntu/overdrive/spike-scratch/netns-density-295-kernel-vs-aya-benchmark/increment-h)
    Finished `release` profile [optimized] target(s) in 10.30s

   Compiling proc-macro2 v1.0.107
   Compiling unicode-ident v1.0.26
   Compiling quote v1.0.47
   Compiling serde_core v1.0.229
   Compiling zmij v1.0.23
   Compiling serde v1.0.229
   Compiling thiserror v2.0.21
   Compiling camino v1.2.6
   Compiling serde_json v1.0.151
   Compiling memchr v2.8.3
   Compiling itoa v1.0.18
   Compiling anyhow v1.0.104
   Compiling compiler_builtins v0.1.160 (/home/ubuntu/.rustup/toolchains/nightly-x86_64-unknown-linux-gnu/lib/rustlib/src/rust/library/compiler-builtins/compiler-builtins)
   Compiling version_check v0.9.5
   Compiling rustversion v1.0.23
   Compiling core v0.0.0 (/home/ubuntu/.rustup/toolchains/nightly-x86_64-unknown-linux-gnu/lib/rustlib/src/rust/library/core)
   Compiling proc-macro2-diagnostics v0.10.1
   Compiling aya-ebpf v0.1.1
   Compiling syn v3.0.6
   Compiling syn v2.0.119
   Compiling cargo-platform v0.3.3
   Compiling semver v1.0.28
   Compiling thiserror-impl v2.0.21
   Compiling serde_derive v1.0.229
   Compiling aya-ebpf-macros v0.1.2
   Compiling cargo_metadata v0.23.1
   Compiling aya-build v0.1.3
   Compiling aya-ebpf-cty v0.2.3
   Compiling aya-ebpf-bindings v0.1.2
   Compiling aya-vsock-bpf v0.0.0 (/home/ubuntu/overdrive/spike-scratch/netns-density-295-kernel-vs-aya-benchmark/increment-h/tcp-bpf)
    Finished `release` profile [optimized] target(s) in 10.63s

   Compiling proc-macro2 v1.0.107
   Compiling quote v1.0.47
   Compiling unicode-ident v1.0.26
   Compiling serde_core v1.0.229
   Compiling zmij v1.0.23
   Compiling camino v1.2.6
   Compiling thiserror v2.0.21
   Compiling serde_json v1.0.151
   Compiling serde v1.0.229
   Compiling anyhow v1.0.104
   Compiling memchr v2.8.3
   Compiling itoa v1.0.18
   Compiling compiler_builtins v0.1.160 (/home/ubuntu/.rustup/toolchains/nightly-x86_64-unknown-linux-gnu/lib/rustlib/src/rust/library/compiler-builtins/compiler-builtins)
   Compiling rustversion v1.0.23
   Compiling version_check v0.9.5
   Compiling core v0.0.0 (/home/ubuntu/.rustup/toolchains/nightly-x86_64-unknown-linux-gnu/lib/rustlib/src/rust/library/core)
   Compiling proc-macro2-diagnostics v0.10.1
   Compiling aya-ebpf v0.1.1
   Compiling syn v3.0.6
   Compiling syn v2.0.119
   Compiling cargo-platform v0.3.3
   Compiling semver v1.0.28
   Compiling serde_derive v1.0.229
   Compiling thiserror-impl v2.0.21
   Compiling aya-ebpf-macros v0.1.2
   Compiling cargo_metadata v0.23.1
   Compiling aya-build v0.1.3
   Compiling aya-ebpf-cty v0.2.3
   Compiling aya-ebpf-bindings v0.1.2
   Compiling aya-vsock-bpf v0.0.0 (/home/ubuntu/overdrive/spike-scratch/netns-density-295-kernel-vs-aya-benchmark/increment-h/udp-bpf)
    Finished `release` profile [optimized] target(s) in 10.75s

make: Entering directory '/usr/src/linux-headers-7.0.0-29-generic'
make[1]: Entering directory '/home/ubuntu/overdrive/spike-scratch/netns-density-295-kernel-vs-aya-benchmark/out/increment-h/module'
warning: the compiler differs from the one used to build the kernel
  The kernel was built by: x86_64-linux-gnu-gcc (Ubuntu 15.2.0-16ubuntu1) 15.2.0
  You are using:           gcc (Ubuntu 15.2.0-16ubuntu1) 15.2.0
warning: pahole version differs from the one used to build the kernel
  The kernel was built with: 131
  You are using:             0
  CC [M]  shmproxy.o
shmproxy.c: In function ‘serve’:
shmproxy.c:99:4: warning: this ‘if’ clause does not guard... [-Wmisleading-indentation]
   99 |    if (h.kind != 12) atomic64_inc(&rejected); break;
      |    ^~
shmproxy.c:99:47: note: ...this statement, but the latter is misleadingly indented as if it were guarded by the ‘if’
   99 |    if (h.kind != 12) atomic64_inc(&rejected); break;
      |                                               ^~~~~
shmproxy.c:109:3: warning: this ‘if’ clause does not guard... [-Wmisleading-indentation]
  109 |   if (rc) break; atomic64_add(n, &to_net);
      |   ^~
shmproxy.c:109:18: note: ...this statement, but the latter is misleadingly indented as if it were guarded by the ‘if’
  109 |   if (rc) break; atomic64_add(n, &to_net);
      |                  ^~~~~~~~~~~~
  MODPOST Module.symvers
  CC [M]  shmproxy.mod.o
  CC [M]  .module-common.o
  LD [M]  shmproxy.ko
  BTF [M] shmproxy.ko
Skipping BTF generation for shmproxy.ko due to unavailability of vmlinux
make[1]: Leaving directory '/home/ubuntu/overdrive/spike-scratch/netns-density-295-kernel-vs-aya-benchmark/out/increment-h/module'
make: Leaving directory '/usr/src/linux-headers-7.0.0-29-generic'

rustc 1.95.0 (59807616e 2026-04-14)

cargo 1.101.0-nightly (f3865b2a4 2026-09-29)

bpf-linker 0.0.0

Architecture:                            x86_64
CPU op-mode(s):                          32-bit, 64-bit
Address sizes:                           52 bits physical, 57 bits virtual
Byte Order:                              Little Endian
CPU(s):                                  16
On-line CPU(s) list:                     0-15
Vendor ID:                               AuthenticAMD
Model name:                              AMD EPYC 8024P 8-Core Processor
CPU family:                              25
Model:                                   160
Thread(s) per core:                      2
Core(s) per socket:                      8
Socket(s):                               1
Stepping:                                2
Frequency boost:                         enabled
CPU(s) scaling MHz:                      80%
CPU max MHz:                             3001.2500
CPU min MHz:                             1500.0000
BogoMIPS:                                4792.67
Flags:                                   fpu vme de pse tsc msr pae mce cx8 apic sep mtrr pge mca cmov pat pse36 clflush mmx fxsr sse sse2 ht syscall nx mmxext fxsr_opt pdpe1gb rdtscp lm constant_tsc rep_good amd_lbr_v2 nopl xtopology nonstop_tsc cpuid extd_apicid aperfmperf rapl pni pclmulqdq monitor ssse3 fma cx16 pcid sse4_1 sse4_2 x2apic movbe popcnt aes xsave avx f16c rdrand lahf_lm cmp_legacy svm extapic cr8_legacy abm sse4a misalignsse 3dnowprefetch osvw ibs skinit wdt tce topoext perfctr_core perfctr_nb bpext perfctr_llc mwaitx cpuid_fault cpb cat_l3 cdp_l3 hw_pstate ssbd mba perfmon_v2 ibrs ibpb stibp ibrs_enhanced vmmcall fsgsbase bmi1 avx2 smep bmi2 erms invpcid cqm rdt_a avx512f avx512dq rdseed adx smap avx512ifma clflushopt clwb avx512cd sha_ni avx512bw avx512vl xsaveopt xsavec xgetbv1 xsaves cqm_llc cqm_occup_llc cqm_mbm_total cqm_mbm_local user_shstk avx512_bf16 clzero irperf xsaveerptr rdpru wbnoinvd amd_ppin cppc arat npt lbrv svm_lock nrip_save tsc_scale vmcb_clean flushbyasid decodeassists pausefilter pfthreshold avic v_vmsave_vmload vgif x2avic v_spec_ctrl vnmi avx512vbmi umip pku ospke avx512_vbmi2 gfni vaes vpclmulqdq avx512_vnni avx512_bitalg avx512_vpopcntdq la57 rdpid overflow_recov succor smca fsrm flush_l1d debug_swap
Virtualization:                          AMD-V
L1d cache:                               256 KiB (8 instances)
L1i cache:                               256 KiB (8 instances)
L2 cache:                                8 MiB (8 instances)
L3 cache:                                32 MiB (2 instances)
NUMA node(s):                            1
NUMA node0 CPU(s):                       0-15
Vulnerability Gather data sampling:      Not affected
Vulnerability Ghostwrite:                Not affected
Vulnerability Indirect target selection: Not affected
Vulnerability Itlb multihit:             Not affected
Vulnerability L1tf:                      Not affected
Vulnerability Mds:                       Not affected
Vulnerability Meltdown:                  Not affected
Vulnerability Mmio stale data:           Not affected
Vulnerability Old microcode:             Not affected
Vulnerability Reg file data sampling:    Not affected
Vulnerability Retbleed:                  Not affected
Vulnerability Spec rstack overflow:      Mitigation; Safe RET
Vulnerability Spec store bypass:         Mitigation; Speculative Store Bypass disabled via prctl
Vulnerability Spectre v1:                Mitigation; usercopy/swapgs barriers and __user pointer sanitization
Vulnerability Spectre v2:                Mitigation; Enhanced / Automatic IBRS; IBPB conditional; STIBP always-on; PBRSB-eIBRS Not affected; BHI Not affected
Vulnerability Srbds:                     Not affected
Vulnerability Tsa:                       Vulnerable: No microcode
Vulnerability Tsx async abort:           Not affected
Vulnerability Vmscape:                   Mitigation; IBPB before exit to userspace

	linux-vdso.so.1 (0x00007f7062ac2000)
	libgcc_s.so.1 => /usr/lib/x86_64-linux-gnu/libgcc_s.so.1 (0x00007f7062907000)
	libc.so.6 => /usr/lib/x86_64-linux-gnu/libc.so.6 (0x00007f7062600000)
	/lib64/ld-linux-x86-64.so.2 (0x00007f7062ac4000)

	linux-vdso.so.1 (0x000072ae53b9b000)
	libm.so.6 => /usr/lib/x86_64-linux-gnu/libm.so.6 (0x000072ae53a66000)
	libz.so.1 => /usr/lib/x86_64-linux-gnu/libz.so.1 (0x000072ae53a48000)
	libelf.so.1 => /usr/lib/x86_64-linux-gnu/libelf.so.1 (0x000072ae53a27000)
	libdebuginfod.so.1 => /usr/lib/x86_64-linux-gnu/libdebuginfod.so.1 (0x000072ae53a1b000)
	libdw.so.1 => /usr/lib/x86_64-linux-gnu/libdw.so.1 (0x000072ae52d3b000)
	libslang.so.2 => /usr/lib/x86_64-linux-gnu/libslang.so.2 (0x000072ae52800000)
	libpython3.14.so.1.0 => /usr/lib/x86_64-linux-gnu/libpython3.14.so.1.0 (0x000072ae51e00000)
	libLLVM.so.21.1 => /usr/lib/x86_64-linux-gnu/libLLVM.so.21.1 (0x000072ae49800000)
	libstdc++.so.6 => /usr/lib/x86_64-linux-gnu/libstdc++.so.6 (0x000072ae49400000)
	liblzma.so.5 => /usr/lib/x86_64-linux-gnu/liblzma.so.5 (0x000072ae539e4000)
	libzstd.so.1 => /usr/lib/x86_64-linux-gnu/libzstd.so.1 (0x000072ae52c78000)
	libnuma.so.1 => /usr/lib/x86_64-linux-gnu/libnuma.so.1 (0x000072ae52c6a000)
	libtraceevent.so.1 => /usr/lib/x86_64-linux-gnu/libtraceevent.so.1 (0x000072ae52c49000)
	libgcc_s.so.1 => /usr/lib/x86_64-linux-gnu/libgcc_s.so.1 (0x000072ae52c1b000)
	libc.so.6 => /usr/lib/x86_64-linux-gnu/libc.so.6 (0x000072ae49000000)
	/lib64/ld-linux-x86-64.so.2 (0x000072ae53b9d000)
	libcurl-gnutls.so.4 => /usr/lib/x86_64-linux-gnu/libcurl-gnutls.so.4 (0x000072ae52713000)
	libjson-c.so.5 => /usr/lib/x86_64-linux-gnu/libjson-c.so.5 (0x000072ae52c04000)
	libbz2.so.1.0 => /usr/lib/x86_64-linux-gnu/libbz2.so.1.0 (0x000072ae52bef000)
	libexpat.so.1 => /usr/lib/x86_64-linux-gnu/libexpat.so.1 (0x000072ae52bc1000)
	libffi.so.8 => /usr/lib/x86_64-linux-gnu/libffi.so.8 (0x000072ae52bb0000)
	libedit.so.2 => /usr/lib/x86_64-linux-gnu/libedit.so.2 (0x000072ae526d9000)
	libxml2.so.16 => /usr/lib/x86_64-linux-gnu/libxml2.so.16 (0x000072ae4929d000)
	libnghttp2.so.14 => /usr/lib/x86_64-linux-gnu/libnghttp2.so.14 (0x000072ae526ad000)
	libidn2.so.0 => /usr/lib/x86_64-linux-gnu/libidn2.so.0 (0x000072ae5268b000)
	librtmp.so.1 => /usr/lib/x86_64-linux-gnu/librtmp.so.1 (0x000072ae5266b000)
	libldap.so.2 => /usr/lib/x86_64-linux-gnu/libldap.so.2 (0x000072ae51d9d000)
	liblber.so.2 => /usr/lib/x86_64-linux-gnu/liblber.so.2 (0x000072ae52658000)
	libssh2.so.1 => /usr/lib/x86_64-linux-gnu/libssh2.so.1 (0x000072ae51d50000)
	libpsl.so.5 => /usr/lib/x86_64-linux-gnu/libpsl.so.5 (0x000072ae51d3b000)
	libnettle.so.8 => /usr/lib/x86_64-linux-gnu/libnettle.so.8 (0x000072ae51ce4000)
	libgnutls.so.30 => /usr/lib/x86_64-linux-gnu/libgnutls.so.30 (0x000072ae48c00000)
	libgssapi_krb5.so.2 => /usr/lib/x86_64-linux-gnu/libgssapi_krb5.so.2 (0x000072ae497a8000)
	libbrotlidec.so.1 => /usr/lib/x86_64-linux-gnu/libbrotlidec.so.1 (0x000072ae49799000)
	libtinfo.so.6 => /usr/lib/x86_64-linux-gnu/libtinfo.so.6 (0x000072ae49764000)
	libbsd.so.0 => /usr/lib/x86_64-linux-gnu/libbsd.so.0 (0x000072ae4974e000)
	libunistring.so.5 => /usr/lib/x86_64-linux-gnu/libunistring.so.5 (0x000072ae48e19000)
	libhogweed.so.6 => /usr/lib/x86_64-linux-gnu/libhogweed.so.6 (0x000072ae49703000)
	libgmp.so.10 => /usr/lib/x86_64-linux-gnu/libgmp.so.10 (0x000072ae48b7a000)
	libsasl2.so.2 => /usr/lib/x86_64-linux-gnu/libsasl2.so.2 (0x000072ae496e8000)
	libssl.so.3 => /usr/lib/x86_64-linux-gnu/libssl.so.3 (0x000072ae48a69000)
	libcrypto.so.3 => /usr/lib/x86_64-linux-gnu/libcrypto.so.3 (0x000072ae48400000)
	libp11-kit.so.0 => /usr/lib/x86_64-linux-gnu/libp11-kit.so.0 (0x000072ae48225000)
	libtasn1.so.6 => /usr/lib/x86_64-linux-gnu/libtasn1.so.6 (0x000072ae496d1000)
	libkrb5.so.3 => /usr/lib/x86_64-linux-gnu/libkrb5.so.3 (0x000072ae48159000)
	libk5crypto.so.3 => /usr/lib/x86_64-linux-gnu/libk5crypto.so.3 (0x000072ae496a5000)
	libcom_err.so.2 => /usr/lib/x86_64-linux-gnu/libcom_err.so.2 (0x000072ae51cde000)
	libkrb5support.so.0 => /usr/lib/x86_64-linux-gnu/libkrb5support.so.0 (0x000072ae49290000)
	libbrotlicommon.so.1 => /usr/lib/x86_64-linux-gnu/libbrotlicommon.so.1 (0x000072ae4926d000)
	libmd.so.0 => /usr/lib/x86_64-linux-gnu/libmd.so.0 (0x000072ae4925e000)
	libkeyutils.so.1 => /usr/lib/x86_64-linux-gnu/libkeyutils.so.1 (0x000072ae51cd7000)
	libresolv.so.2 => /usr/lib/x86_64-linux-gnu/libresolv.so.2 (0x000072ae4924b000)

insmod /lib/modules/7.0.0-29-generic/kernel/net/vmw_vsock/vsock.ko.zst 
insmod /lib/modules/7.0.0-29-generic/kernel/drivers/vhost/vhost_iotlb.ko.zst 
insmod /lib/modules/7.0.0-29-generic/kernel/drivers/vhost/vhost.ko.zst 
insmod /lib/modules/7.0.0-29-generic/kernel/net/vmw_vsock/vmw_vsock_virtio_transport_common.ko.zst 
insmod /lib/modules/7.0.0-29-generic/kernel/drivers/vhost/vhost_vsock.ko.zst 

409999 blocks
qemu-system-x86_64: -accel kvm: warning: Number of hotpluggable cpus requested (64) exceeds the recommended cpus supported by KVM (16)
c[?7l[2J[0mSeaBIOS (version 1.17.0-debian-1.17.0-1ubuntu1)
Booting from ROM...
c[?7l[2J[    0.000000] Linux version 7.0.0-29-generic (buildd@lcy02-amd64-113) (x86_64-linux-gnu-gcc (Ubuntu 15.2.0-16ubuntu1) 15.2.0, GNU ld (GNU Binutils for Ubuntu) 2.46) #29-Ubuntu SMP PREEMPT_DYNAMIC Fri Jul 17 20:52:35 UTC 2026 (Ubuntu 7.0.0-29.29-generic 7.0.12)
[    0.000000] Command line: console=ttyS0 rdinit=/init panic=-1
[    0.000000] KERNEL supported cpus:
[    0.000000]   Intel GenuineIntel
[    0.000000]   AMD AuthenticAMD
[    0.000000]   Hygon HygonGenuine
[    0.000000]   Centaur CentaurHauls
[    0.000000]   zhaoxin   Shanghai  
[    0.000000] BIOS-provided physical RAM map:
[    0.000000] BIOS-e820: [mem 0x0000000000000000-0x000000000009fbff]  System RAM
[    0.000000] BIOS-e820: [mem 0x000000000009fc00-0x000000000009ffff]  device reserved
[    0.000000] BIOS-e820: [gap 0x00000000000a0000-0x00000000000effff]
[    0.000000] BIOS-e820: [mem 0x00000000000f0000-0x00000000000fffff]  device reserved
[    0.000000] BIOS-e820: [mem 0x0000000000100000-0x000000007ffdffff]  System RAM
[    0.000000] BIOS-e820: [mem 0x000000007ffe0000-0x000000007fffffff]  device reserved
[    0.000000] BIOS-e820: [gap 0x0000000080000000-0x00000000afffffff]
[    0.000000] BIOS-e820: [mem 0x00000000b0000000-0x00000000bfffffff]  device reserved
[    0.000000] BIOS-e820: [gap 0x00000000c0000000-0x00000000fed1bfff]
[    0.000000] BIOS-e820: [mem 0x00000000fed1c000-0x00000000fed1ffff]  device reserved
[    0.000000] BIOS-e820: [gap 0x00000000fed20000-0x00000000feffbfff]
[    0.000000] BIOS-e820: [mem 0x00000000feffc000-0x00000000feffffff]  device reserved
[    0.000000] BIOS-e820: [gap 0x00000000ff000000-0x00000000fffbffff]
[    0.000000] BIOS-e820: [mem 0x00000000fffc0000-0x00000000ffffffff]  device reserved
[    0.000000] BIOS-e820: [mem 0x0000000100000000-0x000000047fffffff]  System RAM
[    0.000000] BIOS-e820: [gap 0x0000000480000000-0x000000fcffffffff]
[    0.000000] BIOS-e820: [mem 0x000000fd00000000-0x000000ffffffffff]  device reserved
[    0.000000] NX (Execute Disable) protection: active
[    0.000000] APIC: Static calls initialized
[    0.000000] SMBIOS 2.8 present.
[    0.000000] DMI: QEMU Standard PC (Q35 + ICH9, 2009), BIOS 1.17.0-debian-1.17.0-1ubuntu1 04/01/2014
[    0.000000] DMI: Memory slots populated: 1/1
[    0.000000] Hypervisor detected: KVM
[    0.000000] last_pfn = 0x7ffe0 max_arch_pfn = 0x10000000000
[    0.000000] kvm-clock: Using msrs 4b564d01 and 4b564d00
[    0.000000] kvm-clock: using sched offset of 221987628 cycles
[    0.000003] clocksource: kvm-clock: mask: 0xffffffffffffffff max_cycles: 0x1cd42e4dffb, max_idle_ns: 881590591483 ns
[    0.000007] tsc: Detected 2396.388 MHz processor
[    0.000395] last_pfn = 0x480000 max_arch_pfn = 0x10000000000
[    0.000441] MTRR map: 4 entries (3 fixed + 1 variable; max 19), built from 8 variable MTRRs
[    0.000445] x86/PAT: Configuration [0-7]: WB  WC  UC- UC  WB  WP  UC- WT  
[    0.000507] last_pfn = 0x7ffe0 max_arch_pfn = 0x10000000000
[    0.003287] found SMP MP-table at [mem 0x000f5460-0x000f546f]
[    0.003307] Using GB pages for direct mapping
[    0.003544] RAMDISK: [mem 0x737ae000-0x7ffdffff]
[    0.003624] ACPI: Early table checksum verification disabled
[    0.003628] ACPI: RSDP 0x00000000000F5270 000014 (v00 BOCHS )
[    0.003633] ACPI: RSDT 0x000000007FFE3A02 000038 (v01 BOCHS  BXPC     00000001 BXPC 00000001)
[    0.003638] ACPI: FACP 0x000000007FFE3602 0000F4 (v03 BOCHS  BXPC     00000001 BXPC 00000001)
[    0.003643] ACPI: DSDT 0x000000007FFE0040 0035C2 (v01 BOCHS  BXPC     00000001 BXPC 00000001)
[    0.003645] ACPI: FACS 0x000000007FFE0000 000040
[    0.003647] ACPI: APIC 0x000000007FFE36F6 000270 (v03 BOCHS  BXPC     00000001 BXPC 00000001)
[    0.003650] ACPI: HPET 0x000000007FFE3966 000038 (v01 BOCHS  BXPC     00000001 BXPC 00000001)
[    0.003652] ACPI: MCFG 0x000000007FFE399E 00003C (v01 BOCHS  BXPC     00000001 BXPC 00000001)
[    0.003654] ACPI: WAET 0x000000007FFE39DA 000028 (v01 BOCHS  BXPC     00000001 BXPC 00000001)
[    0.003656] ACPI: Reserving FACP table memory at [mem 0x7ffe3602-0x7ffe36f5]
[    0.003657] ACPI: Reserving DSDT table memory at [mem 0x7ffe0040-0x7ffe3601]
[    0.003658] ACPI: Reserving FACS table memory at [mem 0x7ffe0000-0x7ffe003f]
[    0.003659] ACPI: Reserving APIC table memory at [mem 0x7ffe36f6-0x7ffe3965]
[    0.003660] ACPI: Reserving HPET table memory at [mem 0x7ffe3966-0x7ffe399d]
[    0.003660] ACPI: Reserving MCFG table memory at [mem 0x7ffe399e-0x7ffe39d9]
[    0.003661] ACPI: Reserving WAET table memory at [mem 0x7ffe39da-0x7ffe3a01]
[    0.004232] No NUMA configuration found
[    0.004234] Faking a node at [mem 0x0000000000000000-0x000000047fffffff]
[    0.004247] NODE_DATA(0) allocated [mem 0x47ffd5280-0x47fffffff]
[    0.005108] ACPI: PM-Timer IO Port: 0x608
[    0.005131] ACPI: LAPIC_NMI (acpi_id[0xff] dfl dfl lint[0x1])
[    0.005163] IOAPIC[0]: apic_id 0, version 17, address 0xfec00000, GSI 0-23
[    0.005166] ACPI: INT_SRC_OVR (bus 0 bus_irq 0 global_irq 2 dfl dfl)
[    0.005168] ACPI: INT_SRC_OVR (bus 0 bus_irq 5 global_irq 5 high level)
[    0.005169] ACPI: INT_SRC_OVR (bus 0 bus_irq 9 global_irq 9 high level)
[    0.005170] ACPI: INT_SRC_OVR (bus 0 bus_irq 10 global_irq 10 high level)
[    0.005171] ACPI: INT_SRC_OVR (bus 0 bus_irq 11 global_irq 11 high level)
[    0.005174] ACPI: Using ACPI (MADT) for SMP configuration information
[    0.005175] ACPI: HPET id: 0x8086a201 base: 0xfed00000
[    0.005178] TSC deadline timer available
[    0.005181] CPU topo: Max. logical packages:   1
[    0.005182] CPU topo: Max. logical nodes:      1
[    0.005182] CPU topo: Num. nodes per package:  1
[    0.005185] CPU topo: Max. logical dies:       1
[    0.005185] CPU topo: Max. dies per package:   1
[    0.005189] CPU topo: Max. threads per core:   1
[    0.005190] CPU topo: Num. cores per package:    64
[    0.005191] CPU topo: Num. threads per package:  64
[    0.005192] CPU topo: Allowing 4 present CPUs plus 60 hotplug CPUs
[    0.005211] kvm-guest: APIC: eoi() replaced with kvm_guest_apic_eoi_write()
[    0.005225] kvm-guest: KVM setup pv remote TLB flush
[    0.005229] kvm-guest: setup PV sched yield
[    0.005237] PM: hibernation: Registered nosave memory: [mem 0x00000000-0x00000fff]
[    0.005239] PM: hibernation: Registered nosave memory: [mem 0x0009f000-0x000fffff]
[    0.005240] PM: hibernation: Registered nosave memory: [mem 0x7ffe0000-0xffffffff]
[    0.005242] [gap 0xc0000000-0xfed1bfff] available for PCI devices
[    0.005243] Booting paravirtualized kernel on KVM
[    0.005245] clocksource: refined-jiffies: mask: 0xffffffff max_cycles: 0xffffffff, max_idle_ns: 1910969940391419 ns
[    0.005310] Zone ranges:
[    0.005311]   DMA      [mem 0x0000000000001000-0x0000000000ffffff]
[    0.005313]   DMA32    [mem 0x0000000001000000-0x00000000ffffffff]
[    0.005315]   Normal   [mem 0x0000000100000000-0x000000047fffffff]
[    0.005316]   Device   empty
[    0.005317] Movable zone start for each node
[    0.005319] Early memory node ranges
[    0.005320]   node   0: [mem 0x0000000000001000-0x000000000009efff]
[    0.005321]   node   0: [mem 0x0000000000100000-0x000000007ffdffff]
[    0.005322]   node   0: [mem 0x0000000100000000-0x000000047fffffff]
[    0.005325] Initmem setup node 0 [mem 0x0000000000001000-0x000000047fffffff]
[    0.005424] On node 0, zone DMA: 1 pages in unavailable ranges
[    0.005439] On node 0, zone DMA: 97 pages in unavailable ranges
[    0.029245] On node 0, zone Normal: 32 pages in unavailable ranges
[    0.029264] setup_percpu: NR_CPUS:8192 nr_cpumask_bits:64 nr_cpu_ids:64 nr_node_ids:1
[    0.032050] percpu: Embedded 85 pages/cpu s225280 r8192 d114688 u524288
[    0.032147] kvm-guest: PV spinlocks enabled
[    0.032149] PV qspinlock hash table entries: 256 (order: 0, 4096 bytes, linear)
[    0.032153] Kernel command line: console=ttyS0 rdinit=/init panic=-1
[    0.032194] random: crng init done
[    0.032195] printk: log_buf_len individual max cpu contribution: 4096 bytes
[    0.032196] printk: log_buf_len total cpu_extra contributions: 258048 bytes
[    0.032196] printk: log_buf_len min size: 262144 bytes
[    0.032558] printk: log buffer data + meta data: 524288 + 2228224 = 2752512 bytes
[    0.032559] printk: early log buf free: 253976(96%)
[    0.033570] Dentry cache hash table entries: 2097152 (order: 12, 16777216 bytes, linear)
[    0.034101] Inode-cache hash table entries: 1048576 (order: 11, 8388608 bytes, linear)
[    0.034608] software IO TLB: area num 64.
[    0.040956] Fallback order for Node 0: 0 
[    0.040968] Built 1 zonelists, mobility grouping on.  Total pages: 4194174
[    0.040970] Policy zone: Normal
[    0.040981] mem auto-init: stack:all(zero), heap alloc:on, heap free:off
[    0.067682] SLUB: HWalign=64, Order=0-3, MinObjects=0, CPUs=64, Nodes=1
[    0.081837] ftrace: allocating 63941 entries in 252 pages
[    0.081839] ftrace: allocated 252 pages with 6 groups
[    0.082666] Dynamic Preempt: lazy
[    0.083063] rcu: Preemptible hierarchical RCU implementation.
[    0.083065] rcu: 	RCU restricting CPUs from NR_CPUS=8192 to nr_cpu_ids=64.
[    0.083067] 	Trampoline variant of Tasks RCU enabled.
[    0.083067] 	Rude variant of Tasks RCU enabled.
[    0.083068] 	Tracing variant of Tasks RCU enabled.
[    0.083069] rcu: RCU calculated value of scheduler-enlistment delay is 100 jiffies.
[    0.083070] rcu: Adjusting geometry for rcu_fanout_leaf=16, nr_cpu_ids=64
[    0.083098] RCU Tasks: Setting shift to 6 and lim to 1 rcu_task_cb_adjust=1 rcu_task_cpu_ids=64.
[    0.083101] RCU Tasks Rude: Setting shift to 6 and lim to 1 rcu_task_cb_adjust=1 rcu_task_cpu_ids=64.
[    0.088194] NR_IRQS: 524544, nr_irqs: 936, preallocated irqs: 16
[    0.088468] rcu: srcu_init: Setting srcu_struct sizes based on contention.
[    0.088745] Console: colour *CGA 80x25
[    0.088820] printk: legacy console [ttyS0] enabled
[    0.309791] ACPI: Core revision 20251212
[    0.311085] clocksource: hpet: mask: 0xffffffff max_cycles: 0xffffffff, max_idle_ns: 19112604467 ns
[    0.313635] APIC: Switch to symmetric I/O mode setup
[    0.315188] x2apic enabled
[    0.316268] APIC: Switched APIC routing to: physical x2apic
[    0.317755] kvm-guest: APIC: send_IPI_mask() replaced with kvm_send_ipi_mask()
[    0.319652] kvm-guest: APIC: send_IPI_mask_allbutself() replaced with kvm_send_ipi_mask_allbutself()
[    0.322015] kvm-guest: setup PV IPIs
[    0.324311] ..TIMER: vector=0x30 apic1=0 pin1=2 apic2=-1 pin2=-1
[    0.325925] clocksource: tsc-early: mask: 0xffffffffffffffff max_cycles: 0x228ae3847f6, max_idle_ns: 440795295175 ns
[    0.328683] Calibrating delay loop (skipped) preset value.. 4792.77 BogoMIPS (lpj=2396388)
[    0.329826] x86/cpu: User Mode Instruction Prevention (UMIP) activated
[    0.330784] Last level iTLB entries: 4KB 512, 2MB 255, 4MB 127
[    0.331682] Last level dTLB entries: 4KB 512, 2MB 255, 4MB 127, 1GB 0
[    0.332691] mitigations: Enabled attack vectors: user_kernel, user_user, guest_host, guest_guest, SMT mitigations: auto
[    0.333682] Speculative Store Bypass: Mitigation: Speculative Store Bypass disabled via prctl
[    0.334682] Transient Scheduler Attacks: Vulnerable: No microcode
[    0.335682] Spectre V2 : Mitigation: Enhanced / Automatic IBRS
[    0.336682] Speculative Return Stack Overflow: Mitigation: Safe RET
[    0.337682] Spectre V1 : Mitigation: usercopy/swapgs barriers and __user pointer sanitization
[    0.338688] Spectre V2 : mitigation: Enabling conditional Indirect Branch Prediction Barrier
[    0.339684] active return thunk: srso_alias_return_thunk
[    0.340712] x86/fpu: Supporting XSAVE feature 0x001: 'x87 floating point registers'
[    0.341683] x86/fpu: Supporting XSAVE feature 0x002: 'SSE registers'
[    0.342682] x86/fpu: Supporting XSAVE feature 0x004: 'AVX registers'
[    0.343682] x86/fpu: Supporting XSAVE feature 0x020: 'AVX-512 opmask'
[    0.344682] x86/fpu: Supporting XSAVE feature 0x040: 'AVX-512 Hi256'
[    0.345682] x86/fpu: Supporting XSAVE feature 0x080: 'AVX-512 ZMM_Hi256'
[    0.346682] x86/fpu: Supporting XSAVE feature 0x200: 'Protection Keys User registers'
[    0.347682] x86/fpu: xstate_offset[2]:  576, xstate_sizes[2]:  256
[    0.348682] x86/fpu: xstate_offset[5]:  832, xstate_sizes[5]:   64
[    0.349682] x86/fpu: xstate_offset[6]:  896, xstate_sizes[6]:  512
[    0.350682] x86/fpu: xstate_offset[7]: 1408, xstate_sizes[7]: 1024
[    0.351682] x86/fpu: xstate_offset[9]: 2432, xstate_sizes[9]:    8
[    0.352681] x86/fpu: Enabled xstate features 0x2e7, context size is 2440 bytes, using 'compacted' format.
[    0.394263] Freeing SMP alternatives memory: 56K
[    0.394683] pid_max: default: 65536 minimum: 512
[    0.396067] landlock: Up and running.
[    0.396682] Yama: becoming mindful.
[    0.397854] AppArmor: AppArmor initialized
[    0.398682] AppArmor: AppArmor secmark mediation reserved: ready to be enabled
[    0.399872] Mount-cache hash table entries: 32768 (order: 6, 262144 bytes, linear)
[    0.400688] Mountpoint-cache hash table entries: 32768 (order: 6, 262144 bytes, linear)
[    0.401846] VFS: Finished mounting rootfs on nullfs
[    0.403426] smpboot: CPU0: AMD EPYC 8024P 8-Core Processor (family: 0x19, model: 0xa0, stepping: 0x2)
[    0.404014] Performance Events: Fam17h+ core perfctr, AMD PMU driver.
[    0.404699] ... version:                   2
[    0.405684] ... bit width:                 48
[    0.406684] ... generic counters:          6
[    0.407684] ... generic bitmap:            000000000000003f
[    0.408685] ... fixed-purpose counters:    0
[    0.409684] ... fixed-purpose bitmap:      0000000000000000
[    0.410684] ... value mask:                0000ffffffffffff
[    0.411684] ... max period:                00007fffffffffff
[    0.412684] ... global_ctrl mask:          000000000000003f
[    0.413949] signal: max sigframe size: 3376
[    0.414748] rcu: Hierarchical SRCU implementation.
[    0.415689] rcu: 	Max phase no-delay instances is 400.
[    0.416760] Timer migration: 2 hierarchy levels; 8 children per group; 2 crossnode level
[    0.426144] smp: Bringing up secondary CPUs ...
[    0.426976] smpboot: x86: Booting SMP configuration:
[    0.427696] .... node  #0, CPUs:        #1  #2  #3
[    0.430885] smp: Brought up 1 node, 4 CPUs
[    0.432684] smpboot: Total of 4 processors activated (19171.10 BogoMIPS)
[    0.434403] Memory: 13727940K/16776696K available (23799K kernel code, 4952K rwdata, 16764K rodata, 5292K init, 5856K bss, 3030172K reserved, 0K cma-reserved)
[    0.435208] devtmpfs: initialized
[    0.435785] x86/mm: Memory block size: 128MB
[    0.439820] clocksource: jiffies: mask: 0xffffffff max_cycles: 0xffffffff, max_idle_ns: 1911260446275000 ns
[    0.440703] posixtimers hash table entries: 32768 (order: 7, 524288 bytes, linear)
[    0.441746] futex hash table entries: 16384 (1048576 bytes on 1 NUMA nodes, total 1024 KiB, linear).
[    0.443201] PM: RTC time: 22:43:53, date: 2026-10-04
[    0.444385] NET: Registered PF_NETLINK/PF_ROUTE protocol family
[    0.445105] DMA: preallocated 2048 KiB GFP_KERNEL pool for atomic allocations
[    0.445764] DMA: preallocated 2048 KiB GFP_KERNEL|GFP_DMA pool for atomic allocations
[    0.446756] DMA: preallocated 2048 KiB GFP_KERNEL|GFP_DMA32 pool for atomic allocations
[    0.447700] audit: initializing netlink subsys (disabled)
[    0.448706] audit: type=2000 audit(1791153834.162:1): state=initialized audit_enabled=0 res=1
[    0.448937] thermal_sys: Registered thermal governor 'fair_share'
[    0.449686] thermal_sys: Registered thermal governor 'bang_bang'
[    0.450685] thermal_sys: Registered thermal governor 'step_wise'
[    0.451684] thermal_sys: Registered thermal governor 'user_space'
[    0.452685] thermal_sys: Registered thermal governor 'power_allocator'
[    0.453701] cpuidle: using governor ladder
[    0.455693] cpuidle: using governor menu
[    0.457849] acpiphp: ACPI Hot Plug PCI Controller Driver version: 0.5
[    0.458991] PCI: ECAM [mem 0xb0000000-0xbfffffff] (base 0xb0000000) for domain 0000 [bus 00-ff]
[    0.459688] PCI: ECAM [mem 0xb0000000-0xbfffffff] reserved as E820 entry
[    0.460699] PCI: Using configuration type 1 for base access
[    0.461793] kprobes: kprobe jump-optimization is enabled. All kprobes are optimized if possible.
[    0.463833] HugeTLB: registered 1.00 GiB page size, pre-allocated 0 pages
[    0.467702] HugeTLB: 16380 KiB vmemmap can be freed for a 1.00 GiB page
[    0.471698] HugeTLB: registered 2.00 MiB page size, pre-allocated 0 pages
[    0.475693] HugeTLB: 28 KiB vmemmap can be freed for a 2.00 MiB page
[    0.482637] ACPI: Added _OSI(Module Device)
[    0.485695] ACPI: Added _OSI(Processor Device)
[    0.487694] ACPI: Added _OSI(Processor Aggregator Device)
[    0.501019] ACPI: 1 ACPI AML tables successfully acquired and loaded
[    0.507777] ACPI: \_SB_: platform _OSC: OS support mask [006e7eff]
[    0.513049] ACPI: Interpreter enabled
[    0.514751] ACPI: PM: (supports S0 S3 S4 S5)
[    0.517693] ACPI: Using IOAPIC for interrupt routing
[    0.520487] PCI: Using host bridge windows from ACPI; if necessary, use "pci=nocrs" and report a bug
[    0.525691] PCI: Using E820 reservations for host bridge windows
[    0.529298] ACPI: Enabled 2 GPEs in block 00 to 3F
[    0.548466] ACPI: PCI Root Bridge [PCI0] (domain 0000 [bus 00-ff])
[    0.550694] acpi PNP0A08:00: _OSC: OS supports [ExtendedConfig ASPM ClockPM Segments MSI EDR HPX-Type3]
[    0.552798] acpi PNP0A08:00: _OSC: platform does not support [PCIeHotplug LTR DPC]
[    0.555863] acpi PNP0A08:00: _OSC: OS now controls [SHPCHotplug PME AER PCIeCapability]
[    0.557951] PCI host bridge to bus 0000:00
[    0.558698] pci_bus 0000:00: root bus resource [io  0x0000-0x0cf7 window]
[    0.560687] pci_bus 0000:00: root bus resource [io  0x0d00-0xffff window]
[    0.562687] pci_bus 0000:00: root bus resource [mem 0x000a0000-0x000bffff window]
[    0.565687] pci_bus 0000:00: root bus resource [mem 0x80000000-0xafffffff window]
[    0.567687] pci_bus 0000:00: root bus resource [mem 0xc0000000-0xfebfffff window]
[    0.569687] pci_bus 0000:00: root bus resource [mem 0x480000000-0xc7fffffff window]
[    0.571688] pci_bus 0000:00: root bus resource [bus 00-ff]
[    0.573783] pci 0000:00:00.0: [8086:29c0] type 00 class 0x060000 conventional PCI endpoint
[    0.586179] pci 0000:00:1f.0: [8086:2918] type 00 class 0x060100 conventional PCI endpoint
[    0.589434] pci 0000:00:1f.0: quirk: [io  0x0600-0x067f] claimed by ICH6 ACPI/GPIO/TCO
[    0.592202] pci 0000:00:1f.2: [8086:2922] type 00 class 0x010601 conventional PCI endpoint
[    0.595763] pci 0000:00:1f.2: BAR 4 [io  0xc040-0xc05f]
[    0.597705] pci 0000:00:1f.2: BAR 5 [mem 0xfebff000-0xfebfffff]
[    0.599446] pci 0000:00:1f.3: [8086:2930] type 00 class 0x0c0500 conventional PCI endpoint
[    0.602685] pci 0000:00:1f.3: BAR 4 [io  0x0700-0x073f]
[    0.606616] ACPI: PCI: Interrupt link LNKA configured for IRQ 10
[    0.608879] ACPI: PCI: Interrupt link LNKB configured for IRQ 10
[    0.609892] ACPI: PCI: Interrupt link LNKC configured for IRQ 11
[    0.611885] ACPI: PCI: Interrupt link LNKD configured for IRQ 11
[    0.613895] ACPI: PCI: Interrupt link LNKE configured for IRQ 10
[    0.615885] ACPI: PCI: Interrupt link LNKF configured for IRQ 10
[    0.617876] ACPI: PCI: Interrupt link LNKG configured for IRQ 11
[    0.619877] ACPI: PCI: Interrupt link LNKH configured for IRQ 11
[    0.621759] ACPI: PCI: Interrupt link GSIA configured for IRQ 16
[    0.623709] ACPI: PCI: Interrupt link GSIB configured for IRQ 17
[    0.625709] ACPI: PCI: Interrupt link GSIC configured for IRQ 18
[    0.626709] ACPI: PCI: Interrupt link GSID configured for IRQ 19
[    0.628709] ACPI: PCI: Interrupt link GSIE configured for IRQ 20
[    0.630708] ACPI: PCI: Interrupt link GSIF configured for IRQ 21
[    0.632708] ACPI: PCI: Interrupt link GSIG configured for IRQ 22
[    0.633708] ACPI: PCI: Interrupt link GSIH configured for IRQ 23
[    0.641720] iommu: Default domain type: Translated
[    0.642687] iommu: DMA domain TLB invalidation policy: lazy mode
[    0.644994] SCSI subsystem initialized
[    0.646742] ACPI: bus type USB registered
[    0.647719] usbcore: registered new interface driver usbfs
[    0.648701] usbcore: registered new interface driver hub
[    0.650711] usbcore: registered new device driver usb
[    0.651723] pps_core: LinuxPPS API ver. 1 registered
[    0.653685] pps_core: Software ver. 5.3.6 - Copyright 2005-2007 Rodolfo Giometti <giometti@linux.it>
[    0.655693] PTP clock support registered
[    0.657738] EDAC MC: Ver: 3.0.0
[    0.659229] NetLabel: Initializing
[    0.660687] NetLabel:  domain hash size = 128
[    0.661685] NetLabel:  protocols = UNLABELED CIPSOv4 CALIPSO
[    0.663713] NetLabel:  unlabeled traffic allowed by default
[    0.664793] mctp: management component transport protocol core
[    0.666695] NET: Registered PF_MCTP protocol family
[    0.667706] PCI: Using ACPI for IRQ routing
[    0.868335] e820: register RAM buffer resource [mem 0x0009fc00-0x0009ffff]
[    0.870689] e820: register RAM buffer resource [mem 0x7ffe0000-0x7fffffff]
[    0.872746] vgaarb: loaded
[    0.873762] hpet0: at MMIO 0xfed00000, IRQs 2, 8, 0
[    0.874687] hpet0: 3 comparators, 64-bit 100.000000 MHz counter
[    0.882682] clocksource: Switched to clocksource kvm-clock
[    0.884663] VFS: Disk quotas dquot_6.6.0
[    0.885835] VFS: Dquot-cache hash table entries: 512 (order 0, 4096 bytes)
[    0.888244] AppArmor: AppArmor Filesystem Enabled
[    0.889623] acpi PNP0C01:00: Reserved [mem 0xb0000000-0xbfffffff]
[    0.891424] pnp: PnP ACPI init
[    0.893119] pnp: PnP ACPI: found 4 devices
[    0.901631] clocksource: acpi_pm: mask: 0xffffff max_cycles: 0xffffff, max_idle_ns: 2085701024 ns
[    0.904356] NET: Registered PF_INET protocol family
[    0.905963] IP idents hash table entries: 262144 (order: 9, 2097152 bytes, linear)
[    0.928626] tcp_listen_portaddr_hash hash table entries: 8192 (order: 5, 131072 bytes, linear)
[    0.931128] Table-perturb hash table entries: 65536 (order: 6, 262144 bytes, linear)
[    0.933497] TCP established hash table entries: 131072 (order: 8, 1048576 bytes, linear)
[    0.936011] TCP bind hash table entries: 65536 (order: 9, 2097152 bytes, linear)
[    0.938262] TCP: Hash tables configured (established 131072 bind 65536)
[    0.940419] MPTCP token hash table entries: 16384 (order: 7, 393216 bytes, linear)
[    0.942678] UDP hash table entries: 8192 (order: 7, 524288 bytes, linear)
[    0.944787] UDP-Lite hash table entries: 8192 (order: 7, 524288 bytes, linear)
[    0.947047] NET: Registered PF_UNIX/PF_LOCAL protocol family
[    0.948717] NET: Registered PF_XDP protocol family
[    0.950128] pci_bus 0000:00: resource 4 [io  0x0000-0x0cf7 window]
[    0.951913] pci_bus 0000:00: resource 5 [io  0x0d00-0xffff window]
[    0.953718] pci_bus 0000:00: resource 6 [mem 0x000a0000-0x000bffff window]
[    0.955702] pci_bus 0000:00: resource 7 [mem 0x80000000-0xafffffff window]
[    0.957688] pci_bus 0000:00: resource 8 [mem 0xc0000000-0xfebfffff window]
[    0.959674] pci_bus 0000:00: resource 9 [mem 0x480000000-0xc7fffffff window]
[    0.961791] PCI: CLS 0 bytes, default 64
[    0.963053] PCI-DMA: Using software bounce buffering for IO (SWIOTLB)
[    0.963184] Trying to unpack rootfs image as initramfs...
[    0.964910] software IO TLB: mapped [mem 0x000000006f7ae000-0x00000000737ae000] (64MB)
[    0.964969] clocksource: tsc: mask: 0xffffffffffffffff max_cycles: 0x228ae3847f6, max_idle_ns: 440795295175 ns
[    0.973280] Initialise system trusted keyrings
[    0.974588] Key type blacklist registered
[    0.975932] workingset: timestamp_bits=36 max_order=22 bucket_order=0
[    0.978494] squashfs: version 4.0 (2009/01/31) Phillip Lougher
[    0.980467] fuse: init (API version 7.45)
[    0.982000] integrity: Platform Keyring initialized
[    0.983441] integrity: Machine keyring initialized
[    0.997624] Key type asymmetric registered
[    0.998850] Asymmetric key parser 'x509' registered
[    1.000349] Block layer SCSI generic (bsg) driver version 0.4 loaded (major 242)
[    1.002701] io scheduler mq-deadline registered
[    1.006286] ledtrig-cpu: registered to indicate activity on CPUs
[    1.009964] input: Power Button as /devices/platform/LNXPWRBN:00/input/input0
[    1.013882] ACPI: button: Power Button [PWRF]
[    1.018122] Serial: 8250/16550 driver, 32 ports, IRQ sharing enabled
[    1.052241] 00:02: ttyS0 at I/O 0x3f8 (irq = 4, base_baud = 115200) is a 16550A
[    1.063385] Linux agpgart interface v0.103
[    1.074141] Freeing initrd memory: 205000K
[    1.076632] loop: module loaded
[    1.078710] ACPI: bus type drm_connector registered
[    1.081527] tun: Universal TUN/TAP device driver, 1.6
[    1.084005] PPP generic driver version 2.4.2
[    1.086365] i8042: PNP: PS/2 Controller [PNP0303:KBD,PNP0f13:MOU] at 0x60,0x64 irq 1,12
[    1.091804] serio: i8042 KBD port at 0x60,0x64 irq 1
[    1.094136] serio: i8042 AUX port at 0x60,0x64 irq 12
[    1.096767] mousedev: PS/2 mouse device common for all mice
[    1.099655] rtc_cmos 00:03: RTC can wake from S4
[    1.103535] rtc_cmos 00:03: registered as rtc0
[    1.105812] rtc_cmos 00:03: setting system clock to 2026-10-04T22:43:54 UTC (1791153834)
[    1.105843] input: AT Translated Set 2 keyboard as /devices/platform/i8042/serio0/input/input1
[    1.108072] rtc_cmos 00:03: alarms up to one day, y3k, 242 bytes nvram, hpet irqs
[    1.112133] i2c_dev: i2c /dev entries driver
[    1.113288] device-mapper: core: CONFIG_IMA_DISABLE_HTABLE is disabled. Duplicate IMA measurements will not be recorded in the IMA log.
[    1.116392] device-mapper: uevent: version 1.0.3
[    1.117788] device-mapper: ioctl: 4.50.0-ioctl (2025-04-28) initialised: dm-devel@lists.linux.dev
[    1.120059] amd_pstate: The CPPC feature is supported but currently disabled by the BIOS.
[    1.120059] Please enable it if your BIOS has the CPPC option.
[    1.123574] amd_pstate: the _CPC object is not present in SBIOS or ACPI disabled
[    1.125582] drop_monitor: Initializing network drop monitor service
[    1.127423] NET: Registered PF_INET6 protocol family
[    1.129502] Segment Routing with IPv6
[    1.130469] In-situ OAM (IOAM) with IPv6
[    1.131516] NET: Registered PF_PACKET protocol family
[    1.132945] Key type dns_resolver registered
[    1.135069] IPI shorthand broadcast: enabled
[    1.139701] sched_clock: Marking stable (907002524, 232201594)->(1205702980, -66498862)
[    1.142666] registered taskstats version 1
[    1.144944] Loading compiled-in X.509 certificates
[    1.146888] Loaded X.509 cert 'Build time autogenerated kernel key: 454b3e9802e3c39a997a1e8863aaf8b3df15fbc0'
[    1.149892] Loaded X.509 cert 'Canonical Ltd. Live Patch Signing 2025 Kmod: d541cef61dc7e793b7eb7e899970a2eef0b5dc8c'
[    1.153114] Loaded X.509 cert 'Canonical Ltd. Live Patch Signing: 14df34d1a87cf37625abec039ef2bf521249b969'
[    1.155989] Loaded X.509 cert 'Canonical Ltd. Kernel Module Signing 2025 Kmod: 4627603d2357a2a3f81006370894c221175893e9'
[    1.159184] Loaded X.509 cert 'Canonical Ltd. Kernel Module Signing: 88f752e560a1e0737e31163a466ad7b70a850c19'
[    1.161686] blacklist: Loading compiled-in revocation X.509 certificates
[    1.163420] Loaded X.509 cert 'Canonical Ltd. Secure Boot Signing: 61482aa2830d0ab2ad5af10b7250da9033ddcef0'
[    1.165896] Loaded X.509 cert 'Canonical Ltd. Secure Boot Signing (2017): 242ade75ac4a15e50d50c84b0d45ff3eae707a03'
[    1.168530] Loaded X.509 cert 'Canonical Ltd. Secure Boot Signing (ESM 2018): 365188c1d374d6b07c3c8f240f8ef722433d6a8b'
[    1.171260] Loaded X.509 cert 'Canonical Ltd. Secure Boot Signing (2019): c0746fd6c5da3ae827864651ad66ae47fe24b3e8'
[    1.173887] Loaded X.509 cert 'Canonical Ltd. Secure Boot Signing (2021 v1): a8d54bbb3825cfb94fa13c9f8a594a195c107b8d'
[    1.176571] Loaded X.509 cert 'Canonical Ltd. Secure Boot Signing (2021 v2): 4cf046892d6fd3c9a5b03f98d845f90851dc6a8c'
[    1.179256] Loaded X.509 cert 'Canonical Ltd. Secure Boot Signing (2021 v3): 100437bb6de6e469b581e61cd66bce3ef4ed53af'
[    1.181939] Loaded X.509 cert 'Canonical Ltd. Secure Boot Signing (Ubuntu Core 2019): c1d57b8f6b743f23ee41f4f7ee292f06eecadfb9'
[    1.193717] Demotion targets for Node 0: null
[    1.195151] Key type .fscrypt registered
[    1.196167] Key type fscrypt-provisioning registered
[    1.197550] Key type big_key registered
[    1.199843] Key type encrypted registered
[    1.200893] AppArmor: AppArmor sha256 policy hashing enabled
[    1.202331] ima: No TPM chip found, activating TPM-bypass!
[    1.203731] Loading compiled-in module X.509 certificates
[    1.205589] Loaded X.509 cert 'Build time autogenerated kernel key: 454b3e9802e3c39a997a1e8863aaf8b3df15fbc0'
[    1.208075] ima: Allocated hash algorithm: sha256
[    1.209301] ima: No architecture policies found
[    1.210487] evm: Initialising EVM extended attributes:
[    1.211795] evm: security.selinux
[    1.212659] evm: security.SMACK64
[    1.213523] evm: security.SMACK64EXEC
[    1.214471] evm: security.SMACK64TRANSMUTE
[    1.215514] evm: security.SMACK64MMAP
[    1.216458] evm: security.apparmor
[    1.217349] evm: security.ima
[    1.218103] evm: security.capability
[    1.219066] evm: HMAC attrs: 0x1
[    1.220280] PM:   Magic number: 14:344:754
[    1.221353] tty ttyS5: hash matches
[    1.222631] RAS: Correctable Errors collector initialized.
[    1.224435] clk: Disabling unused clocks
[    1.225805] PM: genpd: Disabling unused power domains
[    1.229055] Freeing unused decrypted memory: 2028K
[    1.230689] Freeing unused kernel image (initmem) memory: 5292K
[    1.231789] Write protecting the kernel read-only data: 43008k
[    1.233549] Freeing unused kernel image (text/rodata gap) memory: 776K
[    1.235124] Freeing unused kernel image (rodata/data gap) memory: 1668K
[    1.302374] x86/mm: Checked W+X mappings: passed, no W+X pages found.
[    1.303621] Run /init as init process
Linux (none) 7.0.0-29-generic #29-Ubuntu SMP PREEMPT_DYNAMIC Fri Jul 17 20:52:35 UTC 2026 x86_64 GNU/Linux
65536
107399
0-3
0-63
[    1.319516] NET: Registered PF_VSOCK protocol family
BENCH_PRE_VARIANT_MEMINFO
MemTotal:       16347208 kB
MemFree:        16038280 kB
MemAvailable:   15867880 kB
Buffers:               0 kB
Cached:           205016 kB
SwapCached:            0 kB
Active:           205212 kB
Inactive:              0 kB
Active(anon):     205212 kB
Inactive(anon):        0 kB
Active(file):          0 kB
Inactive(file):        0 kB
Unevictable:           0 kB
Mlocked:               0 kB
SwapTotal:             0 kB
SwapFree:              0 kB
Zswap:                 0 kB
Zswapped:              0 kB
Dirty:                 0 kB
Writeback:             0 kB
AnonPages:           196 kB
Mapped:             1764 kB
Shmem:            205016 kB
KReclaimable:       4264 kB
Slab:              37292 kB
SReclaimable:       4264 kB
SUnreclaim:        33028 kB
KernelStack:        2336 kB
PageTables:          640 kB
SecPageTables:         0 kB
NFS_Unstable:          0 kB
Bounce:                0 kB
WritebackTmp:          0 kB
CommitLimit:     8173604 kB
Committed_AS:     205780 kB
VmallocTotal:   13743895347199 kB
VmallocUsed:        6748 kB
VmallocChunk:          0 kB
Percpu:            21760 kB
HardwareCorrupted:     0 kB
AnonHugePages:         0 kB
ShmemHugePages:        0 kB
ShmemPmdMapped:        0 kB
FileHugePages:         0 kB
FilePmdMapped:         0 kB
CmaTotal:              0 kB
CmaFree:         2377728 kB
Unaccepted:            0 kB
Balloon:               0 kB
HugePages_Total:       0
HugePages_Free:        0
HugePages_Rsvd:        0
HugePages_Surp:        0
Hugepagesize:       2048 kB
Hugetlb:               0 kB
DirectMap4k:       36736 kB
DirectMap2M:     4157440 kB
DirectMap1G:    14680064 kB
BENCH_PRE_VARIANT_SLABINFO
slabinfo - version: 2.1
# name            <active_objs> <num_objs> <objsize> <objperslab> <pagesperslab> : tunables <limit> <batchcount> <sharedfactor> : slabdata <active_slabs> <num_slabs> <sharedavail>
AF_VSOCK               0      0   1280   25    8 : tunables    0    0    0 : slabdata      0      0      0
fsverity_info          0      0    272   30    2 : tunables    0    0    0 : slabdata      0      0      0
fscrypt_inode_info      0      0    128   32    1 : tunables    0    0    0 : slabdata      0      0      0
MPTCPv6                0      0   2176   15    8 : tunables    0    0    0 : slabdata      0      0      0
request_sock_subflow_v6      0      0    400   20    2 : tunables    0    0    0 : slabdata      0      0      0
ip6-frags              0      0    184   22    1 : tunables    0    0    0 : slabdata      0      0      0
ip6_dst_cache          0      0    256   16    1 : tunables    0    0    0 : slabdata      0      0      0
PINGv6                 0      0   1408   23    8 : tunables    0    0    0 : slabdata      0      0      0
RAWv6                132    138   1408   23    8 : tunables    0    0    0 : slabdata      6      6      0
UDPv6                  0      0   1472   22    8 : tunables    0    0    0 : slabdata      0      0      0
tw_sock_TCPv6          0      0    280   29    2 : tunables    0    0    0 : slabdata      0      0      0
request_sock_TCPv6      0      0    328   24    2 : tunables    0    0    0 : slabdata      0      0      0
TCPv6                  0      0   2560   12    8 : tunables    0    0    0 : slabdata      0      0      0
kcopyd_job             0      0   3240   10    8 : tunables    0    0    0 : slabdata      0      0      0
dm_uevent              0      0   2888   11    8 : tunables    0    0    0 : slabdata      0      0      0
bio-136               60     63    192   21    1 : tunables    0    0    0 : slabdata      3      3      0
io_kiocb               0      0    256   16    1 : tunables    0    0    0 : slabdata      0      0      0
bio-264               28     50    320   25    2 : tunables    0    0    0 : slabdata      2      2      0
mqueue_inode_cache     28     34    960   17    4 : tunables    0    0    0 : slabdata      2      2      0
fuse_request           0      0    176   23    1 : tunables    0    0    0 : slabdata      0      0      0
fuse_inode             0      0    896   18    4 : tunables    0    0    0 : slabdata      0      0      0
ecryptfs_inode_cache      0      0   1024   16    4 : tunables    0    0    0 : slabdata      0      0      0
ecryptfs_file_cache      0      0     16  256    1 : tunables    0    0    0 : slabdata      0      0      0
fat_inode_cache        0      0    768   21    4 : tunables    0    0    0 : slabdata      0      0      0
fat_cache              0      0     40  102    1 : tunables    0    0    0 : slabdata      0      0      0
squashfs_inode_cache      0      0    704   23    4 : tunables    0    0    0 : slabdata      0      0      0
jbd2_transaction_s      0      0    192   21    1 : tunables    0    0    0 : slabdata      0      0      0
jbd2_journal_head      0      0    120   34    1 : tunables    0    0    0 : slabdata      0      0      0
jbd2_revoke_table_s      0      0     16  256    1 : tunables    0    0    0 : slabdata      0      0      0
ext4_inode_cache       0      0   1128   29    8 : tunables    0    0    0 : slabdata      0      0      0
ext4_allocation_context      0      0    168   24    1 : tunables    0    0    0 : slabdata      0      0      0
ext4_prealloc_space      0      0    112   36    1 : tunables    0    0    0 : slabdata      0      0      0
ext4_io_end_vec        0      0     32  128    1 : tunables    0    0    0 : slabdata      0      0      0
ext4_io_end            0      0     64   64    1 : tunables    0    0    0 : slabdata      0      0      0
pending_reservation      0      0     32  128    1 : tunables    0    0    0 : slabdata      0      0      0
extent_status          0      0     40  102    1 : tunables    0    0    0 : slabdata      0      0      0
mb_cache_entry       180    219     56   73    1 : tunables    0    0    0 : slabdata      3      3      0
kioctx                 0      0    576   28    4 : tunables    0    0    0 : slabdata      0      0      0
userfaultfd_ctx_cache      0      0    192   21    1 : tunables    0    0    0 : slabdata      0      0      0
fanotify_perm_event      0      0    112   36    1 : tunables    0    0    0 : slabdata      0      0      0
dnotify_struct         0      0     32  128    1 : tunables    0    0    0 : slabdata      0      0      0
dio                    0      0    640   25    4 : tunables    0    0    0 : slabdata      0      0      0
zs_handle              0      0      8  512    1 : tunables    0    0    0 : slabdata      0      0      0
pid_namespace          0      0    576   28    4 : tunables    0    0    0 : slabdata      0      0      0
ip4-frags              0      0    200   20    1 : tunables    0    0    0 : slabdata      0      0      0
MPTCP                  0      0   2048   16    8 : tunables    0    0    0 : slabdata      0      0      0
request_sock_subflow_v4      0      0    400   20    2 : tunables    0    0    0 : slabdata      0      0      0
xfrm_dst               0      0    320   25    2 : tunables    0    0    0 : slabdata      0      0      0
xfrm_state             0      0    832   19    4 : tunables    0    0    0 : slabdata      0      0      0
ip_fib_trie           60     85     48   85    1 : tunables    0    0    0 : slabdata      1      1      0
ip_fib_alias          60     73     56   73    1 : tunables    0    0    0 : slabdata      1      1      0
PING                   0      0   1088   30    8 : tunables    0    0    0 : slabdata      0      0      0
RAW                  192    208   1216   26    8 : tunables    0    0    0 : slabdata      8      8      0
UDP                   24     24   1344   24    8 : tunables    0    0    0 : slabdata      1      1      0
tw_sock_TCP            0      0    280   29    2 : tunables    0    0    0 : slabdata      0      0      0
request_sock_TCP       0      0    328   24    2 : tunables    0    0    0 : slabdata      0      0      0
TCP                    0      0   2432   13    8 : tunables    0    0    0 : slabdata      0      0      0
hugetlbfs_inode_cache     28     52    624   26    4 : tunables    0    0    0 : slabdata      2      2      0
dquot                  0      0    256   16    1 : tunables    0    0    0 : slabdata      0      0      0
bio-280               56     75    320   25    2 : tunables    0    0    0 : slabdata      3      3      0
ep_head                0      0     16  256    1 : tunables    0    0    0 : slabdata      0      0      0
eventpoll_epi         60     64    128   32    1 : tunables    0    0    0 : slabdata      2      2      0
dax_cache             28     42    768   21    4 : tunables    0    0    0 : slabdata      2      2      0
bio_integrity_data     60     64    128   32    1 : tunables    0    0    0 : slabdata      2      2      0
request_queue         28     32    992   16    4 : tunables    0    0    0 : slabdata      2      2      0
bio-200               28     32    256   16    1 : tunables    0    0    0 : slabdata      2      2      0
biovec-max            40     40   4096    8    8 : tunables    0    0    0 : slabdata      5      5      0
biovec-128            12     16   2048   16    8 : tunables    0    0    0 : slabdata      1      1      0
msg_msg-8k             0      0   8192    4    8 : tunables    0    0    0 : slabdata      0      0      0
msg_msg-4k             0      0   4096    8    8 : tunables    0    0    0 : slabdata      0      0      0
msg_msg-2k             0      0   2048   16    8 : tunables    0    0    0 : slabdata      0      0      0
msg_msg-1k             0      0   1024   16    4 : tunables    0    0    0 : slabdata      0      0      0
msg_msg-512            0      0    512   16    2 : tunables    0    0    0 : slabdata      0      0      0
msg_msg-256            0      0    256   16    1 : tunables    0    0    0 : slabdata      0      0      0
msg_msg-128            0      0    128   32    1 : tunables    0    0    0 : slabdata      0      0      0
msg_msg-64             0      0     64   64    1 : tunables    0    0    0 : slabdata      0      0      0
msg_msg-32             0      0     32  128    1 : tunables    0    0    0 : slabdata      0      0      0
msg_msg-16             0      0     16  256    1 : tunables    0    0    0 : slabdata      0      0      0
msg_msg-8              0      0      8  512    1 : tunables    0    0    0 : slabdata      0      0      0
msg_msg-192            0      0    192   21    1 : tunables    0    0    0 : slabdata      0      0      0
msg_msg-96             0      0     96   42    1 : tunables    0    0    0 : slabdata      0      0      0
memdup_user-8k         0      0   8192    4    8 : tunables    0    0    0 : slabdata      0      0      0
memdup_user-4k         0      0   4096    8    8 : tunables    0    0    0 : slabdata      0      0      0
memdup_user-2k         0      0   2048   16    8 : tunables    0    0    0 : slabdata      0      0      0
memdup_user-1k         0      0   1024   16    4 : tunables    0    0    0 : slabdata      0      0      0
memdup_user-512        0      0    512   16    2 : tunables    0    0    0 : slabdata      0      0      0
memdup_user-256        0      0    256   16    1 : tunables    0    0    0 : slabdata      0      0      0
memdup_user-128        0      0    128   32    1 : tunables    0    0    0 : slabdata      0      0      0
memdup_user-64         0      0     64   64    1 : tunables    0    0    0 : slabdata      0      0      0
memdup_user-32         0      0     32  128    1 : tunables    0    0    0 : slabdata      0      0      0
memdup_user-16        60    256     16  256    1 : tunables    0    0    0 : slabdata      1      1      0
memdup_user-8        180    512      8  512    1 : tunables    0    0    0 : slabdata      1      1      0
memdup_user-192        0      0    192   21    1 : tunables    0    0    0 : slabdata      0      0      0
memdup_user-96         0      0     96   42    1 : tunables    0    0    0 : slabdata      0      0      0
user_namespace         0      0    896   18    4 : tunables    0    0    0 : slabdata      0      0      0
iommu_iova_magazine     12     16   1024   16    4 : tunables    0    0    0 : slabdata      1      1      0
dmaengine-unmap-256     12     15   2112   15    8 : tunables    0    0    0 : slabdata      1      1      0
dmaengine-unmap-128     12     30   1088   30    8 : tunables    0    0    0 : slabdata      1      1      0
dmaengine-unmap-2     60     64     64   64    1 : tunables    0    0    0 : slabdata      1      1      0
sock_inode_cache     364    380    832   19    4 : tunables    0    0    0 : slabdata     20     20      0
skbuff_small_head     84     92    704   23    4 : tunables    0    0    0 : slabdata      4      4      0
skbuff_head_cache     87     96    256   16    1 : tunables    0    0    0 : slabdata      6      6      0
tracefs_inode_cache    896    900    648   25    4 : tunables    0    0    0 : slabdata     36     36      0
debugfs_inode_cache   2940   2950    632   25    4 : tunables    0    0    0 : slabdata    118    118      0
configfs_dir_cache    120    138     88   46    1 : tunables    0    0    0 : slabdata      3      3      0
file_lease_cache       0      0    160   25    1 : tunables    0    0    0 : slabdata      0      0      0
file_lock_cache      120    126    192   21    1 : tunables    0    0    0 : slabdata      6      6      0
fsnotify_mark_connector      0      0     24  170    1 : tunables    0    0    0 : slabdata      0      0      0
buffer_head            0      0    104   39    1 : tunables    0    0    0 : slabdata      0      0      0
task_delay_info        0      0    368   22    2 : tunables    0    0    0 : slabdata      0      0      0
taskstats              0      0    688   23    4 : tunables    0    0    0 : slabdata      0      0      0
mem_cgroup_per_node     12     17   1920   17    8 : tunables    0    0    0 : slabdata      1      1      0
mem_cgroup            12     18   1728   18    8 : tunables    0    0    0 : slabdata      1      1      0
pidfs_xattr_cache      0      0     16  256    1 : tunables    0    0    0 : slabdata      0      0      0
pidfs_attr_cache       0      0     64   64    1 : tunables    0    0    0 : slabdata      0      0      0
proc_dir_entry       360    378    192   21    1 : tunables    0    0    0 : slabdata     18     18      0
pde_opener             0      0     40  102    1 : tunables    0    0    0 : slabdata      0      0      0
proc_inode_cache      56     69    688   23    4 : tunables    0    0    0 : slabdata      3      3      0
seq_file              60     68    120   34    1 : tunables    0    0    0 : slabdata      2      2      0
sigqueue             180    204     80   51    1 : tunables    0    0    0 : slabdata      4      4      0
bdev_cache            12     19   1664   19    8 : tunables    0    0    0 : slabdata      1      1      0
shmem_inode_cache    308    315    768   21    4 : tunables    0    0    0 : slabdata     15     15      0
kernfs_node_cache  29100  29100    136   30    1 : tunables    0    0    0 : slabdata    970    970      0
mnt_cache            112    126    384   21    2 : tunables    0    0    0 : slabdata      6      6      0
bfilp                  0      0    256   16    1 : tunables    0    0    0 : slabdata      0      0      0
filp                 240    252    192   21    1 : tunables    0    0    0 : slabdata     12     12      0
inode_cache          196    208    616   26    4 : tunables    0    0    0 : slabdata      8      8      0
dentry              4320   4326    192   21    1 : tunables    0    0    0 : slabdata    206    206      0
names_cache          240    252    192   21    1 : tunables    0    0    0 : slabdata     12     12      0
net_namespace          0      0   6336    5    8 : tunables    0    0    0 : slabdata      0      0      0
ima_iint_cache         0      0    104   39    1 : tunables    0    0    0 : slabdata      0      0      0
apparmor_auditcache      0      0    344   23    2 : tunables    0    0    0 : slabdata      0      0      0
lsm_file_cache       360    408     40  102    1 : tunables    0    0    0 : slabdata      4      4      0
key_jar               56     64    256   16    1 : tunables    0    0    0 : slabdata      4      4      0
uts_namespace          0      0    704   23    4 : tunables    0    0    0 : slabdata      0      0      0
nsproxy               60    112     72   56    1 : tunables    0    0    0 : slabdata      2      2      0
vm_area_struct       300    315    192   21    1 : tunables    0    0    0 : slabdata     15     15      0
files_cache          112    115    704   23    4 : tunables    0    0    0 : slabdata      5      5      0
signal_cache         192    196   1152   28    8 : tunables    0    0    0 : slabdata      7      7      0
sighand_cache        180    180   2112   15    8 : tunables    0    0    0 : slabdata     12     12      0
task_struct          164    164  12544    2    8 : tunables    0    0    0 : slabdata     82     82      0
anon_vma_chain       300    320     64   64    1 : tunables    0    0    0 : slabdata      5      5      0
anon_vma             240    273    104   39    1 : tunables    0    0    0 : slabdata      7      7      0
pid                  420    420    192   21    1 : tunables    0    0    0 : slabdata     20     20      0
Acpi-ParseExt         60     78    104   39    1 : tunables    0    0    0 : slabdata      2      2      0
Acpi-State            60    102     80   51    1 : tunables    0    0    0 : slabdata      2      2      0
shared_policy_node    660    680     48   85    1 : tunables    0    0    0 : slabdata      8      8      0
numa_policy           84     84    288   28    2 : tunables    0    0    0 : slabdata      3      3      0
perf_event            12     24   1352   24    8 : tunables    0    0    0 : slabdata      1      1      0
trace_event_file    6420   6426     96   42    1 : tunables    0    0    0 : slabdata    153    153      0
ftrace_event_field   5100   5110     56   73    1 : tunables    0    0    0 : slabdata     70     70      0
pool_workqueue      3920   3920    512   16    2 : tunables    0    0    0 : slabdata    245    245      0
radix_tree_node     1512   1512    584   28    4 : tunables    0    0    0 : slabdata     54     54      0
task_group             0      0    704   23    4 : tunables    0    0    0 : slabdata      0      0      0
maple_node           318    320    256   16    1 : tunables    0    0    0 : slabdata     20     20      0
mm_struct             60     72   1792   18    8 : tunables    0    0    0 : slabdata      4      4      0
vmap_area           2516   2520     72   56    1 : tunables    0    0    0 : slabdata     45     45      0
kmalloc_buckets      120    144    112   36    1 : tunables    0    0    0 : slabdata      4      4      0
kmalloc-cg-8k          4      4   8192    4    8 : tunables    0    0    0 : slabdata      1      1      0
kmalloc-cg-4k         80     80   4096    8    8 : tunables    0    0    0 : slabdata     10     10      0
kmalloc-cg-2k        156    160   2048   16    8 : tunables    0    0    0 : slabdata     10     10      0
kmalloc-cg-1k         96     96   1024   16    4 : tunables    0    0    0 : slabdata      6      6      0
kmalloc-cg-512       140    144    512   16    2 : tunables    0    0    0 : slabdata      9      9      0
kmalloc-cg-256       364    368    256   16    1 : tunables    0    0    0 : slabdata     23     23      0
kmalloc-cg-128       420    448    128   32    1 : tunables    0    0    0 : slabdata     14     14      0
kmalloc-cg-64        420    448     64   64    1 : tunables    0    0    0 : slabdata      7      7      0
kmalloc-cg-32        540    640     32  128    1 : tunables    0    0    0 : slabdata      5      5      0
kmalloc-cg-16        420    512     16  256    1 : tunables    0    0    0 : slabdata      2      2      0
kmalloc-cg-8         240    512      8  512    1 : tunables    0    0    0 : slabdata      1      1      0
kmalloc-cg-192       480    483    192   21    1 : tunables    0    0    0 : slabdata     23     23      0
kmalloc-cg-96        420    420     96   42    1 : tunables    0    0    0 : slabdata     10     10      0
dma-kmalloc-8k         0      0   8192    4    8 : tunables    0    0    0 : slabdata      0      0      0
dma-kmalloc-4k         0      0   4096    8    8 : tunables    0    0    0 : slabdata      0      0      0
dma-kmalloc-2k         0      0   2048   16    8 : tunables    0    0    0 : slabdata      0      0      0
dma-kmalloc-1k         0      0   1024   16    4 : tunables    0    0    0 : slabdata      0      0      0
dma-kmalloc-512        0      0    512   16    2 : tunables    0    0    0 : slabdata      0      0      0
dma-kmalloc-256        0      0    256   16    1 : tunables    0    0    0 : slabdata      0      0      0
dma-kmalloc-128        0      0    128   32    1 : tunables    0    0    0 : slabdata      0      0      0
dma-kmalloc-64         0      0     64   64    1 : tunables    0    0    0 : slabdata      0      0      0
dma-kmalloc-32         0      0     32  128    1 : tunables    0    0    0 : slabdata      0      0      0
dma-kmalloc-16         0      0     16  256    1 : tunables    0    0    0 : slabdata      0      0      0
dma-kmalloc-8          0      0      8  512    1 : tunables    0    0    0 : slabdata      0      0      0
dma-kmalloc-192        0      0    192   21    1 : tunables    0    0    0 : slabdata      0      0      0
dma-kmalloc-96         0      0     96   42    1 : tunables    0    0    0 : slabdata      0      0      0
kmalloc-rcl-8k         0      0   8192    4    8 : tunables    0    0    0 : slabdata      0      0      0
kmalloc-rcl-4k         0      0   4096    8    8 : tunables    0    0    0 : slabdata      0      0      0
kmalloc-rcl-2k         0      0   2048   16    8 : tunables    0    0    0 : slabdata      0      0      0
kmalloc-rcl-1k         0      0   1024   16    4 : tunables    0    0    0 : slabdata      0      0      0
kmalloc-rcl-512        0      0    512   16    2 : tunables    0    0    0 : slabdata      0      0      0
kmalloc-rcl-256        0      0    256   16    1 : tunables    0    0    0 : slabdata      0      0      0
kmalloc-rcl-128        0      0    128   32    1 : tunables    0    0    0 : slabdata      0      0      0
kmalloc-rcl-64         0      0     64   64    1 : tunables    0    0    0 : slabdata      0      0      0
kmalloc-rcl-32         0      0     32  128    1 : tunables    0    0    0 : slabdata      0      0      0
kmalloc-rcl-16         0      0     16  256    1 : tunables    0    0    0 : slabdata      0      0      0
kmalloc-rcl-8          0      0      8  512    1 : tunables    0    0    0 : slabdata      0      0      0
kmalloc-rcl-192        0      0    192   21    1 : tunables    0    0    0 : slabdata      0      0      0
kmalloc-rcl-96         0      0     96   42    1 : tunables    0    0    0 : slabdata      0      0      0
kmalloc-rnd-15-8k      0      0   8192    4    8 : tunables    0    0    0 : slabdata      0      0      0
kmalloc-rnd-15-4k      0      0   4096    8    8 : tunables    0    0    0 : slabdata      0      0      0
kmalloc-rnd-15-2k    144    144   2048   16    8 : tunables    0    0    0 : slabdata      9      9      0
kmalloc-rnd-15-1k     96     96   1024   16    4 : tunables    0    0    0 : slabdata      6      6      0
kmalloc-rnd-15-512  12261  12272    512   16    2 : tunables    0    0    0 : slabdata    767    767      0
kmalloc-rnd-15-256   5561   5568    256   16    1 : tunables    0    0    0 : slabdata    348    348      0
kmalloc-rnd-15-128   4210   4224    128   32    1 : tunables    0    0    0 : slabdata    132    132      0
kmalloc-rnd-15-64   2710   2752     64   64    1 : tunables    0    0    0 : slabdata     43     43      0
kmalloc-rnd-15-32    240    256     32  128    1 : tunables    0    0    0 : slabdata      2      2      0
kmalloc-rnd-15-16   1620   1792     16  256    1 : tunables    0    0    0 : slabdata      7      7      0
kmalloc-rnd-15-8    1740   2048      8  512    1 : tunables    0    0    0 : slabdata      4      4      0
kmalloc-rnd-15-192     60     63    192   21    1 : tunables    0    0    0 : slabdata      3      3      0
kmalloc-rnd-15-96   2160   2184     96   42    1 : tunables    0    0    0 : slabdata     52     52      0
kmalloc-rnd-14-8k      0      0   8192    4    8 : tunables    0    0    0 : slabdata      0      0      0
kmalloc-rnd-14-4k     16     16   4096    8    8 : tunables    0    0    0 : slabdata      2      2      0
kmalloc-rnd-14-2k     36     48   2048   16    8 : tunables    0    0    0 : slabdata      3      3      0
kmalloc-rnd-14-1k     60     64   1024   16    4 : tunables    0    0    0 : slabdata      4      4      0
kmalloc-rnd-14-512     84     96    512   16    2 : tunables    0    0    0 : slabdata      6      6      0
kmalloc-rnd-14-256    420    432    256   16    1 : tunables    0    0    0 : slabdata     27     27      0
kmalloc-rnd-14-128    240    256    128   32    1 : tunables    0    0    0 : slabdata      8      8      0
kmalloc-rnd-14-64    428    448     64   64    1 : tunables    0    0    0 : slabdata      7      7      0
kmalloc-rnd-14-32    180    256     32  128    1 : tunables    0    0    0 : slabdata      2      2      0
kmalloc-rnd-14-16    180    256     16  256    1 : tunables    0    0    0 : slabdata      1      1      0
kmalloc-rnd-14-8      60    512      8  512    1 : tunables    0    0    0 : slabdata      1      1      0
kmalloc-rnd-14-192    120    126    192   21    1 : tunables    0    0    0 : slabdata      6      6      0
kmalloc-rnd-14-96    240    252     96   42    1 : tunables    0    0    0 : slabdata      6      6      0
kmalloc-rnd-13-8k      0      0   8192    4    8 : tunables    0    0    0 : slabdata      0      0      0
kmalloc-rnd-13-4k      4      8   4096    8    8 : tunables    0    0    0 : slabdata      1      1      0
kmalloc-rnd-13-2k     24     32   2048   16    8 : tunables    0    0    0 : slabdata      2      2      0
kmalloc-rnd-13-1k     12     16   1024   16    4 : tunables    0    0    0 : slabdata      1      1      0
kmalloc-rnd-13-512    112    112    512   16    2 : tunables    0    0    0 : slabdata      7      7      0
kmalloc-rnd-13-256    280    288    256   16    1 : tunables    0    0    0 : slabdata     18     18      0
kmalloc-rnd-13-128    180    192    128   32    1 : tunables    0    0    0 : slabdata      6      6      0
kmalloc-rnd-13-64    480    512     64   64    1 : tunables    0    0    0 : slabdata      8      8      0
kmalloc-rnd-13-32    240    256     32  128    1 : tunables    0    0    0 : slabdata      2      2      0
kmalloc-rnd-13-16    120    256     16  256    1 : tunables    0    0    0 : slabdata      1      1      0
kmalloc-rnd-13-8     120    512      8  512    1 : tunables    0    0    0 : slabdata      1      1      0
kmalloc-rnd-13-192    240    252    192   21    1 : tunables    0    0    0 : slabdata     12     12      0
kmalloc-rnd-13-96    240    252     96   42    1 : tunables    0    0    0 : slabdata      6      6      0
kmalloc-rnd-12-8k      4      4   8192    4    8 : tunables    0    0    0 : slabdata      1      1      0
kmalloc-rnd-12-4k      8      8   4096    8    8 : tunables    0    0    0 : slabdata      1      1      0
kmalloc-rnd-12-2k     24     32   2048   16    8 : tunables    0    0    0 : slabdata      2      2      0
kmalloc-rnd-12-1k     84     96   1024   16    4 : tunables    0    0    0 : slabdata      6      6      0
kmalloc-rnd-12-512     84     96    512   16    2 : tunables    0    0    0 : slabdata      6      6      0
kmalloc-rnd-12-256     84     96    256   16    1 : tunables    0    0    0 : slabdata      6      6      0
kmalloc-rnd-12-128    180    192    128   32    1 : tunables    0    0    0 : slabdata      6      6      0
kmalloc-rnd-12-64    480    512     64   64    1 : tunables    0    0    0 : slabdata      8      8      0
kmalloc-rnd-12-32    360    384     32  128    1 : tunables    0    0    0 : slabdata      3      3      0
kmalloc-rnd-12-16    300    512     16  256    1 : tunables    0    0    0 : slabdata      2      2      0
kmalloc-rnd-12-8     180    512      8  512    1 : tunables    0    0    0 : slabdata      1      1      0
kmalloc-rnd-12-192    300    315    192   21    1 : tunables    0    0    0 : slabdata     15     15      0
kmalloc-rnd-12-96    180    210     96   42    1 : tunables    0    0    0 : slabdata      5      5      0
kmalloc-rnd-11-8k     16     16   8192    4    8 : tunables    0    0    0 : slabdata      4      4      0
kmalloc-rnd-11-4k      0      0   4096    8    8 : tunables    0    0    0 : slabdata      0      0      0
kmalloc-rnd-11-2k     36     48   2048   16    8 : tunables    0    0    0 : slabdata      3      3      0
kmalloc-rnd-11-1k    168    176   1024   16    4 : tunables    0    0    0 : slabdata     11     11      0
kmalloc-rnd-11-512     56     64    512   16    2 : tunables    0    0    0 : slabdata      4      4      0
kmalloc-rnd-11-256    112    112    256   16    1 : tunables    0    0    0 : slabdata      7      7      0
kmalloc-rnd-11-128    180    192    128   32    1 : tunables    0    0    0 : slabdata      6      6      0
kmalloc-rnd-11-64    361    384     64   64    1 : tunables    0    0    0 : slabdata      6      6      0
kmalloc-rnd-11-32    900   1280     32  128    1 : tunables    0    0    0 : slabdata     10     10      0
kmalloc-rnd-11-16    180    256     16  256    1 : tunables    0    0    0 : slabdata      1      1      0
kmalloc-rnd-11-8     240    512      8  512    1 : tunables    0    0    0 : slabdata      1      1      0
kmalloc-rnd-11-192    120    126    192   21    1 : tunables    0    0    0 : slabdata      6      6      0
kmalloc-rnd-11-96    120    126     96   42    1 : tunables    0    0    0 : slabdata      3      3      0
kmalloc-rnd-10-8k      0      0   8192    4    8 : tunables    0    0    0 : slabdata      0      0      0
kmalloc-rnd-10-4k      4      8   4096    8    8 : tunables    0    0    0 : slabdata      1      1      0
kmalloc-rnd-10-2k     12     16   2048   16    8 : tunables    0    0    0 : slabdata      1      1      0
kmalloc-rnd-10-1k     48     48   1024   16    4 : tunables    0    0    0 : slabdata      3      3      0
kmalloc-rnd-10-512     84     96    512   16    2 : tunables    0    0    0 : slabdata      6      6      0
kmalloc-rnd-10-256     56     64    256   16    1 : tunables    0    0    0 : slabdata      4      4      0
kmalloc-rnd-10-128     60     64    128   32    1 : tunables    0    0    0 : slabdata      2      2      0
kmalloc-rnd-10-64   1500   1536     64   64    1 : tunables    0    0    0 : slabdata     24     24      0
kmalloc-rnd-10-32    120    128     32  128    1 : tunables    0    0    0 : slabdata      1      1      0
kmalloc-rnd-10-16    300    512     16  256    1 : tunables    0    0    0 : slabdata      2      2      0
kmalloc-rnd-10-8     240    512      8  512    1 : tunables    0    0    0 : slabdata      1      1      0
kmalloc-rnd-10-192     60     63    192   21    1 : tunables    0    0    0 : slabdata      3      3      0
kmalloc-rnd-10-96    180    210     96   42    1 : tunables    0    0    0 : slabdata      5      5      0
kmalloc-rnd-09-8k      0      0   8192    4    8 : tunables    0    0    0 : slabdata      0      0      0
kmalloc-rnd-09-4k      8      8   4096    8    8 : tunables    0    0    0 : slabdata      1      1      0
kmalloc-rnd-09-2k     24     32   2048   16    8 : tunables    0    0    0 : slabdata      2      2      0
kmalloc-rnd-09-1k     24     32   1024   16    4 : tunables    0    0    0 : slabdata      2      2      0
kmalloc-rnd-09-512    112    112    512   16    2 : tunables    0    0    0 : slabdata      7      7      0
kmalloc-rnd-09-256    168    176    256   16    1 : tunables    0    0    0 : slabdata     11     11      0
kmalloc-rnd-09-128    120    128    128   32    1 : tunables    0    0    0 : slabdata      4      4      0
kmalloc-rnd-09-64    240    256     64   64    1 : tunables    0    0    0 : slabdata      4      4      0
kmalloc-rnd-09-32    240    256     32  128    1 : tunables    0    0    0 : slabdata      2      2      0
kmalloc-rnd-09-16    180    256     16  256    1 : tunables    0    0    0 : slabdata      1      1      0
kmalloc-rnd-09-8    2520   2560      8  512    1 : tunables    0    0    0 : slabdata      5      5      0
kmalloc-rnd-09-192     60     63    192   21    1 : tunables    0    0    0 : slabdata      3      3      0
kmalloc-rnd-09-96    240    252     96   42    1 : tunables    0    0    0 : slabdata      6      6      0
kmalloc-rnd-08-8k      8      8   8192    4    8 : tunables    0    0    0 : slabdata      2      2      0
kmalloc-rnd-08-4k      4      8   4096    8    8 : tunables    0    0    0 : slabdata      1      1      0
kmalloc-rnd-08-2k     36     48   2048   16    8 : tunables    0    0    0 : slabdata      3      3      0
kmalloc-rnd-08-1k     24     32   1024   16    4 : tunables    0    0    0 : slabdata      2      2      0
kmalloc-rnd-08-512     84     96    512   16    2 : tunables    0    0    0 : slabdata      6      6      0
kmalloc-rnd-08-256     56     64    256   16    1 : tunables    0    0    0 : slabdata      4      4      0
kmalloc-rnd-08-128    120    128    128   32    1 : tunables    0    0    0 : slabdata      4      4      0
kmalloc-rnd-08-64    180    192     64   64    1 : tunables    0    0    0 : slabdata      3      3      0
kmalloc-rnd-08-32    240    256     32  128    1 : tunables    0    0    0 : slabdata      2      2      0
kmalloc-rnd-08-16    180    256     16  256    1 : tunables    0    0    0 : slabdata      1      1      0
kmalloc-rnd-08-8     240    512      8  512    1 : tunables    0    0    0 : slabdata      1      1      0
kmalloc-rnd-08-192    240    252    192   21    1 : tunables    0    0    0 : slabdata     12     12      0
kmalloc-rnd-08-96    180    210     96   42    1 : tunables    0    0    0 : slabdata      5      5      0
kmalloc-rnd-07-8k      0      0   8192    4    8 : tunables    0    0    0 : slabdata      0      0      0
kmalloc-rnd-07-4k      0      0   4096    8    8 : tunables    0    0    0 : slabdata      0      0      0
kmalloc-rnd-07-2k     24     32   2048   16    8 : tunables    0    0    0 : slabdata      2      2      0
kmalloc-rnd-07-1k     48     48   1024   16    4 : tunables    0    0    0 : slabdata      3      3      0
kmalloc-rnd-07-512     84     96    512   16    2 : tunables    0    0    0 : slabdata      6      6      0
kmalloc-rnd-07-256     56     64    256   16    1 : tunables    0    0    0 : slabdata      4      4      0
kmalloc-rnd-07-128    120    128    128   32    1 : tunables    0    0    0 : slabdata      4      4      0
kmalloc-rnd-07-64    240    256     64   64    1 : tunables    0    0    0 : slabdata      4      4      0
kmalloc-rnd-07-32    180    256     32  128    1 : tunables    0    0    0 : slabdata      2      2      0
kmalloc-rnd-07-16     60    256     16  256    1 : tunables    0    0    0 : slabdata      1      1      0
kmalloc-rnd-07-8     120    512      8  512    1 : tunables    0    0    0 : slabdata      1      1      0
kmalloc-rnd-07-192    240    252    192   21    1 : tunables    0    0    0 : slabdata     12     12      0
kmalloc-rnd-07-96    240    252     96   42    1 : tunables    0    0    0 : slabdata      6      6      0
kmalloc-rnd-06-8k      0      0   8192    4    8 : tunables    0    0    0 : slabdata      0      0      0
kmalloc-rnd-06-4k      0      0   4096    8    8 : tunables    0    0    0 : slabdata      0      0      0
kmalloc-rnd-06-2k     72     80   2048   16    8 : tunables    0    0    0 : slabdata      5      5      0
kmalloc-rnd-06-1k     72     80   1024   16    4 : tunables    0    0    0 : slabdata      5      5      0
kmalloc-rnd-06-512    140    144    512   16    2 : tunables    0    0    0 : slabdata      9      9      0
kmalloc-rnd-06-256     84     96    256   16    1 : tunables    0    0    0 : slabdata      6      6      0
kmalloc-rnd-06-128    180    192    128   32    1 : tunables    0    0    0 : slabdata      6      6      0
kmalloc-rnd-06-64    279    320     64   64    1 : tunables    0    0    0 : slabdata      5      5      0
kmalloc-rnd-06-32    180    256     32  128    1 : tunables    0    0    0 : slabdata      2      2      0
kmalloc-rnd-06-16    180    256     16  256    1 : tunables    0    0    0 : slabdata      1      1      0
kmalloc-rnd-06-8     120    512      8  512    1 : tunables    0    0    0 : slabdata      1      1      0
kmalloc-rnd-06-192    240    252    192   21    1 : tunables    0    0    0 : slabdata     12     12      0
kmalloc-rnd-06-96    180    210     96   42    1 : tunables    0    0    0 : slabdata      5      5      0
kmalloc-rnd-05-8k      8      8   8192    4    8 : tunables    0    0    0 : slabdata      2      2      0
kmalloc-rnd-05-4k      8      8   4096    8    8 : tunables    0    0    0 : slabdata      1      1      0
kmalloc-rnd-05-2k     84     96   2048   16    8 : tunables    0    0    0 : slabdata      6      6      0
kmalloc-rnd-05-1k     84     96   1024   16    4 : tunables    0    0    0 : slabdata      6      6      0
kmalloc-rnd-05-512    112    112    512   16    2 : tunables    0    0    0 : slabdata      7      7      0
kmalloc-rnd-05-256    140    144    256   16    1 : tunables    0    0    0 : slabdata      9      9      0
kmalloc-rnd-05-128    240    256    128   32    1 : tunables    0    0    0 : slabdata      8      8      0
kmalloc-rnd-05-64    300    320     64   64    1 : tunables    0    0    0 : slabdata      5      5      0
kmalloc-rnd-05-32   1020   1024     32  128    1 : tunables    0    0    0 : slabdata      8      8      0
kmalloc-rnd-05-16    600    768     16  256    1 : tunables    0    0    0 : slabdata      3      3      0
kmalloc-rnd-05-8     780   1024      8  512    1 : tunables    0    0    0 : slabdata      2      2      0
kmalloc-rnd-05-192    361    378    192   21    1 : tunables    0    0    0 : slabdata     18     18      0
kmalloc-rnd-05-96    480    504     96   42    1 : tunables    0    0    0 : slabdata     12     12      0
kmalloc-rnd-04-8k      8      8   8192    4    8 : tunables    0    0    0 : slabdata      2      2      0
kmalloc-rnd-04-4k     16     16   4096    8    8 : tunables    0    0    0 : slabdata      2      2      0
kmalloc-rnd-04-2k     48     48   2048   16    8 : tunables    0    0    0 : slabdata      3      3      0
kmalloc-rnd-04-1k     60     64   1024   16    4 : tunables    0    0    0 : slabdata      4      4      0
kmalloc-rnd-04-512     84     96    512   16    2 : tunables    0    0    0 : slabdata      6      6      0
kmalloc-rnd-04-256    112    112    256   16    1 : tunables    0    0    0 : slabdata      7      7      0
kmalloc-rnd-04-128    180    192    128   32    1 : tunables    0    0    0 : slabdata      6      6      0
kmalloc-rnd-04-64    240    256     64   64    1 : tunables    0    0    0 : slabdata      4      4      0
kmalloc-rnd-04-32    600    640     32  128    1 : tunables    0    0    0 : slabdata      5      5      0
kmalloc-rnd-04-16    240    256     16  256    1 : tunables    0    0    0 : slabdata      1      1      0
kmalloc-rnd-04-8     120    512      8  512    1 : tunables    0    0    0 : slabdata      1      1      0
kmalloc-rnd-04-192    120    126    192   21    1 : tunables    0    0    0 : slabdata      6      6      0
kmalloc-rnd-04-96    240    252     96   42    1 : tunables    0    0    0 : slabdata      6      6      0
kmalloc-rnd-03-8k      4      4   8192    4    8 : tunables    0    0    0 : slabdata      1      1      0
kmalloc-rnd-03-4k      8      8   4096    8    8 : tunables    0    0    0 : slabdata      1      1      0
kmalloc-rnd-03-2k    108    112   2048   16    8 : tunables    0    0    0 : slabdata      7      7      0
kmalloc-rnd-03-1k     48     48   1024   16    4 : tunables    0    0    0 : slabdata      3      3      0
kmalloc-rnd-03-512   1400   1408    512   16    2 : tunables    0    0    0 : slabdata     88     88      0
kmalloc-rnd-03-256    552    560    256   16    1 : tunables    0    0    0 : slabdata     35     35      0
kmalloc-rnd-03-128    564    576    128   32    1 : tunables    0    0    0 : slabdata     18     18      0
kmalloc-rnd-03-64    684    704     64   64    1 : tunables    0    0    0 : slabdata     11     11      0
kmalloc-rnd-03-32    240    256     32  128    1 : tunables    0    0    0 : slabdata      2      2      0
kmalloc-rnd-03-16    180    256     16  256    1 : tunables    0    0    0 : slabdata      1      1      0
kmalloc-rnd-03-8     240    512      8  512    1 : tunables    0    0    0 : slabdata      1      1      0
kmalloc-rnd-03-192    120    126    192   21    1 : tunables    0    0    0 : slabdata      6      6      0
kmalloc-rnd-03-96    180    210     96   42    1 : tunables    0    0    0 : slabdata      5      5      0
kmalloc-rnd-02-8k      4      4   8192    4    8 : tunables    0    0    0 : slabdata      1      1      0
kmalloc-rnd-02-4k      4      8   4096    8    8 : tunables    0    0    0 : slabdata      1      1      0
kmalloc-rnd-02-2k     36     48   2048   16    8 : tunables    0    0    0 : slabdata      3      3      0
kmalloc-rnd-02-1k     48     48   1024   16    4 : tunables    0    0    0 : slabdata      3      3      0
kmalloc-rnd-02-512     84     96    512   16    2 : tunables    0    0    0 : slabdata      6      6      0
kmalloc-rnd-02-256    336    336    256   16    1 : tunables    0    0    0 : slabdata     21     21      0
kmalloc-rnd-02-128    240    256    128   32    1 : tunables    0    0    0 : slabdata      8      8      0
kmalloc-rnd-02-64    780    832     64   64    1 : tunables    0    0    0 : slabdata     13     13      0
kmalloc-rnd-02-32    360    384     32  128    1 : tunables    0    0    0 : slabdata      3      3      0
kmalloc-rnd-02-16    240    256     16  256    1 : tunables    0    0    0 : slabdata      1      1      0
kmalloc-rnd-02-8     240    512      8  512    1 : tunables    0    0    0 : slabdata      1      1      0
kmalloc-rnd-02-192    180    189    192   21    1 : tunables    0    0    0 : slabdata      9      9      0
kmalloc-rnd-02-96    240    252     96   42    1 : tunables    0    0    0 : slabdata      6      6      0
kmalloc-rnd-01-8k      8      8   8192    4    8 : tunables    0    0    0 : slabdata      2      2      0
kmalloc-rnd-01-4k      4      8   4096    8    8 : tunables    0    0    0 : slabdata      1      1      0
kmalloc-rnd-01-2k     48     48   2048   16    8 : tunables    0    0    0 : slabdata      3      3      0
kmalloc-rnd-01-1k     60     64   1024   16    4 : tunables    0    0    0 : slabdata      4      4      0
kmalloc-rnd-01-512    168    176    512   16    2 : tunables    0    0    0 : slabdata     11     11      0
kmalloc-rnd-01-256    140    144    256   16    1 : tunables    0    0    0 : slabdata      9      9      0
kmalloc-rnd-01-128    240    256    128   32    1 : tunables    0    0    0 : slabdata      8      8      0
kmalloc-rnd-01-64    300    320     64   64    1 : tunables    0    0    0 : slabdata      5      5      0
kmalloc-rnd-01-32    240    256     32  128    1 : tunables    0    0    0 : slabdata      2      2      0
kmalloc-rnd-01-16    180    256     16  256    1 : tunables    0    0    0 : slabdata      1      1      0
kmalloc-rnd-01-8     240    512      8  512    1 : tunables    0    0    0 : slabdata      1      1      0
kmalloc-rnd-01-192    300    315    192   21    1 : tunables    0    0    0 : slabdata     15     15      0
kmalloc-rnd-01-96    240    252     96   42    1 : tunables    0    0    0 : slabdata      6      6      0
kmalloc-8k             4      4   8192    4    8 : tunables    0    0    0 : slabdata      1      1      0
kmalloc-4k             4      8   4096    8    8 : tunables    0    0    0 : slabdata      1      1      0
kmalloc-2k            48     48   2048   16    8 : tunables    0    0    0 : slabdata      3      3      0
kmalloc-1k            48     48   1024   16    4 : tunables    0    0    0 : slabdata      3      3      0
kmalloc-512          112    112    512   16    2 : tunables    0    0    0 : slabdata      7      7      0
kmalloc-256           28     32    256   16    1 : tunables    0    0    0 : slabdata      2      2      0
kmalloc-128          240    256    128   32    1 : tunables    0    0    0 : slabdata      8      8      0
kmalloc-64           240    256     64   64    1 : tunables    0    0    0 : slabdata      4      4      0
kmalloc-32           180    256     32  128    1 : tunables    0    0    0 : slabdata      2      2      0
kmalloc-16           120    256     16  256    1 : tunables    0    0    0 : slabdata      1      1      0
kmalloc-8            240    512      8  512    1 : tunables    0    0    0 : slabdata      1      1      0
kmalloc-192          120    126    192   21    1 : tunables    0    0    0 : slabdata      6      6      0
kmalloc-96           120    126     96   42    1 : tunables    0    0    0 : slabdata      3      3      0
kmem_cache_node      407    416    128   32    1 : tunables    0    0    0 : slabdata     13     13      0
kmem_cache           407    416    256   16    1 : tunables    0    0    0 : slabdata     26     26      0
BENCH_PRE_VARIANT_END
[    2.151841] shmproxy: loading out-of-tree module taints kernel.
[    2.153832] shmproxy: module verification failed: signature and/or required key missing - tainting kernel
[    2.157828] shmproxy: kernel AF_VSOCK listener CID2:29500 loaded
BENCH_PERF_PMU_PROBE

 Performance counter stats for 'system wide':

           7016279      cycles                                                                
           4673999      instructions                                                          

       0.101699455 seconds time elapsed

BENCH_PERF_SOFTWARE_PROBE

 Performance counter stats for 'system wide':

            404.87 msec cpu-clock                                                             
            404.88 msec task-clock                                                            
               206      context-switches                                                      
                 5      cpu-migrations                                                        

       0.101220715 seconds time elapsed

{"event": "begin"}
{"event": "loaded"}
{"event": "preflight_message"}
{"event": "preflight_message"}
{"event": "preflight_message"}
{"event": "preflight_message"}
{"event": "preflight_message"}
{"event": "preflight_message"}
{"event": "preflight_message"}
{"event": "preflight_message"}
{"event": "preflight_message"}
{"event": "preflight_message"}
{"event": "preflight_message"}
{"event": "preflight_message"}
{"event": "preflight_message"}
{"event": "preflight_message"}
{"event": "preflight_owned_mapping_fail_closed"}
{"event": "correctness_gate_passed"}
{"event": "setup", "population": 1, "duration_s": 0.000971341}
{"event": "audit"}
{"event": "correctness_size"}
{"event": "correctness_size"}
{"event": "correctness_size"}
{"event": "correctness_size"}
{"event": "correctness_size"}
{"event": "correctness_size"}
{"event": "correctness_size"}
{"event": "idle_cpu", "population": 1, "duration_s": 2.00012208}
{"event": "idle_cpu", "population": 1, "duration_s": 2.000147318}
{"event": "idle_cpu", "population": 1, "duration_s": 2.000141299}
{"event": "idle_resources", "population": 1}
[   13.874311] clocksource: Long readout interval, skipping watchdog check: cs_nsec: 1041097476 wd_nsec: 1041096957
{"event": "window_begin", "id": "kernel-udp-1-1-0-0-0"}
{"event": "window_end", "id": "kernel-udp-1-1-0-0-0"}
{"event": "window", "id": "kernel-udp-1-1-0-0-0", "population": 1, "duration_s": 1.000212783, "delivered_roundtrips": 6147}
{"event": "window_begin", "id": "kernel-udp-1-1-0-0-1"}
{"event": "window_end", "id": "kernel-udp-1-1-0-0-1"}
{"event": "window", "id": "kernel-udp-1-1-0-0-1", "population": 1, "duration_s": 1.000114966, "delivered_roundtrips": 6211}
{"event": "window_begin", "id": "kernel-udp-1-1-0-0-2"}
{"event": "window_end", "id": "kernel-udp-1-1-0-0-2"}
{"event": "window", "id": "kernel-udp-1-1-0-0-2", "population": 1, "duration_s": 1.000169298, "delivered_roundtrips": 5992}
{"event": "traffic_resources", "population": 1}
{"event": "audit"}
{"event": "setup", "population": 64, "duration_s": 0.135055782}
{"event": "audit"}
{"event": "idle_cpu", "population": 64, "duration_s": 2.000071584}
{"event": "idle_cpu", "population": 64, "duration_s": 2.000069901}
{"event": "idle_cpu", "population": 64, "duration_s": 2.000084133}
{"event": "idle_resources", "population": 64}
{"event": "window_begin", "id": "kernel-udp-64-64-0-0-0"}
{"event": "window_end", "id": "kernel-udp-64-64-0-0-0"}
{"event": "window", "id": "kernel-udp-64-64-0-0-0", "population": 64, "duration_s": 1.000200585, "delivered_roundtrips": 20751}
{"event": "window_begin", "id": "kernel-udp-64-64-0-0-1"}
{"event": "window_end", "id": "kernel-udp-64-64-0-0-1"}
{"event": "window", "id": "kernel-udp-64-64-0-0-1", "population": 64, "duration_s": 1.000225372, "delivered_roundtrips": 26724}
{"event": "window_begin", "id": "kernel-udp-64-64-0-0-2"}
{"event": "window_end", "id": "kernel-udp-64-64-0-0-2"}
{"event": "window", "id": "kernel-udp-64-64-0-0-2", "population": 64, "duration_s": 1.000297431, "delivered_roundtrips": 32124}
[   43.833293] clocksource: Long readout interval, skipping watchdog check: cs_nsec: 3848079970 wd_nsec: 3848078484
{"event": "window_begin", "id": "kernel-udp-64-64-64-0-100"}
{"event": "window_end", "id": "kernel-udp-64-64-64-0-100"}
{"event": "window", "id": "kernel-udp-64-64-64-0-100", "population": 64, "duration_s": 2.000468842, "delivered_roundtrips": 36399}
{"event": "profile", "population": 64}
{"event": "traffic_resources", "population": 64}
{"event": "audit"}
{"event": "setup", "population": 1024, "duration_s": 2.004843293}
{"event": "audit"}
{"event": "idle_cpu", "population": 1024, "duration_s": 2.000072585}
{"event": "idle_cpu", "population": 1024, "duration_s": 2.00015544}
{"event": "idle_cpu", "population": 1024, "duration_s": 2.000094799}
{"event": "idle_resources", "population": 1024}
{"event": "window_begin", "id": "kernel-udp-1024-1024-0-0-0"}
{"event": "window_end", "id": "kernel-udp-1024-1024-0-0-0"}
{"event": "window", "id": "kernel-udp-1024-1024-0-0-0", "population": 1024, "duration_s": 1.000350991, "delivered_roundtrips": 19861}
{"event": "window_begin", "id": "kernel-udp-1024-1024-0-0-1"}
{"event": "window_end", "id": "kernel-udp-1024-1024-0-0-1"}
{"event": "window", "id": "kernel-udp-1024-1024-0-0-1", "population": 1024, "duration_s": 1.000249478, "delivered_roundtrips": 20339}
{"event": "window_begin", "id": "kernel-udp-1024-1024-0-0-2"}
{"event": "window_end", "id": "kernel-udp-1024-1024-0-0-2"}
{"event": "window", "id": "kernel-udp-1024-1024-0-0-2", "population": 1024, "duration_s": 1.00027044, "delivered_roundtrips": 19805}
{"event": "window_begin", "id": "kernel-udp-open-1024-64-64-10000-0"}
{"event": "window_end", "id": "kernel-udp-open-1024-64-64-10000-0"}
{"event": "udp_open_window", "id": "kernel-udp-open-1024-64-64-10000-0", "population": 1024}
{"event": "window_begin", "id": "kernel-udp-open-1024-64-64-0-0"}
{"event": "window_end", "id": "kernel-udp-open-1024-64-64-0-0"}
{"event": "udp_open_window", "id": "kernel-udp-open-1024-64-64-0-0", "population": 1024}
{"event": "window_begin", "id": "kernel-udp-open-1024-64-64-10000-1"}
{"event": "window_end", "id": "kernel-udp-open-1024-64-64-10000-1"}
{"event": "udp_open_window", "id": "kernel-udp-open-1024-64-64-10000-1", "population": 1024}
{"event": "window_begin", "id": "kernel-udp-open-1024-64-64-0-1"}
{"event": "window_end", "id": "kernel-udp-open-1024-64-64-0-1"}
{"event": "udp_open_window", "id": "kernel-udp-open-1024-64-64-0-1", "population": 1024}
{"event": "window_begin", "id": "kernel-udp-open-1024-64-64-10000-2"}
{"event": "window_end", "id": "kernel-udp-open-1024-64-64-10000-2"}
{"event": "udp_open_window", "id": "kernel-udp-open-1024-64-64-10000-2", "population": 1024}
{"event": "window_begin", "id": "kernel-udp-open-1024-64-64-0-2"}
{"event": "window_end", "id": "kernel-udp-open-1024-64-64-0-2"}
{"event": "udp_open_window", "id": "kernel-udp-open-1024-64-64-0-2", "population": 1024}
{"event": "window_begin", "id": "kernel-udp-open-1024-64-1431-10000-0"}
{"event": "window_end", "id": "kernel-udp-open-1024-64-1431-10000-0"}
{"event": "udp_open_window", "id": "kernel-udp-open-1024-64-1431-10000-0", "population": 1024}
{"event": "window_begin", "id": "kernel-udp-open-1024-64-1431-0-0"}
{"event": "window_end", "id": "kernel-udp-open-1024-64-1431-0-0"}
{"event": "udp_open_window", "id": "kernel-udp-open-1024-64-1431-0-0", "population": 1024}
{"event": "window_begin", "id": "kernel-udp-open-1024-64-1431-10000-1"}
{"event": "window_end", "id": "kernel-udp-open-1024-64-1431-10000-1"}
{"event": "udp_open_window", "id": "kernel-udp-open-1024-64-1431-10000-1", "population": 1024}
{"event": "window_begin", "id": "kernel-udp-open-1024-64-1431-0-1"}
{"event": "window_end", "id": "kernel-udp-open-1024-64-1431-0-1"}
{"event": "udp_open_window", "id": "kernel-udp-open-1024-64-1431-0-1", "population": 1024}
{"event": "window_begin", "id": "kernel-udp-open-1024-64-1431-10000-2"}
{"event": "window_end", "id": "kernel-udp-open-1024-64-1431-10000-2"}
{"event": "udp_open_window", "id": "kernel-udp-open-1024-64-1431-10000-2", "population": 1024}
{"event": "window_begin", "id": "kernel-udp-open-1024-64-1431-0-2"}
{"event": "window_end", "id": "kernel-udp-open-1024-64-1431-0-2"}
{"event": "udp_open_window", "id": "kernel-udp-open-1024-64-1431-0-2", "population": 1024}
{"event": "window_begin", "id": "kernel-udp-open-1024-1024-64-10000-0"}
{"event": "window_end", "id": "kernel-udp-open-1024-1024-64-10000-0"}
{"event": "udp_open_window", "id": "kernel-udp-open-1024-1024-64-10000-0", "population": 1024}
{"event": "window_begin", "id": "kernel-udp-open-1024-1024-64-0-0"}
{"event": "window_end", "id": "kernel-udp-open-1024-1024-64-0-0"}
{"event": "udp_open_window", "id": "kernel-udp-open-1024-1024-64-0-0", "population": 1024}
{"event": "window_begin", "id": "kernel-udp-open-1024-1024-64-10000-1"}
{"event": "window_end", "id": "kernel-udp-open-1024-1024-64-10000-1"}
{"event": "udp_open_window", "id": "kernel-udp-open-1024-1024-64-10000-1", "population": 1024}
{"event": "window_begin", "id": "kernel-udp-open-1024-1024-64-0-1"}
{"event": "window_end", "id": "kernel-udp-open-1024-1024-64-0-1"}
{"event": "udp_open_window", "id": "kernel-udp-open-1024-1024-64-0-1", "population": 1024}
{"event": "window_begin", "id": "kernel-udp-open-1024-1024-64-10000-2"}
{"event": "window_end", "id": "kernel-udp-open-1024-1024-64-10000-2"}
{"event": "udp_open_window", "id": "kernel-udp-open-1024-1024-64-10000-2", "population": 1024}
{"event": "window_begin", "id": "kernel-udp-open-1024-1024-64-0-2"}
{"event": "window_end", "id": "kernel-udp-open-1024-1024-64-0-2"}
{"event": "udp_open_window", "id": "kernel-udp-open-1024-1024-64-0-2", "population": 1024}
{"event": "window_begin", "id": "kernel-udp-open-1024-1024-1431-10000-0"}
{"event": "window_end", "id": "kernel-udp-open-1024-1024-1431-10000-0"}
{"event": "udp_open_window", "id": "kernel-udp-open-1024-1024-1431-10000-0", "population": 1024}
{"event": "window_begin", "id": "kernel-udp-open-1024-1024-1431-0-0"}
{"event": "window_end", "id": "kernel-udp-open-1024-1024-1431-0-0"}
{"event": "udp_open_window", "id": "kernel-udp-open-1024-1024-1431-0-0", "population": 1024}
{"event": "window_begin", "id": "kernel-udp-open-1024-1024-1431-10000-1"}
{"event": "window_end", "id": "kernel-udp-open-1024-1024-1431-10000-1"}
{"event": "udp_open_window", "id": "kernel-udp-open-1024-1024-1431-10000-1", "population": 1024}
{"event": "window_begin", "id": "kernel-udp-open-1024-1024-1431-0-1"}
{"event": "window_end", "id": "kernel-udp-open-1024-1024-1431-0-1"}
{"event": "udp_open_window", "id": "kernel-udp-open-1024-1024-1431-0-1", "population": 1024}
{"event": "window_begin", "id": "kernel-udp-open-1024-1024-1431-10000-2"}
{"event": "window_end", "id": "kernel-udp-open-1024-1024-1431-10000-2"}
{"event": "udp_open_window", "id": "kernel-udp-open-1024-1024-1431-10000-2", "population": 1024}
{"event": "window_begin", "id": "kernel-udp-open-1024-1024-1431-0-2"}
{"event": "window_end", "id": "kernel-udp-open-1024-1024-1431-0-2"}
{"event": "udp_open_window", "id": "kernel-udp-open-1024-1024-1431-0-2", "population": 1024}
{"event": "traffic_resources", "population": 1024}
{"event": "audit"}
{"event": "setup", "population": 4096, "duration_s": 6.583879755}
{"event": "audit"}
{"event": "idle_cpu", "population": 4096, "duration_s": 2.000092075}
{"event": "idle_cpu", "population": 4096, "duration_s": 2.000096532}
{"event": "idle_cpu", "population": 4096, "duration_s": 2.000171494}
{"event": "idle_resources", "population": 4096}
{"event": "window_begin", "id": "kernel-udp-4096-4096-0-0-0"}
{"event": "window_end", "id": "kernel-udp-4096-4096-0-0-0"}
{"event": "window", "id": "kernel-udp-4096-4096-0-0-0", "population": 4096, "duration_s": 1.000688089, "delivered_roundtrips": 20062}
{"event": "window_begin", "id": "kernel-udp-4096-4096-0-0-1"}
{"event": "window_end", "id": "kernel-udp-4096-4096-0-0-1"}
{"event": "window", "id": "kernel-udp-4096-4096-0-0-1", "population": 4096, "duration_s": 1.000320356, "delivered_roundtrips": 19289}
{"event": "window_begin", "id": "kernel-udp-4096-4096-0-0-2"}
{"event": "window_end", "id": "kernel-udp-4096-4096-0-0-2"}
{"event": "window", "id": "kernel-udp-4096-4096-0-0-2", "population": 4096, "duration_s": 1.000275277, "delivered_roundtrips": 20039}
{"event": "window_begin", "id": "kernel-udp-open-4096-64-64-10000-0"}
{"event": "window_end", "id": "kernel-udp-open-4096-64-64-10000-0"}
{"event": "udp_open_window", "id": "kernel-udp-open-4096-64-64-10000-0", "population": 4096}
{"event": "window_begin", "id": "kernel-udp-open-4096-64-64-0-0"}
{"event": "window_end", "id": "kernel-udp-open-4096-64-64-0-0"}
{"event": "udp_open_window", "id": "kernel-udp-open-4096-64-64-0-0", "population": 4096}
{"event": "window_begin", "id": "kernel-udp-open-4096-64-64-10000-1"}
{"event": "window_end", "id": "kernel-udp-open-4096-64-64-10000-1"}
{"event": "udp_open_window", "id": "kernel-udp-open-4096-64-64-10000-1", "population": 4096}
{"event": "window_begin", "id": "kernel-udp-open-4096-64-64-0-1"}
{"event": "window_end", "id": "kernel-udp-open-4096-64-64-0-1"}
{"event": "udp_open_window", "id": "kernel-udp-open-4096-64-64-0-1", "population": 4096}
{"event": "window_begin", "id": "kernel-udp-open-4096-64-64-10000-2"}
{"event": "window_end", "id": "kernel-udp-open-4096-64-64-10000-2"}
{"event": "udp_open_window", "id": "kernel-udp-open-4096-64-64-10000-2", "population": 4096}
{"event": "window_begin", "id": "kernel-udp-open-4096-64-64-0-2"}
{"event": "window_end", "id": "kernel-udp-open-4096-64-64-0-2"}
{"event": "udp_open_window", "id": "kernel-udp-open-4096-64-64-0-2", "population": 4096}
{"event": "window_begin", "id": "kernel-udp-open-4096-64-1431-10000-0"}
{"event": "window_end", "id": "kernel-udp-open-4096-64-1431-10000-0"}
{"event": "udp_open_window", "id": "kernel-udp-open-4096-64-1431-10000-0", "population": 4096}
{"event": "window_begin", "id": "kernel-udp-open-4096-64-1431-0-0"}
{"event": "window_end", "id": "kernel-udp-open-4096-64-1431-0-0"}
{"event": "udp_open_window", "id": "kernel-udp-open-4096-64-1431-0-0", "population": 4096}
{"event": "window_begin", "id": "kernel-udp-open-4096-64-1431-10000-1"}
{"event": "window_end", "id": "kernel-udp-open-4096-64-1431-10000-1"}
{"event": "udp_open_window", "id": "kernel-udp-open-4096-64-1431-10000-1", "population": 4096}
{"event": "window_begin", "id": "kernel-udp-open-4096-64-1431-0-1"}
{"event": "window_end", "id": "kernel-udp-open-4096-64-1431-0-1"}
{"event": "udp_open_window", "id": "kernel-udp-open-4096-64-1431-0-1", "population": 4096}
{"event": "window_begin", "id": "kernel-udp-open-4096-64-1431-10000-2"}
{"event": "window_end", "id": "kernel-udp-open-4096-64-1431-10000-2"}
{"event": "udp_open_window", "id": "kernel-udp-open-4096-64-1431-10000-2", "population": 4096}
{"event": "window_begin", "id": "kernel-udp-open-4096-64-1431-0-2"}
{"event": "window_end", "id": "kernel-udp-open-4096-64-1431-0-2"}
{"event": "udp_open_window", "id": "kernel-udp-open-4096-64-1431-0-2", "population": 4096}
{"event": "window_begin", "id": "kernel-udp-open-4096-4096-64-10000-0"}
{"event": "window_end", "id": "kernel-udp-open-4096-4096-64-10000-0"}
{"event": "udp_open_window", "id": "kernel-udp-open-4096-4096-64-10000-0", "population": 4096}
{"event": "window_begin", "id": "kernel-udp-open-4096-4096-64-0-0"}
{"event": "window_end", "id": "kernel-udp-open-4096-4096-64-0-0"}
{"event": "udp_open_window", "id": "kernel-udp-open-4096-4096-64-0-0", "population": 4096}
{"event": "window_begin", "id": "kernel-udp-open-4096-4096-64-10000-1"}
{"event": "window_end", "id": "kernel-udp-open-4096-4096-64-10000-1"}
{"event": "udp_open_window", "id": "kernel-udp-open-4096-4096-64-10000-1", "population": 4096}
{"event": "window_begin", "id": "kernel-udp-open-4096-4096-64-0-1"}
{"event": "window_end", "id": "kernel-udp-open-4096-4096-64-0-1"}
{"event": "udp_open_window", "id": "kernel-udp-open-4096-4096-64-0-1", "population": 4096}
{"event": "window_begin", "id": "kernel-udp-open-4096-4096-64-10000-2"}
{"event": "window_end", "id": "kernel-udp-open-4096-4096-64-10000-2"}
{"event": "udp_open_window", "id": "kernel-udp-open-4096-4096-64-10000-2", "population": 4096}
{"event": "window_begin", "id": "kernel-udp-open-4096-4096-64-0-2"}
{"event": "window_end", "id": "kernel-udp-open-4096-4096-64-0-2"}
{"event": "udp_open_window", "id": "kernel-udp-open-4096-4096-64-0-2", "population": 4096}
{"event": "window_begin", "id": "kernel-udp-open-4096-4096-1431-10000-0"}
{"event": "window_end", "id": "kernel-udp-open-4096-4096-1431-10000-0"}
{"event": "udp_open_window", "id": "kernel-udp-open-4096-4096-1431-10000-0", "population": 4096}
{"event": "window_begin", "id": "kernel-udp-open-4096-4096-1431-0-0"}
{"event": "window_end", "id": "kernel-udp-open-4096-4096-1431-0-0"}
{"event": "udp_open_window", "id": "kernel-udp-open-4096-4096-1431-0-0", "population": 4096}
{"event": "window_begin", "id": "kernel-udp-open-4096-4096-1431-10000-1"}
{"event": "window_end", "id": "kernel-udp-open-4096-4096-1431-10000-1"}
{"event": "udp_open_window", "id": "kernel-udp-open-4096-4096-1431-10000-1", "population": 4096}
{"event": "window_begin", "id": "kernel-udp-open-4096-4096-1431-0-1"}
{"event": "window_end", "id": "kernel-udp-open-4096-4096-1431-0-1"}
{"event": "udp_open_window", "id": "kernel-udp-open-4096-4096-1431-0-1", "population": 4096}
{"event": "window_begin", "id": "kernel-udp-open-4096-4096-1431-10000-2"}
{"event": "window_end", "id": "kernel-udp-open-4096-4096-1431-10000-2"}
{"event": "udp_open_window", "id": "kernel-udp-open-4096-4096-1431-10000-2", "population": 4096}
{"event": "window_begin", "id": "kernel-udp-open-4096-4096-1431-0-2"}
{"event": "window_end", "id": "kernel-udp-open-4096-4096-1431-0-2"}
{"event": "udp_open_window", "id": "kernel-udp-open-4096-4096-1431-0-2", "population": 4096}
{"event": "traffic_resources", "population": 4096}
{"event": "audit"}
{"event": "setup", "population": 16384, "duration_s": 27.804379693}
{"event": "audit"}
{"event": "idle_cpu", "population": 16384, "duration_s": 2.000146417}
{"event": "idle_cpu", "population": 16384, "duration_s": 2.00008863}
{"event": "idle_cpu", "population": 16384, "duration_s": 2.00010195}
{"event": "idle_resources", "population": 16384}
{"event": "window_begin", "id": "kernel-udp-16384-16384-0-0-0"}
{"event": "window_end", "id": "kernel-udp-16384-16384-0-0-0"}
{"event": "window", "id": "kernel-udp-16384-16384-0-0-0", "population": 16384, "duration_s": 1.002036267, "delivered_roundtrips": 16690}
{"event": "window_begin", "id": "kernel-udp-16384-16384-0-0-1"}
{"event": "window_end", "id": "kernel-udp-16384-16384-0-0-1"}
{"event": "window", "id": "kernel-udp-16384-16384-0-0-1", "population": 16384, "duration_s": 1.000455238, "delivered_roundtrips": 17378}
{"event": "window_begin", "id": "kernel-udp-16384-16384-0-0-2"}
{"event": "window_end", "id": "kernel-udp-16384-16384-0-0-2"}
{"event": "window", "id": "kernel-udp-16384-16384-0-0-2", "population": 16384, "duration_s": 1.000546266, "delivered_roundtrips": 17471}
{"event": "traffic_resources", "population": 16384}
{"event": "audit"}
{"backend":{"module_stats":"accepted=16386 closed=16386 to_net=1046873142 to_peer=1046873142 zero_udp=268895 truncated=0 rejected=0 send_waits=0\n"},"duration_s":255.861249012,"event":"owned_retirement","owners":16384,"snapshot":{"all_tasks":81,"kernel_workers":{"shmp-accept":1},"meminfo":"MemTotal:       16347208 kB\nMemFree:        15297160 kB\nMemAvailable:   15172440 kB\nBuffers:               0 kB\nCached:           205716 kB\nSwapCached:            0 kB\nActive:           229524 kB\nInactive:              0 kB\nActive(anon):     229520 kB\nInactive(anon):        0 kB\nActive(file):          4 kB\nInactive(file):        0 kB\nUnevictable:           0 kB\nMlocked:               0 kB\nSwapTotal:             0 kB\nSwapFree:              0 kB\nZswap:                 0 kB\nZswapped:              0 kB\nDirty:                 0 kB\nWriteback:             0 kB\nAnonPages:         23828 kB\nMapped:             5072 kB\nShmem:            205716 kB\nKReclaimable:      95612 kB\nSlab:             721008 kB\nSReclaimable:      95612 kB\nSUnreclaim:       625396 kB\nKernelStack:        2352 kB\nPageTables:         3544 kB\nSecPageTables:         0 kB\nNFS_Unstable:          0 kB\nBounce:                0 kB\nWritebackTmp:          0 kB\nCommitLimit:     8173604 kB\nCommitted_AS:     244432 kB\nVmallocTotal:   13743895347199 kB\nVmallocUsed:        7896 kB\nVmallocChunk:          0 kB\nPercpu:            21760 kB\nHardwareCorrupted:     0 kB\nAnonHugePages:         0 kB\nShmemHugePages:        0 kB\nShmemPmdMapped:        0 kB\nFileHugePages:         0 kB\nFilePmdMapped:         0 kB\nCmaTotal:              0 kB\nCmaFree:         2385920 kB\nUnaccepted:            0 kB\nBalloon:               0 kB\nHugePages_Total:       0\nHugePages_Free:        0\nHugePages_Rsvd:        0\nHugePages_Surp:        0\nHugepagesize:       2048 kB\nHugetlb:               0 kB\nDirectMap4k:       36736 kB\nDirectMap2M:     4157440 kB\nDirectMap1G:    14680064 kB\n","module_stats":"accepted=16386 closed=16386 to_net=1046873142 to_peer=1046873142 zero_udp=268895 truncated=0 rejected=0 send_waits=0\n","modules":"shmproxy 1200128 0 - Live 0xffffffffc0417000 (OE)\nvhost_vsock 28672 0 - Live 0xffffffffc0414000\nvmw_vsock_virtio_transport_common 57344 1 vhost_vsock, Live 0xffffffffc0410000\nvhost 69632 1 vhost_vsock, Live 0xffffffffc0409000\nvhost_iotlb 16384 1 vhost, Live 0xffffffffc0408000\nvsock 73728 4 vhost_vsock,vmw_vsock_virtio_transport_common, Live 0xffffffffc0400000\n","proc_stat":"cpu  5703 0 44776 165553 0 0 2545 4 0 0\ncpu0 1417 0 11353 44333 0 0 655 0 0 0\ncpu1 1441 0 11200 31927 0 0 695 1 0 0\ncpu2 1399 0 10984 44732 0 0 610 0 0 0\ncpu3 1446 0 11238 44560 0 0 583 0 0 0\nintr 6824113 82 9 0 0 5953 0 0 0 1 0 0 0 3 0 0 0 0 0 0 0 0 0 0 0 0 0 0 0 0 0 0 0 0 0 0 0 0 0 0 0 0 0 0 0 0 0 0 0 0 0 0 0 0 0 0 0 0 0 0 0 0 0 0 0 0 0 0 0 0 0 0 0 0 0 0 0 0 0 0 0 0 0 0 0 0 0 0 0 0 0 0 0 0 0 0 0 0 0 0 0 0 0 0 0 0 0 0 0 0 0 0 0 0 0 0 0 0 0 0 0 0 0 0 0 0 0 0 0 0 0 0 0 0 0 0 0 0 0 0 0 0 0 0 0 0 0 0 0 0 0 0 0 0 0 0 0 0 0 0 0 0 0 0 0 0 0 0 0 0 0 0 0 0 0 0 0 0 0 0 0 0 0 0 0 0 0 0 0 0 0 0 0 0 0 0 0 0 0 0 0 0 0 0 0 0 0 0 0 0 0 0 0 0 0 0 0 0 0 0 0 0 0 0 0 0 0 0 0 0 0 0 0 0 0 0 0 0 0 0 0 0 0 0 0 0 0 0 0 0 0 0 0 0 0 0 0 0 0 0 0 0 0 0 0 0 0 0 0 0 0 0 0 0 0 0 0 0 0 0 0 0 0 0 0 0 0 0 0 0 0 0 0 0 0 0 0 0 0 0 0 0 0 0 0 0 0 0 0 0 0 0 0 0 0 0 0 0 0 0 0 0 0 0 0 0 0 0 0 0 0 0 0 0 0 0 0 0 0 0 0 0 0 0 0 0 0 0 0 0 0 0 0 0 0 0 0 0 0 0 0 0 0 0 0 0 0 0 0 0 0 0 0 0 0 0 0 0 0 0 0 0 0 0 0 0 0 0 0 0 0 0 0 0 0 0 0 0 0 0 0 0 0 0 0 0 0 0 0 0 0 0 0 0 0 0 0 0 0 0 0 0 0 0 0 0 0 0 0 0 0 0 0 0 0 0 0 0 0 0 0 0 0 0 0 0 0 0 0 0 0 0 0 0 0 0 0 0 0 0 0 0 0 0 0 0 0 0 0 0 0 0 0 0 0 0 0 0 0 0 0 0 0 0 0 0 0 0 0 0 0 0 0 0 0 0 0 0 0 0 0 0 0 0 0 0 0 0 0 0 0 0 0 0 0 0 0 0 0 0 0 0 0 0 0 0 0 0 0 0 0 0 0 0 0 0 0 0 0 0 0 0 0 0 0 0 0 0 0 0 0 0 0 0 0 0 0 0 0 0 0 0 0 0 0 0 0 0 0 0 0 0 0 0 0 0 0 0 0 0 0 0 0 0 0 0 0 0 0 0 0 0 0 0 0 0 0 0 0 0 0 0 0 0 0 0 0 0 0 0 0 0 0 0 0 0 0 0 0 0 0 0 0 0 0 0 0 0 0 0 0 0 0 0 0 0 0 0 0 0 0 0 0 0 0 0 0 0 0 0 0 0 0 0 0 0 0 0 0 0 0 0 0 0 0 0 0 0 0 0 0 0 0 0 0 0 0 0 0 0 0 0 0 0 0 0 0 0 0 0 0 0 0 0 0 0 0 0 0 0 0 0 0 0 0 0 0 0 0 0 0 0 0 0 0 0 0 0 0 0 0 0 0 0 0 0 0 0 0 0 0 0 0 0 0 0 0 0 0 0 0 0 0 0 0 0 0 0 0 0 0 0 0 0 0 0 0 0 0 0 0 0 0 0 0 0 0 0 0 0 0 0 0 0 0 0 0 0 0 0 0 0 0 0 0 0 0 0 0 0 0 0 0 0 0 0 0 0 0 0 0 0 0 0 0 0 0 0 0 0 0 0 0 0 0 0 0 0 0 0 0 0 0 0 0 0 0 0 0 0 0 0 0 0 0 0 0 0 0 0 0 0 0 0 0 0 0 0 0 0 0 0 0 0 0 0 0 0 0 0 0 0 0 0 0 0 0 0 0 0 0 0 0 0 0 0 0 0 0 0 0 0 0 0 0 0 0 0 0 0 0 0 0 0 0 0 0 0 0 0 0 0 0 0 0 0 0 0 0 0 0 0 0 0 0 0 0 0 0 0 0 0 0 0 0 0 0 0 0 0 0 0 0 0 0 0 0\nctxt 55028671\nbtime 1791153833\nprocesses 49657\nprocs_running 1\nprocs_blocked 0\nsoftirq 5284135 0 505628 0 3674687 0 0 1 424542 0 679277\n","self_fds":4,"self_smaps_rollup":"60b83c3f9000-7ffe1df5d000 ---p 00000000 00:00 0                          [rollup]\nRss:               27024 kB\nPss:               27018 kB\nPss_Dirty:         27012 kB\nPss_Anon:          23744 kB\nPss_File:              6 kB\nPss_Shmem:          3268 kB\nShared_Clean:          4 kB\nShared_Dirty:          8 kB\nPrivate_Clean:         4 kB\nPrivate_Dirty:     27008 kB\nReferenced:        27024 kB\nAnonymous:         23744 kB\nKSM:                   0 kB\nLazyFree:              0 kB\nAnonHugePages:         0 kB\nShmemPmdMapped:        0 kB\nFilePmdMapped:         0 kB\nShared_Hugetlb:        0 kB\nPrivate_Hugetlb:       0 kB\nSwap:                  0 kB\nSwapPss:               0 kB\nLocked:                0 kB\n","self_stat":"112 (probe) R 1 0 0 0 -1 4194560 110128 180018 0 0 6534 38717 128 242 20 0 1 0 221 309223424 6799 18446744073709551615 106344401402976 106344402561555 140729401063200 0 0 0 0 4096 1088 0 0 0 17 0 0 0 0 0 0 106344402608728 106344402611312 106344900227072 140729401069418 140729401069442 140729401069442 140729401069553 0\n","self_status":"Name:\tprobe\nUmask:\t0022\nState:\tR (running)\nTgid:\t112\nNgid:\t0\nPid:\t112\nPPid:\t1\nTracerPid:\t0\nUid:\t0\t0\t0\t0\nGid:\t0\t0\t0\t0\nFDSize:\t131072\nGroups:\t \nNStgid:\t112\nNSpid:\t112\nNSpgid:\t0\nNSsid:\t0\nKthread:\t0\nVmPeak:\t 4496280 kB\nVmSize:\t  301976 kB\nVmLck:\t       0 kB\nVmPin:\t       0 kB\nVmHWM:\t  420008 kB\nVmRSS:\t   27024 kB\nRssAnon:\t   23744 kB\nRssFile:\t       8 kB\nRssShmem:\t    3272 kB\nVmData:\t   38176 kB\nVmStk:\t     132 kB\nVmExe:\t    1136 kB\nVmLib:\t    1972 kB\nVmPTE:\t     136 kB\nVmSwap:\t       0 kB\nHugetlbPages:\t       0 kB\nCoreDumping:\t0\nTHP_enabled:\t1\nuntag_mask:\t0xffffffffffffffff\nThreads:\t1\nSigQ:\t0/53699\nSigPnd:\t0000000000000000\nShdPnd:\t0000000000000000\nSigBlk:\t0000000000000000\nSigIgn:\t0000000000001000\nSigCgt:\t0000000100000440\nCapInh:\t0000000000000000\nCapPrm:\t000001ffffffffff\nCapEff:\t000001ffffffffff\nCapBnd:\t000001ffffffffff\nCapAmb:\t0000000000000000\nNoNewPrivs:\t0\nSeccomp:\t0\nSeccomp_filters:\t0\nSpeculation_Store_Bypass:\tthread vulnerable\nSpeculationIndirectBranch:\tconditional enabled\nCpus_allowed:\tffffffff,ffffffff\nCpus_allowed_list:\t0-63\nMems_allowed:\t00000000,00000000,00000000,00000000,00000000,00000000,00000000,00000000,00000000,00000000,00000000,00000000,00000000,00000000,00000000,00000000,00000000,00000000,00000000,00000000,00000000,00000000,00000000,00000000,00000000,00000000,00000000,00000000,00000000,00000000,00000000,00000001\nMems_allowed_list:\t0\nvoluntary_ctxt_switches:\t598816\nnonvoluntary_ctxt_switches:\t11639\nx86_Thread_features:\t\nx86_Thread_features_locked:\t\n","self_tasks":1,"slabinfo":"slabinfo - version: 2.1\n# name            <active_objs> <num_objs> <objsize> <objperslab> <pagesperslab> : tunables <limit> <batchcount> <sharedfactor> : slabdata <active_slabs> <num_slabs> <sharedavail>\nAF_VSOCK             192    400   1280   25    8 : tunables    0    0    0 : slabdata     16     16      0\nfsverity_info          0      0    272   30    2 : tunables    0    0    0 : slabdata      0      0      0\nfscrypt_inode_info      0      0    128   32    1 : tunables    0    0    0 : slabdata      0      0      0\nMPTCPv6                0      0   2176   15    8 : tunables    0    0    0 : slabdata      0      0      0\nrequest_sock_subflow_v6      0      0    400   20    2 : tunables    0    0    0 : slabdata      0      0      0\nip6-frags              0      0    184   22    1 : tunables    0    0    0 : slabdata      0      0      0\nip6_dst_cache          0      0    256   16    1 : tunables    0    0    0 : slabdata      0      0      0\nPINGv6                 0      0   1408   23    8 : tunables    0    0    0 : slabdata      0      0      0\nRAWv6                132    138   1408   23    8 : tunables    0    0    0 : slabdata      6      6      0\nUDPv6                  0      0   1472   22    8 : tunables    0    0    0 : slabdata      0      0      0\ntw_sock_TCPv6          0      0    280   29    2 : tunables    0    0    0 : slabdata      0      0      0\nrequest_sock_TCPv6      0      0    328   24    2 : tunables    0    0    0 : slabdata      0      0      0\nTCPv6                  0      0   2560   12    8 : tunables    0    0    0 : slabdata      0      0      0\nkcopyd_job             0      0   3240   10    8 : tunables    0    0    0 : slabdata      0      0      0\ndm_uevent              0      0   2888   11    8 : tunables    0    0    0 : slabdata      0      0      0\nbio-136               60     63    192   21    1 : tunables    0    0    0 : slabdata      3      3      0\nio_kiocb               0      0    256   16    1 : tunables    0    0    0 : slabdata      0      0      0\nbio-264               28     50    320   25    2 : tunables    0    0    0 : slabdata      2      2      0\nmqueue_inode_cache     28     34    960   17    4 : tunables    0    0    0 : slabdata      2      2      0\nfuse_request           0      0    176   23    1 : tunables    0    0    0 : slabdata      0      0      0\nfuse_inode             0      0    896   18    4 : tunables    0    0    0 : slabdata      0      0      0\necryptfs_inode_cache      0      0   1024   16    4 : tunables    0    0    0 : slabdata      0      0      0\necryptfs_file_cache      0      0     16  256    1 : tunables    0    0    0 : slabdata      0      0      0\nfat_inode_cache        0      0    768   21    4 : tunables    0    0    0 : slabdata      0      0      0\nfat_cache              0      0     40  102    1 : tunables    0    0    0 : slabdata      0      0      0\nsquashfs_inode_cache      0      0    704   23    4 : tunables    0    0    0 : slabdata      0      0      0\njbd2_transaction_s      0      0    192   21    1 : tunables    0    0    0 : slabdata      0      0      0\njbd2_journal_head      0      0    120   34    1 : tunables    0    0    0 : slabdata      0      0      0\njbd2_revoke_table_s      0      0     16  256    1 : tunables    0    0    0 : slabdata      0      0      0\next4_inode_cache       0      0   1128   29    8 : tunables    0    0    0 : slabdata      0      0      0\next4_allocation_context      0      0    168   24    1 : tunables    0    0    0 : slabdata      0      0      0\next4_prealloc_space      0      0    112   36    1 : tunables    0    0    0 : slabdata      0      0      0\next4_io_end_vec        0      0     32  128    1 : tunables    0    0    0 : slabdata      0      0      0\next4_io_end            0      0     64   64    1 : tunables    0    0    0 : slabdata      0      0      0\npending_reservation      0      0     32  128    1 : tunables    0    0    0 : slabdata      0      0      0\nextent_status          0      0     40  102    1 : tunables    0    0    0 : slabdata      0      0      0\nmb_cache_entry       180    219     56   73    1 : tunables    0    0    0 : slabdata      3      3      0\nkioctx                 0      0    576   28    4 : tunables    0    0    0 : slabdata      0      0      0\nuserfaultfd_ctx_cache      0      0    192   21    1 : tunables    0    0    0 : slabdata      0      0      0\nfanotify_perm_event      0      0    112   36    1 : tunables    0    0    0 : slabdata      0      0      0\ndnotify_struct         0      0     32  128    1 : tunables    0    0    0 : slabdata      0      0      0\ndio                    0      0    640   25    4 : tunables    0    0    0 : slabdata      0      0      0\nzs_handle              0      0      8  512    1 : tunables    0    0    0 : slabdata      0      0      0\npid_namespace          0      0    576   28    4 : tunables    0    0    0 : slabdata      0      0      0\nip4-frags              0      0    200   20    1 : tunables    0    0    0 : slabdata      0      0      0\nMPTCP                  0      0   2048   16    8 : tunables    0    0    0 : slabdata      0      0      0\nrequest_sock_subflow_v4      0      0    400   20    2 : tunables    0    0    0 : slabdata      0      0      0\nxfrm_dst               0      0    320   25    2 : tunables    0    0    0 : slabdata      0      0      0\nxfrm_state             0      0    832   19    4 : tunables    0    0    0 : slabdata      0      0      0\nip_fib_trie           60     85     48   85    1 : tunables    0    0    0 : slabdata      1      1      0\nip_fib_alias          60     73     56   73    1 : tunables    0    0    0 : slabdata      1      1      0\nPING                   0      0   1088   30    8 : tunables    0    0    0 : slabdata      0      0      0\nRAW                  192    208   1216   26    8 : tunables    0    0    0 : slabdata      8      8      0\nUDP                  192    408   1344   24    8 : tunables    0    0    0 : slabdata     17     17      0\ntw_sock_TCP            0      0    280   29    2 : tunables    0    0    0 : slabdata      0      0      0\nrequest_sock_TCP       0      0    328   24    2 : tunables    0    0    0 : slabdata      0      0      0\nTCP                    0      0   2432   13    8 : tunables    0    0    0 : slabdata      0      0      0\nhugetlbfs_inode_cache     28     52    624   26    4 : tunables    0    0    0 : slabdata      2      2      0\ndquot                  0      0    256   16    1 : tunables    0    0    0 : slabdata      0      0      0\nbio-280               56     75    320   25    2 : tunables    0    0    0 : slabdata      3      3      0\nep_head              780   4352     16  256    1 : tunables    0    0    0 : slabdata     17     17      0\neventpoll_epi        780   1824    128   32    1 : tunables    0    0    0 : slabdata     57     57      0\ndax_cache             28     42    768   21    4 : tunables    0    0    0 : slabdata      2      2      0\nbio_integrity_data     60     64    128   32    1 : tunables    0    0    0 : slabdata      2      2      0\nrequest_queue         28     32    992   16    4 : tunables    0    0    0 : slabdata      2      2      0\nbio-200               28     32    256   16    1 : tunables    0    0    0 : slabdata      2      2      0\nbiovec-max            40     40   4096    8    8 : tunables    0    0    0 : slabdata      5      5      0\nbiovec-128            12     16   2048   16    8 : tunables    0    0    0 : slabdata      1      1      0\nmsg_msg-8k             0      0   8192    4    8 : tunables    0    0    0 : slabdata      0      0      0\nmsg_msg-4k             0      0   4096    8    8 : tunables    0    0    0 : slabdata      0      0      0\nmsg_msg-2k             0      0   2048   16    8 : tunables    0    0    0 : slabdata      0      0      0\nmsg_msg-1k             0      0   1024   16    4 : tunables    0    0    0 : slabdata      0      0      0\nmsg_msg-512            0      0    512   16    2 : tunables    0    0    0 : slabdata      0      0      0\nmsg_msg-256            0      0    256   16    1 : tunables    0    0    0 : slabdata      0      0      0\nmsg_msg-128            0      0    128   32    1 : tunables    0    0    0 : slabdata      0      0      0\nmsg_msg-64             0      0     64   64    1 : tunables    0    0    0 : slabdata      0      0      0\nmsg_msg-32             0      0     32  128    1 : tunables    0    0    0 : slabdata      0      0      0\nmsg_msg-16             0      0     16  256    1 : tunables    0    0    0 : slabdata      0      0      0\nmsg_msg-8              0      0      8  512    1 : tunables    0    0    0 : slabdata      0      0      0\nmsg_msg-192            0      0    192   21    1 : tunables    0    0    0 : slabdata      0      0      0\nmsg_msg-96             0      0     96   42    1 : tunables    0    0    0 : slabdata      0      0      0\nmemdup_user-8k         0      0   8192    4    8 : tunables    0    0    0 : slabdata      0      0      0\nmemdup_user-4k         0      0   4096    8    8 : tunables    0    0    0 : slabdata      0      0      0\nmemdup_user-2k         0      0   2048   16    8 : tunables    0    0    0 : slabdata      0      0      0\nmemdup_user-1k         0      0   1024   16    4 : tunables    0    0    0 : slabdata      0      0      0\nmemdup_user-512        0      0    512   16    2 : tunables    0    0    0 : slabdata      0      0      0\nmemdup_user-256        0      0    256   16    1 : tunables    0    0    0 : slabdata      0      0      0\nmemdup_user-128        0      0    128   32    1 : tunables    0    0    0 : slabdata      0      0      0\nmemdup_user-64         0      0     64   64    1 : tunables    0    0    0 : slabdata      0      0      0\nmemdup_user-32         0      0     32  128    1 : tunables    0    0    0 : slabdata      0      0      0\nmemdup_user-16        60    256     16  256    1 : tunables    0    0    0 : slabdata      1      1      0\nmemdup_user-8        180    512      8  512    1 : tunables    0    0    0 : slabdata      1      1      0\nmemdup_user-192        0      0    192   21    1 : tunables    0    0    0 : slabdata      0      0      0\nmemdup_user-96         0      0     96   42    1 : tunables    0    0    0 : slabdata      0      0      0\nuser_namespace         0      0    896   18    4 : tunables    0    0    0 : slabdata      0      0      0\niommu_iova_magazine     12     16   1024   16    4 : tunables    0    0    0 : slabdata      1      1      0\ndmaengine-unmap-256     12     15   2112   15    8 : tunables    0    0    0 : slabdata      1      1      0\ndmaengine-unmap-128     12     30   1088   30    8 : tunables    0    0    0 : slabdata      1      1      0\ndmaengine-unmap-2     60     64     64   64    1 : tunables    0    0    0 : slabdata      1      1      0\nsock_inode_cache     784   1425    832   19    4 : tunables    0    0    0 : slabdata     75     75      0\nskbuff_small_head    448   4462    704   23    4 : tunables    0    0    0 : slabdata    194    194      0\nskbuff_head_cache    451   3488    256   16    1 : tunables    0    0    0 : slabdata    218    218      0\ntracefs_inode_cache    896    900    648   25    4 : tunables    0    0    0 : slabdata     36     36      0\ndebugfs_inode_cache   2940   2950    632   25    4 : tunables    0    0    0 : slabdata    118    118      0\nconfigfs_dir_cache    120    138     88   46    1 : tunables    0    0    0 : slabdata      3      3      0\nfile_lease_cache       0      0    160   25    1 : tunables    0    0    0 : slabdata      0      0      0\nfile_lock_cache      300    315    192   21    1 : tunables    0    0    0 : slabdata     15     15      0\nfsnotify_mark_connector      0      0     24  170    1 : tunables    0    0    0 : slabdata      0      0      0\nbuffer_head            0      0    104   39    1 : tunables    0    0    0 : slabdata      0      0      0\ntask_delay_info        0      0    368   22    2 : tunables    0    0    0 : slabdata      0      0      0\ntaskstats             56     69    688   23    4 : tunables    0    0    0 : slabdata      3      3      0\nmem_cgroup_per_node     12     17   1920   17    8 : tunables    0    0    0 : slabdata      1      1      0\nmem_cgroup            12     18   1728   18    8 : tunables    0    0    0 : slabdata      1      1      0\npidfs_xattr_cache      0      0     16  256    1 : tunables    0    0    0 : slabdata      0      0      0\npidfs_attr_cache       0      0     64   64    1 : tunables    0    0    0 : slabdata      0      0      0\nproc_dir_entry       360    378    192   21    1 : tunables    0    0    0 : slabdata     18     18      0\npde_opener           240    306     40  102    1 : tunables    0    0    0 : slabdata      3      3      0\nproc_inode_cache   99484 100257    688   23    4 : tunables    0    0    0 : slabdata   4359   4359      0\nseq_file             240    272    120   34    1 : tunables    0    0    0 : slabdata      8      8      0\nsigqueue             180    204     80   51    1 : tunables    0    0    0 : slabdata      4      4      0\nbdev_cache            12     19   1664   19    8 : tunables    0    0    0 : slabdata      1      1      0\nshmem_inode_cache    364    378    768   21    4 : tunables    0    0    0 : slabdata     18     18      0\nkernfs_node_cache  29160  29160    136   30    1 : tunables    0    0    0 : slabdata    972    972      0\nmnt_cache            112    126    384   21    2 : tunables    0    0    0 : slabdata      6      6      0\nbfilp                  0      0    256   16    1 : tunables    0    0    0 : slabdata      0      0      0\nfilp                 960   1428    192   21    1 : tunables    0    0    0 : slabdata     68     68      0\ninode_cache          812    910    616   26    4 : tunables    0    0    0 : slabdata     35     35      0\ndentry            104700 106302    192   21    1 : tunables    0    0    0 : slabdata   5062   5062      0\nnames_cache          240    252    192   21    1 : tunables    0    0    0 : slabdata     12     12      0\nnet_namespace          0      0   6336    5    8 : tunables    0    0    0 : slabdata      0      0      0\nima_iint_cache         0      0    104   39    1 : tunables    0    0    0 : slabdata      0      0      0\napparmor_auditcache      0      0    344   23    2 : tunables    0    0    0 : slabdata      0      0      0\nlsm_file_cache      1080   2040     40  102    1 : tunables    0    0    0 : slabdata     20     20      0\nkey_jar               56     64    256   16    1 : tunables    0    0    0 : slabdata      4      4      0\nuts_namespace          0      0    704   23    4 : tunables    0    0    0 : slabdata      0      0      0\nnsproxy               60    112     72   56    1 : tunables    0    0    0 : slabdata      2      2      0\nvm_area_struct       780    840    192   21    1 : tunables    0    0    0 : slabdata     40     40      0\nfiles_cache          168    184    704   23    4 : tunables    0    0    0 : slabdata      8      8      0\nsignal_cache       16716  32956   1152   28    8 : tunables    0    0    0 : slabdata   1177   1177      0\nsighand_cache        336    525   2112   15    8 : tunables    0    0    0 : slabdata     35     35      0\ntask_struct        16603  31614  12544    2    8 : tunables    0    0    0 : slabdata  15807  15807      0\nanon_vma_chain       900   2624     64   64    1 : tunables    0    0    0 : slabdata     41     41      0\nanon_vma             480    507    104   39    1 : tunables    0    0    0 : slabdata     13     13      0\npid                17580  78351    192   21    1 : tunables    0    0    0 : slabdata   3731   3731      0\nAcpi-ParseExt         60     78    104   39    1 : tunables    0    0    0 : slabdata      2      2      0\nAcpi-State            60    102     80   51    1 : tunables    0    0    0 : slabdata      2      2      0\nshared_policy_node    660    680     48   85    1 : tunables    0    0    0 : slabdata      8      8      0\nnuma_policy           84     84    288   28    2 : tunables    0    0    0 : slabdata      3      3      0\nperf_event            84     96   1352   24    8 : tunables    0    0    0 : slabdata      4      4      0\ntrace_event_file  106680 109788     96   42    1 : tunables    0    0    0 : slabdata   2614   2614      0\nftrace_event_field   5100   5110     56   73    1 : tunables    0    0    0 : slabdata     70     70      0\npool_workqueue      3920   3920    512   16    2 : tunables    0    0    0 : slabdata    245    245      0\nradix_tree_node     1932   2268    584   28    4 : tunables    0    0    0 : slabdata     81     81      0\ntask_group             0      0    704   23    4 : tunables    0    0    0 : slabdata      0      0      0\nmaple_node           461    992    256   16    1 : tunables    0    0    0 : slabdata     62     62      0\nmm_struct             60     72   1792   18    8 : tunables    0    0    0 : slabdata      4      4      0\nvmap_area          27656  36624     72   56    1 : tunables    0    0    0 : slabdata    654    654      0\nkmalloc_buckets      120    144    112   36    1 : tunables    0    0    0 : slabdata      4      4      0\nkmalloc-cg-8k          8      8   8192    4    8 : tunables    0    0    0 : slabdata      2      2      0\nkmalloc-cg-4k         96     96   4096    8    8 : tunables    0    0    0 : slabdata     12     12      0\nkmalloc-cg-2k        180    192   2048   16    8 : tunables    0    0    0 : slabdata     12     12      0\nkmalloc-cg-1k        108    112   1024   16    4 : tunables    0    0    0 : slabdata      7      7      0\nkmalloc-cg-512       168    176    512   16    2 : tunables    0    0    0 : slabdata     11     11      0\nkmalloc-cg-256       364    368    256   16    1 : tunables    0    0    0 : slabdata     23     23      0\nkmalloc-cg-128       420    448    128   32    1 : tunables    0    0    0 : slabdata     14     14      0\nkmalloc-cg-64        480    512     64   64    1 : tunables    0    0    0 : slabdata      8      8      0\nkmalloc-cg-32      17700  33408     32  128    1 : tunables    0    0    0 : slabdata    261    261      0\nkmalloc-cg-16        480    512     16  256    1 : tunables    0    0    0 : slabdata      2      2      0\nkmalloc-cg-8         240    512      8  512    1 : tunables    0    0    0 : slabdata      1      1      0\nkmalloc-cg-192       480    483    192   21    1 : tunables    0    0    0 : slabdata     23     23      0\nkmalloc-cg-96       1200   1848     96   42    1 : tunables    0    0    0 : slabdata     44     44      0\ndma-kmalloc-8k         0      0   8192    4    8 : tunables    0    0    0 : slabdata      0      0      0\ndma-kmalloc-4k         0      0   4096    8    8 : tunables    0    0    0 : slabdata      0      0      0\ndma-kmalloc-2k         0      0   2048   16    8 : tunables    0    0    0 : slabdata      0      0      0\ndma-kmalloc-1k         0      0   1024   16    4 : tunables    0    0    0 : slabdata      0      0      0\ndma-kmalloc-512        0      0    512   16    2 : tunables    0    0    0 : slabdata      0      0      0\ndma-kmalloc-256        0      0    256   16    1 : tunables    0    0    0 : slabdata      0      0      0\ndma-kmalloc-128        0      0    128   32    1 : tunables    0    0    0 : slabdata      0      0      0\ndma-kmalloc-64         0      0     64   64    1 : tunables    0    0    0 : slabdata      0      0      0\ndma-kmalloc-32         0      0     32  128    1 : tunables    0    0    0 : slabdata      0      0      0\ndma-kmalloc-16         0      0     16  256    1 : tunables    0    0    0 : slabdata      0      0      0\ndma-kmalloc-8          0      0      8  512    1 : tunables    0    0    0 : slabdata      0      0      0\ndma-kmalloc-192        0      0    192   21    1 : tunables    0    0    0 : slabdata      0      0      0\ndma-kmalloc-96         0      0     96   42    1 : tunables    0    0    0 : slabdata      0      0      0\nkmalloc-rcl-8k         0      0   8192    4    8 : tunables    0    0    0 : slabdata      0      0      0\nkmalloc-rcl-4k         0      0   4096    8    8 : tunables    0    0    0 : slabdata      0      0      0\nkmalloc-rcl-2k         0      0   2048   16    8 : tunables    0    0    0 : slabdata      0      0      0\nkmalloc-rcl-1k         0      0   1024   16    4 : tunables    0    0    0 : slabdata      0      0      0\nkmalloc-rcl-512        0      0    512   16    2 : tunables    0    0    0 : slabdata      0      0      0\nkmalloc-rcl-256        0      0    256   16    1 : tunables    0    0    0 : slabdata      0      0      0\nkmalloc-rcl-128        0      0    128   32    1 : tunables    0    0    0 : slabdata      0      0      0\nkmalloc-rcl-64         0      0     64   64    1 : tunables    0    0    0 : slabdata      0      0      0\nkmalloc-rcl-32         0      0     32  128    1 : tunables    0    0    0 : slabdata      0      0      0\nkmalloc-rcl-16         0      0     16  256    1 : tunables    0    0    0 : slabdata      0      0      0\nkmalloc-rcl-8          0      0      8  512    1 : tunables    0    0    0 : slabdata      0      0      0\nkmalloc-rcl-192        0      0    192   21    1 : tunables    0    0    0 : slabdata      0      0      0\nkmalloc-rcl-96       240    252     96   42    1 : tunables    0    0    0 : slabdata      6      6      0\nkmalloc-rnd-15-8k      4      4   8192    4    8 : tunables    0    0    0 : slabdata      1      1      0\nkmalloc-rnd-15-4k      8      8   4096    8    8 : tunables    0    0    0 : slabdata      1      1      0\nkmalloc-rnd-15-2k    144    144   2048   16    8 : tunables    0    0    0 : slabdata      9      9      0\nkmalloc-rnd-15-1k     96     96   1024   16    4 : tunables    0    0    0 : slabdata      6      6      0\nkmalloc-rnd-15-512  12597  12608    512   16    2 : tunables    0    0    0 : slabdata    788    788      0\nkmalloc-rnd-15-256   5645   5648    256   16    1 : tunables    0    0    0 : slabdata    353    353      0\nkmalloc-rnd-15-128   4270   4288    128   32    1 : tunables    0    0    0 : slabdata    134    134      0\nkmalloc-rnd-15-64   3610   4672     64   64    1 : tunables    0    0    0 : slabdata     73     73      0\nkmalloc-rnd-15-32    240    256     32  128    1 : tunables    0    0    0 : slabdata      2      2      0\nkmalloc-rnd-15-16   1620   1792     16  256    1 : tunables    0    0    0 : slabdata      7      7      0\nkmalloc-rnd-15-8    1740   2048      8  512    1 : tunables    0    0    0 : slabdata      4      4      0\nkmalloc-rnd-15-192     60     63    192   21    1 : tunables    0    0    0 : slabdata      3      3      0\nkmalloc-rnd-15-96   2160   2184     96   42    1 : tunables    0    0    0 : slabdata     52     52      0\nkmalloc-rnd-14-8k      0      0   8192    4    8 : tunables    0    0    0 : slabdata      0      0      0\nkmalloc-rnd-14-4k     20     24   4096    8    8 : tunables    0    0    0 : slabdata      3      3      0\nkmalloc-rnd-14-2k    192    352   2048   16    8 : tunables    0    0    0 : slabdata     22     22      0\nkmalloc-rnd-14-1k     60     64   1024   16    4 : tunables    0    0    0 : slabdata      4      4      0\nkmalloc-rnd-14-512     84     96    512   16    2 : tunables    0    0    0 : slabdata      6      6      0\nkmalloc-rnd-14-256    420    432    256   16    1 : tunables    0    0    0 : slabdata     27     27      0\nkmalloc-rnd-14-128    240    256    128   32    1 : tunables    0    0    0 : slabdata      8      8      0\nkmalloc-rnd-14-64    428    448     64   64    1 : tunables    0    0    0 : slabdata      7      7      0\nkmalloc-rnd-14-32    180    256     32  128    1 : tunables    0    0    0 : slabdata      2      2      0\nkmalloc-rnd-14-16    240    256     16  256    1 : tunables    0    0    0 : slabdata      1      1      0\nkmalloc-rnd-14-8      60    512      8  512    1 : tunables    0    0    0 : slabdata      1      1      0\nkmalloc-rnd-14-192    120    126    192   21    1 : tunables    0    0    0 : slabdata      6      6      0\nkmalloc-rnd-14-96    240    252     96   42    1 : tunables    0    0    0 : slabdata      6      6      0\nkmalloc-rnd-13-8k      0      0   8192    4    8 : tunables    0    0    0 : slabdata      0      0      0\nkmalloc-rnd-13-4k      4      8   4096    8    8 : tunables    0    0    0 : slabdata      1      1      0\nkmalloc-rnd-13-2k     24     32   2048   16    8 : tunables    0    0    0 : slabdata      2      2      0\nkmalloc-rnd-13-1k     12     16   1024   16    4 : tunables    0    0    0 : slabdata      1      1      0\nkmalloc-rnd-13-512    112    112    512   16    2 : tunables    0    0    0 : slabdata      7      7      0\nkmalloc-rnd-13-256    280    288    256   16    1 : tunables    0    0    0 : slabdata     18     18      0\nkmalloc-rnd-13-128   1020   1632    128   32    1 : tunables    0    0    0 : slabdata     51     51      0\nkmalloc-rnd-13-64    480    512     64   64    1 : tunables    0    0    0 : slabdata      8      8      0\nkmalloc-rnd-13-32    240    256     32  128    1 : tunables    0    0    0 : slabdata      2      2      0\nkmalloc-rnd-13-16    960   2048     16  256    1 : tunables    0    0    0 : slabdata      8      8      0\nkmalloc-rnd-13-8     120    512      8  512    1 : tunables    0    0    0 : slabdata      1      1      0\nkmalloc-rnd-13-192    240    252    192   21    1 : tunables    0    0    0 : slabdata     12     12      0\nkmalloc-rnd-13-96    240    252     96   42    1 : tunables    0    0    0 : slabdata      6      6      0\nkmalloc-rnd-12-8k      4      4   8192    4    8 : tunables    0    0    0 : slabdata      1      1      0\nkmalloc-rnd-12-4k     16     16   4096    8    8 : tunables    0    0    0 : slabdata      2      2      0\nkmalloc-rnd-12-2k     24     32   2048   16    8 : tunables    0    0    0 : slabdata      2      2      0\nkmalloc-rnd-12-1k     84     96   1024   16    4 : tunables    0    0    0 : slabdata      6      6      0\nkmalloc-rnd-12-512     84     96    512   16    2 : tunables    0    0    0 : slabdata      6      6      0\nkmalloc-rnd-12-256     84     96    256   16    1 : tunables    0    0    0 : slabdata      6      6      0\nkmalloc-rnd-12-128    180    192    128   32    1 : tunables    0    0    0 : slabdata      6      6      0\nkmalloc-rnd-12-64    480    512     64   64    1 : tunables    0    0    0 : slabdata      8      8      0\nkmalloc-rnd-12-32    360    384     32  128    1 : tunables    0    0    0 : slabdata      3      3      0\nkmalloc-rnd-12-16    300    512     16  256    1 : tunables    0    0    0 : slabdata      2      2      0\nkmalloc-rnd-12-8     180    512      8  512    1 : tunables    0    0    0 : slabdata      1      1      0\nkmalloc-rnd-12-192  17520  33054    192   21    1 : tunables    0    0    0 : slabdata   1574   1574      0\nkmalloc-rnd-12-96    180    210     96   42    1 : tunables    0    0    0 : slabdata      5      5      0\nkmalloc-rnd-11-8k     16     16   8192    4    8 : tunables    0    0    0 : slabdata      4      4      0\nkmalloc-rnd-11-4k      0      0   4096    8    8 : tunables    0    0    0 : slabdata      0      0      0\nkmalloc-rnd-11-2k     36     48   2048   16    8 : tunables    0    0    0 : slabdata      3      3      0\nkmalloc-rnd-11-1k    168    176   1024   16    4 : tunables    0    0    0 : slabdata     11     11      0\nkmalloc-rnd-11-512     56     64    512   16    2 : tunables    0    0    0 : slabdata      4      4      0\nkmalloc-rnd-11-256    112    112    256   16    1 : tunables    0    0    0 : slabdata      7      7      0\nkmalloc-rnd-11-128    180    192    128   32    1 : tunables    0    0    0 : slabdata      6      6      0\nkmalloc-rnd-11-64    361    384     64   64    1 : tunables    0    0    0 : slabdata      6      6      0\nkmalloc-rnd-11-32    900   1280     32  128    1 : tunables    0    0    0 : slabdata     10     10      0\nkmalloc-rnd-11-16    180    256     16  256    1 : tunables    0    0    0 : slabdata      1      1      0\nkmalloc-rnd-11-8     240    512      8  512    1 : tunables    0    0    0 : slabdata      1      1      0\nkmalloc-rnd-11-192    120    126    192   21    1 : tunables    0    0    0 : slabdata      6      6      0\nkmalloc-rnd-11-96    120    126     96   42    1 : tunables    0    0    0 : slabdata      3      3      0\nkmalloc-rnd-10-8k     48     64   8192    4    8 : tunables    0    0    0 : slabdata     16     16      0\nkmalloc-rnd-10-4k      4      8   4096    8    8 : tunables    0    0    0 : slabdata      1      1      0\nkmalloc-rnd-10-2k     24     32   2048   16    8 : tunables    0    0    0 : slabdata      2      2      0\nkmalloc-rnd-10-1k     48     48   1024   16    4 : tunables    0    0    0 : slabdata      3      3      0\nkmalloc-rnd-10-512     84     96    512   16    2 : tunables    0    0    0 : slabdata      6      6      0\nkmalloc-rnd-10-256     56     64    256   16    1 : tunables    0    0    0 : slabdata      4      4      0\nkmalloc-rnd-10-128     60     64    128   32    1 : tunables    0    0    0 : slabdata      2      2      0\nkmalloc-rnd-10-64   1500   1536     64   64    1 : tunables    0    0    0 : slabdata     24     24      0\nkmalloc-rnd-10-32    120    128     32  128    1 : tunables    0    0    0 : slabdata      1      1      0\nkmalloc-rnd-10-16    420    512     16  256    1 : tunables    0    0    0 : slabdata      2      2      0\nkmalloc-rnd-10-8     240    512      8  512    1 : tunables    0    0    0 : slabdata      1      1      0\nkmalloc-rnd-10-192     60     63    192   21    1 : tunables    0    0    0 : slabdata      3      3      0\nkmalloc-rnd-10-96    180    210     96   42    1 : tunables    0    0    0 : slabdata      5      5      0\nkmalloc-rnd-09-8k      0      0   8192    4    8 : tunables    0    0    0 : slabdata      0      0      0\nkmalloc-rnd-09-4k      8      8   4096    8    8 : tunables    0    0    0 : slabdata      1      1      0\nkmalloc-rnd-09-2k     24     32   2048   16    8 : tunables    0    0    0 : slabdata      2      2      0\nkmalloc-rnd-09-1k     24     32   1024   16    4 : tunables    0    0    0 : slabdata      2      2      0\nkmalloc-rnd-09-512    112    112    512   16    2 : tunables    0    0    0 : slabdata      7      7      0\nkmalloc-rnd-09-256    168    176    256   16    1 : tunables    0    0    0 : slabdata     11     11      0\nkmalloc-rnd-09-128    120    128    128   32    1 : tunables    0    0    0 : slabdata      4      4      0\nkmalloc-rnd-09-64    240    256     64   64    1 : tunables    0    0    0 : slabdata      4      4      0\nkmalloc-rnd-09-32    240    256     32  128    1 : tunables    0    0    0 : slabdata      2      2      0\nkmalloc-rnd-09-16    180    256     16  256    1 : tunables    0    0    0 : slabdata      1      1      0\nkmalloc-rnd-09-8    2520   2560      8  512    1 : tunables    0    0    0 : slabdata      5      5      0\nkmalloc-rnd-09-192    240    252    192   21    1 : tunables    0    0    0 : slabdata     12     12      0\nkmalloc-rnd-09-96    420    420     96   42    1 : tunables    0    0    0 : slabdata     10     10      0\nkmalloc-rnd-08-8k      8      8   8192    4    8 : tunables    0    0    0 : slabdata      2      2      0\nkmalloc-rnd-08-4k      8      8   4096    8    8 : tunables    0    0    0 : slabdata      1      1      0\nkmalloc-rnd-08-2k     36     48   2048   16    8 : tunables    0    0    0 : slabdata      3      3      0\nkmalloc-rnd-08-1k     24     32   1024   16    4 : tunables    0    0    0 : slabdata      2      2      0\nkmalloc-rnd-08-512     84     96    512   16    2 : tunables    0    0    0 : slabdata      6      6      0\nkmalloc-rnd-08-256     56     64    256   16    1 : tunables    0    0    0 : slabdata      4      4      0\nkmalloc-rnd-08-128    120    128    128   32    1 : tunables    0    0    0 : slabdata      4      4      0\nkmalloc-rnd-08-64    180    192     64   64    1 : tunables    0    0    0 : slabdata      3      3      0\nkmalloc-rnd-08-32    240    256     32  128    1 : tunables    0    0    0 : slabdata      2      2      0\nkmalloc-rnd-08-16    180    256     16  256    1 : tunables    0    0    0 : slabdata      1      1      0\nkmalloc-rnd-08-8     240    512      8  512    1 : tunables    0    0    0 : slabdata      1      1      0\nkmalloc-rnd-08-192    240    252    192   21    1 : tunables    0    0    0 : slabdata     12     12      0\nkmalloc-rnd-08-96    180    210     96   42    1 : tunables    0    0    0 : slabdata      5      5      0\nkmalloc-rnd-07-8k      0      0   8192    4    8 : tunables    0    0    0 : slabdata      0      0      0\nkmalloc-rnd-07-4k      0      0   4096    8    8 : tunables    0    0    0 : slabdata      0      0      0\nkmalloc-rnd-07-2k     24     32   2048   16    8 : tunables    0    0    0 : slabdata      2      2      0\nkmalloc-rnd-07-1k     48     48   1024   16    4 : tunables    0    0    0 : slabdata      3      3      0\nkmalloc-rnd-07-512     84     96    512   16    2 : tunables    0    0    0 : slabdata      6      6      0\nkmalloc-rnd-07-256     56     64    256   16    1 : tunables    0    0    0 : slabdata      4      4      0\nkmalloc-rnd-07-128    120    128    128   32    1 : tunables    0    0    0 : slabdata      4      4      0\nkmalloc-rnd-07-64   1020   1792     64   64    1 : tunables    0    0    0 : slabdata     28     28      0\nkmalloc-rnd-07-32    180    256     32  128    1 : tunables    0    0    0 : slabdata      2      2      0\nkmalloc-rnd-07-16     60    256     16  256    1 : tunables    0    0    0 : slabdata      1      1      0\nkmalloc-rnd-07-8     120    512      8  512    1 : tunables    0    0    0 : slabdata      1      1      0\nkmalloc-rnd-07-192    240    252    192   21    1 : tunables    0    0    0 : slabdata     12     12      0\nkmalloc-rnd-07-96   1020   1680     96   42    1 : tunables    0    0    0 : slabdata     40     40      0\nkmalloc-rnd-06-8k      0      0   8192    4    8 : tunables    0    0    0 : slabdata      0      0      0\nkmalloc-rnd-06-4k      0      0   4096    8    8 : tunables    0    0    0 : slabdata      0      0      0\nkmalloc-rnd-06-2k     72     80   2048   16    8 : tunables    0    0    0 : slabdata      5      5      0\nkmalloc-rnd-06-1k     72     80   1024   16    4 : tunables    0    0    0 : slabdata      5      5      0\nkmalloc-rnd-06-512    140    144    512   16    2 : tunables    0    0    0 : slabdata      9      9      0\nkmalloc-rnd-06-256    112    112    256   16    1 : tunables    0    0    0 : slabdata      7      7      0\nkmalloc-rnd-06-128    180    192    128   32    1 : tunables    0    0    0 : slabdata      6      6      0\nkmalloc-rnd-06-64    279    320     64   64    1 : tunables    0    0    0 : slabdata      5      5      0\nkmalloc-rnd-06-32    180    256     32  128    1 : tunables    0    0    0 : slabdata      2      2      0\nkmalloc-rnd-06-16    180    256     16  256    1 : tunables    0    0    0 : slabdata      1      1      0\nkmalloc-rnd-06-8     120    512      8  512    1 : tunables    0    0    0 : slabdata      1      1      0\nkmalloc-rnd-06-192    240    252    192   21    1 : tunables    0    0    0 : slabdata     12     12      0\nkmalloc-rnd-06-96    180    210     96   42    1 : tunables    0    0    0 : slabdata      5      5      0\nkmalloc-rnd-05-8k      8      8   8192    4    8 : tunables    0    0    0 : slabdata      2      2      0\nkmalloc-rnd-05-4k      8      8   4096    8    8 : tunables    0    0    0 : slabdata      1      1      0\nkmalloc-rnd-05-2k     84     96   2048   16    8 : tunables    0    0    0 : slabdata      6      6      0\nkmalloc-rnd-05-1k     84     96   1024   16    4 : tunables    0    0    0 : slabdata      6      6      0\nkmalloc-rnd-05-512    112    112    512   16    2 : tunables    0    0    0 : slabdata      7      7      0\nkmalloc-rnd-05-256    140    144    256   16    1 : tunables    0    0    0 : slabdata      9      9      0\nkmalloc-rnd-05-128    240    256    128   32    1 : tunables    0    0    0 : slabdata      8      8      0\nkmalloc-rnd-05-64    300    320     64   64    1 : tunables    0    0    0 : slabdata      5      5      0\nkmalloc-rnd-05-32   1020   1024     32  128    1 : tunables    0    0    0 : slabdata      8      8      0\nkmalloc-rnd-05-16  17820  33536     16  256    1 : tunables    0    0    0 : slabdata    131    131      0\nkmalloc-rnd-05-8     780   1024      8  512    1 : tunables    0    0    0 : slabdata      2      2      0\nkmalloc-rnd-05-192    361    378    192   21    1 : tunables    0    0    0 : slabdata     18     18      0\nkmalloc-rnd-05-96   1320   2058     96   42    1 : tunables    0    0    0 : slabdata     49     49      0\nkmalloc-rnd-04-8k      8      8   8192    4    8 : tunables    0    0    0 : slabdata      2      2      0\nkmalloc-rnd-04-4k     16     16   4096    8    8 : tunables    0    0    0 : slabdata      2      2      0\nkmalloc-rnd-04-2k    180    800   2048   16    8 : tunables    0    0    0 : slabdata     50     50      0\nkmalloc-rnd-04-1k     60     64   1024   16    4 : tunables    0    0    0 : slabdata      4      4      0\nkmalloc-rnd-04-512     84     96    512   16    2 : tunables    0    0    0 : slabdata      6      6      0\nkmalloc-rnd-04-256    112    112    256   16    1 : tunables    0    0    0 : slabdata      7      7      0\nkmalloc-rnd-04-128    180    192    128   32    1 : tunables    0    0    0 : slabdata      6      6      0\nkmalloc-rnd-04-64    240    256     64   64    1 : tunables    0    0    0 : slabdata      4      4      0\nkmalloc-rnd-04-32  17880  97536     32  128    1 : tunables    0    0    0 : slabdata    762    762      0\nkmalloc-rnd-04-16    240    256     16  256    1 : tunables    0    0    0 : slabdata      1      1      0\nkmalloc-rnd-04-8     120    512      8  512    1 : tunables    0    0    0 : slabdata      1      1      0\nkmalloc-rnd-04-192    120    126    192   21    1 : tunables    0    0    0 : slabdata      6      6      0\nkmalloc-rnd-04-96    240    252     96   42    1 : tunables    0    0    0 : slabdata      6      6      0\nkmalloc-rnd-03-8k      4      4   8192    4    8 : tunables    0    0    0 : slabdata      1      1      0\nkmalloc-rnd-03-4k      8      8   4096    8    8 : tunables    0    0    0 : slabdata      1      1      0\nkmalloc-rnd-03-2k    108    112   2048   16    8 : tunables    0    0    0 : slabdata      7      7      0\nkmalloc-rnd-03-1k     48     48   1024   16    4 : tunables    0    0    0 : slabdata      3      3      0\nkmalloc-rnd-03-512   1400   1408    512   16    2 : tunables    0    0    0 : slabdata     88     88      0\nkmalloc-rnd-03-256    552    560    256   16    1 : tunables    0    0    0 : slabdata     35     35      0\nkmalloc-rnd-03-128    624    640    128   32    1 : tunables    0    0    0 : slabdata     20     20      0\nkmalloc-rnd-03-64   1404   2176     64   64    1 : tunables    0    0    0 : slabdata     34     34      0\nkmalloc-rnd-03-32    240    256     32  128    1 : tunables    0    0    0 : slabdata      2      2      0\nkmalloc-rnd-03-16    180    256     16  256    1 : tunables    0    0    0 : slabdata      1      1      0\nkmalloc-rnd-03-8     240    512      8  512    1 : tunables    0    0    0 : slabdata      1      1      0\nkmalloc-rnd-03-192    120    126    192   21    1 : tunables    0    0    0 : slabdata      6      6      0\nkmalloc-rnd-03-96    180    210     96   42    1 : tunables    0    0    0 : slabdata      5      5      0\nkmalloc-rnd-02-8k      4      4   8192    4    8 : tunables    0    0    0 : slabdata      1      1      0\nkmalloc-rnd-02-4k      8      8   4096    8    8 : tunables    0    0    0 : slabdata      1      1      0\nkmalloc-rnd-02-2k     36     48   2048   16    8 : tunables    0    0    0 : slabdata      3      3      0\nkmalloc-rnd-02-1k     48     48   1024   16    4 : tunables    0    0    0 : slabdata      3      3      0\nkmalloc-rnd-02-512     84     96    512   16    2 : tunables    0    0    0 : slabdata      6      6      0\nkmalloc-rnd-02-256    336    336    256   16    1 : tunables    0    0    0 : slabdata     21     21      0\nkmalloc-rnd-02-128    240    256    128   32    1 : tunables    0    0    0 : slabdata      8      8      0\nkmalloc-rnd-02-64    780    832     64   64    1 : tunables    0    0    0 : slabdata     13     13      0\nkmalloc-rnd-02-32   1140   2048     32  128    1 : tunables    0    0    0 : slabdata     16     16      0\nkmalloc-rnd-02-16    240    256     16  256    1 : tunables    0    0    0 : slabdata      1      1      0\nkmalloc-rnd-02-8     240    512      8  512    1 : tunables    0    0    0 : slabdata      1      1      0\nkmalloc-rnd-02-192    180    189    192   21    1 : tunables    0    0    0 : slabdata      9      9      0\nkmalloc-rnd-02-96    240    252     96   42    1 : tunables    0    0    0 : slabdata      6      6      0\nkmalloc-rnd-01-8k     16     16   8192    4    8 : tunables    0    0    0 : slabdata      4      4      0\nkmalloc-rnd-01-4k      4      8   4096    8    8 : tunables    0    0    0 : slabdata      1      1      0\nkmalloc-rnd-01-2k     48     48   2048   16    8 : tunables    0    0    0 : slabdata      3      3      0\nkmalloc-rnd-01-1k     60     64   1024   16    4 : tunables    0    0    0 : slabdata      4      4      0\nkmalloc-rnd-01-512    168    176    512   16    2 : tunables    0    0    0 : slabdata     11     11      0\nkmalloc-rnd-01-256    140    144    256   16    1 : tunables    0    0    0 : slabdata      9      9      0\nkmalloc-rnd-01-128    240    256    128   32    1 : tunables    0    0    0 : slabdata      8      8      0\nkmalloc-rnd-01-64    300    320     64   64    1 : tunables    0    0    0 : slabdata      5      5      0\nkmalloc-rnd-01-32    240    256     32  128    1 : tunables    0    0    0 : slabdata      2      2      0\nkmalloc-rnd-01-16    180    256     16  256    1 : tunables    0    0    0 : slabdata      1      1      0\nkmalloc-rnd-01-8     240    512      8  512    1 : tunables    0    0    0 : slabdata      1      1      0\nkmalloc-rnd-01-192    300    315    192   21    1 : tunables    0    0    0 : slabdata     15     15      0\nkmalloc-rnd-01-96    240    252     96   42    1 : tunables    0    0    0 : slabdata      6      6      0\nkmalloc-8k            68    128   8192    4    8 : tunables    0    0    0 : slabdata     32     32      0\nkmalloc-4k             4      8   4096    8    8 : tunables    0    0    0 : slabdata      1      1      0\nkmalloc-2k            48     48   2048   16    8 : tunables    0    0    0 : slabdata      3      3      0\nkmalloc-1k            48     48   1024   16    4 : tunables    0    0    0 : slabdata      3      3      0\nkmalloc-512          112    112    512   16    2 : tunables    0    0    0 : slabdata      7      7      0\nkmalloc-256           28     32    256   16    1 : tunables    0    0    0 : slabdata      2      2      0\nkmalloc-128          240    256    128   32    1 : tunables    0    0    0 : slabdata      8      8      0\nkmalloc-64           240    256     64   64    1 : tunables    0    0    0 : slabdata      4      4      0\nkmalloc-32           180    256     32  128    1 : tunables    0    0    0 : slabdata      2      2      0\nkmalloc-16           120    256     16  256    1 : tunables    0    0    0 : slabdata      1      1      0\nkmalloc-8            240    512      8  512    1 : tunables    0    0    0 : slabdata      1      1      0\nkmalloc-192          120    126    192   21    1 : tunables    0    0    0 : slabdata      6      6      0\nkmalloc-96          1020   1638     96   42    1 : tunables    0    0    0 : slabdata     39     39      0\nkmem_cache_node      407    416    128   32    1 : tunables    0    0    0 : slabdata     13     13      0\nkmem_cache           407    416    256   16    1 : tunables    0    0    0 : slabdata     26     26      0\n","sockstat":"sockets: used 0\nTCP: inuse 0 orphan 0 tw 0 alloc 0 mem 0\nUDP: inuse 0 mem 511\nUDPLITE: inuse 0\nRAW: inuse 0\nFRAG: [  600.986865] shmproxy: drained accepted=16386 closed=16386
inuse 0 memory 0\n","sockstat6":"TCP6: inuse 0\nUDP6: inuse 0\nUDPLITE6: inuse 0\nRAW6: inuse 0\nFRAG6: inuse 0 memory 0\n","uptime":"599.81 1655.53\n"}}
{"event": "module_unload", "duration_s": 0.072626833}
{"event": "transport_drain_live_kernel", "confirmed_zero": true, "usage": 0}
{"event": "complete"}
BENCH_HARNESS_EXIT=0
vhost_vsock 28672 0 - Live 0xffffffffc0414000
vmw_vsock_virtio_transport_common 57344 1 vhost_vsock, Live 0xffffffffc0410000
vhost 69632 1 vhost_vsock, Live 0xffffffffc0409000
vhost_iotlb 16384 1 vhost, Live 0xffffffffc0408000
vsock 73728 2 vhost_vsock,vmw_vsock_virtio_transport_common, Live 0xffffffffc0400000
BENCH_MODULE_UNLOAD_EXIT=0
BENCH_LIVE_MODULES_AFTER_UNLOAD
vhost_vsock 28672 0 - Live 0xffffffffc0414000
vmw_vsock_virtio_transport_common 57344 1 vhost_vsock, Live 0xffffffffc0410000
vhost 69632 1 vhost_vsock, Live 0xffffffffc0409000
vhost_iotlb 16384 1 vhost, Live 0xffffffffc0408000
vsock 73728 2 vhost_vsock,vmw_vsock_virtio_transport_common, Live 0xffffffffc0400000
1
[    0.000000] Linux version 7.0.0-29-generic (buildd@lcy02-amd64-113) (x86_64-linux-gnu-gcc (Ubuntu 15.2.0-16ubuntu1) 15.2.0, GNU ld (GNU Binutils for Ubuntu) 2.46) #29-Ubuntu SMP PREEMPT_DYNAMIC Fri Jul 17 20:52:35 UTC 2026 (Ubuntu 7.0.0-29.29-generic 7.0.12)
[    0.000000] Command line: console=ttyS0 rdinit=/init panic=-1
[    0.000000] KERNEL supported cpus:
[    0.000000]   Intel GenuineIntel
[    0.000000]   AMD AuthenticAMD
[    0.000000]   Hygon HygonGenuine
[    0.000000]   Centaur CentaurHauls
[    0.000000]   zhaoxin   Shanghai  
[    0.000000] BIOS-provided physical RAM map:
[    0.000000] BIOS-e820: [mem 0x0000000000000000-0x000000000009fbff]  System RAM
[    0.000000] BIOS-e820: [mem 0x000000000009fc00-0x000000000009ffff]  device reserved
[    0.000000] BIOS-e820: [gap 0x00000000000a0000-0x00000000000effff]
[    0.000000] BIOS-e820: [mem 0x00000000000f0000-0x00000000000fffff]  device reserved
[    0.000000] BIOS-e820: [mem 0x0000000000100000-0x000000007ffdffff]  System RAM
[    0.000000] BIOS-e820: [mem 0x000000007ffe0000-0x000000007fffffff]  device reserved
[    0.000000] BIOS-e820: [gap 0x0000000080000000-0x00000000afffffff]
[    0.000000] BIOS-e820: [mem 0x00000000b0000000-0x00000000bfffffff]  device reserved
[    0.000000] BIOS-e820: [gap 0x00000000c0000000-0x00000000fed1bfff]
[    0.000000] BIOS-e820: [mem 0x00000000fed1c000-0x00000000fed1ffff]  device reserved
[    0.000000] BIOS-e820: [gap 0x00000000fed20000-0x00000000feffbfff]
[    0.000000] BIOS-e820: [mem 0x00000000feffc000-0x00000000feffffff]  device reserved
[    0.000000] BIOS-e820: [gap 0x00000000ff000000-0x00000000fffbffff]
[    0.000000] BIOS-e820: [mem 0x00000000fffc0000-0x00000000ffffffff]  device reserved
[    0.000000] BIOS-e820: [mem 0x0000000100000000-0x000000047fffffff]  System RAM
[    0.000000] BIOS-e820: [gap 0x0000000480000000-0x000000fcffffffff]
[    0.000000] BIOS-e820: [mem 0x000000fd00000000-0x000000ffffffffff]  device reserved
[    0.000000] NX (Execute Disable) protection: active
[    0.000000] APIC: Static calls initialized
[    0.000000] SMBIOS 2.8 present.
[    0.000000] DMI: QEMU Standard PC (Q35 + ICH9, 2009), BIOS 1.17.0-debian-1.17.0-1ubuntu1 04/01/2014
[    0.000000] DMI: Memory slots populated: 1/1
[    0.000000] Hypervisor detected: KVM
[    0.000000] last_pfn = 0x7ffe0 max_arch_pfn = 0x10000000000
[    0.000000] kvm-clock: Using msrs 4b564d01 and 4b564d00
[    0.000000] kvm-clock: using sched offset of 221987628 cycles
[    0.000003] clocksource: kvm-clock: mask: 0xffffffffffffffff max_cycles: 0x1cd42e4dffb, max_idle_ns: 881590591483 ns
[    0.000007] tsc: Detected 2396.388 MHz processor
[    0.000387] e820: update [mem 0x00000000-0x00000fff] System RAM ==> device reserved
[    0.000389] e820: remove [mem 0x000a0000-0x000fffff] System RAM
[    0.000395] last_pfn = 0x480000 max_arch_pfn = 0x10000000000
[    0.000441] MTRR map: 4 entries (3 fixed + 1 variable; max 19), built from 8 variable MTRRs
[    0.000445] x86/PAT: Configuration [0-7]: WB  WC  UC- UC  WB  WP  UC- WT  
[    0.000507] last_pfn = 0x7ffe0 max_arch_pfn = 0x10000000000
[    0.003287] found SMP MP-table at [mem 0x000f5460-0x000f546f]
[    0.003307] Using GB pages for direct mapping
[    0.003544] RAMDISK: [mem 0x737ae000-0x7ffdffff]
[    0.003624] ACPI: Early table checksum verification disabled
[    0.003628] ACPI: RSDP 0x00000000000F5270 000014 (v00 BOCHS )
[    0.003633] ACPI: RSDT 0x000000007FFE3A02 000038 (v01 BOCHS  BXPC     00000001 BXPC 00000001)
[    0.003638] ACPI: FACP 0x000000007FFE3602 0000F4 (v03 BOCHS  BXPC     00000001 BXPC 00000001)
[    0.003643] ACPI: DSDT 0x000000007FFE0040 0035C2 (v01 BOCHS  BXPC     00000001 BXPC 00000001)
[    0.003645] ACPI: FACS 0x000000007FFE0000 000040
[    0.003647] ACPI: APIC 0x000000007FFE36F6 000270 (v03 BOCHS  BXPC     00000001 BXPC 00000001)
[    0.003650] ACPI: HPET 0x000000007FFE3966 000038 (v01 BOCHS  BXPC     00000001 BXPC 00000001)
[    0.003652] ACPI: MCFG 0x000000007FFE399E 00003C (v01 BOCHS  BXPC     00000001 BXPC 00000001)
[    0.003654] ACPI: WAET 0x000000007FFE39DA 000028 (v01 BOCHS  BXPC     00000001 BXPC 00000001)
[    0.003656] ACPI: Reserving FACP table memory at [mem 0x7ffe3602-0x7ffe36f5]
[    0.003657] ACPI: Reserving DSDT table memory at [mem 0x7ffe0040-0x7ffe3601]
[    0.003658] ACPI: Reserving FACS table memory at [mem 0x7ffe0000-0x7ffe003f]
[    0.003659] ACPI: Reserving APIC table memory at [mem 0x7ffe36f6-0x7ffe3965]
[    0.003660] ACPI: Reserving HPET table memory at [mem 0x7ffe3966-0x7ffe399d]
[    0.003660] ACPI: Reserving MCFG table memory at [mem 0x7ffe399e-0x7ffe39d9]
[    0.003661] ACPI: Reserving WAET table memory at [mem 0x7ffe39da-0x7ffe3a01]
[    0.004232] No NUMA configuration found
[    0.004234] Faking a node at [mem 0x0000000000000000-0x000000047fffffff]
[    0.004247] NODE_DATA(0) allocated [mem 0x47ffd5280-0x47fffffff]
[    0.005108] ACPI: PM-Timer IO Port: 0x608
[    0.005131] ACPI: LAPIC_NMI (acpi_id[0xff] dfl dfl lint[0x1])
[    0.005163] IOAPIC[0]: apic_id 0, version 17, address 0xfec00000, GSI 0-23
[    0.005166] ACPI: INT_SRC_OVR (bus 0 bus_irq 0 global_irq 2 dfl dfl)
[    0.005168] ACPI: INT_SRC_OVR (bus 0 bus_irq 5 global_irq 5 high level)
[    0.005169] ACPI: INT_SRC_OVR (bus 0 bus_irq 9 global_irq 9 high level)
[    0.005170] ACPI: INT_SRC_OVR (bus 0 bus_irq 10 global_irq 10 high level)
[    0.005171] ACPI: INT_SRC_OVR (bus 0 bus_irq 11 global_irq 11 high level)
[    0.005174] ACPI: Using ACPI (MADT) for SMP configuration information
[    0.005175] ACPI: HPET id: 0x8086a201 base: 0xfed00000
[    0.005178] TSC deadline timer available
[    0.005181] CPU topo: Max. logical packages:   1
[    0.005182] CPU topo: Max. logical nodes:      1
[    0.005182] CPU topo: Num. nodes per package:  1
[    0.005185] CPU topo: Max. logical dies:       1
[    0.005185] CPU topo: Max. dies per package:   1
[    0.005189] CPU topo: Max. threads per core:   1
[    0.005190] CPU topo: Num. cores per package:    64
[    0.005191] CPU topo: Num. threads per package:  64
[    0.005192] CPU topo: Allowing 4 present CPUs plus 60 hotplug CPUs
[    0.005211] kvm-guest: APIC: eoi() replaced with kvm_guest_apic_eoi_write()
[    0.005225] kvm-guest: KVM setup pv remote TLB flush
[    0.005229] kvm-guest: setup PV sched yield
[    0.005237] PM: hibernation: Registered nosave memory: [mem 0x00000000-0x00000fff]
[    0.005239] PM: hibernation: Registered nosave memory: [mem 0x0009f000-0x000fffff]
[    0.005240] PM: hibernation: Registered nosave memory: [mem 0x7ffe0000-0xffffffff]
[    0.005242] [gap 0xc0000000-0xfed1bfff] available for PCI devices
[    0.005243] Booting paravirtualized kernel on KVM
[    0.005245] clocksource: refined-jiffies: mask: 0xffffffff max_cycles: 0xffffffff, max_idle_ns: 1910969940391419 ns
[    0.005310] Zone ranges:
[    0.005311]   DMA      [mem 0x0000000000001000-0x0000000000ffffff]
[    0.005313]   DMA32    [mem 0x0000000001000000-0x00000000ffffffff]
[    0.005315]   Normal   [mem 0x0000000100000000-0x000000047fffffff]
[    0.005316]   Device   empty
[    0.005317] Movable zone start for each node
[    0.005319] Early memory node ranges
[    0.005320]   node   0: [mem 0x0000000000001000-0x000000000009efff]
[    0.005321]   node   0: [mem 0x0000000000100000-0x000000007ffdffff]
[    0.005322]   node   0: [mem 0x0000000100000000-0x000000047fffffff]
[    0.005325] Initmem setup node 0 [mem 0x0000000000001000-0x000000047fffffff]
[    0.005424] On node 0, zone DMA: 1 pages in unavailable ranges
[    0.005439] On node 0, zone DMA: 97 pages in unavailable ranges
[    0.029245] On node 0, zone Normal: 32 pages in unavailable ranges
[    0.029264] setup_percpu: NR_CPUS:8192 nr_cpumask_bits:64 nr_cpu_ids:64 nr_node_ids:1
[    0.032050] percpu: Embedded 85 pages/cpu s225280 r8192 d114688 u524288
[    0.032060] pcpu-alloc: s225280 r8192 d114688 u524288 alloc=1*2097152
[    0.032063] pcpu-alloc: [0] 00 01 02 03 [0] 04 05 06 07 
[    0.032068] pcpu-alloc: [0] 08 09 10 11 [0] 12 13 14 15 
[    0.032072] pcpu-alloc: [0] 16 17 18 19 [0] 20 21 22 23 
[    0.032076] pcpu-alloc: [0] 24 25 26 27 [0] 28 29 30 31 
[    0.032080] pcpu-alloc: [0] 32 33 34 35 [0] 36 37 38 39 
[    0.032083] pcpu-alloc: [0] 40 41 42 43 [0] 44 45 46 47 
[    0.032087] pcpu-alloc: [0] 48 49 50 51 [0] 52 53 54 55 
[    0.032091] pcpu-alloc: [0] 56 57 58 59 [0] 60 61 62 63 
[    0.032147] kvm-guest: PV spinlocks enabled
[    0.032149] PV qspinlock hash table entries: 256 (order: 0, 4096 bytes, linear)
[    0.032153] Kernel command line: console=ttyS0 rdinit=/init panic=-1
[    0.032194] random: crng init done
[    0.032195] printk: log_buf_len individual max cpu contribution: 4096 bytes
[    0.032196] printk: log_buf_len total cpu_extra contributions: 258048 bytes
[    0.032196] printk: log_buf_len min size: 262144 bytes
[    0.032558] printk: log buffer data + meta data: 524288 + 2228224 = 2752512 bytes
[    0.032559] printk: early log buf free: 253976(96%)
[    0.033570] Dentry cache hash table entries: 2097152 (order: 12, 16777216 bytes, linear)
[    0.034101] Inode-cache hash table entries: 1048576 (order: 11, 8388608 bytes, linear)
[    0.034608] software IO TLB: area num 64.
[    0.040956] Fallback order for Node 0: 0 
[    0.040968] Built 1 zonelists, mobility grouping on.  Total pages: 4194174
[    0.040970] Policy zone: Normal
[    0.040981] mem auto-init: stack:all(zero), heap alloc:on, heap free:off
[    0.067682] SLUB: HWalign=64, Order=0-3, MinObjects=0, CPUs=64, Nodes=1
[    0.081837] ftrace: allocating 63941 entries in 252 pages
[    0.081839] ftrace: allocated 252 pages with 6 groups
[    0.082666] Dynamic Preempt: lazy
[    0.083063] rcu: Preemptible hierarchical RCU implementation.
[    0.083065] rcu: 	RCU restricting CPUs from NR_CPUS=8192 to nr_cpu_ids=64.
[    0.083067] 	Trampoline variant of Tasks RCU enabled.
[    0.083067] 	Rude variant of Tasks RCU enabled.
[    0.083068] 	Tracing variant of Tasks RCU enabled.
[    0.083069] rcu: RCU calculated value of scheduler-enlistment delay is 100 jiffies.
[    0.083070] rcu: Adjusting geometry for rcu_fanout_leaf=16, nr_cpu_ids=64
[    0.083098] RCU Tasks: Setting shift to 6 and lim to 1 rcu_task_cb_adjust=1 rcu_task_cpu_ids=64.
[    0.083101] RCU Tasks Rude: Setting shift to 6 and lim to 1 rcu_task_cb_adjust=1 rcu_task_cpu_ids=64.
[    0.088194] NR_IRQS: 524544, nr_irqs: 936, preallocated irqs: 16
[    0.088468] rcu: srcu_init: Setting srcu_struct sizes based on contention.
[    0.088745] Console: colour *CGA 80x25
[    0.088820] printk: legacy console [ttyS0] enabled
[    0.309791] ACPI: Core revision 20251212
[    0.311085] clocksource: hpet: mask: 0xffffffff max_cycles: 0xffffffff, max_idle_ns: 19112604467 ns
[    0.313635] APIC: Switch to symmetric I/O mode setup
[    0.315188] x2apic enabled
[    0.316268] APIC: Switched APIC routing to: physical x2apic
[    0.317755] kvm-guest: APIC: send_IPI_mask() replaced with kvm_send_ipi_mask()
[    0.319652] kvm-guest: APIC: send_IPI_mask_allbutself() replaced with kvm_send_ipi_mask_allbutself()
[    0.322015] kvm-guest: setup PV IPIs
[    0.324311] ..TIMER: vector=0x30 apic1=0 pin1=2 apic2=-1 pin2=-1
[    0.325925] clocksource: tsc-early: mask: 0xffffffffffffffff max_cycles: 0x228ae3847f6, max_idle_ns: 440795295175 ns
[    0.328683] Calibrating delay loop (skipped) preset value.. 4792.77 BogoMIPS (lpj=2396388)
[    0.329826] x86/cpu: User Mode Instruction Prevention (UMIP) activated
[    0.330784] Last level iTLB entries: 4KB 512, 2MB 255, 4MB 127
[    0.331682] Last level dTLB entries: 4KB 512, 2MB 255, 4MB 127, 1GB 0
[    0.332691] mitigations: Enabled attack vectors: user_kernel, user_user, guest_host, guest_guest, SMT mitigations: auto
[    0.333682] Speculative Store Bypass: Mitigation: Speculative Store Bypass disabled via prctl
[    0.334682] Transient Scheduler Attacks: Vulnerable: No microcode
[    0.335682] Spectre V2 : Mitigation: Enhanced / Automatic IBRS
[    0.336682] Speculative Return Stack Overflow: Mitigation: Safe RET
[    0.337682] Spectre V1 : Mitigation: usercopy/swapgs barriers and __user pointer sanitization
[    0.338688] Spectre V2 : mitigation: Enabling conditional Indirect Branch Prediction Barrier
[    0.339684] active return thunk: srso_alias_return_thunk
[    0.340712] x86/fpu: Supporting XSAVE feature 0x001: 'x87 floating point registers'
[    0.341683] x86/fpu: Supporting XSAVE feature 0x002: 'SSE registers'
[    0.342682] x86/fpu: Supporting XSAVE feature 0x004: 'AVX registers'
[    0.343682] x86/fpu: Supporting XSAVE feature 0x020: 'AVX-512 opmask'
[    0.344682] x86/fpu: Supporting XSAVE feature 0x040: 'AVX-512 Hi256'
[    0.345682] x86/fpu: Supporting XSAVE feature 0x080: 'AVX-512 ZMM_Hi256'
[    0.346682] x86/fpu: Supporting XSAVE feature 0x200: 'Protection Keys User registers'
[    0.347682] x86/fpu: xstate_offset[2]:  576, xstate_sizes[2]:  256
[    0.348682] x86/fpu: xstate_offset[5]:  832, xstate_sizes[5]:   64
[    0.349682] x86/fpu: xstate_offset[6]:  896, xstate_sizes[6]:  512
[    0.350682] x86/fpu: xstate_offset[7]: 1408, xstate_sizes[7]: 1024
[    0.351682] x86/fpu: xstate_offset[9]: 2432, xstate_sizes[9]:    8
[    0.352681] x86/fpu: Enabled xstate features 0x2e7, context size is 2440 bytes, using 'compacted' format.
[    0.394263] Freeing SMP alternatives memory: 56K
[    0.394683] pid_max: default: 65536 minimum: 512
[    0.396067] landlock: Up and running.
[    0.396682] Yama: becoming mindful.
[    0.397854] AppArmor: AppArmor initialized
[    0.398682] AppArmor: AppArmor secmark mediation reserved: ready to be enabled
[    0.399872] Mount-cache hash table entries: 32768 (order: 6, 262144 bytes, linear)
[    0.400688] Mountpoint-cache hash table entries: 32768 (order: 6, 262144 bytes, linear)
[    0.401846] VFS: Finished mounting rootfs on nullfs
[    0.403426] smpboot: CPU0: AMD EPYC 8024P 8-Core Processor (family: 0x19, model: 0xa0, stepping: 0x2)
[    0.404014] Performance Events: Fam17h+ core perfctr, AMD PMU driver.
[    0.404699] ... version:                   2
[    0.405684] ... bit width:                 48
[    0.406684] ... generic counters:          6
[    0.407684] ... generic bitmap:            000000000000003f
[    0.408685] ... fixed-purpose counters:    0
[    0.409684] ... fixed-purpose bitmap:      0000000000000000
[    0.410684] ... value mask:                0000ffffffffffff
[    0.411684] ... max period:                00007fffffffffff
[    0.412684] ... global_ctrl mask:          000000000000003f
[    0.413949] signal: max sigframe size: 3376
[    0.414748] rcu: Hierarchical SRCU implementation.
[    0.415689] rcu: 	Max phase no-delay instances is 400.
[    0.416760] Timer migration: 2 hierarchy levels; 8 children per group; 2 crossnode level
[    0.426144] smp: Bringing up secondary CPUs ...
[    0.426976] smpboot: x86: Booting SMP configuration:
[    0.427696] .... node  #0, CPUs:        #1  #2  #3
[    0.430885] smp: Brought up 1 node, 4 CPUs
[    0.432684] smpboot: Total of 4 processors activated (19171.10 BogoMIPS)
[    0.434403] Memory: 13727940K/16776696K available (23799K kernel code, 4952K rwdata, 16764K rodata, 5292K init, 5856K bss, 3030172K reserved, 0K cma-reserved)
[    0.435208] devtmpfs: initialized
[    0.435785] x86/mm: Memory block size: 128MB
[    0.439820] clocksource: jiffies: mask: 0xffffffff max_cycles: 0xffffffff, max_idle_ns: 1911260446275000 ns
[    0.440703] posixtimers hash table entries: 32768 (order: 7, 524288 bytes, linear)
[    0.441746] futex hash table entries: 16384 (1048576 bytes on 1 NUMA nodes, total 1024 KiB, linear).
[    0.443201] PM: RTC time: 22:43:53, date: 2026-10-04
[    0.444385] NET: Registered PF_NETLINK/PF_ROUTE protocol family
[    0.445105] DMA: preallocated 2048 KiB GFP_KERNEL pool for atomic allocations
[    0.445764] DMA: preallocated 2048 KiB GFP_KERNEL|GFP_DMA pool for atomic allocations
[    0.446756] DMA: preallocated 2048 KiB GFP_KERNEL|GFP_DMA32 pool for atomic allocations
[    0.447700] audit: initializing netlink subsys (disabled)
[    0.448706] audit: type=2000 audit(1791153834.162:1): state=initialized audit_enabled=0 res=1
[    0.448937] thermal_sys: Registered thermal governor 'fair_share'
[    0.449686] thermal_sys: Registered thermal governor 'bang_bang'
[    0.450685] thermal_sys: Registered thermal governor 'step_wise'
[    0.451684] thermal_sys: Registered thermal governor 'user_space'
[    0.452685] thermal_sys: Registered thermal governor 'power_allocator'
[    0.453701] cpuidle: using governor ladder
[    0.455693] cpuidle: using governor menu
[    0.457849] acpiphp: ACPI Hot Plug PCI Controller Driver version: 0.5
[    0.458991] PCI: ECAM [mem 0xb0000000-0xbfffffff] (base 0xb0000000) for domain 0000 [bus 00-ff]
[    0.459688] PCI: ECAM [mem 0xb0000000-0xbfffffff] reserved as E820 entry
[    0.460699] PCI: Using configuration type 1 for base access
[    0.461793] kprobes: kprobe jump-optimization is enabled. All kprobes are optimized if possible.
[    0.463833] HugeTLB: registered 1.00 GiB page size, pre-allocated 0 pages
[    0.467702] HugeTLB: 16380 KiB vmemmap can be freed for a 1.00 GiB page
[    0.471698] HugeTLB: registered 2.00 MiB page size, pre-allocated 0 pages
[    0.475693] HugeTLB: 28 KiB vmemmap can be freed for a 2.00 MiB page
[    0.482637] ACPI: Added _OSI(Module Device)
[    0.485695] ACPI: Added _OSI(Processor Device)
[    0.487694] ACPI: Added _OSI(Processor Aggregator Device)
[    0.501019] ACPI: 1 ACPI AML tables successfully acquired and loaded
[    0.507777] ACPI: \_SB_: platform _OSC: OS support mask [006e7eff]
[    0.513049] ACPI: Interpreter enabled
[    0.514751] ACPI: PM: (supports S0 S3 S4 S5)
[    0.517693] ACPI: Using IOAPIC for interrupt routing
[    0.520487] PCI: Using host bridge windows from ACPI; if necessary, use "pci=nocrs" and report a bug
[    0.525691] PCI: Using E820 reservations for host bridge windows
[    0.529298] ACPI: Enabled 2 GPEs in block 00 to 3F
[    0.548466] ACPI: PCI Root Bridge [PCI0] (domain 0000 [bus 00-ff])
[    0.550694] acpi PNP0A08:00: _OSC: OS supports [ExtendedConfig ASPM ClockPM Segments MSI EDR HPX-Type3]
[    0.552798] acpi PNP0A08:00: _OSC: platform does not support [PCIeHotplug LTR DPC]
[    0.555863] acpi PNP0A08:00: _OSC: OS now controls [SHPCHotplug PME AER PCIeCapability]
[    0.557951] PCI host bridge to bus 0000:00
[    0.558698] pci_bus 0000:00: root bus resource [io  0x0000-0x0cf7 window]
[    0.560687] pci_bus 0000:00: root bus resource [io  0x0d00-0xffff window]
[    0.562687] pci_bus 0000:00: root bus resource [mem 0x000a0000-0x000bffff window]
[    0.565687] pci_bus 0000:00: root bus resource [mem 0x80000000-0xafffffff window]
[    0.567687] pci_bus 0000:00: root bus resource [mem 0xc0000000-0xfebfffff window]
[    0.569687] pci_bus 0000:00: root bus resource [mem 0x480000000-0xc7fffffff window]
[    0.571688] pci_bus 0000:00: root bus resource [bus 00-ff]
[    0.573783] pci 0000:00:00.0: [8086:29c0] type 00 class 0x060000 conventional PCI endpoint
[    0.586179] pci 0000:00:1f.0: [8086:2918] type 00 class 0x060100 conventional PCI endpoint
[    0.589434] pci 0000:00:1f.0: quirk: [io  0x0600-0x067f] claimed by ICH6 ACPI/GPIO/TCO
[    0.592202] pci 0000:00:1f.2: [8086:2922] type 00 class 0x010601 conventional PCI endpoint
[    0.595763] pci 0000:00:1f.2: BAR 4 [io  0xc040-0xc05f]
[    0.597705] pci 0000:00:1f.2: BAR 5 [mem 0xfebff000-0xfebfffff]
[    0.599446] pci 0000:00:1f.3: [8086:2930] type 00 class 0x0c0500 conventional PCI endpoint
[    0.602685] pci 0000:00:1f.3: BAR 4 [io  0x0700-0x073f]
[    0.606616] ACPI: PCI: Interrupt link LNKA configured for IRQ 10
[    0.608879] ACPI: PCI: Interrupt link LNKB configured for IRQ 10
[    0.609892] ACPI: PCI: Interrupt link LNKC configured for IRQ 11
[    0.611885] ACPI: PCI: Interrupt link LNKD configured for IRQ 11
[    0.613895] ACPI: PCI: Interrupt link LNKE configured for IRQ 10
[    0.615885] ACPI: PCI: Interrupt link LNKF configured for IRQ 10
[    0.617876] ACPI: PCI: Interrupt link LNKG configured for IRQ 11
[    0.619877] ACPI: PCI: Interrupt link LNKH configured for IRQ 11
[    0.621759] ACPI: PCI: Interrupt link GSIA configured for IRQ 16
[    0.623709] ACPI: PCI: Interrupt link GSIB configured for IRQ 17
[    0.625709] ACPI: PCI: Interrupt link GSIC configured for IRQ 18
[    0.626709] ACPI: PCI: Interrupt link GSID configured for IRQ 19
[    0.628709] ACPI: PCI: Interrupt link GSIE configured for IRQ 20
[    0.630708] ACPI: PCI: Interrupt link GSIF configured for IRQ 21
[    0.632708] ACPI: PCI: Interrupt link GSIG configured for IRQ 22
[    0.633708] ACPI: PCI: Interrupt link GSIH configured for IRQ 23
[    0.641720] iommu: Default domain type: Translated
[    0.642687] iommu: DMA domain TLB invalidation policy: lazy mode
[    0.644994] SCSI subsystem initialized
[    0.646703] libata version 3.00 loaded.
[    0.646742] ACPI: bus type USB registered
[    0.647719] usbcore: registered new interface driver usbfs
[    0.648701] usbcore: registered new interface driver hub
[    0.650711] usbcore: registered new device driver usb
[    0.651723] pps_core: LinuxPPS API ver. 1 registered
[    0.653685] pps_core: Software ver. 5.3.6 - Copyright 2005-2007 Rodolfo Giometti <giometti@linux.it>
[    0.655693] PTP clock support registered
[    0.657738] EDAC MC: Ver: 3.0.0
[    0.659229] NetLabel: Initializing
[    0.660687] NetLabel:  domain hash size = 128
[    0.661685] NetLabel:  protocols = UNLABELED CIPSOv4 CALIPSO
[    0.663713] NetLabel:  unlabeled traffic allowed by default
[    0.664793] mctp: management component transport protocol core
[    0.666695] NET: Registered PF_MCTP protocol family
[    0.667706] PCI: Using ACPI for IRQ routing
[    0.868195] PCI: pci_cache_line_size set to 64 bytes
[    0.868335] e820: register RAM buffer resource [mem 0x0009fc00-0x0009ffff]
[    0.870689] e820: register RAM buffer resource [mem 0x7ffe0000-0x7fffffff]
[    0.872746] vgaarb: loaded
[    0.873762] hpet0: at MMIO 0xfed00000, IRQs 2, 8, 0
[    0.874687] hpet0: 3 comparators, 64-bit 100.000000 MHz counter
[    0.882682] clocksource: Switched to clocksource kvm-clock
[    0.884663] VFS: Disk quotas dquot_6.6.0
[    0.885835] VFS: Dquot-cache hash table entries: 512 (order 0, 4096 bytes)
[    0.888244] AppArmor: AppArmor Filesystem Enabled
[    0.889623] acpi PNP0C01:00: Reserved [mem 0xb0000000-0xbfffffff]
[    0.891424] pnp: PnP ACPI init
[    0.893119] pnp: PnP ACPI: found 4 devices
[    0.901631] clocksource: acpi_pm: mask: 0xffffff max_cycles: 0xffffff, max_idle_ns: 2085701024 ns
[    0.904356] NET: Registered PF_INET protocol family
[    0.905963] IP idents hash table entries: 262144 (order: 9, 2097152 bytes, linear)
[    0.928626] tcp_listen_portaddr_hash hash table entries: 8192 (order: 5, 131072 bytes, linear)
[    0.931128] Table-perturb hash table entries: 65536 (order: 6, 262144 bytes, linear)
[    0.933497] TCP established hash table entries: 131072 (order: 8, 1048576 bytes, linear)
[    0.936011] TCP bind hash table entries: 65536 (order: 9, 2097152 bytes, linear)
[    0.938262] TCP: Hash tables configured (established 131072 bind 65536)
[    0.940419] MPTCP token hash table entries: 16384 (order: 7, 393216 bytes, linear)
[    0.942678] UDP hash table entries: 8192 (order: 7, 524288 bytes, linear)
[    0.944787] UDP-Lite hash table entries: 8192 (order: 7, 524288 bytes, linear)
[    0.947047] NET: Registered PF_UNIX/PF_LOCAL protocol family
[    0.948717] NET: Registered PF_XDP protocol family
[    0.950128] pci_bus 0000:00: resource 4 [io  0x0000-0x0cf7 window]
[    0.951913] pci_bus 0000:00: resource 5 [io  0x0d00-0xffff window]
[    0.953718] pci_bus 0000:00: resource 6 [mem 0x000a0000-0x000bffff window]
[    0.955702] pci_bus 0000:00: resource 7 [mem 0x80000000-0xafffffff window]
[    0.957688] pci_bus 0000:00: resource 8 [mem 0xc0000000-0xfebfffff window]
[    0.959674] pci_bus 0000:00: resource 9 [mem 0x480000000-0xc7fffffff window]
[    0.961791] PCI: CLS 0 bytes, default 64
[    0.963053] PCI-DMA: Using software bounce buffering for IO (SWIOTLB)
[    0.963184] Trying to unpack rootfs image as initramfs...
[    0.964910] software IO TLB: mapped [mem 0x000000006f7ae000-0x00000000737ae000] (64MB)
[    0.964969] clocksource: tsc: mask: 0xffffffffffffffff max_cycles: 0x228ae3847f6, max_idle_ns: 440795295175 ns
[    0.973280] Initialise system trusted keyrings
[    0.974588] Key type blacklist registered
[    0.975932] workingset: timestamp_bits=36 max_order=22 bucket_order=0
[    0.978494] squashfs: version 4.0 (2009/01/31) Phillip Lougher
[    0.980467] fuse: init (API version 7.45)
[    0.982000] integrity: Platform Keyring initialized
[    0.983441] integrity: Machine keyring initialized
[    0.997624] Key type asymmetric registered
[    0.998850] Asymmetric key parser 'x509' registered
[    1.000349] Block layer SCSI generic (bsg) driver version 0.4 loaded (major 242)
[    1.002701] io scheduler mq-deadline registered
[    1.006286] ledtrig-cpu: registered to indicate activity on CPUs
[    1.009964] input: Power Button as /devices/platform/LNXPWRBN:00/input/input0
[    1.013882] ACPI: button: Power Button [PWRF]
[    1.018122] Serial: 8250/16550 driver, 32 ports, IRQ sharing enabled
[    1.052241] 00:02: ttyS0 at I/O 0x3f8 (irq = 4, base_baud = 115200) is a 16550A
[    1.063385] Linux agpgart interface v0.103
[    1.074141] Freeing initrd memory: 205000K
[    1.076632] loop: module loaded
[    1.078710] ACPI: bus type drm_connector registered
[    1.081527] tun: Universal TUN/TAP device driver, 1.6
[    1.084005] PPP generic driver version 2.4.2
[    1.086365] i8042: PNP: PS/2 Controller [PNP0303:KBD,PNP0f13:MOU] at 0x60,0x64 irq 1,12
[    1.091804] serio: i8042 KBD port at 0x60,0x64 irq 1
[    1.094136] serio: i8042 AUX port at 0x60,0x64 irq 12
[    1.096767] mousedev: PS/2 mouse device common for all mice
[    1.099655] rtc_cmos 00:03: RTC can wake from S4
[    1.103535] rtc_cmos 00:03: registered as rtc0
[    1.105812] rtc_cmos 00:03: setting system clock to 2026-10-04T22:43:54 UTC (1791153834)
[    1.105843] input: AT Translated Set 2 keyboard as /devices/platform/i8042/serio0/input/input1
[    1.108072] rtc_cmos 00:03: alarms up to one day, y3k, 242 bytes nvram, hpet irqs
[    1.112133] i2c_dev: i2c /dev entries driver
[    1.113288] device-mapper: core: CONFIG_IMA_DISABLE_HTABLE is disabled. Duplicate IMA measurements will not be recorded in the IMA log.
[    1.116392] device-mapper: uevent: version 1.0.3
[    1.117788] device-mapper: ioctl: 4.50.0-ioctl (2025-04-28) initialised: dm-devel@lists.linux.dev
[    1.120059] amd_pstate: The CPPC feature is supported but currently disabled by the BIOS.
[    1.120059] Please enable it if your BIOS has the CPPC option.
[    1.123574] amd_pstate: the _CPC object is not present in SBIOS or ACPI disabled
[    1.125582] drop_monitor: Initializing network drop monitor service
[    1.127423] NET: Registered PF_INET6 protocol family
[    1.129502] Segment Routing with IPv6
[    1.130469] In-situ OAM (IOAM) with IPv6
[    1.131516] NET: Registered PF_PACKET protocol family
[    1.132945] Key type dns_resolver registered
[    1.135069] IPI shorthand broadcast: enabled
[    1.139701] sched_clock: Marking stable (907002524, 232201594)->(1205702980, -66498862)
[    1.142666] registered taskstats version 1
[    1.144944] Loading compiled-in X.509 certificates
[    1.146888] Loaded X.509 cert 'Build time autogenerated kernel key: 454b3e9802e3c39a997a1e8863aaf8b3df15fbc0'
[    1.149892] Loaded X.509 cert 'Canonical Ltd. Live Patch Signing 2025 Kmod: d541cef61dc7e793b7eb7e899970a2eef0b5dc8c'
[    1.153114] Loaded X.509 cert 'Canonical Ltd. Live Patch Signing: 14df34d1a87cf37625abec039ef2bf521249b969'
[    1.155989] Loaded X.509 cert 'Canonical Ltd. Kernel Module Signing 2025 Kmod: 4627603d2357a2a3f81006370894c221175893e9'
[    1.159184] Loaded X.509 cert 'Canonical Ltd. Kernel Module Signing: 88f752e560a1e0737e31163a466ad7b70a850c19'
[    1.161686] blacklist: Loading compiled-in revocation X.509 certificates
[    1.163420] Loaded X.509 cert 'Canonical Ltd. Secure Boot Signing: 61482aa2830d0ab2ad5af10b7250da9033ddcef0'
[    1.165896] Loaded X.509 cert 'Canonical Ltd. Secure Boot Signing (2017): 242ade75ac4a15e50d50c84b0d45ff3eae707a03'
[    1.168530] Loaded X.509 cert 'Canonical Ltd. Secure Boot Signing (ESM 2018): 365188c1d374d6b07c3c8f240f8ef722433d6a8b'
[    1.171260] Loaded X.509 cert 'Canonical Ltd. Secure Boot Signing (2019): c0746fd6c5da3ae827864651ad66ae47fe24b3e8'
[    1.173887] Loaded X.509 cert 'Canonical Ltd. Secure Boot Signing (2021 v1): a8d54bbb3825cfb94fa13c9f8a594a195c107b8d'
[    1.176571] Loaded X.509 cert 'Canonical Ltd. Secure Boot Signing (2021 v[  602.767371] ACPI: PM: Preparing to enter system sleep state S5
2): 4cf046892d6fd3c9a5b03f98d845[  602.770307] reboot: Power down
f90851dc6a8c'
[    1.179256] Loaded X.509 cert 'Canonical Ltd. Secure Boot Signing (2021 v3): 100437bb6de6e469b581e61cd66bce3ef4ed53af'
[    1.181939] Loaded X.509 cert 'Canonical Ltd. Secure Boot Signing (Ubuntu Core 2019): c1d57b8f6b743f23ee41f4f7ee292f06eecadfb9'
[    1.193717] Demotion targets for Node 0: null
[    1.195151] Key type .fscrypt registered
[    1.196167] Key type fscrypt-provisioning registered
[    1.197550] Key type big_key registered
[    1.199843] Key type encrypted registered
[    1.200893] AppArmor: AppArmor sha256 policy hashing enabled
[    1.202331] ima: No TPM chip found, activating TPM-bypass!
[    1.203731] Loading compiled-in module X.509 certificates
[    1.205589] Loaded X.509 cert 'Build time autogenerated kernel key: 454b3e9802e3c39a997a1e8863aaf8b3df15fbc0'
[    1.208075] ima: Allocated hash algorithm: sha256
[    1.209301] ima: No architecture policies found
[    1.210487] evm: Initialising EVM extended attributes:
[    1.211795] evm: security.selinux
[    1.212659] evm: security.SMACK64
[    1.213523] evm: security.SMACK64EXEC
[    1.214471] evm: security.SMACK64TRANSMUTE
[    1.215514] evm: security.SMACK64MMAP
[    1.216458] evm: security.apparmor
[    1.217349] evm: security.ima
[    1.218103] evm: security.capability
[    1.219066] evm: HMAC attrs: 0x1
[    1.220280] PM:   Magic number: 14:344:754
[    1.221353] tty ttyS5: hash matches
[    1.222631] RAS: Correctable Errors collector initialized.
[    1.224435] clk: Disabling unused clocks
[    1.225805] PM: genpd: Disabling unused power domains
[    1.229055] Freeing unused decrypted memory: 2028K
[    1.230689] Freeing unused kernel image (initmem) memory: 5292K
[    1.231789] Write protecting the kernel read-only data: 43008k
[    1.233549] Freeing unused kernel image (text/rodata gap) memory: 776K
[    1.235124] Freeing unused kernel image (rodata/data gap) memory: 1668K
[    1.302374] x86/mm: Checked W+X mappings: passed, no W+X pages found.
[    1.303621] Run /init as init process
[    1.304332]   with arguments:
[    1.304335]     /init
[    1.304338]   with environment:
[    1.304339]     HOME=/
[    1.304341]     TERM=linux
[    1.319516] NET: Registered PF_VSOCK protocol family
[    2.151841] shmproxy: loading out-of-tree module taints kernel.
[    2.153832] shmproxy: module verification failed: signature and/or required key missing - tainting kernel
[    2.157828] shmproxy: kernel AF_VSOCK listener CID2:29500 loaded
[   13.874311] clocksource: Long readout interval, skipping watchdog check: cs_nsec: 1041097476 wd_nsec: 1041096957
[   43.833293] clocksource: Long readout interval, skipping watchdog check: cs_nsec: 3848079970 wd_nsec: 3848078484
[  600.986865] shmproxy: drained accepted=16386 closed=16386
BENCH_COMPLETE_EXIT=0
409999 blocks
qemu-system-x86_64: -accel kvm: warning: Number of hotpluggable cpus requested (64) exceeds the recommended cpus supported by KVM (16)
c[?7l[2J[0mSeaBIOS (version 1.17.0-debian-1.17.0-1ubuntu1)
Booting from ROM...
c[?7l[2J[    0.000000] Linux version 7.0.0-29-generic (buildd@lcy02-amd64-113) (x86_64-linux-gnu-gcc (Ubuntu 15.2.0-16ubuntu1) 15.2.0, GNU ld (GNU Binutils for Ubuntu) 2.46) #29-Ubuntu SMP PREEMPT_DYNAMIC Fri Jul 17 20:52:35 UTC 2026 (Ubuntu 7.0.0-29.29-generic 7.0.12)
[    0.000000] Command line: console=ttyS0 rdinit=/init panic=-1
[    0.000000] KERNEL supported cpus:
[    0.000000]   Intel GenuineIntel
[    0.000000]   AMD AuthenticAMD
[    0.000000]   Hygon HygonGenuine
[    0.000000]   Centaur CentaurHauls
[    0.000000]   zhaoxin   Shanghai  
[    0.000000] BIOS-provided physical RAM map:
[    0.000000] BIOS-e820: [mem 0x0000000000000000-0x000000000009fbff]  System RAM
[    0.000000] BIOS-e820: [mem 0x000000000009fc00-0x000000000009ffff]  device reserved
[    0.000000] BIOS-e820: [gap 0x00000000000a0000-0x00000000000effff]
[    0.000000] BIOS-e820: [mem 0x00000000000f0000-0x00000000000fffff]  device reserved
[    0.000000] BIOS-e820: [mem 0x0000000000100000-0x000000007ffdffff]  System RAM
[    0.000000] BIOS-e820: [mem 0x000000007ffe0000-0x000000007fffffff]  device reserved
[    0.000000] BIOS-e820: [gap 0x0000000080000000-0x00000000afffffff]
[    0.000000] BIOS-e820: [mem 0x00000000b0000000-0x00000000bfffffff]  device reserved
[    0.000000] BIOS-e820: [gap 0x00000000c0000000-0x00000000fed1bfff]
[    0.000000] BIOS-e820: [mem 0x00000000fed1c000-0x00000000fed1ffff]  device reserved
[    0.000000] BIOS-e820: [gap 0x00000000fed20000-0x00000000feffbfff]
[    0.000000] BIOS-e820: [mem 0x00000000feffc000-0x00000000feffffff]  device reserved
[    0.000000] BIOS-e820: [gap 0x00000000ff000000-0x00000000fffbffff]
[    0.000000] BIOS-e820: [mem 0x00000000fffc0000-0x00000000ffffffff]  device reserved
[    0.000000] BIOS-e820: [mem 0x0000000100000000-0x000000047fffffff]  System RAM
[    0.000000] BIOS-e820: [gap 0x0000000480000000-0x000000fcffffffff]
[    0.000000] BIOS-e820: [mem 0x000000fd00000000-0x000000ffffffffff]  device reserved
[    0.000000] NX (Execute Disable) protection: active
[    0.000000] APIC: Static calls initialized
[    0.000000] SMBIOS 2.8 present.
[    0.000000] DMI: QEMU Standard PC (Q35 + ICH9, 2009), BIOS 1.17.0-debian-1.17.0-1ubuntu1 04/01/2014
[    0.000000] DMI: Memory slots populated: 1/1
[    0.000000] Hypervisor detected: KVM
[    0.000000] last_pfn = 0x7ffe0 max_arch_pfn = 0x10000000000
[    0.000000] kvm-clock: Using msrs 4b564d01 and 4b564d00
[    0.000001] kvm-clock: using sched offset of 240731088 cycles
[    0.000003] clocksource: kvm-clock: mask: 0xffffffffffffffff max_cycles: 0x1cd42e4dffb, max_idle_ns: 881590591483 ns
[    0.000006] tsc: Detected 2396.388 MHz processor
[    0.000396] last_pfn = 0x480000 max_arch_pfn = 0x10000000000
[    0.000442] MTRR map: 4 entries (3 fixed + 1 variable; max 19), built from 8 variable MTRRs
[    0.000445] x86/PAT: Configuration [0-7]: WB  WC  UC- UC  WB  WP  UC- WT  
[    0.000508] last_pfn = 0x7ffe0 max_arch_pfn = 0x10000000000
[    0.003293] found SMP MP-table at [mem 0x000f5460-0x000f546f]
[    0.003313] Using GB pages for direct mapping
[    0.003468] RAMDISK: [mem 0x737ae000-0x7ffdffff]
[    0.003547] ACPI: Early table checksum verification disabled
[    0.003551] ACPI: RSDP 0x00000000000F5270 000014 (v00 BOCHS )
[    0.003555] ACPI: RSDT 0x000000007FFE3A02 000038 (v01 BOCHS  BXPC     00000001 BXPC 00000001)
[    0.003561] ACPI: FACP 0x000000007FFE3602 0000F4 (v03 BOCHS  BXPC     00000001 BXPC 00000001)
[    0.003565] ACPI: DSDT 0x000000007FFE0040 0035C2 (v01 BOCHS  BXPC     00000001 BXPC 00000001)
[    0.003568] ACPI: FACS 0x000000007FFE0000 000040
[    0.003570] ACPI: APIC 0x000000007FFE36F6 000270 (v03 BOCHS  BXPC     00000001 BXPC 00000001)
[    0.003573] ACPI: HPET 0x000000007FFE3966 000038 (v01 BOCHS  BXPC     00000001 BXPC 00000001)
[    0.003575] ACPI: MCFG 0x000000007FFE399E 00003C (v01 BOCHS  BXPC     00000001 BXPC 00000001)
[    0.003577] ACPI: WAET 0x000000007FFE39DA 000028 (v01 BOCHS  BXPC     00000001 BXPC 00000001)
[    0.003579] ACPI: Reserving FACP table memory at [mem 0x7ffe3602-0x7ffe36f5]
[    0.003580] ACPI: Reserving DSDT table memory at [mem 0x7ffe0040-0x7ffe3601]
[    0.003581] ACPI: Reserving FACS table memory at [mem 0x7ffe0000-0x7ffe003f]
[    0.003582] ACPI: Reserving APIC table memory at [mem 0x7ffe36f6-0x7ffe3965]
[    0.003583] ACPI: Reserving HPET table memory at [mem 0x7ffe3966-0x7ffe399d]
[    0.003583] ACPI: Reserving MCFG table memory at [mem 0x7ffe399e-0x7ffe39d9]
[    0.003584] ACPI: Reserving WAET table memory at [mem 0x7ffe39da-0x7ffe3a01]
[    0.004155] No NUMA configuration found
[    0.004157] Faking a node at [mem 0x0000000000000000-0x000000047fffffff]
[    0.004169] NODE_DATA(0) allocated [mem 0x47ffd5280-0x47fffffff]
[    0.005046] ACPI: PM-Timer IO Port: 0x608
[    0.005068] ACPI: LAPIC_NMI (acpi_id[0xff] dfl dfl lint[0x1])
[    0.005100] IOAPIC[0]: apic_id 0, version 17, address 0xfec00000, GSI 0-23
[    0.005103] ACPI: INT_SRC_OVR (bus 0 bus_irq 0 global_irq 2 dfl dfl)
[    0.005105] ACPI: INT_SRC_OVR (bus 0 bus_irq 5 global_irq 5 high level)
[    0.005106] ACPI: INT_SRC_OVR (bus 0 bus_irq 9 global_irq 9 high level)
[    0.005107] ACPI: INT_SRC_OVR (bus 0 bus_irq 10 global_irq 10 high level)
[    0.005108] ACPI: INT_SRC_OVR (bus 0 bus_irq 11 global_irq 11 high level)
[    0.005111] ACPI: Using ACPI (MADT) for SMP configuration information
[    0.005112] ACPI: HPET id: 0x8086a201 base: 0xfed00000
[    0.005115] TSC deadline timer available
[    0.005118] CPU topo: Max. logical packages:   1
[    0.005119] CPU topo: Max. logical nodes:      1
[    0.005120] CPU topo: Num. nodes per package:  1
[    0.005122] CPU topo: Max. logical dies:       1
[    0.005123] CPU topo: Max. dies per package:   1
[    0.005127] CPU topo: Max. threads per core:   1
[    0.005127] CPU topo: Num. cores per package:    64
[    0.005128] CPU topo: Num. threads per package:  64
[    0.005129] CPU topo: Allowing 4 present CPUs plus 60 hotplug CPUs
[    0.005147] kvm-guest: APIC: eoi() replaced with kvm_guest_apic_eoi_write()
[    0.005160] kvm-guest: KVM setup pv remote TLB flush
[    0.005164] kvm-guest: setup PV sched yield
[    0.005172] PM: hibernation: Registered nosave memory: [mem 0x00000000-0x00000fff]
[    0.005174] PM: hibernation: Registered nosave memory: [mem 0x0009f000-0x000fffff]
[    0.005175] PM: hibernation: Registered nosave memory: [mem 0x7ffe0000-0xffffffff]
[    0.005177] [gap 0xc0000000-0xfed1bfff] available for PCI devices
[    0.005178] Booting paravirtualized kernel on KVM
[    0.005180] clocksource: refined-jiffies: mask: 0xffffffff max_cycles: 0xffffffff, max_idle_ns: 1910969940391419 ns
[    0.005237] Zone ranges:
[    0.005238]   DMA      [mem 0x0000000000001000-0x0000000000ffffff]
[    0.005240]   DMA32    [mem 0x0000000001000000-0x00000000ffffffff]
[    0.005242]   Normal   [mem 0x0000000100000000-0x000000047fffffff]
[    0.005243]   Device   empty
[    0.005244] Movable zone start for each node
[    0.005246] Early memory node ranges
[    0.005247]   node   0: [mem 0x0000000000001000-0x000000000009efff]
[    0.005248]   node   0: [mem 0x0000000000100000-0x000000007ffdffff]
[    0.005249]   node   0: [mem 0x0000000100000000-0x000000047fffffff]
[    0.005252] Initmem setup node 0 [mem 0x0000000000001000-0x000000047fffffff]
[    0.005348] On node 0, zone DMA: 1 pages in unavailable ranges
[    0.005362] On node 0, zone DMA: 97 pages in unavailable ranges
[    0.029136] On node 0, zone Normal: 32 pages in unavailable ranges
[    0.029156] setup_percpu: NR_CPUS:8192 nr_cpumask_bits:64 nr_cpu_ids:64 nr_node_ids:1
[    0.031944] percpu: Embedded 85 pages/cpu s225280 r8192 d114688 u524288
[    0.032039] kvm-guest: PV spinlocks enabled
[    0.032041] PV qspinlock hash table entries: 256 (order: 0, 4096 bytes, linear)
[    0.032045] Kernel command line: console=ttyS0 rdinit=/init panic=-1
[    0.032085] random: crng init done
[    0.032086] printk: log_buf_len individual max cpu contribution: 4096 bytes
[    0.032087] printk: log_buf_len total cpu_extra contributions: 258048 bytes
[    0.032088] printk: log_buf_len min size: 262144 bytes
[    0.032452] printk: log buffer data + meta data: 524288 + 2228224 = 2752512 bytes
[    0.032454] printk: early log buf free: 253976(96%)
[    0.033505] Dentry cache hash table entries: 2097152 (order: 12, 16777216 bytes, linear)
[    0.034045] Inode-cache hash table entries: 1048576 (order: 11, 8388608 bytes, linear)
[    0.034557] software IO TLB: area num 64.
[    0.040951] Fallback order for Node 0: 0 
[    0.040963] Built 1 zonelists, mobility grouping on.  Total pages: 4194174
[    0.040964] Policy zone: Normal
[    0.040976] mem auto-init: stack:all(zero), heap alloc:on, heap free:off
[    0.068079] SLUB: HWalign=64, Order=0-3, MinObjects=0, CPUs=64, Nodes=1
[    0.082004] ftrace: allocating 63941 entries in 252 pages
[    0.082006] ftrace: allocated 252 pages with 6 groups
[    0.082823] Dynamic Preempt: lazy
[    0.083196] rcu: Preemptible hierarchical RCU implementation.
[    0.083198] rcu: 	RCU restricting CPUs from NR_CPUS=8192 to nr_cpu_ids=64.
[    0.083200] 	Trampoline variant of Tasks RCU enabled.
[    0.083201] 	Rude variant of Tasks RCU enabled.
[    0.083201] 	Tracing variant of Tasks RCU enabled.
[    0.083202] rcu: RCU calculated value of scheduler-enlistment delay is 100 jiffies.
[    0.083203] rcu: Adjusting geometry for rcu_fanout_leaf=16, nr_cpu_ids=64
[    0.083232] RCU Tasks: Setting shift to 6 and lim to 1 rcu_task_cb_adjust=1 rcu_task_cpu_ids=64.
[    0.083236] RCU Tasks Rude: Setting shift to 6 and lim to 1 rcu_task_cb_adjust=1 rcu_task_cpu_ids=64.
[    0.088317] NR_IRQS: 524544, nr_irqs: 936, preallocated irqs: 16
[    0.088587] rcu: srcu_init: Setting srcu_struct sizes based on contention.
[    0.088865] Console: colour *CGA 80x25
[    0.088937] printk: legacy console [ttyS0] enabled
[    0.311246] ACPI: Core revision 20251212
[    0.312563] clocksource: hpet: mask: 0xffffffff max_cycles: 0xffffffff, max_idle_ns: 19112604467 ns
[    0.315109] APIC: Switch to symmetric I/O mode setup
[    0.316684] x2apic enabled
[    0.317775] APIC: Switched APIC routing to: physical x2apic
[    0.319252] kvm-guest: APIC: send_IPI_mask() replaced with kvm_send_ipi_mask()
[    0.321162] kvm-guest: APIC: send_IPI_mask_allbutself() replaced with kvm_send_ipi_mask_allbutself()
[    0.323544] kvm-guest: setup PV IPIs
[    0.325828] ..TIMER: vector=0x30 apic1=0 pin1=2 apic2=-1 pin2=-1
[    0.327444] clocksource: tsc-early: mask: 0xffffffffffffffff max_cycles: 0x228ae3847f6, max_idle_ns: 440795295175 ns
[    0.330201] Calibrating delay loop (skipped) preset value.. 4792.77 BogoMIPS (lpj=2396388)
[    0.331348] x86/cpu: User Mode Instruction Prevention (UMIP) activated
[    0.332317] Last level iTLB entries: 4KB 512, 2MB 255, 4MB 127
[    0.333201] Last level dTLB entries: 4KB 512, 2MB 255, 4MB 127, 1GB 0
[    0.334209] mitigations: Enabled attack vectors: user_kernel, user_user, guest_host, guest_guest, SMT mitigations: auto
[    0.335200] Speculative Store Bypass: Mitigation: Speculative Store Bypass disabled via prctl
[    0.336199] Transient Scheduler Attacks: Vulnerable: No microcode
[    0.337199] Spectre V2 : Mitigation: Enhanced / Automatic IBRS
[    0.338199] Speculative Return Stack Overflow: Mitigation: Safe RET
[    0.339199] Spectre V1 : Mitigation: usercopy/swapgs barriers and __user pointer sanitization
[    0.340205] Spectre V2 : mitigation: Enabling conditional Indirect Branch Prediction Barrier
[    0.341200] active return thunk: srso_alias_return_thunk
[    0.342231] x86/fpu: Supporting XSAVE feature 0x001: 'x87 floating point registers'
[    0.343199] x86/fpu: Supporting XSAVE feature 0x002: 'SSE registers'
[    0.344199] x86/fpu: Supporting XSAVE feature 0x004: 'AVX registers'
[    0.345199] x86/fpu: Supporting XSAVE feature 0x020: 'AVX-512 opmask'
[    0.346199] x86/fpu: Supporting XSAVE feature 0x040: 'AVX-512 Hi256'
[    0.347199] x86/fpu: Supporting XSAVE feature 0x080: 'AVX-512 ZMM_Hi256'
[    0.348199] x86/fpu: Supporting XSAVE feature 0x200: 'Protection Keys User registers'
[    0.349200] x86/fpu: xstate_offset[2]:  576, xstate_sizes[2]:  256
[    0.350201] x86/fpu: xstate_offset[5]:  832, xstate_sizes[5]:   64
[    0.351199] x86/fpu: xstate_offset[6]:  896, xstate_sizes[6]:  512
[    0.352199] x86/fpu: xstate_offset[7]: 1408, xstate_sizes[7]: 1024
[    0.353199] x86/fpu: xstate_offset[9]: 2432, xstate_sizes[9]:    8
[    0.354199] x86/fpu: Enabled xstate features 0x2e7, context size is 2440 bytes, using 'compacted' format.
[    0.394904] Freeing SMP alternatives memory: 56K
[    0.395201] pid_max: default: 65536 minimum: 512
[    0.396605] landlock: Up and running.
[    0.397201] Yama: becoming mindful.
[    0.398381] AppArmor: AppArmor initialized
[    0.399199] AppArmor: AppArmor secmark mediation reserved: ready to be enabled
[    0.400392] Mount-cache hash table entries: 32768 (order: 6, 262144 bytes, linear)
[    0.401205] Mountpoint-cache hash table entries: 32768 (order: 6, 262144 bytes, linear)
[    0.403221] VFS: Finished mounting rootfs on nullfs
[    0.404951] smpboot: CPU0: AMD EPYC 8024P 8-Core Processor (family: 0x19, model: 0xa0, stepping: 0x2)
[    0.405536] Performance Events: Fam17h+ core perfctr, AMD PMU driver.
[    0.406213] ... version:                   2
[    0.407201] ... bit width:                 48
[    0.408201] ... generic counters:          6
[    0.409201] ... generic bitmap:            000000000000003f
[    0.410201] ... fixed-purpose counters:    0
[    0.411201] ... fixed-purpose bitmap:      0000000000000000
[    0.412202] ... value mask:                0000ffffffffffff
[    0.413201] ... max period:                00007fffffffffff
[    0.414201] ... global_ctrl mask:          000000000000003f
[    0.415465] signal: max sigframe size: 3376
[    0.416260] rcu: Hierarchical SRCU implementation.
[    0.417207] rcu: 	Max phase no-delay instances is 400.
[    0.418282] Timer migration: 2 hierarchy levels; 8 children per group; 2 crossnode level
[    0.427682] smp: Bringing up secondary CPUs ...
[    0.428487] smpboot: x86: Booting SMP configuration:
[    0.429214] .... node  #0, CPUs:        #1  #2  #3
[    0.432316] smp: Brought up 1 node, 4 CPUs
[    0.434201] smpboot: Total of 4 processors activated (19171.10 BogoMIPS)
[    0.435899] Memory: 13728188K/16776696K available (23799K kernel code, 4952K rwdata, 16764K rodata, 5292K init, 5856K bss, 3030188K reserved, 0K cma-reserved)
[    0.436732] devtmpfs: initialized
[    0.437303] x86/mm: Memory block size: 128MB
[    0.441325] clocksource: jiffies: mask: 0xffffffff max_cycles: 0xffffffff, max_idle_ns: 1911260446275000 ns
[    0.442220] posixtimers hash table entries: 32768 (order: 7, 524288 bytes, linear)
[    0.443360] futex hash table entries: 16384 (1048576 bytes on 1 NUMA nodes, total 1024 KiB, linear).
[    0.444720] PM: RTC time: 22:53:58, date: 2026-10-04
[    0.445864] NET: Registered PF_NETLINK/PF_ROUTE protocol family
[    0.446668] DMA: preallocated 2048 KiB GFP_KERNEL pool for atomic allocations
[    0.447273] DMA: preallocated 2048 KiB GFP_KERNEL|GFP_DMA pool for atomic allocations
[    0.448275] DMA: preallocated 2048 KiB GFP_KERNEL|GFP_DMA32 pool for atomic allocations
[    0.449217] audit: initializing netlink subsys (disabled)
[    0.450235] audit: type=2000 audit(1791154438.645:1): state=initialized audit_enabled=0 res=1
[    0.450435] thermal_sys: Registered thermal governor 'fair_share'
[    0.451203] thermal_sys: Registered thermal governor 'bang_bang'
[    0.452202] thermal_sys: Registered thermal governor 'step_wise'
[    0.453202] thermal_sys: Registered thermal governor 'user_space'
[    0.454202] thermal_sys: Registered thermal governor 'power_allocator'
[    0.455219] cpuidle: using governor ladder
[    0.457209] cpuidle: using governor menu
[    0.459375] acpiphp: ACPI Hot Plug PCI Controller Driver version: 0.5
[    0.460514] PCI: ECAM [mem 0xb0000000-0xbfffffff] (base 0xb0000000) for domain 0000 [bus 00-ff]
[    0.461206] PCI: ECAM [mem 0xb0000000-0xbfffffff] reserved as E820 entry
[    0.462216] PCI: Using configuration type 1 for base access
[    0.463295] kprobes: kprobe jump-optimization is enabled. All kprobes are optimized if possible.
[    0.464441] HugeTLB: registered 1.00 GiB page size, pre-allocated 0 pages
[    0.466210] HugeTLB: 16380 KiB vmemmap can be freed for a 1.00 GiB page
[    0.468203] HugeTLB: registered 2.00 MiB page size, pre-allocated 0 pages
[    0.470201] HugeTLB: 28 KiB vmemmap can be freed for a 2.00 MiB page
[    0.474960] ACPI: Added _OSI(Module Device)
[    0.475203] ACPI: Added _OSI(Processor Device)
[    0.476202] ACPI: Added _OSI(Processor Aggregator Device)
[    0.481877] ACPI: 1 ACPI AML tables successfully acquired and loaded
[    0.485219] ACPI: \_SB_: platform _OSC: OS support mask [006e7eff]
[    0.487912] ACPI: Interpreter enabled
[    0.489239] ACPI: PM: (supports S0 S3 S4 S5)
[    0.490202] ACPI: Using IOAPIC for interrupt routing
[    0.491684] PCI: Using host bridge windows from ACPI; if necessary, use "pci=nocrs" and report a bug
[    0.494202] PCI: Using E820 reservations for host bridge windows
[    0.495552] ACPI: Enabled 2 GPEs in block 00 to 3F
[    0.509811] ACPI: PCI Root Bridge [PCI0] (domain 0000 [bus 00-ff])
[    0.511208] acpi PNP0A08:00: _OSC: OS supports [ExtendedConfig ASPM ClockPM Segments MSI EDR HPX-Type3]
[    0.514312] acpi PNP0A08:00: _OSC: platform does not support [PCIeHotplug LTR DPC]
[    0.516386] acpi PNP0A08:00: _OSC: OS now controls [SHPCHotplug PME AER PCIeCapability]
[    0.518451] PCI host bridge to bus 0000:00
[    0.519208] pci_bus 0000:00: root bus resource [io  0x0000-0x0cf7 window]
[    0.521203] pci_bus 0000:00: root bus resource [io  0x0d00-0xffff window]
[    0.523204] pci_bus 0000:00: root bus resource [mem 0x000a0000-0x000bffff window]
[    0.525202] pci_bus 0000:00: root bus resource [mem 0x80000000-0xafffffff window]
[    0.527203] pci_bus 0000:00: root bus resource [mem 0xc0000000-0xfebfffff window]
[    0.529203] pci_bus 0000:00: root bus resource [mem 0x480000000-0xc7fffffff window]
[    0.531203] pci_bus 0000:00: root bus resource [bus 00-ff]
[    0.532291] pci 0000:00:00.0: [8086:29c0] type 00 class 0x060000 conventional PCI endpoint
[    0.544856] pci 0000:00:1f.0: [8086:2918] type 00 class 0x060100 conventional PCI endpoint
[    0.547942] pci 0000:00:1f.0: quirk: [io  0x0600-0x067f] claimed by ICH6 ACPI/GPIO/TCO
[    0.550713] pci 0000:00:1f.2: [8086:2922] type 00 class 0x010601 conventional PCI endpoint
[    0.553289] pci 0000:00:1f.2: BAR 4 [io  0xc040-0xc05f]
[    0.555219] pci 0000:00:1f.2: BAR 5 [mem 0xfebff000-0xfebfffff]
[    0.556930] pci 0000:00:1f.3: [8086:2930] type 00 class 0x0c0500 conventional PCI endpoint
[    0.560183] pci 0000:00:1f.3: BAR 4 [io  0x0700-0x073f]
[    0.564027] ACPI: PCI: Interrupt link LNKA configured for IRQ 10
[    0.565396] ACPI: PCI: Interrupt link LNKB configured for IRQ 10
[    0.567394] ACPI: PCI: Interrupt link LNKC configured for IRQ 11
[    0.568396] ACPI: PCI: Interrupt link LNKD configured for IRQ 11
[    0.570402] ACPI: PCI: Interrupt link LNKE configured for IRQ 10
[    0.572391] ACPI: PCI: Interrupt link LNKF configured for IRQ 10
[    0.574393] ACPI: PCI: Interrupt link LNKG configured for IRQ 11
[    0.576396] ACPI: PCI: Interrupt link LNKH configured for IRQ 11
[    0.577292] ACPI: PCI: Interrupt link GSIA configured for IRQ 16
[    0.579223] ACPI: PCI: Interrupt link GSIB configured for IRQ 17
[    0.581223] ACPI: PCI: Interrupt link GSIC configured for IRQ 18
[    0.582224] ACPI: PCI: Interrupt link GSID configured for IRQ 19
[    0.584223] ACPI: PCI: Interrupt link GSIE configured for IRQ 20
[    0.585233] ACPI: PCI: Interrupt link GSIF configured for IRQ 21
[    0.587222] ACPI: PCI: Interrupt link GSIG configured for IRQ 22
[    0.588224] ACPI: PCI: Interrupt link GSIH configured for IRQ 23
[    0.596264] iommu: Default domain type: Translated
[    0.597203] iommu: DMA domain TLB invalidation policy: lazy mode
[    0.599507] SCSI subsystem initialized
[    0.600273] ACPI: bus type USB registered
[    0.601234] usbcore: registered new interface driver usbfs
[    0.602216] usbcore: registered new interface driver hub
[    0.604226] usbcore: registered new device driver usb
[    0.605240] pps_core: LinuxPPS API ver. 1 registered
[    0.606201] pps_core: Software ver. 5.3.6 - Copyright 2005-2007 Rodolfo Giometti <giometti@linux.it>
[    0.609207] PTP clock support registered
[    0.610255] EDAC MC: Ver: 3.0.0
[    0.611685] NetLabel: Initializing
[    0.613203] NetLabel:  domain hash size = 128
[    0.614201] NetLabel:  protocols = UNLABELED CIPSOv4 CALIPSO
[    0.615229] NetLabel:  unlabeled traffic allowed by default
[    0.617239] mctp: management component transport protocol core
[    0.618203] NET: Registered PF_MCTP protocol family
[    0.620226] PCI: Using ACPI for IRQ routing
[    0.818383] e820: register RAM buffer resource [mem 0x0009fc00-0x0009ffff]
[    0.820202] e820: register RAM buffer resource [mem 0x7ffe0000-0x7fffffff]
[    0.822262] vgaarb: loaded
[    0.823237] hpet0: at MMIO 0xfed00000, IRQs 2, 8, 0
[    0.824201] hpet0: 3 comparators, 64-bit 100.000000 MHz counter
[    0.832200] clocksource: Switched to clocksource kvm-clock
[    0.834154] VFS: Disk quotas dquot_6.6.0
[    0.835242] VFS: Dquot-cache hash table entries: 512 (order 0, 4096 bytes)
[    0.837569] AppArmor: AppArmor Filesystem Enabled
[    0.838834] acpi PNP0C01:00: Reserved [mem 0xb0000000-0xbfffffff]
[    0.840458] pnp: PnP ACPI init
[    0.842057] pnp: PnP ACPI: found 4 devices
[    0.851711] clocksource: acpi_pm: mask: 0xffffff max_cycles: 0xffffff, max_idle_ns: 2085701024 ns
[    0.854150] NET: Registered PF_INET protocol family
[    0.855668] IP idents hash table entries: 262144 (order: 9, 2097152 bytes, linear)
[    0.878341] tcp_listen_portaddr_hash hash table entries: 8192 (order: 5, 131072 bytes, linear)
[    0.880591] Table-perturb hash table entries: 65536 (order: 6, 262144 bytes, linear)
[    0.882761] TCP established hash table entries: 131072 (order: 8, 1048576 bytes, linear)
[    0.885034] TCP bind hash table entries: 65536 (order: 9, 2097152 bytes, linear)
[    0.887061] TCP: Hash tables configured (established 131072 bind 65536)
[    0.889001] MPTCP token hash table entries: 16384 (order: 7, 393216 bytes, linear)
[    0.891030] UDP hash table entries: 8192 (order: 7, 524288 bytes, linear)
[    0.892864] UDP-Lite hash table entries: 8192 (order: 7, 524288 bytes, linear)
[    0.894911] NET: Registered PF_UNIX/PF_LOCAL protocol family
[    0.896418] NET: Registered PF_XDP protocol family
[    0.897692] pci_bus 0000:00: resource 4 [io  0x0000-0x0cf7 window]
[    0.899278] pci_bus 0000:00: resource 5 [io  0x0d00-0xffff window]
[    0.900905] pci_bus 0000:00: resource 6 [mem 0x000a0000-0x000bffff window]
[    0.902701] pci_bus 0000:00: resource 7 [mem 0x80000000-0xafffffff window]
[    0.904492] pci_bus 0000:00: resource 8 [mem 0xc0000000-0xfebfffff window]
[    0.906275] pci_bus 0000:00: resource 9 [mem 0x480000000-0xc7fffffff window]
[    0.908194] PCI: CLS 0 bytes, default 64
[    0.909336] PCI-DMA: Using software bounce buffering for IO (SWIOTLB)
[    0.909531] Trying to unpack rootfs image as initramfs...
[    0.911010] software IO TLB: mapped [mem 0x000000006f7ae000-0x00000000737ae000] (64MB)
[    0.911066] clocksource: tsc: mask: 0xffffffffffffffff max_cycles: 0x228ae3847f6, max_idle_ns: 440795295175 ns
[    0.920745] Initialise system trusted keyrings
[    0.921963] Key type blacklist registered
[    0.923278] workingset: timestamp_bits=36 max_order=22 bucket_order=0
[    0.925791] squashfs: version 4.0 (2009/01/31) Phillip Lougher
[    0.927694] fuse: init (API version 7.45)
[    0.929163] integrity: Platform Keyring initialized
[    0.930489] integrity: Machine keyring initialized
[    0.944617] Key type asymmetric registered
[    0.945751] Asymmetric key parser 'x509' registered
[    0.947110] Block layer SCSI generic (bsg) driver version 0.4 loaded (major 242)
[    0.949294] io scheduler mq-deadline registered
[    0.953703] ledtrig-cpu: registered to indicate activity on CPUs
[    0.955551] input: Power Button as /devices/platform/LNXPWRBN:00/input/input0
[    0.957548] ACPI: button: Power Button [PWRF]
[    0.960301] Serial: 8250/16550 driver, 32 ports, IRQ sharing enabled
[    0.987794] 00:02: ttyS0 at I/O 0x3f8 (irq = 4, base_baud = 115200) is a 16550A
[    0.993905] Linux agpgart interface v0.103
[    1.001172] loop: module loaded
[    1.002394] ACPI: bus type drm_connector registered
[    1.004017] tun: Universal TUN/TAP device driver, 1.6
[    1.005478] PPP generic driver version 2.4.2
[    1.006852] i8042: PNP: PS/2 Controller [PNP0303:KBD,PNP0f13:MOU] at 0x60,0x64 irq 1,12
[    1.010087] serio: i8042 KBD port at 0x60,0x64 irq 1
[    1.011436] serio: i8042 AUX port at 0x60,0x64 irq 12
[    1.012990] mousedev: PS/2 mouse device common for all mice
[    1.015081] input: AT Translated Set 2 keyboard as /devices/platform/i8042/serio0/input/input1
[    1.017416] rtc_cmos 00:03: RTC can wake from S4
[    1.019733] rtc_cmos 00:03: registered as rtc0
[    1.021050] rtc_cmos 00:03: setting system clock to 2026-10-04T22:53:59 UTC (1791154439)
[    1.023285] rtc_cmos 00:03: alarms up to one day, y3k, 242 bytes nvram, hpet irqs
[    1.025250] i2c_dev: i2c /dev entries driver
[    1.026430] device-mapper: core: CONFIG_IMA_DISABLE_HTABLE is disabled. Duplicate IMA measurements will not be recorded in the IMA log.
[    1.029648] device-mapper: uevent: version 1.0.3
[    1.031012] device-mapper: ioctl: 4.50.0-ioctl (2025-04-28) initialised: dm-devel@lists.linux.dev
[    1.033368] amd_pstate: The CPPC feature is supported but currently disabled by the BIOS.
[    1.033368] Please enable it if your BIOS has the CPPC option.
[    1.037053] amd_pstate: the _CPC object is not present in SBIOS or ACPI disabled
[    1.039082] drop_monitor: Initializing network drop monitor service
[    1.040927] NET: Registered PF_INET6 protocol family
[    1.042971] Segment Routing with IPv6
[    1.043975] In-situ OAM (IOAM) with IPv6
[    1.045058] NET: Registered PF_PACKET protocol family
[    1.046559] Key type dns_resolver registered
[    1.049252] IPI shorthand broadcast: enabled
[    1.050562] Freeing initrd memory: 205000K
[    1.053792] sched_clock: Marking stable (820003255, 233598405)->(1121376073, -67774413)
[    1.056901] registered taskstats version 1
[    1.058934] Loading compiled-in X.509 certificates
[    1.060851] Loaded X.509 cert 'Build time autogenerated kernel key: 454b3e9802e3c39a997a1e8863aaf8b3df15fbc0'
[    1.064022] Loaded X.509 cert 'Canonical Ltd. Live Patch Signing 2025 Kmod: d541cef61dc7e793b7eb7e899970a2eef0b5dc8c'
[    1.067248] Loaded X.509 cert 'Canonical Ltd. Live Patch Signing: 14df34d1a87cf37625abec039ef2bf521249b969'
[    1.070290] Loaded X.509 cert 'Canonical Ltd. Kernel Module Signing 2025 Kmod: 4627603d2357a2a3f81006370894c221175893e9'
[    1.073585] Loaded X.509 cert 'Canonical Ltd. Kernel Module Signing: 88f752e560a1e0737e31163a466ad7b70a850c19'
[    1.076210] blacklist: Loading compiled-in revocation X.509 certificates
[    1.077991] Loaded X.509 cert 'Canonical Ltd. Secure Boot Signing: 61482aa2830d0ab2ad5af10b7250da9033ddcef0'
[    1.080573] Loaded X.509 cert 'Canonical Ltd. Secure Boot Signing (2017): 242ade75ac4a15e50d50c84b0d45ff3eae707a03'
[    1.083304] Loaded X.509 cert 'Canonical Ltd. Secure Boot Signing (ESM 2018): 365188c1d374d6b07c3c8f240f8ef722433d6a8b'
[    1.086116] Loaded X.509 cert 'Canonical Ltd. Secure Boot Signing (2019): c0746fd6c5da3ae827864651ad66ae47fe24b3e8'
[    1.088859] Loaded X.509 cert 'Canonical Ltd. Secure Boot Signing (2021 v1): a8d54bbb3825cfb94fa13c9f8a594a195c107b8d'
[    1.091658] Loaded X.509 cert 'Canonical Ltd. Secure Boot Signing (2021 v2): 4cf046892d6fd3c9a5b03f98d845f90851dc6a8c'
[    1.094451] Loaded X.509 cert 'Canonical Ltd. Secure Boot Signing (2021 v3): 100437bb6de6e469b581e61cd66bce3ef4ed53af'
[    1.097245] Loaded X.509 cert 'Canonical Ltd. Secure Boot Signing (Ubuntu Core 2019): c1d57b8f6b743f23ee41f4f7ee292f06eecadfb9'
[    1.109015] Demotion targets for Node 0: null
[    1.110448] Key type .fscrypt registered
[    1.111512] Key type fscrypt-provisioning registered
[    1.112963] Key type big_key registered
[    1.115291] Key type encrypted registered
[    1.116403] AppArmor: AppArmor sha256 policy hashing enabled
[    1.117921] ima: No TPM chip found, activating TPM-bypass!
[    1.119399] Loading compiled-in module X.509 certificates
[    1.121311] Loaded X.509 cert 'Build time autogenerated kernel key: 454b3e9802e3c39a997a1e8863aaf8b3df15fbc0'
[    1.123932] ima: Allocated hash algorithm: sha256
[    1.125207] ima: No architecture policies found
[    1.126464] evm: Initialising EVM extended attributes:
[    1.127844] evm: security.selinux
[    1.128753] evm: security.SMACK64
[    1.129664] evm: security.SMACK64EXEC
[    1.130666] evm: security.SMACK64TRANSMUTE
[    1.131774] evm: security.SMACK64MMAP
[    1.132770] evm: security.apparmor
[    1.133703] evm: security.ima
[    1.134504] evm: security.capability
[    1.135475] evm: HMAC attrs: 0x1
[    1.136718] PM:   Magic number: 14:0:906
[    1.138145] RAS: Correctable Errors collector initialized.
[    1.139980] clk: Disabling unused clocks
[    1.141046] PM: genpd: Disabling unused power domains
[    1.144328] Freeing unused decrypted memory: 2028K
[    1.146124] Freeing unused kernel image (initmem) memory: 5292K
[    1.147406] Write protecting the kernel read-only data: 43008k
[    1.149324] Freeing unused kernel image (text/rodata gap) memory: 776K
[    1.151114] Freeing unused kernel image (rodata/data gap) memory: 1668K
[    1.218822] x86/mm: Checked W+X mappings: passed, no W+X pages found.
[    1.220142] Run /init as init process
Linux (none) 7.0.0-29-generic #29-Ubuntu SMP PREEMPT_DYNAMIC Fri Jul 17 20:52:35 UTC 2026 x86_64 GNU/Linux
65536
107398
0-3
0-63
[    1.237039] NET: Registered PF_VSOCK protocol family
BENCH_PRE_VARIANT_MEMINFO
MemTotal:       16347192 kB
MemFree:        16035708 kB
MemAvailable:   15865412 kB
Buffers:               0 kB
Cached:           205016 kB
SwapCached:            0 kB
Active:           205212 kB
Inactive:              0 kB
Active(anon):     205212 kB
Inactive(anon):        0 kB
Active(file):          0 kB
Inactive(file):        0 kB
Unevictable:           0 kB
Mlocked:               0 kB
SwapTotal:             0 kB
SwapFree:              0 kB
Zswap:                 0 kB
Zswapped:              0 kB
Dirty:                 0 kB
Writeback:             0 kB
AnonPages:           196 kB
Mapped:             1764 kB
Shmem:            205016 kB
KReclaimable:       4468 kB
Slab:              36404 kB
SReclaimable:       4468 kB
SUnreclaim:        31936 kB
KernelStack:        2232 kB
PageTables:          444 kB
SecPageTables:         0 kB
NFS_Unstable:          0 kB
Bounce:                0 kB
WritebackTmp:          0 kB
CommitLimit:     8173596 kB
Committed_AS:     205780 kB
VmallocTotal:   13743895347199 kB
VmallocUsed:        6688 kB
VmallocChunk:          0 kB
Percpu:            21760 kB
HardwareCorrupted:     0 kB
AnonHugePages:         0 kB
ShmemHugePages:        0 kB
ShmemPmdMapped:        0 kB
FileHugePages:         0 kB
FilePmdMapped:         0 kB
CmaTotal:              0 kB
CmaFree:         2377728 kB
Unaccepted:            0 kB
Balloon:               0 kB
HugePages_Total:       0
HugePages_Free:        0
HugePages_Rsvd:        0
HugePages_Surp:        0
Hugepagesize:       2048 kB
Hugetlb:               0 kB
DirectMap4k:       36736 kB
DirectMap2M:     4157440 kB
DirectMap1G:    14680064 kB
BENCH_PRE_VARIANT_SLABINFO
slabinfo - version: 2.1
# name            <active_objs> <num_objs> <objsize> <objperslab> <pagesperslab> : tunables <limit> <batchcount> <sharedfactor> : slabdata <active_slabs> <num_slabs> <sharedavail>
AF_VSOCK               0      0   1280   25    8 : tunables    0    0    0 : slabdata      0      0      0
fsverity_info          0      0    272   30    2 : tunables    0    0    0 : slabdata      0      0      0
fscrypt_inode_info      0      0    128   32    1 : tunables    0    0    0 : slabdata      0      0      0
MPTCPv6                0      0   2176   15    8 : tunables    0    0    0 : slabdata      0      0      0
request_sock_subflow_v6      0      0    400   20    2 : tunables    0    0    0 : slabdata      0      0      0
ip6-frags              0      0    184   22    1 : tunables    0    0    0 : slabdata      0      0      0
ip6_dst_cache          0      0    256   16    1 : tunables    0    0    0 : slabdata      0      0      0
PINGv6                 0      0   1408   23    8 : tunables    0    0    0 : slabdata      0      0      0
RAWv6                132    138   1408   23    8 : tunables    0    0    0 : slabdata      6      6      0
UDPv6                  0      0   1472   22    8 : tunables    0    0    0 : slabdata      0      0      0
tw_sock_TCPv6          0      0    280   29    2 : tunables    0    0    0 : slabdata      0      0      0
request_sock_TCPv6      0      0    328   24    2 : tunables    0    0    0 : slabdata      0      0      0
TCPv6                  0      0   2560   12    8 : tunables    0    0    0 : slabdata      0      0      0
kcopyd_job             0      0   3240   10    8 : tunables    0    0    0 : slabdata      0      0      0
dm_uevent              0      0   2888   11    8 : tunables    0    0    0 : slabdata      0      0      0
bio-136               60     63    192   21    1 : tunables    0    0    0 : slabdata      3      3      0
io_kiocb               0      0    256   16    1 : tunables    0    0    0 : slabdata      0      0      0
bio-264               28     50    320   25    2 : tunables    0    0    0 : slabdata      2      2      0
mqueue_inode_cache     28     34    960   17    4 : tunables    0    0    0 : slabdata      2      2      0
fuse_request           0      0    176   23    1 : tunables    0    0    0 : slabdata      0      0      0
fuse_inode             0      0    896   18    4 : tunables    0    0    0 : slabdata      0      0      0
ecryptfs_inode_cache      0      0   1024   16    4 : tunables    0    0    0 : slabdata      0      0      0
ecryptfs_file_cache      0      0     16  256    1 : tunables    0    0    0 : slabdata      0      0      0
fat_inode_cache        0      0    768   21    4 : tunables    0    0    0 : slabdata      0      0      0
fat_cache              0      0     40  102    1 : tunables    0    0    0 : slabdata      0      0      0
squashfs_inode_cache      0      0    704   23    4 : tunables    0    0    0 : slabdata      0      0      0
jbd2_transaction_s      0      0    192   21    1 : tunables    0    0    0 : slabdata      0      0      0
jbd2_journal_head      0      0    120   34    1 : tunables    0    0    0 : slabdata      0      0      0
jbd2_revoke_table_s      0      0     16  256    1 : tunables    0    0    0 : slabdata      0      0      0
ext4_inode_cache       0      0   1128   29    8 : tunables    0    0    0 : slabdata      0      0      0
ext4_allocation_context      0      0    168   24    1 : tunables    0    0    0 : slabdata      0      0      0
ext4_prealloc_space      0      0    112   36    1 : tunables    0    0    0 : slabdata      0      0      0
ext4_io_end_vec        0      0     32  128    1 : tunables    0    0    0 : slabdata      0      0      0
ext4_io_end            0      0     64   64    1 : tunables    0    0    0 : slabdata      0      0      0
pending_reservation      0      0     32  128    1 : tunables    0    0    0 : slabdata      0      0      0
extent_status          0      0     40  102    1 : tunables    0    0    0 : slabdata      0      0      0
mb_cache_entry       180    219     56   73    1 : tunables    0    0    0 : slabdata      3      3      0
kioctx                 0      0    576   28    4 : tunables    0    0    0 : slabdata      0      0      0
userfaultfd_ctx_cache      0      0    192   21    1 : tunables    0    0    0 : slabdata      0      0      0
fanotify_perm_event      0      0    112   36    1 : tunables    0    0    0 : slabdata      0      0      0
dnotify_struct         0      0     32  128    1 : tunables    0    0    0 : slabdata      0      0      0
dio                    0      0    640   25    4 : tunables    0    0    0 : slabdata      0      0      0
zs_handle              0      0      8  512    1 : tunables    0    0    0 : slabdata      0      0      0
pid_namespace          0      0    576   28    4 : tunables    0    0    0 : slabdata      0      0      0
ip4-frags              0      0    200   20    1 : tunables    0    0    0 : slabdata      0      0      0
MPTCP                  0      0   2048   16    8 : tunables    0    0    0 : slabdata      0      0      0
request_sock_subflow_v4      0      0    400   20    2 : tunables    0    0    0 : slabdata      0      0      0
xfrm_dst               0      0    320   25    2 : tunables    0    0    0 : slabdata      0      0      0
xfrm_state             0      0    832   19    4 : tunables    0    0    0 : slabdata      0      0      0
ip_fib_trie           60     85     48   85    1 : tunables    0    0    0 : slabdata      1      1      0
ip_fib_alias          60     73     56   73    1 : tunables    0    0    0 : slabdata      1      1      0
PING                   0      0   1088   30    8 : tunables    0    0    0 : slabdata      0      0      0
RAW                  192    208   1216   26    8 : tunables    0    0    0 : slabdata      8      8      0
UDP                   24     24   1344   24    8 : tunables    0    0    0 : slabdata      1      1      0
tw_sock_TCP            0      0    280   29    2 : tunables    0    0    0 : slabdata      0      0      0
request_sock_TCP       0      0    328   24    2 : tunables    0    0    0 : slabdata      0      0      0
TCP                    0      0   2432   13    8 : tunables    0    0    0 : slabdata      0      0      0
hugetlbfs_inode_cache     28     52    624   26    4 : tunables    0    0    0 : slabdata      2      2      0
dquot                  0      0    256   16    1 : tunables    0    0    0 : slabdata      0      0      0
bio-280               56     75    320   25    2 : tunables    0    0    0 : slabdata      3      3      0
ep_head                0      0     16  256    1 : tunables    0    0    0 : slabdata      0      0      0
eventpoll_epi         60     64    128   32    1 : tunables    0    0    0 : slabdata      2      2      0
dax_cache             28     42    768   21    4 : tunables    0    0    0 : slabdata      2      2      0
bio_integrity_data     60     64    128   32    1 : tunables    0    0    0 : slabdata      2      2      0
request_queue         28     32    992   16    4 : tunables    0    0    0 : slabdata      2      2      0
bio-200               28     32    256   16    1 : tunables    0    0    0 : slabdata      2      2      0
biovec-max            44     48   4096    8    8 : tunables    0    0    0 : slabdata      6      6      0
biovec-128            12     16   2048   16    8 : tunables    0    0    0 : slabdata      1      1      0
msg_msg-8k             0      0   8192    4    8 : tunables    0    0    0 : slabdata      0      0      0
msg_msg-4k             0      0   4096    8    8 : tunables    0    0    0 : slabdata      0      0      0
msg_msg-2k             0      0   2048   16    8 : tunables    0    0    0 : slabdata      0      0      0
msg_msg-1k             0      0   1024   16    4 : tunables    0    0    0 : slabdata      0      0      0
msg_msg-512            0      0    512   16    2 : tunables    0    0    0 : slabdata      0      0      0
msg_msg-256            0      0    256   16    1 : tunables    0    0    0 : slabdata      0      0      0
msg_msg-128            0      0    128   32    1 : tunables    0    0    0 : slabdata      0      0      0
msg_msg-64             0      0     64   64    1 : tunables    0    0    0 : slabdata      0      0      0
msg_msg-32             0      0     32  128    1 : tunables    0    0    0 : slabdata      0      0      0
msg_msg-16             0      0     16  256    1 : tunables    0    0    0 : slabdata      0      0      0
msg_msg-8              0      0      8  512    1 : tunables    0    0    0 : slabdata      0      0      0
msg_msg-192            0      0    192   21    1 : tunables    0    0    0 : slabdata      0      0      0
msg_msg-96             0      0     96   42    1 : tunables    0    0    0 : slabdata      0      0      0
memdup_user-8k         0      0   8192    4    8 : tunables    0    0    0 : slabdata      0      0      0
memdup_user-4k         0      0   4096    8    8 : tunables    0    0    0 : slabdata      0      0      0
memdup_user-2k         0      0   2048   16    8 : tunables    0    0    0 : slabdata      0      0      0
memdup_user-1k         0      0   1024   16    4 : tunables    0    0    0 : slabdata      0      0      0
memdup_user-512        0      0    512   16    2 : tunables    0    0    0 : slabdata      0      0      0
memdup_user-256        0      0    256   16    1 : tunables    0    0    0 : slabdata      0      0      0
memdup_user-128        0      0    128   32    1 : tunables    0    0    0 : slabdata      0      0      0
memdup_user-64         0      0     64   64    1 : tunables    0    0    0 : slabdata      0      0      0
memdup_user-32         0      0     32  128    1 : tunables    0    0    0 : slabdata      0      0      0
memdup_user-16        60    256     16  256    1 : tunables    0    0    0 : slabdata      1      1      0
memdup_user-8        120    512      8  512    1 : tunables    0    0    0 : slabdata      1      1      0
memdup_user-192        0      0    192   21    1 : tunables    0    0    0 : slabdata      0      0      0
memdup_user-96         0      0     96   42    1 : tunables    0    0    0 : slabdata      0      0      0
user_namespace         0      0    896   18    4 : tunables    0    0    0 : slabdata      0      0      0
iommu_iova_magazine     12     16   1024   16    4 : tunables    0    0    0 : slabdata      1      1      0
dmaengine-unmap-256     12     15   2112   15    8 : tunables    0    0    0 : slabdata      1      1      0
dmaengine-unmap-128     12     30   1088   30    8 : tunables    0    0    0 : slabdata      1      1      0
dmaengine-unmap-2     60     64     64   64    1 : tunables    0    0    0 : slabdata      1      1      0
sock_inode_cache     392    399    832   19    4 : tunables    0    0    0 : slabdata     21     21      0
skbuff_small_head     84     92    704   23    4 : tunables    0    0    0 : slabdata      4      4      0
skbuff_head_cache     87     96    256   16    1 : tunables    0    0    0 : slabdata      6      6      0
tracefs_inode_cache    896    900    648   25    4 : tunables    0    0    0 : slabdata     36     36      0
debugfs_inode_cache   2912   2925    632   25    4 : tunables    0    0    0 : slabdata    117    117      0
configfs_dir_cache     60     92     88   46    1 : tunables    0    0    0 : slabdata      2      2      0
file_lease_cache       0      0    160   25    1 : tunables    0    0    0 : slabdata      0      0      0
file_lock_cache      180    189    192   21    1 : tunables    0    0    0 : slabdata      9      9      0
fsnotify_mark_connector      0      0     24  170    1 : tunables    0    0    0 : slabdata      0      0      0
buffer_head            0      0    104   39    1 : tunables    0    0    0 : slabdata      0      0      0
task_delay_info        0      0    368   22    2 : tunables    0    0    0 : slabdata      0      0      0
taskstats              0      0    688   23    4 : tunables    0    0    0 : slabdata      0      0      0
mem_cgroup_per_node     12     17   1920   17    8 : tunables    0    0    0 : slabdata      1      1      0
mem_cgroup            12     18   1728   18    8 : tunables    0    0    0 : slabdata      1      1      0
pidfs_xattr_cache      0      0     16  256    1 : tunables    0    0    0 : slabdata      0      0      0
pidfs_attr_cache       0      0     64   64    1 : tunables    0    0    0 : slabdata      0      0      0
proc_dir_entry       360    378    192   21    1 : tunables    0    0    0 : slabdata     18     18      0
pde_opener             0      0     40  102    1 : tunables    0    0    0 : slabdata      0      0      0
proc_inode_cache      56     69    688   23    4 : tunables    0    0    0 : slabdata      3      3      0
seq_file              60     68    120   34    1 : tunables    0    0    0 : slabdata      2      2      0
sigqueue             120    153     80   51    1 : tunables    0    0    0 : slabdata      3      3      0
bdev_cache            24     38   1664   19    8 : tunables    0    0    0 : slabdata      2      2      0
shmem_inode_cache    280    294    768   21    4 : tunables    0    0    0 : slabdata     14     14      0
kernfs_node_cache  29040  29040    136   30    1 : tunables    0    0    0 : slabdata    968    968      0
mnt_cache            112    126    384   21    2 : tunables    0    0    0 : slabdata      6      6      0
bfilp                  0      0    256   16    1 : tunables    0    0    0 : slabdata      0      0      0
filp                 240    252    192   21    1 : tunables    0    0    0 : slabdata     12     12      0
inode_cache          224    234    616   26    4 : tunables    0    0    0 : slabdata      9      9      0
dentry              4320   4326    192   21    1 : tunables    0    0    0 : slabdata    206    206      0
names_cache          240    252    192   21    1 : tunables    0    0    0 : slabdata     12     12      0
net_namespace          0      0   6336    5    8 : tunables    0    0    0 : slabdata      0      0      0
ima_iint_cache         0      0    104   39    1 : tunables    0    0    0 : slabdata      0      0      0
apparmor_auditcache      0      0    344   23    2 : tunables    0    0    0 : slabdata      0      0      0
lsm_file_cache       360    408     40  102    1 : tunables    0    0    0 : slabdata      4      4      0
key_jar               56     64    256   16    1 : tunables    0    0    0 : slabdata      4      4      0
uts_namespace          0      0    704   23    4 : tunables    0    0    0 : slabdata      0      0      0
nsproxy               60    112     72   56    1 : tunables    0    0    0 : slabdata      2      2      0
vm_area_struct       300    315    192   21    1 : tunables    0    0    0 : slabdata     15     15      0
files_cache          140    161    704   23    4 : tunables    0    0    0 : slabdata      7      7      0
signal_cache         192    196   1152   28    8 : tunables    0    0    0 : slabdata      7      7      0
sighand_cache        168    180   2112   15    8 : tunables    0    0    0 : slabdata     12     12      0
task_struct          164    164  12544    2    8 : tunables    0    0    0 : slabdata     82     82      0
anon_vma_chain       360    384     64   64    1 : tunables    0    0    0 : slabdata      6      6      0
anon_vma             240    273    104   39    1 : tunables    0    0    0 : slabdata      7      7      0
pid                  420    420    192   21    1 : tunables    0    0    0 : slabdata     20     20      0
Acpi-ParseExt         60     78    104   39    1 : tunables    0    0    0 : slabdata      2      2      0
Acpi-State            60    102     80   51    1 : tunables    0    0    0 : slabdata      2      2      0
shared_policy_node    660    680     48   85    1 : tunables    0    0    0 : slabdata      8      8      0
numa_policy           84     84    288   28    2 : tunables    0    0    0 : slabdata      3      3      0
perf_event            12     24   1352   24    8 : tunables    0    0    0 : slabdata      1      1      0
trace_event_file    6420   6426     96   42    1 : tunables    0    0    0 : slabdata    153    153      0
ftrace_event_field   5040   5110     56   73    1 : tunables    0    0    0 : slabdata     70     70      0
pool_workqueue      3892   3904    512   16    2 : tunables    0    0    0 : slabdata    244    244      0
radix_tree_node     1484   1484    584   28    4 : tunables    0    0    0 : slabdata     53     53      0
task_group             0      0    704   23    4 : tunables    0    0    0 : slabdata      0      0      0
maple_node           254    256    256   16    1 : tunables    0    0    0 : slabdata     16     16      0
mm_struct             48     54   1792   18    8 : tunables    0    0    0 : slabdata      3      3      0
vmap_area           2512   2520     72   56    1 : tunables    0    0    0 : slabdata     45     45      0
kmalloc_buckets      120    144    112   36    1 : tunables    0    0    0 : slabdata      4      4      0
kmalloc-cg-8k          4      4   8192    4    8 : tunables    0    0    0 : slabdata      1      1      0
kmalloc-cg-4k         80     80   4096    8    8 : tunables    0    0    0 : slabdata     10     10      0
kmalloc-cg-2k        168    176   2048   16    8 : tunables    0    0    0 : slabdata     11     11      0
kmalloc-cg-1k         96     96   1024   16    4 : tunables    0    0    0 : slabdata      6      6      0
kmalloc-cg-512       140    144    512   16    2 : tunables    0    0    0 : slabdata      9      9      0
kmalloc-cg-256       308    320    256   16    1 : tunables    0    0    0 : slabdata     20     20      0
kmalloc-cg-128       420    448    128   32    1 : tunables    0    0    0 : slabdata     14     14      0
kmalloc-cg-64        300    320     64   64    1 : tunables    0    0    0 : slabdata      5      5      0
kmalloc-cg-32        600    640     32  128    1 : tunables    0    0    0 : slabdata      5      5      0
kmalloc-cg-16        360    512     16  256    1 : tunables    0    0    0 : slabdata      2      2      0
kmalloc-cg-8         240    512      8  512    1 : tunables    0    0    0 : slabdata      1      1      0
kmalloc-cg-192       480    483    192   21    1 : tunables    0    0    0 : slabdata     23     23      0
kmalloc-cg-96        360    378     96   42    1 : tunables    0    0    0 : slabdata      9      9      0
dma-kmalloc-8k         0      0   8192    4    8 : tunables    0    0    0 : slabdata      0      0      0
dma-kmalloc-4k         0      0   4096    8    8 : tunables    0    0    0 : slabdata      0      0      0
dma-kmalloc-2k         0      0   2048   16    8 : tunables    0    0    0 : slabdata      0      0      0
dma-kmalloc-1k         0      0   1024   16    4 : tunables    0    0    0 : slabdata      0      0      0
dma-kmalloc-512        0      0    512   16    2 : tunables    0    0    0 : slabdata      0      0      0
dma-kmalloc-256        0      0    256   16    1 : tunables    0    0    0 : slabdata      0      0      0
dma-kmalloc-128        0      0    128   32    1 : tunables    0    0    0 : slabdata      0      0      0
dma-kmalloc-64         0      0     64   64    1 : tunables    0    0    0 : slabdata      0      0      0
dma-kmalloc-32         0      0     32  128    1 : tunables    0    0    0 : slabdata      0      0      0
dma-kmalloc-16         0      0     16  256    1 : tunables    0    0    0 : slabdata      0      0      0
dma-kmalloc-8          0      0      8  512    1 : tunables    0    0    0 : slabdata      0      0      0
dma-kmalloc-192        0      0    192   21    1 : tunables    0    0    0 : slabdata      0      0      0
dma-kmalloc-96         0      0     96   42    1 : tunables    0    0    0 : slabdata      0      0      0
kmalloc-rcl-8k         0      0   8192    4    8 : tunables    0    0    0 : slabdata      0      0      0
kmalloc-rcl-4k         0      0   4096    8    8 : tunables    0    0    0 : slabdata      0      0      0
kmalloc-rcl-2k         0      0   2048   16    8 : tunables    0    0    0 : slabdata      0      0      0
kmalloc-rcl-1k         0      0   1024   16    4 : tunables    0    0    0 : slabdata      0      0      0
kmalloc-rcl-512        0      0    512   16    2 : tunables    0    0    0 : slabdata      0      0      0
kmalloc-rcl-256        0      0    256   16    1 : tunables    0    0    0 : slabdata      0      0      0
kmalloc-rcl-128        0      0    128   32    1 : tunables    0    0    0 : slabdata      0      0      0
kmalloc-rcl-64         0      0     64   64    1 : tunables    0    0    0 : slabdata      0      0      0
kmalloc-rcl-32         0      0     32  128    1 : tunables    0    0    0 : slabdata      0      0      0
kmalloc-rcl-16         0      0     16  256    1 : tunables    0    0    0 : slabdata      0      0      0
kmalloc-rcl-8          0      0      8  512    1 : tunables    0    0    0 : slabdata      0      0      0
kmalloc-rcl-192        0      0    192   21    1 : tunables    0    0    0 : slabdata      0      0      0
kmalloc-rcl-96         0      0     96   42    1 : tunables    0    0    0 : slabdata      0      0      0
kmalloc-rnd-15-8k      0      0   8192    4    8 : tunables    0    0    0 : slabdata      0      0      0
kmalloc-rnd-15-4k     12     16   4096    8    8 : tunables    0    0    0 : slabdata      2      2      0
kmalloc-rnd-15-2k     48     48   2048   16    8 : tunables    0    0    0 : slabdata      3      3      0
kmalloc-rnd-15-1k     36     48   1024   16    4 : tunables    0    0    0 : slabdata      3      3      0
kmalloc-rnd-15-512     56     64    512   16    2 : tunables    0    0    0 : slabdata      4      4      0
kmalloc-rnd-15-256     56     64    256   16    1 : tunables    0    0    0 : slabdata      4      4      0
kmalloc-rnd-15-128     60     64    128   32    1 : tunables    0    0    0 : slabdata      2      2      0
kmalloc-rnd-15-64    240    256     64   64    1 : tunables    0    0    0 : slabdata      4      4      0
kmalloc-rnd-15-32    120    128     32  128    1 : tunables    0    0    0 : slabdata      1      1      0
kmalloc-rnd-15-16    120    256     16  256    1 : tunables    0    0    0 : slabdata      1      1      0
kmalloc-rnd-15-8    2520   2560      8  512    1 : tunables    0    0    0 : slabdata      5      5      0
kmalloc-rnd-15-192    120    126    192   21    1 : tunables    0    0    0 : slabdata      6      6      0
kmalloc-rnd-15-96    180    210     96   42    1 : tunables    0    0    0 : slabdata      5      5      0
kmalloc-rnd-14-8k      0      0   8192    4    8 : tunables    0    0    0 : slabdata      0      0      0
kmalloc-rnd-14-4k      4      8   4096    8    8 : tunables    0    0    0 : slabdata      1      1      0
kmalloc-rnd-14-2k     24     32   2048   16    8 : tunables    0    0    0 : slabdata      2      2      0
kmalloc-rnd-14-1k     36     48   1024   16    4 : tunables    0    0    0 : slabdata      3      3      0
kmalloc-rnd-14-512   1400   1408    512   16    2 : tunables    0    0    0 : slabdata     88     88      0
kmalloc-rnd-14-256    496    496    256   16    1 : tunables    0    0    0 : slabdata     31     31      0
kmalloc-rnd-14-128    564    576    128   32    1 : tunables    0    0    0 : slabdata     18     18      0
kmalloc-rnd-14-64    564    576     64   64    1 : tunables    0    0    0 : slabdata      9      9      0
kmalloc-rnd-14-32    240    256     32  128    1 : tunables    0    0    0 : slabdata      2      2      0
kmalloc-rnd-14-16    120    256     16  256    1 : tunables    0    0    0 : slabdata      1      1      0
kmalloc-rnd-14-8     120    512      8  512    1 : tunables    0    0    0 : slabdata      1      1      0
kmalloc-rnd-14-192    180    189    192   21    1 : tunables    0    0    0 : slabdata      9      9      0
kmalloc-rnd-14-96    180    210     96   42    1 : tunables    0    0    0 : slabdata      5      5      0
kmalloc-rnd-13-8k     12     12   8192    4    8 : tunables    0    0    0 : slabdata      3      3      0
kmalloc-rnd-13-4k      8      8   4096    8    8 : tunables    0    0    0 : slabdata      1      1      0
kmalloc-rnd-13-2k     60     64   2048   16    8 : tunables    0    0    0 : slabdata      4      4      0
kmalloc-rnd-13-1k    120    128   1024   16    4 : tunables    0    0    0 : slabdata      8      8      0
kmalloc-rnd-13-512    112    112    512   16    2 : tunables    0    0    0 : slabdata      7      7      0
kmalloc-rnd-13-256    224    224    256   16    1 : tunables    0    0    0 : slabdata     14     14      0
kmalloc-rnd-13-128    240    256    128   32    1 : tunables    0    0    0 : slabdata      8      8      0
kmalloc-rnd-13-64    715    768     64   64    1 : tunables    0    0    0 : slabdata     12     12      0
kmalloc-rnd-13-32    180    256     32  128    1 : tunables    0    0    0 : slabdata      2      2      0
kmalloc-rnd-13-16    240    256     16  256    1 : tunables    0    0    0 : slabdata      1      1      0
kmalloc-rnd-13-8     120    512      8  512    1 : tunables    0    0    0 : slabdata      1      1      0
kmalloc-rnd-13-192    121    126    192   21    1 : tunables    0    0    0 : slabdata      6      6      0
kmalloc-rnd-13-96    180    210     96   42    1 : tunables    0    0    0 : slabdata      5      5      0
kmalloc-rnd-12-8k      4      4   8192    4    8 : tunables    0    0    0 : slabdata      1      1      0
kmalloc-rnd-12-4k     16     16   4096    8    8 : tunables    0    0    0 : slabdata      2      2      0
kmalloc-rnd-12-2k     24     32   2048   16    8 : tunables    0    0    0 : slabdata      2      2      0
kmalloc-rnd-12-1k     60     64   1024   16    4 : tunables    0    0    0 : slabdata      4      4      0
kmalloc-rnd-12-512     56     64    512   16    2 : tunables    0    0    0 : slabdata      4      4      0
kmalloc-rnd-12-256     28     32    256   16    1 : tunables    0    0    0 : slabdata      2      2      0
kmalloc-rnd-12-128    120    128    128   32    1 : tunables    0    0    0 : slabdata      4      4      0
kmalloc-rnd-12-64    120    128     64   64    1 : tunables    0    0    0 : slabdata      2      2      0
kmalloc-rnd-12-32    780   1152     32  128    1 : tunables    0    0    0 : slabdata      9      9      0
kmalloc-rnd-12-16    120    256     16  256    1 : tunables    0    0    0 : slabdata      1      1      0
kmalloc-rnd-12-8      60    512      8  512    1 : tunables    0    0    0 : slabdata      1      1      0
kmalloc-rnd-12-192     60     63    192   21    1 : tunables    0    0    0 : slabdata      3      3      0
kmalloc-rnd-12-96    360    378     96   42    1 : tunables    0    0    0 : slabdata      9      9      0
kmalloc-rnd-11-8k      4      4   8192    4    8 : tunables    0    0    0 : slabdata      1      1      0
kmalloc-rnd-11-4k      0      0   4096    8    8 : tunables    0    0    0 : slabdata      0      0      0
kmalloc-rnd-11-2k     24     32   2048   16    8 : tunables    0    0    0 : slabdata      2      2      0
kmalloc-rnd-11-1k     60     64   1024   16    4 : tunables    0    0    0 : slabdata      4      4      0
kmalloc-rnd-11-512     56     64    512   16    2 : tunables    0    0    0 : slabdata      4      4      0
kmalloc-rnd-11-256    112    112    256   16    1 : tunables    0    0    0 : slabdata      7      7      0
kmalloc-rnd-11-128    180    192    128   32    1 : tunables    0    0    0 : slabdata      6      6      0
kmalloc-rnd-11-64    480    512     64   64    1 : tunables    0    0    0 : slabdata      8      8      0
kmalloc-rnd-11-32    120    128     32  128    1 : tunables    0    0    0 : slabdata      1      1      0
kmalloc-rnd-11-16     60    256     16  256    1 : tunables    0    0    0 : slabdata      1      1      0
kmalloc-rnd-11-8     120    512      8  512    1 : tunables    0    0    0 : slabdata      1      1      0
kmalloc-rnd-11-192    240    252    192   21    1 : tunables    0    0    0 : slabdata     12     12      0
kmalloc-rnd-11-96    180    210     96   42    1 : tunables    0    0    0 : slabdata      5      5      0
kmalloc-rnd-10-8k      4      4   8192    4    8 : tunables    0    0    0 : slabdata      1      1      0
kmalloc-rnd-10-4k      8      8   4096    8    8 : tunables    0    0    0 : slabdata      1      1      0
kmalloc-rnd-10-2k     24     32   2048   16    8 : tunables    0    0    0 : slabdata      2      2      0
kmalloc-rnd-10-1k     96     96   1024   16    4 : tunables    0    0    0 : slabdata      6      6      0
kmalloc-rnd-10-512     84     96    512   16    2 : tunables    0    0    0 : slabdata      6      6      0
kmalloc-rnd-10-256    140    144    256   16    1 : tunables    0    0    0 : slabdata      9      9      0
kmalloc-rnd-10-128    180    192    128   32    1 : tunables    0    0    0 : slabdata      6      6      0
kmalloc-rnd-10-64    360    384     64   64    1 : tunables    0    0    0 : slabdata      6      6      0
kmalloc-rnd-10-32    900   1024     32  128    1 : tunables    0    0    0 : slabdata      8      8      0
kmalloc-rnd-10-16    240    256     16  256    1 : tunables    0    0    0 : slabdata      1      1      0
kmalloc-rnd-10-8     180    512      8  512    1 : tunables    0    0    0 : slabdata      1      1      0
kmalloc-rnd-10-192     60     63    192   21    1 : tunables    0    0    0 : slabdata      3      3      0
kmalloc-rnd-10-96    240    252     96   42    1 : tunables    0    0    0 : slabdata      6      6      0
kmalloc-rnd-09-8k      4      4   8192    4    8 : tunables    0    0    0 : slabdata      1      1      0
kmalloc-rnd-09-4k      8      8   4096    8    8 : tunables    0    0    0 : slabdata      1      1      0
kmalloc-rnd-09-2k    108    112   2048   16    8 : tunables    0    0    0 : slabdata      7      7      0
kmalloc-rnd-09-1k     24     32   1024   16    4 : tunables    0    0    0 : slabdata      2      2      0
kmalloc-rnd-09-512     56     64    512   16    2 : tunables    0    0    0 : slabdata      4      4      0
kmalloc-rnd-09-256    112    112    256   16    1 : tunables    0    0    0 : slabdata      7      7      0
kmalloc-rnd-09-128    120    128    128   32    1 : tunables    0    0    0 : slabdata      4      4      0
kmalloc-rnd-09-64    301    320     64   64    1 : tunables    0    0    0 : slabdata      5      5      0
kmalloc-rnd-09-32    120    128     32  128    1 : tunables    0    0    0 : slabdata      1      1      0
kmalloc-rnd-09-16    120    256     16  256    1 : tunables    0    0    0 : slabdata      1      1      0
kmalloc-rnd-09-8     120    512      8  512    1 : tunables    0    0    0 : slabdata      1      1      0
kmalloc-rnd-09-192    360    378    192   21    1 : tunables    0    0    0 : slabdata     18     18      0
kmalloc-rnd-09-96    240    252     96   42    1 : tunables    0    0    0 : slabdata      6      6      0
kmalloc-rnd-08-8k      0      0   8192    4    8 : tunables    0    0    0 : slabdata      0      0      0
kmalloc-rnd-08-4k      0      0   4096    8    8 : tunables    0    0    0 : slabdata      0      0      0
kmalloc-rnd-08-2k     24     32   2048   16    8 : tunables    0    0    0 : slabdata      2      2      0
kmalloc-rnd-08-1k     12     16   1024   16    4 : tunables    0    0    0 : slabdata      1      1      0
kmalloc-rnd-08-512     84     96    512   16    2 : tunables    0    0    0 : slabdata      6      6      0
kmalloc-rnd-08-256     84     96    256   16    1 : tunables    0    0    0 : slabdata      6      6      0
kmalloc-rnd-08-128    120    128    128   32    1 : tunables    0    0    0 : slabdata      4      4      0
kmalloc-rnd-08-64    120    128     64   64    1 : tunables    0    0    0 : slabdata      2      2      0
kmalloc-rnd-08-32    420    512     32  128    1 : tunables    0    0    0 : slabdata      4      4      0
kmalloc-rnd-08-16    180    256     16  256    1 : tunables    0    0    0 : slabdata      1      1      0
kmalloc-rnd-08-8     120    512      8  512    1 : tunables    0    0    0 : slabdata      1      1      0
kmalloc-rnd-08-192    180    189    192   21    1 : tunables    0    0    0 : slabdata      9      9      0
kmalloc-rnd-08-96    120    126     96   42    1 : tunables    0    0    0 : slabdata      3      3      0
kmalloc-rnd-07-8k      0      0   8192    4    8 : tunables    0    0    0 : slabdata      0      0      0
kmalloc-rnd-07-4k     12     16   4096    8    8 : tunables    0    0    0 : slabdata      2      2      0
kmalloc-rnd-07-2k     36     48   2048   16    8 : tunables    0    0    0 : slabdata      3      3      0
kmalloc-rnd-07-1k     48     48   1024   16    4 : tunables    0    0    0 : slabdata      3      3      0
kmalloc-rnd-07-512     84     96    512   16    2 : tunables    0    0    0 : slabdata      6      6      0
kmalloc-rnd-07-256    168    176    256   16    1 : tunables    0    0    0 : slabdata     11     11      0
kmalloc-rnd-07-128    180    192    128   32    1 : tunables    0    0    0 : slabdata      6      6      0
kmalloc-rnd-07-64    240    256     64   64    1 : tunables    0    0    0 : slabdata      4      4      0
kmalloc-rnd-07-32    240    256     32  128    1 : tunables    0    0    0 : slabdata      2      2      0
kmalloc-rnd-07-16    120    256     16  256    1 : tunables    0    0    0 : slabdata      1      1      0
kmalloc-rnd-07-8     240    512      8  512    1 : tunables    0    0    0 : slabdata      1      1      0
kmalloc-rnd-07-192    240    252    192   21    1 : tunables    0    0    0 : slabdata     12     12      0
kmalloc-rnd-07-96    120    126     96   42    1 : tunables    0    0    0 : slabdata      3      3      0
kmalloc-rnd-06-8k      4      4   8192    4    8 : tunables    0    0    0 : slabdata      1      1      0
kmalloc-rnd-06-4k      4      8   4096    8    8 : tunables    0    0    0 : slabdata      1      1      0
kmalloc-rnd-06-2k     12     16   2048   16    8 : tunables    0    0    0 : slabdata      1      1      0
kmalloc-rnd-06-1k     24     32   1024   16    4 : tunables    0    0    0 : slabdata      2      2      0
kmalloc-rnd-06-512     84     96    512   16    2 : tunables    0    0    0 : slabdata      6      6      0
kmalloc-rnd-06-256    420    432    256   16    1 : tunables    0    0    0 : slabdata     27     27      0
kmalloc-rnd-06-128     60     64    128   32    1 : tunables    0    0    0 : slabdata      2      2      0
kmalloc-rnd-06-64    480    512     64   64    1 : tunables    0    0    0 : slabdata      8      8      0
kmalloc-rnd-06-32    240    256     32  128    1 : tunables    0    0    0 : slabdata      2      2      0
kmalloc-rnd-06-16    300    512     16  256    1 : tunables    0    0    0 : slabdata      2      2      0
kmalloc-rnd-06-8     120    512      8  512    1 : tunables    0    0    0 : slabdata      1      1      0
kmalloc-rnd-06-192    120    126    192   21    1 : tunables    0    0    0 : slabdata      6      6      0
kmalloc-rnd-06-96    240    252     96   42    1 : tunables    0    0    0 : slabdata      6      6      0
kmalloc-rnd-05-8k      0      0   8192    4    8 : tunables    0    0    0 : slabdata      0      0      0
kmalloc-rnd-05-4k      0      0   4096    8    8 : tunables    0    0    0 : slabdata      0      0      0
kmalloc-rnd-05-2k     12     16   2048   16    8 : tunables    0    0    0 : slabdata      1      1      0
kmalloc-rnd-05-1k     60     64   1024   16    4 : tunables    0    0    0 : slabdata      4      4      0
kmalloc-rnd-05-512     84     96    512   16    2 : tunables    0    0    0 : slabdata      6      6      0
kmalloc-rnd-05-256     56     64    256   16    1 : tunables    0    0    0 : slabdata      4      4      0
kmalloc-rnd-05-128     60     64    128   32    1 : tunables    0    0    0 : slabdata      2      2      0
kmalloc-rnd-05-64   1200   1216     64   64    1 : tunables    0    0    0 : slabdata     19     19      0
kmalloc-rnd-05-32    780    896     32  128    1 : tunables    0    0    0 : slabdata      7      7      0
kmalloc-rnd-05-16    300    512     16  256    1 : tunables    0    0    0 : slabdata      2      2      0
kmalloc-rnd-05-8     240    512      8  512    1 : tunables    0    0    0 : slabdata      1      1      0
kmalloc-rnd-05-192    120    126    192   21    1 : tunables    0    0    0 : slabdata      6      6      0
kmalloc-rnd-05-96    240    252     96   42    1 : tunables    0    0    0 : slabdata      6      6      0
kmalloc-rnd-04-8k     16     16   8192    4    8 : tunables    0    0    0 : slabdata      4      4      0
kmalloc-rnd-04-4k      8      8   4096    8    8 : tunables    0    0    0 : slabdata      1      1      0
kmalloc-rnd-04-2k     96     96   2048   16    8 : tunables    0    0    0 : slabdata      6      6      0
kmalloc-rnd-04-1k     36     48   1024   16    4 : tunables    0    0    0 : slabdata      3      3      0
kmalloc-rnd-04-512    112    112    512   16    2 : tunables    0    0    0 : slabdata      7      7      0
kmalloc-rnd-04-256    140    144    256   16    1 : tunables    0    0    0 : slabdata      9      9      0
kmalloc-rnd-04-128    240    256    128   32    1 : tunables    0    0    0 : slabdata      8      8      0
kmalloc-rnd-04-64    240    256     64   64    1 : tunables    0    0    0 : slabdata      4      4      0
kmalloc-rnd-04-32    240    256     32  128    1 : tunables    0    0    0 : slabdata      2      2      0
kmalloc-rnd-04-16   1560   1792     16  256    1 : tunables    0    0    0 : slabdata      7      7      0
kmalloc-rnd-04-8    1740   2048      8  512    1 : tunables    0    0    0 : slabdata      4      4      0
kmalloc-rnd-04-192    360    378    192   21    1 : tunables    0    0    0 : slabdata     18     18      0
kmalloc-rnd-04-96   1980   2016     96   42    1 : tunables    0    0    0 : slabdata     48     48      0
kmalloc-rnd-03-8k      0      0   8192    4    8 : tunables    0    0    0 : slabdata      0      0      0
kmalloc-rnd-03-4k      4      8   4096    8    8 : tunables    0    0    0 : slabdata      1      1      0
kmalloc-rnd-03-2k     24     32   2048   16    8 : tunables    0    0    0 : slabdata      2      2      0
kmalloc-rnd-03-1k     48     48   1024   16    4 : tunables    0    0    0 : slabdata      3      3      0
kmalloc-rnd-03-512     56     64    512   16    2 : tunables    0    0    0 : slabdata      4      4      0
kmalloc-rnd-03-256    224    224    256   16    1 : tunables    0    0    0 : slabdata     14     14      0
kmalloc-rnd-03-128    120    128    128   32    1 : tunables    0    0    0 : slabdata      4      4      0
kmalloc-rnd-03-64    420    448     64   64    1 : tunables    0    0    0 : slabdata      7      7      0
kmalloc-rnd-03-32    180    256     32  128    1 : tunables    0    0    0 : slabdata      2      2      0
kmalloc-rnd-03-16    540    768     16  256    1 : tunables    0    0    0 : slabdata      3      3      0
kmalloc-rnd-03-8     780   1024      8  512    1 : tunables    0    0    0 : slabdata      2      2      0
kmalloc-rnd-03-192    240    252    192   21    1 : tunables    0    0    0 : slabdata     12     12      0
kmalloc-rnd-03-96    120    126     96   42    1 : tunables    0    0    0 : slabdata      3      3      0
kmalloc-rnd-02-8k      4      4   8192    4    8 : tunables    0    0    0 : slabdata      1      1      0
kmalloc-rnd-02-4k      4      8   4096    8    8 : tunables    0    0    0 : slabdata      1      1      0
kmalloc-rnd-02-2k     12     16   2048   16    8 : tunables    0    0    0 : slabdata      1      1      0
kmalloc-rnd-02-1k    168    176   1024   16    4 : tunables    0    0    0 : slabdata     11     11      0
kmalloc-rnd-02-512     84     96    512   16    2 : tunables    0    0    0 : slabdata      6      6      0
kmalloc-rnd-02-256     56     64    256   16    1 : tunables    0    0    0 : slabdata      4      4      0
kmalloc-rnd-02-128    120    128    128   32    1 : tunables    0    0    0 : slabdata      4      4      0
kmalloc-rnd-02-64    519    576     64   64    1 : tunables    0    0    0 : slabdata      9      9      0
kmalloc-rnd-02-32    180    256     32  128    1 : tunables    0    0    0 : slabdata      2      2      0
kmalloc-rnd-02-16    180    256     16  256    1 : tunables    0    0    0 : slabdata      1      1      0
kmalloc-rnd-02-8     240    512      8  512    1 : tunables    0    0    0 : slabdata      1      1      0
kmalloc-rnd-02-192     60     63    192   21    1 : tunables    0    0    0 : slabdata      3      3      0
kmalloc-rnd-02-96    120    126     96   42    1 : tunables    0    0    0 : slabdata      3      3      0
kmalloc-rnd-01-8k      4      4   8192    4    8 : tunables    0    0    0 : slabdata      1      1      0
kmalloc-rnd-01-4k      4      8   4096    8    8 : tunables    0    0    0 : slabdata      1      1      0
kmalloc-rnd-01-2k     24     32   2048   16    8 : tunables    0    0    0 : slabdata      2      2      0
kmalloc-rnd-01-1k     60     64   1024   16    4 : tunables    0    0    0 : slabdata      4      4      0
kmalloc-rnd-01-512     84     96    512   16    2 : tunables    0    0    0 : slabdata      6      6      0
kmalloc-rnd-01-256    112    112    256   16    1 : tunables    0    0    0 : slabdata      7      7      0
kmalloc-rnd-01-128    120    128    128   32    1 : tunables    0    0    0 : slabdata      4      4      0
kmalloc-rnd-01-64    240    256     64   64    1 : tunables    0    0    0 : slabdata      4      4      0
kmalloc-rnd-01-32    240    256     32  128    1 : tunables    0    0    0 : slabdata      2      2      0
kmalloc-rnd-01-16    120    256     16  256    1 : tunables    0    0    0 : slabdata      1      1      0
kmalloc-rnd-01-8     180    512      8  512    1 : tunables    0    0    0 : slabdata      1      1      0
kmalloc-rnd-01-192    120    126    192   21    1 : tunables    0    0    0 : slabdata      6      6      0
kmalloc-rnd-01-96    360    378     96   42    1 : tunables    0    0    0 : slabdata      9      9      0
kmalloc-8k             4      4   8192    4    8 : tunables    0    0    0 : slabdata      1      1      0
kmalloc-4k            12     16   4096    8    8 : tunables    0    0    0 : slabdata      2      2      0
kmalloc-2k            96     96   2048   16    8 : tunables    0    0    0 : slabdata      6      6      0
kmalloc-1k            36     48   1024   16    4 : tunables    0    0    0 : slabdata      3      3      0
kmalloc-512        12202  12208    512   16    2 : tunables    0    0    0 : slabdata    763    763      0
kmalloc-256         5505   5520    256   16    1 : tunables    0    0    0 : slabdata    345    345      0
kmalloc-128         4210   4224    128   32    1 : tunables    0    0    0 : slabdata    132    132      0
kmalloc-64          2768   2816     64   64    1 : tunables    0    0    0 : slabdata     44     44      0
kmalloc-32           120    128     32  128    1 : tunables    0    0    0 : slabdata      1      1      0
kmalloc-16           240    256     16  256    1 : tunables    0    0    0 : slabdata      1      1      0
kmalloc-8            120    512      8  512    1 : tunables    0    0    0 : slabdata      1      1      0
kmalloc-192            0      0    192   21    1 : tunables    0    0    0 : slabdata      0      0      0
kmalloc-96           120    126     96   42    1 : tunables    0    0    0 : slabdata      3      3      0
kmem_cache_node      407    416    128   32    1 : tunables    0    0    0 : slabdata     13     13      0
kmem_cache           407    416    256   16    1 : tunables    0    0    0 : slabdata     26     26      0
BENCH_PRE_VARIANT_END
BENCH_PERF_PMU_PROBE

 Performance counter stats for 'system wide':

           3814105      cycles                                                                
           2822172      instructions                                                          

       0.102076743 seconds time elapsed

BENCH_PERF_SOFTWARE_PROBE

 Performance counter stats for 'system wide':

            407.84 msec cpu-clock                                                             
            407.84 msec task-clock                                                            
                24      context-switches                                                      
                 5      cpu-migrations                                                        

       0.102005947 seconds time elapsed

{"event": "begin"}
{"event": "program", "id": 8}
{"event": "loaded"}
{"event": "preflight_message"}
{"event": "preflight_message"}
{"event": "preflight_message"}
{"event": "preflight_message"}
{"event": "preflight_message"}
{"event": "preflight_message"}
{"event": "preflight_message"}
{"event": "preflight_message"}
{"event": "preflight_message"}
{"event": "preflight_message"}
{"event": "preflight_message"}
{"event": "preflight_message"}
{"event": "preflight_message"}
{"event": "preflight_message"}
{"event": "preflight_owned_mapping_fail_closed"}
{"event": "correctness_gate_passed"}
{"event": "setup", "population": 1, "duration_s": 0.0008314}
{"event": "audit"}
{"event": "correctness_size"}
{"event": "correctness_size"}
{"event": "correctness_size"}
{"event": "correctness_size"}
{"event": "correctness_size"}
{"event": "correctness_size"}
{"event": "correctness_size"}
{"event": "idle_cpu", "population": 1, "duration_s": 2.000167218}
{"event": "idle_cpu", "population": 1, "duration_s": 2.000169181}
{"event": "idle_cpu", "population": 1, "duration_s": 2.00016194}
{"event": "idle_resources", "population": 1}
{"event": "window_begin", "id": "aya-udp-1-1-0-0-0"}
{"event": "window_end", "id": "aya-udp-1-1-0-0-0"}
{"event": "window", "id": "aya-udp-1-1-0-0-0", "population": 1, "duration_s": 1.000158852, "delivered_roundtrips": 6436}
{"event": "window_begin", "id": "aya-udp-1-1-0-0-1"}
{"event": "window_end", "id": "aya-udp-1-1-0-0-1"}
{"event": "window", "id": "aya-udp-1-1-0-0-1", "population": 1, "duration_s": 1.000096909, "delivered_roundtrips": 6642}
{"event": "window_begin", "id": "aya-udp-1-1-0-0-2"}
{"event": "window_end", "id": "aya-udp-1-1-0-0-2"}
{"event": "window", "id": "aya-udp-1-1-0-0-2", "population": 1, "duration_s": 1.000153715, "delivered_roundtrips": 7125}
{"event": "traffic_resources", "population": 1}
{"event": "audit"}
{"event": "setup", "population": 64, "duration_s": 0.025804796}
{"event": "audit"}
{"event": "idle_cpu", "population": 64, "duration_s": 2.000185055}
{"event": "idle_cpu", "population": 64, "duration_s": 2.000166747}
{"event": "idle_cpu", "population": 64, "duration_s": 2.000190453}
{"event": "idle_resources", "population": 64}
[   30.857089] clocksource: Long readout interval, skipping watchdog check: cs_nsec: 2023397645 wd_nsec: 2023396889
{"event": "window_begin", "id": "aya-udp-64-64-0-0-0"}
{"event": "window_end", "id": "aya-udp-64-64-0-0-0"}
{"event": "window", "id": "aya-udp-64-64-0-0-0", "population": 64, "duration_s": 1.000265803, "delivered_roundtrips": 22923}
{"event": "window_begin", "id": "aya-udp-64-64-0-0-1"}
{"event": "window_end", "id": "aya-udp-64-64-0-0-1"}
{"event": "window", "id": "aya-udp-64-64-0-0-1", "population": 64, "duration_s": 1.000274826, "delivered_roundtrips": 23256}
{"event": "window_begin", "id": "aya-udp-64-64-0-0-2"}
{"event": "window_end", "id": "aya-udp-64-64-0-0-2"}
{"event": "window", "id": "aya-udp-64-64-0-0-2", "population": 64, "duration_s": 1.000207505, "delivered_roundtrips": 23516}
{"event": "window_begin", "id": "aya-udp-64-64-64-0-100"}
{"event": "window_end", "id": "aya-udp-64-64-64-0-100"}
{"event": "window", "id": "aya-udp-64-64-64-0-100", "population": 64, "duration_s": 2.000189772, "delivered_roundtrips": 84012}
{"event": "profile", "population": 64}
{"event": "traffic_resources", "population": 64}
{"event": "audit"}
{"event": "setup", "population": 1024, "duration_s": 0.331373479}
{"event": "audit"}
{"event": "idle_cpu", "population": 1024, "duration_s": 2.000166056}
{"event": "idle_cpu", "population": 1024, "duration_s": 2.000229401}
{"event": "idle_cpu", "population": 1024, "duration_s": 2.000156663}
{"event": "idle_resources", "population": 1024}
{"event": "window_begin", "id": "aya-udp-1024-1024-0-0-0"}
{"event": "window_end", "id": "aya-udp-1024-1024-0-0-0"}
{"event": "window", "id": "aya-udp-1024-1024-0-0-0", "population": 1024, "duration_s": 1.000295557, "delivered_roundtrips": 22809}
{"event": "window_begin", "id": "aya-udp-1024-1024-0-0-1"}
{"event": "window_end", "id": "aya-udp-1024-1024-0-0-1"}
{"event": "window", "id": "aya-udp-1024-1024-0-0-1", "population": 1024, "duration_s": 1.000225723, "delivered_roundtrips": 22604}
{"event": "window_begin", "id": "aya-udp-1024-1024-0-0-2"}
{"event": "window_end", "id": "aya-udp-1024-1024-0-0-2"}
{"event": "window", "id": "aya-udp-1024-1024-0-0-2", "population": 1024, "duration_s": 1.00024378, "delivered_roundtrips": 22240}
{"event": "window_begin", "id": "aya-udp-open-1024-64-64-10000-0"}
{"event": "window_end", "id": "aya-udp-open-1024-64-64-10000-0"}
{"event": "udp_open_window", "id": "aya-udp-open-1024-64-64-10000-0", "population": 1024}
{"event": "window_begin", "id": "aya-udp-open-1024-64-64-0-0"}
{"event": "window_end", "id": "aya-udp-open-1024-64-64-0-0"}
{"event": "udp_open_window", "id": "aya-udp-open-1024-64-64-0-0", "population": 1024}
[   91.602651] clocksource: Long readout interval, skipping watchdog check: cs_nsec: 7236043501 wd_nsec: 7236040665
{"event": "window_begin", "id": "aya-udp-open-1024-64-64-10000-1"}
{"event": "window_end", "id": "aya-udp-open-1024-64-64-10000-1"}
{"event": "udp_open_window", "id": "aya-udp-open-1024-64-64-10000-1", "population": 1024}
{"event": "window_begin", "id": "aya-udp-open-1024-64-64-0-1"}
{"event": "window_end", "id": "aya-udp-open-1024-64-64-0-1"}
{"event": "udp_open_window", "id": "aya-udp-open-1024-64-64-0-1", "population": 1024}
{"event": "window_begin", "id": "aya-udp-open-1024-64-64-10000-2"}
{"event": "window_end", "id": "aya-udp-open-1024-64-64-10000-2"}
{"event": "udp_open_window", "id": "aya-udp-open-1024-64-64-10000-2", "population": 1024}
{"event": "window_begin", "id": "aya-udp-open-1024-64-64-0-2"}
{"event": "window_end", "id": "aya-udp-open-1024-64-64-0-2"}
{"event": "udp_open_window", "id": "aya-udp-open-1024-64-64-0-2", "population": 1024}
{"event": "window_begin", "id": "aya-udp-open-1024-64-1431-10000-0"}
{"event": "window_end", "id": "aya-udp-open-1024-64-1431-10000-0"}
{"event": "udp_open_window", "id": "aya-udp-open-1024-64-1431-10000-0", "population": 1024}
{"event": "window_begin", "id": "aya-udp-open-1024-64-1431-0-0"}

thread '<unnamed>' (1228) panicked at src/open_udp.rs:49:9:
assertion `left == right` failed
  left: 1431
 right: 2212
note: run with `RUST_BACKTRACE=1` environment variable to display a backtrace
{"event": "window_end", "id": "aya-udp-open-1024-64-1431-0-0"}
{"event": "udp_window_fixture_failure", "id": "aya-udp-open-1024-64-1431-0-0", "population": 1024}
{"event": "owned_retirement", "duration_s": 6.970866759}
{"event": "transport_drain_live_kernel", "confirmed_zero": true, "usage": 0}
{"event": "complete"}
BENCH_HARNESS_EXIT=2
vhost_vsock 28672 0 - Live 0xffffffffc0415000
vmw_vsock_virtio_transport_common 57344 1 vhost_vsock, Live 0xffffffffc0411000
vhost 69632 1 vhost_vsock, Live 0xffffffffc0409000
vhost_iotlb 16384 1 vhost, Live 0xffffffffc0408000
vsock 73728 2 vhost_vsock,vmw_vsock_virtio_transport_common, Live 0xffffffffc0400000
BENCH_LIVE_MODULES_AFTER_UNLOAD
vhost_vsock 28672 0 - Live 0xffffffffc0415000
vmw_vsock_virtio_transport_common 57344 1 vhost_vsock, Live 0xffffffffc0411000
vhost 69632 1 vhost_vsock, Live 0xffffffffc0409000
vhost_iotlb 16384 1 vhost, Live 0xffffffffc0408000
vsock 73728 2 vhost_vsock,vmw_vsock_virtio_transport_common, Live 0xffffffffc0400000
1
[    0.000000] Linux version 7.0.0-29-generic (buildd@lcy02-amd64-113) (x86_64-linux-gnu-gcc (Ubuntu 15.2.0-16ubuntu1) 15.2.0, GNU ld (GNU Binutils for Ubuntu) 2.46) #29-Ubuntu SMP PREEMPT_DYNAMIC Fri Jul 17 20:52:35 UTC 2026 (Ubuntu 7.0.0-29.29-generic 7.0.12)
[    0.000000] Command line: console=ttyS0 rdinit=/init panic=-1
[    0.000000] KERNEL supported cpus:
[    0.000000]   Intel GenuineIntel
[    0.000000]   AMD AuthenticAMD
[    0.000000]   Hygon HygonGenuine
[    0.000000]   Centaur CentaurHauls
[    0.000000]   zhaoxin   Shanghai  
[    0.000000] BIOS-provided physical RAM map:
[    0.000000] BIOS-e820: [mem 0x0000000000000000-0x000000000009fbff]  System RAM
[    0.000000] BIOS-e820: [mem 0x000000000009fc00-0x000000000009ffff]  device reserved
[    0.000000] BIOS-e820: [gap 0x00000000000a0000-0x00000000000effff]
[    0.000000] BIOS-e820: [mem 0x00000000000f0000-0x00000000000fffff]  device reserved
[    0.000000] BIOS-e820: [mem 0x0000000000100000-0x000000007ffdffff]  System RAM
[    0.000000] BIOS-e820: [mem 0x000000007ffe0000-0x000000007fffffff]  device reserved
[    0.000000] BIOS-e820: [gap 0x0000000080000000-0x00000000afffffff]
[    0.000000] BIOS-e820: [mem 0x00000000b0000000-0x00000000bfffffff]  device reserved
[    0.000000] BIOS-e820: [gap 0x00000000c0000000-0x00000000fed1bfff]
[    0.000000] BIOS-e820: [mem 0x00000000fed1c000-0x00000000fed1ffff]  device reserved
[    0.000000] BIOS-e820: [gap 0x00000000fed20000-0x00000000feffbfff]
[    0.000000] BIOS-e820: [mem 0x00000000feffc000-0x00000000feffffff]  device reserved
[    0.000000] BIOS-e820: [gap 0x00000000ff000000-0x00000000fffbffff]
[    0.000000] BIOS-e820: [mem 0x00000000fffc0000-0x00000000ffffffff]  device reserved
[    0.000000] BIOS-e820: [mem 0x0000000100000000-0x000000047fffffff]  System RAM
[    0.000000] BIOS-e820: [gap 0x0000000480000000-0x000000fcffffffff]
[    0.000000] BIOS-e820: [mem 0x000000fd00000000-0x000000ffffffffff]  device reserved
[    0.000000] NX (Execute Disable) protection: active
[    0.000000] APIC: Static calls initialized
[    0.000000] SMBIOS 2.8 present.
[    0.000000] DMI: QEMU Standard PC (Q35 + ICH9, 2009), BIOS 1.17.0-debian-1.17.0-1ubuntu1 04/01/2014
[    0.000000] DMI: Memory slots populated: 1/1
[    0.000000] Hypervisor detected: KVM
[    0.000000] last_pfn = 0x7ffe0 max_arch_pfn = 0x10000000000
[    0.000000] kvm-clock: Using msrs 4b564d01 and 4b564d00
[    0.000001] kvm-clock: using sched offset of 240731088 cycles
[    0.000003] clocksource: kvm-clock: mask: 0xffffffffffffffff max_cycles: 0x1cd42e4dffb, max_idle_ns: 881590591483 ns
[    0.000006] tsc: Detected 2396.388 MHz processor
[    0.000387] e820: update [mem 0x00000000-0x00000fff] System RAM ==> device reserved
[    0.000390] e820: remove [mem 0x000a0000-0x000fffff] System RAM
[    0.000396] last_pfn = 0x480000 max_arch_pfn = 0x10000000000
[    0.000442] MTRR map: 4 entries (3 fixed + 1 variable; max 19), built from 8 variable MTRRs
[    0.000445] x86/PAT: Configuration [0-7]: WB  WC  UC- UC  WB  WP  UC- WT  
[    0.000508] last_pfn = 0x7ffe0 max_arch_pfn = 0x10000000000
[    0.003293] found SMP MP-table at [mem 0x000f5460-0x000f546f]
[    0.003313] Using GB pages for direct mapping
[    0.003468] RAMDISK: [mem 0x737ae000-0x7ffdffff]
[    0.003547] ACPI: Early table checksum verification disabled
[    0.003551] ACPI: RSDP 0x00000000000F5270 000014 (v00 BOCHS )
[    0.003555] ACPI: RSDT 0x000000007FFE3A02 000038 (v01 BOCHS  BXPC     00000001 BXPC 00000001)
[    0.003561] ACPI: FACP 0x000000007FFE3602 0000F4 (v03 BOCHS  BXPC     00000001 BXPC 00000001)
[    0.003565] ACPI: DSDT 0x000000007FFE0040 0035C2 (v01 BOCHS  BXPC     00000001 BXPC 00000001)
[    0.003568] ACPI: FACS 0x000000007FFE0000 000040
[    0.003570] ACPI: APIC 0x000000007FFE36F6 000270 (v03 BOCHS  BXPC     00000001 BXPC 00000001)
[    0.003573] ACPI: HPET 0x000000007FFE3966 000038 (v01 BOCHS  BXPC     00000001 BXPC 00000001)
[    0.003575] ACPI: MCFG 0x000000007FFE399E 00003C (v01 BOCHS  BXPC     00000001 BXPC 00000001)
[    0.003577] ACPI: WAET 0x000000007FFE39DA 000028 (v01 BOCHS  BXPC     00000001 BXPC 00000001)
[    0.003579] ACPI: Reserving FACP table memory at [mem 0x7ffe3602-0x7ffe36f5]
[    0.003580] ACPI: Reserving DSDT table memory at [mem 0x7ffe0040-0x7ffe3601]
[    0.003581] ACPI: Reserving FACS table memory at [mem 0x7ffe0000-0x7ffe003f]
[    0.003582] ACPI: Reserving APIC table memory at [mem 0x7ffe36f6-0x7ffe3965]
[    0.003583] ACPI: Reserving HPET table memory at [mem 0x7ffe3966-0x7ffe399d]
[    0.003583] ACPI: Reserving MCFG table memory at [mem 0x7ffe399e-0x7ffe39d9]
[    0.003584] ACPI: Reserving WAET table memory at [mem 0x7ffe39da-0x7ffe3a01]
[    0.004155] No NUMA configuration found
[    0.004157] Faking a node at [mem 0x0000000000000000-0x000000047fffffff]
[    0.004169] NODE_DATA(0) allocated [mem 0x47ffd5280-0x47fffffff]
[    0.005046] ACPI: PM-Timer IO Port: 0x608
[    0.005068] ACPI: LAPIC_NMI (acpi_id[0xff] dfl dfl lint[0x1])
[    0.005100] IOAPIC[0]: apic_id 0, version 17, address 0xfec00000, GSI 0-23
[    0.005103] ACPI: INT_SRC_OVR (bus 0 bus_irq 0 global_irq 2 dfl dfl)
[    0.005105] ACPI: INT_SRC_OVR (bus 0 bus_irq 5 global_irq 5 high level)
[    0.005106] ACPI: INT_SRC_OVR (bus 0 bus_irq 9 global_irq 9 high level)
[    0.005107] ACPI: INT_SRC_OVR (bus 0 bus_irq 10 global_irq 10 high level)
[    0.005108] ACPI: INT_SRC_OVR (bus 0 bus_irq 11 global_irq 11 high level)
[    0.005111] ACPI: Using ACPI (MADT) for SMP configuration information
[    0.005112] ACPI: HPET id: 0x8086a201 base: 0xfed00000
[    0.005115] TSC deadline timer available
[    0.005118] CPU topo: Max. logical packages:   1
[    0.005119] CPU topo: Max. logical nodes:      1
[    0.005120] CPU topo: Num. nodes per package:  1
[    0.005122] CPU topo: Max. logical dies:       1
[    0.005123] CPU topo: Max. dies per package:   1
[    0.005127] CPU topo: Max. threads per core:   1
[    0.005127] CPU topo: Num. cores per package:    64
[    0.005128] CPU topo: Num. threads per package:  64
[    0.005129] CPU topo: Allowing 4 present CPUs plus 60 hotplug CPUs
[    0.005147] kvm-guest: APIC: eoi() replaced with kvm_guest_apic_eoi_write()
[    0.005160] kvm-guest: KVM setup pv remote TLB flush
[    0.005164] kvm-guest: setup PV sched yield
[    0.005172] PM: hibernation: Registered nosave memory: [mem 0x00000000-0x00000fff]
[    0.005174] PM: hibernation: Registered nosave memory: [mem 0x0009f000-0x000fffff]
[    0.005175] PM: hibernation: Registered nosave memory: [mem 0x7ffe0000-0xffffffff]
[    0.005177] [gap 0xc0000000-0xfed1bfff] available for PCI devices
[    0.005178] Booting paravirtualized kernel on KVM
[    0.005180] clocksource: refined-jiffies: mask: 0xffffffff max_cycles: 0xffffffff, max_idle_ns: 1910969940391419 ns
[    0.005237] Zone ranges:
[    0.005238]   DMA      [mem 0x0000000000001000-0x0000000000ffffff]
[    0.005240]   DMA32    [mem 0x0000000001000000-0x00000000ffffffff]
[    0.005242]   Normal   [mem 0x0000000100000000-0x000000047fffffff]
[    0.005243]   Device   empty
[    0.005244] Movable zone start for each node
[    0.005246] Early memory node ranges
[    0.005247]   node   0: [mem 0x0000000000001000-0x000000000009efff]
[    0.005248]   node   0: [mem 0x0000000000100000-0x000000007ffdffff]
[    0.005249]   node   0: [mem 0x0000000100000000-0x000000047fffffff]
[    0.005252] Initmem setup node 0 [mem 0x0000000000001000-0x000000047fffffff]
[    0.005348] On node 0, zone DMA: 1 pages in unavailable ranges
[    0.005362] On node 0, zone DMA: 97 pages in unavailable ranges
[    0.029136] On node 0, zone Normal: 32 pages in unavailable ranges
[    0.029156] setup_percpu: NR_CPUS:8192 nr_cpumask_bits:64 nr_cpu_ids:64 nr_node_ids:1
[    0.031944] percpu: Embedded 85 pages/cpu s225280 r8192 d114688 u524288
[    0.031954] pcpu-alloc: s225280 r8192 d114688 u524288 alloc=1*2097152
[    0.031957] pcpu-alloc: [0] 00 01 02 03 [0] 04 05 06 07 
[    0.031962] pcpu-alloc: [0] 08 09 10 11 [0] 12 13 14 15 
[    0.031966] pcpu-alloc: [0] 16 17 18 19 [0] 20 21 22 23 
[    0.031970] pcpu-alloc: [0] 24 25 26 27 [0] 28 29 30 31 
[    0.031974] pcpu-alloc: [0] 32 33 34 35 [0] 36 37 38 39 
[    0.031978] pcpu-alloc: [0] 40 41 42 43 [0] 44 45 46 47 
[    0.031982] pcpu-alloc: [0] 48 49 50 51 [0] 52 53 54 55 
[    0.031986] pcpu-alloc: [0] 56 57 58 59 [0] 60 61 62 63 
[    0.032039] kvm-guest: PV spinlocks enabled
[    0.032041] PV qspinlock hash table entries: 256 (order: 0, 4096 bytes, linear)
[    0.032045] Kernel command line: console=ttyS0 rdinit=/init panic=-1
[    0.032085] random: crng init done
[    0.032086] printk: log_buf_len individual max cpu contribution: 4096 bytes
[    0.032087] printk: log_buf_len total cpu_extra contributions: 258048 bytes
[    0.032088] printk: log_buf_len min size: 262144 bytes
[    0.032452] printk: log buffer data + meta data: 524288 + 2228224 = 2752512 bytes
[    0.032454] printk: early log buf free: 253976(96%)
[    0.033505] Dentry cache hash table entries: 2097152 (order: 12, 16777216 bytes, linear)
[    0.034045] Inode-cache hash table entries: 1048576 (order: 11, 8388608 bytes, linear)
[    0.034557] software IO TLB: area num 64.
[    0.040951] Fallback order for Node 0: 0 
[    0.040963] Built 1 zonelists, mobility grouping on.  Total pages: 4194174
[    0.040964] Policy zone: Normal
[    0.040976] mem auto-init: stack:all(zero), heap alloc:on, heap free:off
[    0.068079] SLUB: HWalign=64, Order=0-3, MinObjects=0, CPUs=64, Nodes=1
[    0.082004] ftrace: allocating 63941 entries in 252 pages
[    0.082006] ftrace: allocated 252 pages with 6 groups
[    0.082823] Dynamic Preempt: lazy
[    0.083196] rcu: Preemptible hierarchical RCU implementation.
[    0.083198] rcu: 	RCU restricting CPUs from NR_CPUS=8192 to nr_cpu_ids=64.
[    0.083200] 	Trampoline variant of Tasks RCU enabled.
[    0.083201] 	Rude variant of Tasks RCU enabled.
[    0.083201] 	Tracing variant of Tasks RCU enabled.
[    0.083202] rcu: RCU calculated value of scheduler-enlistment delay is 100 jiffies.
[    0.083203] rcu: Adjusting geometry for rcu_fanout_leaf=16, nr_cpu_ids=64
[    0.083232] RCU Tasks: Setting shift to 6 and lim to 1 rcu_task_cb_adjust=1 rcu_task_cpu_ids=64.
[    0.083236] RCU Tasks Rude: Setting shift to 6 and lim to 1 rcu_task_cb_adjust=1 rcu_task_cpu_ids=64.
[    0.088317] NR_IRQS: 524544, nr_irqs: 936, preallocated irqs: 16
[    0.088587] rcu: srcu_init: Setting srcu_struct sizes based on contention.
[    0.088865] Console: colour *CGA 80x25
[    0.088937] printk: legacy console [ttyS0] enabled
[    0.311246] ACPI: Core revision 20251212
[    0.312563] clocksource: hpet: mask: 0xffffffff max_cycles: 0xffffffff, max_idle_ns: 19112604467 ns
[    0.315109] APIC: Switch to symmetric I/O mode setup
[    0.316684] x2apic enabled
[    0.317775] APIC: Switched APIC routing to: physical x2apic
[    0.319252] kvm-guest: APIC: send_IPI_mask() replaced with kvm_send_ipi_mask()
[    0.321162] kvm-guest: APIC: send_IPI_mask_allbutself() replaced with kvm_send_ipi_mask_allbutself()
[    0.323544] kvm-guest: setup PV IPIs
[    0.325828] ..TIMER: vector=0x30 apic1=0 pin1=2 apic2=-1 pin2=-1
[    0.327444] clocksource: tsc-early: mask: 0xffffffffffffffff max_cycles: 0x228ae3847f6, max_idle_ns: 440795295175 ns
[    0.330201] Calibrating delay loop (skipped) preset value.. 4792.77 BogoMIPS (lpj=2396388)
[    0.331348] x86/cpu: User Mode Instruction Prevention (UMIP) activated
[    0.332317] Last level iTLB entries: 4KB 512, 2MB 255, 4MB 127
[    0.333201] Last level dTLB entries: 4KB 512, 2MB 255, 4MB 127, 1GB 0
[    0.334209] mitigations: Enabled attack vectors: user_kernel, user_user, guest_host, guest_guest, SMT mitigations: auto
[    0.335200] Speculative Store Bypass: Mitigation: Speculative Store Bypass disabled via prctl
[    0.336199] Transient Scheduler Attacks: Vulnerable: No microcode
[    0.337199] Spectre V2 : Mitigation: Enhanced / Automatic IBRS
[    0.338199] Speculative Return Stack Overflow: Mitigation: Safe RET
[    0.339199] Spectre V1 : Mitigation: usercopy/swapgs barriers and __user pointer sanitization
[    0.340205] Spectre V2 : mitigation: Enabling conditional Indirect Branch Prediction Barrier
[    0.341200] active return thunk: srso_alias_return_thunk
[    0.342231] x86/fpu: Supporting XSAVE feature 0x001: 'x87 floating point registers'
[    0.343199] x86/fpu: Supporting XSAVE feature 0x002: 'SSE registers'
[    0.344199] x86/fpu: Supporting XSAVE feature 0x004: 'AVX registers'
[    0.345199] x86/fpu: Supporting XSAVE feature 0x020: 'AVX-512 opmask'
[    0.346199] x86/fpu: Supporting XSAVE feature 0x040: 'AVX-512 Hi256'
[    0.347199] x86/fpu: Supporting XSAVE feature 0x080: 'AVX-512 ZMM_Hi256'
[    0.348199] x86/fpu: Supporting XSAVE feature 0x200: 'Protection Keys User registers'
[    0.349200] x86/fpu: xstate_offset[2]:  576, xstate_sizes[2]:  256
[    0.350201] x86/fpu: xstate_offset[5]:  832, xstate_sizes[5]:   64
[    0.351199] x86/fpu: xstate_offset[6]:  896, xstate_sizes[6]:  512
[    0.352199] x86/fpu: xstate_offset[7]: 1408, xstate_sizes[7]: 1024
[    0.353199] x86/fpu: xstate_offset[9]: 2432, xstate_sizes[9]:    8
[    0.354199] x86/fpu: Enabled xstate features 0x2e7, context size is 2440 bytes, using 'compacted' format.
[    0.394904] Freeing SMP alternatives memory: 56K
[    0.395201] pid_max: default: 65536 minimum: 512
[    0.396605] landlock: Up and running.
[    0.397201] Yama: becoming mindful.
[    0.398381] AppArmor: AppArmor initialized
[    0.399199] AppArmor: AppArmor secmark mediation reserved: ready to be enabled
[    0.400392] Mount-cache hash table entries: 32768 (order: 6, 262144 bytes, linear)
[    0.401205] Mountpoint-cache hash table entries: 32768 (order: 6, 262144 bytes, linear)
[    0.403221] VFS: Finished mounting rootfs on nullfs
[    0.404951] smpboot: CPU0: AMD EPYC 8024P 8-Core Processor (family: 0x19, model: 0xa0, stepping: 0x2)
[    0.405536] Performance Events: Fam17h+ core perfctr, AMD PMU driver.
[    0.406213] ... version:                   2
[    0.407201] ... bit width:                 48
[    0.408201] ... generic counters:          6
[    0.409201] ... generic bitmap:            000000000000003f
[    0.410201] ... fixed-purpose counters:    0
[    0.411201] ... fixed-purpose bitmap:      0000000000000000
[    0.412202] ... value mask:                0000ffffffffffff
[    0.413201] ... max period:                00007fffffffffff
[    0.414201] ... global_ctrl mask:          000000000000003f
[    0.415465] signal: max sigframe size: 3376
[    0.416260] rcu: Hierarchical SRCU implementation.
[    0.417207] rcu: 	Max phase no-delay instances is 400.
[    0.418282] Timer migration: 2 hierarchy levels; 8 children per group; 2 crossnode level
[    0.427682] smp: Bringing up secondary CPUs ...
[    0.428487] smpboot: x86: Booting SMP configuration:
[    0.429214] .... node  #0, CPUs:        #1  #2  #3
[    0.432316] smp: Brought up 1 node, 4 CPUs
[    0.434201] smpboot: Total of 4 processors activated (19171.10 BogoMIPS)
[    0.435899] Memory: 13728188K/16776696K available (23799K kernel code, 4952K rwdata, 16764K rodata, 5292K init, 5856K bss, 3030188K reserved, 0K cma-reserved)
[    0.436732] devtmpfs: initialized
[    0.437303] x86/mm: Memory block size: 128MB
[    0.441325] clocksource: jiffies: mask: 0xffffffff max_cycles: 0xffffffff, max_idle_ns: 1911260446275000 ns
[    0.442220] posixtimers hash table entries: 32768 (order: 7, 524288 bytes, linear)
[    0.443360] futex hash table entries: 16384 (1048576 bytes on 1 NUMA nodes, total 1024 KiB, linear).
[    0.444720] PM: RTC time: 22:53:58, date: 2026-10-04
[    0.445864] NET: Registered PF_NETLINK/PF_ROUTE protocol family
[    0.446668] DMA: preallocated 2048 KiB GFP_KERNEL pool for atomic allocations
[    0.447273] DMA: preallocated 2048 KiB GFP_KERNEL|GFP_DMA pool for atomic allocations
[    0.448275] DMA: preallocated 2048 KiB GFP_KERNEL|GFP_DMA32 pool for atomic allocations
[    0.449217] audit: initializing netlink subsys (disabled)
[    0.450235] audit: type=2000 audit(1791154438.645:1): state=initialized audit_enabled=0 res=1
[    0.450435] thermal_sys: Registered thermal governor 'fair_share'
[    0.451203] thermal_sys: Registered thermal governor 'bang_bang'
[    0.452202] thermal_sys: Registered thermal governor 'step_wise'
[    0.453202] thermal_sys: Registered thermal governor 'user_space'
[    0.454202] thermal_sys: Registered thermal governor 'power_allocator'
[    0.455219] cpuidle: using governor ladder
[    0.457209] cpuidle: using governor menu
[    0.459375] acpiphp: ACPI Hot Plug PCI Controller Driver version: 0.5
[    0.460514] PCI: ECAM [mem 0xb0000000-0xbfffffff] (base 0xb0000000) for domain 0000 [bus 00-ff]
[    0.461206] PCI: ECAM [mem 0xb0000000-0xbfffffff] reserved as E820 entry
[    0.462216] PCI: Using configuration type 1 for base access
[    0.463295] kprobes: kprobe jump-optimization is enabled. All kprobes are optimized if possible.
[    0.464441] HugeTLB: registered 1.00 GiB page size, pre-allocated 0 pages
[    0.466210] HugeTLB: 16380 KiB vmemmap can be freed for a 1.00 GiB page
[    0.468203] HugeTLB: registered 2.00 MiB page size, pre-allocated 0 pages
[    0.470201] HugeTLB: 28 KiB vmemmap can be freed for a 2.00 MiB page
[    0.474960] ACPI: Added _OSI(Module Device)
[    0.475203] ACPI: Added _OSI(Processor Device)
[    0.476202] ACPI: Added _OSI(Processor Aggregator Device)
[    0.481877] ACPI: 1 ACPI AML tables successfully acquired and loaded
[    0.485219] ACPI: \_SB_: platform _OSC: OS support mask [006e7eff]
[    0.487912] ACPI: Interpreter enabled
[    0.489239] ACPI: PM: (supports S0 S3 S4 S5)
[    0.490202] ACPI: Using IOAPIC for interrupt routing
[    0.491684] PCI: Using host bridge windows from ACPI; if necessary, use "pci=nocrs" and report a bug
[    0.494202] PCI: Using E820 reservations for host bridge windows
[    0.495552] ACPI: Enabled 2 GPEs in block 00 to 3F
[    0.509811] ACPI: PCI Root Bridge [PCI0] (domain 0000 [bus 00-ff])
[    0.511208] acpi PNP0A08:00: _OSC: OS supports [ExtendedConfig ASPM ClockPM Segments MSI EDR HPX-Type3]
[    0.514312] acpi PNP0A08:00: _OSC: platform does not support [PCIeHotplug LTR DPC]
[    0.516386] acpi PNP0A08:00: _OSC: OS now controls [SHPCHotplug PME AER PCIeCapability]
[    0.518451] PCI host bridge to bus 0000:00
[    0.519208] pci_bus 0000:00: root bus resource [io  0x0000-0x0cf7 window]
[    0.521203] pci_bus 0000:00: root bus resource [io  0x0d00-0xffff window]
[    0.523204] pci_bus 0000:00: root bus resource [mem 0x000a0000-0x000bffff window]
[    0.525202] pci_bus 0000:00: root bus resource [mem 0x80000000-0xafffffff window]
[    0.527203] pci_bus 0000:00: root bus resource [mem 0xc0000000-0xfebfffff window]
[    0.529203] pci_bus 0000:00: root bus resource [mem 0x480000000-0xc7fffffff window]
[    0.531203] pci_bus 0000:00: root bus resource [bus 00-ff]
[    0.532291] pci 0000:00:00.0: [8086:29c0] type 00 class 0x060000 conventional PCI endpoint
[    0.544856] pci 0000:00:1f.0: [8086:2918] type 00 class 0x060100 conventional PCI endpoint
[    0.547942] pci 0000:00:1f.0: quirk: [io  0x0600-0x067f] claimed by ICH6 ACPI/GPIO/TCO
[    0.550713] pci 0000:00:1f.2: [8086:2922] type 00 class 0x010601 conventional PCI endpoint
[    0.553289] pci 0000:00:1f.2: BAR 4 [io  0xc040-0xc05f]
[    0.555219] pci 0000:00:1f.2: BAR 5 [mem 0xfebff000-0xfebfffff]
[    0.556930] pci 0000:00:1f.3: [8086:2930] type 00 class 0x0c0500 conventional PCI endpoint
[    0.560183] pci 0000:00:1f.3: BAR 4 [io  0x0700-0x073f]
[    0.564027] ACPI: PCI: Interrupt link LNKA configured for IRQ 10
[    0.565396] ACPI: PCI: Interrupt link LNKB configured for IRQ 10
[    0.567394] ACPI: PCI: Interrupt link LNKC configured for IRQ 11
[    0.568396] ACPI: PCI: Interrupt link LNKD configured for IRQ 11
[    0.570402] ACPI: PCI: Interrupt link LNKE configured for IRQ 10
[    0.572391] ACPI: PCI: Interrupt link LNKF configured for IRQ 10
[    0.574393] ACPI: PCI: Interrupt link LNKG configured for IRQ 11
[    0.576396] ACPI: PCI: Interrupt link LNKH configured for IRQ 11
[    0.577292] ACPI: PCI: Interrupt link GSIA configured for IRQ 16
[    0.579223] ACPI: PCI: Interrupt link GSIB configured for IRQ 17
[    0.581223] ACPI: PCI: Interrupt link GSIC configured for IRQ 18
[    0.582224] ACPI: PCI: Interrupt link GSID configured for IRQ 19
[    0.584223] ACPI: PCI: Interrupt link GSIE configured for IRQ 20
[    0.585233] ACPI: PCI: Interrupt link GSIF configured for IRQ 21
[    0.587222] ACPI: PCI: Interrupt link GSIG configured for IRQ 22
[    0.588224] ACPI: PCI: Interrupt link GSIH configured for IRQ 23
[    0.596264] iommu: Default domain type: Translated
[    0.597203] iommu: DMA domain TLB invalidation policy: lazy mode
[    0.599507] SCSI subsystem initialized
[    0.600230] libata version 3.00 loaded.
[    0.600273] ACPI: bus type USB registered
[    0.601234] usbcore: registered new interface driver usbfs
[    0.602216] usbcore: registered new interface driver hub
[    0.604226] usbcore: registered new device driver usb
[    0.605240] pps_core: LinuxPPS API ver. 1 registered
[    0.606201] pps_core: Software ver. 5.3.6 - Copyright 2005-2007 Rodolfo Giometti <giometti@linux.it>
[    0.609207] PTP clock support registered
[    0.610255] EDAC MC: Ver: 3.0.0
[    0.611685] NetLabel: Initializing
[    0.613203] NetLabel:  domain hash size = 128
[    0.614201] NetLabel:  protocols = UNLABELED CIPSOv4 CALIPSO
[    0.615229] NetLabel:  unlabeled traffic allowed by default
[    0.617239] mctp: management component transport protocol core
[    0.618203] NET: Registered PF_MCTP protocol family
[    0.620226] PCI: Using ACPI for IRQ routing
[    0.818247] PCI: pci_cache_line_size set to 64 bytes
[    0.818383] e820: register RAM buffer resource [mem 0x0009fc00-0x0009ffff]
[    0.820202] e820: register RAM buffer resource [mem 0x7ffe0000-0x7fffffff]
[    0.822262] vgaarb: loaded
[    0.823237] hpet0: at MMIO 0xfed00000, IRQs 2, 8, 0
[    0.824201] hpet0: 3 comparators, 64-bit 100.000000 MHz counter
[    0.832200] clocksource: Switched to clocksource kvm-clock
[    0.834154] VFS: Disk quotas dquot_6.6.0
[    0.835242] VFS: Dquot-cache hash table entries: 512 (order 0, 4096 bytes)
[    0.837569] AppArmor: AppArmor Filesystem Enabled
[    0.838834] acpi PNP0C01:00: Reserved [mem 0xb0000000-0xbfffffff]
[    0.840458] pnp: PnP ACPI init
[    0.842057] pnp: PnP ACPI: found 4 devices
[    0.851711] clocksource: acpi_pm: mask: 0xffffff max_cycles: 0xffffff, max_idle_ns: 2085701024 ns
[    0.854150] NET: Registered PF_INET protocol family
[    0.855668] IP idents hash table entries: 262144 (order: 9, 2097152 bytes, linear)
[    0.878341] tcp_listen_portaddr_hash hash table entries: 8192 (order: 5, 131072 bytes, linear)
[    0.880591] Table-perturb hash table entries: 65536 (order: 6, 262144 bytes, linear)
[    0.882761] TCP established hash table entries: 131072 (order: 8, 1048576 bytes, linear)
[    0.885034] TCP bind hash table entries: 65536 (order: 9, 2097152 bytes, linear)
[    0.887061] TCP: Hash tables configured (established 131072 bind 65536)
[    0.889001] MPTCP token hash table entries: 16384 (order: 7, 393216 bytes, linear)
[    0.891030] UDP hash table entries: 8192 (order: 7, 524288 bytes, linear)
[    0.892864] UDP-Lite hash table entries: 8192 (order: 7, 524288 bytes, linear)
[    0.894911] NET: Registered PF_UNIX/PF_LOCAL protocol family
[    0.896418] NET: Registered PF_XDP protocol family
[    0.897692] pci_bus 0000:00: resource 4 [io  0x0000-0x0cf7 window]
[    0.899278] pci_bus 0000:00: resource 5 [io  0x0d00-0xffff window]
[    0.900905] pci_bus 0000:00: resource 6 [mem 0x000a0000-0x000bffff window]
[    0.902701] pci_bus 0000:00: resource 7 [mem 0x80000000-0xafffffff window]
[    0.904492] pci_bus 0000:00: resource 8 [mem 0xc0000000-0xfebfffff window]
[    0.906275] pci_bus 0000:00: resource 9 [mem 0x480000000-0xc7fffffff window]
[    0.908194] PCI: CLS 0 bytes, default 64
[    0.909336] PCI-DMA: Using software bounce buffering for IO (SWIOTLB)
[    0.909531] Trying to unpack rootfs image as initramfs...
[    0.911010] software IO TLB: mapped [mem 0x000000006f7ae000-0x00000000737ae000] (64MB)
[    0.911066] clocksource: tsc: mask: 0xffffffffffffffff max_cycles: 0x228ae3847f6, max_idle_ns: 440795295175 ns
[    0.920745] Initialise system trusted keyrings
[    0.921963] Key type blacklist registered
[    0.923278] workingset: timestamp_bits=36 max_order=22 bucket_order=0
[    0.925791] squashfs: version 4.0 (2009/01/31) Phillip Lougher
[    0.927694] fuse: init (API version 7.45)
[    0.929163] integrity: Platform Keyring initialized
[    0.930489] integrity: Machine keyring initialized
[    0.944617] Key type asymmetric registered
[    0.945751] Asymmetric key parser 'x509' registered
[    0.947110] Block layer SCSI generic (bsg) driver version 0.4 loaded (major 242)
[    0.949294] io scheduler mq-deadline registered
[    0.953703] ledtrig-cpu: registered to indicate activity on CPUs
[    0.955551] input: Power Button as /devices/platform/LNXPWRBN:00/input/input0
[    0.957548] ACPI: button: Power Button [PWRF]
[    0.960301] Serial: 8250/16550 driver, 32 ports, IRQ sharing enabled
[    0.987794] 00:02: ttyS0 at I/O 0x3f8 (irq = 4, base_baud = 115200) is a 16550A
[    0.993905] Linux agpgart interface v0.103
[    1.001172] loop: module loaded
[    1.002394] ACPI: bus type drm_connector registered
[    1.004017] tun: Universal TUN/TAP device driver, 1.6
[    1.005478] PPP generic driver version 2.4.2
[    1.006852] i8042: PNP: PS/2 Controller [PNP0303:KBD,PNP0f13:MOU] at 0x60,0x64 irq 1,12
[    1.010087] serio: i8042 KBD port at 0x60,0x64 irq 1
[    1.011436] serio: i8042 AUX port at 0x60,0x64 irq 12
[    1.012990] mousedev: PS/2 mouse device common for all mice
[    1.015081] input: AT Translated Set 2 keyboard as /devices/platform/i8042/serio0/input/input1
[    1.017416] rtc_cmos 00:03: RTC can wake from S4
[    1.019733] rtc_cmos 00:03: registered as rtc0
[    1.021050] rtc_cmos 00:03: setting system clock to 2026-10-04T22:53:59 UTC (1791154439)
[    1.023285] rtc_cmos 00:03: alarms up to one day, y3k, 242 bytes nvram, hpet irqs
[    1.025250] i2c_dev: i2c /dev entries driver
[    1.026430] device-mapper: core: CONFIG_IMA_DISABLE_HTABLE is disabled. Duplicate IMA measurements will not be recorded in the IMA log.
[    1.029648] device-mapper: uevent: version 1.0.3
[    1.031012] device-mapper: ioctl: 4.50.0-ioctl (2025-04-28) initialised: dm-devel@lists.linux.dev
[    1.033368] amd_pstate: The CPPC feature is supported but currently disabled by the BIOS.
[    1.033368] Please enable it if your BIOS has the CPPC option.
[    1.037053] amd_pstate: the _CPC object is not present in SBIOS or ACPI disabled
[    1.039082] drop_monitor: Initializing network drop monitor service
[    1.040927] NET: Registered PF_INET6 protocol family
[    1.042971] Segment Routing with IPv6
[    1.043975] In-situ OAM (IOAM) with IPv6
[    1.045058] NET: Registered PF_PACKET protocol family
[    1.046559] Key type dns_resolver registered
[    1.049252] IPI shorthand broadcast: enabled
[    1.050562] Freeing initrd memory: 205000K
[    1.053792] sched_clock: Marking stable (820003255, 233598405)->(1121376073, -67774413)
[    1.056901] registered taskstats version 1
[    1.058934] Loading compiled-in X.509 certificates
[    1.060851] Loaded X.509 cert 'Build time autogenerated kernel key: 454b3e9802e3c39a997a1e8863aaf8b3df15fbc0'
[    1.064022] Loaded X.509 cert 'Canonical Ltd. Live Patch Signing 2025 Kmod: d541cef61dc7e793b7eb7e899970a2eef0b5dc8c'
[    1.067248] Loaded X.509 cert 'Canonical Ltd. Live Patch Signing: 14df34d1a87cf37625abec039ef2bf521249b969'
[    1.070290] Loaded X.509 cert 'Canonical Ltd. Kernel Module Signing 2025 Kmod: 4627603d2357a2a3f81006370894c221175893e9'
[    1.073585] Loaded X.509 cert 'Canonical Ltd. Kernel Module Signing: 88f752e560a1e0737e31163a466ad7b70a850c19'
[    1.076210] blacklist: Loading compiled-in revocation X.509 certificates
[    1.077991] Loaded X.509 cert 'Canonical Ltd. Secure Boot Signing: 61482aa2830d0ab2ad5af10b7250da9033ddcef0'
[    1.080573] Loaded X.509 cert 'Canonical Ltd. Secure Boot Signing (2017): 242ade75ac4a15e50d50c84b0d45ff3eae707a03'
[    1.083304] Loaded X.509 cert 'Canonical Ltd. Secure Boot Signing (ESM 2018): 365188c1d374d6b07c3c8f240f8ef722433d6a8b'
[    1.086116] Loaded X.509 cert 'Canonical Ltd. Secure Boot Signing (2019): c0746fd6c5da3ae827864651ad66ae47fe24b3e8'
[    1.088859] Loaded X.509 cert 'Canonical Ltd. Secure Boot Signing (2021 v1): a8d54bbb3825cfb94fa13c9f8a594a195c107b8d'
[    1.091658] Loaded X.509 cert 'Canonical Ltd. Secure Boot Signing (2021 v2): 4cf046892d6fd3c9a5b03f98d845f90851dc6a8c'
[    1.094451] Loaded X.509 cert 'Canonical Ltd. Secure Boot Signing (2021 v3): 100437bb6de6e469b581e61cd66bce3ef4ed53af'
[    1.097245] Loaded X.509 cert 'Canonical Ltd. Secure Boot Signing (Ubuntu Core 2019): c1d57b8f6b743f23ee41f4f7ee292f06eecadfb9'
[    1.109015] Demotion targets for Node 0: null
[    1.110448] Key type .fscrypt registered
[    1.111512] Key type fscrypt-provisioning registered
[    1.112963] Key type big_key registered
[    1.115291] Key type encrypte[  128.800388] ACPI: PM: Preparing to enter system sleep state S5
d registered
[    1.116403] App[  128.803434] reboot: Power down
Armor: AppArmor sha256 policy hashing enabled
[    1.117921] ima: No TPM chip found, activating TPM-bypass!
[    1.119399] Loading compiled-in module X.509 certificates
[    1.121311] Loaded X.509 cert 'Build time autogenerated kernel key: 454b3e9802e3c39a997a1e8863aaf8b3df15fbc0'
[    1.123932] ima: Allocated hash algorithm: sha256
[    1.125207] ima: No architecture policies found
[    1.126464] evm: Initialising EVM extended attributes:
[    1.127844] evm: security.selinux
[    1.128753] evm: security.SMACK64
[    1.129664] evm: security.SMACK64EXEC
[    1.130666] evm: security.SMACK64TRANSMUTE
[    1.131774] evm: security.SMACK64MMAP
[    1.132770] evm: security.apparmor
[    1.133703] evm: security.ima
[    1.134504] evm: security.capability
[    1.135475] evm: HMAC attrs: 0x1
[    1.136718] PM:   Magic number: 14:0:906
[    1.138145] RAS: Correctable Errors collector initialized.
[    1.139980] clk: Disabling unused clocks
[    1.141046] PM: genpd: Disabling unused power domains
[    1.144328] Freeing unused decrypted memory: 2028K
[    1.146124] Freeing unused kernel image (initmem) memory: 5292K
[    1.147406] Write protecting the kernel read-only data: 43008k
[    1.149324] Freeing unused kernel image (text/rodata gap) memory: 776K
[    1.151114] Freeing unused kernel image (rodata/data gap) memory: 1668K
[    1.218822] x86/mm: Checked W+X mappings: passed, no W+X pages found.
[    1.220142] Run /init as init process
[    1.220961]   with arguments:
[    1.220965]     /init
[    1.220967]   with environment:
[    1.220969]     HOME=/
[    1.220971]     TERM=linux
[    1.237039] NET: Registered PF_VSOCK protocol family
[   30.857089] clocksource: Long readout interval, skipping watchdog check: cs_nsec: 2023397645 wd_nsec: 2023396889
[   91.602651] clocksource: Long readout interval, skipping watchdog check: cs_nsec: 7236043501 wd_nsec: 7236040665
BENCH_COMPLETE_EXIT=2
xtask failed: 
   0: [91mmetal run (one bootstrap lease session) failed with exit status: 1[0m

Location:
   [35mxtask/src/main.rs[0m:[35m1300[0m

Backtrace omitted. Run with RUST_BACKTRACE=1 environment variable to display it.
Run with RUST_BACKTRACE=full to include source snippets.
{"launcher_rc": 1, "wall_s": 805.5996430410305}
