{"ack_oob":true,"arm":true,"declare":[7300,7301,7302],"egress_ifs":[],"ev":"programs_loaded","flush":true,"intake_park":true,"pid":10904,"programs":[{"id":108,"name":"verdict","tag":"5f61753433e18fc2","verified_insns":884},{"id":109,"name":"strp_parse","tag":"22614579d5370f67","verified_insns":62},{"id":110,"name":"strp_verdict","tag":"4c631b1fcdb0e5f6","verified_insns":895},{"id":111,"name":"lo_decode(tcx lo egress)","tag":"1be1d280222d9e90","verified_insns":465},{"id":112,"name":"sent(fexit skb_send_sock)","tag":"038e16bf070d9335","verified_insns":41},{"id":113,"name":"connect4","tag":"ad52658a44f6fc01","verified_insns":234},{"id":114,"name":"sendmsg4","tag":"25313d2a991262c4","verified_insns":204},{"id":115,"name":"recvmsg4","tag":"5924dfd9424078bf","verified_insns":82},{"id":116,"name":"getpeername4","tag":"90774192d60dfced","verified_insns":127},{"id":117,"name":"sock_release","tag":"e4511879b8661ea8","verified_insns":69},{"id":118,"name":"sockops(root cgroup)","tag":"d3503b23d0e6960e","verified_insns":260},{"id":119,"name":"listen_start(fexit inet_csk_listen_start)","tag":"4198b5e2f7485261","verified_insns":215},{"id":120,"name":"listen_stop(fexit inet_csk_listen_stop)","tag":"baa4f715ec1b955e","verified_insns":136}],"role":"guest","tuple_from_peer":true,"udp_park":true,"unframe":"tc"}
{"ev":"park_pool","slots":256}
{"ev":"ctl_open","t_us":121685952}
{"dump1":3,"ev":"map_seeded","removed_after_dump2":0,"seeded":3}
{"ev":"listen_state_sent","event_to_send_us":null,"listeners":0,"listening":false,"map_read_us":40,"mode":"map","port":7300,"reason":"session_open","seq":1,"t_us":121686252}
{"ev":"listen_state_sent","event_to_send_us":null,"listeners":0,"listening":false,"map_read_us":165,"mode":"map","port":7301,"reason":"session_open","seq":2,"t_us":121686377}
{"ev":"listen_state_sent","event_to_send_us":null,"listeners":0,"listening":false,"map_read_us":297,"mode":"map","port":7302,"reason":"session_open","seq":3,"t_us":121686509}
{"ev":"guest_ready","slots":64,"w":"10.99.7.2"}
{"cookie":17867,"ev":"listen_event","family":2,"kind":"start","ktime_us":123708238,"port":7300,"reachable":true,"wake_lag_us":323}
{"ev":"listen_state_sent","event_to_send_us":509,"listeners":1,"listening":true,"map_read_us":71,"mode":"map","port":7300,"reason":"event","seq":4,"t_us":123708747}
{"ev":"bad_accept_request"}
{"ev":"ctl_closed","t_us":123710911}
{"err":"Connection reset by peer (os error 104)","ev":"ctl_connect_failed"}
{"err":"Connection reset by peer (os error 104)","ev":"ctl_connect_failed"}
{"ev":"ctl_open","t_us":124463513}
{"ev":"listen_state_sent","event_to_send_us":null,"listeners":1,"listening":true,"map_read_us":56,"mode":"map","port":7300,"reason":"session_open","seq":5,"t_us":124463625}
{"ev":"listen_state_sent","event_to_send_us":null,"listeners":0,"listening":false,"map_read_us":211,"mode":"map","port":7301,"reason":"session_open","seq":6,"t_us":124463780}
{"ev":"listen_state_sent","event_to_send_us":null,"listeners":0,"listening":false,"map_read_us":360,"mode":"map","port":7302,"reason":"session_open","seq":7,"t_us":124463929}
{"client":"<metal-address>:37580","ev":"tcp_accept","flow":2,"gport":7300}
{"client":"<metal-address>:37596","ev":"tcp_accept","flow":4,"gport":7300}
{"age_ms":1,"ev":"flow_closed","flow":2,"kind":2,"reset":false,"why":"both_directions_done"}
{"age_ms":2,"ev":"flow_closed","flow":4,"kind":2,"reset":false,"why":"both_directions_done"}
{"cookie":14919,"ev":"listen_event","family":2,"kind":"start","ktime_us":124691198,"port":7302,"reachable":true,"wake_lag_us":29}
{"cookie":14919,"ev":"listen_event","family":2,"kind":"stop","ktime_us":124691217,"port":7302,"reachable":true,"wake_lag_us":10}
{"cookie":14920,"ev":"listen_event","family":2,"kind":"start","ktime_us":124691238,"port":7302,"reachable":true,"wake_lag_us":268}
{"cookie":14920,"ev":"listen_event","family":2,"kind":"stop","ktime_us":124691247,"port":7302,"reachable":true,"wake_lag_us":259}
{"cookie":14921,"ev":"listen_event","family":2,"kind":"start","ktime_us":124691264,"port":7302,"reachable":true,"wake_lag_us":242}
{"cookie":14921,"ev":"listen_event","family":2,"kind":"stop","ktime_us":124691267,"port":7302,"reachable":true,"wake_lag_us":239}
{"cookie":14922,"ev":"listen_event","family":2,"kind":"start","ktime_us":124691283,"port":7302,"reachable":true,"wake_lag_us":223}
{"cookie":14922,"ev":"listen_event","family":2,"kind":"stop","ktime_us":124691286,"port":7302,"reachable":true,"wake_lag_us":220}
{"cookie":14923,"ev":"listen_event","family":2,"kind":"start","ktime_us":124691302,"port":7302,"reachable":true,"wake_lag_us":204}
{"cookie":14923,"ev":"listen_event","family":2,"kind":"stop","ktime_us":124691306,"port":7302,"reachable":true,"wake_lag_us":200}
{"cookie":14924,"ev":"listen_event","family":2,"kind":"start","ktime_us":124691321,"port":7302,"reachable":true,"wake_lag_us":185}
{"cookie":14924,"ev":"listen_event","family":2,"kind":"stop","ktime_us":124691325,"port":7302,"reachable":true,"wake_lag_us":181}
{"cookie":14925,"ev":"listen_event","family":2,"kind":"start","ktime_us":124691354,"port":7302,"reachable":true,"wake_lag_us":152}
{"cookie":14925,"ev":"listen_event","family":2,"kind":"stop","ktime_us":124691357,"port":7302,"reachable":true,"wake_lag_us":149}
{"cookie":14926,"ev":"listen_event","family":2,"kind":"start","ktime_us":124691374,"port":7302,"reachable":true,"wake_lag_us":132}
{"cookie":14926,"ev":"listen_event","family":2,"kind":"stop","ktime_us":124691377,"port":7302,"reachable":true,"wake_lag_us":129}
{"cookie":14927,"ev":"listen_event","family":2,"kind":"start","ktime_us":124691410,"port":7302,"reachable":true,"wake_lag_us":96}
{"cookie":14927,"ev":"listen_event","family":2,"kind":"stop","ktime_us":124691414,"port":7302,"reachable":true,"wake_lag_us":92}
{"cookie":14928,"ev":"listen_event","family":2,"kind":"start","ktime_us":124691430,"port":7302,"reachable":true,"wake_lag_us":76}
{"cookie":14928,"ev":"listen_event","family":2,"kind":"stop","ktime_us":124691433,"port":7302,"reachable":true,"wake_lag_us":73}
{"cookie":14929,"ev":"listen_event","family":2,"kind":"start","ktime_us":124691455,"port":7302,"reachable":true,"wake_lag_us":51}
{"cookie":14929,"ev":"listen_event","family":2,"kind":"stop","ktime_us":124691458,"port":7302,"reachable":true,"wake_lag_us":48}
{"cookie":14930,"ev":"listen_event","family":2,"kind":"start","ktime_us":124691474,"port":7302,"reachable":true,"wake_lag_us":32}
{"cookie":14930,"ev":"listen_event","family":2,"kind":"stop","ktime_us":124691477,"port":7302,"reachable":true,"wake_lag_us":29}
{"cookie":14931,"ev":"listen_event","family":2,"kind":"start","ktime_us":124691493,"port":7302,"reachable":true,"wake_lag_us":13}
{"cookie":14931,"ev":"listen_event","family":2,"kind":"stop","ktime_us":124691496,"port":7302,"reachable":true,"wake_lag_us":10}
{"cookie":14932,"ev":"listen_event","family":2,"kind":"start","ktime_us":124691512,"port":7302,"reachable":true,"wake_lag_us":2548}
{"cookie":14932,"ev":"listen_event","family":2,"kind":"stop","ktime_us":124691521,"port":7302,"reachable":true,"wake_lag_us":2539}
{"cookie":14933,"ev":"listen_event","family":2,"kind":"start","ktime_us":124691537,"port":7302,"reachable":true,"wake_lag_us":2523}
{"cookie":14933,"ev":"listen_event","family":2,"kind":"stop","ktime_us":124691541,"port":7302,"reachable":true,"wake_lag_us":2519}
{"cookie":14934,"ev":"listen_event","family":2,"kind":"start","ktime_us":124691556,"port":7302,"reachable":true,"wake_lag_us":2504}
{"cookie":14934,"ev":"listen_event","family":2,"kind":"stop","ktime_us":124691560,"port":7302,"reachable":true,"wake_lag_us":2500}
{"cookie":14935,"ev":"listen_event","family":2,"kind":"start","ktime_us":124691575,"port":7302,"reachable":true,"wake_lag_us":2485}
{"cookie":14935,"ev":"listen_event","family":2,"kind":"stop","ktime_us":124691579,"port":7302,"reachable":true,"wake_lag_us":2481}
{"cookie":14936,"ev":"listen_event","family":2,"kind":"start","ktime_us":124691594,"port":7302,"reachable":true,"wake_lag_us":2466}
{"cookie":14936,"ev":"listen_event","family":2,"kind":"stop","ktime_us":124691598,"port":7302,"reachable":true,"wake_lag_us":2462}
{"cookie":14937,"ev":"listen_event","family":2,"kind":"start","ktime_us":124691619,"port":7302,"reachable":true,"wake_lag_us":2441}
{"cookie":14937,"ev":"listen_event","family":2,"kind":"stop","ktime_us":124691622,"port":7302,"reachable":true,"wake_lag_us":2438}
{"cookie":14938,"ev":"listen_event","family":2,"kind":"start","ktime_us":124691638,"port":7302,"reachable":true,"wake_lag_us":2422}
{"cookie":14938,"ev":"listen_event","family":2,"kind":"stop","ktime_us":124691641,"port":7302,"reachable":true,"wake_lag_us":2419}
{"cookie":14939,"ev":"listen_event","family":2,"kind":"start","ktime_us":124691657,"port":7302,"reachable":true,"wake_lag_us":2403}
{"cookie":14939,"ev":"listen_event","family":2,"kind":"stop","ktime_us":124691660,"port":7302,"reachable":true,"wake_lag_us":2400}
{"cookie":14940,"ev":"listen_event","family":2,"kind":"start","ktime_us":124691676,"port":7302,"reachable":true,"wake_lag_us":2384}
{"cookie":14940,"ev":"listen_event","family":2,"kind":"stop","ktime_us":124691679,"port":7302,"reachable":true,"wake_lag_us":2381}
{"cookie":14941,"ev":"listen_event","family":2,"kind":"start","ktime_us":124691695,"port":7302,"reachable":true,"wake_lag_us":2365}
{"cookie":14941,"ev":"listen_event","family":2,"kind":"stop","ktime_us":124691698,"port":7302,"reachable":true,"wake_lag_us":2362}
{"cookie":14942,"ev":"listen_event","family":2,"kind":"start","ktime_us":124691715,"port":7302,"reachable":true,"wake_lag_us":2345}
{"cookie":14942,"ev":"listen_event","family":2,"kind":"stop","ktime_us":124691718,"port":7302,"reachable":true,"wake_lag_us":2342}
{"cookie":14943,"ev":"listen_event","family":2,"kind":"start","ktime_us":124691734,"port":7302,"reachable":true,"wake_lag_us":2326}
{"cookie":14943,"ev":"listen_event","family":2,"kind":"stop","ktime_us":124691737,"port":7302,"reachable":true,"wake_lag_us":2323}
{"cookie":14944,"ev":"listen_event","family":2,"kind":"start","ktime_us":124691753,"port":7302,"reachable":true,"wake_lag_us":2307}
{"cookie":14944,"ev":"listen_event","family":2,"kind":"stop","ktime_us":124691756,"port":7302,"reachable":true,"wake_lag_us":2304}
{"cookie":14945,"ev":"listen_event","family":2,"kind":"start","ktime_us":124691772,"port":7302,"reachable":true,"wake_lag_us":2288}
{"cookie":14945,"ev":"listen_event","family":2,"kind":"stop","ktime_us":124691776,"port":7302,"reachable":true,"wake_lag_us":2284}
{"cookie":14946,"ev":"listen_event","family":2,"kind":"start","ktime_us":124691792,"port":7302,"reachable":true,"wake_lag_us":2268}
{"cookie":14946,"ev":"listen_event","family":2,"kind":"stop","ktime_us":124691795,"port":7302,"reachable":true,"wake_lag_us":2265}
{"cookie":14947,"ev":"listen_event","family":2,"kind":"start","ktime_us":124691811,"port":7302,"reachable":true,"wake_lag_us":2249}
{"cookie":14947,"ev":"listen_event","family":2,"kind":"stop","ktime_us":124691814,"port":7302,"reachable":true,"wake_lag_us":2246}
{"cookie":14948,"ev":"listen_event","family":2,"kind":"start","ktime_us":124691830,"port":7302,"reachable":true,"wake_lag_us":2230}
{"cookie":14948,"ev":"listen_event","family":2,"kind":"stop","ktime_us":124691833,"port":7302,"reachable":true,"wake_lag_us":2227}
{"cookie":14949,"ev":"listen_event","family":2,"kind":"start","ktime_us":124691859,"port":7302,"reachable":true,"wake_lag_us":2201}
{"cookie":14949,"ev":"listen_event","family":2,"kind":"stop","ktime_us":124691862,"port":7302,"reachable":true,"wake_lag_us":2198}
{"cookie":14950,"ev":"listen_event","family":2,"kind":"start","ktime_us":124691905,"port":7302,"reachable":true,"wake_lag_us":2155}
{"cookie":14950,"ev":"listen_event","family":2,"kind":"stop","ktime_us":124691909,"port":7302,"reachable":true,"wake_lag_us":2151}
{"cookie":14951,"ev":"listen_event","family":2,"kind":"start","ktime_us":124691926,"port":7302,"reachable":true,"wake_lag_us":2134}
{"cookie":14951,"ev":"listen_event","family":2,"kind":"stop","ktime_us":124691929,"port":7302,"reachable":true,"wake_lag_us":2131}
{"cookie":14952,"ev":"listen_event","family":2,"kind":"start","ktime_us":124691945,"port":7302,"reachable":true,"wake_lag_us":2115}
{"cookie":14952,"ev":"listen_event","family":2,"kind":"stop","ktime_us":124691948,"port":7302,"reachable":true,"wake_lag_us":2112}
{"cookie":14953,"ev":"listen_event","family":2,"kind":"start","ktime_us":124691973,"port":7302,"reachable":true,"wake_lag_us":2087}
{"cookie":14953,"ev":"listen_event","family":2,"kind":"stop","ktime_us":124691976,"port":7302,"reachable":true,"wake_lag_us":2084}
{"cookie":14954,"ev":"listen_event","family":2,"kind":"start","ktime_us":124691992,"port":7302,"reachable":true,"wake_lag_us":2068}
{"cookie":14954,"ev":"listen_event","family":2,"kind":"stop","ktime_us":124691995,"port":7302,"reachable":true,"wake_lag_us":2065}
{"cookie":14955,"ev":"listen_event","family":2,"kind":"start","ktime_us":124692048,"port":7302,"reachable":true,"wake_lag_us":2012}
{"cookie":14955,"ev":"listen_event","family":2,"kind":"stop","ktime_us":124692051,"port":7302,"reachable":true,"wake_lag_us":2009}
{"cookie":14956,"ev":"listen_event","family":2,"kind":"start","ktime_us":124692067,"port":7302,"reachable":true,"wake_lag_us":1993}
{"cookie":14956,"ev":"listen_event","family":2,"kind":"stop","ktime_us":124692070,"port":7302,"reachable":true,"wake_lag_us":1990}
{"cookie":14957,"ev":"listen_event","family":2,"kind":"start","ktime_us":124692086,"port":7302,"reachable":true,"wake_lag_us":1974}
{"cookie":14957,"ev":"listen_event","family":2,"kind":"stop","ktime_us":124692089,"port":7302,"reachable":true,"wake_lag_us":1971}
{"cookie":14958,"ev":"listen_event","family":2,"kind":"start","ktime_us":124692105,"port":7302,"reachable":true,"wake_lag_us":1955}
{"cookie":14958,"ev":"listen_event","family":2,"kind":"stop","ktime_us":124692108,"port":7302,"reachable":true,"wake_lag_us":1952}
{"cookie":14959,"ev":"listen_event","family":2,"kind":"start","ktime_us":124692123,"port":7302,"reachable":true,"wake_lag_us":1937}
{"cookie":14959,"ev":"listen_event","family":2,"kind":"stop","ktime_us":124692127,"port":7302,"reachable":true,"wake_lag_us":1933}
{"cookie":14960,"ev":"listen_event","family":2,"kind":"start","ktime_us":124692142,"port":7302,"reachable":true,"wake_lag_us":1918}
{"cookie":14960,"ev":"listen_event","family":2,"kind":"stop","ktime_us":124692145,"port":7302,"reachable":true,"wake_lag_us":1915}
{"cookie":14961,"ev":"listen_event","family":2,"kind":"start","ktime_us":124692165,"port":7302,"reachable":true,"wake_lag_us":1895}
{"cookie":14961,"ev":"listen_event","family":2,"kind":"stop","ktime_us":124692168,"port":7302,"reachable":true,"wake_lag_us":1892}
{"cookie":14962,"ev":"listen_event","family":2,"kind":"start","ktime_us":124692184,"port":7302,"reachable":true,"wake_lag_us":1876}
{"cookie":14962,"ev":"listen_event","family":2,"kind":"stop","ktime_us":124692187,"port":7302,"reachable":true,"wake_lag_us":1873}
{"cookie":14963,"ev":"listen_event","family":2,"kind":"start","ktime_us":124692203,"port":7302,"reachable":true,"wake_lag_us":1857}
{"cookie":14963,"ev":"listen_event","family":2,"kind":"stop","ktime_us":124692206,"port":7302,"reachable":true,"wake_lag_us":1854}
{"cookie":14964,"ev":"listen_event","family":2,"kind":"start","ktime_us":124692222,"port":7302,"reachable":true,"wake_lag_us":1838}
{"cookie":14964,"ev":"listen_event","family":2,"kind":"stop","ktime_us":124692225,"port":7302,"reachable":true,"wake_lag_us":1835}
{"cookie":14965,"ev":"listen_event","family":2,"kind":"start","ktime_us":124692241,"port":7302,"reachable":true,"wake_lag_us":1819}
{"cookie":14965,"ev":"listen_event","family":2,"kind":"stop","ktime_us":124692244,"port":7302,"reachable":true,"wake_lag_us":1816}
{"cookie":14966,"ev":"listen_event","family":2,"kind":"start","ktime_us":124692260,"port":7302,"reachable":true,"wake_lag_us":1800}
{"cookie":14966,"ev":"listen_event","family":2,"kind":"stop","ktime_us":124692263,"port":7302,"reachable":true,"wake_lag_us":1797}
{"cookie":14967,"ev":"listen_event","family":2,"kind":"start","ktime_us":124692279,"port":7302,"reachable":true,"wake_lag_us":1781}
{"cookie":14967,"ev":"listen_event","family":2,"kind":"stop","ktime_us":124692282,"port":7302,"reachable":true,"wake_lag_us":1778}
{"cookie":14968,"ev":"listen_event","family":2,"kind":"start","ktime_us":124692297,"port":7302,"reachable":true,"wake_lag_us":1763}
{"cookie":14968,"ev":"listen_event","family":2,"kind":"stop","ktime_us":124692301,"port":7302,"reachable":true,"wake_lag_us":1759}
{"cookie":14969,"ev":"listen_event","family":2,"kind":"start","ktime_us":124692316,"port":7302,"reachable":true,"wake_lag_us":1744}
{"cookie":14969,"ev":"listen_event","family":2,"kind":"stop","ktime_us":124692319,"port":7302,"reachable":true,"wake_lag_us":1741}
{"cookie":14970,"ev":"listen_event","family":2,"kind":"start","ktime_us":124692335,"port":7302,"reachable":true,"wake_lag_us":1725}
{"cookie":14970,"ev":"listen_event","family":2,"kind":"stop","ktime_us":124692338,"port":7302,"reachable":true,"wake_lag_us":1722}
{"cookie":14971,"ev":"listen_event","family":2,"kind":"start","ktime_us":124692354,"port":7302,"reachable":true,"wake_lag_us":1706}
{"cookie":14971,"ev":"listen_event","family":2,"kind":"stop","ktime_us":124692357,"port":7302,"reachable":true,"wake_lag_us":1703}
{"cookie":14972,"ev":"listen_event","family":2,"kind":"start","ktime_us":124692373,"port":7302,"reachable":true,"wake_lag_us":1687}
{"cookie":14972,"ev":"listen_event","family":2,"kind":"stop","ktime_us":124692376,"port":7302,"reachable":true,"wake_lag_us":1684}
{"cookie":14973,"ev":"listen_event","family":2,"kind":"start","ktime_us":124692409,"port":7302,"reachable":true,"wake_lag_us":1651}
{"cookie":14973,"ev":"listen_event","family":2,"kind":"stop","ktime_us":124692412,"port":7302,"reachable":true,"wake_lag_us":1648}
{"cookie":14974,"ev":"listen_event","family":2,"kind":"start","ktime_us":124692428,"port":7302,"reachable":true,"wake_lag_us":1632}
{"cookie":14974,"ev":"listen_event","family":2,"kind":"stop","ktime_us":124692431,"port":7302,"reachable":true,"wake_lag_us":1629}
{"cookie":14975,"ev":"listen_event","family":2,"kind":"start","ktime_us":124692447,"port":7302,"reachable":true,"wake_lag_us":1613}
{"cookie":14975,"ev":"listen_event","family":2,"kind":"stop","ktime_us":124692450,"port":7302,"reachable":true,"wake_lag_us":1610}
{"cookie":14976,"ev":"listen_event","family":2,"kind":"start","ktime_us":124692466,"port":7302,"reachable":true,"wake_lag_us":1594}
{"cookie":14976,"ev":"listen_event","family":2,"kind":"stop","ktime_us":124692469,"port":7302,"reachable":true,"wake_lag_us":1591}
{"cookie":14977,"ev":"listen_event","family":2,"kind":"start","ktime_us":124692485,"port":7302,"reachable":true,"wake_lag_us":1575}
{"cookie":14977,"ev":"listen_event","family":2,"kind":"stop","ktime_us":124692488,"port":7302,"reachable":true,"wake_lag_us":1572}
{"cookie":14978,"ev":"listen_event","family":2,"kind":"start","ktime_us":124692504,"port":7302,"reachable":true,"wake_lag_us":1556}
{"cookie":14978,"ev":"listen_event","family":2,"kind":"stop","ktime_us":124692507,"port":7302,"reachable":true,"wake_lag_us":1553}
{"cookie":14979,"ev":"listen_event","family":2,"kind":"start","ktime_us":124692524,"port":7302,"reachable":true,"wake_lag_us":1536}
{"cookie":14979,"ev":"listen_event","family":2,"kind":"stop","ktime_us":124692527,"port":7302,"reachable":true,"wake_lag_us":1533}
{"cookie":14980,"ev":"listen_event","family":2,"kind":"start","ktime_us":124692543,"port":7302,"reachable":true,"wake_lag_us":1517}
{"cookie":14980,"ev":"listen_event","family":2,"kind":"stop","ktime_us":124692547,"port":7302,"reachable":true,"wake_lag_us":1513}
{"cookie":14981,"ev":"listen_event","family":2,"kind":"start","ktime_us":124692562,"port":7302,"reachable":true,"wake_lag_us":1498}
{"cookie":14981,"ev":"listen_event","family":2,"kind":"stop","ktime_us":124692566,"port":7302,"reachable":true,"wake_lag_us":1494}
{"cookie":14982,"ev":"listen_event","family":2,"kind":"start","ktime_us":124692587,"port":7302,"reachable":true,"wake_lag_us":1473}
{"cookie":14982,"ev":"listen_event","family":2,"kind":"stop","ktime_us":124692590,"port":7302,"reachable":true,"wake_lag_us":1470}
{"cookie":14983,"ev":"listen_event","family":2,"kind":"start","ktime_us":124692606,"port":7302,"reachable":true,"wake_lag_us":1454}
{"cookie":14983,"ev":"listen_event","family":2,"kind":"stop","ktime_us":124692609,"port":7302,"reachable":true,"wake_lag_us":1451}
{"cookie":14984,"ev":"listen_event","family":2,"kind":"start","ktime_us":124692624,"port":7302,"reachable":true,"wake_lag_us":1436}
{"cookie":14984,"ev":"listen_event","family":2,"kind":"stop","ktime_us":124692628,"port":7302,"reachable":true,"wake_lag_us":1432}
{"cookie":14985,"ev":"listen_event","family":2,"kind":"start","ktime_us":124692647,"port":7302,"reachable":true,"wake_lag_us":1413}
{"cookie":14985,"ev":"listen_event","family":2,"kind":"stop","ktime_us":124692651,"port":7302,"reachable":true,"wake_lag_us":1409}
{"cookie":14986,"ev":"listen_event","family":2,"kind":"start","ktime_us":124692667,"port":7302,"reachable":true,"wake_lag_us":1393}
{"cookie":14986,"ev":"listen_event","family":2,"kind":"stop","ktime_us":124692670,"port":7302,"reachable":true,"wake_lag_us":1390}
{"cookie":14987,"ev":"listen_event","family":2,"kind":"start","ktime_us":124692685,"port":7302,"reachable":true,"wake_lag_us":1375}
{"cookie":14987,"ev":"listen_event","family":2,"kind":"stop","ktime_us":124692689,"port":7302,"reachable":true,"wake_lag_us":1371}
{"cookie":14988,"ev":"listen_event","family":2,"kind":"start","ktime_us":124692705,"port":7302,"reachable":true,"wake_lag_us":1355}
{"cookie":14988,"ev":"listen_event","family":2,"kind":"stop","ktime_us":124692708,"port":7302,"reachable":true,"wake_lag_us":1352}
{"cookie":14989,"ev":"listen_event","family":2,"kind":"start","ktime_us":124692731,"port":7302,"reachable":true,"wake_lag_us":1329}
{"cookie":14989,"ev":"listen_event","family":2,"kind":"stop","ktime_us":124692734,"port":7302,"reachable":true,"wake_lag_us":1326}
{"cookie":14990,"ev":"listen_event","family":2,"kind":"start","ktime_us":124692751,"port":7302,"reachable":true,"wake_lag_us":1309}
{"cookie":14990,"ev":"listen_event","family":2,"kind":"stop","ktime_us":124692754,"port":7302,"reachable":true,"wake_lag_us":1306}
{"cookie":14991,"ev":"listen_event","family":2,"kind":"start","ktime_us":124692771,"port":7302,"reachable":true,"wake_lag_us":1289}
{"cookie":14991,"ev":"listen_event","family":2,"kind":"stop","ktime_us":124692774,"port":7302,"reachable":true,"wake_lag_us":1286}
{"cookie":14992,"ev":"listen_event","family":2,"kind":"start","ktime_us":124692790,"port":7302,"reachable":true,"wake_lag_us":1270}
{"cookie":14992,"ev":"listen_event","family":2,"kind":"stop","ktime_us":124692794,"port":7302,"reachable":true,"wake_lag_us":1266}
{"cookie":14993,"ev":"listen_event","family":2,"kind":"start","ktime_us":124692810,"port":7302,"reachable":true,"wake_lag_us":1250}
{"cookie":14993,"ev":"listen_event","family":2,"kind":"stop","ktime_us":124692813,"port":7302,"reachable":true,"wake_lag_us":1247}
{"cookie":14994,"ev":"listen_event","family":2,"kind":"start","ktime_us":124692829,"port":7302,"reachable":true,"wake_lag_us":1231}
{"cookie":14994,"ev":"listen_event","family":2,"kind":"stop","ktime_us":124692832,"port":7302,"reachable":true,"wake_lag_us":1228}
{"cookie":14995,"ev":"listen_event","family":2,"kind":"start","ktime_us":124692847,"port":7302,"reachable":true,"wake_lag_us":1213}
{"cookie":14995,"ev":"listen_event","family":2,"kind":"stop","ktime_us":124692851,"port":7302,"reachable":true,"wake_lag_us":1209}
{"cookie":14996,"ev":"listen_event","family":2,"kind":"start","ktime_us":124692866,"port":7302,"reachable":true,"wake_lag_us":1194}
{"cookie":14996,"ev":"listen_event","family":2,"kind":"stop","ktime_us":124692870,"port":7302,"reachable":true,"wake_lag_us":1190}
{"cookie":14997,"ev":"listen_event","family":2,"kind":"start","ktime_us":124692890,"port":7302,"reachable":true,"wake_lag_us":1170}
{"cookie":14997,"ev":"listen_event","family":2,"kind":"stop","ktime_us":124692893,"port":7302,"reachable":true,"wake_lag_us":1167}
{"cookie":14998,"ev":"listen_event","family":2,"kind":"start","ktime_us":124692909,"port":7302,"reachable":true,"wake_lag_us":1151}
{"cookie":14998,"ev":"listen_event","family":2,"kind":"stop","ktime_us":124692912,"port":7302,"reachable":true,"wake_lag_us":1148}
{"cookie":14999,"ev":"listen_event","family":2,"kind":"start","ktime_us":124692928,"port":7302,"reachable":true,"wake_lag_us":1132}
{"cookie":14999,"ev":"listen_event","family":2,"kind":"stop","ktime_us":124692931,"port":7302,"reachable":true,"wake_lag_us":1129}
{"cookie":15000,"ev":"listen_event","family":2,"kind":"start","ktime_us":124692949,"port":7302,"reachable":true,"wake_lag_us":1111}
{"cookie":15000,"ev":"listen_event","family":2,"kind":"stop","ktime_us":124692972,"port":7302,"reachable":true,"wake_lag_us":1088}
{"cookie":15001,"ev":"listen_event","family":2,"kind":"start","ktime_us":124692988,"port":7302,"reachable":true,"wake_lag_us":1072}
{"cookie":15001,"ev":"listen_event","family":2,"kind":"stop","ktime_us":124692992,"port":7302,"reachable":true,"wake_lag_us":1068}
{"cookie":15002,"ev":"listen_event","family":2,"kind":"start","ktime_us":124693023,"port":7302,"reachable":true,"wake_lag_us":1037}
{"cookie":15002,"ev":"listen_event","family":2,"kind":"stop","ktime_us":124693026,"port":7302,"reachable":true,"wake_lag_us":1034}
{"cookie":15003,"ev":"listen_event","family":2,"kind":"start","ktime_us":124693042,"port":7302,"reachable":true,"wake_lag_us":1018}
{"cookie":15003,"ev":"listen_event","family":2,"kind":"stop","ktime_us":124693045,"port":7302,"reachable":true,"wake_lag_us":1015}
{"cookie":15004,"ev":"listen_event","family":2,"kind":"start","ktime_us":124693061,"port":7302,"reachable":true,"wake_lag_us":999}
{"cookie":15004,"ev":"listen_event","family":2,"kind":"stop","ktime_us":124693064,"port":7302,"reachable":true,"wake_lag_us":996}
{"cookie":15005,"ev":"listen_event","family":2,"kind":"start","ktime_us":124693080,"port":7302,"reachable":true,"wake_lag_us":980}
{"cookie":15005,"ev":"listen_event","family":2,"kind":"stop","ktime_us":124693083,"port":7302,"reachable":true,"wake_lag_us":977}
{"cookie":15006,"ev":"listen_event","family":2,"kind":"start","ktime_us":124693099,"port":7302,"reachable":true,"wake_lag_us":961}
{"cookie":15006,"ev":"listen_event","family":2,"kind":"stop","ktime_us":124693102,"port":7302,"reachable":true,"wake_lag_us":958}
{"cookie":15007,"ev":"listen_event","family":2,"kind":"start","ktime_us":124693118,"port":7302,"reachable":true,"wake_lag_us":942}
{"cookie":15007,"ev":"listen_event","family":2,"kind":"stop","ktime_us":124693121,"port":7302,"reachable":true,"wake_lag_us":939}
{"cookie":15008,"ev":"listen_event","family":2,"kind":"start","ktime_us":124693137,"port":7302,"reachable":true,"wake_lag_us":923}
{"cookie":15008,"ev":"listen_event","family":2,"kind":"stop","ktime_us":124693140,"port":7302,"reachable":true,"wake_lag_us":920}
{"cookie":15009,"ev":"listen_event","family":2,"kind":"start","ktime_us":124693160,"port":7302,"reachable":true,"wake_lag_us":900}
{"cookie":15009,"ev":"listen_event","family":2,"kind":"stop","ktime_us":124693163,"port":7302,"reachable":true,"wake_lag_us":897}
{"cookie":15010,"ev":"listen_event","family":2,"kind":"start","ktime_us":124693189,"port":7302,"reachable":true,"wake_lag_us":871}
{"cookie":15010,"ev":"listen_event","family":2,"kind":"stop","ktime_us":124693192,"port":7302,"reachable":true,"wake_lag_us":868}
{"cookie":15011,"ev":"listen_event","family":2,"kind":"start","ktime_us":124693208,"port":7302,"reachable":true,"wake_lag_us":852}
{"cookie":15011,"ev":"listen_event","family":2,"kind":"stop","ktime_us":124693211,"port":7302,"reachable":true,"wake_lag_us":849}
{"cookie":15012,"ev":"listen_event","family":2,"kind":"start","ktime_us":124693227,"port":7302,"reachable":true,"wake_lag_us":833}
{"cookie":15012,"ev":"listen_event","family":2,"kind":"stop","ktime_us":124693230,"port":7302,"reachable":true,"wake_lag_us":830}
{"cookie":15013,"ev":"listen_event","family":2,"kind":"start","ktime_us":124693246,"port":7302,"reachable":true,"wake_lag_us":814}
{"cookie":15013,"ev":"listen_event","family":2,"kind":"stop","ktime_us":124693249,"port":7302,"reachable":true,"wake_lag_us":811}
{"cookie":15014,"ev":"listen_event","family":2,"kind":"start","ktime_us":124693264,"port":7302,"reachable":true,"wake_lag_us":796}
{"cookie":15014,"ev":"listen_event","family":2,"kind":"stop","ktime_us":124693268,"port":7302,"reachable":true,"wake_lag_us":792}
{"cookie":15015,"ev":"listen_event","family":2,"kind":"start","ktime_us":124693292,"port":7302,"reachable":true,"wake_lag_us":768}
{"cookie":15015,"ev":"listen_event","family":2,"kind":"stop","ktime_us":124693295,"port":7302,"reachable":true,"wake_lag_us":765}
{"cookie":15016,"ev":"listen_event","family":2,"kind":"start","ktime_us":124693311,"port":7302,"reachable":true,"wake_lag_us":749}
{"cookie":15016,"ev":"listen_event","family":2,"kind":"stop","ktime_us":124693314,"port":7302,"reachable":true,"wake_lag_us":746}
{"cookie":15017,"ev":"listen_event","family":2,"kind":"start","ktime_us":124693330,"port":7302,"reachable":true,"wake_lag_us":730}
{"cookie":15017,"ev":"listen_event","family":2,"kind":"stop","ktime_us":124693333,"port":7302,"reachable":true,"wake_lag_us":727}
{"cookie":15018,"ev":"listen_event","family":2,"kind":"start","ktime_us":124693349,"port":7302,"reachable":true,"wake_lag_us":711}
{"cookie":15018,"ev":"listen_event","family":2,"kind":"stop","ktime_us":124693352,"port":7302,"reachable":true,"wake_lag_us":708}
{"cookie":15019,"ev":"listen_event","family":2,"kind":"start","ktime_us":124693368,"port":7302,"reachable":true,"wake_lag_us":692}
{"cookie":15019,"ev":"listen_event","family":2,"kind":"stop","ktime_us":124693371,"port":7302,"reachable":true,"wake_lag_us":689}
{"cookie":15020,"ev":"listen_event","family":2,"kind":"start","ktime_us":124693403,"port":7302,"reachable":true,"wake_lag_us":657}
{"cookie":15020,"ev":"listen_event","family":2,"kind":"stop","ktime_us":124693407,"port":7302,"reachable":true,"wake_lag_us":653}
{"cookie":15021,"ev":"listen_event","family":2,"kind":"start","ktime_us":124693426,"port":7302,"reachable":true,"wake_lag_us":634}
{"cookie":15021,"ev":"listen_event","family":2,"kind":"stop","ktime_us":124693430,"port":7302,"reachable":true,"wake_lag_us":630}
{"cookie":15022,"ev":"listen_event","family":2,"kind":"start","ktime_us":124693446,"port":7302,"reachable":true,"wake_lag_us":614}
{"cookie":15022,"ev":"listen_event","family":2,"kind":"stop","ktime_us":124693449,"port":7302,"reachable":true,"wake_lag_us":611}
{"cookie":15023,"ev":"listen_event","family":2,"kind":"start","ktime_us":124693465,"port":7302,"reachable":true,"wake_lag_us":595}
{"cookie":15023,"ev":"listen_event","family":2,"kind":"stop","ktime_us":124693468,"port":7302,"reachable":true,"wake_lag_us":592}
{"cookie":15024,"ev":"listen_event","family":2,"kind":"start","ktime_us":124693483,"port":7302,"reachable":true,"wake_lag_us":577}
{"cookie":15024,"ev":"listen_event","family":2,"kind":"stop","ktime_us":124693486,"port":7302,"reachable":true,"wake_lag_us":574}
{"cookie":15025,"ev":"listen_event","family":2,"kind":"start","ktime_us":124693502,"port":7302,"reachable":true,"wake_lag_us":558}
{"cookie":15025,"ev":"listen_event","family":2,"kind":"stop","ktime_us":124693505,"port":7302,"reachable":true,"wake_lag_us":555}
{"cookie":15026,"ev":"listen_event","family":2,"kind":"start","ktime_us":124693521,"port":7302,"reachable":true,"wake_lag_us":539}
{"cookie":15026,"ev":"listen_event","family":2,"kind":"stop","ktime_us":124693524,"port":7302,"reachable":true,"wake_lag_us":536}
{"cookie":15027,"ev":"listen_event","family":2,"kind":"start","ktime_us":124693540,"port":7302,"reachable":true,"wake_lag_us":520}
{"cookie":15027,"ev":"listen_event","family":2,"kind":"stop","ktime_us":124693543,"port":7302,"reachable":true,"wake_lag_us":517}
{"cookie":15028,"ev":"listen_event","family":2,"kind":"start","ktime_us":124693559,"port":7302,"reachable":true,"wake_lag_us":501}
{"cookie":15028,"ev":"listen_event","family":2,"kind":"stop","ktime_us":124693562,"port":7302,"reachable":true,"wake_lag_us":498}
{"cookie":15029,"ev":"listen_event","family":2,"kind":"start","ktime_us":124693578,"port":7302,"reachable":true,"wake_lag_us":482}
{"cookie":15029,"ev":"listen_event","family":2,"kind":"stop","ktime_us":124693581,"port":7302,"reachable":true,"wake_lag_us":479}
{"cookie":15030,"ev":"listen_event","family":2,"kind":"start","ktime_us":124693596,"port":7302,"reachable":true,"wake_lag_us":464}
{"cookie":15030,"ev":"listen_event","family":2,"kind":"stop","ktime_us":124693600,"port":7302,"reachable":true,"wake_lag_us":460}
{"cookie":15031,"ev":"listen_event","family":2,"kind":"start","ktime_us":124693615,"port":7302,"reachable":true,"wake_lag_us":445}
{"cookie":15031,"ev":"listen_event","family":2,"kind":"stop","ktime_us":124693618,"port":7302,"reachable":true,"wake_lag_us":442}
{"cookie":15032,"ev":"listen_event","family":2,"kind":"start","ktime_us":124693634,"port":7302,"reachable":true,"wake_lag_us":426}
{"cookie":15032,"ev":"listen_event","family":2,"kind":"stop","ktime_us":124693637,"port":7302,"reachable":true,"wake_lag_us":423}
{"cookie":15033,"ev":"listen_event","family":2,"kind":"start","ktime_us":124693657,"port":7302,"reachable":true,"wake_lag_us":403}
{"cookie":15033,"ev":"listen_event","family":2,"kind":"stop","ktime_us":124693660,"port":7302,"reachable":true,"wake_lag_us":400}
{"cookie":15034,"ev":"listen_event","family":2,"kind":"start","ktime_us":124693676,"port":7302,"reachable":true,"wake_lag_us":384}
{"cookie":15034,"ev":"listen_event","family":2,"kind":"stop","ktime_us":124693679,"port":7302,"reachable":true,"wake_lag_us":381}
{"cookie":15035,"ev":"listen_event","family":2,"kind":"start","ktime_us":124693695,"port":7302,"reachable":true,"wake_lag_us":365}
{"cookie":15035,"ev":"listen_event","family":2,"kind":"stop","ktime_us":124693698,"port":7302,"reachable":true,"wake_lag_us":362}
{"cookie":15036,"ev":"listen_event","family":2,"kind":"start","ktime_us":124693713,"port":7302,"reachable":true,"wake_lag_us":347}
{"cookie":15036,"ev":"listen_event","family":2,"kind":"stop","ktime_us":124693717,"port":7302,"reachable":true,"wake_lag_us":343}
{"cookie":15037,"ev":"listen_event","family":2,"kind":"start","ktime_us":124693732,"port":7302,"reachable":true,"wake_lag_us":328}
{"cookie":15037,"ev":"listen_event","family":2,"kind":"stop","ktime_us":124693736,"port":7302,"reachable":true,"wake_lag_us":324}
{"cookie":15038,"ev":"listen_event","family":2,"kind":"start","ktime_us":124693756,"port":7302,"reachable":true,"wake_lag_us":304}
{"cookie":15038,"ev":"listen_event","family":2,"kind":"stop","ktime_us":124693759,"port":7302,"reachable":true,"wake_lag_us":301}
{"cookie":15039,"ev":"listen_event","family":2,"kind":"start","ktime_us":124693775,"port":7302,"reachable":true,"wake_lag_us":285}
{"cookie":15039,"ev":"listen_event","family":2,"kind":"stop","ktime_us":124693778,"port":7302,"reachable":true,"wake_lag_us":282}
{"cookie":15040,"ev":"listen_event","family":2,"kind":"start","ktime_us":124693794,"port":7302,"reachable":true,"wake_lag_us":266}
{"cookie":15040,"ev":"listen_event","family":2,"kind":"stop","ktime_us":124693797,"port":7302,"reachable":true,"wake_lag_us":263}
{"cookie":15041,"ev":"listen_event","family":2,"kind":"start","ktime_us":124693813,"port":7302,"reachable":true,"wake_lag_us":247}
{"cookie":15041,"ev":"listen_event","family":2,"kind":"stop","ktime_us":124693816,"port":7302,"reachable":true,"wake_lag_us":244}
{"cookie":15042,"ev":"listen_event","family":2,"kind":"start","ktime_us":124693832,"port":7302,"reachable":true,"wake_lag_us":228}
{"cookie":15042,"ev":"listen_event","family":2,"kind":"stop","ktime_us":124693835,"port":7302,"reachable":true,"wake_lag_us":225}
{"cookie":15043,"ev":"listen_event","family":2,"kind":"start","ktime_us":124693851,"port":7302,"reachable":true,"wake_lag_us":209}
{"cookie":15043,"ev":"listen_event","family":2,"kind":"stop","ktime_us":124693854,"port":7302,"reachable":true,"wake_lag_us":206}
{"cookie":15044,"ev":"listen_event","family":2,"kind":"start","ktime_us":124693870,"port":7302,"reachable":true,"wake_lag_us":190}
{"cookie":15044,"ev":"listen_event","family":2,"kind":"stop","ktime_us":124693873,"port":7302,"reachable":true,"wake_lag_us":187}
{"cookie":15045,"ev":"listen_event","family":2,"kind":"start","ktime_us":124693893,"port":7302,"reachable":true,"wake_lag_us":167}
{"cookie":15045,"ev":"listen_event","family":2,"kind":"stop","ktime_us":124693896,"port":7302,"reachable":true,"wake_lag_us":164}
{"cookie":15046,"ev":"listen_event","family":2,"kind":"start","ktime_us":124693912,"port":7302,"reachable":true,"wake_lag_us":148}
{"cookie":15046,"ev":"listen_event","family":2,"kind":"stop","ktime_us":124693915,"port":7302,"reachable":true,"wake_lag_us":145}
{"cookie":15047,"ev":"listen_event","family":2,"kind":"start","ktime_us":124693931,"port":7302,"reachable":true,"wake_lag_us":129}
{"cookie":15047,"ev":"listen_event","family":2,"kind":"stop","ktime_us":124693934,"port":7302,"reachable":true,"wake_lag_us":126}
{"cookie":15048,"ev":"listen_event","family":2,"kind":"start","ktime_us":124693950,"port":7302,"reachable":true,"wake_lag_us":110}
{"cookie":15048,"ev":"listen_event","family":2,"kind":"stop","ktime_us":124693953,"port":7302,"reachable":true,"wake_lag_us":107}
{"cookie":15049,"ev":"listen_event","family":2,"kind":"start","ktime_us":124693973,"port":7302,"reachable":true,"wake_lag_us":87}
{"cookie":15049,"ev":"listen_event","family":2,"kind":"stop","ktime_us":124693976,"port":7302,"reachable":true,"wake_lag_us":84}
{"cookie":15050,"ev":"listen_event","family":2,"kind":"start","ktime_us":124693992,"port":7302,"reachable":true,"wake_lag_us":68}
{"cookie":15050,"ev":"listen_event","family":2,"kind":"stop","ktime_us":124693995,"port":7302,"reachable":true,"wake_lag_us":65}
{"cookie":15051,"ev":"listen_event","family":2,"kind":"start","ktime_us":124694047,"port":7302,"reachable":true,"wake_lag_us":13}
{"cookie":15051,"ev":"listen_event","family":2,"kind":"stop","ktime_us":124694050,"port":7302,"reachable":true,"wake_lag_us":10}
{"cookie":15052,"ev":"listen_event","family":2,"kind":"start","ktime_us":124694067,"port":7302,"reachable":true,"wake_lag_us":24757}
{"cookie":15052,"ev":"listen_event","family":2,"kind":"stop","ktime_us":124694076,"port":7302,"reachable":true,"wake_lag_us":24748}
{"cookie":15053,"ev":"listen_event","family":2,"kind":"start","ktime_us":124694092,"port":7302,"reachable":true,"wake_lag_us":24732}
{"cookie":15053,"ev":"listen_event","family":2,"kind":"stop","ktime_us":124694096,"port":7302,"reachable":true,"wake_lag_us":24728}
{"cookie":15054,"ev":"listen_event","family":2,"kind":"start","ktime_us":124694111,"port":7302,"reachable":true,"wake_lag_us":24713}
{"cookie":15054,"ev":"listen_event","family":2,"kind":"stop","ktime_us":124694115,"port":7302,"reachable":true,"wake_lag_us":24709}
{"cookie":15055,"ev":"listen_event","family":2,"kind":"start","ktime_us":124694130,"port":7302,"reachable":true,"wake_lag_us":24694}
{"cookie":15055,"ev":"listen_event","family":2,"kind":"stop","ktime_us":124694133,"port":7302,"reachable":true,"wake_lag_us":24691}
{"cookie":15056,"ev":"listen_event","family":2,"kind":"start","ktime_us":124694149,"port":7302,"reachable":true,"wake_lag_us":24675}
{"cookie":15056,"ev":"listen_event","family":2,"kind":"stop","ktime_us":124694152,"port":7302,"reachable":true,"wake_lag_us":24672}
{"cookie":15057,"ev":"listen_event","family":2,"kind":"start","ktime_us":124694172,"port":7302,"reachable":true,"wake_lag_us":24652}
{"cookie":15057,"ev":"listen_event","family":2,"kind":"stop","ktime_us":124694175,"port":7302,"reachable":true,"wake_lag_us":24649}
{"cookie":15058,"ev":"listen_event","family":2,"kind":"start","ktime_us":124694191,"port":7302,"reachable":true,"wake_lag_us":24633}
{"cookie":15058,"ev":"listen_event","family":2,"kind":"stop","ktime_us":124694194,"port":7302,"reachable":true,"wake_lag_us":24630}
{"cookie":15059,"ev":"listen_event","family":2,"kind":"start","ktime_us":124694210,"port":7302,"reachable":true,"wake_lag_us":24614}
{"cookie":15059,"ev":"listen_event","family":2,"kind":"stop","ktime_us":124694213,"port":7302,"reachable":true,"wake_lag_us":24611}
{"cookie":15060,"ev":"listen_event","family":2,"kind":"start","ktime_us":124694229,"port":7302,"reachable":true,"wake_lag_us":24595}
{"cookie":15060,"ev":"listen_event","family":2,"kind":"stop","ktime_us":124694232,"port":7302,"reachable":true,"wake_lag_us":24592}
{"cookie":15061,"ev":"listen_event","family":2,"kind":"start","ktime_us":124694248,"port":7302,"reachable":true,"wake_lag_us":24576}
{"cookie":15061,"ev":"listen_event","family":2,"kind":"stop","ktime_us":124694251,"port":7302,"reachable":true,"wake_lag_us":24573}
{"cookie":15062,"ev":"listen_event","family":2,"kind":"start","ktime_us":124694267,"port":7302,"reachable":true,"wake_lag_us":24557}
{"cookie":15062,"ev":"listen_event","family":2,"kind":"stop","ktime_us":124694270,"port":7302,"reachable":true,"wake_lag_us":24554}
{"cookie":15063,"ev":"listen_event","family":2,"kind":"start","ktime_us":124694285,"port":7302,"reachable":true,"wake_lag_us":24539}
{"cookie":15063,"ev":"listen_event","family":2,"kind":"stop","ktime_us":124694289,"port":7302,"reachable":true,"wake_lag_us":24535}
{"cookie":15064,"ev":"listen_event","family":2,"kind":"start","ktime_us":124694304,"port":7302,"reachable":true,"wake_lag_us":24520}
{"cookie":15064,"ev":"listen_event","family":2,"kind":"stop","ktime_us":124694308,"port":7302,"reachable":true,"wake_lag_us":24516}
{"cookie":15065,"ev":"listen_event","family":2,"kind":"start","ktime_us":124694323,"port":7302,"reachable":true,"wake_lag_us":24501}
{"cookie":15065,"ev":"listen_event","family":2,"kind":"stop","ktime_us":124694326,"port":7302,"reachable":true,"wake_lag_us":24498}
{"cookie":15066,"ev":"listen_event","family":2,"kind":"start","ktime_us":124694347,"port":7302,"reachable":true,"wake_lag_us":24477}
{"cookie":15066,"ev":"listen_event","family":2,"kind":"stop","ktime_us":124694350,"port":7302,"reachable":true,"wake_lag_us":24474}
{"cookie":15067,"ev":"listen_event","family":2,"kind":"start","ktime_us":124694366,"port":7302,"reachable":true,"wake_lag_us":24458}
{"cookie":15067,"ev":"listen_event","family":2,"kind":"stop","ktime_us":124694369,"port":7302,"reachable":true,"wake_lag_us":24455}
{"cookie":15068,"ev":"listen_event","family":2,"kind":"start","ktime_us":124694385,"port":7302,"reachable":true,"wake_lag_us":24439}
{"cookie":15068,"ev":"listen_event","family":2,"kind":"stop","ktime_us":124694401,"port":7302,"reachable":true,"wake_lag_us":24423}
{"cookie":15069,"ev":"listen_event","family":2,"kind":"start","ktime_us":124694418,"port":7302,"reachable":true,"wake_lag_us":24406}
{"cookie":15069,"ev":"listen_event","family":2,"kind":"stop","ktime_us":124694421,"port":7302,"reachable":true,"wake_lag_us":24403}
{"cookie":15070,"ev":"listen_event","family":2,"kind":"start","ktime_us":124694437,"port":7302,"reachable":true,"wake_lag_us":24387}
{"cookie":15070,"ev":"listen_event","family":2,"kind":"stop","ktime_us":124694440,"port":7302,"reachable":true,"wake_lag_us":24384}
{"cookie":15071,"ev":"listen_event","family":2,"kind":"start","ktime_us":124694456,"port":7302,"reachable":true,"wake_lag_us":24368}
{"cookie":15071,"ev":"listen_event","family":2,"kind":"stop","ktime_us":124694459,"port":7302,"reachable":true,"wake_lag_us":24365}
{"cookie":15072,"ev":"listen_event","family":2,"kind":"start","ktime_us":124694475,"port":7302,"reachable":true,"wake_lag_us":24349}
{"cookie":15072,"ev":"listen_event","family":2,"kind":"stop","ktime_us":124694478,"port":7302,"reachable":true,"wake_lag_us":24346}
{"cookie":15073,"ev":"listen_event","family":2,"kind":"start","ktime_us":124694494,"port":7302,"reachable":true,"wake_lag_us":24330}
{"cookie":15073,"ev":"listen_event","family":2,"kind":"stop","ktime_us":124694497,"port":7302,"reachable":true,"wake_lag_us":24327}
{"cookie":15074,"ev":"listen_event","family":2,"kind":"start","ktime_us":124694513,"port":7302,"reachable":true,"wake_lag_us":24311}
{"cookie":15074,"ev":"listen_event","family":2,"kind":"stop","ktime_us":124694516,"port":7302,"reachable":true,"wake_lag_us":24308}
{"cookie":15075,"ev":"listen_event","family":2,"kind":"start","ktime_us":124694536,"port":7302,"reachable":true,"wake_lag_us":24288}
{"cookie":15075,"ev":"listen_event","family":2,"kind":"stop","ktime_us":124694539,"port":7302,"reachable":true,"wake_lag_us":24285}
{"cookie":15076,"ev":"listen_event","family":2,"kind":"start","ktime_us":124694555,"port":7302,"reachable":true,"wake_lag_us":24269}
{"cookie":15076,"ev":"listen_event","family":2,"kind":"stop","ktime_us":124694558,"port":7302,"reachable":true,"wake_lag_us":24266}
{"cookie":15077,"ev":"listen_event","family":2,"kind":"start","ktime_us":124694574,"port":7302,"reachable":true,"wake_lag_us":24250}
{"cookie":15077,"ev":"listen_event","family":2,"kind":"stop","ktime_us":124694577,"port":7302,"reachable":true,"wake_lag_us":24247}
{"cookie":15078,"ev":"listen_event","family":2,"kind":"start","ktime_us":124694593,"port":7302,"reachable":true,"wake_lag_us":24231}
{"cookie":15078,"ev":"listen_event","family":2,"kind":"stop","ktime_us":124694596,"port":7302,"reachable":true,"wake_lag_us":24228}
{"cookie":15079,"ev":"listen_event","family":2,"kind":"start","ktime_us":124694612,"port":7302,"reachable":true,"wake_lag_us":24212}
{"cookie":15079,"ev":"listen_event","family":2,"kind":"stop","ktime_us":124694615,"port":7302,"reachable":true,"wake_lag_us":24209}
{"cookie":15080,"ev":"listen_event","family":2,"kind":"start","ktime_us":124694631,"port":7302,"reachable":true,"wake_lag_us":24193}
{"cookie":15080,"ev":"listen_event","family":2,"kind":"stop","ktime_us":124694634,"port":7302,"reachable":true,"wake_lag_us":24190}
{"cookie":15081,"ev":"listen_event","family":2,"kind":"start","ktime_us":124694653,"port":7302,"reachable":true,"wake_lag_us":24171}
{"cookie":15081,"ev":"listen_event","family":2,"kind":"stop","ktime_us":124694657,"port":7302,"reachable":true,"wake_lag_us":24167}
{"cookie":15082,"ev":"listen_event","family":2,"kind":"start","ktime_us":124694673,"port":7302,"reachable":true,"wake_lag_us":24151}
{"cookie":15082,"ev":"listen_event","family":2,"kind":"stop","ktime_us":124694676,"port":7302,"reachable":true,"wake_lag_us":24148}
{"cookie":15083,"ev":"listen_event","family":2,"kind":"start","ktime_us":124694692,"port":7302,"reachable":true,"wake_lag_us":24132}
{"cookie":15083,"ev":"listen_event","family":2,"kind":"stop","ktime_us":124694695,"port":7302,"reachable":true,"wake_lag_us":24129}
{"cookie":15084,"ev":"listen_event","family":2,"kind":"start","ktime_us":124694711,"port":7302,"reachable":true,"wake_lag_us":24113}
{"cookie":15084,"ev":"listen_event","family":2,"kind":"stop","ktime_us":124694714,"port":7302,"reachable":true,"wake_lag_us":24110}
{"cookie":15085,"ev":"listen_event","family":2,"kind":"start","ktime_us":124694729,"port":7302,"reachable":true,"wake_lag_us":24095}
{"cookie":15085,"ev":"listen_event","family":2,"kind":"stop","ktime_us":124694733,"port":7302,"reachable":true,"wake_lag_us":24091}
{"cookie":15086,"ev":"listen_event","family":2,"kind":"start","ktime_us":124694748,"port":7302,"reachable":true,"wake_lag_us":24076}
{"cookie":15086,"ev":"listen_event","family":2,"kind":"stop","ktime_us":124694751,"port":7302,"reachable":true,"wake_lag_us":24073}
{"cookie":15087,"ev":"listen_event","family":2,"kind":"start","ktime_us":124694767,"port":7302,"reachable":true,"wake_lag_us":24057}
{"cookie":15087,"ev":"listen_event","family":2,"kind":"stop","ktime_us":124694770,"port":7302,"reachable":true,"wake_lag_us":24054}
{"cookie":15088,"ev":"listen_event","family":2,"kind":"start","ktime_us":124694786,"port":7302,"reachable":true,"wake_lag_us":24038}
{"cookie":15088,"ev":"listen_event","family":2,"kind":"stop","ktime_us":124694789,"port":7302,"reachable":true,"wake_lag_us":24035}
{"cookie":15089,"ev":"listen_event","family":2,"kind":"start","ktime_us":124694805,"port":7302,"reachable":true,"wake_lag_us":24019}
{"cookie":15089,"ev":"listen_event","family":2,"kind":"stop","ktime_us":124694808,"port":7302,"reachable":true,"wake_lag_us":24016}
{"cookie":15090,"ev":"listen_event","family":2,"kind":"start","ktime_us":124694824,"port":7302,"reachable":true,"wake_lag_us":24000}
{"cookie":15090,"ev":"listen_event","family":2,"kind":"stop","ktime_us":124694827,"port":7302,"reachable":true,"wake_lag_us":23997}
{"cookie":15091,"ev":"listen_event","family":2,"kind":"start","ktime_us":124694843,"port":7302,"reachable":true,"wake_lag_us":23981}
{"cookie":15091,"ev":"listen_event","family":2,"kind":"stop","ktime_us":124694846,"port":7302,"reachable":true,"wake_lag_us":23978}
{"cookie":15092,"ev":"listen_event","family":2,"kind":"start","ktime_us":124694862,"port":7302,"reachable":true,"wake_lag_us":23962}
{"cookie":15092,"ev":"listen_event","family":2,"kind":"stop","ktime_us":124694865,"port":7302,"reachable":true,"wake_lag_us":23959}
{"cookie":15093,"ev":"listen_event","family":2,"kind":"start","ktime_us":124694885,"port":7302,"reachable":true,"wake_lag_us":23939}
{"cookie":15093,"ev":"listen_event","family":2,"kind":"stop","ktime_us":124694888,"port":7302,"reachable":true,"wake_lag_us":23936}
{"cookie":15094,"ev":"listen_event","family":2,"kind":"start","ktime_us":124694912,"port":7302,"reachable":true,"wake_lag_us":23912}
{"cookie":15094,"ev":"listen_event","family":2,"kind":"stop","ktime_us":124694915,"port":7302,"reachable":true,"wake_lag_us":23909}
{"cookie":15095,"ev":"listen_event","family":2,"kind":"start","ktime_us":124694931,"port":7302,"reachable":true,"wake_lag_us":23893}
{"cookie":15095,"ev":"listen_event","family":2,"kind":"stop","ktime_us":124694934,"port":7302,"reachable":true,"wake_lag_us":23890}
{"cookie":15096,"ev":"listen_event","family":2,"kind":"start","ktime_us":124694950,"port":7302,"reachable":true,"wake_lag_us":23874}
{"cookie":15096,"ev":"listen_event","family":2,"kind":"stop","ktime_us":124694953,"port":7302,"reachable":true,"wake_lag_us":23871}
{"cookie":15097,"ev":"listen_event","family":2,"kind":"start","ktime_us":124694968,"port":7302,"reachable":true,"wake_lag_us":23856}
{"cookie":15097,"ev":"listen_event","family":2,"kind":"stop","ktime_us":124694972,"port":7302,"reachable":true,"wake_lag_us":23852}
{"cookie":15098,"ev":"listen_event","family":2,"kind":"start","ktime_us":124694987,"port":7302,"reachable":true,"wake_lag_us":23837}
{"cookie":15098,"ev":"listen_event","family":2,"kind":"stop","ktime_us":124694990,"port":7302,"reachable":true,"wake_lag_us":23834}
{"cookie":15099,"ev":"listen_event","family":2,"kind":"start","ktime_us":124695028,"port":7302,"reachable":true,"wake_lag_us":23796}
{"cookie":15099,"ev":"listen_event","family":2,"kind":"stop","ktime_us":124695031,"port":7302,"reachable":true,"wake_lag_us":23793}
{"cookie":15100,"ev":"listen_event","family":2,"kind":"start","ktime_us":124695047,"port":7302,"reachable":true,"wake_lag_us":23777}
{"cookie":15100,"ev":"listen_event","family":2,"kind":"stop","ktime_us":124695051,"port":7302,"reachable":true,"wake_lag_us":23773}
{"cookie":15101,"ev":"listen_event","family":2,"kind":"start","ktime_us":124695066,"port":7302,"reachable":true,"wake_lag_us":23758}
{"cookie":15101,"ev":"listen_event","family":2,"kind":"stop","ktime_us":124695070,"port":7302,"reachable":true,"wake_lag_us":23754}
{"cookie":15102,"ev":"listen_event","family":2,"kind":"start","ktime_us":124695107,"port":7302,"reachable":true,"wake_lag_us":23717}
{"cookie":15102,"ev":"listen_event","family":2,"kind":"stop","ktime_us":124695110,"port":7302,"reachable":true,"wake_lag_us":23714}
{"cookie":15103,"ev":"listen_event","family":2,"kind":"start","ktime_us":124695126,"port":7302,"reachable":true,"wake_lag_us":23698}
{"cookie":15103,"ev":"listen_event","family":2,"kind":"stop","ktime_us":124695130,"port":7302,"reachable":true,"wake_lag_us":23694}
{"cookie":15104,"ev":"listen_event","family":2,"kind":"start","ktime_us":124695145,"port":7302,"reachable":true,"wake_lag_us":23679}
{"cookie":15104,"ev":"listen_event","family":2,"kind":"stop","ktime_us":124695149,"port":7302,"reachable":true,"wake_lag_us":23675}
{"cookie":15105,"ev":"listen_event","family":2,"kind":"start","ktime_us":124695169,"port":7302,"reachable":true,"wake_lag_us":23655}
{"cookie":15105,"ev":"listen_event","family":2,"kind":"stop","ktime_us":124695172,"port":7302,"reachable":true,"wake_lag_us":23652}
{"cookie":15106,"ev":"listen_event","family":2,"kind":"start","ktime_us":124695188,"port":7302,"reachable":true,"wake_lag_us":23636}
{"cookie":15106,"ev":"listen_event","family":2,"kind":"stop","ktime_us":124695191,"port":7302,"reachable":true,"wake_lag_us":23633}
{"cookie":15107,"ev":"listen_event","family":2,"kind":"start","ktime_us":124695207,"port":7302,"reachable":true,"wake_lag_us":23617}
{"cookie":15107,"ev":"listen_event","family":2,"kind":"stop","ktime_us":124695210,"port":7302,"reachable":true,"wake_lag_us":23614}
{"cookie":15108,"ev":"listen_event","family":2,"kind":"start","ktime_us":124695225,"port":7302,"reachable":true,"wake_lag_us":23599}
{"cookie":15108,"ev":"listen_event","family":2,"kind":"stop","ktime_us":124695229,"port":7302,"reachable":true,"wake_lag_us":23595}
{"cookie":15109,"ev":"listen_event","family":2,"kind":"start","ktime_us":124695248,"port":7302,"reachable":true,"wake_lag_us":23576}
{"cookie":15109,"ev":"listen_event","family":2,"kind":"stop","ktime_us":124695251,"port":7302,"reachable":true,"wake_lag_us":23573}
{"cookie":15110,"ev":"listen_event","family":2,"kind":"start","ktime_us":124695267,"port":7302,"reachable":true,"wake_lag_us":23557}
{"cookie":15110,"ev":"listen_event","family":2,"kind":"stop","ktime_us":124695270,"port":7302,"reachable":true,"wake_lag_us":23554}
{"cookie":15111,"ev":"listen_event","family":2,"kind":"start","ktime_us":124695286,"port":7302,"reachable":true,"wake_lag_us":23538}
{"cookie":15111,"ev":"listen_event","family":2,"kind":"stop","ktime_us":124695289,"port":7302,"reachable":true,"wake_lag_us":23535}
{"cookie":15112,"ev":"listen_event","family":2,"kind":"start","ktime_us":124695305,"port":7302,"reachable":true,"wake_lag_us":23519}
{"cookie":15112,"ev":"listen_event","family":2,"kind":"stop","ktime_us":124695308,"port":7302,"reachable":true,"wake_lag_us":23516}
{"cookie":15113,"ev":"listen_event","family":2,"kind":"start","ktime_us":124695324,"port":7302,"reachable":true,"wake_lag_us":23500}
{"cookie":15113,"ev":"listen_event","family":2,"kind":"stop","ktime_us":124695327,"port":7302,"reachable":true,"wake_lag_us":23497}
{"cookie":15114,"ev":"listen_event","family":2,"kind":"start","ktime_us":124695343,"port":7302,"reachable":true,"wake_lag_us":23481}
{"cookie":15114,"ev":"listen_event","family":2,"kind":"stop","ktime_us":124695346,"port":7302,"reachable":true,"wake_lag_us":23478}
{"cookie":15115,"ev":"listen_event","family":2,"kind":"start","ktime_us":124695362,"port":7302,"reachable":true,"wake_lag_us":23462}
{"cookie":15115,"ev":"listen_event","family":2,"kind":"stop","ktime_us":124695365,"port":7302,"reachable":true,"wake_lag_us":23459}
{"cookie":15116,"ev":"listen_event","family":2,"kind":"start","ktime_us":124695381,"port":7302,"reachable":true,"wake_lag_us":23443}
{"cookie":15116,"ev":"listen_event","family":2,"kind":"stop","ktime_us":124695384,"port":7302,"reachable":true,"wake_lag_us":23440}
{"cookie":15117,"ev":"listen_event","family":2,"kind":"start","ktime_us":124695416,"port":7302,"reachable":true,"wake_lag_us":23408}
{"cookie":15117,"ev":"listen_event","family":2,"kind":"stop","ktime_us":124695420,"port":7302,"reachable":true,"wake_lag_us":23404}
{"cookie":15118,"ev":"listen_event","family":2,"kind":"start","ktime_us":124695436,"port":7302,"reachable":true,"wake_lag_us":23388}
{"cookie":15118,"ev":"listen_event","family":2,"kind":"stop","ktime_us":124695439,"port":7302,"reachable":true,"wake_lag_us":23385}
{"cookie":15119,"ev":"listen_event","family":2,"kind":"start","ktime_us":124695455,"port":7302,"reachable":true,"wake_lag_us":23369}
{"cookie":15119,"ev":"listen_event","family":2,"kind":"stop","ktime_us":124695458,"port":7302,"reachable":true,"wake_lag_us":23366}
{"cookie":15120,"ev":"listen_event","family":2,"kind":"start","ktime_us":124695473,"port":7302,"reachable":true,"wake_lag_us":23351}
{"cookie":15120,"ev":"listen_event","family":2,"kind":"stop","ktime_us":124695477,"port":7302,"reachable":true,"wake_lag_us":23347}
{"cookie":15121,"ev":"listen_event","family":2,"kind":"start","ktime_us":124695492,"port":7302,"reachable":true,"wake_lag_us":23332}
{"cookie":15121,"ev":"listen_event","family":2,"kind":"stop","ktime_us":124695495,"port":7302,"reachable":true,"wake_lag_us":23329}
{"cookie":15122,"ev":"listen_event","family":2,"kind":"start","ktime_us":124695516,"port":7302,"reachable":true,"wake_lag_us":23308}
{"cookie":15122,"ev":"listen_event","family":2,"kind":"stop","ktime_us":124695519,"port":7302,"reachable":true,"wake_lag_us":23305}
{"cookie":15123,"ev":"listen_event","family":2,"kind":"start","ktime_us":124695535,"port":7302,"reachable":true,"wake_lag_us":23289}
{"cookie":15123,"ev":"listen_event","family":2,"kind":"stop","ktime_us":124695538,"port":7302,"reachable":true,"wake_lag_us":23286}
{"cookie":15124,"ev":"listen_event","family":2,"kind":"start","ktime_us":124695554,"port":7302,"reachable":true,"wake_lag_us":23270}
{"cookie":15124,"ev":"listen_event","family":2,"kind":"stop","ktime_us":124695557,"port":7302,"reachable":true,"wake_lag_us":23267}
{"cookie":15125,"ev":"listen_event","family":2,"kind":"start","ktime_us":124695573,"port":7302,"reachable":true,"wake_lag_us":23251}
{"cookie":15125,"ev":"listen_event","family":2,"kind":"stop","ktime_us":124695576,"port":7302,"reachable":true,"wake_lag_us":23248}
{"cookie":15126,"ev":"listen_event","family":2,"kind":"start","ktime_us":124695592,"port":7302,"reachable":true,"wake_lag_us":23232}
{"cookie":15126,"ev":"listen_event","family":2,"kind":"stop","ktime_us":124695595,"port":7302,"reachable":true,"wake_lag_us":23229}
{"cookie":15127,"ev":"listen_event","family":2,"kind":"start","ktime_us":124695611,"port":7302,"reachable":true,"wake_lag_us":23213}
{"cookie":15127,"ev":"listen_event","family":2,"kind":"stop","ktime_us":124695614,"port":7302,"reachable":true,"wake_lag_us":23210}
{"cookie":15128,"ev":"listen_event","family":2,"kind":"start","ktime_us":124695630,"port":7302,"reachable":true,"wake_lag_us":23194}
{"cookie":15128,"ev":"listen_event","family":2,"kind":"stop","ktime_us":124695633,"port":7302,"reachable":true,"wake_lag_us":23191}
{"cookie":15129,"ev":"listen_event","family":2,"kind":"start","ktime_us":124695653,"port":7302,"reachable":true,"wake_lag_us":23171}
{"cookie":15129,"ev":"listen_event","family":2,"kind":"stop","ktime_us":124695656,"port":7302,"reachable":true,"wake_lag_us":23168}
{"cookie":15130,"ev":"listen_event","family":2,"kind":"start","ktime_us":124695672,"port":7302,"reachable":true,"wake_lag_us":23152}
{"cookie":15130,"ev":"listen_event","family":2,"kind":"stop","ktime_us":124695675,"port":7302,"reachable":true,"wake_lag_us":23149}
{"cookie":15131,"ev":"listen_event","family":2,"kind":"start","ktime_us":124695690,"port":7302,"reachable":true,"wake_lag_us":23134}
{"cookie":15131,"ev":"listen_event","family":2,"kind":"stop","ktime_us":124695694,"port":7302,"reachable":true,"wake_lag_us":23130}
{"cookie":15132,"ev":"listen_event","family":2,"kind":"start","ktime_us":124695710,"port":7302,"reachable":true,"wake_lag_us":23114}
{"cookie":15132,"ev":"listen_event","family":2,"kind":"stop","ktime_us":124695713,"port":7302,"reachable":true,"wake_lag_us":23111}
{"cookie":15133,"ev":"listen_event","family":2,"kind":"start","ktime_us":124695728,"port":7302,"reachable":true,"wake_lag_us":23096}
{"cookie":15133,"ev":"listen_event","family":2,"kind":"stop","ktime_us":124695732,"port":7302,"reachable":true,"wake_lag_us":23092}
{"cookie":15134,"ev":"listen_event","family":2,"kind":"start","ktime_us":124695747,"port":7302,"reachable":true,"wake_lag_us":23077}
{"cookie":15134,"ev":"listen_event","family":2,"kind":"stop","ktime_us":124695750,"port":7302,"reachable":true,"wake_lag_us":23074}
{"cookie":15135,"ev":"listen_event","family":2,"kind":"start","ktime_us":124695774,"port":7302,"reachable":true,"wake_lag_us":23050}
{"cookie":15135,"ev":"listen_event","family":2,"kind":"stop","ktime_us":124695777,"port":7302,"reachable":true,"wake_lag_us":23047}
{"cookie":15136,"ev":"listen_event","family":2,"kind":"start","ktime_us":124695793,"port":7302,"reachable":true,"wake_lag_us":23031}
{"cookie":15136,"ev":"listen_event","family":2,"kind":"stop","ktime_us":124695796,"port":7302,"reachable":true,"wake_lag_us":23028}
{"cookie":15137,"ev":"listen_event","family":2,"kind":"start","ktime_us":124695812,"port":7302,"reachable":true,"wake_lag_us":23012}
{"cookie":15137,"ev":"listen_event","family":2,"kind":"stop","ktime_us":124695815,"port":7302,"reachable":true,"wake_lag_us":23009}
{"cookie":15138,"ev":"listen_event","family":2,"kind":"start","ktime_us":124695831,"port":7302,"reachable":true,"wake_lag_us":22993}
{"cookie":15138,"ev":"listen_event","family":2,"kind":"stop","ktime_us":124695834,"port":7302,"reachable":true,"wake_lag_us":22990}
{"cookie":15139,"ev":"listen_event","family":2,"kind":"start","ktime_us":124695849,"port":7302,"reachable":true,"wake_lag_us":22975}
{"cookie":15139,"ev":"listen_event","family":2,"kind":"stop","ktime_us":124695853,"port":7302,"reachable":true,"wake_lag_us":22971}
{"cookie":15140,"ev":"listen_event","family":2,"kind":"start","ktime_us":124695868,"port":7302,"reachable":true,"wake_lag_us":22956}
{"cookie":15140,"ev":"listen_event","family":2,"kind":"stop","ktime_us":124695872,"port":7302,"reachable":true,"wake_lag_us":22952}
{"cookie":15141,"ev":"listen_event","family":2,"kind":"start","ktime_us":124695891,"port":7302,"reachable":true,"wake_lag_us":22933}
{"cookie":15141,"ev":"listen_event","family":2,"kind":"stop","ktime_us":124695894,"port":7302,"reachable":true,"wake_lag_us":22930}
{"cookie":15142,"ev":"listen_event","family":2,"kind":"start","ktime_us":124695910,"port":7302,"reachable":true,"wake_lag_us":22914}
{"cookie":15142,"ev":"listen_event","family":2,"kind":"stop","ktime_us":124695913,"port":7302,"reachable":true,"wake_lag_us":22911}
{"cookie":15143,"ev":"listen_event","family":2,"kind":"start","ktime_us":124695929,"port":7302,"reachable":true,"wake_lag_us":22895}
{"cookie":15143,"ev":"listen_event","family":2,"kind":"stop","ktime_us":124695932,"port":7302,"reachable":true,"wake_lag_us":22892}
{"cookie":15144,"ev":"listen_event","family":2,"kind":"start","ktime_us":124695948,"port":7302,"reachable":true,"wake_lag_us":22876}
{"cookie":15144,"ev":"listen_event","family":2,"kind":"stop","ktime_us":124695951,"port":7302,"reachable":true,"wake_lag_us":22873}
{"cookie":15145,"ev":"listen_event","family":2,"kind":"start","ktime_us":124695967,"port":7302,"reachable":true,"wake_lag_us":22857}
{"cookie":15145,"ev":"listen_event","family":2,"kind":"stop","ktime_us":124695970,"port":7302,"reachable":true,"wake_lag_us":22854}
{"cookie":15146,"ev":"listen_event","family":2,"kind":"start","ktime_us":124695985,"port":7302,"reachable":true,"wake_lag_us":22839}
{"cookie":15146,"ev":"listen_event","family":2,"kind":"stop","ktime_us":124695989,"port":7302,"reachable":true,"wake_lag_us":22835}
{"cookie":15147,"ev":"listen_event","family":2,"kind":"start","ktime_us":124696028,"port":7302,"reachable":true,"wake_lag_us":22796}
{"cookie":15147,"ev":"listen_event","family":2,"kind":"stop","ktime_us":124696031,"port":7302,"reachable":true,"wake_lag_us":22793}
{"cookie":15148,"ev":"listen_event","family":2,"kind":"start","ktime_us":124696047,"port":7302,"reachable":true,"wake_lag_us":22777}
{"cookie":15148,"ev":"listen_event","family":2,"kind":"stop","ktime_us":124696050,"port":7302,"reachable":true,"wake_lag_us":22774}
{"cookie":15149,"ev":"listen_event","family":2,"kind":"start","ktime_us":124696066,"port":7302,"reachable":true,"wake_lag_us":22758}
{"cookie":15149,"ev":"listen_event","family":2,"kind":"stop","ktime_us":124696069,"port":7302,"reachable":true,"wake_lag_us":22755}
{"cookie":15150,"ev":"listen_event","family":2,"kind":"start","ktime_us":124696094,"port":7302,"reachable":true,"wake_lag_us":22730}
{"cookie":15150,"ev":"listen_event","family":2,"kind":"stop","ktime_us":124696098,"port":7302,"reachable":true,"wake_lag_us":22726}
{"cookie":15151,"ev":"listen_event","family":2,"kind":"start","ktime_us":124696113,"port":7302,"reachable":true,"wake_lag_us":22711}
{"cookie":15151,"ev":"listen_event","family":2,"kind":"stop","ktime_us":124696117,"port":7302,"reachable":true,"wake_lag_us":22707}
{"cookie":15152,"ev":"listen_event","family":2,"kind":"start","ktime_us":124696132,"port":7302,"reachable":true,"wake_lag_us":22692}
{"cookie":15152,"ev":"listen_event","family":2,"kind":"stop","ktime_us":124696135,"port":7302,"reachable":true,"wake_lag_us":22689}
{"cookie":15153,"ev":"listen_event","family":2,"kind":"start","ktime_us":124696175,"port":7302,"reachable":true,"wake_lag_us":22649}
{"cookie":15153,"ev":"listen_event","family":2,"kind":"stop","ktime_us":124696179,"port":7302,"reachable":true,"wake_lag_us":22645}
{"cookie":15154,"ev":"listen_event","family":2,"kind":"start","ktime_us":124696195,"port":7302,"reachable":true,"wake_lag_us":22629}
{"cookie":15154,"ev":"listen_event","family":2,"kind":"stop","ktime_us":124696198,"port":7302,"reachable":true,"wake_lag_us":22626}
{"cookie":15155,"ev":"listen_event","family":2,"kind":"start","ktime_us":124696214,"port":7302,"reachable":true,"wake_lag_us":22610}
{"cookie":15155,"ev":"listen_event","family":2,"kind":"stop","ktime_us":124696217,"port":7302,"reachable":true,"wake_lag_us":22607}
{"cookie":15156,"ev":"listen_event","family":2,"kind":"start","ktime_us":124696233,"port":7302,"reachable":true,"wake_lag_us":22591}
{"cookie":15156,"ev":"listen_event","family":2,"kind":"stop","ktime_us":124696236,"port":7302,"reachable":true,"wake_lag_us":22588}
{"cookie":15157,"ev":"listen_event","family":2,"kind":"start","ktime_us":124696252,"port":7302,"reachable":true,"wake_lag_us":22572}
{"cookie":15157,"ev":"listen_event","family":2,"kind":"stop","ktime_us":124696255,"port":7302,"reachable":true,"wake_lag_us":22569}
{"cookie":15158,"ev":"listen_event","family":2,"kind":"start","ktime_us":124696270,"port":7302,"reachable":true,"wake_lag_us":22554}
{"cookie":15158,"ev":"listen_event","family":2,"kind":"stop","ktime_us":124696274,"port":7302,"reachable":true,"wake_lag_us":22550}
{"cookie":15159,"ev":"listen_event","family":2,"kind":"start","ktime_us":124696289,"port":7302,"reachable":true,"wake_lag_us":22535}
{"cookie":15159,"ev":"listen_event","family":2,"kind":"stop","ktime_us":124696293,"port":7302,"reachable":true,"wake_lag_us":22531}
{"cookie":15160,"ev":"listen_event","family":2,"kind":"start","ktime_us":124696308,"port":7302,"reachable":true,"wake_lag_us":22516}
{"cookie":15160,"ev":"listen_event","family":2,"kind":"stop","ktime_us":124696311,"port":7302,"reachable":true,"wake_lag_us":22513}
{"cookie":15161,"ev":"listen_event","family":2,"kind":"start","ktime_us":124696327,"port":7302,"reachable":true,"wake_lag_us":22497}
{"cookie":15161,"ev":"listen_event","family":2,"kind":"stop","ktime_us":124696330,"port":7302,"reachable":true,"wake_lag_us":22494}
{"cookie":15162,"ev":"listen_event","family":2,"kind":"start","ktime_us":124696346,"port":7302,"reachable":true,"wake_lag_us":22478}
{"cookie":15162,"ev":"listen_event","family":2,"kind":"stop","ktime_us":124696349,"port":7302,"reachable":true,"wake_lag_us":22475}
{"cookie":15163,"ev":"listen_event","family":2,"kind":"start","ktime_us":124696365,"port":7302,"reachable":true,"wake_lag_us":22459}
{"cookie":15163,"ev":"listen_event","family":2,"kind":"stop","ktime_us":124696368,"port":7302,"reachable":true,"wake_lag_us":22456}
{"cookie":15164,"ev":"listen_event","family":2,"kind":"start","ktime_us":124696384,"port":7302,"reachable":true,"wake_lag_us":22440}
{"cookie":15164,"ev":"listen_event","family":2,"kind":"stop","ktime_us":124696397,"port":7302,"reachable":true,"wake_lag_us":22427}
{"cookie":15165,"ev":"listen_event","family":2,"kind":"start","ktime_us":124696418,"port":7302,"reachable":true,"wake_lag_us":22406}
{"cookie":15165,"ev":"listen_event","family":2,"kind":"stop","ktime_us":124696421,"port":7302,"reachable":true,"wake_lag_us":22403}
{"cookie":15166,"ev":"listen_event","family":2,"kind":"start","ktime_us":124696437,"port":7302,"reachable":true,"wake_lag_us":22387}
{"cookie":15166,"ev":"listen_event","family":2,"kind":"stop","ktime_us":124696440,"port":7302,"reachable":true,"wake_lag_us":22384}
{"cookie":15167,"ev":"listen_event","family":2,"kind":"start","ktime_us":124696456,"port":7302,"reachable":true,"wake_lag_us":22368}
{"cookie":15167,"ev":"listen_event","family":2,"kind":"stop","ktime_us":124696459,"port":7302,"reachable":true,"wake_lag_us":22365}
{"cookie":15168,"ev":"listen_event","family":2,"kind":"start","ktime_us":124696475,"port":7302,"reachable":true,"wake_lag_us":22349}
{"cookie":15168,"ev":"listen_event","family":2,"kind":"stop","ktime_us":124696478,"port":7302,"reachable":true,"wake_lag_us":22346}
{"cookie":15169,"ev":"listen_event","family":2,"kind":"start","ktime_us":124696499,"port":7302,"reachable":true,"wake_lag_us":22325}
{"cookie":15169,"ev":"listen_event","family":2,"kind":"stop","ktime_us":124696503,"port":7302,"reachable":true,"wake_lag_us":22321}
{"cookie":15170,"ev":"listen_event","family":2,"kind":"start","ktime_us":124696518,"port":7302,"reachable":true,"wake_lag_us":22306}
{"cookie":15170,"ev":"listen_event","family":2,"kind":"stop","ktime_us":124696522,"port":7302,"reachable":true,"wake_lag_us":22302}
{"cookie":15171,"ev":"listen_event","family":2,"kind":"start","ktime_us":124696537,"port":7302,"reachable":true,"wake_lag_us":22287}
{"cookie":15171,"ev":"listen_event","family":2,"kind":"stop","ktime_us":124696541,"port":7302,"reachable":true,"wake_lag_us":22283}
{"cookie":15172,"ev":"listen_event","family":2,"kind":"start","ktime_us":124696556,"port":7302,"reachable":true,"wake_lag_us":22268}
{"cookie":15172,"ev":"listen_event","family":2,"kind":"stop","ktime_us":124696560,"port":7302,"reachable":true,"wake_lag_us":22264}
{"cookie":15173,"ev":"listen_event","family":2,"kind":"start","ktime_us":124696575,"port":7302,"reachable":true,"wake_lag_us":22249}
{"cookie":15173,"ev":"listen_event","family":2,"kind":"stop","ktime_us":124696579,"port":7302,"reachable":true,"wake_lag_us":22245}
{"cookie":15174,"ev":"listen_event","family":2,"kind":"start","ktime_us":124696594,"port":7302,"reachable":true,"wake_lag_us":22230}
{"cookie":15174,"ev":"listen_event","family":2,"kind":"stop","ktime_us":124696597,"port":7302,"reachable":true,"wake_lag_us":22227}
{"cookie":15175,"ev":"listen_event","family":2,"kind":"start","ktime_us":124696613,"port":7302,"reachable":true,"wake_lag_us":22211}
{"cookie":15175,"ev":"listen_event","family":2,"kind":"stop","ktime_us":124696616,"port":7302,"reachable":true,"wake_lag_us":22208}
{"cookie":15176,"ev":"listen_event","family":2,"kind":"start","ktime_us":124696632,"port":7302,"reachable":true,"wake_lag_us":22192}
{"cookie":15176,"ev":"listen_event","family":2,"kind":"stop","ktime_us":124696635,"port":7302,"reachable":true,"wake_lag_us":22189}
{"cookie":15177,"ev":"listen_event","family":2,"kind":"start","ktime_us":124696655,"port":7302,"reachable":true,"wake_lag_us":22169}
{"cookie":15177,"ev":"listen_event","family":2,"kind":"stop","ktime_us":124696658,"port":7302,"reachable":true,"wake_lag_us":22166}
{"cookie":15178,"ev":"listen_event","family":2,"kind":"start","ktime_us":124696679,"port":7302,"reachable":true,"wake_lag_us":22145}
{"cookie":15178,"ev":"listen_event","family":2,"kind":"stop","ktime_us":124696683,"port":7302,"reachable":true,"wake_lag_us":22141}
{"cookie":15179,"ev":"listen_event","family":2,"kind":"start","ktime_us":124696698,"port":7302,"reachable":true,"wake_lag_us":22126}
{"cookie":15179,"ev":"listen_event","family":2,"kind":"stop","ktime_us":124696701,"port":7302,"reachable":true,"wake_lag_us":22123}
{"cookie":15180,"ev":"listen_event","family":2,"kind":"start","ktime_us":124696717,"port":7302,"reachable":true,"wake_lag_us":22107}
{"cookie":15180,"ev":"listen_event","family":2,"kind":"stop","ktime_us":124696720,"port":7302,"reachable":true,"wake_lag_us":22104}
{"cookie":15181,"ev":"listen_event","family":2,"kind":"start","ktime_us":124696736,"port":7302,"reachable":true,"wake_lag_us":22088}
{"cookie":15181,"ev":"listen_event","family":2,"kind":"stop","ktime_us":124696739,"port":7302,"reachable":true,"wake_lag_us":22085}
{"cookie":15182,"ev":"listen_event","family":2,"kind":"start","ktime_us":124696755,"port":7302,"reachable":true,"wake_lag_us":22069}
{"cookie":15182,"ev":"listen_event","family":2,"kind":"stop","ktime_us":124696758,"port":7302,"reachable":true,"wake_lag_us":22066}
{"cookie":15183,"ev":"listen_event","family":2,"kind":"start","ktime_us":124696774,"port":7302,"reachable":true,"wake_lag_us":22050}
{"cookie":15183,"ev":"listen_event","family":2,"kind":"stop","ktime_us":124696777,"port":7302,"reachable":true,"wake_lag_us":22047}
{"cookie":15184,"ev":"listen_event","family":2,"kind":"start","ktime_us":124696793,"port":7302,"reachable":true,"wake_lag_us":22031}
{"cookie":15184,"ev":"listen_event","family":2,"kind":"stop","ktime_us":124696796,"port":7302,"reachable":true,"wake_lag_us":22028}
{"cookie":15185,"ev":"listen_event","family":2,"kind":"start","ktime_us":124696812,"port":7302,"reachable":true,"wake_lag_us":22012}
{"cookie":15185,"ev":"listen_event","family":2,"kind":"stop","ktime_us":124696815,"port":7302,"reachable":true,"wake_lag_us":22009}
{"cookie":15186,"ev":"listen_event","family":2,"kind":"start","ktime_us":124696831,"port":7302,"reachable":true,"wake_lag_us":21993}
{"cookie":15186,"ev":"listen_event","family":2,"kind":"stop","ktime_us":124696834,"port":7302,"reachable":true,"wake_lag_us":21990}
{"cookie":15187,"ev":"listen_event","family":2,"kind":"start","ktime_us":124696850,"port":7302,"reachable":true,"wake_lag_us":21974}
{"cookie":15187,"ev":"listen_event","family":2,"kind":"stop","ktime_us":124696853,"port":7302,"reachable":true,"wake_lag_us":21971}
{"cookie":15188,"ev":"listen_event","family":2,"kind":"start","ktime_us":124696869,"port":7302,"reachable":true,"wake_lag_us":21955}
{"cookie":15188,"ev":"listen_event","family":2,"kind":"stop","ktime_us":124696872,"port":7302,"reachable":true,"wake_lag_us":21952}
{"cookie":15189,"ev":"listen_event","family":2,"kind":"start","ktime_us":124696891,"port":7302,"reachable":true,"wake_lag_us":21933}
{"cookie":15189,"ev":"listen_event","family":2,"kind":"stop","ktime_us":124696894,"port":7302,"reachable":true,"wake_lag_us":21930}
{"cookie":15190,"ev":"listen_event","family":2,"kind":"start","ktime_us":124696910,"port":7302,"reachable":true,"wake_lag_us":21914}
{"cookie":15190,"ev":"listen_event","family":2,"kind":"stop","ktime_us":124696913,"port":7302,"reachable":true,"wake_lag_us":21911}
{"cookie":15191,"ev":"listen_event","family":2,"kind":"start","ktime_us":124696929,"port":7302,"reachable":true,"wake_lag_us":21895}
{"cookie":15191,"ev":"listen_event","family":2,"kind":"stop","ktime_us":124696932,"port":7302,"reachable":true,"wake_lag_us":21892}
{"cookie":15192,"ev":"listen_event","family":2,"kind":"start","ktime_us":124696948,"port":7302,"reachable":true,"wake_lag_us":21876}
{"cookie":15192,"ev":"listen_event","family":2,"kind":"stop","ktime_us":124696951,"port":7302,"reachable":true,"wake_lag_us":21873}
{"cookie":15193,"ev":"listen_event","family":2,"kind":"start","ktime_us":124696967,"port":7302,"reachable":true,"wake_lag_us":21857}
{"cookie":15193,"ev":"listen_event","family":2,"kind":"stop","ktime_us":124696970,"port":7302,"reachable":true,"wake_lag_us":21854}
{"cookie":15194,"ev":"listen_event","family":2,"kind":"start","ktime_us":124696986,"port":7302,"reachable":true,"wake_lag_us":21838}
{"cookie":15194,"ev":"listen_event","family":2,"kind":"stop","ktime_us":124696989,"port":7302,"reachable":true,"wake_lag_us":21835}
{"cookie":15195,"ev":"listen_event","family":2,"kind":"start","ktime_us":124697028,"port":7302,"reachable":true,"wake_lag_us":21796}
{"cookie":15195,"ev":"listen_event","family":2,"kind":"stop","ktime_us":124697031,"port":7302,"reachable":true,"wake_lag_us":21793}
{"cookie":15196,"ev":"listen_event","family":2,"kind":"start","ktime_us":124697047,"port":7302,"reachable":true,"wake_lag_us":21777}
{"cookie":15196,"ev":"listen_event","family":2,"kind":"stop","ktime_us":124697050,"port":7302,"reachable":true,"wake_lag_us":21774}
{"cookie":15197,"ev":"listen_event","family":2,"kind":"start","ktime_us":124697066,"port":7302,"reachable":true,"wake_lag_us":21758}
{"cookie":15197,"ev":"listen_event","family":2,"kind":"stop","ktime_us":124697069,"port":7302,"reachable":true,"wake_lag_us":21755}
{"cookie":15198,"ev":"listen_event","family":2,"kind":"start","ktime_us":124697085,"port":7302,"reachable":true,"wake_lag_us":21739}
{"cookie":15198,"ev":"listen_event","family":2,"kind":"stop","ktime_us":124697088,"port":7302,"reachable":true,"wake_lag_us":21736}
{"cookie":15199,"ev":"listen_event","family":2,"kind":"start","ktime_us":124697104,"port":7302,"reachable":true,"wake_lag_us":21720}
{"cookie":15199,"ev":"listen_event","family":2,"kind":"stop","ktime_us":124697107,"port":7302,"reachable":true,"wake_lag_us":21717}
{"cookie":15200,"ev":"listen_event","family":2,"kind":"start","ktime_us":124697123,"port":7302,"reachable":true,"wake_lag_us":21701}
{"cookie":15200,"ev":"listen_event","family":2,"kind":"stop","ktime_us":124697126,"port":7302,"reachable":true,"wake_lag_us":21698}
{"cookie":15201,"ev":"listen_event","family":2,"kind":"start","ktime_us":124697146,"port":7302,"reachable":true,"wake_lag_us":21678}
{"cookie":15201,"ev":"listen_event","family":2,"kind":"stop","ktime_us":124697149,"port":7302,"reachable":true,"wake_lag_us":21675}
{"cookie":15202,"ev":"listen_event","family":2,"kind":"start","ktime_us":124697165,"port":7302,"reachable":true,"wake_lag_us":21659}
{"cookie":15202,"ev":"listen_event","family":2,"kind":"stop","ktime_us":124697168,"port":7302,"reachable":true,"wake_lag_us":21656}
{"cookie":15203,"ev":"listen_event","family":2,"kind":"start","ktime_us":124697184,"port":7302,"reachable":true,"wake_lag_us":21640}
{"cookie":15203,"ev":"listen_event","family":2,"kind":"stop","ktime_us":124697187,"port":7302,"reachable":true,"wake_lag_us":21637}
{"cookie":15204,"ev":"listen_event","family":2,"kind":"start","ktime_us":124697203,"port":7302,"reachable":true,"wake_lag_us":21621}
{"cookie":15204,"ev":"listen_event","family":2,"kind":"stop","ktime_us":124697207,"port":7302,"reachable":true,"wake_lag_us":21617}
{"cookie":15205,"ev":"listen_event","family":2,"kind":"start","ktime_us":124697243,"port":7302,"reachable":true,"wake_lag_us":21581}
{"cookie":15205,"ev":"listen_event","family":2,"kind":"stop","ktime_us":124697246,"port":7302,"reachable":true,"wake_lag_us":21578}
{"cookie":15206,"ev":"listen_event","family":2,"kind":"start","ktime_us":124697270,"port":7302,"reachable":true,"wake_lag_us":21554}
{"cookie":15206,"ev":"listen_event","family":2,"kind":"stop","ktime_us":124697274,"port":7302,"reachable":true,"wake_lag_us":21550}
{"cookie":15207,"ev":"listen_event","family":2,"kind":"start","ktime_us":124697290,"port":7302,"reachable":true,"wake_lag_us":21534}
{"cookie":15207,"ev":"listen_event","family":2,"kind":"stop","ktime_us":124697293,"port":7302,"reachable":true,"wake_lag_us":21531}
{"cookie":15208,"ev":"listen_event","family":2,"kind":"start","ktime_us":124697309,"port":7302,"reachable":true,"wake_lag_us":21515}
{"cookie":15208,"ev":"listen_event","family":2,"kind":"stop","ktime_us":124697312,"port":7302,"reachable":true,"wake_lag_us":21512}
{"cookie":15209,"ev":"listen_event","family":2,"kind":"start","ktime_us":124697327,"port":7302,"reachable":true,"wake_lag_us":21497}
{"cookie":15209,"ev":"listen_event","family":2,"kind":"stop","ktime_us":124697331,"port":7302,"reachable":true,"wake_lag_us":21493}
{"cookie":15210,"ev":"listen_event","family":2,"kind":"start","ktime_us":124697346,"port":7302,"reachable":true,"wake_lag_us":21478}
{"cookie":15210,"ev":"listen_event","family":2,"kind":"stop","ktime_us":124697350,"port":7302,"reachable":true,"wake_lag_us":21474}
{"cookie":15211,"ev":"listen_event","family":2,"kind":"start","ktime_us":124697365,"port":7302,"reachable":true,"wake_lag_us":21459}
{"cookie":15211,"ev":"listen_event","family":2,"kind":"stop","ktime_us":124697369,"port":7302,"reachable":true,"wake_lag_us":21455}
{"cookie":15212,"ev":"listen_event","family":2,"kind":"start","ktime_us":124697384,"port":7302,"reachable":true,"wake_lag_us":21440}
{"cookie":15212,"ev":"listen_event","family":2,"kind":"stop","ktime_us":124697404,"port":7302,"reachable":true,"wake_lag_us":21420}
{"cookie":15213,"ev":"listen_event","family":2,"kind":"start","ktime_us":124697424,"port":7302,"reachable":true,"wake_lag_us":21400}
{"cookie":15213,"ev":"listen_event","family":2,"kind":"stop","ktime_us":124697427,"port":7302,"reachable":true,"wake_lag_us":21397}
{"cookie":15214,"ev":"listen_event","family":2,"kind":"start","ktime_us":124697443,"port":7302,"reachable":true,"wake_lag_us":21381}
{"cookie":15214,"ev":"listen_event","family":2,"kind":"stop","ktime_us":124697446,"port":7302,"reachable":true,"wake_lag_us":21378}
{"cookie":15215,"ev":"listen_event","family":2,"kind":"start","ktime_us":124697462,"port":7302,"reachable":true,"wake_lag_us":21362}
{"cookie":15215,"ev":"listen_event","family":2,"kind":"stop","ktime_us":124697465,"port":7302,"reachable":true,"wake_lag_us":21359}
{"cookie":15216,"ev":"listen_event","family":2,"kind":"start","ktime_us":124697481,"port":7302,"reachable":true,"wake_lag_us":21343}
{"cookie":15216,"ev":"listen_event","family":2,"kind":"stop","ktime_us":124697484,"port":7302,"reachable":true,"wake_lag_us":21340}
{"cookie":15217,"ev":"listen_event","family":2,"kind":"start","ktime_us":124697500,"port":7302,"reachable":true,"wake_lag_us":21324}
{"cookie":15217,"ev":"listen_event","family":2,"kind":"stop","ktime_us":124697503,"port":7302,"reachable":true,"wake_lag_us":21321}
{"cookie":15218,"ev":"listen_event","family":2,"kind":"start","ktime_us":124697519,"port":7302,"reachable":true,"wake_lag_us":21305}
{"cookie":15218,"ev":"listen_event","family":2,"kind":"stop","ktime_us":124697522,"port":7302,"reachable":true,"wake_lag_us":21302}
{"cookie":15219,"ev":"listen_event","family":2,"kind":"start","ktime_us":124697538,"port":7302,"reachable":true,"wake_lag_us":21286}
{"cookie":15219,"ev":"listen_event","family":2,"kind":"stop","ktime_us":124697541,"port":7302,"reachable":true,"wake_lag_us":21283}
{"cookie":15220,"ev":"listen_event","family":2,"kind":"start","ktime_us":124697557,"port":7302,"reachable":true,"wake_lag_us":21267}
{"cookie":15220,"ev":"listen_event","family":2,"kind":"stop","ktime_us":124697560,"port":7302,"reachable":true,"wake_lag_us":21264}
{"cookie":15221,"ev":"listen_event","family":2,"kind":"start","ktime_us":124697576,"port":7302,"reachable":true,"wake_lag_us":21248}
{"cookie":15221,"ev":"listen_event","family":2,"kind":"stop","ktime_us":124697579,"port":7302,"reachable":true,"wake_lag_us":21245}
{"cookie":15222,"ev":"listen_event","family":2,"kind":"start","ktime_us":124697595,"port":7302,"reachable":true,"wake_lag_us":21229}
{"cookie":15222,"ev":"listen_event","family":2,"kind":"stop","ktime_us":124697598,"port":7302,"reachable":true,"wake_lag_us":21226}
{"cookie":15223,"ev":"listen_event","family":2,"kind":"start","ktime_us":124697614,"port":7302,"reachable":true,"wake_lag_us":21210}
{"cookie":15223,"ev":"listen_event","family":2,"kind":"stop","ktime_us":124697617,"port":7302,"reachable":true,"wake_lag_us":21207}
{"cookie":15224,"ev":"listen_event","family":2,"kind":"start","ktime_us":124697632,"port":7302,"reachable":true,"wake_lag_us":21192}
{"cookie":15224,"ev":"listen_event","family":2,"kind":"stop","ktime_us":124697636,"port":7302,"reachable":true,"wake_lag_us":21188}
{"cookie":15225,"ev":"listen_event","family":2,"kind":"start","ktime_us":124697653,"port":7302,"reachable":true,"wake_lag_us":21171}
{"cookie":15225,"ev":"listen_event","family":2,"kind":"stop","ktime_us":124697656,"port":7302,"reachable":true,"wake_lag_us":21168}
{"cookie":15226,"ev":"listen_event","family":2,"kind":"start","ktime_us":124697672,"port":7302,"reachable":true,"wake_lag_us":21152}
{"cookie":15226,"ev":"listen_event","family":2,"kind":"stop","ktime_us":124697675,"port":7302,"reachable":true,"wake_lag_us":21149}
{"cookie":15227,"ev":"listen_event","family":2,"kind":"start","ktime_us":124697691,"port":7302,"reachable":true,"wake_lag_us":21133}
{"cookie":15227,"ev":"listen_event","family":2,"kind":"stop","ktime_us":124697694,"port":7302,"reachable":true,"wake_lag_us":21130}
{"cookie":15228,"ev":"listen_event","family":2,"kind":"start","ktime_us":124697710,"port":7302,"reachable":true,"wake_lag_us":21114}
{"cookie":15228,"ev":"listen_event","family":2,"kind":"stop","ktime_us":124697713,"port":7302,"reachable":true,"wake_lag_us":21111}
{"cookie":15229,"ev":"listen_event","family":2,"kind":"start","ktime_us":124697734,"port":7302,"reachable":true,"wake_lag_us":21090}
{"cookie":15229,"ev":"listen_event","family":2,"kind":"stop","ktime_us":124697738,"port":7302,"reachable":true,"wake_lag_us":21086}
{"cookie":15230,"ev":"listen_event","family":2,"kind":"start","ktime_us":124697753,"port":7302,"reachable":true,"wake_lag_us":21071}
{"cookie":15230,"ev":"listen_event","family":2,"kind":"stop","ktime_us":124697756,"port":7302,"reachable":true,"wake_lag_us":21068}
{"cookie":15231,"ev":"listen_event","family":2,"kind":"start","ktime_us":124697772,"port":7302,"reachable":true,"wake_lag_us":21052}
{"cookie":15231,"ev":"listen_event","family":2,"kind":"stop","ktime_us":124697775,"port":7302,"reachable":true,"wake_lag_us":21049}
{"cookie":15232,"ev":"listen_event","family":2,"kind":"start","ktime_us":124697791,"port":7302,"reachable":true,"wake_lag_us":21033}
{"cookie":15232,"ev":"listen_event","family":2,"kind":"stop","ktime_us":124697794,"port":7302,"reachable":true,"wake_lag_us":21030}
{"cookie":15233,"ev":"listen_event","family":2,"kind":"start","ktime_us":124697810,"port":7302,"reachable":true,"wake_lag_us":21014}
{"cookie":15233,"ev":"listen_event","family":2,"kind":"stop","ktime_us":124697813,"port":7302,"reachable":true,"wake_lag_us":21011}
{"cookie":15234,"ev":"listen_event","family":2,"kind":"start","ktime_us":124697834,"port":7302,"reachable":true,"wake_lag_us":20990}
{"cookie":15234,"ev":"listen_event","family":2,"kind":"stop","ktime_us":124697837,"port":7302,"reachable":true,"wake_lag_us":20987}
{"cookie":15235,"ev":"listen_event","family":2,"kind":"start","ktime_us":124697853,"port":7302,"reachable":true,"wake_lag_us":20971}
{"cookie":15235,"ev":"listen_event","family":2,"kind":"stop","ktime_us":124697856,"port":7302,"reachable":true,"wake_lag_us":20968}
{"cookie":15236,"ev":"listen_event","family":2,"kind":"start","ktime_us":124697872,"port":7302,"reachable":true,"wake_lag_us":20952}
{"cookie":15236,"ev":"listen_event","family":2,"kind":"stop","ktime_us":124697875,"port":7302,"reachable":true,"wake_lag_us":20949}
{"cookie":15237,"ev":"listen_event","family":2,"kind":"start","ktime_us":124697894,"port":7302,"reachable":true,"wake_lag_us":20930}
{"cookie":15237,"ev":"listen_event","family":2,"kind":"stop","ktime_us":124697897,"port":7302,"reachable":true,"wake_lag_us":20927}
{"cookie":15238,"ev":"listen_event","family":2,"kind":"start","ktime_us":124697913,"port":7302,"reachable":true,"wake_lag_us":20911}
{"cookie":15238,"ev":"listen_event","family":2,"kind":"stop","ktime_us":124697916,"port":7302,"reachable":true,"wake_lag_us":20908}
{"cookie":15239,"ev":"listen_event","family":2,"kind":"start","ktime_us":124697932,"port":7302,"reachable":true,"wake_lag_us":20892}
{"cookie":15239,"ev":"listen_event","family":2,"kind":"stop","ktime_us":124697935,"port":7302,"reachable":true,"wake_lag_us":20889}
{"cookie":15240,"ev":"listen_event","family":2,"kind":"start","ktime_us":124697951,"port":7302,"reachable":true,"wake_lag_us":20873}
{"cookie":15240,"ev":"listen_event","family":2,"kind":"stop","ktime_us":124697954,"port":7302,"reachable":true,"wake_lag_us":20870}
{"cookie":15241,"ev":"listen_event","family":2,"kind":"start","ktime_us":124697970,"port":7302,"reachable":true,"wake_lag_us":20854}
{"cookie":15241,"ev":"listen_event","family":2,"kind":"stop","ktime_us":124697973,"port":7302,"reachable":true,"wake_lag_us":20851}
{"cookie":15242,"ev":"listen_event","family":2,"kind":"start","ktime_us":124697989,"port":7302,"reachable":true,"wake_lag_us":20835}
{"cookie":15242,"ev":"listen_event","family":2,"kind":"stop","ktime_us":124697992,"port":7302,"reachable":true,"wake_lag_us":20832}
{"cookie":15243,"ev":"listen_event","family":2,"kind":"start","ktime_us":124698026,"port":7302,"reachable":true,"wake_lag_us":20798}
{"cookie":15243,"ev":"listen_event","family":2,"kind":"stop","ktime_us":124698029,"port":7302,"reachable":true,"wake_lag_us":20795}
{"cookie":15244,"ev":"listen_event","family":2,"kind":"start","ktime_us":124698045,"port":7302,"reachable":true,"wake_lag_us":20779}
{"cookie":15244,"ev":"listen_event","family":2,"kind":"stop","ktime_us":124698048,"port":7302,"reachable":true,"wake_lag_us":20776}
{"cookie":15245,"ev":"listen_event","family":2,"kind":"start","ktime_us":124698064,"port":7302,"reachable":true,"wake_lag_us":20760}
{"cookie":15245,"ev":"listen_event","family":2,"kind":"stop","ktime_us":124698067,"port":7302,"reachable":true,"wake_lag_us":20757}
{"cookie":15246,"ev":"listen_event","family":2,"kind":"start","ktime_us":124698083,"port":7302,"reachable":true,"wake_lag_us":20741}
{"cookie":15246,"ev":"listen_event","family":2,"kind":"stop","ktime_us":124698086,"port":7302,"reachable":true,"wake_lag_us":20738}
{"cookie":15247,"ev":"listen_event","family":2,"kind":"start","ktime_us":124698102,"port":7302,"reachable":true,"wake_lag_us":20722}
{"cookie":15247,"ev":"listen_event","family":2,"kind":"stop","ktime_us":124698105,"port":7302,"reachable":true,"wake_lag_us":20719}
{"cookie":15248,"ev":"listen_event","family":2,"kind":"start","ktime_us":124698121,"port":7302,"reachable":true,"wake_lag_us":20703}
{"cookie":15248,"ev":"listen_event","family":2,"kind":"stop","ktime_us":124698124,"port":7302,"reachable":true,"wake_lag_us":20700}
{"cookie":15249,"ev":"listen_event","family":2,"kind":"start","ktime_us":124698144,"port":7302,"reachable":true,"wake_lag_us":20680}
{"cookie":15249,"ev":"listen_event","family":2,"kind":"stop","ktime_us":124698147,"port":7302,"reachable":true,"wake_lag_us":20677}
{"cookie":15250,"ev":"listen_event","family":2,"kind":"start","ktime_us":124698163,"port":7302,"reachable":true,"wake_lag_us":20661}
{"cookie":15250,"ev":"listen_event","family":2,"kind":"stop","ktime_us":124698166,"port":7302,"reachable":true,"wake_lag_us":20658}
{"cookie":15251,"ev":"listen_event","family":2,"kind":"start","ktime_us":124698182,"port":7302,"reachable":true,"wake_lag_us":20642}
{"cookie":15251,"ev":"listen_event","family":2,"kind":"stop","ktime_us":124698185,"port":7302,"reachable":true,"wake_lag_us":20639}
{"cookie":15252,"ev":"listen_event","family":2,"kind":"start","ktime_us":124698201,"port":7302,"reachable":true,"wake_lag_us":20623}
{"cookie":15252,"ev":"listen_event","family":2,"kind":"stop","ktime_us":124698204,"port":7302,"reachable":true,"wake_lag_us":20620}
{"cookie":15253,"ev":"listen_event","family":2,"kind":"start","ktime_us":124698220,"port":7302,"reachable":true,"wake_lag_us":20604}
{"cookie":15253,"ev":"listen_event","family":2,"kind":"stop","ktime_us":124698223,"port":7302,"reachable":true,"wake_lag_us":20601}
{"cookie":15254,"ev":"listen_event","family":2,"kind":"start","ktime_us":124698239,"port":7302,"reachable":true,"wake_lag_us":20585}
{"cookie":15254,"ev":"listen_event","family":2,"kind":"stop","ktime_us":124698242,"port":7302,"reachable":true,"wake_lag_us":20582}
{"cookie":15255,"ev":"listen_event","family":2,"kind":"start","ktime_us":124698262,"port":7302,"reachable":true,"wake_lag_us":20562}
{"cookie":15255,"ev":"listen_event","family":2,"kind":"stop","ktime_us":124698266,"port":7302,"reachable":true,"wake_lag_us":20558}
{"cookie":15256,"ev":"listen_event","family":2,"kind":"start","ktime_us":124698302,"port":7302,"reachable":true,"wake_lag_us":20522}
{"cookie":15256,"ev":"listen_event","family":2,"kind":"stop","ktime_us":124698305,"port":7302,"reachable":true,"wake_lag_us":20519}
{"cookie":15257,"ev":"listen_event","family":2,"kind":"start","ktime_us":124698321,"port":7302,"reachable":true,"wake_lag_us":20503}
{"cookie":15257,"ev":"listen_event","family":2,"kind":"stop","ktime_us":124698325,"port":7302,"reachable":true,"wake_lag_us":20499}
{"cookie":15258,"ev":"listen_event","family":2,"kind":"start","ktime_us":124698340,"port":7302,"reachable":true,"wake_lag_us":20484}
{"cookie":15258,"ev":"listen_event","family":2,"kind":"stop","ktime_us":124698344,"port":7302,"reachable":true,"wake_lag_us":20480}
{"cookie":15259,"ev":"listen_event","family":2,"kind":"start","ktime_us":124698359,"port":7302,"reachable":true,"wake_lag_us":20465}
{"cookie":15259,"ev":"listen_event","family":2,"kind":"stop","ktime_us":124698363,"port":7302,"reachable":true,"wake_lag_us":20461}
{"cookie":15260,"ev":"listen_event","family":2,"kind":"start","ktime_us":124698378,"port":7302,"reachable":true,"wake_lag_us":20446}
{"cookie":15260,"ev":"listen_event","family":2,"kind":"stop","ktime_us":124698381,"port":7302,"reachable":true,"wake_lag_us":20443}
{"cookie":15261,"ev":"listen_event","family":2,"kind":"start","ktime_us":124698414,"port":7302,"reachable":true,"wake_lag_us":20410}
{"cookie":15261,"ev":"listen_event","family":2,"kind":"stop","ktime_us":124698417,"port":7302,"reachable":true,"wake_lag_us":20407}
{"cookie":15262,"ev":"listen_event","family":2,"kind":"start","ktime_us":124698441,"port":7302,"reachable":true,"wake_lag_us":20383}
{"cookie":15262,"ev":"listen_event","family":2,"kind":"stop","ktime_us":124698444,"port":7302,"reachable":true,"wake_lag_us":20380}
{"cookie":15263,"ev":"listen_event","family":2,"kind":"start","ktime_us":124698460,"port":7302,"reachable":true,"wake_lag_us":20364}
{"cookie":15263,"ev":"listen_event","family":2,"kind":"stop","ktime_us":124698463,"port":7302,"reachable":true,"wake_lag_us":20361}
{"cookie":15264,"ev":"listen_event","family":2,"kind":"start","ktime_us":124698479,"port":7302,"reachable":true,"wake_lag_us":20345}
{"cookie":15264,"ev":"listen_event","family":2,"kind":"stop","ktime_us":124698482,"port":7302,"reachable":true,"wake_lag_us":20342}
{"cookie":15265,"ev":"listen_event","family":2,"kind":"start","ktime_us":124698498,"port":7302,"reachable":true,"wake_lag_us":20326}
{"cookie":15265,"ev":"listen_event","family":2,"kind":"stop","ktime_us":124698501,"port":7302,"reachable":true,"wake_lag_us":20323}
{"cookie":15266,"ev":"listen_event","family":2,"kind":"start","ktime_us":124698517,"port":7302,"reachable":true,"wake_lag_us":20307}
{"cookie":15266,"ev":"listen_event","family":2,"kind":"stop","ktime_us":124698520,"port":7302,"reachable":true,"wake_lag_us":20304}
{"cookie":15267,"ev":"listen_event","family":2,"kind":"start","ktime_us":124698536,"port":7302,"reachable":true,"wake_lag_us":20288}
{"cookie":15267,"ev":"listen_event","family":2,"kind":"stop","ktime_us":124698539,"port":7302,"reachable":true,"wake_lag_us":20285}
{"cookie":15268,"ev":"listen_event","family":2,"kind":"start","ktime_us":124698555,"port":7302,"reachable":true,"wake_lag_us":20269}
{"cookie":15268,"ev":"listen_event","family":2,"kind":"stop","ktime_us":124698558,"port":7302,"reachable":true,"wake_lag_us":20266}
{"cookie":15269,"ev":"listen_event","family":2,"kind":"start","ktime_us":124698574,"port":7302,"reachable":true,"wake_lag_us":20250}
{"cookie":15269,"ev":"listen_event","family":2,"kind":"stop","ktime_us":124698577,"port":7302,"reachable":true,"wake_lag_us":20247}
{"cookie":15270,"ev":"listen_event","family":2,"kind":"start","ktime_us":124698593,"port":7302,"reachable":true,"wake_lag_us":20231}
{"cookie":15270,"ev":"listen_event","family":2,"kind":"stop","ktime_us":124698596,"port":7302,"reachable":true,"wake_lag_us":20228}
{"cookie":15271,"ev":"listen_event","family":2,"kind":"start","ktime_us":124698612,"port":7302,"reachable":true,"wake_lag_us":20212}
{"cookie":15271,"ev":"listen_event","family":2,"kind":"stop","ktime_us":124698615,"port":7302,"reachable":true,"wake_lag_us":20209}
{"cookie":15272,"ev":"listen_event","family":2,"kind":"start","ktime_us":124698631,"port":7302,"reachable":true,"wake_lag_us":20193}
{"cookie":15272,"ev":"listen_event","family":2,"kind":"stop","ktime_us":124698634,"port":7302,"reachable":true,"wake_lag_us":20190}
{"cookie":15273,"ev":"listen_event","family":2,"kind":"start","ktime_us":124698653,"port":7302,"reachable":true,"wake_lag_us":20171}
{"cookie":15273,"ev":"listen_event","family":2,"kind":"stop","ktime_us":124698656,"port":7302,"reachable":true,"wake_lag_us":20168}
{"cookie":15274,"ev":"listen_event","family":2,"kind":"start","ktime_us":124698672,"port":7302,"reachable":true,"wake_lag_us":20152}
{"cookie":15274,"ev":"listen_event","family":2,"kind":"stop","ktime_us":124698676,"port":7302,"reachable":true,"wake_lag_us":20148}
{"cookie":15275,"ev":"listen_event","family":2,"kind":"start","ktime_us":124698691,"port":7302,"reachable":true,"wake_lag_us":20133}
{"cookie":15275,"ev":"listen_event","family":2,"kind":"stop","ktime_us":124698695,"port":7302,"reachable":true,"wake_lag_us":20129}
{"cookie":15276,"ev":"listen_event","family":2,"kind":"start","ktime_us":124698710,"port":7302,"reachable":true,"wake_lag_us":20114}
{"cookie":15276,"ev":"listen_event","family":2,"kind":"stop","ktime_us":124698713,"port":7302,"reachable":true,"wake_lag_us":20111}
{"cookie":15277,"ev":"listen_event","family":2,"kind":"start","ktime_us":124698729,"port":7302,"reachable":true,"wake_lag_us":20095}
{"cookie":15277,"ev":"listen_event","family":2,"kind":"stop","ktime_us":124698732,"port":7302,"reachable":true,"wake_lag_us":20092}
{"cookie":15278,"ev":"listen_event","family":2,"kind":"start","ktime_us":124698748,"port":7302,"reachable":true,"wake_lag_us":20076}
{"cookie":15278,"ev":"listen_event","family":2,"kind":"stop","ktime_us":124698751,"port":7302,"reachable":true,"wake_lag_us":20073}
{"cookie":15279,"ev":"listen_event","family":2,"kind":"start","ktime_us":124698767,"port":7302,"reachable":true,"wake_lag_us":20057}
{"cookie":15279,"ev":"listen_event","family":2,"kind":"stop","ktime_us":124698770,"port":7302,"reachable":true,"wake_lag_us":20054}
{"cookie":15280,"ev":"listen_event","family":2,"kind":"start","ktime_us":124698786,"port":7302,"reachable":true,"wake_lag_us":20038}
{"cookie":15280,"ev":"listen_event","family":2,"kind":"stop","ktime_us":124698789,"port":7302,"reachable":true,"wake_lag_us":20035}
{"cookie":15281,"ev":"listen_event","family":2,"kind":"start","ktime_us":124698805,"port":7302,"reachable":true,"wake_lag_us":20019}
{"cookie":15281,"ev":"listen_event","family":2,"kind":"stop","ktime_us":124698808,"port":7302,"reachable":true,"wake_lag_us":20016}
{"cookie":15282,"ev":"listen_event","family":2,"kind":"start","ktime_us":124698824,"port":7302,"reachable":true,"wake_lag_us":20000}
{"cookie":15282,"ev":"listen_event","family":2,"kind":"stop","ktime_us":124698827,"port":7302,"reachable":true,"wake_lag_us":19997}
{"cookie":15283,"ev":"listen_event","family":2,"kind":"start","ktime_us":124698843,"port":7302,"reachable":true,"wake_lag_us":19981}
{"cookie":15283,"ev":"listen_event","family":2,"kind":"stop","ktime_us":124698846,"port":7302,"reachable":true,"wake_lag_us":19978}
{"cookie":15284,"ev":"listen_event","family":2,"kind":"start","ktime_us":124698862,"port":7302,"reachable":true,"wake_lag_us":19962}
{"cookie":15284,"ev":"listen_event","family":2,"kind":"stop","ktime_us":124698865,"port":7302,"reachable":true,"wake_lag_us":19959}
{"cookie":15285,"ev":"listen_event","family":2,"kind":"start","ktime_us":124698886,"port":7302,"reachable":true,"wake_lag_us":19938}
{"cookie":15285,"ev":"listen_event","family":2,"kind":"stop","ktime_us":124698889,"port":7302,"reachable":true,"wake_lag_us":19935}
{"cookie":15286,"ev":"listen_event","family":2,"kind":"start","ktime_us":124698905,"port":7302,"reachable":true,"wake_lag_us":19919}
{"cookie":15286,"ev":"listen_event","family":2,"kind":"stop","ktime_us":124698908,"port":7302,"reachable":true,"wake_lag_us":19916}
{"cookie":15287,"ev":"listen_event","family":2,"kind":"start","ktime_us":124698924,"port":7302,"reachable":true,"wake_lag_us":19900}
{"cookie":15287,"ev":"listen_event","family":2,"kind":"stop","ktime_us":124698927,"port":7302,"reachable":true,"wake_lag_us":19897}
{"cookie":15288,"ev":"listen_event","family":2,"kind":"start","ktime_us":124698943,"port":7302,"reachable":true,"wake_lag_us":19881}
{"cookie":15288,"ev":"listen_event","family":2,"kind":"stop","ktime_us":124698946,"port":7302,"reachable":true,"wake_lag_us":19878}
{"cookie":15289,"ev":"listen_event","family":2,"kind":"start","ktime_us":124698968,"port":7302,"reachable":true,"wake_lag_us":19856}
{"cookie":15289,"ev":"listen_event","family":2,"kind":"stop","ktime_us":124698971,"port":7302,"reachable":true,"wake_lag_us":19853}
{"cookie":15290,"ev":"listen_event","family":2,"kind":"start","ktime_us":124698993,"port":7302,"reachable":true,"wake_lag_us":19831}
{"cookie":15290,"ev":"listen_event","family":2,"kind":"stop","ktime_us":124699011,"port":7302,"reachable":true,"wake_lag_us":19813}
{"cookie":15291,"ev":"listen_event","family":2,"kind":"start","ktime_us":124699027,"port":7302,"reachable":true,"wake_lag_us":19797}
{"cookie":15291,"ev":"listen_event","family":2,"kind":"stop","ktime_us":124699030,"port":7302,"reachable":true,"wake_lag_us":19794}
{"cookie":15292,"ev":"listen_event","family":2,"kind":"start","ktime_us":124699046,"port":7302,"reachable":true,"wake_lag_us":19778}
{"cookie":15292,"ev":"listen_event","family":2,"kind":"stop","ktime_us":124699049,"port":7302,"reachable":true,"wake_lag_us":19775}
{"cookie":15293,"ev":"listen_event","family":2,"kind":"start","ktime_us":124699065,"port":7302,"reachable":true,"wake_lag_us":19759}
{"cookie":15293,"ev":"listen_event","family":2,"kind":"stop","ktime_us":124699068,"port":7302,"reachable":true,"wake_lag_us":19756}
{"cookie":15294,"ev":"listen_event","family":2,"kind":"start","ktime_us":124699084,"port":7302,"reachable":true,"wake_lag_us":19740}
{"cookie":15294,"ev":"listen_event","family":2,"kind":"stop","ktime_us":124699087,"port":7302,"reachable":true,"wake_lag_us":19737}
{"cookie":15295,"ev":"listen_event","family":2,"kind":"start","ktime_us":124699103,"port":7302,"reachable":true,"wake_lag_us":19721}
{"cookie":15295,"ev":"listen_event","family":2,"kind":"stop","ktime_us":124699106,"port":7302,"reachable":true,"wake_lag_us":19718}
{"cookie":15296,"ev":"listen_event","family":2,"kind":"start","ktime_us":124699122,"port":7302,"reachable":true,"wake_lag_us":19702}
{"cookie":15296,"ev":"listen_event","family":2,"kind":"stop","ktime_us":124699125,"port":7302,"reachable":true,"wake_lag_us":19699}
{"cookie":15297,"ev":"listen_event","family":2,"kind":"start","ktime_us":124699144,"port":7302,"reachable":true,"wake_lag_us":19680}
{"cookie":15297,"ev":"listen_event","family":2,"kind":"stop","ktime_us":124699147,"port":7302,"reachable":true,"wake_lag_us":19677}
{"cookie":15298,"ev":"listen_event","family":2,"kind":"start","ktime_us":124699163,"port":7302,"reachable":true,"wake_lag_us":19661}
{"cookie":15298,"ev":"listen_event","family":2,"kind":"stop","ktime_us":124699167,"port":7302,"reachable":true,"wake_lag_us":19657}
{"cookie":15299,"ev":"listen_event","family":2,"kind":"start","ktime_us":124699182,"port":7302,"reachable":true,"wake_lag_us":19642}
{"cookie":15299,"ev":"listen_event","family":2,"kind":"stop","ktime_us":124699185,"port":7302,"reachable":true,"wake_lag_us":19639}
{"cookie":15300,"ev":"listen_event","family":2,"kind":"start","ktime_us":124699201,"port":7302,"reachable":true,"wake_lag_us":19623}
{"cookie":15300,"ev":"listen_event","family":2,"kind":"stop","ktime_us":124699204,"port":7302,"reachable":true,"wake_lag_us":19620}
{"cookie":15301,"ev":"listen_event","family":2,"kind":"start","ktime_us":124699220,"port":7302,"reachable":true,"wake_lag_us":19604}
{"cookie":15301,"ev":"listen_event","family":2,"kind":"stop","ktime_us":124699223,"port":7302,"reachable":true,"wake_lag_us":19601}
{"cookie":15302,"ev":"listen_event","family":2,"kind":"start","ktime_us":124699239,"port":7302,"reachable":true,"wake_lag_us":19585}
{"cookie":15302,"ev":"listen_event","family":2,"kind":"stop","ktime_us":124699242,"port":7302,"reachable":true,"wake_lag_us":19582}
{"cookie":15303,"ev":"listen_event","family":2,"kind":"start","ktime_us":124699258,"port":7302,"reachable":true,"wake_lag_us":19566}
{"cookie":15303,"ev":"listen_event","family":2,"kind":"stop","ktime_us":124699261,"port":7302,"reachable":true,"wake_lag_us":19563}
{"cookie":15304,"ev":"listen_event","family":2,"kind":"start","ktime_us":124699277,"port":7302,"reachable":true,"wake_lag_us":19547}
{"cookie":15304,"ev":"listen_event","family":2,"kind":"stop","ktime_us":124699280,"port":7302,"reachable":true,"wake_lag_us":19544}
{"cookie":15305,"ev":"listen_event","family":2,"kind":"start","ktime_us":124699295,"port":7302,"reachable":true,"wake_lag_us":19529}
{"cookie":15305,"ev":"listen_event","family":2,"kind":"stop","ktime_us":124699299,"port":7302,"reachable":true,"wake_lag_us":19525}
{"cookie":15306,"ev":"listen_event","family":2,"kind":"start","ktime_us":124699314,"port":7302,"reachable":true,"wake_lag_us":19510}
{"cookie":15306,"ev":"listen_event","family":2,"kind":"stop","ktime_us":124699317,"port":7302,"reachable":true,"wake_lag_us":19507}
{"cookie":15307,"ev":"listen_event","family":2,"kind":"start","ktime_us":124699333,"port":7302,"reachable":true,"wake_lag_us":19491}
{"cookie":15307,"ev":"listen_event","family":2,"kind":"stop","ktime_us":124699337,"port":7302,"reachable":true,"wake_lag_us":19487}
{"cookie":15308,"ev":"listen_event","family":2,"kind":"start","ktime_us":124699372,"port":7302,"reachable":true,"wake_lag_us":19452}
{"cookie":15308,"ev":"listen_event","family":2,"kind":"stop","ktime_us":124699376,"port":7302,"reachable":true,"wake_lag_us":19448}
{"cookie":15309,"ev":"listen_event","family":2,"kind":"start","ktime_us":124699408,"port":7302,"reachable":true,"wake_lag_us":19416}
{"cookie":15309,"ev":"listen_event","family":2,"kind":"stop","ktime_us":124699411,"port":7302,"reachable":true,"wake_lag_us":19413}
{"cookie":15310,"ev":"listen_event","family":2,"kind":"start","ktime_us":124699427,"port":7302,"reachable":true,"wake_lag_us":19397}
{"cookie":15310,"ev":"listen_event","family":2,"kind":"stop","ktime_us":124699430,"port":7302,"reachable":true,"wake_lag_us":19394}
{"cookie":15311,"ev":"listen_event","family":2,"kind":"start","ktime_us":124699446,"port":7302,"reachable":true,"wake_lag_us":19378}
{"cookie":15311,"ev":"listen_event","family":2,"kind":"stop","ktime_us":124699449,"port":7302,"reachable":true,"wake_lag_us":19375}
{"cookie":15312,"ev":"listen_event","family":2,"kind":"start","ktime_us":124699465,"port":7302,"reachable":true,"wake_lag_us":19359}
{"cookie":15312,"ev":"listen_event","family":2,"kind":"stop","ktime_us":124699468,"port":7302,"reachable":true,"wake_lag_us":19356}
{"cookie":15313,"ev":"listen_event","family":2,"kind":"start","ktime_us":124699484,"port":7302,"reachable":true,"wake_lag_us":19340}
{"cookie":15313,"ev":"listen_event","family":2,"kind":"stop","ktime_us":124699487,"port":7302,"reachable":true,"wake_lag_us":19337}
{"cookie":15314,"ev":"listen_event","family":2,"kind":"start","ktime_us":124699503,"port":7302,"reachable":true,"wake_lag_us":19321}
{"cookie":15314,"ev":"listen_event","family":2,"kind":"stop","ktime_us":124699506,"port":7302,"reachable":true,"wake_lag_us":19318}
{"cookie":15315,"ev":"listen_event","family":2,"kind":"start","ktime_us":124699525,"port":7302,"reachable":true,"wake_lag_us":19299}
{"cookie":15315,"ev":"listen_event","family":2,"kind":"stop","ktime_us":124699528,"port":7302,"reachable":true,"wake_lag_us":19296}
{"cookie":15316,"ev":"listen_event","family":2,"kind":"start","ktime_us":124699544,"port":7302,"reachable":true,"wake_lag_us":19280}
{"cookie":15316,"ev":"listen_event","family":2,"kind":"stop","ktime_us":124699547,"port":7302,"reachable":true,"wake_lag_us":19277}
{"cookie":15317,"ev":"listen_event","family":2,"kind":"start","ktime_us":124699563,"port":7302,"reachable":true,"wake_lag_us":19261}
{"cookie":15317,"ev":"listen_event","family":2,"kind":"stop","ktime_us":124699566,"port":7302,"reachable":true,"wake_lag_us":19258}
{"cookie":15318,"ev":"listen_event","family":2,"kind":"start","ktime_us":124699590,"port":7302,"reachable":true,"wake_lag_us":19234}
{"cookie":15318,"ev":"listen_event","family":2,"kind":"stop","ktime_us":124699593,"port":7302,"reachable":true,"wake_lag_us":19231}
{"cookie":15319,"ev":"listen_event","family":2,"kind":"start","ktime_us":124699609,"port":7302,"reachable":true,"wake_lag_us":19215}
{"cookie":15319,"ev":"listen_event","family":2,"kind":"stop","ktime_us":124699612,"port":7302,"reachable":true,"wake_lag_us":19212}
{"cookie":15320,"ev":"listen_event","family":2,"kind":"start","ktime_us":124699628,"port":7302,"reachable":true,"wake_lag_us":19196}
{"cookie":15320,"ev":"listen_event","family":2,"kind":"stop","ktime_us":124699631,"port":7302,"reachable":true,"wake_lag_us":19193}
{"cookie":15321,"ev":"listen_event","family":2,"kind":"start","ktime_us":124699651,"port":7302,"reachable":true,"wake_lag_us":19173}
{"cookie":15321,"ev":"listen_event","family":2,"kind":"stop","ktime_us":124699654,"port":7302,"reachable":true,"wake_lag_us":19170}
{"cookie":15322,"ev":"listen_event","family":2,"kind":"start","ktime_us":124699670,"port":7302,"reachable":true,"wake_lag_us":19154}
{"cookie":15322,"ev":"listen_event","family":2,"kind":"stop","ktime_us":124699673,"port":7302,"reachable":true,"wake_lag_us":19151}
{"cookie":15323,"ev":"listen_event","family":2,"kind":"start","ktime_us":124699689,"port":7302,"reachable":true,"wake_lag_us":19135}
{"cookie":15323,"ev":"listen_event","family":2,"kind":"stop","ktime_us":124699692,"port":7302,"reachable":true,"wake_lag_us":19132}
{"cookie":15324,"ev":"listen_event","family":2,"kind":"start","ktime_us":124699708,"port":7302,"reachable":true,"wake_lag_us":19116}
{"cookie":15324,"ev":"listen_event","family":2,"kind":"stop","ktime_us":124699711,"port":7302,"reachable":true,"wake_lag_us":19113}
{"cookie":15325,"ev":"listen_event","family":2,"kind":"start","ktime_us":124699727,"port":7302,"reachable":true,"wake_lag_us":19097}
{"cookie":15325,"ev":"listen_event","family":2,"kind":"stop","ktime_us":124699730,"port":7302,"reachable":true,"wake_lag_us":19094}
{"cookie":15326,"ev":"listen_event","family":2,"kind":"start","ktime_us":124699746,"port":7302,"reachable":true,"wake_lag_us":19078}
{"cookie":15326,"ev":"listen_event","family":2,"kind":"stop","ktime_us":124699749,"port":7302,"reachable":true,"wake_lag_us":19075}
{"cookie":15327,"ev":"listen_event","family":2,"kind":"start","ktime_us":124699765,"port":7302,"reachable":true,"wake_lag_us":19059}
{"cookie":15327,"ev":"listen_event","family":2,"kind":"stop","ktime_us":124699768,"port":7302,"reachable":true,"wake_lag_us":19056}
{"cookie":15328,"ev":"listen_event","family":2,"kind":"start","ktime_us":124699784,"port":7302,"reachable":true,"wake_lag_us":19040}
{"cookie":15328,"ev":"listen_event","family":2,"kind":"stop","ktime_us":124699787,"port":7302,"reachable":true,"wake_lag_us":19037}
{"cookie":15329,"ev":"listen_event","family":2,"kind":"start","ktime_us":124699803,"port":7302,"reachable":true,"wake_lag_us":19021}
{"cookie":15329,"ev":"listen_event","family":2,"kind":"stop","ktime_us":124699806,"port":7302,"reachable":true,"wake_lag_us":19018}
{"cookie":15330,"ev":"listen_event","family":2,"kind":"start","ktime_us":124699822,"port":7302,"reachable":true,"wake_lag_us":19002}
{"cookie":15330,"ev":"listen_event","family":2,"kind":"stop","ktime_us":124699825,"port":7302,"reachable":true,"wake_lag_us":18999}
{"cookie":15331,"ev":"listen_event","family":2,"kind":"start","ktime_us":124699840,"port":7302,"reachable":true,"wake_lag_us":18984}
{"cookie":15331,"ev":"listen_event","family":2,"kind":"stop","ktime_us":124699844,"port":7302,"reachable":true,"wake_lag_us":18980}
{"cookie":15332,"ev":"listen_event","family":2,"kind":"start","ktime_us":124699859,"port":7302,"reachable":true,"wake_lag_us":18965}
{"cookie":15332,"ev":"listen_event","family":2,"kind":"stop","ktime_us":124699863,"port":7302,"reachable":true,"wake_lag_us":18961}
{"cookie":15333,"ev":"listen_event","family":2,"kind":"start","ktime_us":124699882,"port":7302,"reachable":true,"wake_lag_us":18942}
{"cookie":15333,"ev":"listen_event","family":2,"kind":"stop","ktime_us":124699885,"port":7302,"reachable":true,"wake_lag_us":18939}
{"cookie":15334,"ev":"listen_event","family":2,"kind":"start","ktime_us":124699901,"port":7302,"reachable":true,"wake_lag_us":18923}
{"cookie":15334,"ev":"listen_event","family":2,"kind":"stop","ktime_us":124699904,"port":7302,"reachable":true,"wake_lag_us":18920}
{"cookie":15335,"ev":"listen_event","family":2,"kind":"start","ktime_us":124699920,"port":7302,"reachable":true,"wake_lag_us":18904}
{"cookie":15335,"ev":"listen_event","family":2,"kind":"stop","ktime_us":124699923,"port":7302,"reachable":true,"wake_lag_us":18901}
{"cookie":15336,"ev":"listen_event","family":2,"kind":"start","ktime_us":124699939,"port":7302,"reachable":true,"wake_lag_us":18885}
{"cookie":15336,"ev":"listen_event","family":2,"kind":"stop","ktime_us":124699942,"port":7302,"reachable":true,"wake_lag_us":18882}
{"cookie":15337,"ev":"listen_event","family":2,"kind":"start","ktime_us":124699958,"port":7302,"reachable":true,"wake_lag_us":18866}
{"cookie":15337,"ev":"listen_event","family":2,"kind":"stop","ktime_us":124699962,"port":7302,"reachable":true,"wake_lag_us":18862}
{"cookie":15338,"ev":"listen_event","family":2,"kind":"start","ktime_us":124699977,"port":7302,"reachable":true,"wake_lag_us":18847}
{"cookie":15338,"ev":"listen_event","family":2,"kind":"stop","ktime_us":124699981,"port":7302,"reachable":true,"wake_lag_us":18843}
{"cookie":15339,"ev":"listen_event","family":2,"kind":"start","ktime_us":124700011,"port":7302,"reachable":true,"wake_lag_us":18813}
{"cookie":15339,"ev":"listen_event","family":2,"kind":"stop","ktime_us":124700014,"port":7302,"reachable":true,"wake_lag_us":18810}
{"cookie":15340,"ev":"listen_event","family":2,"kind":"start","ktime_us":124700030,"port":7302,"reachable":true,"wake_lag_us":18794}
{"cookie":15340,"ev":"listen_event","family":2,"kind":"stop","ktime_us":124700033,"port":7302,"reachable":true,"wake_lag_us":18791}
{"cookie":15341,"ev":"listen_event","family":2,"kind":"start","ktime_us":124700049,"port":7302,"reachable":true,"wake_lag_us":18775}
{"cookie":15341,"ev":"listen_event","family":2,"kind":"stop","ktime_us":124700052,"port":7302,"reachable":true,"wake_lag_us":18772}
{"cookie":15342,"ev":"listen_event","family":2,"kind":"start","ktime_us":124700068,"port":7302,"reachable":true,"wake_lag_us":18756}
{"cookie":15342,"ev":"listen_event","family":2,"kind":"stop","ktime_us":124700071,"port":7302,"reachable":true,"wake_lag_us":18753}
{"cookie":15343,"ev":"listen_event","family":2,"kind":"start","ktime_us":124700087,"port":7302,"reachable":true,"wake_lag_us":18737}
{"cookie":15343,"ev":"listen_event","family":2,"kind":"stop","ktime_us":124700090,"port":7302,"reachable":true,"wake_lag_us":18734}
{"cookie":15344,"ev":"listen_event","family":2,"kind":"start","ktime_us":124700106,"port":7302,"reachable":true,"wake_lag_us":18718}
{"cookie":15344,"ev":"listen_event","family":2,"kind":"stop","ktime_us":124700109,"port":7302,"reachable":true,"wake_lag_us":18715}
{"cookie":15345,"ev":"listen_event","family":2,"kind":"start","ktime_us":124700128,"port":7302,"reachable":true,"wake_lag_us":18696}
{"cookie":15345,"ev":"listen_event","family":2,"kind":"stop","ktime_us":124700132,"port":7302,"reachable":true,"wake_lag_us":18692}
{"cookie":15346,"ev":"listen_event","family":2,"kind":"start","ktime_us":124700152,"port":7302,"reachable":true,"wake_lag_us":18672}
{"cookie":15346,"ev":"listen_event","family":2,"kind":"stop","ktime_us":124700155,"port":7302,"reachable":true,"wake_lag_us":18669}
{"cookie":15347,"ev":"listen_event","family":2,"kind":"start","ktime_us":124700171,"port":7302,"reachable":true,"wake_lag_us":18653}
{"cookie":15347,"ev":"listen_event","family":2,"kind":"stop","ktime_us":124700174,"port":7302,"reachable":true,"wake_lag_us":18650}
{"cookie":15348,"ev":"listen_event","family":2,"kind":"start","ktime_us":124700190,"port":7302,"reachable":true,"wake_lag_us":18634}
{"cookie":15348,"ev":"listen_event","family":2,"kind":"stop","ktime_us":124700193,"port":7302,"reachable":true,"wake_lag_us":18631}
{"cookie":15349,"ev":"listen_event","family":2,"kind":"start","ktime_us":124700214,"port":7302,"reachable":true,"wake_lag_us":18610}
{"cookie":15349,"ev":"listen_event","family":2,"kind":"stop","ktime_us":124700217,"port":7302,"reachable":true,"wake_lag_us":18607}
{"cookie":15350,"ev":"listen_event","family":2,"kind":"start","ktime_us":124700233,"port":7302,"reachable":true,"wake_lag_us":18591}
{"cookie":15350,"ev":"listen_event","family":2,"kind":"stop","ktime_us":124700236,"port":7302,"reachable":true,"wake_lag_us":18588}
{"cookie":15351,"ev":"listen_event","family":2,"kind":"start","ktime_us":124700252,"port":7302,"reachable":true,"wake_lag_us":18572}
{"cookie":15351,"ev":"listen_event","family":2,"kind":"stop","ktime_us":124700255,"port":7302,"reachable":true,"wake_lag_us":18569}
{"cookie":15352,"ev":"listen_event","family":2,"kind":"start","ktime_us":124700272,"port":7302,"reachable":true,"wake_lag_us":18552}
{"cookie":15352,"ev":"listen_event","family":2,"kind":"stop","ktime_us":124700275,"port":7302,"reachable":true,"wake_lag_us":18549}
{"cookie":15353,"ev":"listen_event","family":2,"kind":"start","ktime_us":124700291,"port":7302,"reachable":true,"wake_lag_us":18533}
{"cookie":15353,"ev":"listen_event","family":2,"kind":"stop","ktime_us":124700294,"port":7302,"reachable":true,"wake_lag_us":18530}
{"cookie":15354,"ev":"listen_event","family":2,"kind":"start","ktime_us":124700310,"port":7302,"reachable":true,"wake_lag_us":18514}
{"cookie":15354,"ev":"listen_event","family":2,"kind":"stop","ktime_us":124700313,"port":7302,"reachable":true,"wake_lag_us":18511}
{"cookie":15355,"ev":"listen_event","family":2,"kind":"start","ktime_us":124700329,"port":7302,"reachable":true,"wake_lag_us":18495}
{"cookie":15355,"ev":"listen_event","family":2,"kind":"stop","ktime_us":124700332,"port":7302,"reachable":true,"wake_lag_us":18492}
{"cookie":15356,"ev":"listen_event","family":2,"kind":"start","ktime_us":124700348,"port":7302,"reachable":true,"wake_lag_us":18476}
{"cookie":15356,"ev":"listen_event","family":2,"kind":"stop","ktime_us":124700351,"port":7302,"reachable":true,"wake_lag_us":18473}
{"cookie":15357,"ev":"listen_event","family":2,"kind":"start","ktime_us":124700372,"port":7302,"reachable":true,"wake_lag_us":18452}
{"cookie":15357,"ev":"listen_event","family":2,"kind":"stop","ktime_us":124700375,"port":7302,"reachable":true,"wake_lag_us":18449}
{"cookie":15358,"ev":"listen_event","family":2,"kind":"start","ktime_us":124700422,"port":7302,"reachable":true,"wake_lag_us":18402}
{"cookie":15358,"ev":"listen_event","family":2,"kind":"stop","ktime_us":124700425,"port":7302,"reachable":true,"wake_lag_us":18399}
{"cookie":15359,"ev":"listen_event","family":2,"kind":"start","ktime_us":124700442,"port":7302,"reachable":true,"wake_lag_us":18382}
{"cookie":15359,"ev":"listen_event","family":2,"kind":"stop","ktime_us":124700445,"port":7302,"reachable":true,"wake_lag_us":18379}
{"cookie":15360,"ev":"listen_event","family":2,"kind":"start","ktime_us":124700461,"port":7302,"reachable":true,"wake_lag_us":18363}
{"cookie":15360,"ev":"listen_event","family":2,"kind":"stop","ktime_us":124700464,"port":7302,"reachable":true,"wake_lag_us":18360}
{"cookie":15361,"ev":"listen_event","family":2,"kind":"start","ktime_us":124700480,"port":7302,"reachable":true,"wake_lag_us":18344}
{"cookie":15361,"ev":"listen_event","family":2,"kind":"stop","ktime_us":124700483,"port":7302,"reachable":true,"wake_lag_us":18341}
{"cookie":15362,"ev":"listen_event","family":2,"kind":"start","ktime_us":124700499,"port":7302,"reachable":true,"wake_lag_us":18325}
{"cookie":15362,"ev":"listen_event","family":2,"kind":"stop","ktime_us":124700502,"port":7302,"reachable":true,"wake_lag_us":18322}
{"cookie":15363,"ev":"listen_event","family":2,"kind":"start","ktime_us":124700518,"port":7302,"reachable":true,"wake_lag_us":18306}
{"cookie":15363,"ev":"listen_event","family":2,"kind":"stop","ktime_us":124700521,"port":7302,"reachable":true,"wake_lag_us":18303}
{"cookie":15364,"ev":"listen_event","family":2,"kind":"start","ktime_us":124700537,"port":7302,"reachable":true,"wake_lag_us":18287}
{"cookie":15364,"ev":"listen_event","family":2,"kind":"stop","ktime_us":124700540,"port":7302,"reachable":true,"wake_lag_us":18284}
{"cookie":15365,"ev":"listen_event","family":2,"kind":"start","ktime_us":124700556,"port":7302,"reachable":true,"wake_lag_us":18268}
{"cookie":15365,"ev":"listen_event","family":2,"kind":"stop","ktime_us":124700559,"port":7302,"reachable":true,"wake_lag_us":18265}
{"cookie":15366,"ev":"listen_event","family":2,"kind":"start","ktime_us":124700575,"port":7302,"reachable":true,"wake_lag_us":18249}
{"cookie":15366,"ev":"listen_event","family":2,"kind":"stop","ktime_us":124700578,"port":7302,"reachable":true,"wake_lag_us":18246}
{"cookie":15367,"ev":"listen_event","family":2,"kind":"start","ktime_us":124700594,"port":7302,"reachable":true,"wake_lag_us":18230}
{"cookie":15367,"ev":"listen_event","family":2,"kind":"stop","ktime_us":124700597,"port":7302,"reachable":true,"wake_lag_us":18227}
{"cookie":15368,"ev":"listen_event","family":2,"kind":"start","ktime_us":124700613,"port":7302,"reachable":true,"wake_lag_us":18211}
{"cookie":15368,"ev":"listen_event","family":2,"kind":"stop","ktime_us":124700616,"port":7302,"reachable":true,"wake_lag_us":18208}
{"cookie":15369,"ev":"listen_event","family":2,"kind":"start","ktime_us":124700636,"port":7302,"reachable":true,"wake_lag_us":18188}
{"cookie":15369,"ev":"listen_event","family":2,"kind":"stop","ktime_us":124700639,"port":7302,"reachable":true,"wake_lag_us":18185}
{"cookie":15370,"ev":"listen_event","family":2,"kind":"start","ktime_us":124700655,"port":7302,"reachable":true,"wake_lag_us":18169}
{"cookie":15370,"ev":"listen_event","family":2,"kind":"stop","ktime_us":124700658,"port":7302,"reachable":true,"wake_lag_us":18166}
{"cookie":15371,"ev":"listen_event","family":2,"kind":"start","ktime_us":124700674,"port":7302,"reachable":true,"wake_lag_us":18150}
{"cookie":15371,"ev":"listen_event","family":2,"kind":"stop","ktime_us":124700677,"port":7302,"reachable":true,"wake_lag_us":18147}
{"cookie":15372,"ev":"listen_event","family":2,"kind":"start","ktime_us":124700693,"port":7302,"reachable":true,"wake_lag_us":18131}
{"cookie":15372,"ev":"listen_event","family":2,"kind":"stop","ktime_us":124700696,"port":7302,"reachable":true,"wake_lag_us":18128}
{"cookie":15373,"ev":"listen_event","family":2,"kind":"start","ktime_us":124700712,"port":7302,"reachable":true,"wake_lag_us":18112}
{"cookie":15373,"ev":"listen_event","family":2,"kind":"stop","ktime_us":124700715,"port":7302,"reachable":true,"wake_lag_us":18109}
{"cookie":15374,"ev":"listen_event","family":2,"kind":"start","ktime_us":124700739,"port":7302,"reachable":true,"wake_lag_us":18085}
{"cookie":15374,"ev":"listen_event","family":2,"kind":"stop","ktime_us":124700742,"port":7302,"reachable":true,"wake_lag_us":18082}
{"cookie":15375,"ev":"listen_event","family":2,"kind":"start","ktime_us":124700762,"port":7302,"reachable":true,"wake_lag_us":18062}
{"cookie":15375,"ev":"listen_event","family":2,"kind":"stop","ktime_us":124700766,"port":7302,"reachable":true,"wake_lag_us":18058}
{"cookie":15376,"ev":"listen_event","family":2,"kind":"start","ktime_us":124700781,"port":7302,"reachable":true,"wake_lag_us":18043}
{"cookie":15376,"ev":"listen_event","family":2,"kind":"stop","ktime_us":124700785,"port":7302,"reachable":true,"wake_lag_us":18039}
{"cookie":15377,"ev":"listen_event","family":2,"kind":"start","ktime_us":124700800,"port":7302,"reachable":true,"wake_lag_us":18024}
{"cookie":15377,"ev":"listen_event","family":2,"kind":"stop","ktime_us":124700804,"port":7302,"reachable":true,"wake_lag_us":18020}
{"cookie":15378,"ev":"listen_event","family":2,"kind":"start","ktime_us":124700820,"port":7302,"reachable":true,"wake_lag_us":18004}
{"cookie":15378,"ev":"listen_event","family":2,"kind":"stop","ktime_us":124700823,"port":7302,"reachable":true,"wake_lag_us":18001}
{"cookie":15379,"ev":"listen_event","family":2,"kind":"start","ktime_us":124700839,"port":7302,"reachable":true,"wake_lag_us":17985}
{"cookie":15379,"ev":"listen_event","family":2,"kind":"stop","ktime_us":124700842,"port":7302,"reachable":true,"wake_lag_us":17982}
{"cookie":15380,"ev":"listen_event","family":2,"kind":"start","ktime_us":124700857,"port":7302,"reachable":true,"wake_lag_us":17967}
{"cookie":15380,"ev":"listen_event","family":2,"kind":"stop","ktime_us":124700861,"port":7302,"reachable":true,"wake_lag_us":17963}
{"cookie":15381,"ev":"listen_event","family":2,"kind":"start","ktime_us":124700877,"port":7302,"reachable":true,"wake_lag_us":17947}
{"cookie":15381,"ev":"listen_event","family":2,"kind":"stop","ktime_us":124700880,"port":7302,"reachable":true,"wake_lag_us":17944}
{"cookie":15382,"ev":"listen_event","family":2,"kind":"start","ktime_us":124700896,"port":7302,"reachable":true,"wake_lag_us":17928}
{"cookie":15382,"ev":"listen_event","family":2,"kind":"stop","ktime_us":124700899,"port":7302,"reachable":true,"wake_lag_us":17925}
{"cookie":15383,"ev":"listen_event","family":2,"kind":"start","ktime_us":124700915,"port":7302,"reachable":true,"wake_lag_us":17909}
{"cookie":15383,"ev":"listen_event","family":2,"kind":"stop","ktime_us":124700918,"port":7302,"reachable":true,"wake_lag_us":17906}
{"cookie":15384,"ev":"listen_event","family":2,"kind":"start","ktime_us":124700933,"port":7302,"reachable":true,"wake_lag_us":17891}
{"cookie":15384,"ev":"listen_event","family":2,"kind":"stop","ktime_us":124700936,"port":7302,"reachable":true,"wake_lag_us":17888}
{"cookie":15385,"ev":"listen_event","family":2,"kind":"start","ktime_us":124700952,"port":7302,"reachable":true,"wake_lag_us":17872}
{"cookie":15385,"ev":"listen_event","family":2,"kind":"stop","ktime_us":124700955,"port":7302,"reachable":true,"wake_lag_us":17869}
{"cookie":15386,"ev":"listen_event","family":2,"kind":"start","ktime_us":124700971,"port":7302,"reachable":true,"wake_lag_us":17853}
{"cookie":15386,"ev":"listen_event","family":2,"kind":"stop","ktime_us":124700974,"port":7302,"reachable":true,"wake_lag_us":17850}
{"cookie":15387,"ev":"listen_event","family":2,"kind":"start","ktime_us":124700990,"port":7302,"reachable":true,"wake_lag_us":17834}
{"cookie":15387,"ev":"listen_event","family":2,"kind":"stop","ktime_us":124700993,"port":7302,"reachable":true,"wake_lag_us":17831}
{"cookie":15388,"ev":"listen_event","family":2,"kind":"start","ktime_us":124701036,"port":7302,"reachable":true,"wake_lag_us":17788}
{"cookie":15388,"ev":"listen_event","family":2,"kind":"stop","ktime_us":124701039,"port":7302,"reachable":true,"wake_lag_us":17785}
{"cookie":15389,"ev":"listen_event","family":2,"kind":"start","ktime_us":124701055,"port":7302,"reachable":true,"wake_lag_us":17769}
{"cookie":15389,"ev":"listen_event","family":2,"kind":"stop","ktime_us":124701058,"port":7302,"reachable":true,"wake_lag_us":17766}
{"cookie":15390,"ev":"listen_event","family":2,"kind":"start","ktime_us":124701074,"port":7302,"reachable":true,"wake_lag_us":17750}
{"cookie":15390,"ev":"listen_event","family":2,"kind":"stop","ktime_us":124701077,"port":7302,"reachable":true,"wake_lag_us":17747}
{"cookie":15391,"ev":"listen_event","family":2,"kind":"start","ktime_us":124701093,"port":7302,"reachable":true,"wake_lag_us":17731}
{"cookie":15391,"ev":"listen_event","family":2,"kind":"stop","ktime_us":124701096,"port":7302,"reachable":true,"wake_lag_us":17728}
{"cookie":15392,"ev":"listen_event","family":2,"kind":"start","ktime_us":124701112,"port":7302,"reachable":true,"wake_lag_us":17712}
{"cookie":15392,"ev":"listen_event","family":2,"kind":"stop","ktime_us":124701115,"port":7302,"reachable":true,"wake_lag_us":17709}
{"cookie":15393,"ev":"listen_event","family":2,"kind":"start","ktime_us":124701134,"port":7302,"reachable":true,"wake_lag_us":17690}
{"cookie":15393,"ev":"listen_event","family":2,"kind":"stop","ktime_us":124701138,"port":7302,"reachable":true,"wake_lag_us":17686}
{"cookie":15394,"ev":"listen_event","family":2,"kind":"start","ktime_us":124701153,"port":7302,"reachable":true,"wake_lag_us":17671}
{"cookie":15394,"ev":"listen_event","family":2,"kind":"stop","ktime_us":124701156,"port":7302,"reachable":true,"wake_lag_us":17668}
{"cookie":15395,"ev":"listen_event","family":2,"kind":"start","ktime_us":124701172,"port":7302,"reachable":true,"wake_lag_us":17652}
{"cookie":15395,"ev":"listen_event","family":2,"kind":"stop","ktime_us":124701175,"port":7302,"reachable":true,"wake_lag_us":17649}
{"cookie":15396,"ev":"listen_event","family":2,"kind":"start","ktime_us":124701191,"port":7302,"reachable":true,"wake_lag_us":17633}
{"cookie":15396,"ev":"listen_event","family":2,"kind":"stop","ktime_us":124701194,"port":7302,"reachable":true,"wake_lag_us":17630}
{"cookie":15397,"ev":"listen_event","family":2,"kind":"start","ktime_us":124701210,"port":7302,"reachable":true,"wake_lag_us":17614}
{"cookie":15397,"ev":"listen_event","family":2,"kind":"stop","ktime_us":124701213,"port":7302,"reachable":true,"wake_lag_us":17611}
{"cookie":15398,"ev":"listen_event","family":2,"kind":"start","ktime_us":124701229,"port":7302,"reachable":true,"wake_lag_us":17595}
{"cookie":15398,"ev":"listen_event","family":2,"kind":"stop","ktime_us":124701232,"port":7302,"reachable":true,"wake_lag_us":17592}
{"cookie":15399,"ev":"listen_event","family":2,"kind":"start","ktime_us":124701247,"port":7302,"reachable":true,"wake_lag_us":17577}
{"cookie":15399,"ev":"listen_event","family":2,"kind":"stop","ktime_us":124701250,"port":7302,"reachable":true,"wake_lag_us":17574}
{"cookie":15400,"ev":"listen_event","family":2,"kind":"start","ktime_us":124701266,"port":7302,"reachable":true,"wake_lag_us":17558}
{"cookie":15400,"ev":"listen_event","family":2,"kind":"stop","ktime_us":124701269,"port":7302,"reachable":true,"wake_lag_us":17555}
{"cookie":15401,"ev":"listen_event","family":2,"kind":"start","ktime_us":124701285,"port":7302,"reachable":true,"wake_lag_us":17539}
{"cookie":15401,"ev":"listen_event","family":2,"kind":"stop","ktime_us":124701288,"port":7302,"reachable":true,"wake_lag_us":17536}
{"cookie":15402,"ev":"listen_event","family":2,"kind":"start","ktime_us":124701309,"port":7302,"reachable":true,"wake_lag_us":17515}
{"cookie":15402,"ev":"listen_event","family":2,"kind":"stop","ktime_us":124701312,"port":7302,"reachable":true,"wake_lag_us":17512}
{"cookie":15403,"ev":"listen_event","family":2,"kind":"start","ktime_us":124701328,"port":7302,"reachable":true,"wake_lag_us":17496}
{"cookie":15403,"ev":"listen_event","family":2,"kind":"stop","ktime_us":124701331,"port":7302,"reachable":true,"wake_lag_us":17493}
{"cookie":15404,"ev":"listen_event","family":2,"kind":"start","ktime_us":124701346,"port":7302,"reachable":true,"wake_lag_us":17478}
{"cookie":15404,"ev":"listen_event","family":2,"kind":"stop","ktime_us":124701350,"port":7302,"reachable":true,"wake_lag_us":17474}
{"cookie":15405,"ev":"listen_event","family":2,"kind":"start","ktime_us":124701369,"port":7302,"reachable":true,"wake_lag_us":17455}
{"cookie":15405,"ev":"listen_event","family":2,"kind":"stop","ktime_us":124701372,"port":7302,"reachable":true,"wake_lag_us":17452}
{"cookie":15406,"ev":"listen_event","family":2,"kind":"start","ktime_us":124701401,"port":7302,"reachable":true,"wake_lag_us":17423}
{"cookie":15406,"ev":"listen_event","family":2,"kind":"stop","ktime_us":124701404,"port":7302,"reachable":true,"wake_lag_us":17420}
{"cookie":15407,"ev":"listen_event","family":2,"kind":"start","ktime_us":124701421,"port":7302,"reachable":true,"wake_lag_us":17403}
{"cookie":15407,"ev":"listen_event","family":2,"kind":"stop","ktime_us":124701425,"port":7302,"reachable":true,"wake_lag_us":17399}
{"cookie":15408,"ev":"listen_event","family":2,"kind":"start","ktime_us":124701440,"port":7302,"reachable":true,"wake_lag_us":17384}
{"cookie":15408,"ev":"listen_event","family":2,"kind":"stop","ktime_us":124701443,"port":7302,"reachable":true,"wake_lag_us":17381}
{"cookie":15409,"ev":"listen_event","family":2,"kind":"start","ktime_us":124701468,"port":7302,"reachable":true,"wake_lag_us":17356}
{"cookie":15409,"ev":"listen_event","family":2,"kind":"stop","ktime_us":124701488,"port":7302,"reachable":true,"wake_lag_us":17336}
{"cookie":15410,"ev":"listen_event","family":2,"kind":"start","ktime_us":124701504,"port":7302,"reachable":true,"wake_lag_us":17320}
{"cookie":15410,"ev":"listen_event","family":2,"kind":"stop","ktime_us":124701508,"port":7302,"reachable":true,"wake_lag_us":17316}
{"cookie":15411,"ev":"listen_event","family":2,"kind":"start","ktime_us":124701524,"port":7302,"reachable":true,"wake_lag_us":17300}
{"cookie":15411,"ev":"listen_event","family":2,"kind":"stop","ktime_us":124701527,"port":7302,"reachable":true,"wake_lag_us":17297}
{"cookie":15412,"ev":"listen_event","family":2,"kind":"start","ktime_us":124701542,"port":7302,"reachable":true,"wake_lag_us":17282}
{"cookie":15412,"ev":"listen_event","family":2,"kind":"stop","ktime_us":124701545,"port":7302,"reachable":true,"wake_lag_us":17279}
{"cookie":15413,"ev":"listen_event","family":2,"kind":"start","ktime_us":124701561,"port":7302,"reachable":true,"wake_lag_us":17263}
{"cookie":15413,"ev":"listen_event","family":2,"kind":"stop","ktime_us":124701564,"port":7302,"reachable":true,"wake_lag_us":17260}
{"cookie":15414,"ev":"listen_event","family":2,"kind":"start","ktime_us":124701580,"port":7302,"reachable":true,"wake_lag_us":17244}
{"cookie":15414,"ev":"listen_event","family":2,"kind":"stop","ktime_us":124701583,"port":7302,"reachable":true,"wake_lag_us":17241}
{"cookie":15415,"ev":"listen_event","family":2,"kind":"start","ktime_us":124701599,"port":7302,"reachable":true,"wake_lag_us":17225}
{"cookie":15415,"ev":"listen_event","family":2,"kind":"stop","ktime_us":124701602,"port":7302,"reachable":true,"wake_lag_us":17222}
{"cookie":15416,"ev":"listen_event","family":2,"kind":"start","ktime_us":124701618,"port":7302,"reachable":true,"wake_lag_us":17206}
{"cookie":15416,"ev":"listen_event","family":2,"kind":"stop","ktime_us":124701621,"port":7302,"reachable":true,"wake_lag_us":17203}
{"cookie":15417,"ev":"listen_event","family":2,"kind":"start","ktime_us":124701641,"port":7302,"reachable":true,"wake_lag_us":17183}
{"cookie":15417,"ev":"listen_event","family":2,"kind":"stop","ktime_us":124701644,"port":7302,"reachable":true,"wake_lag_us":17180}
{"cookie":15418,"ev":"listen_event","family":2,"kind":"start","ktime_us":124701660,"port":7302,"reachable":true,"wake_lag_us":17164}
{"cookie":15418,"ev":"listen_event","family":2,"kind":"stop","ktime_us":124701663,"port":7302,"reachable":true,"wake_lag_us":17161}
{"cookie":15419,"ev":"listen_event","family":2,"kind":"start","ktime_us":124701679,"port":7302,"reachable":true,"wake_lag_us":17145}
{"cookie":15419,"ev":"listen_event","family":2,"kind":"stop","ktime_us":124701682,"port":7302,"reachable":true,"wake_lag_us":17142}
{"cookie":15420,"ev":"listen_event","family":2,"kind":"start","ktime_us":124701697,"port":7302,"reachable":true,"wake_lag_us":17127}
{"cookie":15420,"ev":"listen_event","family":2,"kind":"stop","ktime_us":124701700,"port":7302,"reachable":true,"wake_lag_us":17124}
{"cookie":15421,"ev":"listen_event","family":2,"kind":"start","ktime_us":124701716,"port":7302,"reachable":true,"wake_lag_us":17108}
{"cookie":15421,"ev":"listen_event","family":2,"kind":"stop","ktime_us":124701719,"port":7302,"reachable":true,"wake_lag_us":17105}
{"cookie":15422,"ev":"listen_event","family":2,"kind":"start","ktime_us":124701735,"port":7302,"reachable":true,"wake_lag_us":17089}
{"cookie":15422,"ev":"listen_event","family":2,"kind":"stop","ktime_us":124701738,"port":7302,"reachable":true,"wake_lag_us":17086}
{"cookie":15423,"ev":"listen_event","family":2,"kind":"start","ktime_us":124701754,"port":7302,"reachable":true,"wake_lag_us":17070}
{"cookie":15423,"ev":"listen_event","family":2,"kind":"stop","ktime_us":124701757,"port":7302,"reachable":true,"wake_lag_us":17067}
{"cookie":15424,"ev":"listen_event","family":2,"kind":"start","ktime_us":124701773,"port":7302,"reachable":true,"wake_lag_us":17051}
{"cookie":15424,"ev":"listen_event","family":2,"kind":"stop","ktime_us":124701776,"port":7302,"reachable":true,"wake_lag_us":17048}
{"cookie":15425,"ev":"listen_event","family":2,"kind":"start","ktime_us":124701792,"port":7302,"reachable":true,"wake_lag_us":17032}
{"cookie":15425,"ev":"listen_event","family":2,"kind":"stop","ktime_us":124701795,"port":7302,"reachable":true,"wake_lag_us":17029}
{"cookie":15426,"ev":"listen_event","family":2,"kind":"start","ktime_us":124701810,"port":7302,"reachable":true,"wake_lag_us":17014}
{"cookie":15426,"ev":"listen_event","family":2,"kind":"stop","ktime_us":124701814,"port":7302,"reachable":true,"wake_lag_us":17010}
{"cookie":15427,"ev":"listen_event","family":2,"kind":"start","ktime_us":124701829,"port":7302,"reachable":true,"wake_lag_us":16995}
{"cookie":15427,"ev":"listen_event","family":2,"kind":"stop","ktime_us":124701832,"port":7302,"reachable":true,"wake_lag_us":16992}
{"cookie":15428,"ev":"listen_event","family":2,"kind":"start","ktime_us":124701848,"port":7302,"reachable":true,"wake_lag_us":16976}
{"cookie":15428,"ev":"listen_event","family":2,"kind":"stop","ktime_us":124701851,"port":7302,"reachable":true,"wake_lag_us":16973}
{"cookie":15429,"ev":"listen_event","family":2,"kind":"start","ktime_us":124701871,"port":7302,"reachable":true,"wake_lag_us":16953}
{"cookie":15429,"ev":"listen_event","family":2,"kind":"stop","ktime_us":124701874,"port":7302,"reachable":true,"wake_lag_us":16950}
{"cookie":15430,"ev":"listen_event","family":2,"kind":"start","ktime_us":124701899,"port":7302,"reachable":true,"wake_lag_us":16925}
{"cookie":15430,"ev":"listen_event","family":2,"kind":"stop","ktime_us":124701902,"port":7302,"reachable":true,"wake_lag_us":16922}
{"cookie":15431,"ev":"listen_event","family":2,"kind":"start","ktime_us":124701918,"port":7302,"reachable":true,"wake_lag_us":16906}
{"cookie":15431,"ev":"listen_event","family":2,"kind":"stop","ktime_us":124701921,"port":7302,"reachable":true,"wake_lag_us":16903}
{"cookie":15432,"ev":"listen_event","family":2,"kind":"start","ktime_us":124701937,"port":7302,"reachable":true,"wake_lag_us":16887}
{"cookie":15432,"ev":"listen_event","family":2,"kind":"stop","ktime_us":124701940,"port":7302,"reachable":true,"wake_lag_us":16884}
{"cookie":15433,"ev":"listen_event","family":2,"kind":"start","ktime_us":124701956,"port":7302,"reachable":true,"wake_lag_us":16868}
{"cookie":15433,"ev":"listen_event","family":2,"kind":"stop","ktime_us":124701959,"port":7302,"reachable":true,"wake_lag_us":16865}
{"cookie":15434,"ev":"listen_event","family":2,"kind":"start","ktime_us":124701975,"port":7302,"reachable":true,"wake_lag_us":16849}
{"cookie":15434,"ev":"listen_event","family":2,"kind":"stop","ktime_us":124701978,"port":7302,"reachable":true,"wake_lag_us":16846}
{"cookie":15435,"ev":"listen_event","family":2,"kind":"start","ktime_us":124702051,"port":7302,"reachable":true,"wake_lag_us":16773}
{"cookie":15435,"ev":"listen_event","family":2,"kind":"stop","ktime_us":124702227,"port":7302,"reachable":true,"wake_lag_us":16597}
{"cookie":15436,"ev":"listen_event","family":2,"kind":"start","ktime_us":124702245,"port":7302,"reachable":true,"wake_lag_us":16579}
{"cookie":15436,"ev":"listen_event","family":2,"kind":"stop","ktime_us":124702248,"port":7302,"reachable":true,"wake_lag_us":16576}
{"cookie":15437,"ev":"listen_event","family":2,"kind":"start","ktime_us":124702264,"port":7302,"reachable":true,"wake_lag_us":16560}
{"cookie":15437,"ev":"listen_event","family":2,"kind":"stop","ktime_us":124702267,"port":7302,"reachable":true,"wake_lag_us":16557}
{"cookie":15438,"ev":"listen_event","family":2,"kind":"start","ktime_us":124702283,"port":7302,"reachable":true,"wake_lag_us":16541}
{"cookie":15438,"ev":"listen_event","family":2,"kind":"stop","ktime_us":124702286,"port":7302,"reachable":true,"wake_lag_us":16538}
{"cookie":15439,"ev":"listen_event","family":2,"kind":"start","ktime_us":124702302,"port":7302,"reachable":true,"wake_lag_us":16522}
{"cookie":15439,"ev":"listen_event","family":2,"kind":"stop","ktime_us":124702305,"port":7302,"reachable":true,"wake_lag_us":16519}
{"cookie":15440,"ev":"listen_event","family":2,"kind":"start","ktime_us":124702321,"port":7302,"reachable":true,"wake_lag_us":16503}
{"cookie":15440,"ev":"listen_event","family":2,"kind":"stop","ktime_us":124702324,"port":7302,"reachable":true,"wake_lag_us":16500}
{"cookie":15441,"ev":"listen_event","family":2,"kind":"start","ktime_us":124702340,"port":7302,"reachable":true,"wake_lag_us":16484}
{"cookie":15441,"ev":"listen_event","family":2,"kind":"stop","ktime_us":124702343,"port":7302,"reachable":true,"wake_lag_us":16481}
{"cookie":15442,"ev":"listen_event","family":2,"kind":"start","ktime_us":124702359,"port":7302,"reachable":true,"wake_lag_us":16465}
{"cookie":15442,"ev":"listen_event","family":2,"kind":"stop","ktime_us":124702362,"port":7302,"reachable":true,"wake_lag_us":16462}
{"cookie":15443,"ev":"listen_event","family":2,"kind":"start","ktime_us":124702378,"port":7302,"reachable":true,"wake_lag_us":16446}
{"cookie":15443,"ev":"listen_event","family":2,"kind":"stop","ktime_us":124702381,"port":7302,"reachable":true,"wake_lag_us":16443}
{"cookie":15444,"ev":"listen_event","family":2,"kind":"start","ktime_us":124702412,"port":7302,"reachable":true,"wake_lag_us":16412}
{"cookie":15444,"ev":"listen_event","family":2,"kind":"stop","ktime_us":124702416,"port":7302,"reachable":true,"wake_lag_us":16408}
{"cookie":15445,"ev":"listen_event","family":2,"kind":"start","ktime_us":124702432,"port":7302,"reachable":true,"wake_lag_us":16392}
{"cookie":15445,"ev":"listen_event","family":2,"kind":"stop","ktime_us":124702435,"port":7302,"reachable":true,"wake_lag_us":16389}
{"cookie":15446,"ev":"listen_event","family":2,"kind":"start","ktime_us":124702451,"port":7302,"reachable":true,"wake_lag_us":16373}
{"cookie":15446,"ev":"listen_event","family":2,"kind":"stop","ktime_us":124702454,"port":7302,"reachable":true,"wake_lag_us":16370}
{"cookie":15447,"ev":"listen_event","family":2,"kind":"start","ktime_us":124702470,"port":7302,"reachable":true,"wake_lag_us":16354}
{"cookie":15447,"ev":"listen_event","family":2,"kind":"stop","ktime_us":124702473,"port":7302,"reachable":true,"wake_lag_us":16351}
{"cookie":15448,"ev":"listen_event","family":2,"kind":"start","ktime_us":124702489,"port":7302,"reachable":true,"wake_lag_us":16335}
{"cookie":15448,"ev":"listen_event","family":2,"kind":"stop","ktime_us":124702492,"port":7302,"reachable":true,"wake_lag_us":16332}
{"cookie":15449,"ev":"listen_event","family":2,"kind":"start","ktime_us":124702508,"port":7302,"reachable":true,"wake_lag_us":16316}
{"cookie":15449,"ev":"listen_event","family":2,"kind":"stop","ktime_us":124702511,"port":7302,"reachable":true,"wake_lag_us":16313}
{"cookie":15450,"ev":"listen_event","family":2,"kind":"start","ktime_us":124702528,"port":7302,"reachable":true,"wake_lag_us":16296}
{"cookie":15450,"ev":"listen_event","family":2,"kind":"stop","ktime_us":124702532,"port":7302,"reachable":true,"wake_lag_us":16292}
{"cookie":15451,"ev":"listen_event","family":2,"kind":"start","ktime_us":124702569,"port":7302,"reachable":true,"wake_lag_us":16255}
{"cookie":15451,"ev":"listen_event","family":2,"kind":"stop","ktime_us":124702572,"port":7302,"reachable":true,"wake_lag_us":16252}
{"cookie":15452,"ev":"listen_event","family":2,"kind":"start","ktime_us":124702588,"port":7302,"reachable":true,"wake_lag_us":16236}
{"cookie":15452,"ev":"listen_event","family":2,"kind":"stop","ktime_us":124702592,"port":7302,"reachable":true,"wake_lag_us":16232}
{"cookie":15453,"ev":"listen_event","family":2,"kind":"start","ktime_us":124702608,"port":7302,"reachable":true,"wake_lag_us":16216}
{"cookie":15453,"ev":"listen_event","family":2,"kind":"stop","ktime_us":124702611,"port":7302,"reachable":true,"wake_lag_us":16213}
{"cookie":15454,"ev":"listen_event","family":2,"kind":"start","ktime_us":124702627,"port":7302,"reachable":true,"wake_lag_us":16197}
{"cookie":15454,"ev":"listen_event","family":2,"kind":"stop","ktime_us":124702630,"port":7302,"reachable":true,"wake_lag_us":16194}
{"cookie":15455,"ev":"listen_event","family":2,"kind":"start","ktime_us":124702645,"port":7302,"reachable":true,"wake_lag_us":16179}
{"cookie":15455,"ev":"listen_event","family":2,"kind":"stop","ktime_us":124702649,"port":7302,"reachable":true,"wake_lag_us":16175}
{"cookie":15456,"ev":"listen_event","family":2,"kind":"start","ktime_us":124702664,"port":7302,"reachable":true,"wake_lag_us":16160}
{"cookie":15456,"ev":"listen_event","family":2,"kind":"stop","ktime_us":124702667,"port":7302,"reachable":true,"wake_lag_us":16157}
{"cookie":15457,"ev":"listen_event","family":2,"kind":"start","ktime_us":124702683,"port":7302,"reachable":true,"wake_lag_us":16141}
{"cookie":15457,"ev":"listen_event","family":2,"kind":"stop","ktime_us":124702686,"port":7302,"reachable":true,"wake_lag_us":16138}
{"cookie":15458,"ev":"listen_event","family":2,"kind":"start","ktime_us":124702702,"port":7302,"reachable":true,"wake_lag_us":16122}
{"cookie":15458,"ev":"listen_event","family":2,"kind":"stop","ktime_us":124702705,"port":7302,"reachable":true,"wake_lag_us":16119}
{"cookie":15459,"ev":"listen_event","family":2,"kind":"start","ktime_us":124702721,"port":7302,"reachable":true,"wake_lag_us":16103}
{"cookie":15459,"ev":"listen_event","family":2,"kind":"stop","ktime_us":124702724,"port":7302,"reachable":true,"wake_lag_us":16100}
{"cookie":15460,"ev":"listen_event","family":2,"kind":"start","ktime_us":124702740,"port":7302,"reachable":true,"wake_lag_us":16084}
{"cookie":15460,"ev":"listen_event","family":2,"kind":"stop","ktime_us":124702743,"port":7302,"reachable":true,"wake_lag_us":16081}
{"cookie":15461,"ev":"listen_event","family":2,"kind":"start","ktime_us":124702758,"port":7302,"reachable":true,"wake_lag_us":16066}
{"cookie":15461,"ev":"listen_event","family":2,"kind":"stop","ktime_us":124702762,"port":7302,"reachable":true,"wake_lag_us":16062}
{"cookie":15462,"ev":"listen_event","family":2,"kind":"start","ktime_us":124702777,"port":7302,"reachable":true,"wake_lag_us":16047}
{"cookie":15462,"ev":"listen_event","family":2,"kind":"stop","ktime_us":124702781,"port":7302,"reachable":true,"wake_lag_us":16043}
{"cookie":15463,"ev":"listen_event","family":2,"kind":"start","ktime_us":124702796,"port":7302,"reachable":true,"wake_lag_us":16028}
{"cookie":15463,"ev":"listen_event","family":2,"kind":"stop","ktime_us":124702800,"port":7302,"reachable":true,"wake_lag_us":16024}
{"cookie":15464,"ev":"listen_event","family":2,"kind":"start","ktime_us":124702815,"port":7302,"reachable":true,"wake_lag_us":16009}
{"cookie":15464,"ev":"listen_event","family":2,"kind":"stop","ktime_us":124702818,"port":7302,"reachable":true,"wake_lag_us":16006}
{"cookie":15465,"ev":"listen_event","family":2,"kind":"start","ktime_us":124702834,"port":7302,"reachable":true,"wake_lag_us":15990}
{"cookie":15465,"ev":"listen_event","family":2,"kind":"stop","ktime_us":124702838,"port":7302,"reachable":true,"wake_lag_us":15986}
{"cookie":15466,"ev":"listen_event","family":2,"kind":"start","ktime_us":124702853,"port":7302,"reachable":true,"wake_lag_us":15971}
{"cookie":15466,"ev":"listen_event","family":2,"kind":"stop","ktime_us":124702856,"port":7302,"reachable":true,"wake_lag_us":15968}
{"cookie":15467,"ev":"listen_event","family":2,"kind":"start","ktime_us":124702872,"port":7302,"reachable":true,"wake_lag_us":15952}
{"cookie":15467,"ev":"listen_event","family":2,"kind":"stop","ktime_us":124702875,"port":7302,"reachable":true,"wake_lag_us":15949}
{"cookie":15468,"ev":"listen_event","family":2,"kind":"start","ktime_us":124702891,"port":7302,"reachable":true,"wake_lag_us":15933}
{"cookie":15468,"ev":"listen_event","family":2,"kind":"stop","ktime_us":124702894,"port":7302,"reachable":true,"wake_lag_us":15930}
{"cookie":15469,"ev":"listen_event","family":2,"kind":"start","ktime_us":124702910,"port":7302,"reachable":true,"wake_lag_us":15914}
{"cookie":15469,"ev":"listen_event","family":2,"kind":"stop","ktime_us":124702913,"port":7302,"reachable":true,"wake_lag_us":15911}
{"cookie":15470,"ev":"listen_event","family":2,"kind":"start","ktime_us":124702929,"port":7302,"reachable":true,"wake_lag_us":15895}
{"cookie":15470,"ev":"listen_event","family":2,"kind":"stop","ktime_us":124702932,"port":7302,"reachable":true,"wake_lag_us":15892}
{"cookie":15471,"ev":"listen_event","family":2,"kind":"start","ktime_us":124702948,"port":7302,"reachable":true,"wake_lag_us":15876}
{"cookie":15471,"ev":"listen_event","family":2,"kind":"stop","ktime_us":124702951,"port":7302,"reachable":true,"wake_lag_us":15873}
{"cookie":15472,"ev":"listen_event","family":2,"kind":"start","ktime_us":124702967,"port":7302,"reachable":true,"wake_lag_us":15857}
{"cookie":15472,"ev":"listen_event","family":2,"kind":"stop","ktime_us":124702970,"port":7302,"reachable":true,"wake_lag_us":15854}
{"cookie":15473,"ev":"listen_event","family":2,"kind":"start","ktime_us":124702986,"port":7302,"reachable":true,"wake_lag_us":15838}
{"cookie":15473,"ev":"listen_event","family":2,"kind":"stop","ktime_us":124702989,"port":7302,"reachable":true,"wake_lag_us":15835}
{"cookie":15474,"ev":"listen_event","family":2,"kind":"start","ktime_us":124703307,"port":7302,"reachable":true,"wake_lag_us":15517}
{"cookie":15474,"ev":"listen_event","family":2,"kind":"stop","ktime_us":124703310,"port":7302,"reachable":true,"wake_lag_us":15514}
{"cookie":15475,"ev":"listen_event","family":2,"kind":"start","ktime_us":124703327,"port":7302,"reachable":true,"wake_lag_us":15497}
{"cookie":15475,"ev":"listen_event","family":2,"kind":"stop","ktime_us":124703330,"port":7302,"reachable":true,"wake_lag_us":15494}
{"cookie":15476,"ev":"listen_event","family":2,"kind":"start","ktime_us":124703346,"port":7302,"reachable":true,"wake_lag_us":15478}
{"cookie":15476,"ev":"listen_event","family":2,"kind":"stop","ktime_us":124703349,"port":7302,"reachable":true,"wake_lag_us":15475}
{"cookie":15477,"ev":"listen_event","family":2,"kind":"start","ktime_us":124703365,"port":7302,"reachable":true,"wake_lag_us":15459}
{"cookie":15477,"ev":"listen_event","family":2,"kind":"stop","ktime_us":124703368,"port":7302,"reachable":true,"wake_lag_us":15456}
{"cookie":15478,"ev":"listen_event","family":2,"kind":"start","ktime_us":124703384,"port":7302,"reachable":true,"wake_lag_us":15440}
{"cookie":15478,"ev":"listen_event","family":2,"kind":"stop","ktime_us":124703401,"port":7302,"reachable":true,"wake_lag_us":15423}
{"cookie":15479,"ev":"listen_event","family":2,"kind":"start","ktime_us":124703417,"port":7302,"reachable":true,"wake_lag_us":15407}
{"cookie":15479,"ev":"listen_event","family":2,"kind":"stop","ktime_us":124703420,"port":7302,"reachable":true,"wake_lag_us":15404}
{"cookie":15480,"ev":"listen_event","family":2,"kind":"start","ktime_us":124703436,"port":7302,"reachable":true,"wake_lag_us":15388}
{"cookie":15480,"ev":"listen_event","family":2,"kind":"stop","ktime_us":124703439,"port":7302,"reachable":true,"wake_lag_us":15385}
{"cookie":15481,"ev":"listen_event","family":2,"kind":"start","ktime_us":124703455,"port":7302,"reachable":true,"wake_lag_us":15369}
{"cookie":15481,"ev":"listen_event","family":2,"kind":"stop","ktime_us":124703458,"port":7302,"reachable":true,"wake_lag_us":15366}
{"cookie":15482,"ev":"listen_event","family":2,"kind":"start","ktime_us":124703474,"port":7302,"reachable":true,"wake_lag_us":15350}
{"cookie":15482,"ev":"listen_event","family":2,"kind":"stop","ktime_us":124703477,"port":7302,"reachable":true,"wake_lag_us":15347}
{"cookie":15483,"ev":"listen_event","family":2,"kind":"start","ktime_us":124703493,"port":7302,"reachable":true,"wake_lag_us":15331}
{"cookie":15483,"ev":"listen_event","family":2,"kind":"stop","ktime_us":124703496,"port":7302,"reachable":true,"wake_lag_us":15328}
{"cookie":15484,"ev":"listen_event","family":2,"kind":"start","ktime_us":124703512,"port":7302,"reachable":true,"wake_lag_us":15312}
{"cookie":15484,"ev":"listen_event","family":2,"kind":"stop","ktime_us":124703515,"port":7302,"reachable":true,"wake_lag_us":15309}
{"cookie":15485,"ev":"listen_event","family":2,"kind":"start","ktime_us":124703531,"port":7302,"reachable":true,"wake_lag_us":15293}
{"cookie":15485,"ev":"listen_event","family":2,"kind":"stop","ktime_us":124703534,"port":7302,"reachable":true,"wake_lag_us":15290}
{"cookie":15486,"ev":"listen_event","family":2,"kind":"start","ktime_us":124703550,"port":7302,"reachable":true,"wake_lag_us":15274}
{"cookie":15486,"ev":"listen_event","family":2,"kind":"stop","ktime_us":124703553,"port":7302,"reachable":true,"wake_lag_us":15271}
{"cookie":15487,"ev":"listen_event","family":2,"kind":"start","ktime_us":124703569,"port":7302,"reachable":true,"wake_lag_us":15255}
{"cookie":15487,"ev":"listen_event","family":2,"kind":"stop","ktime_us":124703572,"port":7302,"reachable":true,"wake_lag_us":15252}
{"cookie":15488,"ev":"listen_event","family":2,"kind":"start","ktime_us":124703588,"port":7302,"reachable":true,"wake_lag_us":15236}
{"cookie":15488,"ev":"listen_event","family":2,"kind":"stop","ktime_us":124703592,"port":7302,"reachable":true,"wake_lag_us":15232}
{"cookie":15489,"ev":"listen_event","family":2,"kind":"start","ktime_us":124703629,"port":7302,"reachable":true,"wake_lag_us":15195}
{"cookie":15489,"ev":"listen_event","family":2,"kind":"stop","ktime_us":124703632,"port":7302,"reachable":true,"wake_lag_us":15192}
{"cookie":15490,"ev":"listen_event","family":2,"kind":"start","ktime_us":124703649,"port":7302,"reachable":true,"wake_lag_us":15175}
{"cookie":15490,"ev":"listen_event","family":2,"kind":"stop","ktime_us":124703652,"port":7302,"reachable":true,"wake_lag_us":15172}
{"cookie":15491,"ev":"listen_event","family":2,"kind":"start","ktime_us":124703668,"port":7302,"reachable":true,"wake_lag_us":15156}
{"cookie":15491,"ev":"listen_event","family":2,"kind":"stop","ktime_us":124703671,"port":7302,"reachable":true,"wake_lag_us":15153}
{"cookie":15492,"ev":"listen_event","family":2,"kind":"start","ktime_us":124703687,"port":7302,"reachable":true,"wake_lag_us":15137}
{"cookie":15492,"ev":"listen_event","family":2,"kind":"stop","ktime_us":124703690,"port":7302,"reachable":true,"wake_lag_us":15134}
{"cookie":15493,"ev":"listen_event","family":2,"kind":"start","ktime_us":124703706,"port":7302,"reachable":true,"wake_lag_us":15118}
{"cookie":15493,"ev":"listen_event","family":2,"kind":"stop","ktime_us":124703709,"port":7302,"reachable":true,"wake_lag_us":15115}
{"cookie":15494,"ev":"listen_event","family":2,"kind":"start","ktime_us":124703725,"port":7302,"reachable":true,"wake_lag_us":15099}
{"cookie":15494,"ev":"listen_event","family":2,"kind":"stop","ktime_us":124703728,"port":7302,"reachable":true,"wake_lag_us":15096}
{"cookie":15495,"ev":"listen_event","family":2,"kind":"start","ktime_us":124703743,"port":7302,"reachable":true,"wake_lag_us":15081}
{"cookie":15495,"ev":"listen_event","family":2,"kind":"stop","ktime_us":124703747,"port":7302,"reachable":true,"wake_lag_us":15077}
{"cookie":15496,"ev":"listen_event","family":2,"kind":"start","ktime_us":124703762,"port":7302,"reachable":true,"wake_lag_us":15062}
{"cookie":15496,"ev":"listen_event","family":2,"kind":"stop","ktime_us":124703765,"port":7302,"reachable":true,"wake_lag_us":15059}
{"cookie":15497,"ev":"listen_event","family":2,"kind":"start","ktime_us":124703781,"port":7302,"reachable":true,"wake_lag_us":15043}
{"cookie":15497,"ev":"listen_event","family":2,"kind":"stop","ktime_us":124703784,"port":7302,"reachable":true,"wake_lag_us":15040}
{"cookie":15498,"ev":"listen_event","family":2,"kind":"start","ktime_us":124703800,"port":7302,"reachable":true,"wake_lag_us":15024}
{"cookie":15498,"ev":"listen_event","family":2,"kind":"stop","ktime_us":124703803,"port":7302,"reachable":true,"wake_lag_us":15021}
{"cookie":15499,"ev":"listen_event","family":2,"kind":"start","ktime_us":124703819,"port":7302,"reachable":true,"wake_lag_us":15005}
{"cookie":15499,"ev":"listen_event","family":2,"kind":"stop","ktime_us":124703822,"port":7302,"reachable":true,"wake_lag_us":15002}
{"cookie":15500,"ev":"listen_event","family":2,"kind":"start","ktime_us":124703838,"port":7302,"reachable":true,"wake_lag_us":14986}
{"cookie":15500,"ev":"listen_event","family":2,"kind":"stop","ktime_us":124703841,"port":7302,"reachable":true,"wake_lag_us":14983}
{"cookie":15501,"ev":"listen_event","family":2,"kind":"start","ktime_us":124703857,"port":7302,"reachable":true,"wake_lag_us":14967}
{"cookie":15501,"ev":"listen_event","family":2,"kind":"stop","ktime_us":124703860,"port":7302,"reachable":true,"wake_lag_us":14964}
{"cookie":15502,"ev":"listen_event","family":2,"kind":"start","ktime_us":124703876,"port":7302,"reachable":true,"wake_lag_us":14948}
{"cookie":15502,"ev":"listen_event","family":2,"kind":"stop","ktime_us":124703879,"port":7302,"reachable":true,"wake_lag_us":14945}
{"cookie":15503,"ev":"listen_event","family":2,"kind":"start","ktime_us":124703895,"port":7302,"reachable":true,"wake_lag_us":14929}
{"cookie":15503,"ev":"listen_event","family":2,"kind":"stop","ktime_us":124703898,"port":7302,"reachable":true,"wake_lag_us":14926}
{"cookie":15504,"ev":"listen_event","family":2,"kind":"start","ktime_us":124703914,"port":7302,"reachable":true,"wake_lag_us":14910}
{"cookie":15504,"ev":"listen_event","family":2,"kind":"stop","ktime_us":124703917,"port":7302,"reachable":true,"wake_lag_us":14907}
{"cookie":15505,"ev":"listen_event","family":2,"kind":"start","ktime_us":124703933,"port":7302,"reachable":true,"wake_lag_us":14891}
{"cookie":15505,"ev":"listen_event","family":2,"kind":"stop","ktime_us":124703936,"port":7302,"reachable":true,"wake_lag_us":14888}
{"cookie":15506,"ev":"listen_event","family":2,"kind":"start","ktime_us":124703952,"port":7302,"reachable":true,"wake_lag_us":14872}
{"cookie":15506,"ev":"listen_event","family":2,"kind":"stop","ktime_us":124703955,"port":7302,"reachable":true,"wake_lag_us":14869}
{"cookie":15507,"ev":"listen_event","family":2,"kind":"start","ktime_us":124703971,"port":7302,"reachable":true,"wake_lag_us":14853}
{"cookie":15507,"ev":"listen_event","family":2,"kind":"stop","ktime_us":124703974,"port":7302,"reachable":true,"wake_lag_us":14850}
{"cookie":15508,"ev":"listen_event","family":2,"kind":"start","ktime_us":124703990,"port":7302,"reachable":true,"wake_lag_us":14834}
{"cookie":15508,"ev":"listen_event","family":2,"kind":"stop","ktime_us":124703993,"port":7302,"reachable":true,"wake_lag_us":14831}
{"cookie":15509,"ev":"listen_event","family":2,"kind":"start","ktime_us":124704036,"port":7302,"reachable":true,"wake_lag_us":14788}
{"cookie":15509,"ev":"listen_event","family":2,"kind":"stop","ktime_us":124704040,"port":7302,"reachable":true,"wake_lag_us":14784}
{"cookie":15510,"ev":"listen_event","family":2,"kind":"start","ktime_us":124704056,"port":7302,"reachable":true,"wake_lag_us":14768}
{"cookie":15510,"ev":"listen_event","family":2,"kind":"stop","ktime_us":124704059,"port":7302,"reachable":true,"wake_lag_us":14765}
{"cookie":15511,"ev":"listen_event","family":2,"kind":"start","ktime_us":124704075,"port":7302,"reachable":true,"wake_lag_us":14749}
{"cookie":15511,"ev":"listen_event","family":2,"kind":"stop","ktime_us":124704078,"port":7302,"reachable":true,"wake_lag_us":14746}
{"cookie":15512,"ev":"listen_event","family":2,"kind":"start","ktime_us":124704094,"port":7302,"reachable":true,"wake_lag_us":14730}
{"cookie":15512,"ev":"listen_event","family":2,"kind":"stop","ktime_us":124704097,"port":7302,"reachable":true,"wake_lag_us":14727}
{"cookie":15513,"ev":"listen_event","family":2,"kind":"start","ktime_us":124704113,"port":7302,"reachable":true,"wake_lag_us":14711}
{"cookie":15513,"ev":"listen_event","family":2,"kind":"stop","ktime_us":124704116,"port":7302,"reachable":true,"wake_lag_us":14708}
{"cookie":15514,"ev":"listen_event","family":2,"kind":"start","ktime_us":124704132,"port":7302,"reachable":true,"wake_lag_us":14692}
{"cookie":15514,"ev":"listen_event","family":2,"kind":"stop","ktime_us":124704135,"port":7302,"reachable":true,"wake_lag_us":14689}
{"cookie":15515,"ev":"listen_event","family":2,"kind":"start","ktime_us":124704151,"port":7302,"reachable":true,"wake_lag_us":14673}
{"cookie":15515,"ev":"listen_event","family":2,"kind":"stop","ktime_us":124704154,"port":7302,"reachable":true,"wake_lag_us":14670}
{"cookie":15516,"ev":"listen_event","family":2,"kind":"start","ktime_us":124704170,"port":7302,"reachable":true,"wake_lag_us":14654}
{"cookie":15516,"ev":"listen_event","family":2,"kind":"stop","ktime_us":124704173,"port":7302,"reachable":true,"wake_lag_us":14651}
{"cookie":15517,"ev":"listen_event","family":2,"kind":"start","ktime_us":124704189,"port":7302,"reachable":true,"wake_lag_us":14635}
{"cookie":15517,"ev":"listen_event","family":2,"kind":"stop","ktime_us":124704192,"port":7302,"reachable":true,"wake_lag_us":14632}
{"cookie":15518,"ev":"listen_event","family":2,"kind":"start","ktime_us":124704208,"port":7302,"reachable":true,"wake_lag_us":14616}
{"cookie":15518,"ev":"listen_event","family":2,"kind":"stop","ktime_us":124704211,"port":7302,"reachable":true,"wake_lag_us":14613}
{"cookie":15519,"ev":"listen_event","family":2,"kind":"start","ktime_us":124704227,"port":7302,"reachable":true,"wake_lag_us":14597}
{"cookie":15519,"ev":"listen_event","family":2,"kind":"stop","ktime_us":124704230,"port":7302,"reachable":true,"wake_lag_us":14594}
{"cookie":15520,"ev":"listen_event","family":2,"kind":"start","ktime_us":124704246,"port":7302,"reachable":true,"wake_lag_us":14578}
{"cookie":15520,"ev":"listen_event","family":2,"kind":"stop","ktime_us":124704249,"port":7302,"reachable":true,"wake_lag_us":14575}
{"cookie":15521,"ev":"listen_event","family":2,"kind":"start","ktime_us":124704265,"port":7302,"reachable":true,"wake_lag_us":14559}
{"cookie":15521,"ev":"listen_event","family":2,"kind":"stop","ktime_us":124704268,"port":7302,"reachable":true,"wake_lag_us":14556}
{"cookie":15522,"ev":"listen_event","family":2,"kind":"start","ktime_us":124704284,"port":7302,"reachable":true,"wake_lag_us":14540}
{"cookie":15522,"ev":"listen_event","family":2,"kind":"stop","ktime_us":124704287,"port":7302,"reachable":true,"wake_lag_us":14537}
{"cookie":15523,"ev":"listen_event","family":2,"kind":"start","ktime_us":124704303,"port":7302,"reachable":true,"wake_lag_us":14521}
{"cookie":15523,"ev":"listen_event","family":2,"kind":"stop","ktime_us":124704306,"port":7302,"reachable":true,"wake_lag_us":14518}
{"cookie":15524,"ev":"listen_event","family":2,"kind":"start","ktime_us":124704322,"port":7302,"reachable":true,"wake_lag_us":14502}
{"cookie":15524,"ev":"listen_event","family":2,"kind":"stop","ktime_us":124704325,"port":7302,"reachable":true,"wake_lag_us":14499}
{"cookie":15525,"ev":"listen_event","family":2,"kind":"start","ktime_us":124704341,"port":7302,"reachable":true,"wake_lag_us":14483}
{"cookie":15525,"ev":"listen_event","family":2,"kind":"stop","ktime_us":124704344,"port":7302,"reachable":true,"wake_lag_us":14480}
{"cookie":15526,"ev":"listen_event","family":2,"kind":"start","ktime_us":124704360,"port":7302,"reachable":true,"wake_lag_us":14464}
{"cookie":15526,"ev":"listen_event","family":2,"kind":"stop","ktime_us":124704363,"port":7302,"reachable":true,"wake_lag_us":14461}
{"cookie":15527,"ev":"listen_event","family":2,"kind":"start","ktime_us":124704379,"port":7302,"reachable":true,"wake_lag_us":14445}
{"cookie":15527,"ev":"listen_event","family":2,"kind":"stop","ktime_us":124704382,"port":7302,"reachable":true,"wake_lag_us":14442}
{"cookie":15528,"ev":"listen_event","family":2,"kind":"start","ktime_us":124704410,"port":7302,"reachable":true,"wake_lag_us":14414}
{"cookie":15528,"ev":"listen_event","family":2,"kind":"stop","ktime_us":124704413,"port":7302,"reachable":true,"wake_lag_us":14411}
{"cookie":15529,"ev":"listen_event","family":2,"kind":"start","ktime_us":124704429,"port":7302,"reachable":true,"wake_lag_us":14395}
{"cookie":15529,"ev":"listen_event","family":2,"kind":"stop","ktime_us":124704432,"port":7302,"reachable":true,"wake_lag_us":14392}
{"cookie":15530,"ev":"listen_event","family":2,"kind":"start","ktime_us":124704448,"port":7302,"reachable":true,"wake_lag_us":14376}
{"cookie":15530,"ev":"listen_event","family":2,"kind":"stop","ktime_us":124704451,"port":7302,"reachable":true,"wake_lag_us":14373}
{"cookie":15531,"ev":"listen_event","family":2,"kind":"start","ktime_us":124704467,"port":7302,"reachable":true,"wake_lag_us":14357}
{"cookie":15531,"ev":"listen_event","family":2,"kind":"stop","ktime_us":124704470,"port":7302,"reachable":true,"wake_lag_us":14354}
{"cookie":15532,"ev":"listen_event","family":2,"kind":"start","ktime_us":124704486,"port":7302,"reachable":true,"wake_lag_us":14338}
{"cookie":15532,"ev":"listen_event","family":2,"kind":"stop","ktime_us":124704489,"port":7302,"reachable":true,"wake_lag_us":14335}
{"cookie":15533,"ev":"listen_event","family":2,"kind":"start","ktime_us":124704505,"port":7302,"reachable":true,"wake_lag_us":14319}
{"cookie":15533,"ev":"listen_event","family":2,"kind":"stop","ktime_us":124704508,"port":7302,"reachable":true,"wake_lag_us":14316}
{"cookie":15534,"ev":"listen_event","family":2,"kind":"start","ktime_us":124704524,"port":7302,"reachable":true,"wake_lag_us":14300}
{"cookie":15534,"ev":"listen_event","family":2,"kind":"stop","ktime_us":124704527,"port":7302,"reachable":true,"wake_lag_us":14297}
{"cookie":15535,"ev":"listen_event","family":2,"kind":"start","ktime_us":124704543,"port":7302,"reachable":true,"wake_lag_us":14281}
{"cookie":15535,"ev":"listen_event","family":2,"kind":"stop","ktime_us":124704546,"port":7302,"reachable":true,"wake_lag_us":14278}
{"cookie":15536,"ev":"listen_event","family":2,"kind":"start","ktime_us":124704562,"port":7302,"reachable":true,"wake_lag_us":14262}
{"cookie":15536,"ev":"listen_event","family":2,"kind":"stop","ktime_us":124704565,"port":7302,"reachable":true,"wake_lag_us":14259}
{"cookie":15537,"ev":"listen_event","family":2,"kind":"start","ktime_us":124704581,"port":7302,"reachable":true,"wake_lag_us":14243}
{"cookie":15537,"ev":"listen_event","family":2,"kind":"stop","ktime_us":124704584,"port":7302,"reachable":true,"wake_lag_us":14240}
{"cookie":15538,"ev":"listen_event","family":2,"kind":"start","ktime_us":124704600,"port":7302,"reachable":true,"wake_lag_us":14224}
{"cookie":15538,"ev":"listen_event","family":2,"kind":"stop","ktime_us":124704603,"port":7302,"reachable":true,"wake_lag_us":14221}
{"cookie":15539,"ev":"listen_event","family":2,"kind":"start","ktime_us":124704619,"port":7302,"reachable":true,"wake_lag_us":14205}
{"cookie":15539,"ev":"listen_event","family":2,"kind":"stop","ktime_us":124704622,"port":7302,"reachable":true,"wake_lag_us":14202}
{"cookie":15540,"ev":"listen_event","family":2,"kind":"start","ktime_us":124704638,"port":7302,"reachable":true,"wake_lag_us":14186}
{"cookie":15540,"ev":"listen_event","family":2,"kind":"stop","ktime_us":124704641,"port":7302,"reachable":true,"wake_lag_us":14183}
{"cookie":15541,"ev":"listen_event","family":2,"kind":"start","ktime_us":124704658,"port":7302,"reachable":true,"wake_lag_us":14166}
{"cookie":15541,"ev":"listen_event","family":2,"kind":"stop","ktime_us":124704661,"port":7302,"reachable":true,"wake_lag_us":14163}
{"cookie":15542,"ev":"listen_event","family":2,"kind":"start","ktime_us":124704698,"port":7302,"reachable":true,"wake_lag_us":14126}
{"cookie":15542,"ev":"listen_event","family":2,"kind":"stop","ktime_us":124704702,"port":7302,"reachable":true,"wake_lag_us":14122}
{"cookie":15543,"ev":"listen_event","family":2,"kind":"start","ktime_us":124704718,"port":7302,"reachable":true,"wake_lag_us":14106}
{"cookie":15543,"ev":"listen_event","family":2,"kind":"stop","ktime_us":124704721,"port":7302,"reachable":true,"wake_lag_us":14103}
{"cookie":15544,"ev":"listen_event","family":2,"kind":"start","ktime_us":124704737,"port":7302,"reachable":true,"wake_lag_us":14087}
{"cookie":15544,"ev":"listen_event","family":2,"kind":"stop","ktime_us":124704740,"port":7302,"reachable":true,"wake_lag_us":14084}
{"cookie":15545,"ev":"listen_event","family":2,"kind":"start","ktime_us":124704756,"port":7302,"reachable":true,"wake_lag_us":14068}
{"cookie":15545,"ev":"listen_event","family":2,"kind":"stop","ktime_us":124704759,"port":7302,"reachable":true,"wake_lag_us":14065}
{"cookie":15546,"ev":"listen_event","family":2,"kind":"start","ktime_us":124704775,"port":7302,"reachable":true,"wake_lag_us":14049}
{"cookie":15546,"ev":"listen_event","family":2,"kind":"stop","ktime_us":124704778,"port":7302,"reachable":true,"wake_lag_us":14046}
{"cookie":15547,"ev":"listen_event","family":2,"kind":"start","ktime_us":124704794,"port":7302,"reachable":true,"wake_lag_us":14030}
{"cookie":15547,"ev":"listen_event","family":2,"kind":"stop","ktime_us":124704797,"port":7302,"reachable":true,"wake_lag_us":14027}
{"cookie":15548,"ev":"listen_event","family":2,"kind":"start","ktime_us":124704813,"port":7302,"reachable":true,"wake_lag_us":14011}
{"cookie":15548,"ev":"listen_event","family":2,"kind":"stop","ktime_us":124704817,"port":7302,"reachable":true,"wake_lag_us":14007}
{"cookie":15549,"ev":"listen_event","family":2,"kind":"start","ktime_us":124704832,"port":7302,"reachable":true,"wake_lag_us":13992}
{"cookie":15549,"ev":"listen_event","family":2,"kind":"stop","ktime_us":124704835,"port":7302,"reachable":true,"wake_lag_us":13989}
{"cookie":15550,"ev":"listen_event","family":2,"kind":"start","ktime_us":124704851,"port":7302,"reachable":true,"wake_lag_us":13973}
{"cookie":15550,"ev":"listen_event","family":2,"kind":"stop","ktime_us":124704855,"port":7302,"reachable":true,"wake_lag_us":13969}
{"cookie":15551,"ev":"listen_event","family":2,"kind":"start","ktime_us":124704870,"port":7302,"reachable":true,"wake_lag_us":13954}
{"cookie":15551,"ev":"listen_event","family":2,"kind":"stop","ktime_us":124704874,"port":7302,"reachable":true,"wake_lag_us":13950}
{"cookie":15552,"ev":"listen_event","family":2,"kind":"start","ktime_us":124704890,"port":7302,"reachable":true,"wake_lag_us":13934}
{"cookie":15552,"ev":"listen_event","family":2,"kind":"stop","ktime_us":124704893,"port":7302,"reachable":true,"wake_lag_us":13931}
{"cookie":15553,"ev":"listen_event","family":2,"kind":"start","ktime_us":124704908,"port":7302,"reachable":true,"wake_lag_us":13916}
{"cookie":15553,"ev":"listen_event","family":2,"kind":"stop","ktime_us":124704912,"port":7302,"reachable":true,"wake_lag_us":13912}
{"cookie":15554,"ev":"listen_event","family":2,"kind":"start","ktime_us":124704927,"port":7302,"reachable":true,"wake_lag_us":13897}
{"cookie":15554,"ev":"listen_event","family":2,"kind":"stop","ktime_us":124704931,"port":7302,"reachable":true,"wake_lag_us":13893}
{"cookie":15555,"ev":"listen_event","family":2,"kind":"start","ktime_us":124704947,"port":7302,"reachable":true,"wake_lag_us":13877}
{"cookie":15555,"ev":"listen_event","family":2,"kind":"stop","ktime_us":124704950,"port":7302,"reachable":true,"wake_lag_us":13874}
{"cookie":15556,"ev":"listen_event","family":2,"kind":"start","ktime_us":124704966,"port":7302,"reachable":true,"wake_lag_us":13858}
{"cookie":15556,"ev":"listen_event","family":2,"kind":"stop","ktime_us":124704969,"port":7302,"reachable":true,"wake_lag_us":13855}
{"cookie":15557,"ev":"listen_event","family":2,"kind":"start","ktime_us":124704984,"port":7302,"reachable":true,"wake_lag_us":13840}
{"cookie":15557,"ev":"listen_event","family":2,"kind":"stop","ktime_us":124704988,"port":7302,"reachable":true,"wake_lag_us":13836}
{"cookie":15558,"ev":"listen_event","family":2,"kind":"start","ktime_us":124705073,"port":7302,"reachable":true,"wake_lag_us":13751}
{"cookie":15558,"ev":"listen_event","family":2,"kind":"stop","ktime_us":124705076,"port":7302,"reachable":true,"wake_lag_us":13748}
{"cookie":15559,"ev":"listen_event","family":2,"kind":"start","ktime_us":124705092,"port":7302,"reachable":true,"wake_lag_us":13732}
{"cookie":15559,"ev":"listen_event","family":2,"kind":"stop","ktime_us":124705095,"port":7302,"reachable":true,"wake_lag_us":13729}
{"cookie":15560,"ev":"listen_event","family":2,"kind":"start","ktime_us":124705111,"port":7302,"reachable":true,"wake_lag_us":13713}
{"cookie":15560,"ev":"listen_event","family":2,"kind":"stop","ktime_us":124705114,"port":7302,"reachable":true,"wake_lag_us":13710}
{"cookie":15561,"ev":"listen_event","family":2,"kind":"start","ktime_us":124705131,"port":7302,"reachable":true,"wake_lag_us":13693}
{"cookie":15561,"ev":"listen_event","family":2,"kind":"stop","ktime_us":124705134,"port":7302,"reachable":true,"wake_lag_us":13690}
{"cookie":15562,"ev":"listen_event","family":2,"kind":"start","ktime_us":124705150,"port":7302,"reachable":true,"wake_lag_us":13674}
{"cookie":15562,"ev":"listen_event","family":2,"kind":"stop","ktime_us":124705153,"port":7302,"reachable":true,"wake_lag_us":13671}
{"cookie":15563,"ev":"listen_event","family":2,"kind":"start","ktime_us":124705168,"port":7302,"reachable":true,"wake_lag_us":13656}
{"cookie":15563,"ev":"listen_event","family":2,"kind":"stop","ktime_us":124705170,"port":7302,"reachable":true,"wake_lag_us":13654}
{"cookie":15564,"ev":"listen_event","family":2,"kind":"start","ktime_us":124705184,"port":7302,"reachable":true,"wake_lag_us":13640}
{"cookie":15564,"ev":"listen_event","family":2,"kind":"stop","ktime_us":124705187,"port":7302,"reachable":true,"wake_lag_us":13637}
{"cookie":15565,"ev":"listen_event","family":2,"kind":"start","ktime_us":124705202,"port":7302,"reachable":true,"wake_lag_us":13622}
{"cookie":15565,"ev":"listen_event","family":2,"kind":"stop","ktime_us":124705204,"port":7302,"reachable":true,"wake_lag_us":13620}
{"cookie":15566,"ev":"listen_event","family":2,"kind":"start","ktime_us":124705219,"port":7302,"reachable":true,"wake_lag_us":13605}
{"cookie":15566,"ev":"listen_event","family":2,"kind":"stop","ktime_us":124705221,"port":7302,"reachable":true,"wake_lag_us":13603}
{"cookie":15567,"ev":"listen_event","family":2,"kind":"start","ktime_us":124705236,"port":7302,"reachable":true,"wake_lag_us":13588}
{"cookie":15567,"ev":"listen_event","family":2,"kind":"stop","ktime_us":124705239,"port":7302,"reachable":true,"wake_lag_us":13585}
{"cookie":15568,"ev":"listen_event","family":2,"kind":"start","ktime_us":124705252,"port":7302,"reachable":true,"wake_lag_us":13572}
{"cookie":15568,"ev":"listen_event","family":2,"kind":"stop","ktime_us":124705255,"port":7302,"reachable":true,"wake_lag_us":13569}
{"cookie":15569,"ev":"listen_event","family":2,"kind":"start","ktime_us":124705269,"port":7302,"reachable":true,"wake_lag_us":13555}
{"cookie":15569,"ev":"listen_event","family":2,"kind":"stop","ktime_us":124705272,"port":7302,"reachable":true,"wake_lag_us":13552}
{"cookie":15570,"ev":"listen_event","family":2,"kind":"start","ktime_us":124705286,"port":7302,"reachable":true,"wake_lag_us":13538}
{"cookie":15570,"ev":"listen_event","family":2,"kind":"stop","ktime_us":124705289,"port":7302,"reachable":true,"wake_lag_us":13535}
{"cookie":15571,"ev":"listen_event","family":2,"kind":"start","ktime_us":124705302,"port":7302,"reachable":true,"wake_lag_us":13522}
{"cookie":15571,"ev":"listen_event","family":2,"kind":"stop","ktime_us":124705305,"port":7302,"reachable":true,"wake_lag_us":13519}
{"cookie":15572,"ev":"listen_event","family":2,"kind":"start","ktime_us":124705319,"port":7302,"reachable":true,"wake_lag_us":13505}
{"cookie":15572,"ev":"listen_event","family":2,"kind":"stop","ktime_us":124705322,"port":7302,"reachable":true,"wake_lag_us":13502}
{"cookie":15573,"ev":"listen_event","family":2,"kind":"start","ktime_us":124705336,"port":7302,"reachable":true,"wake_lag_us":13488}
{"cookie":15573,"ev":"listen_event","family":2,"kind":"stop","ktime_us":124705339,"port":7302,"reachable":true,"wake_lag_us":13485}
{"cookie":15574,"ev":"listen_event","family":2,"kind":"start","ktime_us":124705352,"port":7302,"reachable":true,"wake_lag_us":13472}
{"cookie":15574,"ev":"listen_event","family":2,"kind":"stop","ktime_us":124705355,"port":7302,"reachable":true,"wake_lag_us":13469}
{"cookie":15575,"ev":"listen_event","family":2,"kind":"start","ktime_us":124705369,"port":7302,"reachable":true,"wake_lag_us":13455}
{"cookie":15575,"ev":"listen_event","family":2,"kind":"stop","ktime_us":124705371,"port":7302,"reachable":true,"wake_lag_us":13453}
{"cookie":15576,"ev":"listen_event","family":2,"kind":"start","ktime_us":124705385,"port":7302,"reachable":true,"wake_lag_us":13439}
{"cookie":15576,"ev":"listen_event","family":2,"kind":"stop","ktime_us":124705399,"port":7302,"reachable":true,"wake_lag_us":13425}
{"cookie":15577,"ev":"listen_event","family":2,"kind":"start","ktime_us":124705413,"port":7302,"reachable":true,"wake_lag_us":13411}
{"cookie":15577,"ev":"listen_event","family":2,"kind":"stop","ktime_us":124705416,"port":7302,"reachable":true,"wake_lag_us":13408}
{"cookie":15578,"ev":"listen_event","family":2,"kind":"start","ktime_us":124705430,"port":7302,"reachable":true,"wake_lag_us":13394}
{"cookie":15578,"ev":"listen_event","family":2,"kind":"stop","ktime_us":124705433,"port":7302,"reachable":true,"wake_lag_us":13391}
{"cookie":15579,"ev":"listen_event","family":2,"kind":"start","ktime_us":124705447,"port":7302,"reachable":true,"wake_lag_us":13377}
{"cookie":15579,"ev":"listen_event","family":2,"kind":"stop","ktime_us":124705449,"port":7302,"reachable":true,"wake_lag_us":13375}
{"cookie":15580,"ev":"listen_event","family":2,"kind":"start","ktime_us":124705463,"port":7302,"reachable":true,"wake_lag_us":13361}
{"cookie":15580,"ev":"listen_event","family":2,"kind":"stop","ktime_us":124705466,"port":7302,"reachable":true,"wake_lag_us":13358}
{"cookie":15581,"ev":"listen_event","family":2,"kind":"start","ktime_us":124705480,"port":7302,"reachable":true,"wake_lag_us":13344}
{"cookie":15581,"ev":"listen_event","family":2,"kind":"stop","ktime_us":124705483,"port":7302,"reachable":true,"wake_lag_us":13341}
{"cookie":15582,"ev":"listen_event","family":2,"kind":"start","ktime_us":124705497,"port":7302,"reachable":true,"wake_lag_us":13327}
{"cookie":15582,"ev":"listen_event","family":2,"kind":"stop","ktime_us":124705499,"port":7302,"reachable":true,"wake_lag_us":13325}
{"cookie":15583,"ev":"listen_event","family":2,"kind":"start","ktime_us":124705513,"port":7302,"reachable":true,"wake_lag_us":13311}
{"cookie":15583,"ev":"listen_event","family":2,"kind":"stop","ktime_us":124705516,"port":7302,"reachable":true,"wake_lag_us":13308}
{"cookie":15584,"ev":"listen_event","family":2,"kind":"start","ktime_us":124705530,"port":7302,"reachable":true,"wake_lag_us":13294}
{"cookie":15584,"ev":"listen_event","family":2,"kind":"stop","ktime_us":124705532,"port":7302,"reachable":true,"wake_lag_us":13292}
{"cookie":15585,"ev":"listen_event","family":2,"kind":"start","ktime_us":124705546,"port":7302,"reachable":true,"wake_lag_us":13278}
{"cookie":15585,"ev":"listen_event","family":2,"kind":"stop","ktime_us":124705549,"port":7302,"reachable":true,"wake_lag_us":13275}
{"cookie":15586,"ev":"listen_event","family":2,"kind":"start","ktime_us":124705563,"port":7302,"reachable":true,"wake_lag_us":13261}
{"cookie":15586,"ev":"listen_event","family":2,"kind":"stop","ktime_us":124705566,"port":7302,"reachable":true,"wake_lag_us":13258}
{"cookie":15587,"ev":"listen_event","family":2,"kind":"start","ktime_us":124705579,"port":7302,"reachable":true,"wake_lag_us":13245}
{"cookie":15587,"ev":"listen_event","family":2,"kind":"stop","ktime_us":124705582,"port":7302,"reachable":true,"wake_lag_us":13242}
{"cookie":15588,"ev":"listen_event","family":2,"kind":"start","ktime_us":124705596,"port":7302,"reachable":true,"wake_lag_us":13228}
{"cookie":15588,"ev":"listen_event","family":2,"kind":"stop","ktime_us":124705599,"port":7302,"reachable":true,"wake_lag_us":13225}
{"cookie":15589,"ev":"listen_event","family":2,"kind":"start","ktime_us":124705613,"port":7302,"reachable":true,"wake_lag_us":13211}
{"cookie":15589,"ev":"listen_event","family":2,"kind":"stop","ktime_us":124705615,"port":7302,"reachable":true,"wake_lag_us":13209}
{"cookie":15590,"ev":"listen_event","family":2,"kind":"start","ktime_us":124705629,"port":7302,"reachable":true,"wake_lag_us":13195}
{"cookie":15590,"ev":"listen_event","family":2,"kind":"stop","ktime_us":124705632,"port":7302,"reachable":true,"wake_lag_us":13192}
{"cookie":15591,"ev":"listen_event","family":2,"kind":"start","ktime_us":124705646,"port":7302,"reachable":true,"wake_lag_us":13178}
{"cookie":15591,"ev":"listen_event","family":2,"kind":"stop","ktime_us":124705648,"port":7302,"reachable":true,"wake_lag_us":13176}
{"cookie":15592,"ev":"listen_event","family":2,"kind":"start","ktime_us":124705662,"port":7302,"reachable":true,"wake_lag_us":13162}
{"cookie":15592,"ev":"listen_event","family":2,"kind":"stop","ktime_us":124705665,"port":7302,"reachable":true,"wake_lag_us":13159}
{"cookie":15593,"ev":"listen_event","family":2,"kind":"start","ktime_us":124705679,"port":7302,"reachable":true,"wake_lag_us":13145}
{"cookie":15593,"ev":"listen_event","family":2,"kind":"stop","ktime_us":124705681,"port":7302,"reachable":true,"wake_lag_us":13143}
{"cookie":15594,"ev":"listen_event","family":2,"kind":"start","ktime_us":124705695,"port":7302,"reachable":true,"wake_lag_us":13129}
{"cookie":15594,"ev":"listen_event","family":2,"kind":"stop","ktime_us":124705698,"port":7302,"reachable":true,"wake_lag_us":13126}
{"cookie":15595,"ev":"listen_event","family":2,"kind":"start","ktime_us":124705712,"port":7302,"reachable":true,"wake_lag_us":13112}
{"cookie":15595,"ev":"listen_event","family":2,"kind":"stop","ktime_us":124705714,"port":7302,"reachable":true,"wake_lag_us":13110}
{"cookie":15596,"ev":"listen_event","family":2,"kind":"start","ktime_us":124705746,"port":7302,"reachable":true,"wake_lag_us":13078}
{"cookie":15596,"ev":"listen_event","family":2,"kind":"stop","ktime_us":124705749,"port":7302,"reachable":true,"wake_lag_us":13075}
{"cookie":15597,"ev":"listen_event","family":2,"kind":"start","ktime_us":124705764,"port":7302,"reachable":true,"wake_lag_us":13060}
{"cookie":15597,"ev":"listen_event","family":2,"kind":"stop","ktime_us":124705766,"port":7302,"reachable":true,"wake_lag_us":13058}
{"cookie":15598,"ev":"listen_event","family":2,"kind":"start","ktime_us":124705780,"port":7302,"reachable":true,"wake_lag_us":13044}
{"cookie":15598,"ev":"listen_event","family":2,"kind":"stop","ktime_us":124705783,"port":7302,"reachable":true,"wake_lag_us":13041}
{"cookie":15599,"ev":"listen_event","family":2,"kind":"start","ktime_us":124705797,"port":7302,"reachable":true,"wake_lag_us":13027}
{"cookie":15599,"ev":"listen_event","family":2,"kind":"stop","ktime_us":124705799,"port":7302,"reachable":true,"wake_lag_us":13025}
{"cookie":15600,"ev":"listen_event","family":2,"kind":"start","ktime_us":124705813,"port":7302,"reachable":true,"wake_lag_us":13011}
{"cookie":15600,"ev":"listen_event","family":2,"kind":"stop","ktime_us":124705816,"port":7302,"reachable":true,"wake_lag_us":13008}
{"cookie":15601,"ev":"listen_event","family":2,"kind":"start","ktime_us":124705830,"port":7302,"reachable":true,"wake_lag_us":12994}
{"cookie":15601,"ev":"listen_event","family":2,"kind":"stop","ktime_us":124705833,"port":7302,"reachable":true,"wake_lag_us":12991}
{"cookie":15602,"ev":"listen_event","family":2,"kind":"start","ktime_us":124705846,"port":7302,"reachable":true,"wake_lag_us":12978}
{"cookie":15602,"ev":"listen_event","family":2,"kind":"stop","ktime_us":124705849,"port":7302,"reachable":true,"wake_lag_us":12975}
{"cookie":15603,"ev":"listen_event","family":2,"kind":"start","ktime_us":124705863,"port":7302,"reachable":true,"wake_lag_us":12961}
{"cookie":15603,"ev":"listen_event","family":2,"kind":"stop","ktime_us":124705866,"port":7302,"reachable":true,"wake_lag_us":12958}
{"cookie":15604,"ev":"listen_event","family":2,"kind":"start","ktime_us":124705880,"port":7302,"reachable":true,"wake_lag_us":12944}
{"cookie":15604,"ev":"listen_event","family":2,"kind":"stop","ktime_us":124705882,"port":7302,"reachable":true,"wake_lag_us":12942}
{"cookie":15605,"ev":"listen_event","family":2,"kind":"start","ktime_us":124705896,"port":7302,"reachable":true,"wake_lag_us":12928}
{"cookie":15605,"ev":"listen_event","family":2,"kind":"stop","ktime_us":124705899,"port":7302,"reachable":true,"wake_lag_us":12925}
{"cookie":15606,"ev":"listen_event","family":2,"kind":"start","ktime_us":124705913,"port":7302,"reachable":true,"wake_lag_us":12911}
{"cookie":15606,"ev":"listen_event","family":2,"kind":"stop","ktime_us":124705915,"port":7302,"reachable":true,"wake_lag_us":12909}
{"cookie":15607,"ev":"listen_event","family":2,"kind":"start","ktime_us":124705929,"port":7302,"reachable":true,"wake_lag_us":12895}
{"cookie":15607,"ev":"listen_event","family":2,"kind":"stop","ktime_us":124705932,"port":7302,"reachable":true,"wake_lag_us":12892}
{"cookie":15608,"ev":"listen_event","family":2,"kind":"start","ktime_us":124705946,"port":7302,"reachable":true,"wake_lag_us":12878}
{"cookie":15608,"ev":"listen_event","family":2,"kind":"stop","ktime_us":124705948,"port":7302,"reachable":true,"wake_lag_us":12876}
{"cookie":15609,"ev":"listen_event","family":2,"kind":"start","ktime_us":124705962,"port":7302,"reachable":true,"wake_lag_us":12862}
{"cookie":15609,"ev":"listen_event","family":2,"kind":"stop","ktime_us":124705965,"port":7302,"reachable":true,"wake_lag_us":12859}
{"cookie":15610,"ev":"listen_event","family":2,"kind":"start","ktime_us":124705979,"port":7302,"reachable":true,"wake_lag_us":12845}
{"cookie":15610,"ev":"listen_event","family":2,"kind":"stop","ktime_us":124705982,"port":7302,"reachable":true,"wake_lag_us":12842}
{"cookie":15611,"ev":"listen_event","family":2,"kind":"start","ktime_us":124706012,"port":7302,"reachable":true,"wake_lag_us":12812}
{"cookie":15611,"ev":"listen_event","family":2,"kind":"stop","ktime_us":124706025,"port":7302,"reachable":true,"wake_lag_us":12799}
{"cookie":15612,"ev":"listen_event","family":2,"kind":"start","ktime_us":124706039,"port":7302,"reachable":true,"wake_lag_us":12785}
{"cookie":15612,"ev":"listen_event","family":2,"kind":"stop","ktime_us":124706042,"port":7302,"reachable":true,"wake_lag_us":12782}
{"cookie":15613,"ev":"listen_event","family":2,"kind":"start","ktime_us":124706056,"port":7302,"reachable":true,"wake_lag_us":12768}
{"cookie":15613,"ev":"listen_event","family":2,"kind":"stop","ktime_us":124706059,"port":7302,"reachable":true,"wake_lag_us":12765}
{"cookie":15614,"ev":"listen_event","family":2,"kind":"start","ktime_us":124706073,"port":7302,"reachable":true,"wake_lag_us":12751}
{"cookie":15614,"ev":"listen_event","family":2,"kind":"stop","ktime_us":124706075,"port":7302,"reachable":true,"wake_lag_us":12749}
{"cookie":15615,"ev":"listen_event","family":2,"kind":"start","ktime_us":124706089,"port":7302,"reachable":true,"wake_lag_us":12735}
{"cookie":15615,"ev":"listen_event","family":2,"kind":"stop","ktime_us":124706092,"port":7302,"reachable":true,"wake_lag_us":12732}
{"cookie":15616,"ev":"listen_event","family":2,"kind":"start","ktime_us":124706106,"port":7302,"reachable":true,"wake_lag_us":12718}
{"cookie":15616,"ev":"listen_event","family":2,"kind":"stop","ktime_us":124706109,"port":7302,"reachable":true,"wake_lag_us":12715}
{"cookie":15617,"ev":"listen_event","family":2,"kind":"start","ktime_us":124706122,"port":7302,"reachable":true,"wake_lag_us":12702}
{"cookie":15617,"ev":"listen_event","family":2,"kind":"stop","ktime_us":124706125,"port":7302,"reachable":true,"wake_lag_us":12699}
{"cookie":15618,"ev":"listen_event","family":2,"kind":"start","ktime_us":124706139,"port":7302,"reachable":true,"wake_lag_us":12685}
{"cookie":15618,"ev":"listen_event","family":2,"kind":"stop","ktime_us":124706142,"port":7302,"reachable":true,"wake_lag_us":12682}
{"cookie":15619,"ev":"listen_event","family":2,"kind":"start","ktime_us":124706155,"port":7302,"reachable":true,"wake_lag_us":12669}
{"cookie":15619,"ev":"listen_event","family":2,"kind":"stop","ktime_us":124706158,"port":7302,"reachable":true,"wake_lag_us":12666}
{"cookie":15620,"ev":"listen_event","family":2,"kind":"start","ktime_us":124706172,"port":7302,"reachable":true,"wake_lag_us":12652}
{"cookie":15620,"ev":"listen_event","family":2,"kind":"stop","ktime_us":124706175,"port":7302,"reachable":true,"wake_lag_us":12649}
{"cookie":15621,"ev":"listen_event","family":2,"kind":"start","ktime_us":124706189,"port":7302,"reachable":true,"wake_lag_us":12635}
{"cookie":15621,"ev":"listen_event","family":2,"kind":"stop","ktime_us":124706192,"port":7302,"reachable":true,"wake_lag_us":12632}
{"cookie":15622,"ev":"listen_event","family":2,"kind":"start","ktime_us":124706206,"port":7302,"reachable":true,"wake_lag_us":12618}
{"cookie":15622,"ev":"listen_event","family":2,"kind":"stop","ktime_us":124706208,"port":7302,"reachable":true,"wake_lag_us":12616}
{"cookie":15623,"ev":"listen_event","family":2,"kind":"start","ktime_us":124706223,"port":7302,"reachable":true,"wake_lag_us":12601}
{"cookie":15623,"ev":"listen_event","family":2,"kind":"stop","ktime_us":124706225,"port":7302,"reachable":true,"wake_lag_us":12599}
{"cookie":15624,"ev":"listen_event","family":2,"kind":"start","ktime_us":124706239,"port":7302,"reachable":true,"wake_lag_us":12585}
{"cookie":15624,"ev":"listen_event","family":2,"kind":"stop","ktime_us":124706242,"port":7302,"reachable":true,"wake_lag_us":12582}
{"cookie":15625,"ev":"listen_event","family":2,"kind":"start","ktime_us":124706256,"port":7302,"reachable":true,"wake_lag_us":12568}
{"cookie":15625,"ev":"listen_event","family":2,"kind":"stop","ktime_us":124706258,"port":7302,"reachable":true,"wake_lag_us":12566}
{"cookie":15626,"ev":"listen_event","family":2,"kind":"start","ktime_us":124706272,"port":7302,"reachable":true,"wake_lag_us":12552}
{"cookie":15626,"ev":"listen_event","family":2,"kind":"stop","ktime_us":124706275,"port":7302,"reachable":true,"wake_lag_us":12549}
{"cookie":15627,"ev":"listen_event","family":2,"kind":"start","ktime_us":124706289,"port":7302,"reachable":true,"wake_lag_us":12535}
{"cookie":15627,"ev":"listen_event","family":2,"kind":"stop","ktime_us":124706292,"port":7302,"reachable":true,"wake_lag_us":12532}
{"cookie":15628,"ev":"listen_event","family":2,"kind":"start","ktime_us":124706306,"port":7302,"reachable":true,"wake_lag_us":12518}
{"cookie":15628,"ev":"listen_event","family":2,"kind":"stop","ktime_us":124706308,"port":7302,"reachable":true,"wake_lag_us":12516}
{"cookie":15629,"ev":"listen_event","family":2,"kind":"start","ktime_us":124706322,"port":7302,"reachable":true,"wake_lag_us":12502}
{"cookie":15629,"ev":"listen_event","family":2,"kind":"stop","ktime_us":124706325,"port":7302,"reachable":true,"wake_lag_us":12499}
{"cookie":15630,"ev":"listen_event","family":2,"kind":"start","ktime_us":124706339,"port":7302,"reachable":true,"wake_lag_us":12485}
{"cookie":15630,"ev":"listen_event","family":2,"kind":"stop","ktime_us":124706342,"port":7302,"reachable":true,"wake_lag_us":12482}
{"cookie":15631,"ev":"listen_event","family":2,"kind":"start","ktime_us":124706355,"port":7302,"reachable":true,"wake_lag_us":12469}
{"cookie":15631,"ev":"listen_event","family":2,"kind":"stop","ktime_us":124706358,"port":7302,"reachable":true,"wake_lag_us":12466}
{"cookie":15632,"ev":"listen_event","family":2,"kind":"start","ktime_us":124706372,"port":7302,"reachable":true,"wake_lag_us":12452}
{"cookie":15632,"ev":"listen_event","family":2,"kind":"stop","ktime_us":124706375,"port":7302,"reachable":true,"wake_lag_us":12449}
{"cookie":15633,"ev":"listen_event","family":2,"kind":"start","ktime_us":124706398,"port":7302,"reachable":true,"wake_lag_us":12426}
{"cookie":15633,"ev":"listen_event","family":2,"kind":"stop","ktime_us":124706401,"port":7302,"reachable":true,"wake_lag_us":12423}
{"cookie":15634,"ev":"listen_event","family":2,"kind":"start","ktime_us":124706415,"port":7302,"reachable":true,"wake_lag_us":12409}
{"cookie":15634,"ev":"listen_event","family":2,"kind":"stop","ktime_us":124706418,"port":7302,"reachable":true,"wake_lag_us":12406}
{"cookie":15635,"ev":"listen_event","family":2,"kind":"start","ktime_us":124706431,"port":7302,"reachable":true,"wake_lag_us":12393}
{"cookie":15635,"ev":"listen_event","family":2,"kind":"stop","ktime_us":124706434,"port":7302,"reachable":true,"wake_lag_us":12390}
{"cookie":15636,"ev":"listen_event","family":2,"kind":"start","ktime_us":124706448,"port":7302,"reachable":true,"wake_lag_us":12376}
{"cookie":15636,"ev":"listen_event","family":2,"kind":"stop","ktime_us":124706451,"port":7302,"reachable":true,"wake_lag_us":12373}
{"cookie":15637,"ev":"listen_event","family":2,"kind":"start","ktime_us":124706465,"port":7302,"reachable":true,"wake_lag_us":12359}
{"cookie":15637,"ev":"listen_event","family":2,"kind":"stop","ktime_us":124706467,"port":7302,"reachable":true,"wake_lag_us":12357}
{"cookie":15638,"ev":"listen_event","family":2,"kind":"start","ktime_us":124706481,"port":7302,"reachable":true,"wake_lag_us":12343}
{"cookie":15638,"ev":"listen_event","family":2,"kind":"stop","ktime_us":124706484,"port":7302,"reachable":true,"wake_lag_us":12340}
{"cookie":15639,"ev":"listen_event","family":2,"kind":"start","ktime_us":124706498,"port":7302,"reachable":true,"wake_lag_us":12326}
{"cookie":15639,"ev":"listen_event","family":2,"kind":"stop","ktime_us":124706501,"port":7302,"reachable":true,"wake_lag_us":12323}
{"cookie":15640,"ev":"listen_event","family":2,"kind":"start","ktime_us":124706514,"port":7302,"reachable":true,"wake_lag_us":12310}
{"cookie":15640,"ev":"listen_event","family":2,"kind":"stop","ktime_us":124706517,"port":7302,"reachable":true,"wake_lag_us":12307}
{"cookie":15641,"ev":"listen_event","family":2,"kind":"start","ktime_us":124706531,"port":7302,"reachable":true,"wake_lag_us":12293}
{"cookie":15641,"ev":"listen_event","family":2,"kind":"stop","ktime_us":124706534,"port":7302,"reachable":true,"wake_lag_us":12290}
{"cookie":15642,"ev":"listen_event","family":2,"kind":"start","ktime_us":124706547,"port":7302,"reachable":true,"wake_lag_us":12277}
{"cookie":15642,"ev":"listen_event","family":2,"kind":"stop","ktime_us":124706550,"port":7302,"reachable":true,"wake_lag_us":12274}
{"cookie":15643,"ev":"listen_event","family":2,"kind":"start","ktime_us":124706564,"port":7302,"reachable":true,"wake_lag_us":12260}
{"cookie":15643,"ev":"listen_event","family":2,"kind":"stop","ktime_us":124706567,"port":7302,"reachable":true,"wake_lag_us":12257}
{"cookie":15644,"ev":"listen_event","family":2,"kind":"start","ktime_us":124706581,"port":7302,"reachable":true,"wake_lag_us":12243}
{"cookie":15644,"ev":"listen_event","family":2,"kind":"stop","ktime_us":124706583,"port":7302,"reachable":true,"wake_lag_us":12241}
{"cookie":15645,"ev":"listen_event","family":2,"kind":"start","ktime_us":124706597,"port":7302,"reachable":true,"wake_lag_us":12227}
{"cookie":15645,"ev":"listen_event","family":2,"kind":"stop","ktime_us":124706600,"port":7302,"reachable":true,"wake_lag_us":12224}
{"cookie":15646,"ev":"listen_event","family":2,"kind":"start","ktime_us":124706614,"port":7302,"reachable":true,"wake_lag_us":12210}
{"cookie":15646,"ev":"listen_event","family":2,"kind":"stop","ktime_us":124706617,"port":7302,"reachable":true,"wake_lag_us":12207}
{"cookie":15647,"ev":"listen_event","family":2,"kind":"start","ktime_us":124706631,"port":7302,"reachable":true,"wake_lag_us":12193}
{"cookie":15647,"ev":"listen_event","family":2,"kind":"stop","ktime_us":124706633,"port":7302,"reachable":true,"wake_lag_us":12191}
{"cookie":15648,"ev":"listen_event","family":2,"kind":"start","ktime_us":124706647,"port":7302,"reachable":true,"wake_lag_us":12177}
{"cookie":15648,"ev":"listen_event","family":2,"kind":"stop","ktime_us":124706650,"port":7302,"reachable":true,"wake_lag_us":12174}
{"cookie":15649,"ev":"listen_event","family":2,"kind":"start","ktime_us":124706664,"port":7302,"reachable":true,"wake_lag_us":12160}
{"cookie":15649,"ev":"listen_event","family":2,"kind":"stop","ktime_us":124706666,"port":7302,"reachable":true,"wake_lag_us":12158}
{"cookie":15650,"ev":"listen_event","family":2,"kind":"start","ktime_us":124706680,"port":7302,"reachable":true,"wake_lag_us":12144}
{"cookie":15650,"ev":"listen_event","family":2,"kind":"stop","ktime_us":124706683,"port":7302,"reachable":true,"wake_lag_us":12141}
{"cookie":15651,"ev":"listen_event","family":2,"kind":"start","ktime_us":124706697,"port":7302,"reachable":true,"wake_lag_us":12127}
{"cookie":15651,"ev":"listen_event","family":2,"kind":"stop","ktime_us":124706700,"port":7302,"reachable":true,"wake_lag_us":12124}
{"cookie":15652,"ev":"listen_event","family":2,"kind":"start","ktime_us":124706714,"port":7302,"reachable":true,"wake_lag_us":12110}
{"cookie":15652,"ev":"listen_event","family":2,"kind":"stop","ktime_us":124706716,"port":7302,"reachable":true,"wake_lag_us":12108}
{"cookie":15653,"ev":"listen_event","family":2,"kind":"start","ktime_us":124706730,"port":7302,"reachable":true,"wake_lag_us":12094}
{"cookie":15653,"ev":"listen_event","family":2,"kind":"stop","ktime_us":124706733,"port":7302,"reachable":true,"wake_lag_us":12091}
{"cookie":15654,"ev":"listen_event","family":2,"kind":"start","ktime_us":124706747,"port":7302,"reachable":true,"wake_lag_us":12077}
{"cookie":15654,"ev":"listen_event","family":2,"kind":"stop","ktime_us":124706750,"port":7302,"reachable":true,"wake_lag_us":12074}
{"cookie":15655,"ev":"listen_event","family":2,"kind":"start","ktime_us":124706763,"port":7302,"reachable":true,"wake_lag_us":12061}
{"cookie":15655,"ev":"listen_event","family":2,"kind":"stop","ktime_us":124706766,"port":7302,"reachable":true,"wake_lag_us":12058}
{"cookie":15656,"ev":"listen_event","family":2,"kind":"start","ktime_us":124706780,"port":7302,"reachable":true,"wake_lag_us":12044}
{"cookie":15656,"ev":"listen_event","family":2,"kind":"stop","ktime_us":124706783,"port":7302,"reachable":true,"wake_lag_us":12041}
{"cookie":15657,"ev":"listen_event","family":2,"kind":"start","ktime_us":124706815,"port":7302,"reachable":true,"wake_lag_us":12009}
{"cookie":15657,"ev":"listen_event","family":2,"kind":"stop","ktime_us":124706818,"port":7302,"reachable":true,"wake_lag_us":12006}
{"cookie":15658,"ev":"listen_event","family":2,"kind":"start","ktime_us":124706833,"port":7302,"reachable":true,"wake_lag_us":11991}
{"cookie":15658,"ev":"listen_event","family":2,"kind":"stop","ktime_us":124706835,"port":7302,"reachable":true,"wake_lag_us":11989}
{"cookie":15659,"ev":"listen_event","family":2,"kind":"start","ktime_us":124706849,"port":7302,"reachable":true,"wake_lag_us":11975}
{"cookie":15659,"ev":"listen_event","family":2,"kind":"stop","ktime_us":124706852,"port":7302,"reachable":true,"wake_lag_us":11972}
{"cookie":15660,"ev":"listen_event","family":2,"kind":"start","ktime_us":124706866,"port":7302,"reachable":true,"wake_lag_us":11958}
{"cookie":15660,"ev":"listen_event","family":2,"kind":"stop","ktime_us":124706869,"port":7302,"reachable":true,"wake_lag_us":11955}
{"cookie":15661,"ev":"listen_event","family":2,"kind":"start","ktime_us":124706882,"port":7302,"reachable":true,"wake_lag_us":11942}
{"cookie":15661,"ev":"listen_event","family":2,"kind":"stop","ktime_us":124706885,"port":7302,"reachable":true,"wake_lag_us":11939}
{"cookie":15662,"ev":"listen_event","family":2,"kind":"start","ktime_us":124706899,"port":7302,"reachable":true,"wake_lag_us":11925}
{"cookie":15662,"ev":"listen_event","family":2,"kind":"stop","ktime_us":124706902,"port":7302,"reachable":true,"wake_lag_us":11922}
{"cookie":15663,"ev":"listen_event","family":2,"kind":"start","ktime_us":124706916,"port":7302,"reachable":true,"wake_lag_us":11908}
{"cookie":15663,"ev":"listen_event","family":2,"kind":"stop","ktime_us":124706919,"port":7302,"reachable":true,"wake_lag_us":11905}
{"cookie":15664,"ev":"listen_event","family":2,"kind":"start","ktime_us":124706933,"port":7302,"reachable":true,"wake_lag_us":11891}
{"cookie":15664,"ev":"listen_event","family":2,"kind":"stop","ktime_us":124706936,"port":7302,"reachable":true,"wake_lag_us":11888}
{"cookie":15665,"ev":"listen_event","family":2,"kind":"start","ktime_us":124706950,"port":7302,"reachable":true,"wake_lag_us":11874}
{"cookie":15665,"ev":"listen_event","family":2,"kind":"stop","ktime_us":124706953,"port":7302,"reachable":true,"wake_lag_us":11871}
{"cookie":15666,"ev":"listen_event","family":2,"kind":"start","ktime_us":124706967,"port":7302,"reachable":true,"wake_lag_us":11857}
{"cookie":15666,"ev":"listen_event","family":2,"kind":"stop","ktime_us":124706969,"port":7302,"reachable":true,"wake_lag_us":11855}
{"cookie":15667,"ev":"listen_event","family":2,"kind":"start","ktime_us":124706983,"port":7302,"reachable":true,"wake_lag_us":11841}
{"cookie":15667,"ev":"listen_event","family":2,"kind":"stop","ktime_us":124706986,"port":7302,"reachable":true,"wake_lag_us":11838}
{"cookie":15668,"ev":"listen_event","family":2,"kind":"start","ktime_us":124707090,"port":7302,"reachable":true,"wake_lag_us":11734}
{"cookie":15668,"ev":"listen_event","family":2,"kind":"stop","ktime_us":124707093,"port":7302,"reachable":true,"wake_lag_us":11731}
{"cookie":15669,"ev":"listen_event","family":2,"kind":"start","ktime_us":124707107,"port":7302,"reachable":true,"wake_lag_us":11717}
{"cookie":15669,"ev":"listen_event","family":2,"kind":"stop","ktime_us":124707110,"port":7302,"reachable":true,"wake_lag_us":11714}
{"cookie":15670,"ev":"listen_event","family":2,"kind":"start","ktime_us":124707124,"port":7302,"reachable":true,"wake_lag_us":11700}
{"cookie":15670,"ev":"listen_event","family":2,"kind":"stop","ktime_us":124707127,"port":7302,"reachable":true,"wake_lag_us":11697}
{"cookie":15671,"ev":"listen_event","family":2,"kind":"start","ktime_us":124707141,"port":7302,"reachable":true,"wake_lag_us":11683}
{"cookie":15671,"ev":"listen_event","family":2,"kind":"stop","ktime_us":124707143,"port":7302,"reachable":true,"wake_lag_us":11681}
{"cookie":15672,"ev":"listen_event","family":2,"kind":"start","ktime_us":124707157,"port":7302,"reachable":true,"wake_lag_us":11667}
{"cookie":15672,"ev":"listen_event","family":2,"kind":"stop","ktime_us":124707160,"port":7302,"reachable":true,"wake_lag_us":11664}
{"cookie":15673,"ev":"listen_event","family":2,"kind":"start","ktime_us":124707174,"port":7302,"reachable":true,"wake_lag_us":11650}
{"cookie":15673,"ev":"listen_event","family":2,"kind":"stop","ktime_us":124707176,"port":7302,"reachable":true,"wake_lag_us":11648}
{"cookie":15674,"ev":"listen_event","family":2,"kind":"start","ktime_us":124707190,"port":7302,"reachable":true,"wake_lag_us":11634}
{"cookie":15674,"ev":"listen_event","family":2,"kind":"stop","ktime_us":124707193,"port":7302,"reachable":true,"wake_lag_us":11631}
{"cookie":15675,"ev":"listen_event","family":2,"kind":"start","ktime_us":124707207,"port":7302,"reachable":true,"wake_lag_us":11617}
{"cookie":15675,"ev":"listen_event","family":2,"kind":"stop","ktime_us":124707209,"port":7302,"reachable":true,"wake_lag_us":11615}
{"cookie":15676,"ev":"listen_event","family":2,"kind":"start","ktime_us":124707223,"port":7302,"reachable":true,"wake_lag_us":11601}
{"cookie":15676,"ev":"listen_event","family":2,"kind":"stop","ktime_us":124707226,"port":7302,"reachable":true,"wake_lag_us":11598}
{"cookie":15677,"ev":"listen_event","family":2,"kind":"start","ktime_us":124707240,"port":7302,"reachable":true,"wake_lag_us":11584}
{"cookie":15677,"ev":"listen_event","family":2,"kind":"stop","ktime_us":124707242,"port":7302,"reachable":true,"wake_lag_us":11582}
{"cookie":15678,"ev":"listen_event","family":2,"kind":"start","ktime_us":124707256,"port":7302,"reachable":true,"wake_lag_us":11568}
{"cookie":15678,"ev":"listen_event","family":2,"kind":"stop","ktime_us":124707259,"port":7302,"reachable":true,"wake_lag_us":11565}
{"cookie":15679,"ev":"listen_event","family":2,"kind":"start","ktime_us":124707273,"port":7302,"reachable":true,"wake_lag_us":11551}
{"cookie":15679,"ev":"listen_event","family":2,"kind":"stop","ktime_us":124707275,"port":7302,"reachable":true,"wake_lag_us":11549}
{"cookie":15680,"ev":"listen_event","family":2,"kind":"start","ktime_us":124707289,"port":7302,"reachable":true,"wake_lag_us":11535}
{"cookie":15680,"ev":"listen_event","family":2,"kind":"stop","ktime_us":124707292,"port":7302,"reachable":true,"wake_lag_us":11532}
{"cookie":15681,"ev":"listen_event","family":2,"kind":"start","ktime_us":124707306,"port":7302,"reachable":true,"wake_lag_us":11518}
{"cookie":15681,"ev":"listen_event","family":2,"kind":"stop","ktime_us":124707308,"port":7302,"reachable":true,"wake_lag_us":11516}
{"cookie":15682,"ev":"listen_event","family":2,"kind":"start","ktime_us":124707322,"port":7302,"reachable":true,"wake_lag_us":11502}
{"cookie":15682,"ev":"listen_event","family":2,"kind":"stop","ktime_us":124707325,"port":7302,"reachable":true,"wake_lag_us":11499}
{"cookie":15683,"ev":"listen_event","family":2,"kind":"start","ktime_us":124707339,"port":7302,"reachable":true,"wake_lag_us":11485}
{"cookie":15683,"ev":"listen_event","family":2,"kind":"stop","ktime_us":124707342,"port":7302,"reachable":true,"wake_lag_us":11482}
{"cookie":15684,"ev":"listen_event","family":2,"kind":"start","ktime_us":124707356,"port":7302,"reachable":true,"wake_lag_us":11468}
{"cookie":15684,"ev":"listen_event","family":2,"kind":"stop","ktime_us":124707358,"port":7302,"reachable":true,"wake_lag_us":11466}
{"cookie":15685,"ev":"listen_event","family":2,"kind":"start","ktime_us":124707372,"port":7302,"reachable":true,"wake_lag_us":11452}
{"cookie":15685,"ev":"listen_event","family":2,"kind":"stop","ktime_us":124707375,"port":7302,"reachable":true,"wake_lag_us":11449}
{"cookie":15686,"ev":"listen_event","family":2,"kind":"start","ktime_us":124707401,"port":7302,"reachable":true,"wake_lag_us":11423}
{"cookie":15686,"ev":"listen_event","family":2,"kind":"stop","ktime_us":124707404,"port":7302,"reachable":true,"wake_lag_us":11420}
{"cookie":15687,"ev":"listen_event","family":2,"kind":"start","ktime_us":124707418,"port":7302,"reachable":true,"wake_lag_us":11406}
{"cookie":15687,"ev":"listen_event","family":2,"kind":"stop","ktime_us":124707421,"port":7302,"reachable":true,"wake_lag_us":11403}
{"cookie":15688,"ev":"listen_event","family":2,"kind":"start","ktime_us":124707434,"port":7302,"reachable":true,"wake_lag_us":11390}
{"cookie":15688,"ev":"listen_event","family":2,"kind":"stop","ktime_us":124707437,"port":7302,"reachable":true,"wake_lag_us":11387}
{"cookie":15689,"ev":"listen_event","family":2,"kind":"start","ktime_us":124707451,"port":7302,"reachable":true,"wake_lag_us":11373}
{"cookie":15689,"ev":"listen_event","family":2,"kind":"stop","ktime_us":124707454,"port":7302,"reachable":true,"wake_lag_us":11370}
{"cookie":15690,"ev":"listen_event","family":2,"kind":"start","ktime_us":124707467,"port":7302,"reachable":true,"wake_lag_us":11357}
{"cookie":15690,"ev":"listen_event","family":2,"kind":"stop","ktime_us":124707470,"port":7302,"reachable":true,"wake_lag_us":11354}
{"cookie":15691,"ev":"listen_event","family":2,"kind":"start","ktime_us":124707484,"port":7302,"reachable":true,"wake_lag_us":11340}
{"cookie":15691,"ev":"listen_event","family":2,"kind":"stop","ktime_us":124707487,"port":7302,"reachable":true,"wake_lag_us":11337}
{"cookie":15692,"ev":"listen_event","family":2,"kind":"start","ktime_us":124707501,"port":7302,"reachable":true,"wake_lag_us":11323}
{"cookie":15692,"ev":"listen_event","family":2,"kind":"stop","ktime_us":124707503,"port":7302,"reachable":true,"wake_lag_us":11321}
{"cookie":15693,"ev":"listen_event","family":2,"kind":"start","ktime_us":124707517,"port":7302,"reachable":true,"wake_lag_us":11307}
{"cookie":15693,"ev":"listen_event","family":2,"kind":"stop","ktime_us":124707520,"port":7302,"reachable":true,"wake_lag_us":11304}
{"cookie":15694,"ev":"listen_event","family":2,"kind":"start","ktime_us":124707533,"port":7302,"reachable":true,"wake_lag_us":11291}
{"cookie":15694,"ev":"listen_event","family":2,"kind":"stop","ktime_us":124707536,"port":7302,"reachable":true,"wake_lag_us":11288}
{"cookie":15695,"ev":"listen_event","family":2,"kind":"start","ktime_us":124707550,"port":7302,"reachable":true,"wake_lag_us":11274}
{"cookie":15695,"ev":"listen_event","family":2,"kind":"stop","ktime_us":124707553,"port":7302,"reachable":true,"wake_lag_us":11271}
{"cookie":15696,"ev":"listen_event","family":2,"kind":"start","ktime_us":124707567,"port":7302,"reachable":true,"wake_lag_us":11257}
{"cookie":15696,"ev":"listen_event","family":2,"kind":"stop","ktime_us":124707570,"port":7302,"reachable":true,"wake_lag_us":11254}
{"cookie":15697,"ev":"listen_event","family":2,"kind":"start","ktime_us":124707583,"port":7302,"reachable":true,"wake_lag_us":11241}
{"cookie":15697,"ev":"listen_event","family":2,"kind":"stop","ktime_us":124707586,"port":7302,"reachable":true,"wake_lag_us":11238}
{"cookie":15698,"ev":"listen_event","family":2,"kind":"start","ktime_us":124707600,"port":7302,"reachable":true,"wake_lag_us":11224}
{"cookie":15698,"ev":"listen_event","family":2,"kind":"stop","ktime_us":124707603,"port":7302,"reachable":true,"wake_lag_us":11221}
{"cookie":15699,"ev":"listen_event","family":2,"kind":"start","ktime_us":124707616,"port":7302,"reachable":true,"wake_lag_us":11208}
{"cookie":15699,"ev":"listen_event","family":2,"kind":"stop","ktime_us":124707619,"port":7302,"reachable":true,"wake_lag_us":11205}
{"cookie":15700,"ev":"listen_event","family":2,"kind":"start","ktime_us":124707633,"port":7302,"reachable":true,"wake_lag_us":11191}
{"cookie":15700,"ev":"listen_event","family":2,"kind":"stop","ktime_us":124707636,"port":7302,"reachable":true,"wake_lag_us":11188}
{"cookie":15701,"ev":"listen_event","family":2,"kind":"start","ktime_us":124707650,"port":7302,"reachable":true,"wake_lag_us":11174}
{"cookie":15701,"ev":"listen_event","family":2,"kind":"stop","ktime_us":124707653,"port":7302,"reachable":true,"wake_lag_us":11171}
{"cookie":15702,"ev":"listen_event","family":2,"kind":"start","ktime_us":124707666,"port":7302,"reachable":true,"wake_lag_us":11158}
{"cookie":15702,"ev":"listen_event","family":2,"kind":"stop","ktime_us":124707669,"port":7302,"reachable":true,"wake_lag_us":11155}
{"cookie":15703,"ev":"listen_event","family":2,"kind":"start","ktime_us":124707683,"port":7302,"reachable":true,"wake_lag_us":11141}
{"cookie":15703,"ev":"listen_event","family":2,"kind":"stop","ktime_us":124707686,"port":7302,"reachable":true,"wake_lag_us":11138}
{"cookie":15704,"ev":"listen_event","family":2,"kind":"start","ktime_us":124707700,"port":7302,"reachable":true,"wake_lag_us":11124}
{"cookie":15704,"ev":"listen_event","family":2,"kind":"stop","ktime_us":124707702,"port":7302,"reachable":true,"wake_lag_us":11122}
{"cookie":15705,"ev":"listen_event","family":2,"kind":"start","ktime_us":124707716,"port":7302,"reachable":true,"wake_lag_us":11108}
{"cookie":15705,"ev":"listen_event","family":2,"kind":"stop","ktime_us":124707719,"port":7302,"reachable":true,"wake_lag_us":11105}
{"cookie":15706,"ev":"listen_event","family":2,"kind":"start","ktime_us":124707733,"port":7302,"reachable":true,"wake_lag_us":11091}
{"cookie":15706,"ev":"listen_event","family":2,"kind":"stop","ktime_us":124707735,"port":7302,"reachable":true,"wake_lag_us":11089}
{"cookie":15707,"ev":"listen_event","family":2,"kind":"start","ktime_us":124707749,"port":7302,"reachable":true,"wake_lag_us":11075}
{"cookie":15707,"ev":"listen_event","family":2,"kind":"stop","ktime_us":124707752,"port":7302,"reachable":true,"wake_lag_us":11072}
{"cookie":15708,"ev":"listen_event","family":2,"kind":"start","ktime_us":124707766,"port":7302,"reachable":true,"wake_lag_us":11058}
{"cookie":15708,"ev":"listen_event","family":2,"kind":"stop","ktime_us":124707769,"port":7302,"reachable":true,"wake_lag_us":11055}
{"cookie":15709,"ev":"listen_event","family":2,"kind":"start","ktime_us":124707782,"port":7302,"reachable":true,"wake_lag_us":11042}
{"cookie":15709,"ev":"listen_event","family":2,"kind":"stop","ktime_us":124707785,"port":7302,"reachable":true,"wake_lag_us":11039}
{"cookie":15710,"ev":"listen_event","family":2,"kind":"start","ktime_us":124707799,"port":7302,"reachable":true,"wake_lag_us":11025}
{"cookie":15710,"ev":"listen_event","family":2,"kind":"stop","ktime_us":124707802,"port":7302,"reachable":true,"wake_lag_us":11022}
{"cookie":15711,"ev":"listen_event","family":2,"kind":"start","ktime_us":124707815,"port":7302,"reachable":true,"wake_lag_us":11009}
{"cookie":15711,"ev":"listen_event","family":2,"kind":"stop","ktime_us":124707818,"port":7302,"reachable":true,"wake_lag_us":11006}
{"cookie":15712,"ev":"listen_event","family":2,"kind":"start","ktime_us":124707832,"port":7302,"reachable":true,"wake_lag_us":10992}
{"cookie":15712,"ev":"listen_event","family":2,"kind":"stop","ktime_us":124707835,"port":7302,"reachable":true,"wake_lag_us":10989}
{"cookie":15713,"ev":"listen_event","family":2,"kind":"start","ktime_us":124707849,"port":7302,"reachable":true,"wake_lag_us":10975}
{"cookie":15713,"ev":"listen_event","family":2,"kind":"stop","ktime_us":124707853,"port":7302,"reachable":true,"wake_lag_us":10971}
{"cookie":15714,"ev":"listen_event","family":2,"kind":"start","ktime_us":124707884,"port":7302,"reachable":true,"wake_lag_us":10940}
{"cookie":15714,"ev":"listen_event","family":2,"kind":"stop","ktime_us":124707887,"port":7302,"reachable":true,"wake_lag_us":10937}
{"cookie":15715,"ev":"listen_event","family":2,"kind":"start","ktime_us":124707901,"port":7302,"reachable":true,"wake_lag_us":10923}
{"cookie":15715,"ev":"listen_event","family":2,"kind":"stop","ktime_us":124707903,"port":7302,"reachable":true,"wake_lag_us":10921}
{"cookie":15716,"ev":"listen_event","family":2,"kind":"start","ktime_us":124707917,"port":7302,"reachable":true,"wake_lag_us":10907}
{"cookie":15716,"ev":"listen_event","family":2,"kind":"stop","ktime_us":124707920,"port":7302,"reachable":true,"wake_lag_us":10904}
{"cookie":15717,"ev":"listen_event","family":2,"kind":"start","ktime_us":124707934,"port":7302,"reachable":true,"wake_lag_us":10890}
{"cookie":15717,"ev":"listen_event","family":2,"kind":"stop","ktime_us":124707936,"port":7302,"reachable":true,"wake_lag_us":10888}
{"cookie":15718,"ev":"listen_event","family":2,"kind":"start","ktime_us":124707950,"port":7302,"reachable":true,"wake_lag_us":10874}
{"cookie":15718,"ev":"listen_event","family":2,"kind":"stop","ktime_us":124707953,"port":7302,"reachable":true,"wake_lag_us":10871}
{"cookie":15719,"ev":"listen_event","family":2,"kind":"start","ktime_us":124707967,"port":7302,"reachable":true,"wake_lag_us":10857}
{"cookie":15719,"ev":"listen_event","family":2,"kind":"stop","ktime_us":124707970,"port":7302,"reachable":true,"wake_lag_us":10854}
{"cookie":15720,"ev":"listen_event","family":2,"kind":"start","ktime_us":124707984,"port":7302,"reachable":true,"wake_lag_us":10840}
{"cookie":15720,"ev":"listen_event","family":2,"kind":"stop","ktime_us":124707986,"port":7302,"reachable":true,"wake_lag_us":10838}
{"cookie":15721,"ev":"listen_event","family":2,"kind":"start","ktime_us":124708015,"port":7302,"reachable":true,"wake_lag_us":10809}
{"cookie":15721,"ev":"listen_event","family":2,"kind":"stop","ktime_us":124708027,"port":7302,"reachable":true,"wake_lag_us":10797}
{"cookie":15722,"ev":"listen_event","family":2,"kind":"start","ktime_us":124708042,"port":7302,"reachable":true,"wake_lag_us":10782}
{"cookie":15722,"ev":"listen_event","family":2,"kind":"stop","ktime_us":124708044,"port":7302,"reachable":true,"wake_lag_us":10780}
{"cookie":15723,"ev":"listen_event","family":2,"kind":"start","ktime_us":124708058,"port":7302,"reachable":true,"wake_lag_us":10766}
{"cookie":15723,"ev":"listen_event","family":2,"kind":"stop","ktime_us":124708061,"port":7302,"reachable":true,"wake_lag_us":10763}
{"cookie":15724,"ev":"listen_event","family":2,"kind":"start","ktime_us":124708075,"port":7302,"reachable":true,"wake_lag_us":10749}
{"cookie":15724,"ev":"listen_event","family":2,"kind":"stop","ktime_us":124708078,"port":7302,"reachable":true,"wake_lag_us":10746}
{"cookie":15725,"ev":"listen_event","family":2,"kind":"start","ktime_us":124708092,"port":7302,"reachable":true,"wake_lag_us":10732}
{"cookie":15725,"ev":"listen_event","family":2,"kind":"stop","ktime_us":124708094,"port":7302,"reachable":true,"wake_lag_us":10730}
{"cookie":15726,"ev":"listen_event","family":2,"kind":"start","ktime_us":124708108,"port":7302,"reachable":true,"wake_lag_us":10716}
{"cookie":15726,"ev":"listen_event","family":2,"kind":"stop","ktime_us":124708111,"port":7302,"reachable":true,"wake_lag_us":10713}
{"cookie":15727,"ev":"listen_event","family":2,"kind":"start","ktime_us":124708125,"port":7302,"reachable":true,"wake_lag_us":10699}
{"cookie":15727,"ev":"listen_event","family":2,"kind":"stop","ktime_us":124708127,"port":7302,"reachable":true,"wake_lag_us":10697}
{"cookie":15728,"ev":"listen_event","family":2,"kind":"start","ktime_us":124708141,"port":7302,"reachable":true,"wake_lag_us":10683}
{"cookie":15728,"ev":"listen_event","family":2,"kind":"stop","ktime_us":124708144,"port":7302,"reachable":true,"wake_lag_us":10680}
{"cookie":15729,"ev":"listen_event","family":2,"kind":"start","ktime_us":124708158,"port":7302,"reachable":true,"wake_lag_us":10666}
{"cookie":15729,"ev":"listen_event","family":2,"kind":"stop","ktime_us":124708161,"port":7302,"reachable":true,"wake_lag_us":10663}
{"cookie":15730,"ev":"listen_event","family":2,"kind":"start","ktime_us":124708174,"port":7302,"reachable":true,"wake_lag_us":10650}
{"cookie":15730,"ev":"listen_event","family":2,"kind":"stop","ktime_us":124708177,"port":7302,"reachable":true,"wake_lag_us":10647}
{"cookie":15731,"ev":"listen_event","family":2,"kind":"start","ktime_us":124708191,"port":7302,"reachable":true,"wake_lag_us":10633}
{"cookie":15731,"ev":"listen_event","family":2,"kind":"stop","ktime_us":124708194,"port":7302,"reachable":true,"wake_lag_us":10630}
{"cookie":15732,"ev":"listen_event","family":2,"kind":"start","ktime_us":124708208,"port":7302,"reachable":true,"wake_lag_us":10616}
{"cookie":15732,"ev":"listen_event","family":2,"kind":"stop","ktime_us":124708210,"port":7302,"reachable":true,"wake_lag_us":10614}
{"cookie":15733,"ev":"listen_event","family":2,"kind":"start","ktime_us":124708224,"port":7302,"reachable":true,"wake_lag_us":10600}
{"cookie":15733,"ev":"listen_event","family":2,"kind":"stop","ktime_us":124708227,"port":7302,"reachable":true,"wake_lag_us":10597}
{"cookie":15734,"ev":"listen_event","family":2,"kind":"start","ktime_us":124708241,"port":7302,"reachable":true,"wake_lag_us":10583}
{"cookie":15734,"ev":"listen_event","family":2,"kind":"stop","ktime_us":124708244,"port":7302,"reachable":true,"wake_lag_us":10580}
{"cookie":15735,"ev":"listen_event","family":2,"kind":"start","ktime_us":124708257,"port":7302,"reachable":true,"wake_lag_us":10567}
{"cookie":15735,"ev":"listen_event","family":2,"kind":"stop","ktime_us":124708260,"port":7302,"reachable":true,"wake_lag_us":10564}
{"cookie":15736,"ev":"listen_event","family":2,"kind":"start","ktime_us":124708274,"port":7302,"reachable":true,"wake_lag_us":10550}
{"cookie":15736,"ev":"listen_event","family":2,"kind":"stop","ktime_us":124708277,"port":7302,"reachable":true,"wake_lag_us":10547}
{"cookie":15737,"ev":"listen_event","family":2,"kind":"start","ktime_us":124708291,"port":7302,"reachable":true,"wake_lag_us":10533}
{"cookie":15737,"ev":"listen_event","family":2,"kind":"stop","ktime_us":124708293,"port":7302,"reachable":true,"wake_lag_us":10531}
{"cookie":15738,"ev":"listen_event","family":2,"kind":"start","ktime_us":124708307,"port":7302,"reachable":true,"wake_lag_us":10517}
{"cookie":15738,"ev":"listen_event","family":2,"kind":"stop","ktime_us":124708310,"port":7302,"reachable":true,"wake_lag_us":10514}
{"cookie":15739,"ev":"listen_event","family":2,"kind":"start","ktime_us":124708324,"port":7302,"reachable":true,"wake_lag_us":10500}
{"cookie":15739,"ev":"listen_event","family":2,"kind":"stop","ktime_us":124708326,"port":7302,"reachable":true,"wake_lag_us":10498}
{"cookie":15740,"ev":"listen_event","family":2,"kind":"start","ktime_us":124708340,"port":7302,"reachable":true,"wake_lag_us":10484}
{"cookie":15740,"ev":"listen_event","family":2,"kind":"stop","ktime_us":124708343,"port":7302,"reachable":true,"wake_lag_us":10481}
{"cookie":15741,"ev":"listen_event","family":2,"kind":"start","ktime_us":124708357,"port":7302,"reachable":true,"wake_lag_us":10467}
{"cookie":15741,"ev":"listen_event","family":2,"kind":"stop","ktime_us":124708360,"port":7302,"reachable":true,"wake_lag_us":10464}
{"cookie":15742,"ev":"listen_event","family":2,"kind":"start","ktime_us":124708373,"port":7302,"reachable":true,"wake_lag_us":10451}
{"cookie":15742,"ev":"listen_event","family":2,"kind":"stop","ktime_us":124708376,"port":7302,"reachable":true,"wake_lag_us":10448}
{"cookie":15743,"ev":"listen_event","family":2,"kind":"start","ktime_us":124708402,"port":7302,"reachable":true,"wake_lag_us":10422}
{"cookie":15743,"ev":"listen_event","family":2,"kind":"stop","ktime_us":124708405,"port":7302,"reachable":true,"wake_lag_us":10419}
{"cookie":15744,"ev":"listen_event","family":2,"kind":"start","ktime_us":124708419,"port":7302,"reachable":true,"wake_lag_us":10405}
{"cookie":15744,"ev":"listen_event","family":2,"kind":"stop","ktime_us":124708422,"port":7302,"reachable":true,"wake_lag_us":10402}
{"cookie":15745,"ev":"listen_event","family":2,"kind":"start","ktime_us":124708436,"port":7302,"reachable":true,"wake_lag_us":10388}
{"cookie":15745,"ev":"listen_event","family":2,"kind":"stop","ktime_us":124708439,"port":7302,"reachable":true,"wake_lag_us":10385}
{"cookie":15746,"ev":"listen_event","family":2,"kind":"start","ktime_us":124708453,"port":7302,"reachable":true,"wake_lag_us":10371}
{"cookie":15746,"ev":"listen_event","family":2,"kind":"stop","ktime_us":124708455,"port":7302,"reachable":true,"wake_lag_us":10369}
{"cookie":15747,"ev":"listen_event","family":2,"kind":"start","ktime_us":124708469,"port":7302,"reachable":true,"wake_lag_us":10355}
{"cookie":15747,"ev":"listen_event","family":2,"kind":"stop","ktime_us":124708472,"port":7302,"reachable":true,"wake_lag_us":10352}
{"cookie":15748,"ev":"listen_event","family":2,"kind":"start","ktime_us":124708486,"port":7302,"reachable":true,"wake_lag_us":10338}
{"cookie":15748,"ev":"listen_event","family":2,"kind":"stop","ktime_us":124708488,"port":7302,"reachable":true,"wake_lag_us":10336}
{"cookie":15749,"ev":"listen_event","family":2,"kind":"start","ktime_us":124708502,"port":7302,"reachable":true,"wake_lag_us":10322}
{"cookie":15749,"ev":"listen_event","family":2,"kind":"stop","ktime_us":124708505,"port":7302,"reachable":true,"wake_lag_us":10319}
{"cookie":15750,"ev":"listen_event","family":2,"kind":"start","ktime_us":124708519,"port":7302,"reachable":true,"wake_lag_us":10305}
{"cookie":15750,"ev":"listen_event","family":2,"kind":"stop","ktime_us":124708521,"port":7302,"reachable":true,"wake_lag_us":10303}
{"cookie":15751,"ev":"listen_event","family":2,"kind":"start","ktime_us":124708535,"port":7302,"reachable":true,"wake_lag_us":10289}
{"cookie":15751,"ev":"listen_event","family":2,"kind":"stop","ktime_us":124708538,"port":7302,"reachable":true,"wake_lag_us":10286}
{"cookie":15752,"ev":"listen_event","family":2,"kind":"start","ktime_us":124708552,"port":7302,"reachable":true,"wake_lag_us":10272}
{"cookie":15752,"ev":"listen_event","family":2,"kind":"stop","ktime_us":124708555,"port":7302,"reachable":true,"wake_lag_us":10269}
{"cookie":15753,"ev":"listen_event","family":2,"kind":"start","ktime_us":124708568,"port":7302,"reachable":true,"wake_lag_us":10256}
{"cookie":15753,"ev":"listen_event","family":2,"kind":"stop","ktime_us":124708571,"port":7302,"reachable":true,"wake_lag_us":10253}
{"cookie":15754,"ev":"listen_event","family":2,"kind":"start","ktime_us":124708585,"port":7302,"reachable":true,"wake_lag_us":10239}
{"cookie":15754,"ev":"listen_event","family":2,"kind":"stop","ktime_us":124708588,"port":7302,"reachable":true,"wake_lag_us":10236}
{"cookie":15755,"ev":"listen_event","family":2,"kind":"start","ktime_us":124708603,"port":7302,"reachable":true,"wake_lag_us":10221}
{"cookie":15755,"ev":"listen_event","family":2,"kind":"stop","ktime_us":124708605,"port":7302,"reachable":true,"wake_lag_us":10219}
{"cookie":15756,"ev":"listen_event","family":2,"kind":"start","ktime_us":124708619,"port":7302,"reachable":true,"wake_lag_us":10205}
{"cookie":15756,"ev":"listen_event","family":2,"kind":"stop","ktime_us":124708622,"port":7302,"reachable":true,"wake_lag_us":10202}
{"cookie":15757,"ev":"listen_event","family":2,"kind":"start","ktime_us":124708636,"port":7302,"reachable":true,"wake_lag_us":10188}
{"cookie":15757,"ev":"listen_event","family":2,"kind":"stop","ktime_us":124708638,"port":7302,"reachable":true,"wake_lag_us":10186}
{"cookie":15758,"ev":"listen_event","family":2,"kind":"start","ktime_us":124708652,"port":7302,"reachable":true,"wake_lag_us":10172}
{"cookie":15758,"ev":"listen_event","family":2,"kind":"stop","ktime_us":124708655,"port":7302,"reachable":true,"wake_lag_us":10169}
{"cookie":15759,"ev":"listen_event","family":2,"kind":"start","ktime_us":124708669,"port":7302,"reachable":true,"wake_lag_us":10155}
{"cookie":15759,"ev":"listen_event","family":2,"kind":"stop","ktime_us":124708672,"port":7302,"reachable":true,"wake_lag_us":10152}
{"cookie":15760,"ev":"listen_event","family":2,"kind":"start","ktime_us":124708686,"port":7302,"reachable":true,"wake_lag_us":10138}
{"cookie":15760,"ev":"listen_event","family":2,"kind":"stop","ktime_us":124708688,"port":7302,"reachable":true,"wake_lag_us":10136}
{"cookie":15761,"ev":"listen_event","family":2,"kind":"start","ktime_us":124708702,"port":7302,"reachable":true,"wake_lag_us":10122}
{"cookie":15761,"ev":"listen_event","family":2,"kind":"stop","ktime_us":124708705,"port":7302,"reachable":true,"wake_lag_us":10119}
{"cookie":15762,"ev":"listen_event","family":2,"kind":"start","ktime_us":124708719,"port":7302,"reachable":true,"wake_lag_us":10105}
{"cookie":15762,"ev":"listen_event","family":2,"kind":"stop","ktime_us":124708722,"port":7302,"reachable":true,"wake_lag_us":10102}
{"cookie":15763,"ev":"listen_event","family":2,"kind":"start","ktime_us":124708735,"port":7302,"reachable":true,"wake_lag_us":10089}
{"cookie":15763,"ev":"listen_event","family":2,"kind":"stop","ktime_us":124708738,"port":7302,"reachable":true,"wake_lag_us":10086}
{"cookie":15764,"ev":"listen_event","family":2,"kind":"start","ktime_us":124708752,"port":7302,"reachable":true,"wake_lag_us":10072}
{"cookie":15764,"ev":"listen_event","family":2,"kind":"stop","ktime_us":124708755,"port":7302,"reachable":true,"wake_lag_us":10069}
{"cookie":15765,"ev":"listen_event","family":2,"kind":"start","ktime_us":124708769,"port":7302,"reachable":true,"wake_lag_us":10055}
{"cookie":15765,"ev":"listen_event","family":2,"kind":"stop","ktime_us":124708771,"port":7302,"reachable":true,"wake_lag_us":10053}
{"cookie":15766,"ev":"listen_event","family":2,"kind":"start","ktime_us":124708785,"port":7302,"reachable":true,"wake_lag_us":10039}
{"cookie":15766,"ev":"listen_event","family":2,"kind":"stop","ktime_us":124708788,"port":7302,"reachable":true,"wake_lag_us":10036}
{"cookie":15767,"ev":"listen_event","family":2,"kind":"start","ktime_us":124708803,"port":7302,"reachable":true,"wake_lag_us":10021}
{"cookie":15767,"ev":"listen_event","family":2,"kind":"stop","ktime_us":124708806,"port":7302,"reachable":true,"wake_lag_us":10018}
{"cookie":15768,"ev":"listen_event","family":2,"kind":"start","ktime_us":124708820,"port":7302,"reachable":true,"wake_lag_us":10004}
{"cookie":15768,"ev":"listen_event","family":2,"kind":"stop","ktime_us":124708822,"port":7302,"reachable":true,"wake_lag_us":10002}
{"cookie":15769,"ev":"listen_event","family":2,"kind":"start","ktime_us":124708836,"port":7302,"reachable":true,"wake_lag_us":9988}
{"cookie":15769,"ev":"listen_event","family":2,"kind":"stop","ktime_us":124708839,"port":7302,"reachable":true,"wake_lag_us":9985}
{"cookie":15770,"ev":"listen_event","family":2,"kind":"start","ktime_us":124708853,"port":7302,"reachable":true,"wake_lag_us":9971}
{"cookie":15770,"ev":"listen_event","family":2,"kind":"stop","ktime_us":124708855,"port":7302,"reachable":true,"wake_lag_us":9969}
{"cookie":15771,"ev":"listen_event","family":2,"kind":"start","ktime_us":124708869,"port":7302,"reachable":true,"wake_lag_us":9955}
{"cookie":15771,"ev":"listen_event","family":2,"kind":"stop","ktime_us":124708872,"port":7302,"reachable":true,"wake_lag_us":9952}
{"cookie":15772,"ev":"listen_event","family":2,"kind":"start","ktime_us":124708886,"port":7302,"reachable":true,"wake_lag_us":9938}
{"cookie":15772,"ev":"listen_event","family":2,"kind":"stop","ktime_us":124708889,"port":7302,"reachable":true,"wake_lag_us":9935}
{"cookie":15773,"ev":"listen_event","family":2,"kind":"start","ktime_us":124708902,"port":7302,"reachable":true,"wake_lag_us":9922}
{"cookie":15773,"ev":"listen_event","family":2,"kind":"stop","ktime_us":124708905,"port":7302,"reachable":true,"wake_lag_us":9919}
{"cookie":15774,"ev":"listen_event","family":2,"kind":"start","ktime_us":124708936,"port":7302,"reachable":true,"wake_lag_us":9888}
{"cookie":15774,"ev":"listen_event","family":2,"kind":"stop","ktime_us":124708940,"port":7302,"reachable":true,"wake_lag_us":9884}
{"cookie":15775,"ev":"listen_event","family":2,"kind":"start","ktime_us":124708954,"port":7302,"reachable":true,"wake_lag_us":9870}
{"cookie":15775,"ev":"listen_event","family":2,"kind":"stop","ktime_us":124708957,"port":7302,"reachable":true,"wake_lag_us":9867}
{"cookie":15776,"ev":"listen_event","family":2,"kind":"start","ktime_us":124708971,"port":7302,"reachable":true,"wake_lag_us":9853}
{"cookie":15776,"ev":"listen_event","family":2,"kind":"stop","ktime_us":124708973,"port":7302,"reachable":true,"wake_lag_us":9851}
{"cookie":15777,"ev":"listen_event","family":2,"kind":"start","ktime_us":124708987,"port":7302,"reachable":true,"wake_lag_us":9837}
{"cookie":15777,"ev":"listen_event","family":2,"kind":"stop","ktime_us":124708990,"port":7302,"reachable":true,"wake_lag_us":9834}
{"cookie":15778,"ev":"listen_event","family":2,"kind":"start","ktime_us":124709107,"port":7302,"reachable":true,"wake_lag_us":9717}
{"cookie":15778,"ev":"listen_event","family":2,"kind":"stop","ktime_us":124709110,"port":7302,"reachable":true,"wake_lag_us":9714}
{"cookie":15779,"ev":"listen_event","family":2,"kind":"start","ktime_us":124709124,"port":7302,"reachable":true,"wake_lag_us":9700}
{"cookie":15779,"ev":"listen_event","family":2,"kind":"stop","ktime_us":124709127,"port":7302,"reachable":true,"wake_lag_us":9697}
{"cookie":15780,"ev":"listen_event","family":2,"kind":"start","ktime_us":124709141,"port":7302,"reachable":true,"wake_lag_us":9683}
{"cookie":15780,"ev":"listen_event","family":2,"kind":"stop","ktime_us":124709143,"port":7302,"reachable":true,"wake_lag_us":9681}
{"cookie":15781,"ev":"listen_event","family":2,"kind":"start","ktime_us":124709157,"port":7302,"reachable":true,"wake_lag_us":9667}
{"cookie":15781,"ev":"listen_event","family":2,"kind":"stop","ktime_us":124709160,"port":7302,"reachable":true,"wake_lag_us":9664}
{"cookie":15782,"ev":"listen_event","family":2,"kind":"start","ktime_us":124709174,"port":7302,"reachable":true,"wake_lag_us":9650}
{"cookie":15782,"ev":"listen_event","family":2,"kind":"stop","ktime_us":124709176,"port":7302,"reachable":true,"wake_lag_us":9648}
{"cookie":15783,"ev":"listen_event","family":2,"kind":"start","ktime_us":124709190,"port":7302,"reachable":true,"wake_lag_us":9634}
{"cookie":15783,"ev":"listen_event","family":2,"kind":"stop","ktime_us":124709193,"port":7302,"reachable":true,"wake_lag_us":9631}
{"cookie":15784,"ev":"listen_event","family":2,"kind":"start","ktime_us":124709206,"port":7302,"reachable":true,"wake_lag_us":9618}
{"cookie":15784,"ev":"listen_event","family":2,"kind":"stop","ktime_us":124709209,"port":7302,"reachable":true,"wake_lag_us":9615}
{"cookie":15785,"ev":"listen_event","family":2,"kind":"start","ktime_us":124709223,"port":7302,"reachable":true,"wake_lag_us":9601}
{"cookie":15785,"ev":"listen_event","family":2,"kind":"stop","ktime_us":124709226,"port":7302,"reachable":true,"wake_lag_us":9598}
{"cookie":15786,"ev":"listen_event","family":2,"kind":"start","ktime_us":124709240,"port":7302,"reachable":true,"wake_lag_us":9584}
{"cookie":15786,"ev":"listen_event","family":2,"kind":"stop","ktime_us":124709242,"port":7302,"reachable":true,"wake_lag_us":9582}
{"cookie":15787,"ev":"listen_event","family":2,"kind":"start","ktime_us":124709256,"port":7302,"reachable":true,"wake_lag_us":9568}
{"cookie":15787,"ev":"listen_event","family":2,"kind":"stop","ktime_us":124709259,"port":7302,"reachable":true,"wake_lag_us":9565}
{"cookie":15788,"ev":"listen_event","family":2,"kind":"start","ktime_us":124709273,"port":7302,"reachable":true,"wake_lag_us":9551}
{"cookie":15788,"ev":"listen_event","family":2,"kind":"stop","ktime_us":124709275,"port":7302,"reachable":true,"wake_lag_us":9549}
{"cookie":15789,"ev":"listen_event","family":2,"kind":"start","ktime_us":124709289,"port":7302,"reachable":true,"wake_lag_us":9535}
{"cookie":15789,"ev":"listen_event","family":2,"kind":"stop","ktime_us":124709292,"port":7302,"reachable":true,"wake_lag_us":9532}
{"cookie":15790,"ev":"listen_event","family":2,"kind":"start","ktime_us":124709306,"port":7302,"reachable":true,"wake_lag_us":9518}
{"cookie":15790,"ev":"listen_event","family":2,"kind":"stop","ktime_us":124709309,"port":7302,"reachable":true,"wake_lag_us":9515}
{"cookie":15791,"ev":"listen_event","family":2,"kind":"start","ktime_us":124709322,"port":7302,"reachable":true,"wake_lag_us":9502}
{"cookie":15791,"ev":"listen_event","family":2,"kind":"stop","ktime_us":124709325,"port":7302,"reachable":true,"wake_lag_us":9499}
{"cookie":15792,"ev":"listen_event","family":2,"kind":"start","ktime_us":124709339,"port":7302,"reachable":true,"wake_lag_us":9485}
{"cookie":15792,"ev":"listen_event","family":2,"kind":"stop","ktime_us":124709342,"port":7302,"reachable":true,"wake_lag_us":9482}
{"cookie":15793,"ev":"listen_event","family":2,"kind":"start","ktime_us":124709355,"port":7302,"reachable":true,"wake_lag_us":9469}
{"cookie":15793,"ev":"listen_event","family":2,"kind":"stop","ktime_us":124709358,"port":7302,"reachable":true,"wake_lag_us":9466}
{"cookie":15794,"ev":"listen_event","family":2,"kind":"start","ktime_us":124709372,"port":7302,"reachable":true,"wake_lag_us":9452}
{"cookie":15794,"ev":"listen_event","family":2,"kind":"stop","ktime_us":124709374,"port":7302,"reachable":true,"wake_lag_us":9450}
{"cookie":15795,"ev":"listen_event","family":2,"kind":"start","ktime_us":124709399,"port":7302,"reachable":true,"wake_lag_us":9425}
{"cookie":15795,"ev":"listen_event","family":2,"kind":"stop","ktime_us":124709402,"port":7302,"reachable":true,"wake_lag_us":9422}
{"cookie":15796,"ev":"listen_event","family":2,"kind":"start","ktime_us":124709416,"port":7302,"reachable":true,"wake_lag_us":9408}
{"cookie":15796,"ev":"listen_event","family":2,"kind":"stop","ktime_us":124709419,"port":7302,"reachable":true,"wake_lag_us":9405}
{"cookie":15797,"ev":"listen_event","family":2,"kind":"start","ktime_us":124709433,"port":7302,"reachable":true,"wake_lag_us":9391}
{"cookie":15797,"ev":"listen_event","family":2,"kind":"stop","ktime_us":124709435,"port":7302,"reachable":true,"wake_lag_us":9389}
{"cookie":15798,"ev":"listen_event","family":2,"kind":"start","ktime_us":124709449,"port":7302,"reachable":true,"wake_lag_us":9375}
{"cookie":15798,"ev":"listen_event","family":2,"kind":"stop","ktime_us":124709452,"port":7302,"reachable":true,"wake_lag_us":9372}
{"cookie":15799,"ev":"listen_event","family":2,"kind":"start","ktime_us":124709466,"port":7302,"reachable":true,"wake_lag_us":9358}
{"cookie":15799,"ev":"listen_event","family":2,"kind":"stop","ktime_us":124709469,"port":7302,"reachable":true,"wake_lag_us":9355}
{"cookie":15800,"ev":"listen_event","family":2,"kind":"start","ktime_us":124709482,"port":7302,"reachable":true,"wake_lag_us":9342}
{"cookie":15800,"ev":"listen_event","family":2,"kind":"stop","ktime_us":124709485,"port":7302,"reachable":true,"wake_lag_us":9339}
{"cookie":15801,"ev":"listen_event","family":2,"kind":"start","ktime_us":124709499,"port":7302,"reachable":true,"wake_lag_us":9325}
{"cookie":15801,"ev":"listen_event","family":2,"kind":"stop","ktime_us":124709502,"port":7302,"reachable":true,"wake_lag_us":9322}
{"cookie":15802,"ev":"listen_event","family":2,"kind":"start","ktime_us":124709516,"port":7302,"reachable":true,"wake_lag_us":9308}
{"cookie":15802,"ev":"listen_event","family":2,"kind":"stop","ktime_us":124709518,"port":7302,"reachable":true,"wake_lag_us":9306}
{"cookie":15803,"ev":"listen_event","family":2,"kind":"start","ktime_us":124709532,"port":7302,"reachable":true,"wake_lag_us":9292}
{"cookie":15803,"ev":"listen_event","family":2,"kind":"stop","ktime_us":124709535,"port":7302,"reachable":true,"wake_lag_us":9289}
{"cookie":15804,"ev":"listen_event","family":2,"kind":"start","ktime_us":124709549,"port":7302,"reachable":true,"wake_lag_us":9275}
{"cookie":15804,"ev":"listen_event","family":2,"kind":"stop","ktime_us":124709552,"port":7302,"reachable":true,"wake_lag_us":9272}
{"cookie":15805,"ev":"listen_event","family":2,"kind":"start","ktime_us":124709565,"port":7302,"reachable":true,"wake_lag_us":9259}
{"cookie":15805,"ev":"listen_event","family":2,"kind":"stop","ktime_us":124709568,"port":7302,"reachable":true,"wake_lag_us":9256}
{"cookie":15806,"ev":"listen_event","family":2,"kind":"start","ktime_us":124709582,"port":7302,"reachable":true,"wake_lag_us":9242}
{"cookie":15806,"ev":"listen_event","family":2,"kind":"stop","ktime_us":124709585,"port":7302,"reachable":true,"wake_lag_us":9239}
{"cookie":15807,"ev":"listen_event","family":2,"kind":"start","ktime_us":124709599,"port":7302,"reachable":true,"wake_lag_us":9225}
{"cookie":15807,"ev":"listen_event","family":2,"kind":"stop","ktime_us":124709601,"port":7302,"reachable":true,"wake_lag_us":9223}
{"cookie":15808,"ev":"listen_event","family":2,"kind":"start","ktime_us":124709615,"port":7302,"reachable":true,"wake_lag_us":9209}
{"cookie":15808,"ev":"listen_event","family":2,"kind":"stop","ktime_us":124709618,"port":7302,"reachable":true,"wake_lag_us":9206}
{"cookie":15809,"ev":"listen_event","family":2,"kind":"start","ktime_us":124709632,"port":7302,"reachable":true,"wake_lag_us":9192}
{"cookie":15809,"ev":"listen_event","family":2,"kind":"stop","ktime_us":124709635,"port":7302,"reachable":true,"wake_lag_us":9189}
{"cookie":15810,"ev":"listen_event","family":2,"kind":"start","ktime_us":124709649,"port":7302,"reachable":true,"wake_lag_us":9175}
{"cookie":15810,"ev":"listen_event","family":2,"kind":"stop","ktime_us":124709651,"port":7302,"reachable":true,"wake_lag_us":9173}
{"cookie":15811,"ev":"listen_event","family":2,"kind":"start","ktime_us":124709665,"port":7302,"reachable":true,"wake_lag_us":9159}
{"cookie":15811,"ev":"listen_event","family":2,"kind":"stop","ktime_us":124709668,"port":7302,"reachable":true,"wake_lag_us":9156}
{"cookie":15812,"ev":"listen_event","family":2,"kind":"start","ktime_us":124709682,"port":7302,"reachable":true,"wake_lag_us":9142}
{"cookie":15812,"ev":"listen_event","family":2,"kind":"stop","ktime_us":124709685,"port":7302,"reachable":true,"wake_lag_us":9139}
{"cookie":15813,"ev":"listen_event","family":2,"kind":"start","ktime_us":124709698,"port":7302,"reachable":true,"wake_lag_us":9126}
{"cookie":15813,"ev":"listen_event","family":2,"kind":"stop","ktime_us":124709701,"port":7302,"reachable":true,"wake_lag_us":9123}
{"cookie":15814,"ev":"listen_event","family":2,"kind":"start","ktime_us":124709715,"port":7302,"reachable":true,"wake_lag_us":9109}
{"cookie":15814,"ev":"listen_event","family":2,"kind":"stop","ktime_us":124709718,"port":7302,"reachable":true,"wake_lag_us":9106}
{"cookie":15815,"ev":"listen_event","family":2,"kind":"start","ktime_us":124709732,"port":7302,"reachable":true,"wake_lag_us":9092}
{"cookie":15815,"ev":"listen_event","family":2,"kind":"stop","ktime_us":124709735,"port":7302,"reachable":true,"wake_lag_us":9089}
{"cookie":15816,"ev":"listen_event","family":2,"kind":"start","ktime_us":124709749,"port":7302,"reachable":true,"wake_lag_us":9075}
{"cookie":15816,"ev":"listen_event","family":2,"kind":"stop","ktime_us":124709751,"port":7302,"reachable":true,"wake_lag_us":9073}
{"cookie":15817,"ev":"listen_event","family":2,"kind":"start","ktime_us":124709765,"port":7302,"reachable":true,"wake_lag_us":9059}
{"cookie":15817,"ev":"listen_event","family":2,"kind":"stop","ktime_us":124709768,"port":7302,"reachable":true,"wake_lag_us":9056}
{"cookie":15818,"ev":"listen_event","family":2,"kind":"start","ktime_us":124709782,"port":7302,"reachable":true,"wake_lag_us":9042}
{"cookie":15818,"ev":"listen_event","family":2,"kind":"stop","ktime_us":124709785,"port":7302,"reachable":true,"wake_lag_us":9039}
{"cookie":15819,"ev":"listen_event","family":2,"kind":"start","ktime_us":124709799,"port":7302,"reachable":true,"wake_lag_us":9025}
{"cookie":15819,"ev":"listen_event","family":2,"kind":"stop","ktime_us":124709801,"port":7302,"reachable":true,"wake_lag_us":9023}
{"cookie":15820,"ev":"listen_event","family":2,"kind":"start","ktime_us":124709815,"port":7302,"reachable":true,"wake_lag_us":9009}
{"cookie":15820,"ev":"listen_event","family":2,"kind":"stop","ktime_us":124709818,"port":7302,"reachable":true,"wake_lag_us":9006}
{"cookie":15821,"ev":"listen_event","family":2,"kind":"start","ktime_us":124709832,"port":7302,"reachable":true,"wake_lag_us":8992}
{"cookie":15821,"ev":"listen_event","family":2,"kind":"stop","ktime_us":124709835,"port":7302,"reachable":true,"wake_lag_us":8989}
{"cookie":15822,"ev":"listen_event","family":2,"kind":"start","ktime_us":124709849,"port":7302,"reachable":true,"wake_lag_us":8975}
{"cookie":15822,"ev":"listen_event","family":2,"kind":"stop","ktime_us":124709851,"port":7302,"reachable":true,"wake_lag_us":8973}
{"cookie":15823,"ev":"listen_event","family":2,"kind":"start","ktime_us":124709865,"port":7302,"reachable":true,"wake_lag_us":8959}
{"cookie":15823,"ev":"listen_event","family":2,"kind":"stop","ktime_us":124709868,"port":7302,"reachable":true,"wake_lag_us":8956}
{"cookie":15824,"ev":"listen_event","family":2,"kind":"start","ktime_us":124709882,"port":7302,"reachable":true,"wake_lag_us":8942}
{"cookie":15824,"ev":"listen_event","family":2,"kind":"stop","ktime_us":124709885,"port":7302,"reachable":true,"wake_lag_us":8939}
{"cookie":15825,"ev":"listen_event","family":2,"kind":"start","ktime_us":124709900,"port":7302,"reachable":true,"wake_lag_us":8924}
{"cookie":15825,"ev":"listen_event","family":2,"kind":"stop","ktime_us":124709902,"port":7302,"reachable":true,"wake_lag_us":8922}
{"cookie":15826,"ev":"listen_event","family":2,"kind":"start","ktime_us":124709917,"port":7302,"reachable":true,"wake_lag_us":8907}
{"cookie":15826,"ev":"listen_event","family":2,"kind":"stop","ktime_us":124709920,"port":7302,"reachable":true,"wake_lag_us":8904}
{"cookie":15827,"ev":"listen_event","family":2,"kind":"start","ktime_us":124709935,"port":7302,"reachable":true,"wake_lag_us":8889}
{"cookie":15827,"ev":"listen_event","family":2,"kind":"stop","ktime_us":124709937,"port":7302,"reachable":true,"wake_lag_us":8887}
{"cookie":15828,"ev":"listen_event","family":2,"kind":"start","ktime_us":124709951,"port":7302,"reachable":true,"wake_lag_us":8873}
{"cookie":15828,"ev":"listen_event","family":2,"kind":"stop","ktime_us":124709954,"port":7302,"reachable":true,"wake_lag_us":8870}
{"cookie":15829,"ev":"listen_event","family":2,"kind":"start","ktime_us":124709968,"port":7302,"reachable":true,"wake_lag_us":8856}
{"cookie":15829,"ev":"listen_event","family":2,"kind":"stop","ktime_us":124709970,"port":7302,"reachable":true,"wake_lag_us":8854}
{"cookie":15830,"ev":"listen_event","family":2,"kind":"start","ktime_us":124710013,"port":7302,"reachable":true,"wake_lag_us":8811}
{"cookie":15830,"ev":"listen_event","family":2,"kind":"stop","ktime_us":124710025,"port":7302,"reachable":true,"wake_lag_us":8799}
{"cookie":15831,"ev":"listen_event","family":2,"kind":"start","ktime_us":124710040,"port":7302,"reachable":true,"wake_lag_us":8784}
{"cookie":15831,"ev":"listen_event","family":2,"kind":"stop","ktime_us":124710043,"port":7302,"reachable":true,"wake_lag_us":8781}
{"cookie":15832,"ev":"listen_event","family":2,"kind":"start","ktime_us":124710057,"port":7302,"reachable":true,"wake_lag_us":8767}
{"cookie":15832,"ev":"listen_event","family":2,"kind":"stop","ktime_us":124710060,"port":7302,"reachable":true,"wake_lag_us":8764}
{"cookie":15833,"ev":"listen_event","family":2,"kind":"start","ktime_us":124710074,"port":7302,"reachable":true,"wake_lag_us":8750}
{"cookie":15833,"ev":"listen_event","family":2,"kind":"stop","ktime_us":124710076,"port":7302,"reachable":true,"wake_lag_us":8748}
{"cookie":15834,"ev":"listen_event","family":2,"kind":"start","ktime_us":124710090,"port":7302,"reachable":true,"wake_lag_us":8734}
{"cookie":15834,"ev":"listen_event","family":2,"kind":"stop","ktime_us":124710093,"port":7302,"reachable":true,"wake_lag_us":8731}
{"cookie":15835,"ev":"listen_event","family":2,"kind":"start","ktime_us":124710108,"port":7302,"reachable":true,"wake_lag_us":8716}
{"cookie":15835,"ev":"listen_event","family":2,"kind":"stop","ktime_us":124710112,"port":7302,"reachable":true,"wake_lag_us":8712}
{"cookie":15836,"ev":"listen_event","family":2,"kind":"start","ktime_us":124710127,"port":7302,"reachable":true,"wake_lag_us":8697}
{"cookie":15836,"ev":"listen_event","family":2,"kind":"stop","ktime_us":124710129,"port":7302,"reachable":true,"wake_lag_us":8695}
{"cookie":15837,"ev":"listen_event","family":2,"kind":"start","ktime_us":124710144,"port":7302,"reachable":true,"wake_lag_us":8680}
{"cookie":15837,"ev":"listen_event","family":2,"kind":"stop","ktime_us":124710147,"port":7302,"reachable":true,"wake_lag_us":8677}
{"cookie":15838,"ev":"listen_event","family":2,"kind":"start","ktime_us":124710161,"port":7302,"reachable":true,"wake_lag_us":8663}
{"cookie":15838,"ev":"listen_event","family":2,"kind":"stop","ktime_us":124710164,"port":7302,"reachable":true,"wake_lag_us":8660}
{"cookie":15839,"ev":"listen_event","family":2,"kind":"start","ktime_us":124710177,"port":7302,"reachable":true,"wake_lag_us":8647}
{"cookie":15839,"ev":"listen_event","family":2,"kind":"stop","ktime_us":124710180,"port":7302,"reachable":true,"wake_lag_us":8644}
{"cookie":15840,"ev":"listen_event","family":2,"kind":"start","ktime_us":124710194,"port":7302,"reachable":true,"wake_lag_us":8630}
{"cookie":15840,"ev":"listen_event","family":2,"kind":"stop","ktime_us":124710197,"port":7302,"reachable":true,"wake_lag_us":8627}
{"cookie":15841,"ev":"listen_event","family":2,"kind":"start","ktime_us":124710210,"port":7302,"reachable":true,"wake_lag_us":8614}
{"cookie":15841,"ev":"listen_event","family":2,"kind":"stop","ktime_us":124710213,"port":7302,"reachable":true,"wake_lag_us":8611}
{"cookie":15842,"ev":"listen_event","family":2,"kind":"start","ktime_us":124710227,"port":7302,"reachable":true,"wake_lag_us":8597}
{"cookie":15842,"ev":"listen_event","family":2,"kind":"stop","ktime_us":124710230,"port":7302,"reachable":true,"wake_lag_us":8594}
{"cookie":15843,"ev":"listen_event","family":2,"kind":"start","ktime_us":124710244,"port":7302,"reachable":true,"wake_lag_us":8580}
{"cookie":15843,"ev":"listen_event","family":2,"kind":"stop","ktime_us":124710246,"port":7302,"reachable":true,"wake_lag_us":8578}
{"cookie":15844,"ev":"listen_event","family":2,"kind":"start","ktime_us":124710260,"port":7302,"reachable":true,"wake_lag_us":8564}
{"cookie":15844,"ev":"listen_event","family":2,"kind":"stop","ktime_us":124710263,"port":7302,"reachable":true,"wake_lag_us":8561}
{"cookie":15845,"ev":"listen_event","family":2,"kind":"start","ktime_us":124710277,"port":7302,"reachable":true,"wake_lag_us":8547}
{"cookie":15845,"ev":"listen_event","family":2,"kind":"stop","ktime_us":124710280,"port":7302,"reachable":true,"wake_lag_us":8544}
{"cookie":15846,"ev":"listen_event","family":2,"kind":"start","ktime_us":124710294,"port":7302,"reachable":true,"wake_lag_us":8530}
{"cookie":15846,"ev":"listen_event","family":2,"kind":"stop","ktime_us":124710296,"port":7302,"reachable":true,"wake_lag_us":8528}
{"cookie":15847,"ev":"listen_event","family":2,"kind":"start","ktime_us":124710310,"port":7302,"reachable":true,"wake_lag_us":8514}
{"cookie":15847,"ev":"listen_event","family":2,"kind":"stop","ktime_us":124710313,"port":7302,"reachable":true,"wake_lag_us":8511}
{"cookie":15848,"ev":"listen_event","family":2,"kind":"start","ktime_us":124710327,"port":7302,"reachable":true,"wake_lag_us":8497}
{"cookie":15848,"ev":"listen_event","family":2,"kind":"stop","ktime_us":124710329,"port":7302,"reachable":true,"wake_lag_us":8495}
{"cookie":15849,"ev":"listen_event","family":2,"kind":"start","ktime_us":124710343,"port":7302,"reachable":true,"wake_lag_us":8481}
{"cookie":15849,"ev":"listen_event","family":2,"kind":"stop","ktime_us":124710346,"port":7302,"reachable":true,"wake_lag_us":8478}
{"cookie":15850,"ev":"listen_event","family":2,"kind":"start","ktime_us":124710360,"port":7302,"reachable":true,"wake_lag_us":8464}
{"cookie":15850,"ev":"listen_event","family":2,"kind":"stop","ktime_us":124710362,"port":7302,"reachable":true,"wake_lag_us":8462}
{"cookie":15851,"ev":"listen_event","family":2,"kind":"start","ktime_us":124710376,"port":7302,"reachable":true,"wake_lag_us":8448}
{"cookie":15851,"ev":"listen_event","family":2,"kind":"stop","ktime_us":124710379,"port":7302,"reachable":true,"wake_lag_us":8445}
{"cookie":15852,"ev":"listen_event","family":2,"kind":"start","ktime_us":124710402,"port":7302,"reachable":true,"wake_lag_us":8422}
{"cookie":15852,"ev":"listen_event","family":2,"kind":"stop","ktime_us":124710405,"port":7302,"reachable":true,"wake_lag_us":8419}
{"cookie":15853,"ev":"listen_event","family":2,"kind":"start","ktime_us":124710419,"port":7302,"reachable":true,"wake_lag_us":8405}
{"cookie":15853,"ev":"listen_event","family":2,"kind":"stop","ktime_us":124710422,"port":7302,"reachable":true,"wake_lag_us":8402}
{"cookie":15854,"ev":"listen_event","family":2,"kind":"start","ktime_us":124710436,"port":7302,"reachable":true,"wake_lag_us":8388}
{"cookie":15854,"ev":"listen_event","family":2,"kind":"stop","ktime_us":124710439,"port":7302,"reachable":true,"wake_lag_us":8385}
{"cookie":15855,"ev":"listen_event","family":2,"kind":"start","ktime_us":124710453,"port":7302,"reachable":true,"wake_lag_us":8371}
{"cookie":15855,"ev":"listen_event","family":2,"kind":"stop","ktime_us":124710455,"port":7302,"reachable":true,"wake_lag_us":8369}
{"cookie":15856,"ev":"listen_event","family":2,"kind":"start","ktime_us":124710469,"port":7302,"reachable":true,"wake_lag_us":8355}
{"cookie":15856,"ev":"listen_event","family":2,"kind":"stop","ktime_us":124710472,"port":7302,"reachable":true,"wake_lag_us":8352}
{"cookie":15857,"ev":"listen_event","family":2,"kind":"start","ktime_us":124710486,"port":7302,"reachable":true,"wake_lag_us":8338}
{"cookie":15857,"ev":"listen_event","family":2,"kind":"stop","ktime_us":124710488,"port":7302,"reachable":true,"wake_lag_us":8336}
{"cookie":15858,"ev":"listen_event","family":2,"kind":"start","ktime_us":124710502,"port":7302,"reachable":true,"wake_lag_us":8322}
{"cookie":15858,"ev":"listen_event","family":2,"kind":"stop","ktime_us":124710505,"port":7302,"reachable":true,"wake_lag_us":8319}
{"cookie":15859,"ev":"listen_event","family":2,"kind":"start","ktime_us":124710519,"port":7302,"reachable":true,"wake_lag_us":8305}
{"cookie":15859,"ev":"listen_event","family":2,"kind":"stop","ktime_us":124710521,"port":7302,"reachable":true,"wake_lag_us":8303}
{"cookie":15860,"ev":"listen_event","family":2,"kind":"start","ktime_us":124710535,"port":7302,"reachable":true,"wake_lag_us":8289}
{"cookie":15860,"ev":"listen_event","family":2,"kind":"stop","ktime_us":124710538,"port":7302,"reachable":true,"wake_lag_us":8286}
{"cookie":15861,"ev":"listen_event","family":2,"kind":"start","ktime_us":124710552,"port":7302,"reachable":true,"wake_lag_us":8272}
{"cookie":15861,"ev":"listen_event","family":2,"kind":"stop","ktime_us":124710554,"port":7302,"reachable":true,"wake_lag_us":8270}
{"cookie":15862,"ev":"listen_event","family":2,"kind":"start","ktime_us":124710568,"port":7302,"reachable":true,"wake_lag_us":8256}
{"cookie":15862,"ev":"listen_event","family":2,"kind":"stop","ktime_us":124710571,"port":7302,"reachable":true,"wake_lag_us":8253}
{"cookie":15863,"ev":"listen_event","family":2,"kind":"start","ktime_us":124710585,"port":7302,"reachable":true,"wake_lag_us":8239}
{"cookie":15863,"ev":"listen_event","family":2,"kind":"stop","ktime_us":124710588,"port":7302,"reachable":true,"wake_lag_us":8236}
{"cookie":15864,"ev":"listen_event","family":2,"kind":"start","ktime_us":124710601,"port":7302,"reachable":true,"wake_lag_us":8223}
{"cookie":15864,"ev":"listen_event","family":2,"kind":"stop","ktime_us":124710604,"port":7302,"reachable":true,"wake_lag_us":8220}
{"cookie":15865,"ev":"listen_event","family":2,"kind":"start","ktime_us":124710618,"port":7302,"reachable":true,"wake_lag_us":8206}
{"cookie":15865,"ev":"listen_event","family":2,"kind":"stop","ktime_us":124710621,"port":7302,"reachable":true,"wake_lag_us":8203}
{"cookie":15866,"ev":"listen_event","family":2,"kind":"start","ktime_us":124710634,"port":7302,"reachable":true,"wake_lag_us":8190}
{"cookie":15866,"ev":"listen_event","family":2,"kind":"stop","ktime_us":124710637,"port":7302,"reachable":true,"wake_lag_us":8187}
{"cookie":15867,"ev":"listen_event","family":2,"kind":"start","ktime_us":124710651,"port":7302,"reachable":true,"wake_lag_us":8173}
{"cookie":15867,"ev":"listen_event","family":2,"kind":"stop","ktime_us":124710654,"port":7302,"reachable":true,"wake_lag_us":8170}
{"cookie":15868,"ev":"listen_event","family":2,"kind":"start","ktime_us":124710668,"port":7302,"reachable":true,"wake_lag_us":8156}
{"cookie":15868,"ev":"listen_event","family":2,"kind":"stop","ktime_us":124710670,"port":7302,"reachable":true,"wake_lag_us":8154}
{"cookie":15869,"ev":"listen_event","family":2,"kind":"start","ktime_us":124710684,"port":7302,"reachable":true,"wake_lag_us":8140}
{"cookie":15869,"ev":"listen_event","family":2,"kind":"stop","ktime_us":124710687,"port":7302,"reachable":true,"wake_lag_us":8137}
{"cookie":15870,"ev":"listen_event","family":2,"kind":"start","ktime_us":124710701,"port":7302,"reachable":true,"wake_lag_us":8123}
{"cookie":15870,"ev":"listen_event","family":2,"kind":"stop","ktime_us":124710704,"port":7302,"reachable":true,"wake_lag_us":8120}
{"cookie":20562,"ev":"listen_event","family":2,"kind":"start","ktime_us":124718746,"port":7302,"reachable":true,"wake_lag_us":78}
{"cookie":20562,"ev":"listen_event","family":2,"kind":"stop","ktime_us":124718748,"port":7302,"reachable":true,"wake_lag_us":76}
{"cookie":20563,"ev":"listen_event","family":2,"kind":"start","ktime_us":124718756,"port":7302,"reachable":true,"wake_lag_us":68}
{"cookie":20563,"ev":"listen_event","family":2,"kind":"stop","ktime_us":124718758,"port":7302,"reachable":true,"wake_lag_us":66}
{"cookie":20564,"ev":"listen_event","family":2,"kind":"start","ktime_us":124718767,"port":7302,"reachable":true,"wake_lag_us":57}
{"cookie":20564,"ev":"listen_event","family":2,"kind":"stop","ktime_us":124718768,"port":7302,"reachable":true,"wake_lag_us":56}
{"cookie":20565,"ev":"listen_event","family":2,"kind":"start","ktime_us":124718776,"port":7302,"reachable":true,"wake_lag_us":48}
{"cookie":20565,"ev":"listen_event","family":2,"kind":"stop","ktime_us":124718778,"port":7302,"reachable":true,"wake_lag_us":46}
{"cookie":20566,"ev":"listen_event","family":2,"kind":"start","ktime_us":124718786,"port":7302,"reachable":true,"wake_lag_us":38}
{"cookie":20566,"ev":"listen_event","family":2,"kind":"stop","ktime_us":124718788,"port":7302,"reachable":true,"wake_lag_us":36}
{"cookie":20567,"ev":"listen_event","family":2,"kind":"start","ktime_us":124718796,"port":7302,"reachable":true,"wake_lag_us":28}
{"cookie":20567,"ev":"listen_event","family":2,"kind":"stop","ktime_us":124718798,"port":7302,"reachable":true,"wake_lag_us":26}
{"cookie":20568,"ev":"listen_event","family":2,"kind":"start","ktime_us":124718806,"port":7302,"reachable":true,"wake_lag_us":18}
{"cookie":20568,"ev":"listen_event","family":2,"kind":"stop","ktime_us":124718808,"port":7302,"reachable":true,"wake_lag_us":16}
{"cookie":20569,"ev":"listen_event","family":2,"kind":"start","ktime_us":124718816,"port":7302,"reachable":true,"wake_lag_us":8}
{"cookie":20569,"ev":"listen_event","family":2,"kind":"stop","ktime_us":124718818,"port":7302,"reachable":true,"wake_lag_us":6}
{"ev":"listen_state_sent","event_to_send_us":116580,"listeners":1,"listening":true,"map_read_us":58,"mode":"map","port":7302,"reason":"event","seq":8,"t_us":124810647}
{"cookie":20570,"ev":"listen_event","family":2,"kind":"start","ktime_us":124718827,"port":7302,"reachable":true,"wake_lag_us":91953}
{"cookie":20570,"ev":"listen_event","family":2,"kind":"stop","ktime_us":124718834,"port":7302,"reachable":true,"wake_lag_us":91946}
{"cookie":20571,"ev":"listen_event","family":2,"kind":"start","ktime_us":124718842,"port":7302,"reachable":true,"wake_lag_us":91938}
{"cookie":20571,"ev":"listen_event","family":2,"kind":"stop","ktime_us":124718844,"port":7302,"reachable":true,"wake_lag_us":91936}
{"cookie":20572,"ev":"listen_event","family":2,"kind":"start","ktime_us":124718854,"port":7302,"reachable":true,"wake_lag_us":91926}
{"cookie":20572,"ev":"listen_event","family":2,"kind":"stop","ktime_us":124718856,"port":7302,"reachable":true,"wake_lag_us":91924}
{"cookie":20573,"ev":"listen_event","family":2,"kind":"start","ktime_us":124718865,"port":7302,"reachable":true,"wake_lag_us":91915}
{"cookie":20573,"ev":"listen_event","family":2,"kind":"stop","ktime_us":124718866,"port":7302,"reachable":true,"wake_lag_us":91914}
{"cookie":20574,"ev":"listen_event","family":2,"kind":"start","ktime_us":124718875,"port":7302,"reachable":true,"wake_lag_us":91905}
{"cookie":20574,"ev":"listen_event","family":2,"kind":"stop","ktime_us":124718876,"port":7302,"reachable":true,"wake_lag_us":91904}
{"cookie":20575,"ev":"listen_event","family":2,"kind":"start","ktime_us":124718884,"port":7302,"reachable":true,"wake_lag_us":91896}
{"cookie":20575,"ev":"listen_event","family":2,"kind":"stop","ktime_us":124718886,"port":7302,"reachable":true,"wake_lag_us":91894}
{"cookie":20576,"ev":"listen_event","family":2,"kind":"start","ktime_us":124718894,"port":7302,"reachable":true,"wake_lag_us":91886}
{"cookie":20576,"ev":"listen_event","family":2,"kind":"stop","ktime_us":124718896,"port":7302,"reachable":true,"wake_lag_us":91884}
{"cookie":20577,"ev":"listen_event","family":2,"kind":"start","ktime_us":124718904,"port":7302,"reachable":true,"wake_lag_us":91876}
{"cookie":20577,"ev":"listen_event","family":2,"kind":"stop","ktime_us":124718905,"port":7302,"reachable":true,"wake_lag_us":91875}
{"cookie":20578,"ev":"listen_event","family":2,"kind":"start","ktime_us":124718913,"port":7302,"reachable":true,"wake_lag_us":91867}
{"cookie":20578,"ev":"listen_event","family":2,"kind":"stop","ktime_us":124718915,"port":7302,"reachable":true,"wake_lag_us":91865}
{"cookie":20579,"ev":"listen_event","family":2,"kind":"start","ktime_us":124718923,"port":7302,"reachable":true,"wake_lag_us":91857}
{"cookie":20579,"ev":"listen_event","family":2,"kind":"stop","ktime_us":124718925,"port":7302,"reachable":true,"wake_lag_us":91855}
{"cookie":20580,"ev":"listen_event","family":2,"kind":"start","ktime_us":124718933,"port":7302,"reachable":true,"wake_lag_us":91847}
{"cookie":20580,"ev":"listen_event","family":2,"kind":"stop","ktime_us":124718934,"port":7302,"reachable":true,"wake_lag_us":91846}
{"cookie":20581,"ev":"listen_event","family":2,"kind":"start","ktime_us":124718942,"port":7302,"reachable":true,"wake_lag_us":91838}
{"cookie":20581,"ev":"listen_event","family":2,"kind":"stop","ktime_us":124718944,"port":7302,"reachable":true,"wake_lag_us":91836}
{"cookie":20582,"ev":"listen_event","family":2,"kind":"start","ktime_us":124718952,"port":7302,"reachable":true,"wake_lag_us":91828}
{"cookie":20582,"ev":"listen_event","family":2,"kind":"stop","ktime_us":124718954,"port":7302,"reachable":true,"wake_lag_us":91826}
{"cookie":20583,"ev":"listen_event","family":2,"kind":"start","ktime_us":124718962,"port":7302,"reachable":true,"wake_lag_us":91818}
{"cookie":20583,"ev":"listen_event","family":2,"kind":"stop","ktime_us":124718964,"port":7302,"reachable":true,"wake_lag_us":91816}
{"cookie":20584,"ev":"listen_event","family":2,"kind":"start","ktime_us":124718973,"port":7302,"reachable":true,"wake_lag_us":91807}
{"cookie":20584,"ev":"listen_event","family":2,"kind":"stop","ktime_us":124718975,"port":7302,"reachable":true,"wake_lag_us":91805}
{"cookie":20585,"ev":"listen_event","family":2,"kind":"start","ktime_us":124718983,"port":7302,"reachable":true,"wake_lag_us":91797}
{"cookie":20585,"ev":"listen_event","family":2,"kind":"stop","ktime_us":124718985,"port":7302,"reachable":true,"wake_lag_us":91795}
{"cookie":20586,"ev":"listen_event","family":2,"kind":"start","ktime_us":124718993,"port":7302,"reachable":true,"wake_lag_us":91787}
{"cookie":20586,"ev":"listen_event","family":2,"kind":"stop","ktime_us":124718994,"port":7302,"reachable":true,"wake_lag_us":91786}
{"cookie":20587,"ev":"listen_event","family":2,"kind":"start","ktime_us":124719088,"port":7302,"reachable":true,"wake_lag_us":91692}
{"cookie":20587,"ev":"listen_event","family":2,"kind":"stop","ktime_us":124719090,"port":7302,"reachable":true,"wake_lag_us":91690}
{"cookie":20588,"ev":"listen_event","family":2,"kind":"start","ktime_us":124719098,"port":7302,"reachable":true,"wake_lag_us":91682}
{"cookie":20588,"ev":"listen_event","family":2,"kind":"stop","ktime_us":124719099,"port":7302,"reachable":true,"wake_lag_us":91681}
{"cookie":20589,"ev":"listen_event","family":2,"kind":"start","ktime_us":124719108,"port":7302,"reachable":true,"wake_lag_us":91672}
{"cookie":20589,"ev":"listen_event","family":2,"kind":"stop","ktime_us":124719109,"port":7302,"reachable":true,"wake_lag_us":91671}
{"cookie":20590,"ev":"listen_event","family":2,"kind":"start","ktime_us":124719117,"port":7302,"reachable":true,"wake_lag_us":91663}
{"cookie":20590,"ev":"listen_event","family":2,"kind":"stop","ktime_us":124719119,"port":7302,"reachable":true,"wake_lag_us":91661}
{"cookie":20591,"ev":"listen_event","family":2,"kind":"start","ktime_us":124719127,"port":7302,"reachable":true,"wake_lag_us":91653}
{"cookie":20591,"ev":"listen_event","family":2,"kind":"stop","ktime_us":124719129,"port":7302,"reachable":true,"wake_lag_us":91651}
{"cookie":20592,"ev":"listen_event","family":2,"kind":"start","ktime_us":124719137,"port":7302,"reachable":true,"wake_lag_us":91643}
{"cookie":20592,"ev":"listen_event","family":2,"kind":"stop","ktime_us":124719139,"port":7302,"reachable":true,"wake_lag_us":91641}
{"cookie":20593,"ev":"listen_event","family":2,"kind":"start","ktime_us":124719147,"port":7302,"reachable":true,"wake_lag_us":91633}
{"cookie":20593,"ev":"listen_event","family":2,"kind":"stop","ktime_us":124719148,"port":7302,"reachable":true,"wake_lag_us":91632}
{"cookie":20594,"ev":"listen_event","family":2,"kind":"start","ktime_us":124719156,"port":7302,"reachable":true,"wake_lag_us":91624}
{"cookie":20594,"ev":"listen_event","family":2,"kind":"stop","ktime_us":124719158,"port":7302,"reachable":true,"wake_lag_us":91622}
{"cookie":20595,"ev":"listen_event","family":2,"kind":"start","ktime_us":124719166,"port":7302,"reachable":true,"wake_lag_us":91614}
{"cookie":20595,"ev":"listen_event","family":2,"kind":"stop","ktime_us":124719168,"port":7302,"reachable":true,"wake_lag_us":91612}
{"cookie":20596,"ev":"listen_event","family":2,"kind":"start","ktime_us":124719175,"port":7302,"reachable":true,"wake_lag_us":91605}
{"cookie":20596,"ev":"listen_event","family":2,"kind":"stop","ktime_us":124719177,"port":7302,"reachable":true,"wake_lag_us":91603}
{"cookie":20597,"ev":"listen_event","family":2,"kind":"start","ktime_us":124719185,"port":7302,"reachable":true,"wake_lag_us":91595}
{"cookie":20597,"ev":"listen_event","family":2,"kind":"stop","ktime_us":124719187,"port":7302,"reachable":true,"wake_lag_us":91593}
{"cookie":20598,"ev":"listen_event","family":2,"kind":"start","ktime_us":124719195,"port":7302,"reachable":true,"wake_lag_us":91585}
{"cookie":20598,"ev":"listen_event","family":2,"kind":"stop","ktime_us":124719196,"port":7302,"reachable":true,"wake_lag_us":91584}
{"cookie":20599,"ev":"listen_event","family":2,"kind":"start","ktime_us":124719204,"port":7302,"reachable":true,"wake_lag_us":91576}
{"cookie":20599,"ev":"listen_event","family":2,"kind":"stop","ktime_us":124719206,"port":7302,"reachable":true,"wake_lag_us":91574}
{"cookie":20600,"ev":"listen_event","family":2,"kind":"start","ktime_us":124719214,"port":7302,"reachable":true,"wake_lag_us":91566}
{"cookie":20600,"ev":"listen_event","family":2,"kind":"stop","ktime_us":124719216,"port":7302,"reachable":true,"wake_lag_us":91564}
{"cookie":20601,"ev":"listen_event","family":2,"kind":"start","ktime_us":124719224,"port":7302,"reachable":true,"wake_lag_us":91556}
{"cookie":20601,"ev":"listen_event","family":2,"kind":"stop","ktime_us":124719225,"port":7302,"reachable":true,"wake_lag_us":91555}
{"cookie":20602,"ev":"listen_event","family":2,"kind":"start","ktime_us":124719233,"port":7302,"reachable":true,"wake_lag_us":91547}
{"cookie":20602,"ev":"listen_event","family":2,"kind":"stop","ktime_us":124719235,"port":7302,"reachable":true,"wake_lag_us":91545}
{"cookie":20603,"ev":"listen_event","family":2,"kind":"start","ktime_us":124719243,"port":7302,"reachable":true,"wake_lag_us":91537}
{"cookie":20603,"ev":"listen_event","family":2,"kind":"stop","ktime_us":124719244,"port":7302,"reachable":true,"wake_lag_us":91536}
{"cookie":20604,"ev":"listen_event","family":2,"kind":"start","ktime_us":124719252,"port":7302,"reachable":true,"wake_lag_us":91528}
{"cookie":20604,"ev":"listen_event","family":2,"kind":"stop","ktime_us":124719254,"port":7302,"reachable":true,"wake_lag_us":91526}
{"cookie":20605,"ev":"listen_event","family":2,"kind":"start","ktime_us":124719262,"port":7302,"reachable":true,"wake_lag_us":91518}
{"cookie":20605,"ev":"listen_event","family":2,"kind":"stop","ktime_us":124719264,"port":7302,"reachable":true,"wake_lag_us":91516}
{"cookie":20606,"ev":"listen_event","family":2,"kind":"start","ktime_us":124719272,"port":7302,"reachable":true,"wake_lag_us":91508}
{"cookie":20606,"ev":"listen_event","family":2,"kind":"stop","ktime_us":124719273,"port":7302,"reachable":true,"wake_lag_us":91507}
{"cookie":20607,"ev":"listen_event","family":2,"kind":"start","ktime_us":124719281,"port":7302,"reachable":true,"wake_lag_us":91499}
{"cookie":20607,"ev":"listen_event","family":2,"kind":"stop","ktime_us":124719283,"port":7302,"reachable":true,"wake_lag_us":91497}
{"cookie":20608,"ev":"listen_event","family":2,"kind":"start","ktime_us":124719291,"port":7302,"reachable":true,"wake_lag_us":91489}
{"cookie":20608,"ev":"listen_event","family":2,"kind":"stop","ktime_us":124719293,"port":7302,"reachable":true,"wake_lag_us":91487}
{"cookie":20609,"ev":"listen_event","family":2,"kind":"start","ktime_us":124719301,"port":7302,"reachable":true,"wake_lag_us":91479}
{"cookie":20609,"ev":"listen_event","family":2,"kind":"stop","ktime_us":124719302,"port":7302,"reachable":true,"wake_lag_us":91478}
{"cookie":20610,"ev":"listen_event","family":2,"kind":"start","ktime_us":124719310,"port":7302,"reachable":true,"wake_lag_us":91470}
{"cookie":20610,"ev":"listen_event","family":2,"kind":"stop","ktime_us":124719312,"port":7302,"reachable":true,"wake_lag_us":91468}
{"cookie":20611,"ev":"listen_event","family":2,"kind":"start","ktime_us":124719320,"port":7302,"reachable":true,"wake_lag_us":91460}
{"cookie":20611,"ev":"listen_event","family":2,"kind":"stop","ktime_us":124719322,"port":7302,"reachable":true,"wake_lag_us":91458}
{"cookie":20612,"ev":"listen_event","family":2,"kind":"start","ktime_us":124719330,"port":7302,"reachable":true,"wake_lag_us":91450}
{"cookie":20612,"ev":"listen_event","family":2,"kind":"stop","ktime_us":124719331,"port":7302,"reachable":true,"wake_lag_us":91449}
{"cookie":20613,"ev":"listen_event","family":2,"kind":"start","ktime_us":124719339,"port":7302,"reachable":true,"wake_lag_us":91441}
{"cookie":20613,"ev":"listen_event","family":2,"kind":"stop","ktime_us":124719341,"port":7302,"reachable":true,"wake_lag_us":91439}
{"cookie":20614,"ev":"listen_event","family":2,"kind":"start","ktime_us":124719349,"port":7302,"reachable":true,"wake_lag_us":91431}
{"cookie":20614,"ev":"listen_event","family":2,"kind":"stop","ktime_us":124719350,"port":7302,"reachable":true,"wake_lag_us":91430}
{"cookie":20615,"ev":"listen_event","family":2,"kind":"start","ktime_us":124719358,"port":7302,"reachable":true,"wake_lag_us":91422}
{"cookie":20615,"ev":"listen_event","family":2,"kind":"stop","ktime_us":124719360,"port":7302,"reachable":true,"wake_lag_us":91420}
{"cookie":20616,"ev":"listen_event","family":2,"kind":"start","ktime_us":124719368,"port":7302,"reachable":true,"wake_lag_us":91412}
{"cookie":20616,"ev":"listen_event","family":2,"kind":"stop","ktime_us":124719369,"port":7302,"reachable":true,"wake_lag_us":91411}
{"cookie":20617,"ev":"listen_event","family":2,"kind":"start","ktime_us":124719377,"port":7302,"reachable":true,"wake_lag_us":91403}
{"cookie":20617,"ev":"listen_event","family":2,"kind":"stop","ktime_us":124719379,"port":7302,"reachable":true,"wake_lag_us":91401}
{"cookie":20618,"ev":"listen_event","family":2,"kind":"start","ktime_us":124719395,"port":7302,"reachable":true,"wake_lag_us":91385}
{"cookie":20618,"ev":"listen_event","family":2,"kind":"stop","ktime_us":124719397,"port":7302,"reachable":true,"wake_lag_us":91383}
{"cookie":20619,"ev":"listen_event","family":2,"kind":"start","ktime_us":124719405,"port":7302,"reachable":true,"wake_lag_us":91375}
{"cookie":20619,"ev":"listen_event","family":2,"kind":"stop","ktime_us":124719407,"port":7302,"reachable":true,"wake_lag_us":91373}
{"cookie":20620,"ev":"listen_event","family":2,"kind":"start","ktime_us":124719415,"port":7302,"reachable":true,"wake_lag_us":91365}
{"cookie":20620,"ev":"listen_event","family":2,"kind":"stop","ktime_us":124719417,"port":7302,"reachable":true,"wake_lag_us":91363}
{"cookie":20621,"ev":"listen_event","family":2,"kind":"start","ktime_us":124719425,"port":7302,"reachable":true,"wake_lag_us":91355}
{"cookie":20621,"ev":"listen_event","family":2,"kind":"stop","ktime_us":124719426,"port":7302,"reachable":true,"wake_lag_us":91354}
{"cookie":20622,"ev":"listen_event","family":2,"kind":"start","ktime_us":124719434,"port":7302,"reachable":true,"wake_lag_us":91346}
{"cookie":20622,"ev":"listen_event","family":2,"kind":"stop","ktime_us":124719436,"port":7302,"reachable":true,"wake_lag_us":91344}
{"cookie":20623,"ev":"listen_event","family":2,"kind":"start","ktime_us":124719444,"port":7302,"reachable":true,"wake_lag_us":91336}
{"cookie":20623,"ev":"listen_event","family":2,"kind":"stop","ktime_us":124719446,"port":7302,"reachable":true,"wake_lag_us":91334}
{"cookie":20624,"ev":"listen_event","family":2,"kind":"start","ktime_us":124719454,"port":7302,"reachable":true,"wake_lag_us":91326}
{"cookie":20624,"ev":"listen_event","family":2,"kind":"stop","ktime_us":124719455,"port":7302,"reachable":true,"wake_lag_us":91325}
{"cookie":20625,"ev":"listen_event","family":2,"kind":"start","ktime_us":124719463,"port":7302,"reachable":true,"wake_lag_us":91317}
{"cookie":20625,"ev":"listen_event","family":2,"kind":"stop","ktime_us":124719465,"port":7302,"reachable":true,"wake_lag_us":91315}
{"cookie":20626,"ev":"listen_event","family":2,"kind":"start","ktime_us":124719473,"port":7302,"reachable":true,"wake_lag_us":91307}
{"cookie":20626,"ev":"listen_event","family":2,"kind":"stop","ktime_us":124719475,"port":7302,"reachable":true,"wake_lag_us":91305}
{"cookie":20627,"ev":"listen_event","family":2,"kind":"start","ktime_us":124719483,"port":7302,"reachable":true,"wake_lag_us":91297}
{"cookie":20627,"ev":"listen_event","family":2,"kind":"stop","ktime_us":124719484,"port":7302,"reachable":true,"wake_lag_us":91296}
{"cookie":20628,"ev":"listen_event","family":2,"kind":"start","ktime_us":124719492,"port":7302,"reachable":true,"wake_lag_us":91288}
{"cookie":20628,"ev":"listen_event","family":2,"kind":"stop","ktime_us":124719494,"port":7302,"reachable":true,"wake_lag_us":91286}
{"cookie":20629,"ev":"listen_event","family":2,"kind":"start","ktime_us":124719502,"port":7302,"reachable":true,"wake_lag_us":91278}
{"cookie":20629,"ev":"listen_event","family":2,"kind":"stop","ktime_us":124719503,"port":7302,"reachable":true,"wake_lag_us":91277}
{"cookie":20630,"ev":"listen_event","family":2,"kind":"start","ktime_us":124719512,"port":7302,"reachable":true,"wake_lag_us":91268}
{"cookie":20630,"ev":"listen_event","family":2,"kind":"stop","ktime_us":124719514,"port":7302,"reachable":true,"wake_lag_us":91266}
{"cookie":20631,"ev":"listen_event","family":2,"kind":"start","ktime_us":124719533,"port":7302,"reachable":true,"wake_lag_us":91247}
{"cookie":20631,"ev":"listen_event","family":2,"kind":"stop","ktime_us":124719535,"port":7302,"reachable":true,"wake_lag_us":91245}
{"cookie":20632,"ev":"listen_event","family":2,"kind":"start","ktime_us":124719543,"port":7302,"reachable":true,"wake_lag_us":91237}
{"cookie":20632,"ev":"listen_event","family":2,"kind":"stop","ktime_us":124719544,"port":7302,"reachable":true,"wake_lag_us":91236}
{"cookie":20633,"ev":"listen_event","family":2,"kind":"start","ktime_us":124719552,"port":7302,"reachable":true,"wake_lag_us":91228}
{"cookie":20633,"ev":"listen_event","family":2,"kind":"stop","ktime_us":124719554,"port":7302,"reachable":true,"wake_lag_us":91226}
{"cookie":20634,"ev":"listen_event","family":2,"kind":"start","ktime_us":124719562,"port":7302,"reachable":true,"wake_lag_us":91218}
{"cookie":20634,"ev":"listen_event","family":2,"kind":"stop","ktime_us":124719563,"port":7302,"reachable":true,"wake_lag_us":91217}
{"cookie":20635,"ev":"listen_event","family":2,"kind":"start","ktime_us":124719572,"port":7302,"reachable":true,"wake_lag_us":91208}
{"cookie":20635,"ev":"listen_event","family":2,"kind":"stop","ktime_us":124719573,"port":7302,"reachable":true,"wake_lag_us":91207}
{"cookie":20636,"ev":"listen_event","family":2,"kind":"start","ktime_us":124719581,"port":7302,"reachable":true,"wake_lag_us":91199}
{"cookie":20636,"ev":"listen_event","family":2,"kind":"stop","ktime_us":124719583,"port":7302,"reachable":true,"wake_lag_us":91197}
{"cookie":20637,"ev":"listen_event","family":2,"kind":"start","ktime_us":124719591,"port":7302,"reachable":true,"wake_lag_us":91189}
{"cookie":20637,"ev":"listen_event","family":2,"kind":"stop","ktime_us":124719593,"port":7302,"reachable":true,"wake_lag_us":91187}
{"cookie":20638,"ev":"listen_event","family":2,"kind":"start","ktime_us":124719601,"port":7302,"reachable":true,"wake_lag_us":91179}
{"cookie":20638,"ev":"listen_event","family":2,"kind":"stop","ktime_us":124719602,"port":7302,"reachable":true,"wake_lag_us":91178}
{"cookie":20639,"ev":"listen_event","family":2,"kind":"start","ktime_us":124719610,"port":7302,"reachable":true,"wake_lag_us":91170}
{"cookie":20639,"ev":"listen_event","family":2,"kind":"stop","ktime_us":124719612,"port":7302,"reachable":true,"wake_lag_us":91168}
{"cookie":20640,"ev":"listen_event","family":2,"kind":"start","ktime_us":124719620,"port":7302,"reachable":true,"wake_lag_us":91160}
{"cookie":20640,"ev":"listen_event","family":2,"kind":"stop","ktime_us":124719622,"port":7302,"reachable":true,"wake_lag_us":91158}
{"cookie":20641,"ev":"listen_event","family":2,"kind":"start","ktime_us":124719630,"port":7302,"reachable":true,"wake_lag_us":91150}
{"cookie":20641,"ev":"listen_event","family":2,"kind":"stop","ktime_us":124719632,"port":7302,"reachable":true,"wake_lag_us":91148}
{"cookie":20642,"ev":"listen_event","family":2,"kind":"start","ktime_us":124719640,"port":7302,"reachable":true,"wake_lag_us":91140}
{"cookie":20642,"ev":"listen_event","family":2,"kind":"stop","ktime_us":124719641,"port":7302,"reachable":true,"wake_lag_us":91139}
{"cookie":20643,"ev":"listen_event","family":2,"kind":"start","ktime_us":124719649,"port":7302,"reachable":true,"wake_lag_us":91131}
{"cookie":20643,"ev":"listen_event","family":2,"kind":"stop","ktime_us":124719651,"port":7302,"reachable":true,"wake_lag_us":91129}
{"cookie":20644,"ev":"listen_event","family":2,"kind":"start","ktime_us":124719659,"port":7302,"reachable":true,"wake_lag_us":91121}
{"cookie":20644,"ev":"listen_event","family":2,"kind":"stop","ktime_us":124719661,"port":7302,"reachable":true,"wake_lag_us":91119}
{"cookie":20645,"ev":"listen_event","family":2,"kind":"start","ktime_us":124719669,"port":7302,"reachable":true,"wake_lag_us":91111}
{"cookie":20645,"ev":"listen_event","family":2,"kind":"stop","ktime_us":124719670,"port":7302,"reachable":true,"wake_lag_us":91110}
{"cookie":20646,"ev":"listen_event","family":2,"kind":"start","ktime_us":124719678,"port":7302,"reachable":true,"wake_lag_us":91102}
{"cookie":20646,"ev":"listen_event","family":2,"kind":"stop","ktime_us":124719680,"port":7302,"reachable":true,"wake_lag_us":91100}
{"cookie":20647,"ev":"listen_event","family":2,"kind":"start","ktime_us":124719688,"port":7302,"reachable":true,"wake_lag_us":91092}
{"cookie":20647,"ev":"listen_event","family":2,"kind":"stop","ktime_us":124719689,"port":7302,"reachable":true,"wake_lag_us":91091}
{"cookie":20648,"ev":"listen_event","family":2,"kind":"start","ktime_us":124719697,"port":7302,"reachable":true,"wake_lag_us":91083}
{"cookie":20648,"ev":"listen_event","family":2,"kind":"stop","ktime_us":124719699,"port":7302,"reachable":true,"wake_lag_us":91081}
{"cookie":20649,"ev":"listen_event","family":2,"kind":"start","ktime_us":124719707,"port":7302,"reachable":true,"wake_lag_us":91073}
{"cookie":20649,"ev":"listen_event","family":2,"kind":"stop","ktime_us":124719709,"port":7302,"reachable":true,"wake_lag_us":91071}
{"cookie":20650,"ev":"listen_event","family":2,"kind":"start","ktime_us":124719717,"port":7302,"reachable":true,"wake_lag_us":91063}
{"cookie":20650,"ev":"listen_event","family":2,"kind":"stop","ktime_us":124719718,"port":7302,"reachable":true,"wake_lag_us":91062}
{"cookie":20651,"ev":"listen_event","family":2,"kind":"start","ktime_us":124719726,"port":7302,"reachable":true,"wake_lag_us":91054}
{"cookie":20651,"ev":"listen_event","family":2,"kind":"stop","ktime_us":124719728,"port":7302,"reachable":true,"wake_lag_us":91052}
{"cookie":20652,"ev":"listen_event","family":2,"kind":"start","ktime_us":124719736,"port":7302,"reachable":true,"wake_lag_us":91044}
{"cookie":20652,"ev":"listen_event","family":2,"kind":"stop","ktime_us":124719737,"port":7302,"reachable":true,"wake_lag_us":91043}
{"cookie":20653,"ev":"listen_event","family":2,"kind":"start","ktime_us":124719745,"port":7302,"reachable":true,"wake_lag_us":91035}
{"cookie":20653,"ev":"listen_event","family":2,"kind":"stop","ktime_us":124719747,"port":7302,"reachable":true,"wake_lag_us":91033}
{"cookie":20654,"ev":"listen_event","family":2,"kind":"start","ktime_us":124719755,"port":7302,"reachable":true,"wake_lag_us":91025}
{"cookie":20654,"ev":"listen_event","family":2,"kind":"stop","ktime_us":124719756,"port":7302,"reachable":true,"wake_lag_us":91024}
{"cookie":20655,"ev":"listen_event","family":2,"kind":"start","ktime_us":124719764,"port":7302,"reachable":true,"wake_lag_us":91016}
{"cookie":20655,"ev":"listen_event","family":2,"kind":"stop","ktime_us":124719766,"port":7302,"reachable":true,"wake_lag_us":91014}
{"cookie":20656,"ev":"listen_event","family":2,"kind":"start","ktime_us":124719774,"port":7302,"reachable":true,"wake_lag_us":91006}
{"cookie":20656,"ev":"listen_event","family":2,"kind":"stop","ktime_us":124719776,"port":7302,"reachable":true,"wake_lag_us":91004}
{"cookie":20657,"ev":"listen_event","family":2,"kind":"start","ktime_us":124719784,"port":7302,"reachable":true,"wake_lag_us":90996}
{"cookie":20657,"ev":"listen_event","family":2,"kind":"stop","ktime_us":124719785,"port":7302,"reachable":true,"wake_lag_us":90995}
{"cookie":20658,"ev":"listen_event","family":2,"kind":"start","ktime_us":124719793,"port":7302,"reachable":true,"wake_lag_us":90987}
{"cookie":20658,"ev":"listen_event","family":2,"kind":"stop","ktime_us":124719795,"port":7302,"reachable":true,"wake_lag_us":90985}
{"cookie":20659,"ev":"listen_event","family":2,"kind":"start","ktime_us":124719803,"port":7302,"reachable":true,"wake_lag_us":90977}
{"cookie":20659,"ev":"listen_event","family":2,"kind":"stop","ktime_us":124719805,"port":7302,"reachable":true,"wake_lag_us":90975}
{"cookie":20660,"ev":"listen_event","family":2,"kind":"start","ktime_us":124719813,"port":7302,"reachable":true,"wake_lag_us":90967}
{"cookie":20660,"ev":"listen_event","family":2,"kind":"stop","ktime_us":124719814,"port":7302,"reachable":true,"wake_lag_us":90966}
{"cookie":20661,"ev":"listen_event","family":2,"kind":"start","ktime_us":124719823,"port":7302,"reachable":true,"wake_lag_us":90957}
{"cookie":20661,"ev":"listen_event","family":2,"kind":"stop","ktime_us":124719824,"port":7302,"reachable":true,"wake_lag_us":90956}
{"cookie":20662,"ev":"listen_event","family":2,"kind":"start","ktime_us":124719832,"port":7302,"reachable":true,"wake_lag_us":90948}
{"cookie":20662,"ev":"listen_event","family":2,"kind":"stop","ktime_us":124719834,"port":7302,"reachable":true,"wake_lag_us":90946}
{"cookie":20663,"ev":"listen_event","family":2,"kind":"start","ktime_us":124719842,"port":7302,"reachable":true,"wake_lag_us":90938}
{"cookie":20663,"ev":"listen_event","family":2,"kind":"stop","ktime_us":124719844,"port":7302,"reachable":true,"wake_lag_us":90936}
{"cookie":20664,"ev":"listen_event","family":2,"kind":"start","ktime_us":124719852,"port":7302,"reachable":true,"wake_lag_us":90928}
{"cookie":20664,"ev":"listen_event","family":2,"kind":"stop","ktime_us":124719853,"port":7302,"reachable":true,"wake_lag_us":90927}
{"cookie":20665,"ev":"listen_event","family":2,"kind":"start","ktime_us":124719861,"port":7302,"reachable":true,"wake_lag_us":90919}
{"cookie":20665,"ev":"listen_event","family":2,"kind":"stop","ktime_us":124719863,"port":7302,"reachable":true,"wake_lag_us":90917}
{"cookie":20666,"ev":"listen_event","family":2,"kind":"start","ktime_us":124719871,"port":7302,"reachable":true,"wake_lag_us":90909}
{"cookie":20666,"ev":"listen_event","family":2,"kind":"stop","ktime_us":124719873,"port":7302,"reachable":true,"wake_lag_us":90907}
{"cookie":20667,"ev":"listen_event","family":2,"kind":"start","ktime_us":124719881,"port":7302,"reachable":true,"wake_lag_us":90899}
{"cookie":20667,"ev":"listen_event","family":2,"kind":"stop","ktime_us":124719882,"port":7302,"reachable":true,"wake_lag_us":90898}
{"cookie":20668,"ev":"listen_event","family":2,"kind":"start","ktime_us":124719890,"port":7302,"reachable":true,"wake_lag_us":90890}
{"cookie":20668,"ev":"listen_event","family":2,"kind":"stop","ktime_us":124719892,"port":7302,"reachable":true,"wake_lag_us":90888}
{"cookie":20669,"ev":"listen_event","family":2,"kind":"start","ktime_us":124719900,"port":7302,"reachable":true,"wake_lag_us":90880}
{"cookie":20669,"ev":"listen_event","family":2,"kind":"stop","ktime_us":124719902,"port":7302,"reachable":true,"wake_lag_us":90878}
{"cookie":20670,"ev":"listen_event","family":2,"kind":"start","ktime_us":124719909,"port":7302,"reachable":true,"wake_lag_us":90871}
{"cookie":20670,"ev":"listen_event","family":2,"kind":"stop","ktime_us":124719911,"port":7302,"reachable":true,"wake_lag_us":90869}
{"cookie":20671,"ev":"listen_event","family":2,"kind":"start","ktime_us":124719919,"port":7302,"reachable":true,"wake_lag_us":90861}
{"cookie":20671,"ev":"listen_event","family":2,"kind":"stop","ktime_us":124719921,"port":7302,"reachable":true,"wake_lag_us":90859}
{"cookie":20672,"ev":"listen_event","family":2,"kind":"start","ktime_us":124719929,"port":7302,"reachable":true,"wake_lag_us":90851}
{"cookie":20672,"ev":"listen_event","family":2,"kind":"stop","ktime_us":124719931,"port":7302,"reachable":true,"wake_lag_us":90849}
{"cookie":20673,"ev":"listen_event","family":2,"kind":"start","ktime_us":124719939,"port":7302,"reachable":true,"wake_lag_us":90841}
{"cookie":20673,"ev":"listen_event","family":2,"kind":"stop","ktime_us":124719940,"port":7302,"reachable":true,"wake_lag_us":90840}
{"cookie":20674,"ev":"listen_event","family":2,"kind":"start","ktime_us":124719948,"port":7302,"reachable":true,"wake_lag_us":90832}
{"cookie":20674,"ev":"listen_event","family":2,"kind":"stop","ktime_us":124719950,"port":7302,"reachable":true,"wake_lag_us":90830}
{"cookie":20675,"ev":"listen_event","family":2,"kind":"start","ktime_us":124719958,"port":7302,"reachable":true,"wake_lag_us":90822}
{"cookie":20675,"ev":"listen_event","family":2,"kind":"stop","ktime_us":124719960,"port":7302,"reachable":true,"wake_lag_us":90820}
{"cookie":20676,"ev":"listen_event","family":2,"kind":"start","ktime_us":124719968,"port":7302,"reachable":true,"wake_lag_us":90812}
{"cookie":20676,"ev":"listen_event","family":2,"kind":"stop","ktime_us":124719969,"port":7302,"reachable":true,"wake_lag_us":90811}
{"cookie":20677,"ev":"listen_event","family":2,"kind":"start","ktime_us":124719978,"port":7302,"reachable":true,"wake_lag_us":90802}
{"cookie":20677,"ev":"listen_event","family":2,"kind":"stop","ktime_us":124719979,"port":7302,"reachable":true,"wake_lag_us":90801}
{"cookie":20678,"ev":"listen_event","family":2,"kind":"start","ktime_us":124719987,"port":7302,"reachable":true,"wake_lag_us":90793}
{"cookie":20678,"ev":"listen_event","family":2,"kind":"stop","ktime_us":124719989,"port":7302,"reachable":true,"wake_lag_us":90791}
{"cookie":20679,"ev":"listen_event","family":2,"kind":"start","ktime_us":124720008,"port":7302,"reachable":true,"wake_lag_us":90772}
{"cookie":20679,"ev":"listen_event","family":2,"kind":"stop","ktime_us":124720009,"port":7302,"reachable":true,"wake_lag_us":90771}
{"cookie":20680,"ev":"listen_event","family":2,"kind":"start","ktime_us":124720025,"port":7302,"reachable":true,"wake_lag_us":90755}
{"cookie":20680,"ev":"listen_event","family":2,"kind":"stop","ktime_us":124720027,"port":7302,"reachable":true,"wake_lag_us":90753}
{"cookie":20681,"ev":"listen_event","family":2,"kind":"start","ktime_us":124720035,"port":7302,"reachable":true,"wake_lag_us":90745}
{"cookie":20681,"ev":"listen_event","family":2,"kind":"stop","ktime_us":124720037,"port":7302,"reachable":true,"wake_lag_us":90743}
{"cookie":20682,"ev":"listen_event","family":2,"kind":"start","ktime_us":124720045,"port":7302,"reachable":true,"wake_lag_us":90735}
{"cookie":20682,"ev":"listen_event","family":2,"kind":"stop","ktime_us":124720046,"port":7302,"reachable":true,"wake_lag_us":90734}
{"cookie":20683,"ev":"listen_event","family":2,"kind":"start","ktime_us":124720054,"port":7302,"reachable":true,"wake_lag_us":90726}
{"cookie":20683,"ev":"listen_event","family":2,"kind":"stop","ktime_us":124720056,"port":7302,"reachable":true,"wake_lag_us":90724}
{"cookie":20684,"ev":"listen_event","family":2,"kind":"start","ktime_us":124720064,"port":7302,"reachable":true,"wake_lag_us":90716}
{"cookie":20684,"ev":"listen_event","family":2,"kind":"stop","ktime_us":124720066,"port":7302,"reachable":true,"wake_lag_us":90714}
{"cookie":20685,"ev":"listen_event","family":2,"kind":"start","ktime_us":124720074,"port":7302,"reachable":true,"wake_lag_us":90706}
{"cookie":20685,"ev":"listen_event","family":2,"kind":"stop","ktime_us":124720075,"port":7302,"reachable":true,"wake_lag_us":90705}
{"cookie":20686,"ev":"listen_event","family":2,"kind":"start","ktime_us":124720083,"port":7302,"reachable":true,"wake_lag_us":90697}
{"cookie":20686,"ev":"listen_event","family":2,"kind":"stop","ktime_us":124720085,"port":7302,"reachable":true,"wake_lag_us":90695}
{"cookie":20687,"ev":"listen_event","family":2,"kind":"start","ktime_us":124720093,"port":7302,"reachable":true,"wake_lag_us":90687}
{"cookie":20687,"ev":"listen_event","family":2,"kind":"stop","ktime_us":124720094,"port":7302,"reachable":true,"wake_lag_us":90686}
{"cookie":20688,"ev":"listen_event","family":2,"kind":"start","ktime_us":124720102,"port":7302,"reachable":true,"wake_lag_us":90678}
{"cookie":20688,"ev":"listen_event","family":2,"kind":"stop","ktime_us":124720104,"port":7302,"reachable":true,"wake_lag_us":90676}
{"cookie":20689,"ev":"listen_event","family":2,"kind":"start","ktime_us":124720112,"port":7302,"reachable":true,"wake_lag_us":90668}
{"cookie":20689,"ev":"listen_event","family":2,"kind":"stop","ktime_us":124720114,"port":7302,"reachable":true,"wake_lag_us":90666}
{"cookie":20690,"ev":"listen_event","family":2,"kind":"start","ktime_us":124720122,"port":7302,"reachable":true,"wake_lag_us":90658}
{"cookie":20690,"ev":"listen_event","family":2,"kind":"stop","ktime_us":124720124,"port":7302,"reachable":true,"wake_lag_us":90656}
{"cookie":20691,"ev":"listen_event","family":2,"kind":"start","ktime_us":124720132,"port":7302,"reachable":true,"wake_lag_us":90648}
{"cookie":20691,"ev":"listen_event","family":2,"kind":"stop","ktime_us":124720133,"port":7302,"reachable":true,"wake_lag_us":90647}
{"cookie":20692,"ev":"listen_event","family":2,"kind":"start","ktime_us":124720141,"port":7302,"reachable":true,"wake_lag_us":90639}
{"cookie":20692,"ev":"listen_event","family":2,"kind":"stop","ktime_us":124720143,"port":7302,"reachable":true,"wake_lag_us":90637}
{"cookie":20693,"ev":"listen_event","family":2,"kind":"start","ktime_us":124720151,"port":7302,"reachable":true,"wake_lag_us":90629}
{"cookie":20693,"ev":"listen_event","family":2,"kind":"stop","ktime_us":124720153,"port":7302,"reachable":true,"wake_lag_us":90627}
{"cookie":20694,"ev":"listen_event","family":2,"kind":"start","ktime_us":124720161,"port":7302,"reachable":true,"wake_lag_us":90619}
{"cookie":20694,"ev":"listen_event","family":2,"kind":"stop","ktime_us":124720162,"port":7302,"reachable":true,"wake_lag_us":90618}
{"cookie":20695,"ev":"listen_event","family":2,"kind":"start","ktime_us":124720171,"port":7302,"reachable":true,"wake_lag_us":90609}
{"cookie":20695,"ev":"listen_event","family":2,"kind":"stop","ktime_us":124720172,"port":7302,"reachable":true,"wake_lag_us":90608}
{"cookie":20696,"ev":"listen_event","family":2,"kind":"start","ktime_us":124720180,"port":7302,"reachable":true,"wake_lag_us":90600}
{"cookie":20696,"ev":"listen_event","family":2,"kind":"stop","ktime_us":124720182,"port":7302,"reachable":true,"wake_lag_us":90598}
{"cookie":20697,"ev":"listen_event","family":2,"kind":"start","ktime_us":124720190,"port":7302,"reachable":true,"wake_lag_us":90590}
{"cookie":20697,"ev":"listen_event","family":2,"kind":"stop","ktime_us":124720191,"port":7302,"reachable":true,"wake_lag_us":90589}
{"cookie":20698,"ev":"listen_event","family":2,"kind":"start","ktime_us":124720199,"port":7302,"reachable":true,"wake_lag_us":90581}
{"cookie":20698,"ev":"listen_event","family":2,"kind":"stop","ktime_us":124720201,"port":7302,"reachable":true,"wake_lag_us":90579}
{"cookie":20699,"ev":"listen_event","family":2,"kind":"start","ktime_us":124720209,"port":7302,"reachable":true,"wake_lag_us":90571}
{"cookie":20699,"ev":"listen_event","family":2,"kind":"stop","ktime_us":124720211,"port":7302,"reachable":true,"wake_lag_us":90569}
{"cookie":20700,"ev":"listen_event","family":2,"kind":"start","ktime_us":124720219,"port":7302,"reachable":true,"wake_lag_us":90561}
{"cookie":20700,"ev":"listen_event","family":2,"kind":"stop","ktime_us":124720220,"port":7302,"reachable":true,"wake_lag_us":90560}
{"cookie":20701,"ev":"listen_event","family":2,"kind":"start","ktime_us":124720228,"port":7302,"reachable":true,"wake_lag_us":90552}
{"cookie":20701,"ev":"listen_event","family":2,"kind":"stop","ktime_us":124720230,"port":7302,"reachable":true,"wake_lag_us":90550}
{"cookie":20702,"ev":"listen_event","family":2,"kind":"start","ktime_us":124720238,"port":7302,"reachable":true,"wake_lag_us":90542}
{"cookie":20702,"ev":"listen_event","family":2,"kind":"stop","ktime_us":124720239,"port":7302,"reachable":true,"wake_lag_us":90541}
{"cookie":20703,"ev":"listen_event","family":2,"kind":"start","ktime_us":124720247,"port":7302,"reachable":true,"wake_lag_us":90533}
{"cookie":20703,"ev":"listen_event","family":2,"kind":"stop","ktime_us":124720249,"port":7302,"reachable":true,"wake_lag_us":90531}
{"cookie":20704,"ev":"listen_event","family":2,"kind":"start","ktime_us":124720257,"port":7302,"reachable":true,"wake_lag_us":90523}
{"cookie":20704,"ev":"listen_event","family":2,"kind":"stop","ktime_us":124720259,"port":7302,"reachable":true,"wake_lag_us":90521}
{"cookie":20705,"ev":"listen_event","family":2,"kind":"start","ktime_us":124720267,"port":7302,"reachable":true,"wake_lag_us":90513}
{"cookie":20705,"ev":"listen_event","family":2,"kind":"stop","ktime_us":124720268,"port":7302,"reachable":true,"wake_lag_us":90512}
{"cookie":20706,"ev":"listen_event","family":2,"kind":"start","ktime_us":124720276,"port":7302,"reachable":true,"wake_lag_us":90504}
{"cookie":20706,"ev":"listen_event","family":2,"kind":"stop","ktime_us":124720278,"port":7302,"reachable":true,"wake_lag_us":90502}
{"cookie":20707,"ev":"listen_event","family":2,"kind":"start","ktime_us":124720286,"port":7302,"reachable":true,"wake_lag_us":90494}
{"cookie":20707,"ev":"listen_event","family":2,"kind":"stop","ktime_us":124720288,"port":7302,"reachable":true,"wake_lag_us":90492}
{"cookie":20708,"ev":"listen_event","family":2,"kind":"start","ktime_us":124720296,"port":7302,"reachable":true,"wake_lag_us":90484}
{"cookie":20708,"ev":"listen_event","family":2,"kind":"stop","ktime_us":124720297,"port":7302,"reachable":true,"wake_lag_us":90483}
{"cookie":20709,"ev":"listen_event","family":2,"kind":"start","ktime_us":124720305,"port":7302,"reachable":true,"wake_lag_us":90475}
{"cookie":20709,"ev":"listen_event","family":2,"kind":"stop","ktime_us":124720307,"port":7302,"reachable":true,"wake_lag_us":90473}
{"cookie":20710,"ev":"listen_event","family":2,"kind":"start","ktime_us":124720315,"port":7302,"reachable":true,"wake_lag_us":90465}
{"cookie":20710,"ev":"listen_event","family":2,"kind":"stop","ktime_us":124720316,"port":7302,"reachable":true,"wake_lag_us":90464}
{"cookie":20711,"ev":"listen_event","family":2,"kind":"start","ktime_us":124720324,"port":7302,"reachable":true,"wake_lag_us":90456}
{"cookie":20711,"ev":"listen_event","family":2,"kind":"stop","ktime_us":124720326,"port":7302,"reachable":true,"wake_lag_us":90454}
{"cookie":20712,"ev":"listen_event","family":2,"kind":"start","ktime_us":124720334,"port":7302,"reachable":true,"wake_lag_us":90446}
{"cookie":20712,"ev":"listen_event","family":2,"kind":"stop","ktime_us":124720336,"port":7302,"reachable":true,"wake_lag_us":90444}
{"cookie":20713,"ev":"listen_event","family":2,"kind":"start","ktime_us":124720344,"port":7302,"reachable":true,"wake_lag_us":90436}
{"cookie":20713,"ev":"listen_event","family":2,"kind":"stop","ktime_us":124720345,"port":7302,"reachable":true,"wake_lag_us":90435}
{"cookie":20714,"ev":"listen_event","family":2,"kind":"start","ktime_us":124720353,"port":7302,"reachable":true,"wake_lag_us":90427}
{"cookie":20714,"ev":"listen_event","family":2,"kind":"stop","ktime_us":124720355,"port":7302,"reachable":true,"wake_lag_us":90425}
{"cookie":20715,"ev":"listen_event","family":2,"kind":"start","ktime_us":124720363,"port":7302,"reachable":true,"wake_lag_us":90417}
{"cookie":20715,"ev":"listen_event","family":2,"kind":"stop","ktime_us":124720365,"port":7302,"reachable":true,"wake_lag_us":90415}
{"cookie":20716,"ev":"listen_event","family":2,"kind":"start","ktime_us":124720373,"port":7302,"reachable":true,"wake_lag_us":90407}
{"cookie":20716,"ev":"listen_event","family":2,"kind":"stop","ktime_us":124720374,"port":7302,"reachable":true,"wake_lag_us":90406}
{"cookie":20717,"ev":"listen_event","family":2,"kind":"start","ktime_us":124720382,"port":7302,"reachable":true,"wake_lag_us":90398}
{"cookie":20717,"ev":"listen_event","family":2,"kind":"stop","ktime_us":124720384,"port":7302,"reachable":true,"wake_lag_us":90396}
{"cookie":20718,"ev":"listen_event","family":2,"kind":"start","ktime_us":124720401,"port":7302,"reachable":true,"wake_lag_us":90379}
{"cookie":20718,"ev":"listen_event","family":2,"kind":"stop","ktime_us":124720402,"port":7302,"reachable":true,"wake_lag_us":90378}
{"cookie":20719,"ev":"listen_event","family":2,"kind":"start","ktime_us":124720411,"port":7302,"reachable":true,"wake_lag_us":90369}
{"cookie":20719,"ev":"listen_event","family":2,"kind":"stop","ktime_us":124720412,"port":7302,"reachable":true,"wake_lag_us":90368}
{"cookie":20720,"ev":"listen_event","family":2,"kind":"start","ktime_us":124720421,"port":7302,"reachable":true,"wake_lag_us":90359}
{"cookie":20720,"ev":"listen_event","family":2,"kind":"stop","ktime_us":124720422,"port":7302,"reachable":true,"wake_lag_us":90358}
{"cookie":20721,"ev":"listen_event","family":2,"kind":"start","ktime_us":124720431,"port":7302,"reachable":true,"wake_lag_us":90349}
{"cookie":20721,"ev":"listen_event","family":2,"kind":"stop","ktime_us":124720432,"port":7302,"reachable":true,"wake_lag_us":90348}
{"cookie":20722,"ev":"listen_event","family":2,"kind":"start","ktime_us":124720440,"port":7302,"reachable":true,"wake_lag_us":90340}
{"cookie":20722,"ev":"listen_event","family":2,"kind":"stop","ktime_us":124720442,"port":7302,"reachable":true,"wake_lag_us":90338}
{"cookie":20723,"ev":"listen_event","family":2,"kind":"start","ktime_us":124720450,"port":7302,"reachable":true,"wake_lag_us":90330}
{"cookie":20723,"ev":"listen_event","family":2,"kind":"stop","ktime_us":124720451,"port":7302,"reachable":true,"wake_lag_us":90329}
{"cookie":20724,"ev":"listen_event","family":2,"kind":"start","ktime_us":124720459,"port":7302,"reachable":true,"wake_lag_us":90321}
{"cookie":20724,"ev":"listen_event","family":2,"kind":"stop","ktime_us":124720461,"port":7302,"reachable":true,"wake_lag_us":90319}
{"cookie":20725,"ev":"listen_event","family":2,"kind":"start","ktime_us":124720469,"port":7302,"reachable":true,"wake_lag_us":90311}
{"cookie":20725,"ev":"listen_event","family":2,"kind":"stop","ktime_us":124720471,"port":7302,"reachable":true,"wake_lag_us":90309}
{"cookie":20726,"ev":"listen_event","family":2,"kind":"start","ktime_us":124720479,"port":7302,"reachable":true,"wake_lag_us":90301}
{"cookie":20726,"ev":"listen_event","family":2,"kind":"stop","ktime_us":124720480,"port":7302,"reachable":true,"wake_lag_us":90300}
{"cookie":20727,"ev":"listen_event","family":2,"kind":"start","ktime_us":124720488,"port":7302,"reachable":true,"wake_lag_us":90292}
{"cookie":20727,"ev":"listen_event","family":2,"kind":"stop","ktime_us":124720490,"port":7302,"reachable":true,"wake_lag_us":90290}
{"cookie":20728,"ev":"listen_event","family":2,"kind":"start","ktime_us":124720498,"port":7302,"reachable":true,"wake_lag_us":90282}
{"cookie":20728,"ev":"listen_event","family":2,"kind":"stop","ktime_us":124720500,"port":7302,"reachable":true,"wake_lag_us":90280}
{"cookie":20729,"ev":"listen_event","family":2,"kind":"start","ktime_us":124720508,"port":7302,"reachable":true,"wake_lag_us":90272}
{"cookie":20729,"ev":"listen_event","family":2,"kind":"stop","ktime_us":124720509,"port":7302,"reachable":true,"wake_lag_us":90271}
{"cookie":20730,"ev":"listen_event","family":2,"kind":"start","ktime_us":124720517,"port":7302,"reachable":true,"wake_lag_us":90263}
{"cookie":20730,"ev":"listen_event","family":2,"kind":"stop","ktime_us":124720519,"port":7302,"reachable":true,"wake_lag_us":90261}
{"cookie":20731,"ev":"listen_event","family":2,"kind":"start","ktime_us":124720528,"port":7302,"reachable":true,"wake_lag_us":90252}
{"cookie":20731,"ev":"listen_event","family":2,"kind":"stop","ktime_us":124720530,"port":7302,"reachable":true,"wake_lag_us":90250}
{"cookie":20732,"ev":"listen_event","family":2,"kind":"start","ktime_us":124720538,"port":7302,"reachable":true,"wake_lag_us":90242}
{"cookie":20732,"ev":"listen_event","family":2,"kind":"stop","ktime_us":124720539,"port":7302,"reachable":true,"wake_lag_us":90241}
{"cookie":20733,"ev":"listen_event","family":2,"kind":"start","ktime_us":124720547,"port":7302,"reachable":true,"wake_lag_us":90233}
{"cookie":20733,"ev":"listen_event","family":2,"kind":"stop","ktime_us":124720549,"port":7302,"reachable":true,"wake_lag_us":90231}
{"cookie":20734,"ev":"listen_event","family":2,"kind":"start","ktime_us":124720557,"port":7302,"reachable":true,"wake_lag_us":90223}
{"cookie":20734,"ev":"listen_event","family":2,"kind":"stop","ktime_us":124720559,"port":7302,"reachable":true,"wake_lag_us":90221}
{"cookie":20735,"ev":"listen_event","family":2,"kind":"start","ktime_us":124720567,"port":7302,"reachable":true,"wake_lag_us":90213}
{"cookie":20735,"ev":"listen_event","family":2,"kind":"stop","ktime_us":124720568,"port":7302,"reachable":true,"wake_lag_us":90212}
{"cookie":20736,"ev":"listen_event","family":2,"kind":"start","ktime_us":124720589,"port":7302,"reachable":true,"wake_lag_us":90191}
{"cookie":20736,"ev":"listen_event","family":2,"kind":"stop","ktime_us":124720591,"port":7302,"reachable":true,"wake_lag_us":90189}
{"cookie":20737,"ev":"listen_event","family":2,"kind":"start","ktime_us":124720599,"port":7302,"reachable":true,"wake_lag_us":90181}
{"cookie":20737,"ev":"listen_event","family":2,"kind":"stop","ktime_us":124720601,"port":7302,"reachable":true,"wake_lag_us":90179}
{"cookie":20738,"ev":"listen_event","family":2,"kind":"start","ktime_us":124720609,"port":7302,"reachable":true,"wake_lag_us":90171}
{"cookie":20738,"ev":"listen_event","family":2,"kind":"stop","ktime_us":124720610,"port":7302,"reachable":true,"wake_lag_us":90170}
{"cookie":20739,"ev":"listen_event","family":2,"kind":"start","ktime_us":124720618,"port":7302,"reachable":true,"wake_lag_us":90162}
{"cookie":20739,"ev":"listen_event","family":2,"kind":"stop","ktime_us":124720620,"port":7302,"reachable":true,"wake_lag_us":90160}
{"cookie":20740,"ev":"listen_event","family":2,"kind":"start","ktime_us":124720628,"port":7302,"reachable":true,"wake_lag_us":90152}
{"cookie":20740,"ev":"listen_event","family":2,"kind":"stop","ktime_us":124720630,"port":7302,"reachable":true,"wake_lag_us":90150}
{"cookie":20741,"ev":"listen_event","family":2,"kind":"start","ktime_us":124720638,"port":7302,"reachable":true,"wake_lag_us":90142}
{"cookie":20741,"ev":"listen_event","family":2,"kind":"stop","ktime_us":124720639,"port":7302,"reachable":true,"wake_lag_us":90141}
{"cookie":20742,"ev":"listen_event","family":2,"kind":"start","ktime_us":124720647,"port":7302,"reachable":true,"wake_lag_us":90133}
{"cookie":20742,"ev":"listen_event","family":2,"kind":"stop","ktime_us":124720649,"port":7302,"reachable":true,"wake_lag_us":90131}
{"cookie":20743,"ev":"listen_event","family":2,"kind":"start","ktime_us":124720660,"port":7302,"reachable":true,"wake_lag_us":90120}
{"cookie":20743,"ev":"listen_event","family":2,"kind":"stop","ktime_us":124720661,"port":7302,"reachable":true,"wake_lag_us":90119}
{"cookie":20744,"ev":"listen_event","family":2,"kind":"start","ktime_us":124720669,"port":7302,"reachable":true,"wake_lag_us":90111}
{"cookie":20744,"ev":"listen_event","family":2,"kind":"stop","ktime_us":124720671,"port":7302,"reachable":true,"wake_lag_us":90109}
{"cookie":20745,"ev":"listen_event","family":2,"kind":"start","ktime_us":124720679,"port":7302,"reachable":true,"wake_lag_us":90101}
{"cookie":20745,"ev":"listen_event","family":2,"kind":"stop","ktime_us":124720681,"port":7302,"reachable":true,"wake_lag_us":90099}
{"cookie":20746,"ev":"listen_event","family":2,"kind":"start","ktime_us":124720689,"port":7302,"reachable":true,"wake_lag_us":90091}
{"cookie":20746,"ev":"listen_event","family":2,"kind":"stop","ktime_us":124720690,"port":7302,"reachable":true,"wake_lag_us":90090}
{"cookie":20747,"ev":"listen_event","family":2,"kind":"start","ktime_us":124720698,"port":7302,"reachable":true,"wake_lag_us":90082}
{"cookie":20747,"ev":"listen_event","family":2,"kind":"stop","ktime_us":124720700,"port":7302,"reachable":true,"wake_lag_us":90080}
{"cookie":20748,"ev":"listen_event","family":2,"kind":"start","ktime_us":124720711,"port":7302,"reachable":true,"wake_lag_us":90069}
{"cookie":20748,"ev":"listen_event","family":2,"kind":"stop","ktime_us":124720712,"port":7302,"reachable":true,"wake_lag_us":90068}
{"cookie":20749,"ev":"listen_event","family":2,"kind":"start","ktime_us":124720720,"port":7302,"reachable":true,"wake_lag_us":90060}
{"cookie":20749,"ev":"listen_event","family":2,"kind":"stop","ktime_us":124720722,"port":7302,"reachable":true,"wake_lag_us":90058}
{"cookie":20750,"ev":"listen_event","family":2,"kind":"start","ktime_us":124720730,"port":7302,"reachable":true,"wake_lag_us":90050}
{"cookie":20750,"ev":"listen_event","family":2,"kind":"stop","ktime_us":124720732,"port":7302,"reachable":true,"wake_lag_us":90048}
{"cookie":20751,"ev":"listen_event","family":2,"kind":"start","ktime_us":124720740,"port":7302,"reachable":true,"wake_lag_us":90040}
{"cookie":20751,"ev":"listen_event","family":2,"kind":"stop","ktime_us":124720741,"port":7302,"reachable":true,"wake_lag_us":90039}
{"cookie":20752,"ev":"listen_event","family":2,"kind":"start","ktime_us":124720749,"port":7302,"reachable":true,"wake_lag_us":90031}
{"cookie":20752,"ev":"listen_event","family":2,"kind":"stop","ktime_us":124720751,"port":7302,"reachable":true,"wake_lag_us":90029}
{"cookie":20753,"ev":"listen_event","family":2,"kind":"start","ktime_us":124720759,"port":7302,"reachable":true,"wake_lag_us":90021}
{"cookie":20753,"ev":"listen_event","family":2,"kind":"stop","ktime_us":124720761,"port":7302,"reachable":true,"wake_lag_us":90019}
{"cookie":20754,"ev":"listen_event","family":2,"kind":"start","ktime_us":124720769,"port":7302,"reachable":true,"wake_lag_us":90011}
{"cookie":20754,"ev":"listen_event","family":2,"kind":"stop","ktime_us":124720770,"port":7302,"reachable":true,"wake_lag_us":90010}
{"cookie":20755,"ev":"listen_event","family":2,"kind":"start","ktime_us":124720779,"port":7302,"reachable":true,"wake_lag_us":90001}
{"cookie":20755,"ev":"listen_event","family":2,"kind":"stop","ktime_us":124720780,"port":7302,"reachable":true,"wake_lag_us":90000}
{"cookie":20756,"ev":"listen_event","family":2,"kind":"start","ktime_us":124720788,"port":7302,"reachable":true,"wake_lag_us":89992}
{"cookie":20756,"ev":"listen_event","family":2,"kind":"stop","ktime_us":124720790,"port":7302,"reachable":true,"wake_lag_us":89990}
{"cookie":20757,"ev":"listen_event","family":2,"kind":"start","ktime_us":124720798,"port":7302,"reachable":true,"wake_lag_us":89982}
{"cookie":20757,"ev":"listen_event","family":2,"kind":"stop","ktime_us":124720800,"port":7302,"reachable":true,"wake_lag_us":89980}
{"cookie":20758,"ev":"listen_event","family":2,"kind":"start","ktime_us":124720808,"port":7302,"reachable":true,"wake_lag_us":89972}
{"cookie":20758,"ev":"listen_event","family":2,"kind":"stop","ktime_us":124720809,"port":7302,"reachable":true,"wake_lag_us":89971}
{"cookie":20759,"ev":"listen_event","family":2,"kind":"start","ktime_us":124720817,"port":7302,"reachable":true,"wake_lag_us":89963}
{"cookie":20759,"ev":"listen_event","family":2,"kind":"stop","ktime_us":124720819,"port":7302,"reachable":true,"wake_lag_us":89961}
{"cookie":20760,"ev":"listen_event","family":2,"kind":"start","ktime_us":124720827,"port":7302,"reachable":true,"wake_lag_us":89953}
{"cookie":20760,"ev":"listen_event","family":2,"kind":"stop","ktime_us":124720828,"port":7302,"reachable":true,"wake_lag_us":89952}
{"cookie":20761,"ev":"listen_event","family":2,"kind":"start","ktime_us":124720837,"port":7302,"reachable":true,"wake_lag_us":89943}
{"cookie":20761,"ev":"listen_event","family":2,"kind":"stop","ktime_us":124720838,"port":7302,"reachable":true,"wake_lag_us":89942}
{"cookie":20762,"ev":"listen_event","family":2,"kind":"start","ktime_us":124720846,"port":7302,"reachable":true,"wake_lag_us":89934}
{"cookie":20762,"ev":"listen_event","family":2,"kind":"stop","ktime_us":124720848,"port":7302,"reachable":true,"wake_lag_us":89932}
{"cookie":20763,"ev":"listen_event","family":2,"kind":"start","ktime_us":124720856,"port":7302,"reachable":true,"wake_lag_us":89924}
{"cookie":20763,"ev":"listen_event","family":2,"kind":"stop","ktime_us":124720858,"port":7302,"reachable":true,"wake_lag_us":89922}
{"cookie":20764,"ev":"listen_event","family":2,"kind":"start","ktime_us":124720866,"port":7302,"reachable":true,"wake_lag_us":89914}
{"cookie":20764,"ev":"listen_event","family":2,"kind":"stop","ktime_us":124720867,"port":7302,"reachable":true,"wake_lag_us":89913}
{"cookie":20765,"ev":"listen_event","family":2,"kind":"start","ktime_us":124720875,"port":7302,"reachable":true,"wake_lag_us":89905}
{"cookie":20765,"ev":"listen_event","family":2,"kind":"stop","ktime_us":124720877,"port":7302,"reachable":true,"wake_lag_us":89903}
{"cookie":20766,"ev":"listen_event","family":2,"kind":"start","ktime_us":124720885,"port":7302,"reachable":true,"wake_lag_us":89895}
{"cookie":20766,"ev":"listen_event","family":2,"kind":"stop","ktime_us":124720886,"port":7302,"reachable":true,"wake_lag_us":89894}
{"cookie":20767,"ev":"listen_event","family":2,"kind":"start","ktime_us":124720896,"port":7302,"reachable":true,"wake_lag_us":89884}
{"cookie":20767,"ev":"listen_event","family":2,"kind":"stop","ktime_us":124720898,"port":7302,"reachable":true,"wake_lag_us":89882}
{"cookie":20768,"ev":"listen_event","family":2,"kind":"start","ktime_us":124720906,"port":7302,"reachable":true,"wake_lag_us":89874}
{"cookie":20768,"ev":"listen_event","family":2,"kind":"stop","ktime_us":124720908,"port":7302,"reachable":true,"wake_lag_us":89872}
{"cookie":20769,"ev":"listen_event","family":2,"kind":"start","ktime_us":124720915,"port":7302,"reachable":true,"wake_lag_us":89865}
{"cookie":20769,"ev":"listen_event","family":2,"kind":"stop","ktime_us":124720917,"port":7302,"reachable":true,"wake_lag_us":89863}
{"cookie":20770,"ev":"listen_event","family":2,"kind":"start","ktime_us":124720925,"port":7302,"reachable":true,"wake_lag_us":89855}
{"cookie":20770,"ev":"listen_event","family":2,"kind":"stop","ktime_us":124720927,"port":7302,"reachable":true,"wake_lag_us":89853}
{"cookie":20771,"ev":"listen_event","family":2,"kind":"start","ktime_us":124720935,"port":7302,"reachable":true,"wake_lag_us":89845}
{"cookie":20771,"ev":"listen_event","family":2,"kind":"stop","ktime_us":124720937,"port":7302,"reachable":true,"wake_lag_us":89843}
{"cookie":20772,"ev":"listen_event","family":2,"kind":"start","ktime_us":124720945,"port":7302,"reachable":true,"wake_lag_us":89835}
{"cookie":20772,"ev":"listen_event","family":2,"kind":"stop","ktime_us":124720946,"port":7302,"reachable":true,"wake_lag_us":89834}
{"cookie":20773,"ev":"listen_event","family":2,"kind":"start","ktime_us":124720954,"port":7302,"reachable":true,"wake_lag_us":89826}
{"cookie":20773,"ev":"listen_event","family":2,"kind":"stop","ktime_us":124720956,"port":7302,"reachable":true,"wake_lag_us":89824}
{"cookie":20774,"ev":"listen_event","family":2,"kind":"start","ktime_us":124720964,"port":7302,"reachable":true,"wake_lag_us":89816}
{"cookie":20774,"ev":"listen_event","family":2,"kind":"stop","ktime_us":124720966,"port":7302,"reachable":true,"wake_lag_us":89814}
{"cookie":20775,"ev":"listen_event","family":2,"kind":"start","ktime_us":124720974,"port":7302,"reachable":true,"wake_lag_us":89806}
{"cookie":20775,"ev":"listen_event","family":2,"kind":"stop","ktime_us":124720976,"port":7302,"reachable":true,"wake_lag_us":89804}
{"cookie":20776,"ev":"listen_event","family":2,"kind":"start","ktime_us":124720986,"port":7302,"reachable":true,"wake_lag_us":89794}
{"cookie":20776,"ev":"listen_event","family":2,"kind":"stop","ktime_us":124720988,"port":7302,"reachable":true,"wake_lag_us":89792}
{"cookie":20777,"ev":"listen_event","family":2,"kind":"start","ktime_us":124720996,"port":7302,"reachable":true,"wake_lag_us":89784}
{"cookie":20777,"ev":"listen_event","family":2,"kind":"stop","ktime_us":124721109,"port":7302,"reachable":true,"wake_lag_us":89671}
{"cookie":20778,"ev":"listen_event","family":2,"kind":"start","ktime_us":124721118,"port":7302,"reachable":true,"wake_lag_us":89662}
{"cookie":20778,"ev":"listen_event","family":2,"kind":"stop","ktime_us":124721120,"port":7302,"reachable":true,"wake_lag_us":89660}
{"cookie":20779,"ev":"listen_event","family":2,"kind":"start","ktime_us":124721128,"port":7302,"reachable":true,"wake_lag_us":89652}
{"cookie":20779,"ev":"listen_event","family":2,"kind":"stop","ktime_us":124721129,"port":7302,"reachable":true,"wake_lag_us":89651}
{"cookie":20780,"ev":"listen_event","family":2,"kind":"start","ktime_us":124721137,"port":7302,"reachable":true,"wake_lag_us":89643}
{"cookie":20780,"ev":"listen_event","family":2,"kind":"stop","ktime_us":124721139,"port":7302,"reachable":true,"wake_lag_us":89641}
{"cookie":20781,"ev":"listen_event","family":2,"kind":"start","ktime_us":124721147,"port":7302,"reachable":true,"wake_lag_us":89633}
{"cookie":20781,"ev":"listen_event","family":2,"kind":"stop","ktime_us":124721149,"port":7302,"reachable":true,"wake_lag_us":89631}
{"cookie":20782,"ev":"listen_event","family":2,"kind":"start","ktime_us":124721157,"port":7302,"reachable":true,"wake_lag_us":89623}
{"cookie":20782,"ev":"listen_event","family":2,"kind":"stop","ktime_us":124721158,"port":7302,"reachable":true,"wake_lag_us":89622}
{"cookie":20783,"ev":"listen_event","family":2,"kind":"start","ktime_us":124721166,"port":7302,"reachable":true,"wake_lag_us":89614}
{"cookie":20783,"ev":"listen_event","family":2,"kind":"stop","ktime_us":124721168,"port":7302,"reachable":true,"wake_lag_us":89612}
{"cookie":20784,"ev":"listen_event","family":2,"kind":"start","ktime_us":124721176,"port":7302,"reachable":true,"wake_lag_us":89604}
{"cookie":20784,"ev":"listen_event","family":2,"kind":"stop","ktime_us":124721178,"port":7302,"reachable":true,"wake_lag_us":89602}
{"cookie":20785,"ev":"listen_event","family":2,"kind":"start","ktime_us":124721186,"port":7302,"reachable":true,"wake_lag_us":89594}
{"cookie":20785,"ev":"listen_event","family":2,"kind":"stop","ktime_us":124721187,"port":7302,"reachable":true,"wake_lag_us":89593}
{"cookie":20786,"ev":"listen_event","family":2,"kind":"start","ktime_us":124721195,"port":7302,"reachable":true,"wake_lag_us":89585}
{"cookie":20786,"ev":"listen_event","family":2,"kind":"stop","ktime_us":124721197,"port":7302,"reachable":true,"wake_lag_us":89583}
{"cookie":20787,"ev":"listen_event","family":2,"kind":"start","ktime_us":124721205,"port":7302,"reachable":true,"wake_lag_us":89575}
{"cookie":20787,"ev":"listen_event","family":2,"kind":"stop","ktime_us":124721207,"port":7302,"reachable":true,"wake_lag_us":89573}
{"cookie":20788,"ev":"listen_event","family":2,"kind":"start","ktime_us":124721215,"port":7302,"reachable":true,"wake_lag_us":89565}
{"cookie":20788,"ev":"listen_event","family":2,"kind":"stop","ktime_us":124721216,"port":7302,"reachable":true,"wake_lag_us":89564}
{"cookie":20789,"ev":"listen_event","family":2,"kind":"start","ktime_us":124721224,"port":7302,"reachable":true,"wake_lag_us":89556}
{"cookie":20789,"ev":"listen_event","family":2,"kind":"stop","ktime_us":124721226,"port":7302,"reachable":true,"wake_lag_us":89554}
{"cookie":20790,"ev":"listen_event","family":2,"kind":"start","ktime_us":124721234,"port":7302,"reachable":true,"wake_lag_us":89546}
{"cookie":20790,"ev":"listen_event","family":2,"kind":"stop","ktime_us":124721236,"port":7302,"reachable":true,"wake_lag_us":89544}
{"cookie":20791,"ev":"listen_event","family":2,"kind":"start","ktime_us":124721244,"port":7302,"reachable":true,"wake_lag_us":89536}
{"cookie":20791,"ev":"listen_event","family":2,"kind":"stop","ktime_us":124721245,"port":7302,"reachable":true,"wake_lag_us":89535}
{"cookie":20792,"ev":"listen_event","family":2,"kind":"start","ktime_us":124721253,"port":7302,"reachable":true,"wake_lag_us":89527}
{"cookie":20792,"ev":"listen_event","family":2,"kind":"stop","ktime_us":124721255,"port":7302,"reachable":true,"wake_lag_us":89525}
{"cookie":20793,"ev":"listen_event","family":2,"kind":"start","ktime_us":124721263,"port":7302,"reachable":true,"wake_lag_us":89517}
{"cookie":20793,"ev":"listen_event","family":2,"kind":"stop","ktime_us":124721265,"port":7302,"reachable":true,"wake_lag_us":89515}
{"cookie":20794,"ev":"listen_event","family":2,"kind":"start","ktime_us":124721273,"port":7302,"reachable":true,"wake_lag_us":89507}
{"cookie":20794,"ev":"listen_event","family":2,"kind":"stop","ktime_us":124721274,"port":7302,"reachable":true,"wake_lag_us":89506}
{"cookie":20795,"ev":"listen_event","family":2,"kind":"start","ktime_us":124721282,"port":7302,"reachable":true,"wake_lag_us":89498}
{"cookie":20795,"ev":"listen_event","family":2,"kind":"stop","ktime_us":124721284,"port":7302,"reachable":true,"wake_lag_us":89496}
{"cookie":20796,"ev":"listen_event","family":2,"kind":"start","ktime_us":124721292,"port":7302,"reachable":true,"wake_lag_us":89488}
{"cookie":20796,"ev":"listen_event","family":2,"kind":"stop","ktime_us":124721293,"port":7302,"reachable":true,"wake_lag_us":89487}
{"cookie":20797,"ev":"listen_event","family":2,"kind":"start","ktime_us":124721301,"port":7302,"reachable":true,"wake_lag_us":89479}
{"cookie":20797,"ev":"listen_event","family":2,"kind":"stop","ktime_us":124721303,"port":7302,"reachable":true,"wake_lag_us":89477}
{"cookie":20798,"ev":"listen_event","family":2,"kind":"start","ktime_us":124721311,"port":7302,"reachable":true,"wake_lag_us":89469}
{"cookie":20798,"ev":"listen_event","family":2,"kind":"stop","ktime_us":124721313,"port":7302,"reachable":true,"wake_lag_us":89467}
{"cookie":20799,"ev":"listen_event","family":2,"kind":"start","ktime_us":124721321,"port":7302,"reachable":true,"wake_lag_us":89459}
{"cookie":20799,"ev":"listen_event","family":2,"kind":"stop","ktime_us":124721322,"port":7302,"reachable":true,"wake_lag_us":89458}
{"cookie":20800,"ev":"listen_event","family":2,"kind":"start","ktime_us":124721330,"port":7302,"reachable":true,"wake_lag_us":89450}
{"cookie":20800,"ev":"listen_event","family":2,"kind":"stop","ktime_us":124721332,"port":7302,"reachable":true,"wake_lag_us":89448}
{"cookie":20801,"ev":"listen_event","family":2,"kind":"start","ktime_us":124721340,"port":7302,"reachable":true,"wake_lag_us":89440}
{"cookie":20801,"ev":"listen_event","family":2,"kind":"stop","ktime_us":124721341,"port":7302,"reachable":true,"wake_lag_us":89439}
{"cookie":20802,"ev":"listen_event","family":2,"kind":"start","ktime_us":124721349,"port":7302,"reachable":true,"wake_lag_us":89431}
{"cookie":20802,"ev":"listen_event","family":2,"kind":"stop","ktime_us":124721351,"port":7302,"reachable":true,"wake_lag_us":89429}
{"cookie":20803,"ev":"listen_event","family":2,"kind":"start","ktime_us":124721359,"port":7302,"reachable":true,"wake_lag_us":89421}
{"cookie":20803,"ev":"listen_event","family":2,"kind":"stop","ktime_us":124721361,"port":7302,"reachable":true,"wake_lag_us":89419}
{"cookie":20804,"ev":"listen_event","family":2,"kind":"start","ktime_us":124721369,"port":7302,"reachable":true,"wake_lag_us":89411}
{"cookie":20804,"ev":"listen_event","family":2,"kind":"stop","ktime_us":124721370,"port":7302,"reachable":true,"wake_lag_us":89410}
{"cookie":20805,"ev":"listen_event","family":2,"kind":"start","ktime_us":124721378,"port":7302,"reachable":true,"wake_lag_us":89402}
{"cookie":20805,"ev":"listen_event","family":2,"kind":"stop","ktime_us":124721380,"port":7302,"reachable":true,"wake_lag_us":89400}
{"cookie":20806,"ev":"listen_event","family":2,"kind":"start","ktime_us":124721396,"port":7302,"reachable":true,"wake_lag_us":89384}
{"cookie":20806,"ev":"listen_event","family":2,"kind":"stop","ktime_us":124721398,"port":7302,"reachable":true,"wake_lag_us":89382}
{"cookie":20807,"ev":"listen_event","family":2,"kind":"start","ktime_us":124721407,"port":7302,"reachable":true,"wake_lag_us":89373}
{"cookie":20807,"ev":"listen_event","family":2,"kind":"stop","ktime_us":124721409,"port":7302,"reachable":true,"wake_lag_us":89371}
{"cookie":20808,"ev":"listen_event","family":2,"kind":"start","ktime_us":124721417,"port":7302,"reachable":true,"wake_lag_us":89363}
{"cookie":20808,"ev":"listen_event","family":2,"kind":"stop","ktime_us":124721418,"port":7302,"reachable":true,"wake_lag_us":89362}
{"cookie":20809,"ev":"listen_event","family":2,"kind":"start","ktime_us":124721426,"port":7302,"reachable":true,"wake_lag_us":89354}
{"cookie":20809,"ev":"listen_event","family":2,"kind":"stop","ktime_us":124721428,"port":7302,"reachable":true,"wake_lag_us":89352}
{"cookie":20810,"ev":"listen_event","family":2,"kind":"start","ktime_us":124721436,"port":7302,"reachable":true,"wake_lag_us":89344}
{"cookie":20810,"ev":"listen_event","family":2,"kind":"stop","ktime_us":124721438,"port":7302,"reachable":true,"wake_lag_us":89342}
{"cookie":20811,"ev":"listen_event","family":2,"kind":"start","ktime_us":124721446,"port":7302,"reachable":true,"wake_lag_us":89334}
{"cookie":20811,"ev":"listen_event","family":2,"kind":"stop","ktime_us":124721447,"port":7302,"reachable":true,"wake_lag_us":89333}
{"cookie":20812,"ev":"listen_event","family":2,"kind":"start","ktime_us":124721455,"port":7302,"reachable":true,"wake_lag_us":89325}
{"cookie":20812,"ev":"listen_event","family":2,"kind":"stop","ktime_us":124721457,"port":7302,"reachable":true,"wake_lag_us":89323}
{"cookie":20813,"ev":"listen_event","family":2,"kind":"start","ktime_us":124721465,"port":7302,"reachable":true,"wake_lag_us":89315}
{"cookie":20813,"ev":"listen_event","family":2,"kind":"stop","ktime_us":124721467,"port":7302,"reachable":true,"wake_lag_us":89313}
{"cookie":20814,"ev":"listen_event","family":2,"kind":"start","ktime_us":124721475,"port":7302,"reachable":true,"wake_lag_us":89305}
{"cookie":20814,"ev":"listen_event","family":2,"kind":"stop","ktime_us":124721476,"port":7302,"reachable":true,"wake_lag_us":89304}
{"cookie":20815,"ev":"listen_event","family":2,"kind":"start","ktime_us":124721484,"port":7302,"reachable":true,"wake_lag_us":89296}
{"cookie":20815,"ev":"listen_event","family":2,"kind":"stop","ktime_us":124721486,"port":7302,"reachable":true,"wake_lag_us":89294}
{"cookie":20816,"ev":"listen_event","family":2,"kind":"start","ktime_us":124721494,"port":7302,"reachable":true,"wake_lag_us":89286}
{"cookie":20816,"ev":"listen_event","family":2,"kind":"stop","ktime_us":124721496,"port":7302,"reachable":true,"wake_lag_us":89284}
{"cookie":20817,"ev":"listen_event","family":2,"kind":"start","ktime_us":124721503,"port":7302,"reachable":true,"wake_lag_us":89277}
{"cookie":20817,"ev":"listen_event","family":2,"kind":"stop","ktime_us":124721505,"port":7302,"reachable":true,"wake_lag_us":89275}
{"cookie":20818,"ev":"listen_event","family":2,"kind":"start","ktime_us":124721513,"port":7302,"reachable":true,"wake_lag_us":89267}
{"cookie":20818,"ev":"listen_event","family":2,"kind":"stop","ktime_us":124721515,"port":7302,"reachable":true,"wake_lag_us":89265}
{"cookie":20819,"ev":"listen_event","family":2,"kind":"start","ktime_us":124721523,"port":7302,"reachable":true,"wake_lag_us":89257}
{"cookie":20819,"ev":"listen_event","family":2,"kind":"stop","ktime_us":124721524,"port":7302,"reachable":true,"wake_lag_us":89256}
{"cookie":20820,"ev":"listen_event","family":2,"kind":"start","ktime_us":124721532,"port":7302,"reachable":true,"wake_lag_us":89248}
{"cookie":20820,"ev":"listen_event","family":2,"kind":"stop","ktime_us":124721534,"port":7302,"reachable":true,"wake_lag_us":89246}
{"cookie":20821,"ev":"listen_event","family":2,"kind":"start","ktime_us":124721542,"port":7302,"reachable":true,"wake_lag_us":89238}
{"cookie":20821,"ev":"listen_event","family":2,"kind":"stop","ktime_us":124721544,"port":7302,"reachable":true,"wake_lag_us":89236}
{"cookie":20822,"ev":"listen_event","family":2,"kind":"start","ktime_us":124721552,"port":7302,"reachable":true,"wake_lag_us":89228}
{"cookie":20822,"ev":"listen_event","family":2,"kind":"stop","ktime_us":124721553,"port":7302,"reachable":true,"wake_lag_us":89227}
{"cookie":20823,"ev":"listen_event","family":2,"kind":"start","ktime_us":124721561,"port":7302,"reachable":true,"wake_lag_us":89219}
{"cookie":20823,"ev":"listen_event","family":2,"kind":"stop","ktime_us":124721563,"port":7302,"reachable":true,"wake_lag_us":89217}
{"cookie":20824,"ev":"listen_event","family":2,"kind":"start","ktime_us":124721571,"port":7302,"reachable":true,"wake_lag_us":89209}
{"cookie":20824,"ev":"listen_event","family":2,"kind":"stop","ktime_us":124721572,"port":7302,"reachable":true,"wake_lag_us":89208}
{"cookie":20825,"ev":"listen_event","family":2,"kind":"start","ktime_us":124721580,"port":7302,"reachable":true,"wake_lag_us":89200}
{"cookie":20825,"ev":"listen_event","family":2,"kind":"stop","ktime_us":124721582,"port":7302,"reachable":true,"wake_lag_us":89198}
{"cookie":20826,"ev":"listen_event","family":2,"kind":"start","ktime_us":124721590,"port":7302,"reachable":true,"wake_lag_us":89190}
{"cookie":20826,"ev":"listen_event","family":2,"kind":"stop","ktime_us":124721592,"port":7302,"reachable":true,"wake_lag_us":89188}
{"cookie":20827,"ev":"listen_event","family":2,"kind":"start","ktime_us":124721600,"port":7302,"reachable":true,"wake_lag_us":89180}
{"cookie":20827,"ev":"listen_event","family":2,"kind":"stop","ktime_us":124721601,"port":7302,"reachable":true,"wake_lag_us":89179}
{"cookie":20828,"ev":"listen_event","family":2,"kind":"start","ktime_us":124721609,"port":7302,"reachable":true,"wake_lag_us":89171}
{"cookie":20828,"ev":"listen_event","family":2,"kind":"stop","ktime_us":124721611,"port":7302,"reachable":true,"wake_lag_us":89169}
{"cookie":20829,"ev":"listen_event","family":2,"kind":"start","ktime_us":124721619,"port":7302,"reachable":true,"wake_lag_us":89161}
{"cookie":20829,"ev":"listen_event","family":2,"kind":"stop","ktime_us":124721621,"port":7302,"reachable":true,"wake_lag_us":89159}
{"cookie":20830,"ev":"listen_event","family":2,"kind":"start","ktime_us":124721629,"port":7302,"reachable":true,"wake_lag_us":89151}
{"cookie":20830,"ev":"listen_event","family":2,"kind":"stop","ktime_us":124721630,"port":7302,"reachable":true,"wake_lag_us":89150}
{"cookie":20831,"ev":"listen_event","family":2,"kind":"start","ktime_us":124721649,"port":7302,"reachable":true,"wake_lag_us":89131}
{"cookie":20831,"ev":"listen_event","family":2,"kind":"stop","ktime_us":124721651,"port":7302,"reachable":true,"wake_lag_us":89129}
{"cookie":20832,"ev":"listen_event","family":2,"kind":"start","ktime_us":124721659,"port":7302,"reachable":true,"wake_lag_us":89121}
{"cookie":20832,"ev":"listen_event","family":2,"kind":"stop","ktime_us":124721660,"port":7302,"reachable":true,"wake_lag_us":89120}
{"cookie":20833,"ev":"listen_event","family":2,"kind":"start","ktime_us":124721669,"port":7302,"reachable":true,"wake_lag_us":89111}
{"cookie":20833,"ev":"listen_event","family":2,"kind":"stop","ktime_us":124721670,"port":7302,"reachable":true,"wake_lag_us":89110}
{"cookie":20834,"ev":"listen_event","family":2,"kind":"start","ktime_us":124721678,"port":7302,"reachable":true,"wake_lag_us":89102}
{"cookie":20834,"ev":"listen_event","family":2,"kind":"stop","ktime_us":124721680,"port":7302,"reachable":true,"wake_lag_us":89100}
{"cookie":20835,"ev":"listen_event","family":2,"kind":"start","ktime_us":124721688,"port":7302,"reachable":true,"wake_lag_us":89092}
{"cookie":20835,"ev":"listen_event","family":2,"kind":"stop","ktime_us":124721689,"port":7302,"reachable":true,"wake_lag_us":89091}
{"cookie":20836,"ev":"listen_event","family":2,"kind":"start","ktime_us":124721697,"port":7302,"reachable":true,"wake_lag_us":89083}
{"cookie":20836,"ev":"listen_event","family":2,"kind":"stop","ktime_us":124721699,"port":7302,"reachable":true,"wake_lag_us":89081}
{"cookie":20837,"ev":"listen_event","family":2,"kind":"start","ktime_us":124721707,"port":7302,"reachable":true,"wake_lag_us":89073}
{"cookie":20837,"ev":"listen_event","family":2,"kind":"stop","ktime_us":124721708,"port":7302,"reachable":true,"wake_lag_us":89072}
{"cookie":20838,"ev":"listen_event","family":2,"kind":"start","ktime_us":124721716,"port":7302,"reachable":true,"wake_lag_us":89064}
{"cookie":20838,"ev":"listen_event","family":2,"kind":"stop","ktime_us":124721718,"port":7302,"reachable":true,"wake_lag_us":89062}
{"cookie":20839,"ev":"listen_event","family":2,"kind":"start","ktime_us":124721726,"port":7302,"reachable":true,"wake_lag_us":89054}
{"cookie":20839,"ev":"listen_event","family":2,"kind":"stop","ktime_us":124721728,"port":7302,"reachable":true,"wake_lag_us":89052}
{"cookie":20840,"ev":"listen_event","family":2,"kind":"start","ktime_us":124721736,"port":7302,"reachable":true,"wake_lag_us":89044}
{"cookie":20840,"ev":"listen_event","family":2,"kind":"stop","ktime_us":124721737,"port":7302,"reachable":true,"wake_lag_us":89043}
{"cookie":20841,"ev":"listen_event","family":2,"kind":"start","ktime_us":124721745,"port":7302,"reachable":true,"wake_lag_us":89035}
{"cookie":20841,"ev":"listen_event","family":2,"kind":"stop","ktime_us":124721747,"port":7302,"reachable":true,"wake_lag_us":89033}
{"cookie":20842,"ev":"listen_event","family":2,"kind":"start","ktime_us":124721755,"port":7302,"reachable":true,"wake_lag_us":89025}
{"cookie":20842,"ev":"listen_event","family":2,"kind":"stop","ktime_us":124721757,"port":7302,"reachable":true,"wake_lag_us":89023}
{"cookie":20843,"ev":"listen_event","family":2,"kind":"start","ktime_us":124721765,"port":7302,"reachable":true,"wake_lag_us":89015}
{"cookie":20843,"ev":"listen_event","family":2,"kind":"stop","ktime_us":124721766,"port":7302,"reachable":true,"wake_lag_us":89014}
{"cookie":20844,"ev":"listen_event","family":2,"kind":"start","ktime_us":124721774,"port":7302,"reachable":true,"wake_lag_us":89006}
{"cookie":20844,"ev":"listen_event","family":2,"kind":"stop","ktime_us":124721776,"port":7302,"reachable":true,"wake_lag_us":89004}
{"cookie":20845,"ev":"listen_event","family":2,"kind":"start","ktime_us":124721784,"port":7302,"reachable":true,"wake_lag_us":88996}
{"cookie":20845,"ev":"listen_event","family":2,"kind":"stop","ktime_us":124721786,"port":7302,"reachable":true,"wake_lag_us":88994}
{"cookie":20846,"ev":"listen_event","family":2,"kind":"start","ktime_us":124721794,"port":7302,"reachable":true,"wake_lag_us":88986}
{"cookie":20846,"ev":"listen_event","family":2,"kind":"stop","ktime_us":124721795,"port":7302,"reachable":true,"wake_lag_us":88985}
{"cookie":20847,"ev":"listen_event","family":2,"kind":"start","ktime_us":124721803,"port":7302,"reachable":true,"wake_lag_us":88977}
{"cookie":20847,"ev":"listen_event","family":2,"kind":"stop","ktime_us":124721805,"port":7302,"reachable":true,"wake_lag_us":88975}
{"cookie":20848,"ev":"listen_event","family":2,"kind":"start","ktime_us":124721813,"port":7302,"reachable":true,"wake_lag_us":88967}
{"cookie":20848,"ev":"listen_event","family":2,"kind":"stop","ktime_us":124721814,"port":7302,"reachable":true,"wake_lag_us":88966}
{"cookie":20849,"ev":"listen_event","family":2,"kind":"start","ktime_us":124721822,"port":7302,"reachable":true,"wake_lag_us":88958}
{"cookie":20849,"ev":"listen_event","family":2,"kind":"stop","ktime_us":124721824,"port":7302,"reachable":true,"wake_lag_us":88956}
{"cookie":20850,"ev":"listen_event","family":2,"kind":"start","ktime_us":124721832,"port":7302,"reachable":true,"wake_lag_us":88948}
{"cookie":20850,"ev":"listen_event","family":2,"kind":"stop","ktime_us":124721834,"port":7302,"reachable":true,"wake_lag_us":88946}
{"cookie":20851,"ev":"listen_event","family":2,"kind":"start","ktime_us":124721842,"port":7302,"reachable":true,"wake_lag_us":88938}
{"cookie":20851,"ev":"listen_event","family":2,"kind":"stop","ktime_us":124721843,"port":7302,"reachable":true,"wake_lag_us":88937}
{"cookie":20852,"ev":"listen_event","family":2,"kind":"start","ktime_us":124721851,"port":7302,"reachable":true,"wake_lag_us":88929}
{"cookie":20852,"ev":"listen_event","family":2,"kind":"stop","ktime_us":124721853,"port":7302,"reachable":true,"wake_lag_us":88927}
{"cookie":20853,"ev":"listen_event","family":2,"kind":"start","ktime_us":124721861,"port":7302,"reachable":true,"wake_lag_us":88919}
{"cookie":20853,"ev":"listen_event","family":2,"kind":"stop","ktime_us":124721862,"port":7302,"reachable":true,"wake_lag_us":88918}
{"cookie":20854,"ev":"listen_event","family":2,"kind":"start","ktime_us":124721870,"port":7302,"reachable":true,"wake_lag_us":88910}
{"cookie":20854,"ev":"listen_event","family":2,"kind":"stop","ktime_us":124721872,"port":7302,"reachable":true,"wake_lag_us":88908}
{"cookie":20855,"ev":"listen_event","family":2,"kind":"start","ktime_us":124721880,"port":7302,"reachable":true,"wake_lag_us":88900}
{"cookie":20855,"ev":"listen_event","family":2,"kind":"stop","ktime_us":124721882,"port":7302,"reachable":true,"wake_lag_us":88898}
{"cookie":20856,"ev":"listen_event","family":2,"kind":"start","ktime_us":124721890,"port":7302,"reachable":true,"wake_lag_us":88890}
{"cookie":20856,"ev":"listen_event","family":2,"kind":"stop","ktime_us":124721892,"port":7302,"reachable":true,"wake_lag_us":88888}
{"cookie":20857,"ev":"listen_event","family":2,"kind":"start","ktime_us":124721900,"port":7302,"reachable":true,"wake_lag_us":88880}
{"cookie":20857,"ev":"listen_event","family":2,"kind":"stop","ktime_us":124721901,"port":7302,"reachable":true,"wake_lag_us":88879}
{"cookie":20858,"ev":"listen_event","family":2,"kind":"start","ktime_us":124721909,"port":7302,"reachable":true,"wake_lag_us":88871}
{"cookie":20858,"ev":"listen_event","family":2,"kind":"stop","ktime_us":124721911,"port":7302,"reachable":true,"wake_lag_us":88869}
{"cookie":20859,"ev":"listen_event","family":2,"kind":"start","ktime_us":124721919,"port":7302,"reachable":true,"wake_lag_us":88861}
{"cookie":20859,"ev":"listen_event","family":2,"kind":"stop","ktime_us":124721920,"port":7302,"reachable":true,"wake_lag_us":88860}
{"cookie":20860,"ev":"listen_event","family":2,"kind":"start","ktime_us":124721929,"port":7302,"reachable":true,"wake_lag_us":88851}
{"cookie":20860,"ev":"listen_event","family":2,"kind":"stop","ktime_us":124721930,"port":7302,"reachable":true,"wake_lag_us":88850}
{"cookie":20861,"ev":"listen_event","family":2,"kind":"start","ktime_us":124721938,"port":7302,"reachable":true,"wake_lag_us":88842}
{"cookie":20861,"ev":"listen_event","family":2,"kind":"stop","ktime_us":124721940,"port":7302,"reachable":true,"wake_lag_us":88840}
{"cookie":20862,"ev":"listen_event","family":2,"kind":"start","ktime_us":124721948,"port":7302,"reachable":true,"wake_lag_us":88832}
{"cookie":20862,"ev":"listen_event","family":2,"kind":"stop","ktime_us":124721950,"port":7302,"reachable":true,"wake_lag_us":88830}
{"cookie":20863,"ev":"listen_event","family":2,"kind":"start","ktime_us":124721958,"port":7302,"reachable":true,"wake_lag_us":88822}
{"cookie":20863,"ev":"listen_event","family":2,"kind":"stop","ktime_us":124721959,"port":7302,"reachable":true,"wake_lag_us":88821}
{"cookie":20864,"ev":"listen_event","family":2,"kind":"start","ktime_us":124721967,"port":7302,"reachable":true,"wake_lag_us":88813}
{"cookie":20864,"ev":"listen_event","family":2,"kind":"stop","ktime_us":124721969,"port":7302,"reachable":true,"wake_lag_us":88811}
{"cookie":20865,"ev":"listen_event","family":2,"kind":"start","ktime_us":124721977,"port":7302,"reachable":true,"wake_lag_us":88803}
{"cookie":20865,"ev":"listen_event","family":2,"kind":"stop","ktime_us":124721979,"port":7302,"reachable":true,"wake_lag_us":88801}
{"cookie":20866,"ev":"listen_event","family":2,"kind":"start","ktime_us":124721987,"port":7302,"reachable":true,"wake_lag_us":88793}
{"cookie":20866,"ev":"listen_event","family":2,"kind":"stop","ktime_us":124721988,"port":7302,"reachable":true,"wake_lag_us":88792}
{"cookie":20867,"ev":"listen_event","family":2,"kind":"start","ktime_us":124722006,"port":7302,"reachable":true,"wake_lag_us":88774}
{"cookie":20867,"ev":"listen_event","family":2,"kind":"stop","ktime_us":124722008,"port":7302,"reachable":true,"wake_lag_us":88772}
{"cookie":20868,"ev":"listen_event","family":2,"kind":"start","ktime_us":124722023,"port":7302,"reachable":true,"wake_lag_us":88757}
{"cookie":20868,"ev":"listen_event","family":2,"kind":"stop","ktime_us":124722025,"port":7302,"reachable":true,"wake_lag_us":88755}
{"cookie":20869,"ev":"listen_event","family":2,"kind":"start","ktime_us":124722033,"port":7302,"reachable":true,"wake_lag_us":88747}
{"cookie":20869,"ev":"listen_event","family":2,"kind":"stop","ktime_us":124722035,"port":7302,"reachable":true,"wake_lag_us":88745}
{"cookie":20870,"ev":"listen_event","family":2,"kind":"start","ktime_us":124722043,"port":7302,"reachable":true,"wake_lag_us":88737}
{"cookie":20870,"ev":"listen_event","family":2,"kind":"stop","ktime_us":124722044,"port":7302,"reachable":true,"wake_lag_us":88736}
{"cookie":20871,"ev":"listen_event","family":2,"kind":"start","ktime_us":124722052,"port":7302,"reachable":true,"wake_lag_us":88728}
{"cookie":20871,"ev":"listen_event","family":2,"kind":"stop","ktime_us":124722054,"port":7302,"reachable":true,"wake_lag_us":88726}
{"cookie":20872,"ev":"listen_event","family":2,"kind":"start","ktime_us":124722062,"port":7302,"reachable":true,"wake_lag_us":88718}
{"cookie":20872,"ev":"listen_event","family":2,"kind":"stop","ktime_us":124722064,"port":7302,"reachable":true,"wake_lag_us":88716}
{"cookie":20873,"ev":"listen_event","family":2,"kind":"start","ktime_us":124722072,"port":7302,"reachable":true,"wake_lag_us":88708}
{"cookie":20873,"ev":"listen_event","family":2,"kind":"stop","ktime_us":124722073,"port":7302,"reachable":true,"wake_lag_us":88707}
{"cookie":20874,"ev":"listen_event","family":2,"kind":"start","ktime_us":124722081,"port":7302,"reachable":true,"wake_lag_us":88699}
{"cookie":20874,"ev":"listen_event","family":2,"kind":"stop","ktime_us":124722083,"port":7302,"reachable":true,"wake_lag_us":88697}
{"cookie":20875,"ev":"listen_event","family":2,"kind":"start","ktime_us":124722091,"port":7302,"reachable":true,"wake_lag_us":88689}
{"cookie":20875,"ev":"listen_event","family":2,"kind":"stop","ktime_us":124722092,"port":7302,"reachable":true,"wake_lag_us":88688}
{"cookie":20876,"ev":"listen_event","family":2,"kind":"start","ktime_us":124722100,"port":7302,"reachable":true,"wake_lag_us":88680}
{"cookie":20876,"ev":"listen_event","family":2,"kind":"stop","ktime_us":124722102,"port":7302,"reachable":true,"wake_lag_us":88678}
{"cookie":20877,"ev":"listen_event","family":2,"kind":"start","ktime_us":124722110,"port":7302,"reachable":true,"wake_lag_us":88670}
{"cookie":20877,"ev":"listen_event","family":2,"kind":"stop","ktime_us":124722112,"port":7302,"reachable":true,"wake_lag_us":88668}
{"cookie":20878,"ev":"listen_event","family":2,"kind":"start","ktime_us":124722120,"port":7302,"reachable":true,"wake_lag_us":88660}
{"cookie":20878,"ev":"listen_event","family":2,"kind":"stop","ktime_us":124722121,"port":7302,"reachable":true,"wake_lag_us":88659}
{"cookie":20879,"ev":"listen_event","family":2,"kind":"start","ktime_us":124722130,"port":7302,"reachable":true,"wake_lag_us":88650}
{"cookie":20879,"ev":"listen_event","family":2,"kind":"stop","ktime_us":124722131,"port":7302,"reachable":true,"wake_lag_us":88649}
{"cookie":20880,"ev":"listen_event","family":2,"kind":"start","ktime_us":124722140,"port":7302,"reachable":true,"wake_lag_us":88640}
{"cookie":20880,"ev":"listen_event","family":2,"kind":"stop","ktime_us":124722141,"port":7302,"reachable":true,"wake_lag_us":88639}
{"cookie":20881,"ev":"listen_event","family":2,"kind":"start","ktime_us":124722149,"port":7302,"reachable":true,"wake_lag_us":88631}
{"cookie":20881,"ev":"listen_event","family":2,"kind":"stop","ktime_us":124722151,"port":7302,"reachable":true,"wake_lag_us":88629}
{"cookie":20882,"ev":"listen_event","family":2,"kind":"start","ktime_us":124722159,"port":7302,"reachable":true,"wake_lag_us":88621}
{"cookie":20882,"ev":"listen_event","family":2,"kind":"stop","ktime_us":124722161,"port":7302,"reachable":true,"wake_lag_us":88619}
{"cookie":20883,"ev":"listen_event","family":2,"kind":"start","ktime_us":124722169,"port":7302,"reachable":true,"wake_lag_us":88611}
{"cookie":20883,"ev":"listen_event","family":2,"kind":"stop","ktime_us":124722170,"port":7302,"reachable":true,"wake_lag_us":88610}
{"cookie":20884,"ev":"listen_event","family":2,"kind":"start","ktime_us":124722178,"port":7302,"reachable":true,"wake_lag_us":88602}
{"cookie":20884,"ev":"listen_event","family":2,"kind":"stop","ktime_us":124722180,"port":7302,"reachable":true,"wake_lag_us":88600}
{"cookie":20885,"ev":"listen_event","family":2,"kind":"start","ktime_us":124722188,"port":7302,"reachable":true,"wake_lag_us":88592}
{"cookie":20885,"ev":"listen_event","family":2,"kind":"stop","ktime_us":124722190,"port":7302,"reachable":true,"wake_lag_us":88590}
{"cookie":20886,"ev":"listen_event","family":2,"kind":"start","ktime_us":124722198,"port":7302,"reachable":true,"wake_lag_us":88582}
{"cookie":20886,"ev":"listen_event","family":2,"kind":"stop","ktime_us":124722200,"port":7302,"reachable":true,"wake_lag_us":88580}
{"cookie":20887,"ev":"listen_event","family":2,"kind":"start","ktime_us":124722208,"port":7302,"reachable":true,"wake_lag_us":88572}
{"cookie":20887,"ev":"listen_event","family":2,"kind":"stop","ktime_us":124722210,"port":7302,"reachable":true,"wake_lag_us":88570}
{"cookie":20888,"ev":"listen_event","family":2,"kind":"start","ktime_us":124722218,"port":7302,"reachable":true,"wake_lag_us":88562}
{"cookie":20888,"ev":"listen_event","family":2,"kind":"stop","ktime_us":124722220,"port":7302,"reachable":true,"wake_lag_us":88560}
{"cookie":20889,"ev":"listen_event","family":2,"kind":"start","ktime_us":124722228,"port":7302,"reachable":true,"wake_lag_us":88552}
{"cookie":20889,"ev":"listen_event","family":2,"kind":"stop","ktime_us":124722230,"port":7302,"reachable":true,"wake_lag_us":88550}
{"cookie":20890,"ev":"listen_event","family":2,"kind":"start","ktime_us":124722238,"port":7302,"reachable":true,"wake_lag_us":88542}
{"cookie":20890,"ev":"listen_event","family":2,"kind":"stop","ktime_us":124722240,"port":7302,"reachable":true,"wake_lag_us":88540}
{"cookie":20891,"ev":"listen_event","family":2,"kind":"start","ktime_us":124722248,"port":7302,"reachable":true,"wake_lag_us":88532}
{"cookie":20891,"ev":"listen_event","family":2,"kind":"stop","ktime_us":124722250,"port":7302,"reachable":true,"wake_lag_us":88530}
{"cookie":20892,"ev":"listen_event","family":2,"kind":"start","ktime_us":124722258,"port":7302,"reachable":true,"wake_lag_us":88522}
{"cookie":20892,"ev":"listen_event","family":2,"kind":"stop","ktime_us":124722260,"port":7302,"reachable":true,"wake_lag_us":88520}
{"cookie":20893,"ev":"listen_event","family":2,"kind":"start","ktime_us":124722268,"port":7302,"reachable":true,"wake_lag_us":88512}
{"cookie":20893,"ev":"listen_event","family":2,"kind":"stop","ktime_us":124722270,"port":7302,"reachable":true,"wake_lag_us":88510}
{"cookie":20894,"ev":"listen_event","family":2,"kind":"start","ktime_us":124722278,"port":7302,"reachable":true,"wake_lag_us":88502}
{"cookie":20894,"ev":"listen_event","family":2,"kind":"stop","ktime_us":124722279,"port":7302,"reachable":true,"wake_lag_us":88501}
{"cookie":20895,"ev":"listen_event","family":2,"kind":"start","ktime_us":124722287,"port":7302,"reachable":true,"wake_lag_us":88493}
{"cookie":20895,"ev":"listen_event","family":2,"kind":"stop","ktime_us":124722289,"port":7302,"reachable":true,"wake_lag_us":88491}
{"cookie":20896,"ev":"listen_event","family":2,"kind":"start","ktime_us":124722297,"port":7302,"reachable":true,"wake_lag_us":88483}
{"cookie":20896,"ev":"listen_event","family":2,"kind":"stop","ktime_us":124722299,"port":7302,"reachable":true,"wake_lag_us":88481}
{"cookie":20897,"ev":"listen_event","family":2,"kind":"start","ktime_us":124722307,"port":7302,"reachable":true,"wake_lag_us":88473}
{"cookie":20897,"ev":"listen_event","family":2,"kind":"stop","ktime_us":124722309,"port":7302,"reachable":true,"wake_lag_us":88471}
{"cookie":20898,"ev":"listen_event","family":2,"kind":"start","ktime_us":124722317,"port":7302,"reachable":true,"wake_lag_us":88463}
{"cookie":20898,"ev":"listen_event","family":2,"kind":"stop","ktime_us":124722319,"port":7302,"reachable":true,"wake_lag_us":88461}
{"cookie":20899,"ev":"listen_event","family":2,"kind":"start","ktime_us":124722327,"port":7302,"reachable":true,"wake_lag_us":88453}
{"cookie":20899,"ev":"listen_event","family":2,"kind":"stop","ktime_us":124722329,"port":7302,"reachable":true,"wake_lag_us":88451}
{"cookie":20900,"ev":"listen_event","family":2,"kind":"start","ktime_us":124722337,"port":7302,"reachable":true,"wake_lag_us":88443}
{"cookie":20900,"ev":"listen_event","family":2,"kind":"stop","ktime_us":124722338,"port":7302,"reachable":true,"wake_lag_us":88442}
{"cookie":20901,"ev":"listen_event","family":2,"kind":"start","ktime_us":124722346,"port":7302,"reachable":true,"wake_lag_us":88434}
{"cookie":20901,"ev":"listen_event","family":2,"kind":"stop","ktime_us":124722348,"port":7302,"reachable":true,"wake_lag_us":88432}
{"cookie":20902,"ev":"listen_event","family":2,"kind":"start","ktime_us":124722356,"port":7302,"reachable":true,"wake_lag_us":88424}
{"cookie":20902,"ev":"listen_event","family":2,"kind":"stop","ktime_us":124722358,"port":7302,"reachable":true,"wake_lag_us":88422}
{"cookie":20903,"ev":"listen_event","family":2,"kind":"start","ktime_us":124722366,"port":7302,"reachable":true,"wake_lag_us":88414}
{"cookie":20903,"ev":"listen_event","family":2,"kind":"stop","ktime_us":124722368,"port":7302,"reachable":true,"wake_lag_us":88412}
{"cookie":20904,"ev":"listen_event","family":2,"kind":"start","ktime_us":124722376,"port":7302,"reachable":true,"wake_lag_us":88404}
{"cookie":20904,"ev":"listen_event","family":2,"kind":"stop","ktime_us":124722377,"port":7302,"reachable":true,"wake_lag_us":88403}
{"cookie":20905,"ev":"listen_event","family":2,"kind":"start","ktime_us":124722385,"port":7302,"reachable":true,"wake_lag_us":88395}
{"cookie":20905,"ev":"listen_event","family":2,"kind":"stop","ktime_us":124722394,"port":7302,"reachable":true,"wake_lag_us":88386}
{"cookie":20906,"ev":"listen_event","family":2,"kind":"start","ktime_us":124722403,"port":7302,"reachable":true,"wake_lag_us":88377}
{"cookie":20906,"ev":"listen_event","family":2,"kind":"stop","ktime_us":124722405,"port":7302,"reachable":true,"wake_lag_us":88375}
{"cookie":20907,"ev":"listen_event","family":2,"kind":"start","ktime_us":124722413,"port":7302,"reachable":true,"wake_lag_us":88367}
{"cookie":20907,"ev":"listen_event","family":2,"kind":"stop","ktime_us":124722414,"port":7302,"reachable":true,"wake_lag_us":88366}
{"cookie":20908,"ev":"listen_event","family":2,"kind":"start","ktime_us":124722422,"port":7302,"reachable":true,"wake_lag_us":88358}
{"cookie":20908,"ev":"listen_event","family":2,"kind":"stop","ktime_us":124722424,"port":7302,"reachable":true,"wake_lag_us":88356}
{"cookie":20909,"ev":"listen_event","family":2,"kind":"start","ktime_us":124722432,"port":7302,"reachable":true,"wake_lag_us":88348}
{"cookie":20909,"ev":"listen_event","family":2,"kind":"stop","ktime_us":124722434,"port":7302,"reachable":true,"wake_lag_us":88346}
{"cookie":20910,"ev":"listen_event","family":2,"kind":"start","ktime_us":124722442,"port":7302,"reachable":true,"wake_lag_us":88338}
{"cookie":20910,"ev":"listen_event","family":2,"kind":"stop","ktime_us":124722444,"port":7302,"reachable":true,"wake_lag_us":88336}
{"cookie":20911,"ev":"listen_event","family":2,"kind":"start","ktime_us":124722452,"port":7302,"reachable":true,"wake_lag_us":88328}
{"cookie":20911,"ev":"listen_event","family":2,"kind":"stop","ktime_us":124722453,"port":7302,"reachable":true,"wake_lag_us":88327}
{"cookie":20912,"ev":"listen_event","family":2,"kind":"start","ktime_us":124722462,"port":7302,"reachable":true,"wake_lag_us":88318}
{"cookie":20912,"ev":"listen_event","family":2,"kind":"stop","ktime_us":124722463,"port":7302,"reachable":true,"wake_lag_us":88317}
{"cookie":20913,"ev":"listen_event","family":2,"kind":"start","ktime_us":124722471,"port":7302,"reachable":true,"wake_lag_us":88309}
{"cookie":20913,"ev":"listen_event","family":2,"kind":"stop","ktime_us":124722473,"port":7302,"reachable":true,"wake_lag_us":88307}
{"cookie":20914,"ev":"listen_event","family":2,"kind":"start","ktime_us":124722481,"port":7302,"reachable":true,"wake_lag_us":88299}
{"cookie":20914,"ev":"listen_event","family":2,"kind":"stop","ktime_us":124722482,"port":7302,"reachable":true,"wake_lag_us":88298}
{"cookie":20915,"ev":"listen_event","family":2,"kind":"start","ktime_us":124722491,"port":7302,"reachable":true,"wake_lag_us":88289}
{"cookie":20915,"ev":"listen_event","family":2,"kind":"stop","ktime_us":124722493,"port":7302,"reachable":true,"wake_lag_us":88287}
{"cookie":20916,"ev":"listen_event","family":2,"kind":"start","ktime_us":124722501,"port":7302,"reachable":true,"wake_lag_us":88279}
{"cookie":20916,"ev":"listen_event","family":2,"kind":"stop","ktime_us":124722503,"port":7302,"reachable":true,"wake_lag_us":88277}
{"cookie":20917,"ev":"listen_event","family":2,"kind":"start","ktime_us":124722511,"port":7302,"reachable":true,"wake_lag_us":88269}
{"cookie":20917,"ev":"listen_event","family":2,"kind":"stop","ktime_us":124722513,"port":7302,"reachable":true,"wake_lag_us":88267}
{"cookie":20918,"ev":"listen_event","family":2,"kind":"start","ktime_us":124722520,"port":7302,"reachable":true,"wake_lag_us":88260}
{"cookie":20918,"ev":"listen_event","family":2,"kind":"stop","ktime_us":124722522,"port":7302,"reachable":true,"wake_lag_us":88258}
{"cookie":20919,"ev":"listen_event","family":2,"kind":"start","ktime_us":124722530,"port":7302,"reachable":true,"wake_lag_us":88250}
{"cookie":20919,"ev":"listen_event","family":2,"kind":"stop","ktime_us":124722532,"port":7302,"reachable":true,"wake_lag_us":88248}
{"cookie":20920,"ev":"listen_event","family":2,"kind":"start","ktime_us":124722540,"port":7302,"reachable":true,"wake_lag_us":88240}
{"cookie":20920,"ev":"listen_event","family":2,"kind":"stop","ktime_us":124722542,"port":7302,"reachable":true,"wake_lag_us":88238}
{"cookie":20921,"ev":"listen_event","family":2,"kind":"start","ktime_us":124722550,"port":7302,"reachable":true,"wake_lag_us":88230}
{"cookie":20921,"ev":"listen_event","family":2,"kind":"stop","ktime_us":124722552,"port":7302,"reachable":true,"wake_lag_us":88228}
{"cookie":20922,"ev":"listen_event","family":2,"kind":"start","ktime_us":124722560,"port":7302,"reachable":true,"wake_lag_us":88220}
{"cookie":20922,"ev":"listen_event","family":2,"kind":"stop","ktime_us":124722562,"port":7302,"reachable":true,"wake_lag_us":88218}
{"cookie":20923,"ev":"listen_event","family":2,"kind":"start","ktime_us":124722571,"port":7302,"reachable":true,"wake_lag_us":88209}
{"cookie":20923,"ev":"listen_event","family":2,"kind":"stop","ktime_us":124722572,"port":7302,"reachable":true,"wake_lag_us":88208}
{"cookie":20924,"ev":"listen_event","family":2,"kind":"start","ktime_us":124722581,"port":7302,"reachable":true,"wake_lag_us":88199}
{"cookie":20924,"ev":"listen_event","family":2,"kind":"stop","ktime_us":124722583,"port":7302,"reachable":true,"wake_lag_us":88197}
{"cookie":20925,"ev":"listen_event","family":2,"kind":"start","ktime_us":124722591,"port":7302,"reachable":true,"wake_lag_us":88189}
{"cookie":20925,"ev":"listen_event","family":2,"kind":"stop","ktime_us":124722592,"port":7302,"reachable":true,"wake_lag_us":88188}
{"cookie":20926,"ev":"listen_event","family":2,"kind":"start","ktime_us":124722600,"port":7302,"reachable":true,"wake_lag_us":88180}
{"cookie":20926,"ev":"listen_event","family":2,"kind":"stop","ktime_us":124722602,"port":7302,"reachable":true,"wake_lag_us":88178}
{"cookie":20927,"ev":"listen_event","family":2,"kind":"start","ktime_us":124722611,"port":7302,"reachable":true,"wake_lag_us":88169}
{"cookie":20927,"ev":"listen_event","family":2,"kind":"stop","ktime_us":124722613,"port":7302,"reachable":true,"wake_lag_us":88167}
{"cookie":20928,"ev":"listen_event","family":2,"kind":"start","ktime_us":124722621,"port":7302,"reachable":true,"wake_lag_us":88159}
{"cookie":20928,"ev":"listen_event","family":2,"kind":"stop","ktime_us":124722622,"port":7302,"reachable":true,"wake_lag_us":88158}
{"cookie":20929,"ev":"listen_event","family":2,"kind":"start","ktime_us":124722630,"port":7302,"reachable":true,"wake_lag_us":88150}
{"cookie":20929,"ev":"listen_event","family":2,"kind":"stop","ktime_us":124722632,"port":7302,"reachable":true,"wake_lag_us":88148}
{"cookie":20930,"ev":"listen_event","family":2,"kind":"start","ktime_us":124722640,"port":7302,"reachable":true,"wake_lag_us":88140}
{"cookie":20930,"ev":"listen_event","family":2,"kind":"stop","ktime_us":124722641,"port":7302,"reachable":true,"wake_lag_us":88139}
{"cookie":20931,"ev":"listen_event","family":2,"kind":"start","ktime_us":124722649,"port":7302,"reachable":true,"wake_lag_us":88131}
{"cookie":20931,"ev":"listen_event","family":2,"kind":"stop","ktime_us":124722651,"port":7302,"reachable":true,"wake_lag_us":88129}
{"cookie":20932,"ev":"listen_event","family":2,"kind":"start","ktime_us":124722659,"port":7302,"reachable":true,"wake_lag_us":88121}
{"cookie":20932,"ev":"listen_event","family":2,"kind":"stop","ktime_us":124722661,"port":7302,"reachable":true,"wake_lag_us":88119}
{"cookie":20933,"ev":"listen_event","family":2,"kind":"start","ktime_us":124722669,"port":7302,"reachable":true,"wake_lag_us":88111}
{"cookie":20933,"ev":"listen_event","family":2,"kind":"stop","ktime_us":124722670,"port":7302,"reachable":true,"wake_lag_us":88110}
{"cookie":20934,"ev":"listen_event","family":2,"kind":"start","ktime_us":124722678,"port":7302,"reachable":true,"wake_lag_us":88102}
{"cookie":20934,"ev":"listen_event","family":2,"kind":"stop","ktime_us":124722680,"port":7302,"reachable":true,"wake_lag_us":88100}
{"cookie":20935,"ev":"listen_event","family":2,"kind":"start","ktime_us":124722688,"port":7302,"reachable":true,"wake_lag_us":88092}
{"cookie":20935,"ev":"listen_event","family":2,"kind":"stop","ktime_us":124722689,"port":7302,"reachable":true,"wake_lag_us":88091}
{"cookie":20936,"ev":"listen_event","family":2,"kind":"start","ktime_us":124722708,"port":7302,"reachable":true,"wake_lag_us":88072}
{"cookie":20936,"ev":"listen_event","family":2,"kind":"stop","ktime_us":124722710,"port":7302,"reachable":true,"wake_lag_us":88070}
{"cookie":20937,"ev":"listen_event","family":2,"kind":"start","ktime_us":124722718,"port":7302,"reachable":true,"wake_lag_us":88062}
{"cookie":20937,"ev":"listen_event","family":2,"kind":"stop","ktime_us":124722719,"port":7302,"reachable":true,"wake_lag_us":88061}
{"cookie":20938,"ev":"listen_event","family":2,"kind":"start","ktime_us":124722728,"port":7302,"reachable":true,"wake_lag_us":88052}
{"cookie":20938,"ev":"listen_event","family":2,"kind":"stop","ktime_us":124722729,"port":7302,"reachable":true,"wake_lag_us":88051}
{"cookie":20939,"ev":"listen_event","family":2,"kind":"start","ktime_us":124722738,"port":7302,"reachable":true,"wake_lag_us":88042}
{"cookie":20939,"ev":"listen_event","family":2,"kind":"stop","ktime_us":124722740,"port":7302,"reachable":true,"wake_lag_us":88040}
{"cookie":20940,"ev":"listen_event","family":2,"kind":"start","ktime_us":124722748,"port":7302,"reachable":true,"wake_lag_us":88032}
{"cookie":20940,"ev":"listen_event","family":2,"kind":"stop","ktime_us":124722749,"port":7302,"reachable":true,"wake_lag_us":88031}
{"cookie":20941,"ev":"listen_event","family":2,"kind":"start","ktime_us":124722757,"port":7302,"reachable":true,"wake_lag_us":88023}
{"cookie":20941,"ev":"listen_event","family":2,"kind":"stop","ktime_us":124722759,"port":7302,"reachable":true,"wake_lag_us":88021}
{"cookie":20942,"ev":"listen_event","family":2,"kind":"start","ktime_us":124722767,"port":7302,"reachable":true,"wake_lag_us":88013}
{"cookie":20942,"ev":"listen_event","family":2,"kind":"stop","ktime_us":124722768,"port":7302,"reachable":true,"wake_lag_us":88012}
{"cookie":20943,"ev":"listen_event","family":2,"kind":"start","ktime_us":124722776,"port":7302,"reachable":true,"wake_lag_us":88004}
{"cookie":20943,"ev":"listen_event","family":2,"kind":"stop","ktime_us":124722778,"port":7302,"reachable":true,"wake_lag_us":88002}
{"cookie":20944,"ev":"listen_event","family":2,"kind":"start","ktime_us":124722786,"port":7302,"reachable":true,"wake_lag_us":87994}
{"cookie":20944,"ev":"listen_event","family":2,"kind":"stop","ktime_us":124722788,"port":7302,"reachable":true,"wake_lag_us":87992}
{"cookie":20945,"ev":"listen_event","family":2,"kind":"start","ktime_us":124722796,"port":7302,"reachable":true,"wake_lag_us":87984}
{"cookie":20945,"ev":"listen_event","family":2,"kind":"stop","ktime_us":124722797,"port":7302,"reachable":true,"wake_lag_us":87983}
{"cookie":20946,"ev":"listen_event","family":2,"kind":"start","ktime_us":124722805,"port":7302,"reachable":true,"wake_lag_us":87975}
{"cookie":20946,"ev":"listen_event","family":2,"kind":"stop","ktime_us":124722807,"port":7302,"reachable":true,"wake_lag_us":87973}
{"cookie":20947,"ev":"listen_event","family":2,"kind":"start","ktime_us":124722815,"port":7302,"reachable":true,"wake_lag_us":87965}
{"cookie":20947,"ev":"listen_event","family":2,"kind":"stop","ktime_us":124722817,"port":7302,"reachable":true,"wake_lag_us":87963}
{"cookie":20948,"ev":"listen_event","family":2,"kind":"start","ktime_us":124722825,"port":7302,"reachable":true,"wake_lag_us":87955}
{"cookie":20948,"ev":"listen_event","family":2,"kind":"stop","ktime_us":124722826,"port":7302,"reachable":true,"wake_lag_us":87954}
{"cookie":20949,"ev":"listen_event","family":2,"kind":"start","ktime_us":124722834,"port":7302,"reachable":true,"wake_lag_us":87946}
{"cookie":20949,"ev":"listen_event","family":2,"kind":"stop","ktime_us":124722836,"port":7302,"reachable":true,"wake_lag_us":87944}
{"cookie":20950,"ev":"listen_event","family":2,"kind":"start","ktime_us":124722844,"port":7302,"reachable":true,"wake_lag_us":87936}
{"cookie":20950,"ev":"listen_event","family":2,"kind":"stop","ktime_us":124722846,"port":7302,"reachable":true,"wake_lag_us":87934}
{"cookie":20951,"ev":"listen_event","family":2,"kind":"start","ktime_us":124722854,"port":7302,"reachable":true,"wake_lag_us":87926}
{"cookie":20951,"ev":"listen_event","family":2,"kind":"stop","ktime_us":124722856,"port":7302,"reachable":true,"wake_lag_us":87924}
{"cookie":20952,"ev":"listen_event","family":2,"kind":"start","ktime_us":124722864,"port":7302,"reachable":true,"wake_lag_us":87916}
{"cookie":20952,"ev":"listen_event","family":2,"kind":"stop","ktime_us":124722865,"port":7302,"reachable":true,"wake_lag_us":87915}
{"cookie":20953,"ev":"listen_event","family":2,"kind":"start","ktime_us":124722873,"port":7302,"reachable":true,"wake_lag_us":87907}
{"cookie":20953,"ev":"listen_event","family":2,"kind":"stop","ktime_us":124722875,"port":7302,"reachable":true,"wake_lag_us":87905}
{"cookie":20954,"ev":"listen_event","family":2,"kind":"start","ktime_us":124722883,"port":7302,"reachable":true,"wake_lag_us":87897}
{"cookie":20954,"ev":"listen_event","family":2,"kind":"stop","ktime_us":124722885,"port":7302,"reachable":true,"wake_lag_us":87895}
{"cookie":20955,"ev":"listen_event","family":2,"kind":"start","ktime_us":124722893,"port":7302,"reachable":true,"wake_lag_us":87887}
{"cookie":20955,"ev":"listen_event","family":2,"kind":"stop","ktime_us":124722894,"port":7302,"reachable":true,"wake_lag_us":87886}
{"cookie":20956,"ev":"listen_event","family":2,"kind":"start","ktime_us":124722902,"port":7302,"reachable":true,"wake_lag_us":87878}
{"cookie":20956,"ev":"listen_event","family":2,"kind":"stop","ktime_us":124722904,"port":7302,"reachable":true,"wake_lag_us":87876}
{"cookie":20957,"ev":"listen_event","family":2,"kind":"start","ktime_us":124722912,"port":7302,"reachable":true,"wake_lag_us":87868}
{"cookie":20957,"ev":"listen_event","family":2,"kind":"stop","ktime_us":124722913,"port":7302,"reachable":true,"wake_lag_us":87867}
{"cookie":20958,"ev":"listen_event","family":2,"kind":"start","ktime_us":124722921,"port":7302,"reachable":true,"wake_lag_us":87859}
{"cookie":20958,"ev":"listen_event","family":2,"kind":"stop","ktime_us":124722923,"port":7302,"reachable":true,"wake_lag_us":87857}
{"cookie":20959,"ev":"listen_event","family":2,"kind":"start","ktime_us":124722931,"port":7302,"reachable":true,"wake_lag_us":87849}
{"cookie":20959,"ev":"listen_event","family":2,"kind":"stop","ktime_us":124722932,"port":7302,"reachable":true,"wake_lag_us":87848}
{"cookie":20960,"ev":"listen_event","family":2,"kind":"start","ktime_us":124722940,"port":7302,"reachable":true,"wake_lag_us":87840}
{"cookie":20960,"ev":"listen_event","family":2,"kind":"stop","ktime_us":124722942,"port":7302,"reachable":true,"wake_lag_us":87838}
{"cookie":20961,"ev":"listen_event","family":2,"kind":"start","ktime_us":124722950,"port":7302,"reachable":true,"wake_lag_us":87830}
{"cookie":20961,"ev":"listen_event","family":2,"kind":"stop","ktime_us":124722952,"port":7302,"reachable":true,"wake_lag_us":87828}
{"cookie":20962,"ev":"listen_event","family":2,"kind":"start","ktime_us":124722960,"port":7302,"reachable":true,"wake_lag_us":87820}
{"cookie":20962,"ev":"listen_event","family":2,"kind":"stop","ktime_us":124722961,"port":7302,"reachable":true,"wake_lag_us":87819}
{"cookie":20963,"ev":"listen_event","family":2,"kind":"start","ktime_us":124722970,"port":7302,"reachable":true,"wake_lag_us":87810}
{"cookie":20963,"ev":"listen_event","family":2,"kind":"stop","ktime_us":124722972,"port":7302,"reachable":true,"wake_lag_us":87808}
{"cookie":20964,"ev":"listen_event","family":2,"kind":"start","ktime_us":124722979,"port":7302,"reachable":true,"wake_lag_us":87801}
{"cookie":20964,"ev":"listen_event","family":2,"kind":"stop","ktime_us":124722981,"port":7302,"reachable":true,"wake_lag_us":87799}
{"cookie":20965,"ev":"listen_event","family":2,"kind":"start","ktime_us":124722989,"port":7302,"reachable":true,"wake_lag_us":87791}
{"cookie":20965,"ev":"listen_event","family":2,"kind":"stop","ktime_us":124722991,"port":7302,"reachable":true,"wake_lag_us":87789}
{"cookie":20966,"ev":"listen_event","family":2,"kind":"start","ktime_us":124723106,"port":7302,"reachable":true,"wake_lag_us":87674}
{"cookie":20966,"ev":"listen_event","family":2,"kind":"stop","ktime_us":124723108,"port":7302,"reachable":true,"wake_lag_us":87672}
{"cookie":20967,"ev":"listen_event","family":2,"kind":"start","ktime_us":124723117,"port":7302,"reachable":true,"wake_lag_us":87663}
{"cookie":20967,"ev":"listen_event","family":2,"kind":"stop","ktime_us":124723118,"port":7302,"reachable":true,"wake_lag_us":87662}
{"cookie":20968,"ev":"listen_event","family":2,"kind":"start","ktime_us":124723126,"port":7302,"reachable":true,"wake_lag_us":87654}
{"cookie":20968,"ev":"listen_event","family":2,"kind":"stop","ktime_us":124723128,"port":7302,"reachable":true,"wake_lag_us":87652}
{"cookie":20969,"ev":"listen_event","family":2,"kind":"start","ktime_us":124723136,"port":7302,"reachable":true,"wake_lag_us":87644}
{"cookie":20969,"ev":"listen_event","family":2,"kind":"stop","ktime_us":124723138,"port":7302,"reachable":true,"wake_lag_us":87642}
{"cookie":20970,"ev":"listen_event","family":2,"kind":"start","ktime_us":124723146,"port":7302,"reachable":true,"wake_lag_us":87634}
{"cookie":20970,"ev":"listen_event","family":2,"kind":"stop","ktime_us":124723147,"port":7302,"reachable":true,"wake_lag_us":87633}
{"cookie":20971,"ev":"listen_event","family":2,"kind":"start","ktime_us":124723156,"port":7302,"reachable":true,"wake_lag_us":87624}
{"cookie":20971,"ev":"listen_event","family":2,"kind":"stop","ktime_us":124723157,"port":7302,"reachable":true,"wake_lag_us":87623}
{"cookie":20972,"ev":"listen_event","family":2,"kind":"start","ktime_us":124723165,"port":7302,"reachable":true,"wake_lag_us":87615}
{"cookie":20972,"ev":"listen_event","family":2,"kind":"stop","ktime_us":124723167,"port":7302,"reachable":true,"wake_lag_us":87613}
{"cookie":20973,"ev":"listen_event","family":2,"kind":"start","ktime_us":124723175,"port":7302,"reachable":true,"wake_lag_us":87605}
{"cookie":20973,"ev":"listen_event","family":2,"kind":"stop","ktime_us":124723176,"port":7302,"reachable":true,"wake_lag_us":87604}
{"cookie":20974,"ev":"listen_event","family":2,"kind":"start","ktime_us":124723185,"port":7302,"reachable":true,"wake_lag_us":87595}
{"cookie":20974,"ev":"listen_event","family":2,"kind":"stop","ktime_us":124723186,"port":7302,"reachable":true,"wake_lag_us":87594}
{"cookie":20975,"ev":"listen_event","family":2,"kind":"start","ktime_us":124723194,"port":7302,"reachable":true,"wake_lag_us":87586}
{"cookie":20975,"ev":"listen_event","family":2,"kind":"stop","ktime_us":124723196,"port":7302,"reachable":true,"wake_lag_us":87584}
{"cookie":20976,"ev":"listen_event","family":2,"kind":"start","ktime_us":124723204,"port":7302,"reachable":true,"wake_lag_us":87576}
{"cookie":20976,"ev":"listen_event","family":2,"kind":"stop","ktime_us":124723205,"port":7302,"reachable":true,"wake_lag_us":87575}
{"cookie":20977,"ev":"listen_event","family":2,"kind":"start","ktime_us":124723213,"port":7302,"reachable":true,"wake_lag_us":87567}
{"cookie":20977,"ev":"listen_event","family":2,"kind":"stop","ktime_us":124723215,"port":7302,"reachable":true,"wake_lag_us":87565}
{"cookie":20978,"ev":"listen_event","family":2,"kind":"start","ktime_us":124723223,"port":7302,"reachable":true,"wake_lag_us":87557}
{"cookie":20978,"ev":"listen_event","family":2,"kind":"stop","ktime_us":124723225,"port":7302,"reachable":true,"wake_lag_us":87555}
{"cookie":20979,"ev":"listen_event","family":2,"kind":"start","ktime_us":124723233,"port":7302,"reachable":true,"wake_lag_us":87547}
{"cookie":20979,"ev":"listen_event","family":2,"kind":"stop","ktime_us":124723234,"port":7302,"reachable":true,"wake_lag_us":87546}
{"cookie":20980,"ev":"listen_event","family":2,"kind":"start","ktime_us":124723242,"port":7302,"reachable":true,"wake_lag_us":87538}
{"cookie":20980,"ev":"listen_event","family":2,"kind":"stop","ktime_us":124723244,"port":7302,"reachable":true,"wake_lag_us":87536}
{"cookie":20981,"ev":"listen_event","family":2,"kind":"start","ktime_us":124723252,"port":7302,"reachable":true,"wake_lag_us":87528}
{"cookie":20981,"ev":"listen_event","family":2,"kind":"stop","ktime_us":124723254,"port":7302,"reachable":true,"wake_lag_us":87526}
{"cookie":20982,"ev":"listen_event","family":2,"kind":"start","ktime_us":124723262,"port":7302,"reachable":true,"wake_lag_us":87518}
{"cookie":20982,"ev":"listen_event","family":2,"kind":"stop","ktime_us":124723263,"port":7302,"reachable":true,"wake_lag_us":87517}
{"cookie":20983,"ev":"listen_event","family":2,"kind":"start","ktime_us":124723271,"port":7302,"reachable":true,"wake_lag_us":87509}
{"cookie":20983,"ev":"listen_event","family":2,"kind":"stop","ktime_us":124723273,"port":7302,"reachable":true,"wake_lag_us":87507}
{"cookie":20984,"ev":"listen_event","family":2,"kind":"start","ktime_us":124723281,"port":7302,"reachable":true,"wake_lag_us":87499}
{"cookie":20984,"ev":"listen_event","family":2,"kind":"stop","ktime_us":124723282,"port":7302,"reachable":true,"wake_lag_us":87498}
{"cookie":20985,"ev":"listen_event","family":2,"kind":"start","ktime_us":124723290,"port":7302,"reachable":true,"wake_lag_us":87490}
{"cookie":20985,"ev":"listen_event","family":2,"kind":"stop","ktime_us":124723292,"port":7302,"reachable":true,"wake_lag_us":87488}
{"cookie":20986,"ev":"listen_event","family":2,"kind":"start","ktime_us":124723300,"port":7302,"reachable":true,"wake_lag_us":87480}
{"cookie":20986,"ev":"listen_event","family":2,"kind":"stop","ktime_us":124723302,"port":7302,"reachable":true,"wake_lag_us":87478}
{"cookie":20987,"ev":"listen_event","family":2,"kind":"start","ktime_us":124723310,"port":7302,"reachable":true,"wake_lag_us":87470}
{"cookie":20987,"ev":"listen_event","family":2,"kind":"stop","ktime_us":124723311,"port":7302,"reachable":true,"wake_lag_us":87469}
{"cookie":20988,"ev":"listen_event","family":2,"kind":"start","ktime_us":124723319,"port":7302,"reachable":true,"wake_lag_us":87461}
{"cookie":20988,"ev":"listen_event","family":2,"kind":"stop","ktime_us":124723321,"port":7302,"reachable":true,"wake_lag_us":87459}
{"cookie":20989,"ev":"listen_event","family":2,"kind":"start","ktime_us":124723329,"port":7302,"reachable":true,"wake_lag_us":87451}
{"cookie":20989,"ev":"listen_event","family":2,"kind":"stop","ktime_us":124723331,"port":7302,"reachable":true,"wake_lag_us":87449}
{"cookie":20990,"ev":"listen_event","family":2,"kind":"start","ktime_us":124723339,"port":7302,"reachable":true,"wake_lag_us":87441}
{"cookie":20990,"ev":"listen_event","family":2,"kind":"stop","ktime_us":124723340,"port":7302,"reachable":true,"wake_lag_us":87440}
{"cookie":20991,"ev":"listen_event","family":2,"kind":"start","ktime_us":124723349,"port":7302,"reachable":true,"wake_lag_us":87431}
{"cookie":20991,"ev":"listen_event","family":2,"kind":"stop","ktime_us":124723350,"port":7302,"reachable":true,"wake_lag_us":87430}
{"cookie":20992,"ev":"listen_event","family":2,"kind":"start","ktime_us":124723358,"port":7302,"reachable":true,"wake_lag_us":87422}
{"cookie":20992,"ev":"listen_event","family":2,"kind":"stop","ktime_us":124723360,"port":7302,"reachable":true,"wake_lag_us":87420}
{"cookie":20993,"ev":"listen_event","family":2,"kind":"start","ktime_us":124723368,"port":7302,"reachable":true,"wake_lag_us":87412}
{"cookie":20993,"ev":"listen_event","family":2,"kind":"stop","ktime_us":124723370,"port":7302,"reachable":true,"wake_lag_us":87410}
{"cookie":20994,"ev":"listen_event","family":2,"kind":"start","ktime_us":124723378,"port":7302,"reachable":true,"wake_lag_us":87402}
{"cookie":20994,"ev":"listen_event","family":2,"kind":"stop","ktime_us":124723379,"port":7302,"reachable":true,"wake_lag_us":87401}
{"cookie":20995,"ev":"listen_event","family":2,"kind":"start","ktime_us":124723397,"port":7302,"reachable":true,"wake_lag_us":87383}
{"cookie":20995,"ev":"listen_event","family":2,"kind":"stop","ktime_us":124723398,"port":7302,"reachable":true,"wake_lag_us":87382}
{"cookie":20996,"ev":"listen_event","family":2,"kind":"start","ktime_us":124723407,"port":7302,"reachable":true,"wake_lag_us":87373}
{"cookie":20996,"ev":"listen_event","family":2,"kind":"stop","ktime_us":124723408,"port":7302,"reachable":true,"wake_lag_us":87372}
{"cookie":20997,"ev":"listen_event","family":2,"kind":"start","ktime_us":124723416,"port":7302,"reachable":true,"wake_lag_us":87364}
{"cookie":20997,"ev":"listen_event","family":2,"kind":"stop","ktime_us":124723418,"port":7302,"reachable":true,"wake_lag_us":87362}
{"cookie":20998,"ev":"listen_event","family":2,"kind":"start","ktime_us":124723426,"port":7302,"reachable":true,"wake_lag_us":87354}
{"cookie":20998,"ev":"listen_event","family":2,"kind":"stop","ktime_us":124723428,"port":7302,"reachable":true,"wake_lag_us":87352}
{"cookie":20999,"ev":"listen_event","family":2,"kind":"start","ktime_us":124723436,"port":7302,"reachable":true,"wake_lag_us":87344}
{"cookie":20999,"ev":"listen_event","family":2,"kind":"stop","ktime_us":124723437,"port":7302,"reachable":true,"wake_lag_us":87343}
{"cookie":21000,"ev":"listen_event","family":2,"kind":"start","ktime_us":124723445,"port":7302,"reachable":true,"wake_lag_us":87335}
{"cookie":21000,"ev":"listen_event","family":2,"kind":"stop","ktime_us":124723447,"port":7302,"reachable":true,"wake_lag_us":87333}
{"cookie":21001,"ev":"listen_event","family":2,"kind":"start","ktime_us":124723455,"port":7302,"reachable":true,"wake_lag_us":87325}
{"cookie":21001,"ev":"listen_event","family":2,"kind":"stop","ktime_us":124723456,"port":7302,"reachable":true,"wake_lag_us":87324}
{"cookie":21002,"ev":"listen_event","family":2,"kind":"start","ktime_us":124723464,"port":7302,"reachable":true,"wake_lag_us":87316}
{"cookie":21002,"ev":"listen_event","family":2,"kind":"stop","ktime_us":124723466,"port":7302,"reachable":true,"wake_lag_us":87314}
{"cookie":21003,"ev":"listen_event","family":2,"kind":"start","ktime_us":124723474,"port":7302,"reachable":true,"wake_lag_us":87306}
{"cookie":21003,"ev":"listen_event","family":2,"kind":"stop","ktime_us":124723475,"port":7302,"reachable":true,"wake_lag_us":87305}
{"cookie":21004,"ev":"listen_event","family":2,"kind":"start","ktime_us":124723483,"port":7302,"reachable":true,"wake_lag_us":87297}
{"cookie":21004,"ev":"listen_event","family":2,"kind":"stop","ktime_us":124723485,"port":7302,"reachable":true,"wake_lag_us":87295}
{"cookie":21005,"ev":"listen_event","family":2,"kind":"start","ktime_us":124723493,"port":7302,"reachable":true,"wake_lag_us":87287}
{"cookie":21005,"ev":"listen_event","family":2,"kind":"stop","ktime_us":124723495,"port":7302,"reachable":true,"wake_lag_us":87285}
{"cookie":21006,"ev":"listen_event","family":2,"kind":"start","ktime_us":124723503,"port":7302,"reachable":true,"wake_lag_us":87277}
{"cookie":21006,"ev":"listen_event","family":2,"kind":"stop","ktime_us":124723504,"port":7302,"reachable":true,"wake_lag_us":87276}
{"cookie":21007,"ev":"listen_event","family":2,"kind":"start","ktime_us":124723512,"port":7302,"reachable":true,"wake_lag_us":87268}
{"cookie":21007,"ev":"listen_event","family":2,"kind":"stop","ktime_us":124723514,"port":7302,"reachable":true,"wake_lag_us":87266}
{"cookie":21008,"ev":"listen_event","family":2,"kind":"start","ktime_us":124723522,"port":7302,"reachable":true,"wake_lag_us":87258}
{"cookie":21008,"ev":"listen_event","family":2,"kind":"stop","ktime_us":124723524,"port":7302,"reachable":true,"wake_lag_us":87256}
{"cookie":21009,"ev":"listen_event","family":2,"kind":"start","ktime_us":124723532,"port":7302,"reachable":true,"wake_lag_us":87248}
{"cookie":21009,"ev":"listen_event","family":2,"kind":"stop","ktime_us":124723533,"port":7302,"reachable":true,"wake_lag_us":87247}
{"cookie":21010,"ev":"listen_event","family":2,"kind":"start","ktime_us":124723541,"port":7302,"reachable":true,"wake_lag_us":87239}
{"cookie":21010,"ev":"listen_event","family":2,"kind":"stop","ktime_us":124723543,"port":7302,"reachable":true,"wake_lag_us":87237}
{"cookie":21011,"ev":"listen_event","family":2,"kind":"start","ktime_us":124723551,"port":7302,"reachable":true,"wake_lag_us":87229}
{"cookie":21011,"ev":"listen_event","family":2,"kind":"stop","ktime_us":124723552,"port":7302,"reachable":true,"wake_lag_us":87228}
{"cookie":21012,"ev":"listen_event","family":2,"kind":"start","ktime_us":124723561,"port":7302,"reachable":true,"wake_lag_us":87219}
{"cookie":21012,"ev":"listen_event","family":2,"kind":"stop","ktime_us":124723562,"port":7302,"reachable":true,"wake_lag_us":87218}
{"cookie":21013,"ev":"listen_event","family":2,"kind":"start","ktime_us":124723570,"port":7302,"reachable":true,"wake_lag_us":87210}
{"cookie":21013,"ev":"listen_event","family":2,"kind":"stop","ktime_us":124723572,"port":7302,"reachable":true,"wake_lag_us":87208}
{"cookie":21014,"ev":"listen_event","family":2,"kind":"start","ktime_us":124723580,"port":7302,"reachable":true,"wake_lag_us":87200}
{"cookie":21014,"ev":"listen_event","family":2,"kind":"stop","ktime_us":124723581,"port":7302,"reachable":true,"wake_lag_us":87199}
{"cookie":21015,"ev":"listen_event","family":2,"kind":"start","ktime_us":124723589,"port":7302,"reachable":true,"wake_lag_us":87191}
{"cookie":21015,"ev":"listen_event","family":2,"kind":"stop","ktime_us":124723591,"port":7302,"reachable":true,"wake_lag_us":87189}
{"cookie":21016,"ev":"listen_event","family":2,"kind":"start","ktime_us":124723599,"port":7302,"reachable":true,"wake_lag_us":87181}
{"cookie":21016,"ev":"listen_event","family":2,"kind":"stop","ktime_us":124723601,"port":7302,"reachable":true,"wake_lag_us":87179}
{"cookie":21017,"ev":"listen_event","family":2,"kind":"start","ktime_us":124723609,"port":7302,"reachable":true,"wake_lag_us":87171}
{"cookie":21017,"ev":"listen_event","family":2,"kind":"stop","ktime_us":124723610,"port":7302,"reachable":true,"wake_lag_us":87170}
{"cookie":21018,"ev":"listen_event","family":2,"kind":"start","ktime_us":124723618,"port":7302,"reachable":true,"wake_lag_us":87162}
{"cookie":21018,"ev":"listen_event","family":2,"kind":"stop","ktime_us":124723620,"port":7302,"reachable":true,"wake_lag_us":87160}
{"cookie":21019,"ev":"listen_event","family":2,"kind":"start","ktime_us":124723628,"port":7302,"reachable":true,"wake_lag_us":87152}
{"cookie":21019,"ev":"listen_event","family":2,"kind":"stop","ktime_us":124723630,"port":7302,"reachable":true,"wake_lag_us":87150}
{"cookie":21020,"ev":"listen_event","family":2,"kind":"start","ktime_us":124723638,"port":7302,"reachable":true,"wake_lag_us":87142}
{"cookie":21020,"ev":"listen_event","family":2,"kind":"stop","ktime_us":124723639,"port":7302,"reachable":true,"wake_lag_us":87141}
{"cookie":21021,"ev":"listen_event","family":2,"kind":"start","ktime_us":124723647,"port":7302,"reachable":true,"wake_lag_us":87133}
{"cookie":21021,"ev":"listen_event","family":2,"kind":"stop","ktime_us":124723649,"port":7302,"reachable":true,"wake_lag_us":87131}
{"cookie":21022,"ev":"listen_event","family":2,"kind":"start","ktime_us":124723657,"port":7302,"reachable":true,"wake_lag_us":87123}
{"cookie":21022,"ev":"listen_event","family":2,"kind":"stop","ktime_us":124723658,"port":7302,"reachable":true,"wake_lag_us":87122}
{"cookie":21023,"ev":"listen_event","family":2,"kind":"start","ktime_us":124723666,"port":7302,"reachable":true,"wake_lag_us":87114}
{"cookie":21023,"ev":"listen_event","family":2,"kind":"stop","ktime_us":124723668,"port":7302,"reachable":true,"wake_lag_us":87112}
{"cookie":21024,"ev":"listen_event","family":2,"kind":"start","ktime_us":124723676,"port":7302,"reachable":true,"wake_lag_us":87104}
{"cookie":21024,"ev":"listen_event","family":2,"kind":"stop","ktime_us":124723678,"port":7302,"reachable":true,"wake_lag_us":87102}
{"cookie":21025,"ev":"listen_event","family":2,"kind":"start","ktime_us":124723686,"port":7302,"reachable":true,"wake_lag_us":87094}
{"cookie":21025,"ev":"listen_event","family":2,"kind":"stop","ktime_us":124723687,"port":7302,"reachable":true,"wake_lag_us":87093}
{"cookie":21026,"ev":"listen_event","family":2,"kind":"start","ktime_us":124723695,"port":7302,"reachable":true,"wake_lag_us":87085}
{"cookie":21026,"ev":"listen_event","family":2,"kind":"stop","ktime_us":124723697,"port":7302,"reachable":true,"wake_lag_us":87083}
{"cookie":21027,"ev":"listen_event","family":2,"kind":"start","ktime_us":124723705,"port":7302,"reachable":true,"wake_lag_us":87075}
{"cookie":21027,"ev":"listen_event","family":2,"kind":"stop","ktime_us":124723707,"port":7302,"reachable":true,"wake_lag_us":87073}
{"cookie":21028,"ev":"listen_event","family":2,"kind":"start","ktime_us":124723715,"port":7302,"reachable":true,"wake_lag_us":87065}
{"cookie":21028,"ev":"listen_event","family":2,"kind":"stop","ktime_us":124723716,"port":7302,"reachable":true,"wake_lag_us":87064}
{"cookie":21029,"ev":"listen_event","family":2,"kind":"start","ktime_us":124723724,"port":7302,"reachable":true,"wake_lag_us":87056}
{"cookie":21029,"ev":"listen_event","family":2,"kind":"stop","ktime_us":124723726,"port":7302,"reachable":true,"wake_lag_us":87054}
{"cookie":21030,"ev":"listen_event","family":2,"kind":"start","ktime_us":124723734,"port":7302,"reachable":true,"wake_lag_us":87046}
{"cookie":21030,"ev":"listen_event","family":2,"kind":"stop","ktime_us":124723736,"port":7302,"reachable":true,"wake_lag_us":87044}
{"cookie":21031,"ev":"listen_event","family":2,"kind":"start","ktime_us":124723744,"port":7302,"reachable":true,"wake_lag_us":87036}
{"cookie":21031,"ev":"listen_event","family":2,"kind":"stop","ktime_us":124723745,"port":7302,"reachable":true,"wake_lag_us":87035}
{"cookie":21032,"ev":"listen_event","family":2,"kind":"start","ktime_us":124723754,"port":7302,"reachable":true,"wake_lag_us":87026}
{"cookie":21032,"ev":"listen_event","family":2,"kind":"stop","ktime_us":124723756,"port":7302,"reachable":true,"wake_lag_us":87024}
{"cookie":21033,"ev":"listen_event","family":2,"kind":"start","ktime_us":124723774,"port":7302,"reachable":true,"wake_lag_us":87006}
{"cookie":21033,"ev":"listen_event","family":2,"kind":"stop","ktime_us":124723775,"port":7302,"reachable":true,"wake_lag_us":87005}
{"cookie":21034,"ev":"listen_event","family":2,"kind":"start","ktime_us":124723784,"port":7302,"reachable":true,"wake_lag_us":86996}
{"cookie":21034,"ev":"listen_event","family":2,"kind":"stop","ktime_us":124723785,"port":7302,"reachable":true,"wake_lag_us":86995}
{"cookie":21035,"ev":"listen_event","family":2,"kind":"start","ktime_us":124723793,"port":7302,"reachable":true,"wake_lag_us":86987}
{"cookie":21035,"ev":"listen_event","family":2,"kind":"stop","ktime_us":124723795,"port":7302,"reachable":true,"wake_lag_us":86985}
{"cookie":21036,"ev":"listen_event","family":2,"kind":"start","ktime_us":124723803,"port":7302,"reachable":true,"wake_lag_us":86977}
{"cookie":21036,"ev":"listen_event","family":2,"kind":"stop","ktime_us":124723804,"port":7302,"reachable":true,"wake_lag_us":86976}
{"cookie":21037,"ev":"listen_event","family":2,"kind":"start","ktime_us":124723812,"port":7302,"reachable":true,"wake_lag_us":86968}
{"cookie":21037,"ev":"listen_event","family":2,"kind":"stop","ktime_us":124723814,"port":7302,"reachable":true,"wake_lag_us":86966}
{"cookie":21038,"ev":"listen_event","family":2,"kind":"start","ktime_us":124723822,"port":7302,"reachable":true,"wake_lag_us":86958}
{"cookie":21038,"ev":"listen_event","family":2,"kind":"stop","ktime_us":124723824,"port":7302,"reachable":true,"wake_lag_us":86956}
{"cookie":21039,"ev":"listen_event","family":2,"kind":"start","ktime_us":124723831,"port":7302,"reachable":true,"wake_lag_us":86949}
{"cookie":21039,"ev":"listen_event","family":2,"kind":"stop","ktime_us":124723833,"port":7302,"reachable":true,"wake_lag_us":86947}
{"cookie":21040,"ev":"listen_event","family":2,"kind":"start","ktime_us":124723841,"port":7302,"reachable":true,"wake_lag_us":86939}
{"cookie":21040,"ev":"listen_event","family":2,"kind":"stop","ktime_us":124723843,"port":7302,"reachable":true,"wake_lag_us":86937}
{"cookie":21041,"ev":"listen_event","family":2,"kind":"start","ktime_us":124723851,"port":7302,"reachable":true,"wake_lag_us":86929}
{"cookie":21041,"ev":"listen_event","family":2,"kind":"stop","ktime_us":124723852,"port":7302,"reachable":true,"wake_lag_us":86928}
{"cookie":21042,"ev":"listen_event","family":2,"kind":"start","ktime_us":124723860,"port":7302,"reachable":true,"wake_lag_us":86920}
{"cookie":21042,"ev":"listen_event","family":2,"kind":"stop","ktime_us":124723862,"port":7302,"reachable":true,"wake_lag_us":86918}
{"cookie":21043,"ev":"listen_event","family":2,"kind":"start","ktime_us":124723870,"port":7302,"reachable":true,"wake_lag_us":86910}
{"cookie":21043,"ev":"listen_event","family":2,"kind":"stop","ktime_us":124723872,"port":7302,"reachable":true,"wake_lag_us":86908}
{"cookie":21044,"ev":"listen_event","family":2,"kind":"start","ktime_us":124723880,"port":7302,"reachable":true,"wake_lag_us":86900}
{"cookie":21044,"ev":"listen_event","family":2,"kind":"stop","ktime_us":124723881,"port":7302,"reachable":true,"wake_lag_us":86899}
{"cookie":21045,"ev":"listen_event","family":2,"kind":"start","ktime_us":124723889,"port":7302,"reachable":true,"wake_lag_us":86891}
{"cookie":21045,"ev":"listen_event","family":2,"kind":"stop","ktime_us":124723891,"port":7302,"reachable":true,"wake_lag_us":86889}
{"cookie":21046,"ev":"listen_event","family":2,"kind":"start","ktime_us":124723899,"port":7302,"reachable":true,"wake_lag_us":86881}
{"cookie":21046,"ev":"listen_event","family":2,"kind":"stop","ktime_us":124723901,"port":7302,"reachable":true,"wake_lag_us":86879}
{"cookie":21047,"ev":"listen_event","family":2,"kind":"start","ktime_us":124723909,"port":7302,"reachable":true,"wake_lag_us":86871}
{"cookie":21047,"ev":"listen_event","family":2,"kind":"stop","ktime_us":124723910,"port":7302,"reachable":true,"wake_lag_us":86870}
{"cookie":21048,"ev":"listen_event","family":2,"kind":"start","ktime_us":124723918,"port":7302,"reachable":true,"wake_lag_us":86862}
{"cookie":21048,"ev":"listen_event","family":2,"kind":"stop","ktime_us":124723920,"port":7302,"reachable":true,"wake_lag_us":86860}
{"cookie":21049,"ev":"listen_event","family":2,"kind":"start","ktime_us":124723928,"port":7302,"reachable":true,"wake_lag_us":86852}
{"cookie":21049,"ev":"listen_event","family":2,"kind":"stop","ktime_us":124723930,"port":7302,"reachable":true,"wake_lag_us":86850}
{"cookie":21050,"ev":"listen_event","family":2,"kind":"start","ktime_us":124723938,"port":7302,"reachable":true,"wake_lag_us":86842}
{"cookie":21050,"ev":"listen_event","family":2,"kind":"stop","ktime_us":124723939,"port":7302,"reachable":true,"wake_lag_us":86841}
{"cookie":21051,"ev":"listen_event","family":2,"kind":"start","ktime_us":124723947,"port":7302,"reachable":true,"wake_lag_us":86833}
{"cookie":21051,"ev":"listen_event","family":2,"kind":"stop","ktime_us":124723949,"port":7302,"reachable":true,"wake_lag_us":86831}
{"cookie":21052,"ev":"listen_event","family":2,"kind":"start","ktime_us":124723957,"port":7302,"reachable":true,"wake_lag_us":86823}
{"cookie":21052,"ev":"listen_event","family":2,"kind":"stop","ktime_us":124723959,"port":7302,"reachable":true,"wake_lag_us":86821}
{"cookie":21053,"ev":"listen_event","family":2,"kind":"start","ktime_us":124723967,"port":7302,"reachable":true,"wake_lag_us":86813}
{"cookie":21053,"ev":"listen_event","family":2,"kind":"stop","ktime_us":124723968,"port":7302,"reachable":true,"wake_lag_us":86812}
{"cookie":21054,"ev":"listen_event","family":2,"kind":"start","ktime_us":124723976,"port":7302,"reachable":true,"wake_lag_us":86804}
{"cookie":21054,"ev":"listen_event","family":2,"kind":"stop","ktime_us":124723978,"port":7302,"reachable":true,"wake_lag_us":86802}
{"cookie":21055,"ev":"listen_event","family":2,"kind":"start","ktime_us":124723986,"port":7302,"reachable":true,"wake_lag_us":86794}
{"cookie":21055,"ev":"listen_event","family":2,"kind":"stop","ktime_us":124723987,"port":7302,"reachable":true,"wake_lag_us":86793}
{"cookie":21056,"ev":"listen_event","family":2,"kind":"start","ktime_us":124723995,"port":7302,"reachable":true,"wake_lag_us":86785}
{"cookie":21056,"ev":"listen_event","family":2,"kind":"stop","ktime_us":124724007,"port":7302,"reachable":true,"wake_lag_us":86773}
{"cookie":21057,"ev":"listen_event","family":2,"kind":"start","ktime_us":124724023,"port":7302,"reachable":true,"wake_lag_us":86757}
{"cookie":21057,"ev":"listen_event","family":2,"kind":"stop","ktime_us":124724024,"port":7302,"reachable":true,"wake_lag_us":86756}
{"cookie":21058,"ev":"listen_event","family":2,"kind":"start","ktime_us":124724033,"port":7302,"reachable":true,"wake_lag_us":86747}
{"cookie":21058,"ev":"listen_event","family":2,"kind":"stop","ktime_us":124724034,"port":7302,"reachable":true,"wake_lag_us":86746}
{"cookie":21059,"ev":"listen_event","family":2,"kind":"start","ktime_us":124724042,"port":7302,"reachable":true,"wake_lag_us":86738}
{"cookie":21059,"ev":"listen_event","family":2,"kind":"stop","ktime_us":124724044,"port":7302,"reachable":true,"wake_lag_us":86736}
{"cookie":21060,"ev":"listen_event","family":2,"kind":"start","ktime_us":124724052,"port":7302,"reachable":true,"wake_lag_us":86728}
{"cookie":21060,"ev":"listen_event","family":2,"kind":"stop","ktime_us":124724053,"port":7302,"reachable":true,"wake_lag_us":86727}
{"cookie":21061,"ev":"listen_event","family":2,"kind":"start","ktime_us":124724061,"port":7302,"reachable":true,"wake_lag_us":86719}
{"cookie":21061,"ev":"listen_event","family":2,"kind":"stop","ktime_us":124724063,"port":7302,"reachable":true,"wake_lag_us":86717}
{"cookie":21062,"ev":"listen_event","family":2,"kind":"start","ktime_us":124724071,"port":7302,"reachable":true,"wake_lag_us":86709}
{"cookie":21062,"ev":"listen_event","family":2,"kind":"stop","ktime_us":124724073,"port":7302,"reachable":true,"wake_lag_us":86707}
{"cookie":21063,"ev":"listen_event","family":2,"kind":"start","ktime_us":124724080,"port":7302,"reachable":true,"wake_lag_us":86700}
{"cookie":21063,"ev":"listen_event","family":2,"kind":"stop","ktime_us":124724082,"port":7302,"reachable":true,"wake_lag_us":86698}
{"cookie":21064,"ev":"listen_event","family":2,"kind":"start","ktime_us":124724090,"port":7302,"reachable":true,"wake_lag_us":86690}
{"cookie":21064,"ev":"listen_event","family":2,"kind":"stop","ktime_us":124724092,"port":7302,"reachable":true,"wake_lag_us":86688}
{"cookie":21065,"ev":"listen_event","family":2,"kind":"start","ktime_us":124724100,"port":7302,"reachable":true,"wake_lag_us":86680}
{"cookie":21065,"ev":"listen_event","family":2,"kind":"stop","ktime_us":124724101,"port":7302,"reachable":true,"wake_lag_us":86679}
{"cookie":21066,"ev":"listen_event","family":2,"kind":"start","ktime_us":124724109,"port":7302,"reachable":true,"wake_lag_us":86671}
{"cookie":21066,"ev":"listen_event","family":2,"kind":"stop","ktime_us":124724111,"port":7302,"reachable":true,"wake_lag_us":86669}
{"cookie":21067,"ev":"listen_event","family":2,"kind":"start","ktime_us":124724119,"port":7302,"reachable":true,"wake_lag_us":86661}
{"cookie":21067,"ev":"listen_event","family":2,"kind":"stop","ktime_us":124724121,"port":7302,"reachable":true,"wake_lag_us":86659}
{"cookie":21068,"ev":"listen_event","family":2,"kind":"start","ktime_us":124724129,"port":7302,"reachable":true,"wake_lag_us":86651}
{"cookie":21068,"ev":"listen_event","family":2,"kind":"stop","ktime_us":124724130,"port":7302,"reachable":true,"wake_lag_us":86650}
{"cookie":21069,"ev":"listen_event","family":2,"kind":"start","ktime_us":124724138,"port":7302,"reachable":true,"wake_lag_us":86642}
{"cookie":21069,"ev":"listen_event","family":2,"kind":"stop","ktime_us":124724140,"port":7302,"reachable":true,"wake_lag_us":86640}
{"cookie":21070,"ev":"listen_event","family":2,"kind":"start","ktime_us":124724148,"port":7302,"reachable":true,"wake_lag_us":86632}
{"cookie":21070,"ev":"listen_event","family":2,"kind":"stop","ktime_us":124724149,"port":7302,"reachable":true,"wake_lag_us":86631}
{"cookie":21071,"ev":"listen_event","family":2,"kind":"start","ktime_us":124724157,"port":7302,"reachable":true,"wake_lag_us":86623}
{"cookie":21071,"ev":"listen_event","family":2,"kind":"stop","ktime_us":124724159,"port":7302,"reachable":true,"wake_lag_us":86621}
{"cookie":21072,"ev":"listen_event","family":2,"kind":"start","ktime_us":124724167,"port":7302,"reachable":true,"wake_lag_us":86613}
{"cookie":21072,"ev":"listen_event","family":2,"kind":"stop","ktime_us":124724169,"port":7302,"reachable":true,"wake_lag_us":86611}
{"cookie":21073,"ev":"listen_event","family":2,"kind":"start","ktime_us":124724177,"port":7302,"reachable":true,"wake_lag_us":86603}
{"cookie":21073,"ev":"listen_event","family":2,"kind":"stop","ktime_us":124724178,"port":7302,"reachable":true,"wake_lag_us":86602}
{"cookie":21074,"ev":"listen_event","family":2,"kind":"start","ktime_us":124724186,"port":7302,"reachable":true,"wake_lag_us":86594}
{"cookie":21074,"ev":"listen_event","family":2,"kind":"stop","ktime_us":124724188,"port":7302,"reachable":true,"wake_lag_us":86592}
{"cookie":21075,"ev":"listen_event","family":2,"kind":"start","ktime_us":124724196,"port":7302,"reachable":true,"wake_lag_us":86584}
{"cookie":21075,"ev":"listen_event","family":2,"kind":"stop","ktime_us":124724198,"port":7302,"reachable":true,"wake_lag_us":86582}
{"cookie":21076,"ev":"listen_event","family":2,"kind":"start","ktime_us":124724206,"port":7302,"reachable":true,"wake_lag_us":86574}
{"cookie":21076,"ev":"listen_event","family":2,"kind":"stop","ktime_us":124724207,"port":7302,"reachable":true,"wake_lag_us":86573}
{"cookie":21077,"ev":"listen_event","family":2,"kind":"start","ktime_us":124724215,"port":7302,"reachable":true,"wake_lag_us":86565}
{"cookie":21077,"ev":"listen_event","family":2,"kind":"stop","ktime_us":124724217,"port":7302,"reachable":true,"wake_lag_us":86563}
{"cookie":21078,"ev":"listen_event","family":2,"kind":"start","ktime_us":124724225,"port":7302,"reachable":true,"wake_lag_us":86555}
{"cookie":21078,"ev":"listen_event","family":2,"kind":"stop","ktime_us":124724227,"port":7302,"reachable":true,"wake_lag_us":86553}
{"cookie":21079,"ev":"listen_event","family":2,"kind":"start","ktime_us":124724235,"port":7302,"reachable":true,"wake_lag_us":86545}
{"cookie":21079,"ev":"listen_event","family":2,"kind":"stop","ktime_us":124724237,"port":7302,"reachable":true,"wake_lag_us":86543}
{"cookie":21080,"ev":"listen_event","family":2,"kind":"start","ktime_us":124724245,"port":7302,"reachable":true,"wake_lag_us":86535}
{"cookie":21080,"ev":"listen_event","family":2,"kind":"stop","ktime_us":124724246,"port":7302,"reachable":true,"wake_lag_us":86534}
{"cookie":21081,"ev":"listen_event","family":2,"kind":"start","ktime_us":124724254,"port":7302,"reachable":true,"wake_lag_us":86526}
{"cookie":21081,"ev":"listen_event","family":2,"kind":"stop","ktime_us":124724256,"port":7302,"reachable":true,"wake_lag_us":86524}
{"cookie":21082,"ev":"listen_event","family":2,"kind":"start","ktime_us":124724264,"port":7302,"reachable":true,"wake_lag_us":86516}
{"cookie":21082,"ev":"listen_event","family":2,"kind":"stop","ktime_us":124724266,"port":7302,"reachable":true,"wake_lag_us":86514}
{"cookie":21083,"ev":"listen_event","family":2,"kind":"start","ktime_us":124724274,"port":7302,"reachable":true,"wake_lag_us":86506}
{"cookie":21083,"ev":"listen_event","family":2,"kind":"stop","ktime_us":124724275,"port":7302,"reachable":true,"wake_lag_us":86505}
{"cookie":21084,"ev":"listen_event","family":2,"kind":"start","ktime_us":124724283,"port":7302,"reachable":true,"wake_lag_us":86497}
{"cookie":21084,"ev":"listen_event","family":2,"kind":"stop","ktime_us":124724285,"port":7302,"reachable":true,"wake_lag_us":86495}
{"cookie":21085,"ev":"listen_event","family":2,"kind":"start","ktime_us":124724293,"port":7302,"reachable":true,"wake_lag_us":86487}
{"cookie":21085,"ev":"listen_event","family":2,"kind":"stop","ktime_us":124724295,"port":7302,"reachable":true,"wake_lag_us":86485}
{"cookie":21086,"ev":"listen_event","family":2,"kind":"start","ktime_us":124724303,"port":7302,"reachable":true,"wake_lag_us":86477}
{"cookie":21086,"ev":"listen_event","family":2,"kind":"stop","ktime_us":124724305,"port":7302,"reachable":true,"wake_lag_us":86475}
{"cookie":21087,"ev":"listen_event","family":2,"kind":"start","ktime_us":124724313,"port":7302,"reachable":true,"wake_lag_us":86467}
{"cookie":21087,"ev":"listen_event","family":2,"kind":"stop","ktime_us":124724315,"port":7302,"reachable":true,"wake_lag_us":86465}
{"cookie":21088,"ev":"listen_event","family":2,"kind":"start","ktime_us":124724323,"port":7302,"reachable":true,"wake_lag_us":86457}
{"cookie":21088,"ev":"listen_event","family":2,"kind":"stop","ktime_us":124724325,"port":7302,"reachable":true,"wake_lag_us":86455}
{"cookie":21089,"ev":"listen_event","family":2,"kind":"start","ktime_us":124724333,"port":7302,"reachable":true,"wake_lag_us":86447}
{"cookie":21089,"ev":"listen_event","family":2,"kind":"stop","ktime_us":124724334,"port":7302,"reachable":true,"wake_lag_us":86446}
{"cookie":21090,"ev":"listen_event","family":2,"kind":"start","ktime_us":124724342,"port":7302,"reachable":true,"wake_lag_us":86438}
{"cookie":21090,"ev":"listen_event","family":2,"kind":"stop","ktime_us":124724344,"port":7302,"reachable":true,"wake_lag_us":86436}
{"cookie":21091,"ev":"listen_event","family":2,"kind":"start","ktime_us":124724352,"port":7302,"reachable":true,"wake_lag_us":86428}
{"cookie":21091,"ev":"listen_event","family":2,"kind":"stop","ktime_us":124724354,"port":7302,"reachable":true,"wake_lag_us":86426}
{"cookie":21092,"ev":"listen_event","family":2,"kind":"start","ktime_us":124724362,"port":7302,"reachable":true,"wake_lag_us":86418}
{"cookie":21092,"ev":"listen_event","family":2,"kind":"stop","ktime_us":124724363,"port":7302,"reachable":true,"wake_lag_us":86417}
{"cookie":21093,"ev":"listen_event","family":2,"kind":"start","ktime_us":124724371,"port":7302,"reachable":true,"wake_lag_us":86409}
{"cookie":21093,"ev":"listen_event","family":2,"kind":"stop","ktime_us":124724373,"port":7302,"reachable":true,"wake_lag_us":86407}
{"cookie":21094,"ev":"listen_event","family":2,"kind":"start","ktime_us":124724381,"port":7302,"reachable":true,"wake_lag_us":86399}
{"cookie":21094,"ev":"listen_event","family":2,"kind":"stop","ktime_us":124724383,"port":7302,"reachable":true,"wake_lag_us":86397}
{"cookie":21095,"ev":"listen_event","family":2,"kind":"start","ktime_us":124724398,"port":7302,"reachable":true,"wake_lag_us":86382}
{"cookie":21095,"ev":"listen_event","family":2,"kind":"stop","ktime_us":124724400,"port":7302,"reachable":true,"wake_lag_us":86380}
{"cookie":21096,"ev":"listen_event","family":2,"kind":"start","ktime_us":124724408,"port":7302,"reachable":true,"wake_lag_us":86372}
{"cookie":21096,"ev":"listen_event","family":2,"kind":"stop","ktime_us":124724410,"port":7302,"reachable":true,"wake_lag_us":86370}
{"cookie":21097,"ev":"listen_event","family":2,"kind":"start","ktime_us":124724418,"port":7302,"reachable":true,"wake_lag_us":86362}
{"cookie":21097,"ev":"listen_event","family":2,"kind":"stop","ktime_us":124724419,"port":7302,"reachable":true,"wake_lag_us":86361}
{"cookie":21098,"ev":"listen_event","family":2,"kind":"start","ktime_us":124724427,"port":7302,"reachable":true,"wake_lag_us":86353}
{"cookie":21098,"ev":"listen_event","family":2,"kind":"stop","ktime_us":124724429,"port":7302,"reachable":true,"wake_lag_us":86351}
{"cookie":21099,"ev":"listen_event","family":2,"kind":"start","ktime_us":124724437,"port":7302,"reachable":true,"wake_lag_us":86343}
{"cookie":21099,"ev":"listen_event","family":2,"kind":"stop","ktime_us":124724438,"port":7302,"reachable":true,"wake_lag_us":86342}
{"cookie":21100,"ev":"listen_event","family":2,"kind":"start","ktime_us":124724446,"port":7302,"reachable":true,"wake_lag_us":86334}
{"cookie":21100,"ev":"listen_event","family":2,"kind":"stop","ktime_us":124724448,"port":7302,"reachable":true,"wake_lag_us":86332}
{"cookie":21101,"ev":"listen_event","family":2,"kind":"start","ktime_us":124724456,"port":7302,"reachable":true,"wake_lag_us":86324}
{"cookie":21101,"ev":"listen_event","family":2,"kind":"stop","ktime_us":124724458,"port":7302,"reachable":true,"wake_lag_us":86322}
{"cookie":21102,"ev":"listen_event","family":2,"kind":"start","ktime_us":124724466,"port":7302,"reachable":true,"wake_lag_us":86314}
{"cookie":21102,"ev":"listen_event","family":2,"kind":"stop","ktime_us":124724467,"port":7302,"reachable":true,"wake_lag_us":86313}
{"cookie":21103,"ev":"listen_event","family":2,"kind":"start","ktime_us":124724475,"port":7302,"reachable":true,"wake_lag_us":86305}
{"cookie":21103,"ev":"listen_event","family":2,"kind":"stop","ktime_us":124724477,"port":7302,"reachable":true,"wake_lag_us":86303}
{"cookie":21104,"ev":"listen_event","family":2,"kind":"start","ktime_us":124724485,"port":7302,"reachable":true,"wake_lag_us":86295}
{"cookie":21104,"ev":"listen_event","family":2,"kind":"stop","ktime_us":124724487,"port":7302,"reachable":true,"wake_lag_us":86293}
{"cookie":21105,"ev":"listen_event","family":2,"kind":"start","ktime_us":124724495,"port":7302,"reachable":true,"wake_lag_us":86285}
{"cookie":21105,"ev":"listen_event","family":2,"kind":"stop","ktime_us":124724497,"port":7302,"reachable":true,"wake_lag_us":86283}
{"cookie":21106,"ev":"listen_event","family":2,"kind":"start","ktime_us":124724505,"port":7302,"reachable":true,"wake_lag_us":86275}
{"cookie":21106,"ev":"listen_event","family":2,"kind":"stop","ktime_us":124724507,"port":7302,"reachable":true,"wake_lag_us":86273}
{"cookie":21107,"ev":"listen_event","family":2,"kind":"start","ktime_us":124724515,"port":7302,"reachable":true,"wake_lag_us":86265}
{"cookie":21107,"ev":"listen_event","family":2,"kind":"stop","ktime_us":124724517,"port":7302,"reachable":true,"wake_lag_us":86263}
{"cookie":21108,"ev":"listen_event","family":2,"kind":"start","ktime_us":124724524,"port":7302,"reachable":true,"wake_lag_us":86256}
{"cookie":21108,"ev":"listen_event","family":2,"kind":"stop","ktime_us":124724526,"port":7302,"reachable":true,"wake_lag_us":86254}
{"cookie":21109,"ev":"listen_event","family":2,"kind":"start","ktime_us":124724534,"port":7302,"reachable":true,"wake_lag_us":86246}
{"cookie":21109,"ev":"listen_event","family":2,"kind":"stop","ktime_us":124724536,"port":7302,"reachable":true,"wake_lag_us":86244}
{"cookie":21110,"ev":"listen_event","family":2,"kind":"start","ktime_us":124724544,"port":7302,"reachable":true,"wake_lag_us":86236}
{"cookie":21110,"ev":"listen_event","family":2,"kind":"stop","ktime_us":124724545,"port":7302,"reachable":true,"wake_lag_us":86235}
{"cookie":21111,"ev":"listen_event","family":2,"kind":"start","ktime_us":124724553,"port":7302,"reachable":true,"wake_lag_us":86227}
{"cookie":21111,"ev":"listen_event","family":2,"kind":"stop","ktime_us":124724555,"port":7302,"reachable":true,"wake_lag_us":86225}
{"cookie":21112,"ev":"listen_event","family":2,"kind":"start","ktime_us":124724563,"port":7302,"reachable":true,"wake_lag_us":86217}
{"cookie":21112,"ev":"listen_event","family":2,"kind":"stop","ktime_us":124724565,"port":7302,"reachable":true,"wake_lag_us":86215}
{"cookie":21113,"ev":"listen_event","family":2,"kind":"start","ktime_us":124724573,"port":7302,"reachable":true,"wake_lag_us":86207}
{"cookie":21113,"ev":"listen_event","family":2,"kind":"stop","ktime_us":124724575,"port":7302,"reachable":true,"wake_lag_us":86205}
{"cookie":21114,"ev":"listen_event","family":2,"kind":"start","ktime_us":124724583,"port":7302,"reachable":true,"wake_lag_us":86197}
{"cookie":21114,"ev":"listen_event","family":2,"kind":"stop","ktime_us":124724584,"port":7302,"reachable":true,"wake_lag_us":86196}
{"cookie":21115,"ev":"listen_event","family":2,"kind":"start","ktime_us":124724592,"port":7302,"reachable":true,"wake_lag_us":86188}
{"cookie":21115,"ev":"listen_event","family":2,"kind":"stop","ktime_us":124724594,"port":7302,"reachable":true,"wake_lag_us":86186}
{"cookie":21116,"ev":"listen_event","family":2,"kind":"start","ktime_us":124724602,"port":7302,"reachable":true,"wake_lag_us":86178}
{"cookie":21116,"ev":"listen_event","family":2,"kind":"stop","ktime_us":124724604,"port":7302,"reachable":true,"wake_lag_us":86176}
{"cookie":21117,"ev":"listen_event","family":2,"kind":"start","ktime_us":124724612,"port":7302,"reachable":true,"wake_lag_us":86168}
{"cookie":21117,"ev":"listen_event","family":2,"kind":"stop","ktime_us":124724613,"port":7302,"reachable":true,"wake_lag_us":86167}
{"cookie":21118,"ev":"listen_event","family":2,"kind":"start","ktime_us":124724622,"port":7302,"reachable":true,"wake_lag_us":86158}
{"cookie":21118,"ev":"listen_event","family":2,"kind":"stop","ktime_us":124724624,"port":7302,"reachable":true,"wake_lag_us":86156}
{"cookie":21119,"ev":"listen_event","family":2,"kind":"start","ktime_us":124724632,"port":7302,"reachable":true,"wake_lag_us":86148}
{"cookie":21119,"ev":"listen_event","family":2,"kind":"stop","ktime_us":124724633,"port":7302,"reachable":true,"wake_lag_us":86147}
{"cookie":21120,"ev":"listen_event","family":2,"kind":"start","ktime_us":124724641,"port":7302,"reachable":true,"wake_lag_us":86139}
{"cookie":21120,"ev":"listen_event","family":2,"kind":"stop","ktime_us":124724643,"port":7302,"reachable":true,"wake_lag_us":86137}
{"cookie":21121,"ev":"listen_event","family":2,"kind":"start","ktime_us":124724651,"port":7302,"reachable":true,"wake_lag_us":86129}
{"cookie":21121,"ev":"listen_event","family":2,"kind":"stop","ktime_us":124724653,"port":7302,"reachable":true,"wake_lag_us":86127}
{"cookie":21122,"ev":"listen_event","family":2,"kind":"start","ktime_us":124724661,"port":7302,"reachable":true,"wake_lag_us":86119}
{"cookie":21122,"ev":"listen_event","family":2,"kind":"stop","ktime_us":124724662,"port":7302,"reachable":true,"wake_lag_us":86118}
{"cookie":21123,"ev":"listen_event","family":2,"kind":"start","ktime_us":124724670,"port":7302,"reachable":true,"wake_lag_us":86110}
{"cookie":21123,"ev":"listen_event","family":2,"kind":"stop","ktime_us":124724672,"port":7302,"reachable":true,"wake_lag_us":86108}
{"cookie":21124,"ev":"listen_event","family":2,"kind":"start","ktime_us":124724680,"port":7302,"reachable":true,"wake_lag_us":86100}
{"cookie":21124,"ev":"listen_event","family":2,"kind":"stop","ktime_us":124724682,"port":7302,"reachable":true,"wake_lag_us":86098}
{"cookie":21125,"ev":"listen_event","family":2,"kind":"start","ktime_us":124724690,"port":7302,"reachable":true,"wake_lag_us":86090}
{"cookie":21125,"ev":"listen_event","family":2,"kind":"stop","ktime_us":124724691,"port":7302,"reachable":true,"wake_lag_us":86089}
{"cookie":21126,"ev":"listen_event","family":2,"kind":"start","ktime_us":124724699,"port":7302,"reachable":true,"wake_lag_us":86081}
{"cookie":21126,"ev":"listen_event","family":2,"kind":"stop","ktime_us":124724701,"port":7302,"reachable":true,"wake_lag_us":86079}
{"cookie":21127,"ev":"listen_event","family":2,"kind":"start","ktime_us":124724709,"port":7302,"reachable":true,"wake_lag_us":86071}
{"cookie":21127,"ev":"listen_event","family":2,"kind":"stop","ktime_us":124724710,"port":7302,"reachable":true,"wake_lag_us":86070}
{"cookie":21128,"ev":"listen_event","family":2,"kind":"start","ktime_us":124724718,"port":7302,"reachable":true,"wake_lag_us":86062}
{"cookie":21128,"ev":"listen_event","family":2,"kind":"stop","ktime_us":124724720,"port":7302,"reachable":true,"wake_lag_us":86060}
{"cookie":21129,"ev":"listen_event","family":2,"kind":"start","ktime_us":124724728,"port":7302,"reachable":true,"wake_lag_us":86052}
{"cookie":21129,"ev":"listen_event","family":2,"kind":"stop","ktime_us":124724729,"port":7302,"reachable":true,"wake_lag_us":86051}
{"cookie":21130,"ev":"listen_event","family":2,"kind":"start","ktime_us":124724738,"port":7302,"reachable":true,"wake_lag_us":86042}
{"cookie":21130,"ev":"listen_event","family":2,"kind":"stop","ktime_us":124724740,"port":7302,"reachable":true,"wake_lag_us":86040}
{"cookie":21131,"ev":"listen_event","family":2,"kind":"start","ktime_us":124724747,"port":7302,"reachable":true,"wake_lag_us":86033}
{"cookie":21131,"ev":"listen_event","family":2,"kind":"stop","ktime_us":124724749,"port":7302,"reachable":true,"wake_lag_us":86031}
{"cookie":21132,"ev":"listen_event","family":2,"kind":"start","ktime_us":124724757,"port":7302,"reachable":true,"wake_lag_us":86023}
{"cookie":21132,"ev":"listen_event","family":2,"kind":"stop","ktime_us":124724759,"port":7302,"reachable":true,"wake_lag_us":86021}
{"cookie":21133,"ev":"listen_event","family":2,"kind":"start","ktime_us":124724767,"port":7302,"reachable":true,"wake_lag_us":86013}
{"cookie":21133,"ev":"listen_event","family":2,"kind":"stop","ktime_us":124724768,"port":7302,"reachable":true,"wake_lag_us":86012}
{"cookie":21134,"ev":"listen_event","family":2,"kind":"start","ktime_us":124724776,"port":7302,"reachable":true,"wake_lag_us":86004}
{"cookie":21134,"ev":"listen_event","family":2,"kind":"stop","ktime_us":124724778,"port":7302,"reachable":true,"wake_lag_us":86002}
{"cookie":21135,"ev":"listen_event","family":2,"kind":"start","ktime_us":124724786,"port":7302,"reachable":true,"wake_lag_us":85994}
{"cookie":21135,"ev":"listen_event","family":2,"kind":"stop","ktime_us":124724788,"port":7302,"reachable":true,"wake_lag_us":85992}
{"cookie":21136,"ev":"listen_event","family":2,"kind":"start","ktime_us":124724796,"port":7302,"reachable":true,"wake_lag_us":85984}
{"cookie":21136,"ev":"listen_event","family":2,"kind":"stop","ktime_us":124724798,"port":7302,"reachable":true,"wake_lag_us":85982}
{"cookie":21137,"ev":"listen_event","family":2,"kind":"start","ktime_us":124724806,"port":7302,"reachable":true,"wake_lag_us":85974}
{"cookie":21137,"ev":"listen_event","family":2,"kind":"stop","ktime_us":124724808,"port":7302,"reachable":true,"wake_lag_us":85972}
{"cookie":21138,"ev":"listen_event","family":2,"kind":"start","ktime_us":124724826,"port":7302,"reachable":true,"wake_lag_us":85954}
{"cookie":21138,"ev":"listen_event","family":2,"kind":"stop","ktime_us":124724827,"port":7302,"reachable":true,"wake_lag_us":85953}
{"cookie":21139,"ev":"listen_event","family":2,"kind":"start","ktime_us":124724836,"port":7302,"reachable":true,"wake_lag_us":85944}
{"cookie":21139,"ev":"listen_event","family":2,"kind":"stop","ktime_us":124724837,"port":7302,"reachable":true,"wake_lag_us":85943}
{"cookie":21140,"ev":"listen_event","family":2,"kind":"start","ktime_us":124724845,"port":7302,"reachable":true,"wake_lag_us":85935}
{"cookie":21140,"ev":"listen_event","family":2,"kind":"stop","ktime_us":124724847,"port":7302,"reachable":true,"wake_lag_us":85933}
{"cookie":21141,"ev":"listen_event","family":2,"kind":"start","ktime_us":124724855,"port":7302,"reachable":true,"wake_lag_us":85925}
{"cookie":21141,"ev":"listen_event","family":2,"kind":"stop","ktime_us":124724856,"port":7302,"reachable":true,"wake_lag_us":85924}
{"cookie":21142,"ev":"listen_event","family":2,"kind":"start","ktime_us":124724865,"port":7302,"reachable":true,"wake_lag_us":85915}
{"cookie":21142,"ev":"listen_event","family":2,"kind":"stop","ktime_us":124724867,"port":7302,"reachable":true,"wake_lag_us":85913}
{"cookie":21143,"ev":"listen_event","family":2,"kind":"start","ktime_us":124724875,"port":7302,"reachable":true,"wake_lag_us":85905}
{"cookie":21143,"ev":"listen_event","family":2,"kind":"stop","ktime_us":124724876,"port":7302,"reachable":true,"wake_lag_us":85904}
{"cookie":21144,"ev":"listen_event","family":2,"kind":"start","ktime_us":124724884,"port":7302,"reachable":true,"wake_lag_us":85896}
{"cookie":21144,"ev":"listen_event","family":2,"kind":"stop","ktime_us":124724886,"port":7302,"reachable":true,"wake_lag_us":85894}
{"cookie":21145,"ev":"listen_event","family":2,"kind":"start","ktime_us":124724894,"port":7302,"reachable":true,"wake_lag_us":85886}
{"cookie":21145,"ev":"listen_event","family":2,"kind":"stop","ktime_us":124724896,"port":7302,"reachable":true,"wake_lag_us":85884}
{"cookie":21146,"ev":"listen_event","family":2,"kind":"start","ktime_us":124724904,"port":7302,"reachable":true,"wake_lag_us":85876}
{"cookie":21146,"ev":"listen_event","family":2,"kind":"stop","ktime_us":124724905,"port":7302,"reachable":true,"wake_lag_us":85875}
{"cookie":21147,"ev":"listen_event","family":2,"kind":"start","ktime_us":124724913,"port":7302,"reachable":true,"wake_lag_us":85867}
{"cookie":21147,"ev":"listen_event","family":2,"kind":"stop","ktime_us":124724915,"port":7302,"reachable":true,"wake_lag_us":85865}
{"cookie":21148,"ev":"listen_event","family":2,"kind":"start","ktime_us":124724923,"port":7302,"reachable":true,"wake_lag_us":85857}
{"cookie":21148,"ev":"listen_event","family":2,"kind":"stop","ktime_us":124724924,"port":7302,"reachable":true,"wake_lag_us":85856}
{"cookie":21149,"ev":"listen_event","family":2,"kind":"start","ktime_us":124724932,"port":7302,"reachable":true,"wake_lag_us":85848}
{"cookie":21149,"ev":"listen_event","family":2,"kind":"stop","ktime_us":124724934,"port":7302,"reachable":true,"wake_lag_us":85846}
{"cookie":21150,"ev":"listen_event","family":2,"kind":"start","ktime_us":124724942,"port":7302,"reachable":true,"wake_lag_us":85838}
{"cookie":21150,"ev":"listen_event","family":2,"kind":"stop","ktime_us":124724944,"port":7302,"reachable":true,"wake_lag_us":85836}
{"cookie":21151,"ev":"listen_event","family":2,"kind":"start","ktime_us":124724952,"port":7302,"reachable":true,"wake_lag_us":85828}
{"cookie":21151,"ev":"listen_event","family":2,"kind":"stop","ktime_us":124724953,"port":7302,"reachable":true,"wake_lag_us":85827}
{"cookie":21152,"ev":"listen_event","family":2,"kind":"start","ktime_us":124724961,"port":7302,"reachable":true,"wake_lag_us":85819}
{"cookie":21152,"ev":"listen_event","family":2,"kind":"stop","ktime_us":124724963,"port":7302,"reachable":true,"wake_lag_us":85817}
{"cookie":21153,"ev":"listen_event","family":2,"kind":"start","ktime_us":124724971,"port":7302,"reachable":true,"wake_lag_us":85809}
{"cookie":21153,"ev":"listen_event","family":2,"kind":"stop","ktime_us":124724972,"port":7302,"reachable":true,"wake_lag_us":85808}
{"cookie":21154,"ev":"listen_event","family":2,"kind":"start","ktime_us":124724981,"port":7302,"reachable":true,"wake_lag_us":85799}
{"cookie":21154,"ev":"listen_event","family":2,"kind":"stop","ktime_us":124724983,"port":7302,"reachable":true,"wake_lag_us":85797}
{"cookie":21155,"ev":"listen_event","family":2,"kind":"start","ktime_us":124724991,"port":7302,"reachable":true,"wake_lag_us":85789}
{"cookie":21155,"ev":"listen_event","family":2,"kind":"stop","ktime_us":124724992,"port":7302,"reachable":true,"wake_lag_us":85788}
{"cookie":21156,"ev":"listen_event","family":2,"kind":"start","ktime_us":124725104,"port":7302,"reachable":true,"wake_lag_us":85676}
{"cookie":21156,"ev":"listen_event","family":2,"kind":"stop","ktime_us":124725105,"port":7302,"reachable":true,"wake_lag_us":85675}
{"cookie":21157,"ev":"listen_event","family":2,"kind":"start","ktime_us":124725114,"port":7302,"reachable":true,"wake_lag_us":85666}
{"cookie":21157,"ev":"listen_event","family":2,"kind":"stop","ktime_us":124725116,"port":7302,"reachable":true,"wake_lag_us":85664}
{"cookie":21158,"ev":"listen_event","family":2,"kind":"start","ktime_us":124725124,"port":7302,"reachable":true,"wake_lag_us":85656}
{"cookie":21158,"ev":"listen_event","family":2,"kind":"stop","ktime_us":124725126,"port":7302,"reachable":true,"wake_lag_us":85654}
{"cookie":21159,"ev":"listen_event","family":2,"kind":"start","ktime_us":124725134,"port":7302,"reachable":true,"wake_lag_us":85646}
{"cookie":21159,"ev":"listen_event","family":2,"kind":"stop","ktime_us":124725136,"port":7302,"reachable":true,"wake_lag_us":85644}
{"cookie":21160,"ev":"listen_event","family":2,"kind":"start","ktime_us":124725144,"port":7302,"reachable":true,"wake_lag_us":85636}
{"cookie":21160,"ev":"listen_event","family":2,"kind":"stop","ktime_us":124725145,"port":7302,"reachable":true,"wake_lag_us":85635}
{"cookie":21161,"ev":"listen_event","family":2,"kind":"start","ktime_us":124725153,"port":7302,"reachable":true,"wake_lag_us":85627}
{"cookie":21161,"ev":"listen_event","family":2,"kind":"stop","ktime_us":124725155,"port":7302,"reachable":true,"wake_lag_us":85625}
{"cookie":21162,"ev":"listen_event","family":2,"kind":"start","ktime_us":124725164,"port":7302,"reachable":true,"wake_lag_us":85616}
{"cookie":21162,"ev":"listen_event","family":2,"kind":"stop","ktime_us":124725165,"port":7302,"reachable":true,"wake_lag_us":85615}
{"cookie":21163,"ev":"listen_event","family":2,"kind":"start","ktime_us":124725173,"port":7302,"reachable":true,"wake_lag_us":85607}
{"cookie":21163,"ev":"listen_event","family":2,"kind":"stop","ktime_us":124725175,"port":7302,"reachable":true,"wake_lag_us":85605}
{"cookie":21164,"ev":"listen_event","family":2,"kind":"start","ktime_us":124725183,"port":7302,"reachable":true,"wake_lag_us":85597}
{"cookie":21164,"ev":"listen_event","family":2,"kind":"stop","ktime_us":124725185,"port":7302,"reachable":true,"wake_lag_us":85595}
{"cookie":21165,"ev":"listen_event","family":2,"kind":"start","ktime_us":124725193,"port":7302,"reachable":true,"wake_lag_us":85587}
{"cookie":21165,"ev":"listen_event","family":2,"kind":"stop","ktime_us":124725195,"port":7302,"reachable":true,"wake_lag_us":85585}
{"cookie":21166,"ev":"listen_event","family":2,"kind":"start","ktime_us":124725203,"port":7302,"reachable":true,"wake_lag_us":85577}
{"cookie":21166,"ev":"listen_event","family":2,"kind":"stop","ktime_us":124725205,"port":7302,"reachable":true,"wake_lag_us":85575}
{"cookie":21167,"ev":"listen_event","family":2,"kind":"start","ktime_us":124725213,"port":7302,"reachable":true,"wake_lag_us":85567}
{"cookie":21167,"ev":"listen_event","family":2,"kind":"stop","ktime_us":124725214,"port":7302,"reachable":true,"wake_lag_us":85566}
{"cookie":21168,"ev":"listen_event","family":2,"kind":"start","ktime_us":124725222,"port":7302,"reachable":true,"wake_lag_us":85558}
{"cookie":21168,"ev":"listen_event","family":2,"kind":"stop","ktime_us":124725224,"port":7302,"reachable":true,"wake_lag_us":85556}
{"cookie":21169,"ev":"listen_event","family":2,"kind":"start","ktime_us":124725232,"port":7302,"reachable":true,"wake_lag_us":85548}
{"cookie":21169,"ev":"listen_event","family":2,"kind":"stop","ktime_us":124725233,"port":7302,"reachable":true,"wake_lag_us":85547}
{"cookie":21170,"ev":"listen_event","family":2,"kind":"start","ktime_us":124725241,"port":7302,"reachable":true,"wake_lag_us":85539}
{"cookie":21170,"ev":"listen_event","family":2,"kind":"stop","ktime_us":124725243,"port":7302,"reachable":true,"wake_lag_us":85537}
{"cookie":21171,"ev":"listen_event","family":2,"kind":"start","ktime_us":124725251,"port":7302,"reachable":true,"wake_lag_us":85529}
{"cookie":21171,"ev":"listen_event","family":2,"kind":"stop","ktime_us":124725253,"port":7302,"reachable":true,"wake_lag_us":85527}
{"cookie":21172,"ev":"listen_event","family":2,"kind":"start","ktime_us":124725260,"port":7302,"reachable":true,"wake_lag_us":85520}
{"cookie":21172,"ev":"listen_event","family":2,"kind":"stop","ktime_us":124725262,"port":7302,"reachable":true,"wake_lag_us":85518}
{"cookie":21173,"ev":"listen_event","family":2,"kind":"start","ktime_us":124725270,"port":7302,"reachable":true,"wake_lag_us":85510}
{"cookie":21173,"ev":"listen_event","family":2,"kind":"stop","ktime_us":124725272,"port":7302,"reachable":true,"wake_lag_us":85508}
{"cookie":21174,"ev":"listen_event","family":2,"kind":"start","ktime_us":124725280,"port":7302,"reachable":true,"wake_lag_us":85500}
{"cookie":21174,"ev":"listen_event","family":2,"kind":"stop","ktime_us":124725281,"port":7302,"reachable":true,"wake_lag_us":85499}
{"cookie":21175,"ev":"listen_event","family":2,"kind":"start","ktime_us":124725289,"port":7302,"reachable":true,"wake_lag_us":85491}
{"cookie":21175,"ev":"listen_event","family":2,"kind":"stop","ktime_us":124725291,"port":7302,"reachable":true,"wake_lag_us":85489}
{"cookie":21176,"ev":"listen_event","family":2,"kind":"start","ktime_us":124725299,"port":7302,"reachable":true,"wake_lag_us":85481}
{"cookie":21176,"ev":"listen_event","family":2,"kind":"stop","ktime_us":124725300,"port":7302,"reachable":true,"wake_lag_us":85480}
{"cookie":21177,"ev":"listen_event","family":2,"kind":"start","ktime_us":124725308,"port":7302,"reachable":true,"wake_lag_us":85472}
{"cookie":21177,"ev":"listen_event","family":2,"kind":"stop","ktime_us":124725310,"port":7302,"reachable":true,"wake_lag_us":85470}
{"cookie":21178,"ev":"listen_event","family":2,"kind":"start","ktime_us":124725318,"port":7302,"reachable":true,"wake_lag_us":85462}
{"cookie":21178,"ev":"listen_event","family":2,"kind":"stop","ktime_us":124725320,"port":7302,"reachable":true,"wake_lag_us":85460}
{"cookie":21179,"ev":"listen_event","family":2,"kind":"start","ktime_us":124725328,"port":7302,"reachable":true,"wake_lag_us":85452}
{"cookie":21179,"ev":"listen_event","family":2,"kind":"stop","ktime_us":124725329,"port":7302,"reachable":true,"wake_lag_us":85451}
{"cookie":21180,"ev":"listen_event","family":2,"kind":"start","ktime_us":124725337,"port":7302,"reachable":true,"wake_lag_us":85443}
{"cookie":21180,"ev":"listen_event","family":2,"kind":"stop","ktime_us":124725339,"port":7302,"reachable":true,"wake_lag_us":85441}
{"cookie":21181,"ev":"listen_event","family":2,"kind":"start","ktime_us":124725347,"port":7302,"reachable":true,"wake_lag_us":85433}
{"cookie":21181,"ev":"listen_event","family":2,"kind":"stop","ktime_us":124725349,"port":7302,"reachable":true,"wake_lag_us":85431}
{"cookie":21182,"ev":"listen_event","family":2,"kind":"start","ktime_us":124725356,"port":7302,"reachable":true,"wake_lag_us":85424}
{"cookie":21182,"ev":"listen_event","family":2,"kind":"stop","ktime_us":124725358,"port":7302,"reachable":true,"wake_lag_us":85422}
{"cookie":21183,"ev":"listen_event","family":2,"kind":"start","ktime_us":124725366,"port":7302,"reachable":true,"wake_lag_us":85414}
{"cookie":21183,"ev":"listen_event","family":2,"kind":"stop","ktime_us":124725368,"port":7302,"reachable":true,"wake_lag_us":85412}
{"cookie":21184,"ev":"listen_event","family":2,"kind":"start","ktime_us":124725376,"port":7302,"reachable":true,"wake_lag_us":85404}
{"cookie":21184,"ev":"listen_event","family":2,"kind":"stop","ktime_us":124725377,"port":7302,"reachable":true,"wake_lag_us":85403}
{"cookie":21185,"ev":"listen_event","family":2,"kind":"start","ktime_us":124725385,"port":7302,"reachable":true,"wake_lag_us":85395}
{"cookie":21185,"ev":"listen_event","family":2,"kind":"stop","ktime_us":124725395,"port":7302,"reachable":true,"wake_lag_us":85385}
{"cookie":21186,"ev":"listen_event","family":2,"kind":"start","ktime_us":124725403,"port":7302,"reachable":true,"wake_lag_us":85377}
{"cookie":21186,"ev":"listen_event","family":2,"kind":"stop","ktime_us":124725405,"port":7302,"reachable":true,"wake_lag_us":85375}
{"cookie":21187,"ev":"listen_event","family":2,"kind":"start","ktime_us":124725413,"port":7302,"reachable":true,"wake_lag_us":85367}
{"cookie":21187,"ev":"listen_event","family":2,"kind":"stop","ktime_us":124725414,"port":7302,"reachable":true,"wake_lag_us":85366}
{"cookie":21188,"ev":"listen_event","family":2,"kind":"start","ktime_us":124725422,"port":7302,"reachable":true,"wake_lag_us":85358}
{"cookie":21188,"ev":"listen_event","family":2,"kind":"stop","ktime_us":124725424,"port":7302,"reachable":true,"wake_lag_us":85356}
{"cookie":21189,"ev":"listen_event","family":2,"kind":"start","ktime_us":124725432,"port":7302,"reachable":true,"wake_lag_us":85348}
{"cookie":21189,"ev":"listen_event","family":2,"kind":"stop","ktime_us":124725434,"port":7302,"reachable":true,"wake_lag_us":85346}
{"cookie":21190,"ev":"listen_event","family":2,"kind":"start","ktime_us":124725442,"port":7302,"reachable":true,"wake_lag_us":85338}
{"cookie":21190,"ev":"listen_event","family":2,"kind":"stop","ktime_us":124725443,"port":7302,"reachable":true,"wake_lag_us":85337}
{"cookie":21191,"ev":"listen_event","family":2,"kind":"start","ktime_us":124725451,"port":7302,"reachable":true,"wake_lag_us":85329}
{"cookie":21191,"ev":"listen_event","family":2,"kind":"stop","ktime_us":124725453,"port":7302,"reachable":true,"wake_lag_us":85327}
{"cookie":21192,"ev":"listen_event","family":2,"kind":"start","ktime_us":124725461,"port":7302,"reachable":true,"wake_lag_us":85319}
{"cookie":21192,"ev":"listen_event","family":2,"kind":"stop","ktime_us":124725462,"port":7302,"reachable":true,"wake_lag_us":85318}
{"cookie":21193,"ev":"listen_event","family":2,"kind":"start","ktime_us":124725470,"port":7302,"reachable":true,"wake_lag_us":85310}
{"cookie":21193,"ev":"listen_event","family":2,"kind":"stop","ktime_us":124725472,"port":7302,"reachable":true,"wake_lag_us":85308}
{"cookie":21194,"ev":"listen_event","family":2,"kind":"start","ktime_us":124725480,"port":7302,"reachable":true,"wake_lag_us":85300}
{"cookie":21194,"ev":"listen_event","family":2,"kind":"stop","ktime_us":124725482,"port":7302,"reachable":true,"wake_lag_us":85298}
{"cookie":21195,"ev":"listen_event","family":2,"kind":"start","ktime_us":124725490,"port":7302,"reachable":true,"wake_lag_us":85290}
{"cookie":21195,"ev":"listen_event","family":2,"kind":"stop","ktime_us":124725491,"port":7302,"reachable":true,"wake_lag_us":85289}
{"cookie":21196,"ev":"listen_event","family":2,"kind":"start","ktime_us":124725499,"port":7302,"reachable":true,"wake_lag_us":85281}
{"cookie":21196,"ev":"listen_event","family":2,"kind":"stop","ktime_us":124725501,"port":7302,"reachable":true,"wake_lag_us":85279}
{"cookie":21197,"ev":"listen_event","family":2,"kind":"start","ktime_us":124725509,"port":7302,"reachable":true,"wake_lag_us":85271}
{"cookie":21197,"ev":"listen_event","family":2,"kind":"stop","ktime_us":124725510,"port":7302,"reachable":true,"wake_lag_us":85270}
{"cookie":21198,"ev":"listen_event","family":2,"kind":"start","ktime_us":124725519,"port":7302,"reachable":true,"wake_lag_us":85261}
{"cookie":21198,"ev":"listen_event","family":2,"kind":"stop","ktime_us":124725520,"port":7302,"reachable":true,"wake_lag_us":85260}
{"cookie":21199,"ev":"listen_event","family":2,"kind":"start","ktime_us":124725528,"port":7302,"reachable":true,"wake_lag_us":85252}
{"cookie":21199,"ev":"listen_event","family":2,"kind":"stop","ktime_us":124725530,"port":7302,"reachable":true,"wake_lag_us":85250}
{"cookie":21200,"ev":"listen_event","family":2,"kind":"start","ktime_us":124725538,"port":7302,"reachable":true,"wake_lag_us":85242}
{"cookie":21200,"ev":"listen_event","family":2,"kind":"stop","ktime_us":124725539,"port":7302,"reachable":true,"wake_lag_us":85241}
{"cookie":21201,"ev":"listen_event","family":2,"kind":"start","ktime_us":124725547,"port":7302,"reachable":true,"wake_lag_us":85233}
{"cookie":21201,"ev":"listen_event","family":2,"kind":"stop","ktime_us":124725549,"port":7302,"reachable":true,"wake_lag_us":85231}
{"cookie":21202,"ev":"listen_event","family":2,"kind":"start","ktime_us":124725557,"port":7302,"reachable":true,"wake_lag_us":85223}
{"cookie":21202,"ev":"listen_event","family":2,"kind":"stop","ktime_us":124725559,"port":7302,"reachable":true,"wake_lag_us":85221}
{"cookie":21203,"ev":"listen_event","family":2,"kind":"start","ktime_us":124725566,"port":7302,"reachable":true,"wake_lag_us":85214}
{"cookie":21203,"ev":"listen_event","family":2,"kind":"stop","ktime_us":124725568,"port":7302,"reachable":true,"wake_lag_us":85212}
{"cookie":21204,"ev":"listen_event","family":2,"kind":"start","ktime_us":124725576,"port":7302,"reachable":true,"wake_lag_us":85204}
{"cookie":21204,"ev":"listen_event","family":2,"kind":"stop","ktime_us":124725578,"port":7302,"reachable":true,"wake_lag_us":85202}
{"cookie":21205,"ev":"listen_event","family":2,"kind":"start","ktime_us":124725586,"port":7302,"reachable":true,"wake_lag_us":85194}
{"cookie":21205,"ev":"listen_event","family":2,"kind":"stop","ktime_us":124725587,"port":7302,"reachable":true,"wake_lag_us":85193}
{"cookie":21206,"ev":"listen_event","family":2,"kind":"start","ktime_us":124725595,"port":7302,"reachable":true,"wake_lag_us":85185}
{"cookie":21206,"ev":"listen_event","family":2,"kind":"stop","ktime_us":124725597,"port":7302,"reachable":true,"wake_lag_us":85183}
{"cookie":21207,"ev":"listen_event","family":2,"kind":"start","ktime_us":124725605,"port":7302,"reachable":true,"wake_lag_us":85175}
{"cookie":21207,"ev":"listen_event","family":2,"kind":"stop","ktime_us":124725607,"port":7302,"reachable":true,"wake_lag_us":85173}
{"cookie":21208,"ev":"listen_event","family":2,"kind":"start","ktime_us":124725615,"port":7302,"reachable":true,"wake_lag_us":85165}
{"cookie":21208,"ev":"listen_event","family":2,"kind":"stop","ktime_us":124725616,"port":7302,"reachable":true,"wake_lag_us":85164}
{"cookie":21209,"ev":"listen_event","family":2,"kind":"start","ktime_us":124725624,"port":7302,"reachable":true,"wake_lag_us":85156}
{"cookie":21209,"ev":"listen_event","family":2,"kind":"stop","ktime_us":124725626,"port":7302,"reachable":true,"wake_lag_us":85154}
{"cookie":21210,"ev":"listen_event","family":2,"kind":"start","ktime_us":124725634,"port":7302,"reachable":true,"wake_lag_us":85146}
{"cookie":21210,"ev":"listen_event","family":2,"kind":"stop","ktime_us":124725635,"port":7302,"reachable":true,"wake_lag_us":85145}
{"cookie":21211,"ev":"listen_event","family":2,"kind":"start","ktime_us":124725643,"port":7302,"reachable":true,"wake_lag_us":85137}
{"cookie":21211,"ev":"listen_event","family":2,"kind":"stop","ktime_us":124725645,"port":7302,"reachable":true,"wake_lag_us":85135}
{"cookie":21212,"ev":"listen_event","family":2,"kind":"start","ktime_us":124725653,"port":7302,"reachable":true,"wake_lag_us":85127}
{"cookie":21212,"ev":"listen_event","family":2,"kind":"stop","ktime_us":124725655,"port":7302,"reachable":true,"wake_lag_us":85125}
{"cookie":21213,"ev":"listen_event","family":2,"kind":"start","ktime_us":124725663,"port":7302,"reachable":true,"wake_lag_us":85117}
{"cookie":21213,"ev":"listen_event","family":2,"kind":"stop","ktime_us":124725664,"port":7302,"reachable":true,"wake_lag_us":85116}
{"cookie":21214,"ev":"listen_event","family":2,"kind":"start","ktime_us":124725672,"port":7302,"reachable":true,"wake_lag_us":85108}
{"cookie":21214,"ev":"listen_event","family":2,"kind":"stop","ktime_us":124725674,"port":7302,"reachable":true,"wake_lag_us":85106}
{"cookie":21215,"ev":"listen_event","family":2,"kind":"start","ktime_us":124725682,"port":7302,"reachable":true,"wake_lag_us":85098}
{"cookie":21215,"ev":"listen_event","family":2,"kind":"stop","ktime_us":124725683,"port":7302,"reachable":true,"wake_lag_us":85097}
{"cookie":21216,"ev":"listen_event","family":2,"kind":"start","ktime_us":124725691,"port":7302,"reachable":true,"wake_lag_us":85089}
{"cookie":21216,"ev":"listen_event","family":2,"kind":"stop","ktime_us":124725693,"port":7302,"reachable":true,"wake_lag_us":85087}
{"cookie":21217,"ev":"listen_event","family":2,"kind":"start","ktime_us":124725701,"port":7302,"reachable":true,"wake_lag_us":85079}
{"cookie":21217,"ev":"listen_event","family":2,"kind":"stop","ktime_us":124725703,"port":7302,"reachable":true,"wake_lag_us":85077}
{"cookie":21218,"ev":"listen_event","family":2,"kind":"start","ktime_us":124725711,"port":7302,"reachable":true,"wake_lag_us":85069}
{"cookie":21218,"ev":"listen_event","family":2,"kind":"stop","ktime_us":124725712,"port":7302,"reachable":true,"wake_lag_us":85068}
{"cookie":21219,"ev":"listen_event","family":2,"kind":"start","ktime_us":124725720,"port":7302,"reachable":true,"wake_lag_us":85060}
{"cookie":21219,"ev":"listen_event","family":2,"kind":"stop","ktime_us":124725722,"port":7302,"reachable":true,"wake_lag_us":85058}
{"cookie":21220,"ev":"listen_event","family":2,"kind":"start","ktime_us":124725730,"port":7302,"reachable":true,"wake_lag_us":85050}
{"cookie":21220,"ev":"listen_event","family":2,"kind":"stop","ktime_us":124725731,"port":7302,"reachable":true,"wake_lag_us":85049}
{"cookie":21221,"ev":"listen_event","family":2,"kind":"start","ktime_us":124725740,"port":7302,"reachable":true,"wake_lag_us":85040}
{"cookie":21221,"ev":"listen_event","family":2,"kind":"stop","ktime_us":124725741,"port":7302,"reachable":true,"wake_lag_us":85039}
{"cookie":21222,"ev":"listen_event","family":2,"kind":"start","ktime_us":124725749,"port":7302,"reachable":true,"wake_lag_us":85031}
{"cookie":21222,"ev":"listen_event","family":2,"kind":"stop","ktime_us":124725751,"port":7302,"reachable":true,"wake_lag_us":85029}
{"cookie":21223,"ev":"listen_event","family":2,"kind":"start","ktime_us":124725759,"port":7302,"reachable":true,"wake_lag_us":85021}
{"cookie":21223,"ev":"listen_event","family":2,"kind":"stop","ktime_us":124725760,"port":7302,"reachable":true,"wake_lag_us":85020}
{"cookie":21224,"ev":"listen_event","family":2,"kind":"start","ktime_us":124725768,"port":7302,"reachable":true,"wake_lag_us":85012}
{"cookie":21224,"ev":"listen_event","family":2,"kind":"stop","ktime_us":124725770,"port":7302,"reachable":true,"wake_lag_us":85010}
{"cookie":21225,"ev":"listen_event","family":2,"kind":"start","ktime_us":124725778,"port":7302,"reachable":true,"wake_lag_us":85002}
{"cookie":21225,"ev":"listen_event","family":2,"kind":"stop","ktime_us":124725780,"port":7302,"reachable":true,"wake_lag_us":85000}
{"cookie":21226,"ev":"listen_event","family":2,"kind":"start","ktime_us":124725788,"port":7302,"reachable":true,"wake_lag_us":84992}
{"cookie":21226,"ev":"listen_event","family":2,"kind":"stop","ktime_us":124725789,"port":7302,"reachable":true,"wake_lag_us":84991}
{"cookie":21227,"ev":"listen_event","family":2,"kind":"start","ktime_us":124725797,"port":7302,"reachable":true,"wake_lag_us":84983}
{"cookie":21227,"ev":"listen_event","family":2,"kind":"stop","ktime_us":124725799,"port":7302,"reachable":true,"wake_lag_us":84981}
{"cookie":21228,"ev":"listen_event","family":2,"kind":"start","ktime_us":124725807,"port":7302,"reachable":true,"wake_lag_us":84973}
{"cookie":21228,"ev":"listen_event","family":2,"kind":"stop","ktime_us":124725808,"port":7302,"reachable":true,"wake_lag_us":84972}
{"cookie":21229,"ev":"listen_event","family":2,"kind":"start","ktime_us":124725816,"port":7302,"reachable":true,"wake_lag_us":84964}
{"cookie":21229,"ev":"listen_event","family":2,"kind":"stop","ktime_us":124725818,"port":7302,"reachable":true,"wake_lag_us":84962}
{"cookie":21230,"ev":"listen_event","family":2,"kind":"start","ktime_us":124725826,"port":7302,"reachable":true,"wake_lag_us":84954}
{"cookie":21230,"ev":"listen_event","family":2,"kind":"stop","ktime_us":124725828,"port":7302,"reachable":true,"wake_lag_us":84952}
{"cookie":21231,"ev":"listen_event","family":2,"kind":"start","ktime_us":124725836,"port":7302,"reachable":true,"wake_lag_us":84944}
{"cookie":21231,"ev":"listen_event","family":2,"kind":"stop","ktime_us":124725837,"port":7302,"reachable":true,"wake_lag_us":84943}
{"cookie":21232,"ev":"listen_event","family":2,"kind":"start","ktime_us":124725845,"port":7302,"reachable":true,"wake_lag_us":84935}
{"cookie":21232,"ev":"listen_event","family":2,"kind":"stop","ktime_us":124725847,"port":7302,"reachable":true,"wake_lag_us":84933}
{"cookie":21233,"ev":"listen_event","family":2,"kind":"start","ktime_us":124725855,"port":7302,"reachable":true,"wake_lag_us":84925}
{"cookie":21233,"ev":"listen_event","family":2,"kind":"stop","ktime_us":124725856,"port":7302,"reachable":true,"wake_lag_us":84924}
{"cookie":21234,"ev":"listen_event","family":2,"kind":"start","ktime_us":124725865,"port":7302,"reachable":true,"wake_lag_us":84915}
{"cookie":21234,"ev":"listen_event","family":2,"kind":"stop","ktime_us":124725866,"port":7302,"reachable":true,"wake_lag_us":84914}
{"cookie":21235,"ev":"listen_event","family":2,"kind":"start","ktime_us":124725885,"port":7302,"reachable":true,"wake_lag_us":84895}
{"cookie":21235,"ev":"listen_event","family":2,"kind":"stop","ktime_us":124725887,"port":7302,"reachable":true,"wake_lag_us":84893}
{"cookie":21236,"ev":"listen_event","family":2,"kind":"start","ktime_us":124725895,"port":7302,"reachable":true,"wake_lag_us":84885}
{"cookie":21236,"ev":"listen_event","family":2,"kind":"stop","ktime_us":124725897,"port":7302,"reachable":true,"wake_lag_us":84883}
{"cookie":21237,"ev":"listen_event","family":2,"kind":"start","ktime_us":124725905,"port":7302,"reachable":true,"wake_lag_us":84875}
{"cookie":21237,"ev":"listen_event","family":2,"kind":"stop","ktime_us":124725906,"port":7302,"reachable":true,"wake_lag_us":84874}
{"cookie":21238,"ev":"listen_event","family":2,"kind":"start","ktime_us":124725914,"port":7302,"reachable":true,"wake_lag_us":84866}
{"cookie":21238,"ev":"listen_event","family":2,"kind":"stop","ktime_us":124725916,"port":7302,"reachable":true,"wake_lag_us":84864}
{"cookie":21239,"ev":"listen_event","family":2,"kind":"start","ktime_us":124725924,"port":7302,"reachable":true,"wake_lag_us":84856}
{"cookie":21239,"ev":"listen_event","family":2,"kind":"stop","ktime_us":124725926,"port":7302,"reachable":true,"wake_lag_us":84854}
{"cookie":21240,"ev":"listen_event","family":2,"kind":"start","ktime_us":124725934,"port":7302,"reachable":true,"wake_lag_us":84846}
{"cookie":21240,"ev":"listen_event","family":2,"kind":"stop","ktime_us":124725935,"port":7302,"reachable":true,"wake_lag_us":84845}
{"cookie":21241,"ev":"listen_event","family":2,"kind":"start","ktime_us":124725943,"port":7302,"reachable":true,"wake_lag_us":84837}
{"cookie":21241,"ev":"listen_event","family":2,"kind":"stop","ktime_us":124725945,"port":7302,"reachable":true,"wake_lag_us":84835}
{"cookie":21242,"ev":"listen_event","family":2,"kind":"start","ktime_us":124725953,"port":7302,"reachable":true,"wake_lag_us":84827}
{"cookie":21242,"ev":"listen_event","family":2,"kind":"stop","ktime_us":124725954,"port":7302,"reachable":true,"wake_lag_us":84826}
{"cookie":21243,"ev":"listen_event","family":2,"kind":"start","ktime_us":124725962,"port":7302,"reachable":true,"wake_lag_us":84818}
{"cookie":21243,"ev":"listen_event","family":2,"kind":"stop","ktime_us":124725964,"port":7302,"reachable":true,"wake_lag_us":84816}
{"cookie":21244,"ev":"listen_event","family":2,"kind":"start","ktime_us":124725972,"port":7302,"reachable":true,"wake_lag_us":84808}
{"cookie":21244,"ev":"listen_event","family":2,"kind":"stop","ktime_us":124725974,"port":7302,"reachable":true,"wake_lag_us":84806}
{"cookie":21245,"ev":"listen_event","family":2,"kind":"start","ktime_us":124725982,"port":7302,"reachable":true,"wake_lag_us":84798}
{"cookie":21245,"ev":"listen_event","family":2,"kind":"stop","ktime_us":124725983,"port":7302,"reachable":true,"wake_lag_us":84797}
{"cookie":21246,"ev":"listen_event","family":2,"kind":"start","ktime_us":124725991,"port":7302,"reachable":true,"wake_lag_us":84789}
{"cookie":21246,"ev":"listen_event","family":2,"kind":"stop","ktime_us":124725993,"port":7302,"reachable":true,"wake_lag_us":84787}
{"cookie":21247,"ev":"listen_event","family":2,"kind":"start","ktime_us":124726011,"port":7302,"reachable":true,"wake_lag_us":84769}
{"cookie":21247,"ev":"listen_event","family":2,"kind":"stop","ktime_us":124726014,"port":7302,"reachable":true,"wake_lag_us":84766}
{"cookie":21248,"ev":"listen_event","family":2,"kind":"start","ktime_us":124726028,"port":7302,"reachable":true,"wake_lag_us":84752}
{"cookie":21248,"ev":"listen_event","family":2,"kind":"stop","ktime_us":124726030,"port":7302,"reachable":true,"wake_lag_us":84750}
{"cookie":21249,"ev":"listen_event","family":2,"kind":"start","ktime_us":124726038,"port":7302,"reachable":true,"wake_lag_us":84742}
{"cookie":21249,"ev":"listen_event","family":2,"kind":"stop","ktime_us":124726040,"port":7302,"reachable":true,"wake_lag_us":84740}
{"cookie":21250,"ev":"listen_event","family":2,"kind":"start","ktime_us":124726048,"port":7302,"reachable":true,"wake_lag_us":84732}
{"cookie":21250,"ev":"listen_event","family":2,"kind":"stop","ktime_us":124726049,"port":7302,"reachable":true,"wake_lag_us":84731}
{"cookie":21251,"ev":"listen_event","family":2,"kind":"start","ktime_us":124726057,"port":7302,"reachable":true,"wake_lag_us":84723}
{"cookie":21251,"ev":"listen_event","family":2,"kind":"stop","ktime_us":124726059,"port":7302,"reachable":true,"wake_lag_us":84721}
{"cookie":21252,"ev":"listen_event","family":2,"kind":"start","ktime_us":124726067,"port":7302,"reachable":true,"wake_lag_us":84713}
{"cookie":21252,"ev":"listen_event","family":2,"kind":"stop","ktime_us":124726068,"port":7302,"reachable":true,"wake_lag_us":84712}
{"cookie":21253,"ev":"listen_event","family":2,"kind":"start","ktime_us":124726076,"port":7302,"reachable":true,"wake_lag_us":84704}
{"cookie":21253,"ev":"listen_event","family":2,"kind":"stop","ktime_us":124726078,"port":7302,"reachable":true,"wake_lag_us":84702}
{"cookie":21254,"ev":"listen_event","family":2,"kind":"start","ktime_us":124726086,"port":7302,"reachable":true,"wake_lag_us":84694}
{"cookie":21254,"ev":"listen_event","family":2,"kind":"stop","ktime_us":124726088,"port":7302,"reachable":true,"wake_lag_us":84692}
{"cookie":21255,"ev":"listen_event","family":2,"kind":"start","ktime_us":124726095,"port":7302,"reachable":true,"wake_lag_us":84685}
{"cookie":21255,"ev":"listen_event","family":2,"kind":"stop","ktime_us":124726097,"port":7302,"reachable":true,"wake_lag_us":84683}
{"cookie":21256,"ev":"listen_event","family":2,"kind":"start","ktime_us":124726105,"port":7302,"reachable":true,"wake_lag_us":84675}
{"cookie":21256,"ev":"listen_event","family":2,"kind":"stop","ktime_us":124726107,"port":7302,"reachable":true,"wake_lag_us":84673}
{"cookie":21257,"ev":"listen_event","family":2,"kind":"start","ktime_us":124726115,"port":7302,"reachable":true,"wake_lag_us":84665}
{"cookie":21257,"ev":"listen_event","family":2,"kind":"stop","ktime_us":124726116,"port":7302,"reachable":true,"wake_lag_us":84664}
{"cookie":21258,"ev":"listen_event","family":2,"kind":"start","ktime_us":124726124,"port":7302,"reachable":true,"wake_lag_us":84656}
{"cookie":21258,"ev":"listen_event","family":2,"kind":"stop","ktime_us":124726126,"port":7302,"reachable":true,"wake_lag_us":84654}
{"cookie":21259,"ev":"listen_event","family":2,"kind":"start","ktime_us":124726134,"port":7302,"reachable":true,"wake_lag_us":84646}
{"cookie":21259,"ev":"listen_event","family":2,"kind":"stop","ktime_us":124726136,"port":7302,"reachable":true,"wake_lag_us":84644}
{"cookie":21260,"ev":"listen_event","family":2,"kind":"start","ktime_us":124726144,"port":7302,"reachable":true,"wake_lag_us":84636}
{"cookie":21260,"ev":"listen_event","family":2,"kind":"stop","ktime_us":124726145,"port":7302,"reachable":true,"wake_lag_us":84635}
{"cookie":21261,"ev":"listen_event","family":2,"kind":"start","ktime_us":124726153,"port":7302,"reachable":true,"wake_lag_us":84627}
{"cookie":21261,"ev":"listen_event","family":2,"kind":"stop","ktime_us":124726155,"port":7302,"reachable":true,"wake_lag_us":84625}
{"cookie":21262,"ev":"listen_event","family":2,"kind":"start","ktime_us":124726163,"port":7302,"reachable":true,"wake_lag_us":84617}
{"cookie":21262,"ev":"listen_event","family":2,"kind":"stop","ktime_us":124726164,"port":7302,"reachable":true,"wake_lag_us":84616}
{"cookie":21263,"ev":"listen_event","family":2,"kind":"start","ktime_us":124726172,"port":7302,"reachable":true,"wake_lag_us":84608}
{"cookie":21263,"ev":"listen_event","family":2,"kind":"stop","ktime_us":124726174,"port":7302,"reachable":true,"wake_lag_us":84606}
{"cookie":21264,"ev":"listen_event","family":2,"kind":"start","ktime_us":124726182,"port":7302,"reachable":true,"wake_lag_us":84598}
{"cookie":21264,"ev":"listen_event","family":2,"kind":"stop","ktime_us":124726183,"port":7302,"reachable":true,"wake_lag_us":84597}
{"cookie":21265,"ev":"listen_event","family":2,"kind":"start","ktime_us":124726191,"port":7302,"reachable":true,"wake_lag_us":84589}
{"cookie":21265,"ev":"listen_event","family":2,"kind":"stop","ktime_us":124726193,"port":7302,"reachable":true,"wake_lag_us":84587}
{"cookie":21266,"ev":"listen_event","family":2,"kind":"start","ktime_us":124726201,"port":7302,"reachable":true,"wake_lag_us":84579}
{"cookie":21266,"ev":"listen_event","family":2,"kind":"stop","ktime_us":124726203,"port":7302,"reachable":true,"wake_lag_us":84577}
{"cookie":21267,"ev":"listen_event","family":2,"kind":"start","ktime_us":124726211,"port":7302,"reachable":true,"wake_lag_us":84569}
{"cookie":21267,"ev":"listen_event","family":2,"kind":"stop","ktime_us":124726213,"port":7302,"reachable":true,"wake_lag_us":84567}
{"cookie":21268,"ev":"listen_event","family":2,"kind":"start","ktime_us":124726221,"port":7302,"reachable":true,"wake_lag_us":84559}
{"cookie":21268,"ev":"listen_event","family":2,"kind":"stop","ktime_us":124726223,"port":7302,"reachable":true,"wake_lag_us":84557}
{"cookie":21269,"ev":"listen_event","family":2,"kind":"start","ktime_us":124726231,"port":7302,"reachable":true,"wake_lag_us":84549}
{"cookie":21269,"ev":"listen_event","family":2,"kind":"stop","ktime_us":124726232,"port":7302,"reachable":true,"wake_lag_us":84548}
{"cookie":21270,"ev":"listen_event","family":2,"kind":"start","ktime_us":124726240,"port":7302,"reachable":true,"wake_lag_us":84540}
{"cookie":21270,"ev":"listen_event","family":2,"kind":"stop","ktime_us":124726242,"port":7302,"reachable":true,"wake_lag_us":84538}
{"cookie":21271,"ev":"listen_event","family":2,"kind":"start","ktime_us":124726250,"port":7302,"reachable":true,"wake_lag_us":84530}
{"cookie":21271,"ev":"listen_event","family":2,"kind":"stop","ktime_us":124726252,"port":7302,"reachable":true,"wake_lag_us":84528}
{"cookie":21272,"ev":"listen_event","family":2,"kind":"start","ktime_us":124726260,"port":7302,"reachable":true,"wake_lag_us":84520}
{"cookie":21272,"ev":"listen_event","family":2,"kind":"stop","ktime_us":124726261,"port":7302,"reachable":true,"wake_lag_us":84519}
{"cookie":21273,"ev":"listen_event","family":2,"kind":"start","ktime_us":124726269,"port":7302,"reachable":true,"wake_lag_us":84511}
{"cookie":21273,"ev":"listen_event","family":2,"kind":"stop","ktime_us":124726271,"port":7302,"reachable":true,"wake_lag_us":84509}
{"cookie":21274,"ev":"listen_event","family":2,"kind":"start","ktime_us":124726279,"port":7302,"reachable":true,"wake_lag_us":84501}
{"cookie":21274,"ev":"listen_event","family":2,"kind":"stop","ktime_us":124726280,"port":7302,"reachable":true,"wake_lag_us":84500}
{"cookie":21275,"ev":"listen_event","family":2,"kind":"start","ktime_us":124726289,"port":7302,"reachable":true,"wake_lag_us":84491}
{"cookie":21275,"ev":"listen_event","family":2,"kind":"stop","ktime_us":124726290,"port":7302,"reachable":true,"wake_lag_us":84490}
{"cookie":21276,"ev":"listen_event","family":2,"kind":"start","ktime_us":124726299,"port":7302,"reachable":true,"wake_lag_us":84481}
{"cookie":21276,"ev":"listen_event","family":2,"kind":"stop","ktime_us":124726300,"port":7302,"reachable":true,"wake_lag_us":84480}
{"cookie":21277,"ev":"listen_event","family":2,"kind":"start","ktime_us":124726308,"port":7302,"reachable":true,"wake_lag_us":84472}
{"cookie":21277,"ev":"listen_event","family":2,"kind":"stop","ktime_us":124726310,"port":7302,"reachable":true,"wake_lag_us":84470}
{"cookie":21278,"ev":"listen_event","family":2,"kind":"start","ktime_us":124726318,"port":7302,"reachable":true,"wake_lag_us":84462}
{"cookie":21278,"ev":"listen_event","family":2,"kind":"stop","ktime_us":124726319,"port":7302,"reachable":true,"wake_lag_us":84461}
{"cookie":21279,"ev":"listen_event","family":2,"kind":"start","ktime_us":124726327,"port":7302,"reachable":true,"wake_lag_us":84453}
{"cookie":21279,"ev":"listen_event","family":2,"kind":"stop","ktime_us":124726329,"port":7302,"reachable":true,"wake_lag_us":84451}
{"cookie":21280,"ev":"listen_event","family":2,"kind":"start","ktime_us":124726337,"port":7302,"reachable":true,"wake_lag_us":84443}
{"cookie":21280,"ev":"listen_event","family":2,"kind":"stop","ktime_us":124726339,"port":7302,"reachable":true,"wake_lag_us":84441}
{"cookie":21281,"ev":"listen_event","family":2,"kind":"start","ktime_us":124726346,"port":7302,"reachable":true,"wake_lag_us":84434}
{"cookie":21281,"ev":"listen_event","family":2,"kind":"stop","ktime_us":124726348,"port":7302,"reachable":true,"wake_lag_us":84432}
{"cookie":21282,"ev":"listen_event","family":2,"kind":"start","ktime_us":124726356,"port":7302,"reachable":true,"wake_lag_us":84424}
{"cookie":21282,"ev":"listen_event","family":2,"kind":"stop","ktime_us":124726358,"port":7302,"reachable":true,"wake_lag_us":84422}
{"cookie":21283,"ev":"listen_event","family":2,"kind":"start","ktime_us":124726366,"port":7302,"reachable":true,"wake_lag_us":84414}
{"cookie":21283,"ev":"listen_event","family":2,"kind":"stop","ktime_us":124726367,"port":7302,"reachable":true,"wake_lag_us":84413}
{"cookie":21284,"ev":"listen_event","family":2,"kind":"start","ktime_us":124726375,"port":7302,"reachable":true,"wake_lag_us":84405}
{"cookie":21284,"ev":"listen_event","family":2,"kind":"stop","ktime_us":124726377,"port":7302,"reachable":true,"wake_lag_us":84403}
{"cookie":21285,"ev":"listen_event","family":2,"kind":"start","ktime_us":124726385,"port":7302,"reachable":true,"wake_lag_us":84395}
{"cookie":21285,"ev":"listen_event","family":2,"kind":"stop","ktime_us":124726394,"port":7302,"reachable":true,"wake_lag_us":84386}
{"cookie":21286,"ev":"listen_event","family":2,"kind":"start","ktime_us":124726402,"port":7302,"reachable":true,"wake_lag_us":84378}
{"cookie":21286,"ev":"listen_event","family":2,"kind":"stop","ktime_us":124726404,"port":7302,"reachable":true,"wake_lag_us":84376}
{"cookie":21287,"ev":"listen_event","family":2,"kind":"start","ktime_us":124726412,"port":7302,"reachable":true,"wake_lag_us":84368}
{"cookie":21287,"ev":"listen_event","family":2,"kind":"stop","ktime_us":124726414,"port":7302,"reachable":true,"wake_lag_us":84366}
{"cookie":21288,"ev":"listen_event","family":2,"kind":"start","ktime_us":124726422,"port":7302,"reachable":true,"wake_lag_us":84358}
{"cookie":21288,"ev":"listen_event","family":2,"kind":"stop","ktime_us":124726423,"port":7302,"reachable":true,"wake_lag_us":84357}
{"cookie":21289,"ev":"listen_event","family":2,"kind":"start","ktime_us":124726431,"port":7302,"reachable":true,"wake_lag_us":84349}
{"cookie":21289,"ev":"listen_event","family":2,"kind":"stop","ktime_us":124726433,"port":7302,"reachable":true,"wake_lag_us":84347}
{"cookie":21290,"ev":"listen_event","family":2,"kind":"start","ktime_us":124726441,"port":7302,"reachable":true,"wake_lag_us":84339}
{"cookie":21290,"ev":"listen_event","family":2,"kind":"stop","ktime_us":124726443,"port":7302,"reachable":true,"wake_lag_us":84337}
{"cookie":21291,"ev":"listen_event","family":2,"kind":"start","ktime_us":124726451,"port":7302,"reachable":true,"wake_lag_us":84329}
{"cookie":21291,"ev":"listen_event","family":2,"kind":"stop","ktime_us":124726452,"port":7302,"reachable":true,"wake_lag_us":84328}
{"cookie":21292,"ev":"listen_event","family":2,"kind":"start","ktime_us":124726460,"port":7302,"reachable":true,"wake_lag_us":84320}
{"cookie":21292,"ev":"listen_event","family":2,"kind":"stop","ktime_us":124726462,"port":7302,"reachable":true,"wake_lag_us":84318}
{"cookie":21293,"ev":"listen_event","family":2,"kind":"start","ktime_us":124726470,"port":7302,"reachable":true,"wake_lag_us":84310}
{"cookie":21293,"ev":"listen_event","family":2,"kind":"stop","ktime_us":124726471,"port":7302,"reachable":true,"wake_lag_us":84309}
{"cookie":21294,"ev":"listen_event","family":2,"kind":"start","ktime_us":124726480,"port":7302,"reachable":true,"wake_lag_us":84300}
{"cookie":21294,"ev":"listen_event","family":2,"kind":"stop","ktime_us":124726482,"port":7302,"reachable":true,"wake_lag_us":84298}
{"cookie":21295,"ev":"listen_event","family":2,"kind":"start","ktime_us":124726490,"port":7302,"reachable":true,"wake_lag_us":84290}
{"cookie":21295,"ev":"listen_event","family":2,"kind":"stop","ktime_us":124726491,"port":7302,"reachable":true,"wake_lag_us":84289}
{"cookie":21296,"ev":"listen_event","family":2,"kind":"start","ktime_us":124726499,"port":7302,"reachable":true,"wake_lag_us":84281}
{"cookie":21296,"ev":"listen_event","family":2,"kind":"stop","ktime_us":124726501,"port":7302,"reachable":true,"wake_lag_us":84279}
{"cookie":21297,"ev":"listen_event","family":2,"kind":"start","ktime_us":124726509,"port":7302,"reachable":true,"wake_lag_us":84271}
{"cookie":21297,"ev":"listen_event","family":2,"kind":"stop","ktime_us":124726511,"port":7302,"reachable":true,"wake_lag_us":84269}
{"cookie":21298,"ev":"listen_event","family":2,"kind":"start","ktime_us":124726519,"port":7302,"reachable":true,"wake_lag_us":84261}
{"cookie":21298,"ev":"listen_event","family":2,"kind":"stop","ktime_us":124726520,"port":7302,"reachable":true,"wake_lag_us":84260}
{"cookie":21299,"ev":"listen_event","family":2,"kind":"start","ktime_us":124726528,"port":7302,"reachable":true,"wake_lag_us":84252}
{"cookie":21299,"ev":"listen_event","family":2,"kind":"stop","ktime_us":124726530,"port":7302,"reachable":true,"wake_lag_us":84250}
{"cookie":21300,"ev":"listen_event","family":2,"kind":"start","ktime_us":124726538,"port":7302,"reachable":true,"wake_lag_us":84242}
{"cookie":21300,"ev":"listen_event","family":2,"kind":"stop","ktime_us":124726540,"port":7302,"reachable":true,"wake_lag_us":84240}
{"cookie":21301,"ev":"listen_event","family":2,"kind":"start","ktime_us":124726547,"port":7302,"reachable":true,"wake_lag_us":84233}
{"cookie":21301,"ev":"listen_event","family":2,"kind":"stop","ktime_us":124726549,"port":7302,"reachable":true,"wake_lag_us":84231}
{"cookie":21302,"ev":"listen_event","family":2,"kind":"start","ktime_us":124726557,"port":7302,"reachable":true,"wake_lag_us":84223}
{"cookie":21302,"ev":"listen_event","family":2,"kind":"stop","ktime_us":124726559,"port":7302,"reachable":true,"wake_lag_us":84221}
{"cookie":21303,"ev":"listen_event","family":2,"kind":"start","ktime_us":124726567,"port":7302,"reachable":true,"wake_lag_us":84213}
{"cookie":21303,"ev":"listen_event","family":2,"kind":"stop","ktime_us":124726568,"port":7302,"reachable":true,"wake_lag_us":84212}
{"cookie":21304,"ev":"listen_event","family":2,"kind":"start","ktime_us":124726576,"port":7302,"reachable":true,"wake_lag_us":84204}
{"cookie":21304,"ev":"listen_event","family":2,"kind":"stop","ktime_us":124726578,"port":7302,"reachable":true,"wake_lag_us":84202}
{"cookie":21305,"ev":"listen_event","family":2,"kind":"start","ktime_us":124726586,"port":7302,"reachable":true,"wake_lag_us":84194}
{"cookie":21305,"ev":"listen_event","family":2,"kind":"stop","ktime_us":124726587,"port":7302,"reachable":true,"wake_lag_us":84193}
{"cookie":21306,"ev":"listen_event","family":2,"kind":"start","ktime_us":124726596,"port":7302,"reachable":true,"wake_lag_us":84184}
{"cookie":21306,"ev":"listen_event","family":2,"kind":"stop","ktime_us":124726598,"port":7302,"reachable":true,"wake_lag_us":84182}
{"cookie":21307,"ev":"listen_event","family":2,"kind":"start","ktime_us":124726605,"port":7302,"reachable":true,"wake_lag_us":84175}
{"cookie":21307,"ev":"listen_event","family":2,"kind":"stop","ktime_us":124726607,"port":7302,"reachable":true,"wake_lag_us":84173}
{"cookie":21308,"ev":"listen_event","family":2,"kind":"start","ktime_us":124726615,"port":7302,"reachable":true,"wake_lag_us":84165}
{"cookie":21308,"ev":"listen_event","family":2,"kind":"stop","ktime_us":124726617,"port":7302,"reachable":true,"wake_lag_us":84163}
{"cookie":21309,"ev":"listen_event","family":2,"kind":"start","ktime_us":124726625,"port":7302,"reachable":true,"wake_lag_us":84155}
{"cookie":21309,"ev":"listen_event","family":2,"kind":"stop","ktime_us":124726626,"port":7302,"reachable":true,"wake_lag_us":84154}
{"cookie":21310,"ev":"listen_event","family":2,"kind":"start","ktime_us":124726634,"port":7302,"reachable":true,"wake_lag_us":84146}
{"cookie":21310,"ev":"listen_event","family":2,"kind":"stop","ktime_us":124726636,"port":7302,"reachable":true,"wake_lag_us":84144}
{"cookie":21311,"ev":"listen_event","family":2,"kind":"start","ktime_us":124726644,"port":7302,"reachable":true,"wake_lag_us":84136}
{"cookie":21311,"ev":"listen_event","family":2,"kind":"stop","ktime_us":124726645,"port":7302,"reachable":true,"wake_lag_us":84135}
{"cookie":21312,"ev":"listen_event","family":2,"kind":"start","ktime_us":124726653,"port":7302,"reachable":true,"wake_lag_us":84127}
{"cookie":21312,"ev":"listen_event","family":2,"kind":"stop","ktime_us":124726655,"port":7302,"reachable":true,"wake_lag_us":84125}
{"cookie":21313,"ev":"listen_event","family":2,"kind":"start","ktime_us":124726663,"port":7302,"reachable":true,"wake_lag_us":84117}
{"cookie":21313,"ev":"listen_event","family":2,"kind":"stop","ktime_us":124726665,"port":7302,"reachable":true,"wake_lag_us":84115}
{"cookie":21314,"ev":"listen_event","family":2,"kind":"start","ktime_us":124726673,"port":7302,"reachable":true,"wake_lag_us":84107}
{"cookie":21314,"ev":"listen_event","family":2,"kind":"stop","ktime_us":124726674,"port":7302,"reachable":true,"wake_lag_us":84106}
{"cookie":21315,"ev":"listen_event","family":2,"kind":"start","ktime_us":124726682,"port":7302,"reachable":true,"wake_lag_us":84098}
{"cookie":21315,"ev":"listen_event","family":2,"kind":"stop","ktime_us":124726684,"port":7302,"reachable":true,"wake_lag_us":84096}
{"cookie":21316,"ev":"listen_event","family":2,"kind":"start","ktime_us":124726692,"port":7302,"reachable":true,"wake_lag_us":84088}
{"cookie":21316,"ev":"listen_event","family":2,"kind":"stop","ktime_us":124726693,"port":7302,"reachable":true,"wake_lag_us":84087}
{"cookie":21317,"ev":"listen_event","family":2,"kind":"start","ktime_us":124726701,"port":7302,"reachable":true,"wake_lag_us":84079}
{"cookie":21317,"ev":"listen_event","family":2,"kind":"stop","ktime_us":124726703,"port":7302,"reachable":true,"wake_lag_us":84077}
{"cookie":21318,"ev":"listen_event","family":2,"kind":"start","ktime_us":124726712,"port":7302,"reachable":true,"wake_lag_us":84068}
{"cookie":21318,"ev":"listen_event","family":2,"kind":"stop","ktime_us":124726714,"port":7302,"reachable":true,"wake_lag_us":84066}
{"cookie":21319,"ev":"listen_event","family":2,"kind":"start","ktime_us":124726722,"port":7302,"reachable":true,"wake_lag_us":84058}
{"cookie":21319,"ev":"listen_event","family":2,"kind":"stop","ktime_us":124726724,"port":7302,"reachable":true,"wake_lag_us":84056}
{"cookie":21320,"ev":"listen_event","family":2,"kind":"start","ktime_us":124726732,"port":7302,"reachable":true,"wake_lag_us":84048}
{"cookie":21320,"ev":"listen_event","family":2,"kind":"stop","ktime_us":124726733,"port":7302,"reachable":true,"wake_lag_us":84047}
{"cookie":21321,"ev":"listen_event","family":2,"kind":"start","ktime_us":124726741,"port":7302,"reachable":true,"wake_lag_us":84039}
{"cookie":21321,"ev":"listen_event","family":2,"kind":"stop","ktime_us":124726743,"port":7302,"reachable":true,"wake_lag_us":84037}
{"cookie":21322,"ev":"listen_event","family":2,"kind":"start","ktime_us":124726751,"port":7302,"reachable":true,"wake_lag_us":84029}
{"cookie":21322,"ev":"listen_event","family":2,"kind":"stop","ktime_us":124726753,"port":7302,"reachable":true,"wake_lag_us":84027}
{"cookie":21323,"ev":"listen_event","family":2,"kind":"start","ktime_us":124726761,"port":7302,"reachable":true,"wake_lag_us":84019}
{"cookie":21323,"ev":"listen_event","family":2,"kind":"stop","ktime_us":124726763,"port":7302,"reachable":true,"wake_lag_us":84017}
{"cookie":21324,"ev":"listen_event","family":2,"kind":"start","ktime_us":124726771,"port":7302,"reachable":true,"wake_lag_us":84009}
{"cookie":21324,"ev":"listen_event","family":2,"kind":"stop","ktime_us":124726772,"port":7302,"reachable":true,"wake_lag_us":84008}
{"cookie":21325,"ev":"listen_event","family":2,"kind":"start","ktime_us":124726780,"port":7302,"reachable":true,"wake_lag_us":84000}
{"cookie":21325,"ev":"listen_event","family":2,"kind":"stop","ktime_us":124726782,"port":7302,"reachable":true,"wake_lag_us":83998}
{"cookie":21326,"ev":"listen_event","family":2,"kind":"start","ktime_us":124726790,"port":7302,"reachable":true,"wake_lag_us":83990}
{"cookie":21326,"ev":"listen_event","family":2,"kind":"stop","ktime_us":124726791,"port":7302,"reachable":true,"wake_lag_us":83989}
{"cookie":21327,"ev":"listen_event","family":2,"kind":"start","ktime_us":124726799,"port":7302,"reachable":true,"wake_lag_us":83981}
{"cookie":21327,"ev":"listen_event","family":2,"kind":"stop","ktime_us":124726801,"port":7302,"reachable":true,"wake_lag_us":83979}
{"cookie":21328,"ev":"listen_event","family":2,"kind":"start","ktime_us":124726809,"port":7302,"reachable":true,"wake_lag_us":83971}
{"cookie":21328,"ev":"listen_event","family":2,"kind":"stop","ktime_us":124726811,"port":7302,"reachable":true,"wake_lag_us":83969}
{"cookie":21329,"ev":"listen_event","family":2,"kind":"start","ktime_us":124726819,"port":7302,"reachable":true,"wake_lag_us":83961}
{"cookie":21329,"ev":"listen_event","family":2,"kind":"stop","ktime_us":124726820,"port":7302,"reachable":true,"wake_lag_us":83960}
{"cookie":21330,"ev":"listen_event","family":2,"kind":"start","ktime_us":124726829,"port":7302,"reachable":true,"wake_lag_us":83951}
{"cookie":21330,"ev":"listen_event","family":2,"kind":"stop","ktime_us":124726831,"port":7302,"reachable":true,"wake_lag_us":83949}
{"cookie":21331,"ev":"listen_event","family":2,"kind":"start","ktime_us":124726839,"port":7302,"reachable":true,"wake_lag_us":83941}
{"cookie":21331,"ev":"listen_event","family":2,"kind":"stop","ktime_us":124726841,"port":7302,"reachable":true,"wake_lag_us":83939}
{"cookie":21332,"ev":"listen_event","family":2,"kind":"start","ktime_us":124726849,"port":7302,"reachable":true,"wake_lag_us":83931}
{"cookie":21332,"ev":"listen_event","family":2,"kind":"stop","ktime_us":124726850,"port":7302,"reachable":true,"wake_lag_us":83930}
{"cookie":21333,"ev":"listen_event","family":2,"kind":"start","ktime_us":124726858,"port":7302,"reachable":true,"wake_lag_us":83922}
{"cookie":21333,"ev":"listen_event","family":2,"kind":"stop","ktime_us":124726860,"port":7302,"reachable":true,"wake_lag_us":83920}
{"cookie":21334,"ev":"listen_event","family":2,"kind":"start","ktime_us":124726868,"port":7302,"reachable":true,"wake_lag_us":83912}
{"cookie":21334,"ev":"listen_event","family":2,"kind":"stop","ktime_us":124726870,"port":7302,"reachable":true,"wake_lag_us":83910}
{"cookie":21335,"ev":"listen_event","family":2,"kind":"start","ktime_us":124726878,"port":7302,"reachable":true,"wake_lag_us":83902}
{"cookie":21335,"ev":"listen_event","family":2,"kind":"stop","ktime_us":124726879,"port":7302,"reachable":true,"wake_lag_us":83901}
{"cookie":21336,"ev":"listen_event","family":2,"kind":"start","ktime_us":124726888,"port":7302,"reachable":true,"wake_lag_us":83892}
{"cookie":21336,"ev":"listen_event","family":2,"kind":"stop","ktime_us":124726889,"port":7302,"reachable":true,"wake_lag_us":83891}
{"cookie":21337,"ev":"listen_event","family":2,"kind":"start","ktime_us":124726898,"port":7302,"reachable":true,"wake_lag_us":83882}
{"cookie":21337,"ev":"listen_event","family":2,"kind":"stop","ktime_us":124726900,"port":7302,"reachable":true,"wake_lag_us":83880}
{"cookie":21338,"ev":"listen_event","family":2,"kind":"start","ktime_us":124726908,"port":7302,"reachable":true,"wake_lag_us":83872}
{"cookie":21338,"ev":"listen_event","family":2,"kind":"stop","ktime_us":124726910,"port":7302,"reachable":true,"wake_lag_us":83870}
{"cookie":21339,"ev":"listen_event","family":2,"kind":"start","ktime_us":124726918,"port":7302,"reachable":true,"wake_lag_us":83862}
{"cookie":21339,"ev":"listen_event","family":2,"kind":"stop","ktime_us":124726920,"port":7302,"reachable":true,"wake_lag_us":83860}
{"cookie":21340,"ev":"listen_event","family":2,"kind":"start","ktime_us":124726928,"port":7302,"reachable":true,"wake_lag_us":83852}
{"cookie":21340,"ev":"listen_event","family":2,"kind":"stop","ktime_us":124726930,"port":7302,"reachable":true,"wake_lag_us":83850}
{"cookie":21341,"ev":"listen_event","family":2,"kind":"start","ktime_us":124726948,"port":7302,"reachable":true,"wake_lag_us":83832}
{"cookie":21341,"ev":"listen_event","family":2,"kind":"stop","ktime_us":124726950,"port":7302,"reachable":true,"wake_lag_us":83830}
{"cookie":21342,"ev":"listen_event","family":2,"kind":"start","ktime_us":124726962,"port":7302,"reachable":true,"wake_lag_us":83818}
{"cookie":21342,"ev":"listen_event","family":2,"kind":"stop","ktime_us":124726964,"port":7302,"reachable":true,"wake_lag_us":83816}
{"cookie":21343,"ev":"listen_event","family":2,"kind":"start","ktime_us":124726972,"port":7302,"reachable":true,"wake_lag_us":83808}
{"cookie":21343,"ev":"listen_event","family":2,"kind":"stop","ktime_us":124726973,"port":7302,"reachable":true,"wake_lag_us":83807}
{"cookie":21344,"ev":"listen_event","family":2,"kind":"start","ktime_us":124726981,"port":7302,"reachable":true,"wake_lag_us":83799}
{"cookie":21344,"ev":"listen_event","family":2,"kind":"stop","ktime_us":124726983,"port":7302,"reachable":true,"wake_lag_us":83797}
{"cookie":21345,"ev":"listen_event","family":2,"kind":"start","ktime_us":124726991,"port":7302,"reachable":true,"wake_lag_us":83789}
{"cookie":21345,"ev":"listen_event","family":2,"kind":"stop","ktime_us":124726992,"port":7302,"reachable":true,"wake_lag_us":83788}
{"cookie":21346,"ev":"listen_event","family":2,"kind":"start","ktime_us":124727106,"port":7302,"reachable":true,"wake_lag_us":83674}
{"cookie":21346,"ev":"listen_event","family":2,"kind":"stop","ktime_us":124727108,"port":7302,"reachable":true,"wake_lag_us":83672}
{"cookie":21347,"ev":"listen_event","family":2,"kind":"start","ktime_us":124727116,"port":7302,"reachable":true,"wake_lag_us":83664}
{"cookie":21347,"ev":"listen_event","family":2,"kind":"stop","ktime_us":124727118,"port":7302,"reachable":true,"wake_lag_us":83662}
{"cookie":21348,"ev":"listen_event","family":2,"kind":"start","ktime_us":124727126,"port":7302,"reachable":true,"wake_lag_us":83654}
{"cookie":21348,"ev":"listen_event","family":2,"kind":"stop","ktime_us":124727128,"port":7302,"reachable":true,"wake_lag_us":83652}
{"cookie":21349,"ev":"listen_event","family":2,"kind":"start","ktime_us":124727136,"port":7302,"reachable":true,"wake_lag_us":83644}
{"cookie":21349,"ev":"listen_event","family":2,"kind":"stop","ktime_us":124727137,"port":7302,"reachable":true,"wake_lag_us":83643}
{"cookie":21350,"ev":"listen_event","family":2,"kind":"start","ktime_us":124727145,"port":7302,"reachable":true,"wake_lag_us":83635}
{"cookie":21350,"ev":"listen_event","family":2,"kind":"stop","ktime_us":124727147,"port":7302,"reachable":true,"wake_lag_us":83633}
{"cookie":21351,"ev":"listen_event","family":2,"kind":"start","ktime_us":124727155,"port":7302,"reachable":true,"wake_lag_us":83625}
{"cookie":21351,"ev":"listen_event","family":2,"kind":"stop","ktime_us":124727157,"port":7302,"reachable":true,"wake_lag_us":83623}
{"cookie":21352,"ev":"listen_event","family":2,"kind":"start","ktime_us":124727164,"port":7302,"reachable":true,"wake_lag_us":83616}
{"cookie":21352,"ev":"listen_event","family":2,"kind":"stop","ktime_us":124727166,"port":7302,"reachable":true,"wake_lag_us":83614}
{"cookie":21353,"ev":"listen_event","family":2,"kind":"start","ktime_us":124727174,"port":7302,"reachable":true,"wake_lag_us":83606}
{"cookie":21353,"ev":"listen_event","family":2,"kind":"stop","ktime_us":124727176,"port":7302,"reachable":true,"wake_lag_us":83604}
{"cookie":21354,"ev":"listen_event","family":2,"kind":"start","ktime_us":124727184,"port":7302,"reachable":true,"wake_lag_us":83596}
{"cookie":21354,"ev":"listen_event","family":2,"kind":"stop","ktime_us":124727185,"port":7302,"reachable":true,"wake_lag_us":83595}
{"cookie":21355,"ev":"listen_event","family":2,"kind":"start","ktime_us":124727193,"port":7302,"reachable":true,"wake_lag_us":83587}
{"cookie":21355,"ev":"listen_event","family":2,"kind":"stop","ktime_us":124727195,"port":7302,"reachable":true,"wake_lag_us":83585}
{"cookie":21356,"ev":"listen_event","family":2,"kind":"start","ktime_us":124727203,"port":7302,"reachable":true,"wake_lag_us":83577}
{"cookie":21356,"ev":"listen_event","family":2,"kind":"stop","ktime_us":124727204,"port":7302,"reachable":true,"wake_lag_us":83576}
{"cookie":21357,"ev":"listen_event","family":2,"kind":"start","ktime_us":124727212,"port":7302,"reachable":true,"wake_lag_us":83568}
{"cookie":21357,"ev":"listen_event","family":2,"kind":"stop","ktime_us":124727214,"port":7302,"reachable":true,"wake_lag_us":83566}
{"cookie":21358,"ev":"listen_event","family":2,"kind":"start","ktime_us":124727222,"port":7302,"reachable":true,"wake_lag_us":83558}
{"cookie":21358,"ev":"listen_event","family":2,"kind":"stop","ktime_us":124727223,"port":7302,"reachable":true,"wake_lag_us":83557}
{"cookie":21359,"ev":"listen_event","family":2,"kind":"start","ktime_us":124727231,"port":7302,"reachable":true,"wake_lag_us":83549}
{"cookie":21359,"ev":"listen_event","family":2,"kind":"stop","ktime_us":124727233,"port":7302,"reachable":true,"wake_lag_us":83547}
{"cookie":21360,"ev":"listen_event","family":2,"kind":"start","ktime_us":124727241,"port":7302,"reachable":true,"wake_lag_us":83539}
{"cookie":21360,"ev":"listen_event","family":2,"kind":"stop","ktime_us":124727242,"port":7302,"reachable":true,"wake_lag_us":83538}
{"cookie":21361,"ev":"listen_event","family":2,"kind":"start","ktime_us":124727250,"port":7302,"reachable":true,"wake_lag_us":83530}
{"cookie":21361,"ev":"listen_event","family":2,"kind":"stop","ktime_us":124727252,"port":7302,"reachable":true,"wake_lag_us":83528}
{"cookie":21362,"ev":"listen_event","family":2,"kind":"start","ktime_us":124727260,"port":7302,"reachable":true,"wake_lag_us":83520}
{"cookie":21362,"ev":"listen_event","family":2,"kind":"stop","ktime_us":124727262,"port":7302,"reachable":true,"wake_lag_us":83518}
{"cookie":21363,"ev":"listen_event","family":2,"kind":"start","ktime_us":124727270,"port":7302,"reachable":true,"wake_lag_us":83510}
{"cookie":21363,"ev":"listen_event","family":2,"kind":"stop","ktime_us":124727271,"port":7302,"reachable":true,"wake_lag_us":83509}
{"cookie":21364,"ev":"listen_event","family":2,"kind":"start","ktime_us":124727279,"port":7302,"reachable":true,"wake_lag_us":83501}
{"cookie":21364,"ev":"listen_event","family":2,"kind":"stop","ktime_us":124727281,"port":7302,"reachable":true,"wake_lag_us":83499}
{"cookie":21365,"ev":"listen_event","family":2,"kind":"start","ktime_us":124727289,"port":7302,"reachable":true,"wake_lag_us":83491}
{"cookie":21365,"ev":"listen_event","family":2,"kind":"stop","ktime_us":124727290,"port":7302,"reachable":true,"wake_lag_us":83490}
{"cookie":21366,"ev":"listen_event","family":2,"kind":"start","ktime_us":124727298,"port":7302,"reachable":true,"wake_lag_us":83482}
{"cookie":21366,"ev":"listen_event","family":2,"kind":"stop","ktime_us":124727300,"port":7302,"reachable":true,"wake_lag_us":83480}
{"cookie":21367,"ev":"listen_event","family":2,"kind":"start","ktime_us":124727308,"port":7302,"reachable":true,"wake_lag_us":83472}
{"cookie":21367,"ev":"listen_event","family":2,"kind":"stop","ktime_us":124727309,"port":7302,"reachable":true,"wake_lag_us":83471}
{"cookie":21368,"ev":"listen_event","family":2,"kind":"start","ktime_us":124727317,"port":7302,"reachable":true,"wake_lag_us":83463}
{"cookie":21368,"ev":"listen_event","family":2,"kind":"stop","ktime_us":124727319,"port":7302,"reachable":true,"wake_lag_us":83461}
{"cookie":21369,"ev":"listen_event","family":2,"kind":"start","ktime_us":124727327,"port":7302,"reachable":true,"wake_lag_us":83453}
{"cookie":21369,"ev":"listen_event","family":2,"kind":"stop","ktime_us":124727329,"port":7302,"reachable":true,"wake_lag_us":83451}
{"cookie":21370,"ev":"listen_event","family":2,"kind":"start","ktime_us":124727337,"port":7302,"reachable":true,"wake_lag_us":83443}
{"cookie":21370,"ev":"listen_event","family":2,"kind":"stop","ktime_us":124727338,"port":7302,"reachable":true,"wake_lag_us":83442}
{"cookie":21371,"ev":"listen_event","family":2,"kind":"start","ktime_us":124727346,"port":7302,"reachable":true,"wake_lag_us":83434}
{"cookie":21371,"ev":"listen_event","family":2,"kind":"stop","ktime_us":124727348,"port":7302,"reachable":true,"wake_lag_us":83432}
{"cookie":21372,"ev":"listen_event","family":2,"kind":"start","ktime_us":124727356,"port":7302,"reachable":true,"wake_lag_us":83424}
{"cookie":21372,"ev":"listen_event","family":2,"kind":"stop","ktime_us":124727357,"port":7302,"reachable":true,"wake_lag_us":83423}
{"cookie":21373,"ev":"listen_event","family":2,"kind":"start","ktime_us":124727365,"port":7302,"reachable":true,"wake_lag_us":83415}
{"cookie":21373,"ev":"listen_event","family":2,"kind":"stop","ktime_us":124727367,"port":7302,"reachable":true,"wake_lag_us":83413}
{"cookie":21374,"ev":"listen_event","family":2,"kind":"start","ktime_us":124727375,"port":7302,"reachable":true,"wake_lag_us":83405}
{"cookie":21374,"ev":"listen_event","family":2,"kind":"stop","ktime_us":124727377,"port":7302,"reachable":true,"wake_lag_us":83403}
{"cookie":21375,"ev":"listen_event","family":2,"kind":"start","ktime_us":124727385,"port":7302,"reachable":true,"wake_lag_us":83395}
{"cookie":21375,"ev":"listen_event","family":2,"kind":"stop","ktime_us":124727386,"port":7302,"reachable":true,"wake_lag_us":83394}
{"cookie":21376,"ev":"listen_event","family":2,"kind":"start","ktime_us":124727403,"port":7302,"reachable":true,"wake_lag_us":83377}
{"cookie":21376,"ev":"listen_event","family":2,"kind":"stop","ktime_us":124727404,"port":7302,"reachable":true,"wake_lag_us":83376}
{"cookie":21377,"ev":"listen_event","family":2,"kind":"start","ktime_us":124727412,"port":7302,"reachable":true,"wake_lag_us":83368}
{"cookie":21377,"ev":"listen_event","family":2,"kind":"stop","ktime_us":124727414,"port":7302,"reachable":true,"wake_lag_us":83366}
{"cookie":21378,"ev":"listen_event","family":2,"kind":"start","ktime_us":124727422,"port":7302,"reachable":true,"wake_lag_us":83358}
{"cookie":21378,"ev":"listen_event","family":2,"kind":"stop","ktime_us":124727423,"port":7302,"reachable":true,"wake_lag_us":83357}
{"cookie":21379,"ev":"listen_event","family":2,"kind":"start","ktime_us":124727431,"port":7302,"reachable":true,"wake_lag_us":83349}
{"cookie":21379,"ev":"listen_event","family":2,"kind":"stop","ktime_us":124727433,"port":7302,"reachable":true,"wake_lag_us":83347}
{"cookie":21380,"ev":"listen_event","family":2,"kind":"start","ktime_us":124727441,"port":7302,"reachable":true,"wake_lag_us":83339}
{"cookie":21380,"ev":"listen_event","family":2,"kind":"stop","ktime_us":124727443,"port":7302,"reachable":true,"wake_lag_us":83337}
{"cookie":21381,"ev":"listen_event","family":2,"kind":"start","ktime_us":124727451,"port":7302,"reachable":true,"wake_lag_us":83329}
{"cookie":21381,"ev":"listen_event","family":2,"kind":"stop","ktime_us":124727452,"port":7302,"reachable":true,"wake_lag_us":83328}
{"cookie":21382,"ev":"listen_event","family":2,"kind":"start","ktime_us":124727460,"port":7302,"reachable":true,"wake_lag_us":83320}
{"cookie":21382,"ev":"listen_event","family":2,"kind":"stop","ktime_us":124727462,"port":7302,"reachable":true,"wake_lag_us":83318}
{"cookie":21383,"ev":"listen_event","family":2,"kind":"start","ktime_us":124727470,"port":7302,"reachable":true,"wake_lag_us":83310}
{"cookie":21383,"ev":"listen_event","family":2,"kind":"stop","ktime_us":124727471,"port":7302,"reachable":true,"wake_lag_us":83309}
{"cookie":21384,"ev":"listen_event","family":2,"kind":"start","ktime_us":124727479,"port":7302,"reachable":true,"wake_lag_us":83301}
{"cookie":21384,"ev":"listen_event","family":2,"kind":"stop","ktime_us":124727481,"port":7302,"reachable":true,"wake_lag_us":83299}
{"cookie":21385,"ev":"listen_event","family":2,"kind":"start","ktime_us":124727489,"port":7302,"reachable":true,"wake_lag_us":83291}
{"cookie":21385,"ev":"listen_event","family":2,"kind":"stop","ktime_us":124727491,"port":7302,"reachable":true,"wake_lag_us":83289}
{"cookie":21386,"ev":"listen_event","family":2,"kind":"start","ktime_us":124727499,"port":7302,"reachable":true,"wake_lag_us":83281}
{"cookie":21386,"ev":"listen_event","family":2,"kind":"stop","ktime_us":124727501,"port":7302,"reachable":true,"wake_lag_us":83279}
{"cookie":21387,"ev":"listen_event","family":2,"kind":"start","ktime_us":124727509,"port":7302,"reachable":true,"wake_lag_us":83271}
{"cookie":21387,"ev":"listen_event","family":2,"kind":"stop","ktime_us":124727511,"port":7302,"reachable":true,"wake_lag_us":83269}
{"cookie":21388,"ev":"listen_event","family":2,"kind":"start","ktime_us":124727519,"port":7302,"reachable":true,"wake_lag_us":83261}
{"cookie":21388,"ev":"listen_event","family":2,"kind":"stop","ktime_us":124727520,"port":7302,"reachable":true,"wake_lag_us":83260}
{"client":"<metal-address>:56162","ev":"tcp_accept","flow":6,"gport":7302}
{"age_ms":1,"ev":"flow_closed","flow":6,"kind":2,"reset":true,"why":"peer_abort"}
{"cookie":23015,"ev":"listen_event","family":2,"kind":"stop","ktime_us":127745431,"port":7302,"reachable":true,"wake_lag_us":46}
{"ev":"listen_state_sent","event_to_send_us":254,"listeners":0,"listening":false,"map_read_us":97,"mode":"map","port":7302,"reason":"event","seq":9,"t_us":127745685}
{"cookie":17871,"ev":"listen_event","family":2,"kind":"start","ktime_us":128294499,"port":7302,"reachable":true,"wake_lag_us":47}
{"cookie":17871,"ev":"listen_event","family":2,"kind":"stop","ktime_us":128294529,"port":7302,"reachable":true,"wake_lag_us":17}
{"cookie":17872,"ev":"listen_event","family":2,"kind":"start","ktime_us":128294553,"port":7302,"reachable":true,"wake_lag_us":272}
{"cookie":17872,"ev":"listen_event","family":2,"kind":"stop","ktime_us":128294562,"port":7302,"reachable":true,"wake_lag_us":263}
{"cookie":17873,"ev":"listen_event","family":2,"kind":"start","ktime_us":128294579,"port":7302,"reachable":true,"wake_lag_us":246}
{"cookie":17873,"ev":"listen_event","family":2,"kind":"stop","ktime_us":128294582,"port":7302,"reachable":true,"wake_lag_us":243}
{"cookie":17874,"ev":"listen_event","family":2,"kind":"start","ktime_us":128294598,"port":7302,"reachable":true,"wake_lag_us":227}
{"cookie":17874,"ev":"listen_event","family":2,"kind":"stop","ktime_us":128294601,"port":7302,"reachable":true,"wake_lag_us":224}
{"cookie":17875,"ev":"listen_event","family":2,"kind":"start","ktime_us":128294617,"port":7302,"reachable":true,"wake_lag_us":208}
{"cookie":17875,"ev":"listen_event","family":2,"kind":"stop","ktime_us":128294621,"port":7302,"reachable":true,"wake_lag_us":204}
{"cookie":17876,"ev":"listen_event","family":2,"kind":"start","ktime_us":128294637,"port":7302,"reachable":true,"wake_lag_us":188}
{"cookie":17876,"ev":"listen_event","family":2,"kind":"stop","ktime_us":128294640,"port":7302,"reachable":true,"wake_lag_us":185}
{"cookie":17877,"ev":"listen_event","family":2,"kind":"start","ktime_us":128294656,"port":7302,"reachable":true,"wake_lag_us":169}
{"cookie":17877,"ev":"listen_event","family":2,"kind":"stop","ktime_us":128294659,"port":7302,"reachable":true,"wake_lag_us":166}
{"cookie":17878,"ev":"listen_event","family":2,"kind":"start","ktime_us":128294675,"port":7302,"reachable":true,"wake_lag_us":150}
{"cookie":17878,"ev":"listen_event","family":2,"kind":"stop","ktime_us":128294678,"port":7302,"reachable":true,"wake_lag_us":147}
{"cookie":17879,"ev":"listen_event","family":2,"kind":"start","ktime_us":128294694,"port":7302,"reachable":true,"wake_lag_us":131}
{"cookie":17879,"ev":"listen_event","family":2,"kind":"stop","ktime_us":128294698,"port":7302,"reachable":true,"wake_lag_us":127}
{"cookie":17880,"ev":"listen_event","family":2,"kind":"start","ktime_us":128294714,"port":7302,"reachable":true,"wake_lag_us":111}
{"cookie":17880,"ev":"listen_event","family":2,"kind":"stop","ktime_us":128294717,"port":7302,"reachable":true,"wake_lag_us":108}
{"cookie":17881,"ev":"listen_event","family":2,"kind":"start","ktime_us":128294733,"port":7302,"reachable":true,"wake_lag_us":92}
{"cookie":17881,"ev":"listen_event","family":2,"kind":"stop","ktime_us":128294737,"port":7302,"reachable":true,"wake_lag_us":88}
{"cookie":17882,"ev":"listen_event","family":2,"kind":"start","ktime_us":128294754,"port":7302,"reachable":true,"wake_lag_us":71}
{"cookie":17882,"ev":"listen_event","family":2,"kind":"stop","ktime_us":128294757,"port":7302,"reachable":true,"wake_lag_us":68}
{"cookie":17883,"ev":"listen_event","family":2,"kind":"start","ktime_us":128294774,"port":7302,"reachable":true,"wake_lag_us":51}
{"cookie":17883,"ev":"listen_event","family":2,"kind":"stop","ktime_us":128294777,"port":7302,"reachable":true,"wake_lag_us":48}
{"cookie":17884,"ev":"listen_event","family":2,"kind":"start","ktime_us":128294793,"port":7302,"reachable":true,"wake_lag_us":32}
{"cookie":17884,"ev":"listen_event","family":2,"kind":"stop","ktime_us":128294796,"port":7302,"reachable":true,"wake_lag_us":29}
{"cookie":17885,"ev":"listen_event","family":2,"kind":"start","ktime_us":128294812,"port":7302,"reachable":true,"wake_lag_us":13}
{"cookie":17885,"ev":"listen_event","family":2,"kind":"stop","ktime_us":128294816,"port":7302,"reachable":true,"wake_lag_us":9}
{"cookie":17886,"ev":"listen_event","family":2,"kind":"start","ktime_us":128294831,"port":7302,"reachable":true,"wake_lag_us":3037}
{"cookie":17886,"ev":"listen_event","family":2,"kind":"stop","ktime_us":128294841,"port":7302,"reachable":true,"wake_lag_us":3027}
{"cookie":17887,"ev":"listen_event","family":2,"kind":"start","ktime_us":128294857,"port":7302,"reachable":true,"wake_lag_us":3011}
{"cookie":17887,"ev":"listen_event","family":2,"kind":"stop","ktime_us":128294860,"port":7302,"reachable":true,"wake_lag_us":3008}
{"cookie":17888,"ev":"listen_event","family":2,"kind":"start","ktime_us":128294876,"port":7302,"reachable":true,"wake_lag_us":2992}
{"cookie":17888,"ev":"listen_event","family":2,"kind":"stop","ktime_us":128294879,"port":7302,"reachable":true,"wake_lag_us":2989}
{"cookie":17889,"ev":"listen_event","family":2,"kind":"start","ktime_us":128294895,"port":7302,"reachable":true,"wake_lag_us":2973}
{"cookie":17889,"ev":"listen_event","family":2,"kind":"stop","ktime_us":128294898,"port":7302,"reachable":true,"wake_lag_us":2970}
{"cookie":17890,"ev":"listen_event","family":2,"kind":"start","ktime_us":128294915,"port":7302,"reachable":true,"wake_lag_us":2953}
{"cookie":17890,"ev":"listen_event","family":2,"kind":"stop","ktime_us":128294918,"port":7302,"reachable":true,"wake_lag_us":2950}
{"cookie":17891,"ev":"listen_event","family":2,"kind":"start","ktime_us":128294934,"port":7302,"reachable":true,"wake_lag_us":2934}
{"cookie":17891,"ev":"listen_event","family":2,"kind":"stop","ktime_us":128294938,"port":7302,"reachable":true,"wake_lag_us":2930}
{"cookie":17892,"ev":"listen_event","family":2,"kind":"start","ktime_us":128294954,"port":7302,"reachable":true,"wake_lag_us":2914}
{"cookie":17892,"ev":"listen_event","family":2,"kind":"stop","ktime_us":128294957,"port":7302,"reachable":true,"wake_lag_us":2911}
{"cookie":17893,"ev":"listen_event","family":2,"kind":"start","ktime_us":128294973,"port":7302,"reachable":true,"wake_lag_us":2895}
{"cookie":17893,"ev":"listen_event","family":2,"kind":"stop","ktime_us":128294976,"port":7302,"reachable":true,"wake_lag_us":2892}
{"cookie":17894,"ev":"listen_event","family":2,"kind":"start","ktime_us":128294992,"port":7302,"reachable":true,"wake_lag_us":2876}
{"cookie":17894,"ev":"listen_event","family":2,"kind":"stop","ktime_us":128295017,"port":7302,"reachable":true,"wake_lag_us":2851}
{"cookie":17895,"ev":"listen_event","family":2,"kind":"start","ktime_us":128295034,"port":7302,"reachable":true,"wake_lag_us":2834}
{"cookie":17895,"ev":"listen_event","family":2,"kind":"stop","ktime_us":128295037,"port":7302,"reachable":true,"wake_lag_us":2831}
{"cookie":17896,"ev":"listen_event","family":2,"kind":"start","ktime_us":128295053,"port":7302,"reachable":true,"wake_lag_us":2815}
{"cookie":17896,"ev":"listen_event","family":2,"kind":"stop","ktime_us":128295056,"port":7302,"reachable":true,"wake_lag_us":2812}
{"cookie":17897,"ev":"listen_event","family":2,"kind":"start","ktime_us":128295072,"port":7302,"reachable":true,"wake_lag_us":2796}
{"cookie":17897,"ev":"listen_event","family":2,"kind":"stop","ktime_us":128295075,"port":7302,"reachable":true,"wake_lag_us":2793}
{"cookie":17898,"ev":"listen_event","family":2,"kind":"start","ktime_us":128295091,"port":7302,"reachable":true,"wake_lag_us":2777}
{"cookie":17898,"ev":"listen_event","family":2,"kind":"stop","ktime_us":128295095,"port":7302,"reachable":true,"wake_lag_us":2773}
{"cookie":17899,"ev":"listen_event","family":2,"kind":"start","ktime_us":128295111,"port":7302,"reachable":true,"wake_lag_us":2757}
{"cookie":17899,"ev":"listen_event","family":2,"kind":"stop","ktime_us":128295114,"port":7302,"reachable":true,"wake_lag_us":2754}
{"cookie":17900,"ev":"listen_event","family":2,"kind":"start","ktime_us":128295130,"port":7302,"reachable":true,"wake_lag_us":2738}
{"cookie":17900,"ev":"listen_event","family":2,"kind":"stop","ktime_us":128295133,"port":7302,"reachable":true,"wake_lag_us":2735}
{"cookie":17901,"ev":"listen_event","family":2,"kind":"start","ktime_us":128295149,"port":7302,"reachable":true,"wake_lag_us":2719}
{"cookie":17901,"ev":"listen_event","family":2,"kind":"stop","ktime_us":128295152,"port":7302,"reachable":true,"wake_lag_us":2716}
{"cookie":17902,"ev":"listen_event","family":2,"kind":"start","ktime_us":128295168,"port":7302,"reachable":true,"wake_lag_us":2700}
{"cookie":17902,"ev":"listen_event","family":2,"kind":"stop","ktime_us":128295171,"port":7302,"reachable":true,"wake_lag_us":2697}
{"cookie":17903,"ev":"listen_event","family":2,"kind":"start","ktime_us":128295187,"port":7302,"reachable":true,"wake_lag_us":2681}
{"cookie":17903,"ev":"listen_event","family":2,"kind":"stop","ktime_us":128295190,"port":7302,"reachable":true,"wake_lag_us":2678}
{"cookie":17904,"ev":"listen_event","family":2,"kind":"start","ktime_us":128295206,"port":7302,"reachable":true,"wake_lag_us":2662}
{"cookie":17904,"ev":"listen_event","family":2,"kind":"stop","ktime_us":128295209,"port":7302,"reachable":true,"wake_lag_us":2659}
{"cookie":17905,"ev":"listen_event","family":2,"kind":"start","ktime_us":128295225,"port":7302,"reachable":true,"wake_lag_us":2643}
{"cookie":17905,"ev":"listen_event","family":2,"kind":"stop","ktime_us":128295228,"port":7302,"reachable":true,"wake_lag_us":2640}
{"cookie":17906,"ev":"listen_event","family":2,"kind":"start","ktime_us":128295244,"port":7302,"reachable":true,"wake_lag_us":2624}
{"cookie":17906,"ev":"listen_event","family":2,"kind":"stop","ktime_us":128295247,"port":7302,"reachable":true,"wake_lag_us":2621}
{"cookie":17907,"ev":"listen_event","family":2,"kind":"start","ktime_us":128295264,"port":7302,"reachable":true,"wake_lag_us":2604}
{"cookie":17907,"ev":"listen_event","family":2,"kind":"stop","ktime_us":128295267,"port":7302,"reachable":true,"wake_lag_us":2601}
{"cookie":17908,"ev":"listen_event","family":2,"kind":"start","ktime_us":128295283,"port":7302,"reachable":true,"wake_lag_us":2585}
{"cookie":17908,"ev":"listen_event","family":2,"kind":"stop","ktime_us":128295286,"port":7302,"reachable":true,"wake_lag_us":2582}
{"cookie":17909,"ev":"listen_event","family":2,"kind":"start","ktime_us":128295302,"port":7302,"reachable":true,"wake_lag_us":2566}
{"cookie":17909,"ev":"listen_event","family":2,"kind":"stop","ktime_us":128295305,"port":7302,"reachable":true,"wake_lag_us":2563}
{"cookie":17910,"ev":"listen_event","family":2,"kind":"start","ktime_us":128295321,"port":7302,"reachable":true,"wake_lag_us":2547}
{"cookie":17910,"ev":"listen_event","family":2,"kind":"stop","ktime_us":128295324,"port":7302,"reachable":true,"wake_lag_us":2544}
{"cookie":17911,"ev":"listen_event","family":2,"kind":"start","ktime_us":128295340,"port":7302,"reachable":true,"wake_lag_us":2528}
{"cookie":17911,"ev":"listen_event","family":2,"kind":"stop","ktime_us":128295343,"port":7302,"reachable":true,"wake_lag_us":2525}
{"cookie":17912,"ev":"listen_event","family":2,"kind":"start","ktime_us":128295360,"port":7302,"reachable":true,"wake_lag_us":2508}
{"cookie":17912,"ev":"listen_event","family":2,"kind":"stop","ktime_us":128295363,"port":7302,"reachable":true,"wake_lag_us":2505}
{"cookie":17913,"ev":"listen_event","family":2,"kind":"start","ktime_us":128295379,"port":7302,"reachable":true,"wake_lag_us":2489}
{"cookie":17913,"ev":"listen_event","family":2,"kind":"stop","ktime_us":128295383,"port":7302,"reachable":true,"wake_lag_us":2485}
{"cookie":17914,"ev":"listen_event","family":2,"kind":"start","ktime_us":128295412,"port":7302,"reachable":true,"wake_lag_us":2456}
{"cookie":17914,"ev":"listen_event","family":2,"kind":"stop","ktime_us":128295415,"port":7302,"reachable":true,"wake_lag_us":2453}
{"cookie":17915,"ev":"listen_event","family":2,"kind":"start","ktime_us":128295431,"port":7302,"reachable":true,"wake_lag_us":2437}
{"cookie":17915,"ev":"listen_event","family":2,"kind":"stop","ktime_us":128295434,"port":7302,"reachable":true,"wake_lag_us":2434}
{"cookie":17916,"ev":"listen_event","family":2,"kind":"start","ktime_us":128295450,"port":7302,"reachable":true,"wake_lag_us":2418}
{"cookie":17916,"ev":"listen_event","family":2,"kind":"stop","ktime_us":128295453,"port":7302,"reachable":true,"wake_lag_us":2415}
{"cookie":17917,"ev":"listen_event","family":2,"kind":"start","ktime_us":128295469,"port":7302,"reachable":true,"wake_lag_us":2399}
{"cookie":17917,"ev":"listen_event","family":2,"kind":"stop","ktime_us":128295473,"port":7302,"reachable":true,"wake_lag_us":2395}
{"cookie":17918,"ev":"listen_event","family":2,"kind":"start","ktime_us":128295489,"port":7302,"reachable":true,"wake_lag_us":2379}
{"cookie":17918,"ev":"listen_event","family":2,"kind":"stop","ktime_us":128295492,"port":7302,"reachable":true,"wake_lag_us":2376}
{"cookie":17919,"ev":"listen_event","family":2,"kind":"start","ktime_us":128295508,"port":7302,"reachable":true,"wake_lag_us":2360}
{"cookie":17919,"ev":"listen_event","family":2,"kind":"stop","ktime_us":128295511,"port":7302,"reachable":true,"wake_lag_us":2357}
{"cookie":17920,"ev":"listen_event","family":2,"kind":"start","ktime_us":128295528,"port":7302,"reachable":true,"wake_lag_us":2340}
{"cookie":17920,"ev":"listen_event","family":2,"kind":"stop","ktime_us":128295531,"port":7302,"reachable":true,"wake_lag_us":2337}
{"cookie":17921,"ev":"listen_event","family":2,"kind":"start","ktime_us":128295547,"port":7302,"reachable":true,"wake_lag_us":2321}
{"cookie":17921,"ev":"listen_event","family":2,"kind":"stop","ktime_us":128295550,"port":7302,"reachable":true,"wake_lag_us":2318}
{"cookie":17922,"ev":"listen_event","family":2,"kind":"start","ktime_us":128295566,"port":7302,"reachable":true,"wake_lag_us":2302}
{"cookie":17922,"ev":"listen_event","family":2,"kind":"stop","ktime_us":128295569,"port":7302,"reachable":true,"wake_lag_us":2299}
{"cookie":17923,"ev":"listen_event","family":2,"kind":"start","ktime_us":128295585,"port":7302,"reachable":true,"wake_lag_us":2283}
{"cookie":17923,"ev":"listen_event","family":2,"kind":"stop","ktime_us":128295589,"port":7302,"reachable":true,"wake_lag_us":2279}
{"cookie":17924,"ev":"listen_event","family":2,"kind":"start","ktime_us":128295604,"port":7302,"reachable":true,"wake_lag_us":2264}
{"cookie":17924,"ev":"listen_event","family":2,"kind":"stop","ktime_us":128295608,"port":7302,"reachable":true,"wake_lag_us":2260}
{"cookie":17925,"ev":"listen_event","family":2,"kind":"start","ktime_us":128295623,"port":7302,"reachable":true,"wake_lag_us":2245}
{"cookie":17925,"ev":"listen_event","family":2,"kind":"stop","ktime_us":128295627,"port":7302,"reachable":true,"wake_lag_us":2241}
{"cookie":17926,"ev":"listen_event","family":2,"kind":"start","ktime_us":128295643,"port":7302,"reachable":true,"wake_lag_us":2225}
{"cookie":17926,"ev":"listen_event","family":2,"kind":"stop","ktime_us":128295646,"port":7302,"reachable":true,"wake_lag_us":2222}
{"cookie":17927,"ev":"listen_event","family":2,"kind":"start","ktime_us":128295661,"port":7302,"reachable":true,"wake_lag_us":2207}
{"cookie":17927,"ev":"listen_event","family":2,"kind":"stop","ktime_us":128295665,"port":7302,"reachable":true,"wake_lag_us":2203}
{"cookie":17928,"ev":"listen_event","family":2,"kind":"start","ktime_us":128295681,"port":7302,"reachable":true,"wake_lag_us":2187}
{"cookie":17928,"ev":"listen_event","family":2,"kind":"stop","ktime_us":128295684,"port":7302,"reachable":true,"wake_lag_us":2184}
{"cookie":17929,"ev":"listen_event","family":2,"kind":"start","ktime_us":128295700,"port":7302,"reachable":true,"wake_lag_us":2168}
{"cookie":17929,"ev":"listen_event","family":2,"kind":"stop","ktime_us":128295703,"port":7302,"reachable":true,"wake_lag_us":2165}
{"cookie":17930,"ev":"listen_event","family":2,"kind":"start","ktime_us":128295719,"port":7302,"reachable":true,"wake_lag_us":2149}
{"cookie":17930,"ev":"listen_event","family":2,"kind":"stop","ktime_us":128295722,"port":7302,"reachable":true,"wake_lag_us":2146}
{"cookie":17931,"ev":"listen_event","family":2,"kind":"start","ktime_us":128295738,"port":7302,"reachable":true,"wake_lag_us":2130}
{"cookie":17931,"ev":"listen_event","family":2,"kind":"stop","ktime_us":128295741,"port":7302,"reachable":true,"wake_lag_us":2127}
{"cookie":17932,"ev":"listen_event","family":2,"kind":"start","ktime_us":128295757,"port":7302,"reachable":true,"wake_lag_us":2111}
{"cookie":17932,"ev":"listen_event","family":2,"kind":"stop","ktime_us":128295761,"port":7302,"reachable":true,"wake_lag_us":2107}
{"cookie":17933,"ev":"listen_event","family":2,"kind":"start","ktime_us":128295777,"port":7302,"reachable":true,"wake_lag_us":2091}
{"cookie":17933,"ev":"listen_event","family":2,"kind":"stop","ktime_us":128295780,"port":7302,"reachable":true,"wake_lag_us":2088}
{"cookie":17934,"ev":"listen_event","family":2,"kind":"start","ktime_us":128295796,"port":7302,"reachable":true,"wake_lag_us":2072}
{"cookie":17934,"ev":"listen_event","family":2,"kind":"stop","ktime_us":128295799,"port":7302,"reachable":true,"wake_lag_us":2069}
{"cookie":17935,"ev":"listen_event","family":2,"kind":"start","ktime_us":128295815,"port":7302,"reachable":true,"wake_lag_us":2053}
{"cookie":17935,"ev":"listen_event","family":2,"kind":"stop","ktime_us":128295818,"port":7302,"reachable":true,"wake_lag_us":2050}
{"cookie":17936,"ev":"listen_event","family":2,"kind":"start","ktime_us":128295834,"port":7302,"reachable":true,"wake_lag_us":2034}
{"cookie":17936,"ev":"listen_event","family":2,"kind":"stop","ktime_us":128295837,"port":7302,"reachable":true,"wake_lag_us":2031}
{"cookie":17937,"ev":"listen_event","family":2,"kind":"start","ktime_us":128295853,"port":7302,"reachable":true,"wake_lag_us":2015}
{"cookie":17937,"ev":"listen_event","family":2,"kind":"stop","ktime_us":128295856,"port":7302,"reachable":true,"wake_lag_us":2012}
{"cookie":17938,"ev":"listen_event","family":2,"kind":"start","ktime_us":128295872,"port":7302,"reachable":true,"wake_lag_us":1996}
{"cookie":17938,"ev":"listen_event","family":2,"kind":"stop","ktime_us":128295875,"port":7302,"reachable":true,"wake_lag_us":1993}
{"cookie":17939,"ev":"listen_event","family":2,"kind":"start","ktime_us":128295892,"port":7302,"reachable":true,"wake_lag_us":1976}
{"cookie":17939,"ev":"listen_event","family":2,"kind":"stop","ktime_us":128295895,"port":7302,"reachable":true,"wake_lag_us":1973}
{"cookie":17940,"ev":"listen_event","family":2,"kind":"start","ktime_us":128295911,"port":7302,"reachable":true,"wake_lag_us":1957}
{"cookie":17940,"ev":"listen_event","family":2,"kind":"stop","ktime_us":128295914,"port":7302,"reachable":true,"wake_lag_us":1954}
{"cookie":17941,"ev":"listen_event","family":2,"kind":"start","ktime_us":128295930,"port":7302,"reachable":true,"wake_lag_us":1938}
{"cookie":17941,"ev":"listen_event","family":2,"kind":"stop","ktime_us":128295933,"port":7302,"reachable":true,"wake_lag_us":1935}
{"cookie":17942,"ev":"listen_event","family":2,"kind":"start","ktime_us":128295949,"port":7302,"reachable":true,"wake_lag_us":1919}
{"cookie":17942,"ev":"listen_event","family":2,"kind":"stop","ktime_us":128295952,"port":7302,"reachable":true,"wake_lag_us":1916}
{"cookie":17943,"ev":"listen_event","family":2,"kind":"start","ktime_us":128295969,"port":7302,"reachable":true,"wake_lag_us":1899}
{"cookie":17943,"ev":"listen_event","family":2,"kind":"stop","ktime_us":128295972,"port":7302,"reachable":true,"wake_lag_us":1896}
{"cookie":17944,"ev":"listen_event","family":2,"kind":"start","ktime_us":128295988,"port":7302,"reachable":true,"wake_lag_us":1880}
{"cookie":17944,"ev":"listen_event","family":2,"kind":"stop","ktime_us":128295991,"port":7302,"reachable":true,"wake_lag_us":1877}
{"cookie":17945,"ev":"listen_event","family":2,"kind":"start","ktime_us":128296028,"port":7302,"reachable":true,"wake_lag_us":1840}
{"cookie":17945,"ev":"listen_event","family":2,"kind":"stop","ktime_us":128296031,"port":7302,"reachable":true,"wake_lag_us":1837}
{"cookie":17946,"ev":"listen_event","family":2,"kind":"start","ktime_us":128296047,"port":7302,"reachable":true,"wake_lag_us":1821}
{"cookie":17946,"ev":"listen_event","family":2,"kind":"stop","ktime_us":128296050,"port":7302,"reachable":true,"wake_lag_us":1818}
{"cookie":17947,"ev":"listen_event","family":2,"kind":"start","ktime_us":128296066,"port":7302,"reachable":true,"wake_lag_us":1802}
{"cookie":17947,"ev":"listen_event","family":2,"kind":"stop","ktime_us":128296070,"port":7302,"reachable":true,"wake_lag_us":1798}
{"cookie":17948,"ev":"listen_event","family":2,"kind":"start","ktime_us":128296086,"port":7302,"reachable":true,"wake_lag_us":1782}
{"cookie":17948,"ev":"listen_event","family":2,"kind":"stop","ktime_us":128296089,"port":7302,"reachable":true,"wake_lag_us":1779}
{"cookie":17949,"ev":"listen_event","family":2,"kind":"start","ktime_us":128296105,"port":7302,"reachable":true,"wake_lag_us":1763}
{"cookie":17949,"ev":"listen_event","family":2,"kind":"stop","ktime_us":128296108,"port":7302,"reachable":true,"wake_lag_us":1760}
{"cookie":17950,"ev":"listen_event","family":2,"kind":"start","ktime_us":128296124,"port":7302,"reachable":true,"wake_lag_us":1744}
{"cookie":17950,"ev":"listen_event","family":2,"kind":"stop","ktime_us":128296127,"port":7302,"reachable":true,"wake_lag_us":1741}
{"cookie":17951,"ev":"listen_event","family":2,"kind":"start","ktime_us":128296143,"port":7302,"reachable":true,"wake_lag_us":1725}
{"cookie":17951,"ev":"listen_event","family":2,"kind":"stop","ktime_us":128296146,"port":7302,"reachable":true,"wake_lag_us":1722}
{"cookie":17952,"ev":"listen_event","family":2,"kind":"start","ktime_us":128296162,"port":7302,"reachable":true,"wake_lag_us":1706}
{"cookie":17952,"ev":"listen_event","family":2,"kind":"stop","ktime_us":128296165,"port":7302,"reachable":true,"wake_lag_us":1703}
{"cookie":17953,"ev":"listen_event","family":2,"kind":"start","ktime_us":128296181,"port":7302,"reachable":true,"wake_lag_us":1687}
{"cookie":17953,"ev":"listen_event","family":2,"kind":"stop","ktime_us":128296184,"port":7302,"reachable":true,"wake_lag_us":1684}
{"cookie":17954,"ev":"listen_event","family":2,"kind":"start","ktime_us":128296200,"port":7302,"reachable":true,"wake_lag_us":1668}
{"cookie":17954,"ev":"listen_event","family":2,"kind":"stop","ktime_us":128296203,"port":7302,"reachable":true,"wake_lag_us":1665}
{"cookie":17955,"ev":"listen_event","family":2,"kind":"start","ktime_us":128296219,"port":7302,"reachable":true,"wake_lag_us":1649}
{"cookie":17955,"ev":"listen_event","family":2,"kind":"stop","ktime_us":128296223,"port":7302,"reachable":true,"wake_lag_us":1645}
{"cookie":17956,"ev":"listen_event","family":2,"kind":"start","ktime_us":128296239,"port":7302,"reachable":true,"wake_lag_us":1629}
{"cookie":17956,"ev":"listen_event","family":2,"kind":"stop","ktime_us":128296242,"port":7302,"reachable":true,"wake_lag_us":1626}
{"cookie":17957,"ev":"listen_event","family":2,"kind":"start","ktime_us":128296257,"port":7302,"reachable":true,"wake_lag_us":1611}
{"cookie":17957,"ev":"listen_event","family":2,"kind":"stop","ktime_us":128296261,"port":7302,"reachable":true,"wake_lag_us":1607}
{"cookie":17958,"ev":"listen_event","family":2,"kind":"start","ktime_us":128296277,"port":7302,"reachable":true,"wake_lag_us":1591}
{"cookie":17958,"ev":"listen_event","family":2,"kind":"stop","ktime_us":128296280,"port":7302,"reachable":true,"wake_lag_us":1588}
{"cookie":17959,"ev":"listen_event","family":2,"kind":"start","ktime_us":128296296,"port":7302,"reachable":true,"wake_lag_us":1572}
{"cookie":17959,"ev":"listen_event","family":2,"kind":"stop","ktime_us":128296299,"port":7302,"reachable":true,"wake_lag_us":1569}
{"cookie":17960,"ev":"listen_event","family":2,"kind":"start","ktime_us":128296315,"port":7302,"reachable":true,"wake_lag_us":1553}
{"cookie":17960,"ev":"listen_event","family":2,"kind":"stop","ktime_us":128296318,"port":7302,"reachable":true,"wake_lag_us":1550}
{"cookie":17961,"ev":"listen_event","family":2,"kind":"start","ktime_us":128296334,"port":7302,"reachable":true,"wake_lag_us":1534}
{"cookie":17961,"ev":"listen_event","family":2,"kind":"stop","ktime_us":128296337,"port":7302,"reachable":true,"wake_lag_us":1531}
{"cookie":17962,"ev":"listen_event","family":2,"kind":"start","ktime_us":128296353,"port":7302,"reachable":true,"wake_lag_us":1515}
{"cookie":17962,"ev":"listen_event","family":2,"kind":"stop","ktime_us":128296356,"port":7302,"reachable":true,"wake_lag_us":1512}
{"cookie":17963,"ev":"listen_event","family":2,"kind":"start","ktime_us":128296372,"port":7302,"reachable":true,"wake_lag_us":1496}
{"cookie":17963,"ev":"listen_event","family":2,"kind":"stop","ktime_us":128296375,"port":7302,"reachable":true,"wake_lag_us":1493}
{"cookie":17964,"ev":"listen_event","family":2,"kind":"start","ktime_us":128296402,"port":7302,"reachable":true,"wake_lag_us":1466}
{"cookie":17964,"ev":"listen_event","family":2,"kind":"stop","ktime_us":128296406,"port":7302,"reachable":true,"wake_lag_us":1462}
{"cookie":17965,"ev":"listen_event","family":2,"kind":"start","ktime_us":128296422,"port":7302,"reachable":true,"wake_lag_us":1446}
{"cookie":17965,"ev":"listen_event","family":2,"kind":"stop","ktime_us":128296425,"port":7302,"reachable":true,"wake_lag_us":1443}
{"cookie":17966,"ev":"listen_event","family":2,"kind":"start","ktime_us":128296441,"port":7302,"reachable":true,"wake_lag_us":1427}
{"cookie":17966,"ev":"listen_event","family":2,"kind":"stop","ktime_us":128296444,"port":7302,"reachable":true,"wake_lag_us":1424}
{"cookie":17967,"ev":"listen_event","family":2,"kind":"start","ktime_us":128296460,"port":7302,"reachable":true,"wake_lag_us":1408}
{"cookie":17967,"ev":"listen_event","family":2,"kind":"stop","ktime_us":128296463,"port":7302,"reachable":true,"wake_lag_us":1405}
{"cookie":17968,"ev":"listen_event","family":2,"kind":"start","ktime_us":128296479,"port":7302,"reachable":true,"wake_lag_us":1389}
{"cookie":17968,"ev":"listen_event","family":2,"kind":"stop","ktime_us":128296482,"port":7302,"reachable":true,"wake_lag_us":1386}
{"cookie":17969,"ev":"listen_event","family":2,"kind":"start","ktime_us":128296498,"port":7302,"reachable":true,"wake_lag_us":1370}
{"cookie":17969,"ev":"listen_event","family":2,"kind":"stop","ktime_us":128296501,"port":7302,"reachable":true,"wake_lag_us":1367}
{"cookie":17970,"ev":"listen_event","family":2,"kind":"start","ktime_us":128296517,"port":7302,"reachable":true,"wake_lag_us":1351}
{"cookie":17970,"ev":"listen_event","family":2,"kind":"stop","ktime_us":128296520,"port":7302,"reachable":true,"wake_lag_us":1348}
{"cookie":17971,"ev":"listen_event","family":2,"kind":"start","ktime_us":128296536,"port":7302,"reachable":true,"wake_lag_us":1332}
{"cookie":17971,"ev":"listen_event","family":2,"kind":"stop","ktime_us":128296540,"port":7302,"reachable":true,"wake_lag_us":1328}
{"cookie":17972,"ev":"listen_event","family":2,"kind":"start","ktime_us":128296556,"port":7302,"reachable":true,"wake_lag_us":1312}
{"cookie":17972,"ev":"listen_event","family":2,"kind":"stop","ktime_us":128296559,"port":7302,"reachable":true,"wake_lag_us":1309}
{"cookie":17973,"ev":"listen_event","family":2,"kind":"start","ktime_us":128296575,"port":7302,"reachable":true,"wake_lag_us":1293}
{"cookie":17973,"ev":"listen_event","family":2,"kind":"stop","ktime_us":128296578,"port":7302,"reachable":true,"wake_lag_us":1290}
{"cookie":17974,"ev":"listen_event","family":2,"kind":"start","ktime_us":128296594,"port":7302,"reachable":true,"wake_lag_us":1274}
{"cookie":17974,"ev":"listen_event","family":2,"kind":"stop","ktime_us":128296597,"port":7302,"reachable":true,"wake_lag_us":1271}
{"cookie":17975,"ev":"listen_event","family":2,"kind":"start","ktime_us":128296613,"port":7302,"reachable":true,"wake_lag_us":1255}
{"cookie":17975,"ev":"listen_event","family":2,"kind":"stop","ktime_us":128296616,"port":7302,"reachable":true,"wake_lag_us":1252}
{"cookie":17976,"ev":"listen_event","family":2,"kind":"start","ktime_us":128296632,"port":7302,"reachable":true,"wake_lag_us":1236}
{"cookie":17976,"ev":"listen_event","family":2,"kind":"stop","ktime_us":128296635,"port":7302,"reachable":true,"wake_lag_us":1233}
{"cookie":17977,"ev":"listen_event","family":2,"kind":"start","ktime_us":128296651,"port":7302,"reachable":true,"wake_lag_us":1217}
{"cookie":17977,"ev":"listen_event","family":2,"kind":"stop","ktime_us":128296654,"port":7302,"reachable":true,"wake_lag_us":1214}
{"cookie":17978,"ev":"listen_event","family":2,"kind":"start","ktime_us":128296671,"port":7302,"reachable":true,"wake_lag_us":1197}
{"cookie":17978,"ev":"listen_event","family":2,"kind":"stop","ktime_us":128296674,"port":7302,"reachable":true,"wake_lag_us":1194}
{"cookie":17979,"ev":"listen_event","family":2,"kind":"start","ktime_us":128296690,"port":7302,"reachable":true,"wake_lag_us":1178}
{"cookie":17979,"ev":"listen_event","family":2,"kind":"stop","ktime_us":128296693,"port":7302,"reachable":true,"wake_lag_us":1175}
{"cookie":17980,"ev":"listen_event","family":2,"kind":"start","ktime_us":128296709,"port":7302,"reachable":true,"wake_lag_us":1159}
{"cookie":17980,"ev":"listen_event","family":2,"kind":"stop","ktime_us":128296712,"port":7302,"reachable":true,"wake_lag_us":1156}
{"cookie":17981,"ev":"listen_event","family":2,"kind":"start","ktime_us":128296728,"port":7302,"reachable":true,"wake_lag_us":1140}
{"cookie":17981,"ev":"listen_event","family":2,"kind":"stop","ktime_us":128296731,"port":7302,"reachable":true,"wake_lag_us":1137}
{"cookie":17982,"ev":"listen_event","family":2,"kind":"start","ktime_us":128296747,"port":7302,"reachable":true,"wake_lag_us":1121}
{"cookie":17982,"ev":"listen_event","family":2,"kind":"stop","ktime_us":128296750,"port":7302,"reachable":true,"wake_lag_us":1118}
{"cookie":17983,"ev":"listen_event","family":2,"kind":"start","ktime_us":128296766,"port":7302,"reachable":true,"wake_lag_us":1102}
{"cookie":17983,"ev":"listen_event","family":2,"kind":"stop","ktime_us":128296769,"port":7302,"reachable":true,"wake_lag_us":1099}
{"cookie":17984,"ev":"listen_event","family":2,"kind":"start","ktime_us":128296785,"port":7302,"reachable":true,"wake_lag_us":1083}
{"cookie":17984,"ev":"listen_event","family":2,"kind":"stop","ktime_us":128296788,"port":7302,"reachable":true,"wake_lag_us":1080}
{"cookie":17985,"ev":"listen_event","family":2,"kind":"start","ktime_us":128296804,"port":7302,"reachable":true,"wake_lag_us":1064}
{"cookie":17985,"ev":"listen_event","family":2,"kind":"stop","ktime_us":128296807,"port":7302,"reachable":true,"wake_lag_us":1061}
{"cookie":17986,"ev":"listen_event","family":2,"kind":"start","ktime_us":128296823,"port":7302,"reachable":true,"wake_lag_us":1045}
{"cookie":17986,"ev":"listen_event","family":2,"kind":"stop","ktime_us":128296827,"port":7302,"reachable":true,"wake_lag_us":1041}
{"cookie":17987,"ev":"listen_event","family":2,"kind":"start","ktime_us":128296843,"port":7302,"reachable":true,"wake_lag_us":1025}
{"cookie":17987,"ev":"listen_event","family":2,"kind":"stop","ktime_us":128296846,"port":7302,"reachable":true,"wake_lag_us":1022}
{"cookie":17988,"ev":"listen_event","family":2,"kind":"start","ktime_us":128296862,"port":7302,"reachable":true,"wake_lag_us":1006}
{"cookie":17988,"ev":"listen_event","family":2,"kind":"stop","ktime_us":128296865,"port":7302,"reachable":true,"wake_lag_us":1003}
{"cookie":17989,"ev":"listen_event","family":2,"kind":"start","ktime_us":128296881,"port":7302,"reachable":true,"wake_lag_us":987}
{"cookie":17989,"ev":"listen_event","family":2,"kind":"stop","ktime_us":128296884,"port":7302,"reachable":true,"wake_lag_us":984}
{"cookie":17990,"ev":"listen_event","family":2,"kind":"start","ktime_us":128296900,"port":7302,"reachable":true,"wake_lag_us":968}
{"cookie":17990,"ev":"listen_event","family":2,"kind":"stop","ktime_us":128296903,"port":7302,"reachable":true,"wake_lag_us":965}
{"cookie":17991,"ev":"listen_event","family":2,"kind":"start","ktime_us":128296923,"port":7302,"reachable":true,"wake_lag_us":945}
{"cookie":17991,"ev":"listen_event","family":2,"kind":"stop","ktime_us":128296926,"port":7302,"reachable":true,"wake_lag_us":942}
{"cookie":17992,"ev":"listen_event","family":2,"kind":"start","ktime_us":128296942,"port":7302,"reachable":true,"wake_lag_us":926}
{"cookie":17992,"ev":"listen_event","family":2,"kind":"stop","ktime_us":128296945,"port":7302,"reachable":true,"wake_lag_us":923}
{"cookie":17993,"ev":"listen_event","family":2,"kind":"start","ktime_us":128296961,"port":7302,"reachable":true,"wake_lag_us":907}
{"cookie":17993,"ev":"listen_event","family":2,"kind":"stop","ktime_us":128296964,"port":7302,"reachable":true,"wake_lag_us":904}
{"cookie":17994,"ev":"listen_event","family":2,"kind":"start","ktime_us":128296980,"port":7302,"reachable":true,"wake_lag_us":888}
{"cookie":17994,"ev":"listen_event","family":2,"kind":"stop","ktime_us":128296983,"port":7302,"reachable":true,"wake_lag_us":885}
{"cookie":17995,"ev":"listen_event","family":2,"kind":"start","ktime_us":128297025,"port":7302,"reachable":true,"wake_lag_us":843}
{"cookie":17995,"ev":"listen_event","family":2,"kind":"stop","ktime_us":128297028,"port":7302,"reachable":true,"wake_lag_us":840}
{"cookie":17996,"ev":"listen_event","family":2,"kind":"start","ktime_us":128297045,"port":7302,"reachable":true,"wake_lag_us":823}
{"cookie":17996,"ev":"listen_event","family":2,"kind":"stop","ktime_us":128297048,"port":7302,"reachable":true,"wake_lag_us":820}
{"cookie":17997,"ev":"listen_event","family":2,"kind":"start","ktime_us":128297064,"port":7302,"reachable":true,"wake_lag_us":804}
{"cookie":17997,"ev":"listen_event","family":2,"kind":"stop","ktime_us":128297067,"port":7302,"reachable":true,"wake_lag_us":801}
{"cookie":17998,"ev":"listen_event","family":2,"kind":"start","ktime_us":128297083,"port":7302,"reachable":true,"wake_lag_us":785}
{"cookie":17998,"ev":"listen_event","family":2,"kind":"stop","ktime_us":128297086,"port":7302,"reachable":true,"wake_lag_us":782}
{"cookie":17999,"ev":"listen_event","family":2,"kind":"start","ktime_us":128297102,"port":7302,"reachable":true,"wake_lag_us":766}
{"cookie":17999,"ev":"listen_event","family":2,"kind":"stop","ktime_us":128297105,"port":7302,"reachable":true,"wake_lag_us":763}
{"cookie":18000,"ev":"listen_event","family":2,"kind":"start","ktime_us":128297121,"port":7302,"reachable":true,"wake_lag_us":747}
{"cookie":18000,"ev":"listen_event","family":2,"kind":"stop","ktime_us":128297124,"port":7302,"reachable":true,"wake_lag_us":744}
{"cookie":18001,"ev":"listen_event","family":2,"kind":"start","ktime_us":128297140,"port":7302,"reachable":true,"wake_lag_us":728}
{"cookie":18001,"ev":"listen_event","family":2,"kind":"stop","ktime_us":128297143,"port":7302,"reachable":true,"wake_lag_us":725}
{"cookie":18002,"ev":"listen_event","family":2,"kind":"start","ktime_us":128297159,"port":7302,"reachable":true,"wake_lag_us":709}
{"cookie":18002,"ev":"listen_event","family":2,"kind":"stop","ktime_us":128297162,"port":7302,"reachable":true,"wake_lag_us":706}
{"cookie":18003,"ev":"listen_event","family":2,"kind":"start","ktime_us":128297182,"port":7302,"reachable":true,"wake_lag_us":686}
{"cookie":18003,"ev":"listen_event","family":2,"kind":"stop","ktime_us":128297185,"port":7302,"reachable":true,"wake_lag_us":683}
{"cookie":18004,"ev":"listen_event","family":2,"kind":"start","ktime_us":128297201,"port":7302,"reachable":true,"wake_lag_us":667}
{"cookie":18004,"ev":"listen_event","family":2,"kind":"stop","ktime_us":128297204,"port":7302,"reachable":true,"wake_lag_us":664}
{"cookie":18005,"ev":"listen_event","family":2,"kind":"start","ktime_us":128297220,"port":7302,"reachable":true,"wake_lag_us":648}
{"cookie":18005,"ev":"listen_event","family":2,"kind":"stop","ktime_us":128297223,"port":7302,"reachable":true,"wake_lag_us":645}
{"cookie":18006,"ev":"listen_event","family":2,"kind":"start","ktime_us":128297239,"port":7302,"reachable":true,"wake_lag_us":629}
{"cookie":18006,"ev":"listen_event","family":2,"kind":"stop","ktime_us":128297243,"port":7302,"reachable":true,"wake_lag_us":625}
{"cookie":18007,"ev":"listen_event","family":2,"kind":"start","ktime_us":128297259,"port":7302,"reachable":true,"wake_lag_us":609}
{"cookie":18007,"ev":"listen_event","family":2,"kind":"stop","ktime_us":128297262,"port":7302,"reachable":true,"wake_lag_us":606}
{"cookie":18008,"ev":"listen_event","family":2,"kind":"start","ktime_us":128297278,"port":7302,"reachable":true,"wake_lag_us":590}
{"cookie":18008,"ev":"listen_event","family":2,"kind":"stop","ktime_us":128297281,"port":7302,"reachable":true,"wake_lag_us":587}
{"cookie":18009,"ev":"listen_event","family":2,"kind":"start","ktime_us":128297297,"port":7302,"reachable":true,"wake_lag_us":571}
{"cookie":18009,"ev":"listen_event","family":2,"kind":"stop","ktime_us":128297300,"port":7302,"reachable":true,"wake_lag_us":568}
{"cookie":18010,"ev":"listen_event","family":2,"kind":"start","ktime_us":128297316,"port":7302,"reachable":true,"wake_lag_us":552}
{"cookie":18010,"ev":"listen_event","family":2,"kind":"stop","ktime_us":128297319,"port":7302,"reachable":true,"wake_lag_us":549}
{"cookie":18011,"ev":"listen_event","family":2,"kind":"start","ktime_us":128297335,"port":7302,"reachable":true,"wake_lag_us":533}
{"cookie":18011,"ev":"listen_event","family":2,"kind":"stop","ktime_us":128297338,"port":7302,"reachable":true,"wake_lag_us":530}
{"cookie":18012,"ev":"listen_event","family":2,"kind":"start","ktime_us":128297354,"port":7302,"reachable":true,"wake_lag_us":514}
{"cookie":18012,"ev":"listen_event","family":2,"kind":"stop","ktime_us":128297357,"port":7302,"reachable":true,"wake_lag_us":511}
{"cookie":18013,"ev":"listen_event","family":2,"kind":"start","ktime_us":128297373,"port":7302,"reachable":true,"wake_lag_us":495}
{"cookie":18013,"ev":"listen_event","family":2,"kind":"stop","ktime_us":128297376,"port":7302,"reachable":true,"wake_lag_us":492}
{"cookie":18014,"ev":"listen_event","family":2,"kind":"start","ktime_us":128297403,"port":7302,"reachable":true,"wake_lag_us":465}
{"cookie":18014,"ev":"listen_event","family":2,"kind":"stop","ktime_us":128297406,"port":7302,"reachable":true,"wake_lag_us":462}
{"cookie":18015,"ev":"listen_event","family":2,"kind":"start","ktime_us":128297424,"port":7302,"reachable":true,"wake_lag_us":444}
{"cookie":18015,"ev":"listen_event","family":2,"kind":"stop","ktime_us":128297428,"port":7302,"reachable":true,"wake_lag_us":440}
{"cookie":18016,"ev":"listen_event","family":2,"kind":"start","ktime_us":128297444,"port":7302,"reachable":true,"wake_lag_us":424}
{"cookie":18016,"ev":"listen_event","family":2,"kind":"stop","ktime_us":128297447,"port":7302,"reachable":true,"wake_lag_us":421}
{"cookie":18017,"ev":"listen_event","family":2,"kind":"start","ktime_us":128297463,"port":7302,"reachable":true,"wake_lag_us":405}
{"cookie":18017,"ev":"listen_event","family":2,"kind":"stop","ktime_us":128297466,"port":7302,"reachable":true,"wake_lag_us":402}
{"cookie":18018,"ev":"listen_event","family":2,"kind":"start","ktime_us":128297482,"port":7302,"reachable":true,"wake_lag_us":386}
{"cookie":18018,"ev":"listen_event","family":2,"kind":"stop","ktime_us":128297485,"port":7302,"reachable":true,"wake_lag_us":383}
{"cookie":18019,"ev":"listen_event","family":2,"kind":"start","ktime_us":128297501,"port":7302,"reachable":true,"wake_lag_us":367}
{"cookie":18019,"ev":"listen_event","family":2,"kind":"stop","ktime_us":128297504,"port":7302,"reachable":true,"wake_lag_us":364}
{"cookie":18020,"ev":"listen_event","family":2,"kind":"start","ktime_us":128297520,"port":7302,"reachable":true,"wake_lag_us":348}
{"cookie":18020,"ev":"listen_event","family":2,"kind":"stop","ktime_us":128297524,"port":7302,"reachable":true,"wake_lag_us":344}
{"cookie":18021,"ev":"listen_event","family":2,"kind":"start","ktime_us":128297539,"port":7302,"reachable":true,"wake_lag_us":329}
{"cookie":18021,"ev":"listen_event","family":2,"kind":"stop","ktime_us":128297543,"port":7302,"reachable":true,"wake_lag_us":325}
{"cookie":18022,"ev":"listen_event","family":2,"kind":"start","ktime_us":128297559,"port":7302,"reachable":true,"wake_lag_us":309}
{"cookie":18022,"ev":"listen_event","family":2,"kind":"stop","ktime_us":128297562,"port":7302,"reachable":true,"wake_lag_us":306}
{"cookie":18023,"ev":"listen_event","family":2,"kind":"start","ktime_us":128297578,"port":7302,"reachable":true,"wake_lag_us":290}
{"cookie":18023,"ev":"listen_event","family":2,"kind":"stop","ktime_us":128297581,"port":7302,"reachable":true,"wake_lag_us":287}
{"cookie":18024,"ev":"listen_event","family":2,"kind":"start","ktime_us":128297597,"port":7302,"reachable":true,"wake_lag_us":271}
{"cookie":18024,"ev":"listen_event","family":2,"kind":"stop","ktime_us":128297600,"port":7302,"reachable":true,"wake_lag_us":268}
{"cookie":18025,"ev":"listen_event","family":2,"kind":"start","ktime_us":128297616,"port":7302,"reachable":true,"wake_lag_us":252}
{"cookie":18025,"ev":"listen_event","family":2,"kind":"stop","ktime_us":128297619,"port":7302,"reachable":true,"wake_lag_us":249}
{"cookie":18026,"ev":"listen_event","family":2,"kind":"start","ktime_us":128297635,"port":7302,"reachable":true,"wake_lag_us":233}
{"cookie":18026,"ev":"listen_event","family":2,"kind":"stop","ktime_us":128297638,"port":7302,"reachable":true,"wake_lag_us":230}
{"cookie":18027,"ev":"listen_event","family":2,"kind":"start","ktime_us":128297656,"port":7302,"reachable":true,"wake_lag_us":212}
{"cookie":18027,"ev":"listen_event","family":2,"kind":"stop","ktime_us":128297659,"port":7302,"reachable":true,"wake_lag_us":209}
{"cookie":18028,"ev":"listen_event","family":2,"kind":"start","ktime_us":128297675,"port":7302,"reachable":true,"wake_lag_us":193}
{"cookie":18028,"ev":"listen_event","family":2,"kind":"stop","ktime_us":128297679,"port":7302,"reachable":true,"wake_lag_us":189}
{"cookie":18029,"ev":"listen_event","family":2,"kind":"start","ktime_us":128297694,"port":7302,"reachable":true,"wake_lag_us":174}
{"cookie":18029,"ev":"listen_event","family":2,"kind":"stop","ktime_us":128297697,"port":7302,"reachable":true,"wake_lag_us":171}
{"cookie":18030,"ev":"listen_event","family":2,"kind":"start","ktime_us":128297713,"port":7302,"reachable":true,"wake_lag_us":155}
{"cookie":18030,"ev":"listen_event","family":2,"kind":"stop","ktime_us":128297717,"port":7302,"reachable":true,"wake_lag_us":151}
{"cookie":18031,"ev":"listen_event","family":2,"kind":"start","ktime_us":128297733,"port":7302,"reachable":true,"wake_lag_us":135}
{"cookie":18031,"ev":"listen_event","family":2,"kind":"stop","ktime_us":128297736,"port":7302,"reachable":true,"wake_lag_us":132}
{"cookie":18032,"ev":"listen_event","family":2,"kind":"start","ktime_us":128297752,"port":7302,"reachable":true,"wake_lag_us":116}
{"cookie":18032,"ev":"listen_event","family":2,"kind":"stop","ktime_us":128297755,"port":7302,"reachable":true,"wake_lag_us":113}
{"cookie":18033,"ev":"listen_event","family":2,"kind":"start","ktime_us":128297771,"port":7302,"reachable":true,"wake_lag_us":97}
{"cookie":18033,"ev":"listen_event","family":2,"kind":"stop","ktime_us":128297774,"port":7302,"reachable":true,"wake_lag_us":94}
{"cookie":18034,"ev":"listen_event","family":2,"kind":"start","ktime_us":128297790,"port":7302,"reachable":true,"wake_lag_us":78}
{"cookie":18034,"ev":"listen_event","family":2,"kind":"stop","ktime_us":128297794,"port":7302,"reachable":true,"wake_lag_us":74}
{"cookie":18035,"ev":"listen_event","family":2,"kind":"start","ktime_us":128297809,"port":7302,"reachable":true,"wake_lag_us":59}
{"cookie":18035,"ev":"listen_event","family":2,"kind":"stop","ktime_us":128297813,"port":7302,"reachable":true,"wake_lag_us":55}
{"cookie":18036,"ev":"listen_event","family":2,"kind":"start","ktime_us":128297829,"port":7302,"reachable":true,"wake_lag_us":39}
{"cookie":18036,"ev":"listen_event","family":2,"kind":"stop","ktime_us":128297832,"port":7302,"reachable":true,"wake_lag_us":36}
{"cookie":18037,"ev":"listen_event","family":2,"kind":"start","ktime_us":128297848,"port":7302,"reachable":true,"wake_lag_us":20}
{"cookie":18037,"ev":"listen_event","family":2,"kind":"stop","ktime_us":128297851,"port":7302,"reachable":true,"wake_lag_us":17}
{"cookie":18038,"ev":"listen_event","family":2,"kind":"start","ktime_us":128297867,"port":7302,"reachable":true,"wake_lag_us":1}
{"cookie":18038,"ev":"listen_event","family":2,"kind":"stop","ktime_us":128297870,"port":7302,"reachable":true,"wake_lag_us":30811}
{"cookie":18039,"ev":"listen_event","family":2,"kind":"start","ktime_us":128297895,"port":7302,"reachable":true,"wake_lag_us":30786}
{"cookie":18039,"ev":"listen_event","family":2,"kind":"stop","ktime_us":128297898,"port":7302,"reachable":true,"wake_lag_us":30783}
{"cookie":18040,"ev":"listen_event","family":2,"kind":"start","ktime_us":128297914,"port":7302,"reachable":true,"wake_lag_us":30767}
{"cookie":18040,"ev":"listen_event","family":2,"kind":"stop","ktime_us":128297917,"port":7302,"reachable":true,"wake_lag_us":30764}
{"cookie":18041,"ev":"listen_event","family":2,"kind":"start","ktime_us":128297933,"port":7302,"reachable":true,"wake_lag_us":30748}
{"cookie":18041,"ev":"listen_event","family":2,"kind":"stop","ktime_us":128297937,"port":7302,"reachable":true,"wake_lag_us":30744}
{"cookie":18042,"ev":"listen_event","family":2,"kind":"start","ktime_us":128297952,"port":7302,"reachable":true,"wake_lag_us":30729}
{"cookie":18042,"ev":"listen_event","family":2,"kind":"stop","ktime_us":128297956,"port":7302,"reachable":true,"wake_lag_us":30725}
{"cookie":18043,"ev":"listen_event","family":2,"kind":"start","ktime_us":128297971,"port":7302,"reachable":true,"wake_lag_us":30710}
{"cookie":18043,"ev":"listen_event","family":2,"kind":"stop","ktime_us":128297975,"port":7302,"reachable":true,"wake_lag_us":30706}
{"cookie":18044,"ev":"listen_event","family":2,"kind":"start","ktime_us":128297991,"port":7302,"reachable":true,"wake_lag_us":30690}
{"cookie":18044,"ev":"listen_event","family":2,"kind":"stop","ktime_us":128297994,"port":7302,"reachable":true,"wake_lag_us":30687}
{"cookie":18045,"ev":"listen_event","family":2,"kind":"start","ktime_us":128298024,"port":7302,"reachable":true,"wake_lag_us":30657}
{"cookie":18045,"ev":"listen_event","family":2,"kind":"stop","ktime_us":128298028,"port":7302,"reachable":true,"wake_lag_us":30653}
{"cookie":18046,"ev":"listen_event","family":2,"kind":"start","ktime_us":128298043,"port":7302,"reachable":true,"wake_lag_us":30638}
{"cookie":18046,"ev":"listen_event","family":2,"kind":"stop","ktime_us":128298047,"port":7302,"reachable":true,"wake_lag_us":30634}
{"cookie":18047,"ev":"listen_event","family":2,"kind":"start","ktime_us":128298063,"port":7302,"reachable":true,"wake_lag_us":30618}
{"cookie":18047,"ev":"listen_event","family":2,"kind":"stop","ktime_us":128298066,"port":7302,"reachable":true,"wake_lag_us":30615}
{"cookie":18048,"ev":"listen_event","family":2,"kind":"start","ktime_us":128298082,"port":7302,"reachable":true,"wake_lag_us":30599}
{"cookie":18048,"ev":"listen_event","family":2,"kind":"stop","ktime_us":128298085,"port":7302,"reachable":true,"wake_lag_us":30596}
{"cookie":18049,"ev":"listen_event","family":2,"kind":"start","ktime_us":128298101,"port":7302,"reachable":true,"wake_lag_us":30580}
{"cookie":18049,"ev":"listen_event","family":2,"kind":"stop","ktime_us":128298104,"port":7302,"reachable":true,"wake_lag_us":30577}
{"cookie":18050,"ev":"listen_event","family":2,"kind":"start","ktime_us":128298120,"port":7302,"reachable":true,"wake_lag_us":30561}
{"cookie":18050,"ev":"listen_event","family":2,"kind":"stop","ktime_us":128298123,"port":7302,"reachable":true,"wake_lag_us":30558}
{"cookie":18051,"ev":"listen_event","family":2,"kind":"start","ktime_us":128298141,"port":7302,"reachable":true,"wake_lag_us":30540}
{"cookie":18051,"ev":"listen_event","family":2,"kind":"stop","ktime_us":128298144,"port":7302,"reachable":true,"wake_lag_us":30537}
{"cookie":18052,"ev":"listen_event","family":2,"kind":"start","ktime_us":128298160,"port":7302,"reachable":true,"wake_lag_us":30521}
{"cookie":18052,"ev":"listen_event","family":2,"kind":"stop","ktime_us":128298164,"port":7302,"reachable":true,"wake_lag_us":30517}
{"cookie":18053,"ev":"listen_event","family":2,"kind":"start","ktime_us":128298179,"port":7302,"reachable":true,"wake_lag_us":30502}
{"cookie":18053,"ev":"listen_event","family":2,"kind":"stop","ktime_us":128298183,"port":7302,"reachable":true,"wake_lag_us":30498}
{"cookie":18054,"ev":"listen_event","family":2,"kind":"start","ktime_us":128298198,"port":7302,"reachable":true,"wake_lag_us":30483}
{"cookie":18054,"ev":"listen_event","family":2,"kind":"stop","ktime_us":128298202,"port":7302,"reachable":true,"wake_lag_us":30479}
{"cookie":18055,"ev":"listen_event","family":2,"kind":"start","ktime_us":128298217,"port":7302,"reachable":true,"wake_lag_us":30464}
{"cookie":18055,"ev":"listen_event","family":2,"kind":"stop","ktime_us":128298221,"port":7302,"reachable":true,"wake_lag_us":30460}
{"cookie":18056,"ev":"listen_event","family":2,"kind":"start","ktime_us":128298236,"port":7302,"reachable":true,"wake_lag_us":30445}
{"cookie":18056,"ev":"listen_event","family":2,"kind":"stop","ktime_us":128298240,"port":7302,"reachable":true,"wake_lag_us":30441}
{"cookie":18057,"ev":"listen_event","family":2,"kind":"start","ktime_us":128298255,"port":7302,"reachable":true,"wake_lag_us":30426}
{"cookie":18057,"ev":"listen_event","family":2,"kind":"stop","ktime_us":128298259,"port":7302,"reachable":true,"wake_lag_us":30422}
{"cookie":18058,"ev":"listen_event","family":2,"kind":"start","ktime_us":128298274,"port":7302,"reachable":true,"wake_lag_us":30407}
{"cookie":18058,"ev":"listen_event","family":2,"kind":"stop","ktime_us":128298277,"port":7302,"reachable":true,"wake_lag_us":30404}
{"cookie":18059,"ev":"listen_event","family":2,"kind":"start","ktime_us":128298293,"port":7302,"reachable":true,"wake_lag_us":30388}
{"cookie":18059,"ev":"listen_event","family":2,"kind":"stop","ktime_us":128298296,"port":7302,"reachable":true,"wake_lag_us":30385}
{"cookie":18060,"ev":"listen_event","family":2,"kind":"start","ktime_us":128298313,"port":7302,"reachable":true,"wake_lag_us":30368}
{"cookie":18060,"ev":"listen_event","family":2,"kind":"stop","ktime_us":128298316,"port":7302,"reachable":true,"wake_lag_us":30365}
{"cookie":18061,"ev":"listen_event","family":2,"kind":"start","ktime_us":128298332,"port":7302,"reachable":true,"wake_lag_us":30349}
{"cookie":18061,"ev":"listen_event","family":2,"kind":"stop","ktime_us":128298335,"port":7302,"reachable":true,"wake_lag_us":30346}
{"cookie":18062,"ev":"listen_event","family":2,"kind":"start","ktime_us":128298351,"port":7302,"reachable":true,"wake_lag_us":30330}
{"cookie":18062,"ev":"listen_event","family":2,"kind":"stop","ktime_us":128298354,"port":7302,"reachable":true,"wake_lag_us":30327}
{"cookie":18063,"ev":"listen_event","family":2,"kind":"start","ktime_us":128298372,"port":7302,"reachable":true,"wake_lag_us":30309}
{"cookie":18063,"ev":"listen_event","family":2,"kind":"stop","ktime_us":128298376,"port":7302,"reachable":true,"wake_lag_us":30305}
{"cookie":18064,"ev":"listen_event","family":2,"kind":"start","ktime_us":128298401,"port":7302,"reachable":true,"wake_lag_us":30280}
{"cookie":18064,"ev":"listen_event","family":2,"kind":"stop","ktime_us":128298404,"port":7302,"reachable":true,"wake_lag_us":30277}
{"cookie":18065,"ev":"listen_event","family":2,"kind":"start","ktime_us":128298421,"port":7302,"reachable":true,"wake_lag_us":30260}
{"cookie":18065,"ev":"listen_event","family":2,"kind":"stop","ktime_us":128298424,"port":7302,"reachable":true,"wake_lag_us":30257}
{"cookie":18066,"ev":"listen_event","family":2,"kind":"start","ktime_us":128298440,"port":7302,"reachable":true,"wake_lag_us":30241}
{"cookie":18066,"ev":"listen_event","family":2,"kind":"stop","ktime_us":128298443,"port":7302,"reachable":true,"wake_lag_us":30238}
{"cookie":18067,"ev":"listen_event","family":2,"kind":"start","ktime_us":128298459,"port":7302,"reachable":true,"wake_lag_us":30222}
{"cookie":18067,"ev":"listen_event","family":2,"kind":"stop","ktime_us":128298462,"port":7302,"reachable":true,"wake_lag_us":30219}
{"cookie":18068,"ev":"listen_event","family":2,"kind":"start","ktime_us":128298478,"port":7302,"reachable":true,"wake_lag_us":30203}
{"cookie":18068,"ev":"listen_event","family":2,"kind":"stop","ktime_us":128298481,"port":7302,"reachable":true,"wake_lag_us":30200}
{"cookie":18069,"ev":"listen_event","family":2,"kind":"start","ktime_us":128298497,"port":7302,"reachable":true,"wake_lag_us":30184}
{"cookie":18069,"ev":"listen_event","family":2,"kind":"stop","ktime_us":128298500,"port":7302,"reachable":true,"wake_lag_us":30181}
{"cookie":18070,"ev":"listen_event","family":2,"kind":"start","ktime_us":128298517,"port":7302,"reachable":true,"wake_lag_us":30164}
{"cookie":18070,"ev":"listen_event","family":2,"kind":"stop","ktime_us":128298520,"port":7302,"reachable":true,"wake_lag_us":30161}
{"cookie":18071,"ev":"listen_event","family":2,"kind":"start","ktime_us":128298536,"port":7302,"reachable":true,"wake_lag_us":30145}
{"cookie":18071,"ev":"listen_event","family":2,"kind":"stop","ktime_us":128298539,"port":7302,"reachable":true,"wake_lag_us":30142}
{"cookie":18072,"ev":"listen_event","family":2,"kind":"start","ktime_us":128298555,"port":7302,"reachable":true,"wake_lag_us":30126}
{"cookie":18072,"ev":"listen_event","family":2,"kind":"stop","ktime_us":128298558,"port":7302,"reachable":true,"wake_lag_us":30123}
{"cookie":18073,"ev":"listen_event","family":2,"kind":"start","ktime_us":128298574,"port":7302,"reachable":true,"wake_lag_us":30107}
{"cookie":18073,"ev":"listen_event","family":2,"kind":"stop","ktime_us":128298577,"port":7302,"reachable":true,"wake_lag_us":30104}
{"cookie":18074,"ev":"listen_event","family":2,"kind":"start","ktime_us":128298593,"port":7302,"reachable":true,"wake_lag_us":30088}
{"cookie":18074,"ev":"listen_event","family":2,"kind":"stop","ktime_us":128298596,"port":7302,"reachable":true,"wake_lag_us":30085}
{"cookie":18075,"ev":"listen_event","family":2,"kind":"start","ktime_us":128298614,"port":7302,"reachable":true,"wake_lag_us":30067}
{"cookie":18075,"ev":"listen_event","family":2,"kind":"stop","ktime_us":128298617,"port":7302,"reachable":true,"wake_lag_us":30064}
{"cookie":18076,"ev":"listen_event","family":2,"kind":"start","ktime_us":128298633,"port":7302,"reachable":true,"wake_lag_us":30048}
{"cookie":18076,"ev":"listen_event","family":2,"kind":"stop","ktime_us":128298636,"port":7302,"reachable":true,"wake_lag_us":30045}
{"cookie":18077,"ev":"listen_event","family":2,"kind":"start","ktime_us":128298652,"port":7302,"reachable":true,"wake_lag_us":30029}
{"cookie":18077,"ev":"listen_event","family":2,"kind":"stop","ktime_us":128298655,"port":7302,"reachable":true,"wake_lag_us":30026}
{"cookie":18078,"ev":"listen_event","family":2,"kind":"start","ktime_us":128298671,"port":7302,"reachable":true,"wake_lag_us":30010}
{"cookie":18078,"ev":"listen_event","family":2,"kind":"stop","ktime_us":128298674,"port":7302,"reachable":true,"wake_lag_us":30007}
{"cookie":18079,"ev":"listen_event","family":2,"kind":"start","ktime_us":128298690,"port":7302,"reachable":true,"wake_lag_us":29991}
{"cookie":18079,"ev":"listen_event","family":2,"kind":"stop","ktime_us":128298693,"port":7302,"reachable":true,"wake_lag_us":29988}
{"cookie":18080,"ev":"listen_event","family":2,"kind":"start","ktime_us":128298709,"port":7302,"reachable":true,"wake_lag_us":29972}
{"cookie":18080,"ev":"listen_event","family":2,"kind":"stop","ktime_us":128298712,"port":7302,"reachable":true,"wake_lag_us":29969}
{"cookie":18081,"ev":"listen_event","family":2,"kind":"start","ktime_us":128298728,"port":7302,"reachable":true,"wake_lag_us":29953}
{"cookie":18081,"ev":"listen_event","family":2,"kind":"stop","ktime_us":128298731,"port":7302,"reachable":true,"wake_lag_us":29950}
{"cookie":18082,"ev":"listen_event","family":2,"kind":"start","ktime_us":128298747,"port":7302,"reachable":true,"wake_lag_us":29934}
{"cookie":18082,"ev":"listen_event","family":2,"kind":"stop","ktime_us":128298750,"port":7302,"reachable":true,"wake_lag_us":29931}
{"cookie":18083,"ev":"listen_event","family":2,"kind":"start","ktime_us":128298766,"port":7302,"reachable":true,"wake_lag_us":29915}
{"cookie":18083,"ev":"listen_event","family":2,"kind":"stop","ktime_us":128298769,"port":7302,"reachable":true,"wake_lag_us":29912}
{"cookie":18084,"ev":"listen_event","family":2,"kind":"start","ktime_us":128298785,"port":7302,"reachable":true,"wake_lag_us":29896}
{"cookie":18084,"ev":"listen_event","family":2,"kind":"stop","ktime_us":128298788,"port":7302,"reachable":true,"wake_lag_us":29893}
{"cookie":18085,"ev":"listen_event","family":2,"kind":"start","ktime_us":128298804,"port":7302,"reachable":true,"wake_lag_us":29877}
{"cookie":18085,"ev":"listen_event","family":2,"kind":"stop","ktime_us":128298807,"port":7302,"reachable":true,"wake_lag_us":29874}
{"cookie":18086,"ev":"listen_event","family":2,"kind":"start","ktime_us":128298823,"port":7302,"reachable":true,"wake_lag_us":29858}
{"cookie":18086,"ev":"listen_event","family":2,"kind":"stop","ktime_us":128298826,"port":7302,"reachable":true,"wake_lag_us":29855}
{"cookie":18087,"ev":"listen_event","family":2,"kind":"start","ktime_us":128298844,"port":7302,"reachable":true,"wake_lag_us":29837}
{"cookie":18087,"ev":"listen_event","family":2,"kind":"stop","ktime_us":128298848,"port":7302,"reachable":true,"wake_lag_us":29833}
{"cookie":18088,"ev":"listen_event","family":2,"kind":"start","ktime_us":128298864,"port":7302,"reachable":true,"wake_lag_us":29817}
{"cookie":18088,"ev":"listen_event","family":2,"kind":"stop","ktime_us":128298867,"port":7302,"reachable":true,"wake_lag_us":29814}
{"cookie":18089,"ev":"listen_event","family":2,"kind":"start","ktime_us":128298883,"port":7302,"reachable":true,"wake_lag_us":29798}
{"cookie":18089,"ev":"listen_event","family":2,"kind":"stop","ktime_us":128298887,"port":7302,"reachable":true,"wake_lag_us":29794}
{"cookie":18090,"ev":"listen_event","family":2,"kind":"start","ktime_us":128298903,"port":7302,"reachable":true,"wake_lag_us":29778}
{"cookie":18090,"ev":"listen_event","family":2,"kind":"stop","ktime_us":128298906,"port":7302,"reachable":true,"wake_lag_us":29775}
{"cookie":18091,"ev":"listen_event","family":2,"kind":"start","ktime_us":128298922,"port":7302,"reachable":true,"wake_lag_us":29759}
{"cookie":18091,"ev":"listen_event","family":2,"kind":"stop","ktime_us":128298925,"port":7302,"reachable":true,"wake_lag_us":29756}
{"cookie":18092,"ev":"listen_event","family":2,"kind":"start","ktime_us":128298941,"port":7302,"reachable":true,"wake_lag_us":29740}
{"cookie":18092,"ev":"listen_event","family":2,"kind":"stop","ktime_us":128298944,"port":7302,"reachable":true,"wake_lag_us":29737}
{"cookie":18093,"ev":"listen_event","family":2,"kind":"start","ktime_us":128298960,"port":7302,"reachable":true,"wake_lag_us":29721}
{"cookie":18093,"ev":"listen_event","family":2,"kind":"stop","ktime_us":128298963,"port":7302,"reachable":true,"wake_lag_us":29718}
{"cookie":18094,"ev":"listen_event","family":2,"kind":"start","ktime_us":128298979,"port":7302,"reachable":true,"wake_lag_us":29702}
{"cookie":18094,"ev":"listen_event","family":2,"kind":"stop","ktime_us":128298982,"port":7302,"reachable":true,"wake_lag_us":29699}
{"cookie":18095,"ev":"listen_event","family":2,"kind":"start","ktime_us":128299013,"port":7302,"reachable":true,"wake_lag_us":29668}
{"cookie":18095,"ev":"listen_event","family":2,"kind":"stop","ktime_us":128299016,"port":7302,"reachable":true,"wake_lag_us":29665}
{"cookie":18096,"ev":"listen_event","family":2,"kind":"start","ktime_us":128299032,"port":7302,"reachable":true,"wake_lag_us":29649}
{"cookie":18096,"ev":"listen_event","family":2,"kind":"stop","ktime_us":128299036,"port":7302,"reachable":true,"wake_lag_us":29645}
{"cookie":18097,"ev":"listen_event","family":2,"kind":"start","ktime_us":128299052,"port":7302,"reachable":true,"wake_lag_us":29629}
{"cookie":18097,"ev":"listen_event","family":2,"kind":"stop","ktime_us":128299055,"port":7302,"reachable":true,"wake_lag_us":29626}
{"cookie":18098,"ev":"listen_event","family":2,"kind":"start","ktime_us":128299071,"port":7302,"reachable":true,"wake_lag_us":29610}
{"cookie":18098,"ev":"listen_event","family":2,"kind":"stop","ktime_us":128299074,"port":7302,"reachable":true,"wake_lag_us":29607}
{"cookie":18099,"ev":"listen_event","family":2,"kind":"start","ktime_us":128299092,"port":7302,"reachable":true,"wake_lag_us":29589}
{"cookie":18099,"ev":"listen_event","family":2,"kind":"stop","ktime_us":128299095,"port":7302,"reachable":true,"wake_lag_us":29586}
{"cookie":18100,"ev":"listen_event","family":2,"kind":"start","ktime_us":128299111,"port":7302,"reachable":true,"wake_lag_us":29570}
{"cookie":18100,"ev":"listen_event","family":2,"kind":"stop","ktime_us":128299114,"port":7302,"reachable":true,"wake_lag_us":29567}
{"cookie":18101,"ev":"listen_event","family":2,"kind":"start","ktime_us":128299130,"port":7302,"reachable":true,"wake_lag_us":29551}
{"cookie":18101,"ev":"listen_event","family":2,"kind":"stop","ktime_us":128299134,"port":7302,"reachable":true,"wake_lag_us":29547}
{"cookie":18102,"ev":"listen_event","family":2,"kind":"start","ktime_us":128299150,"port":7302,"reachable":true,"wake_lag_us":29531}
{"cookie":18102,"ev":"listen_event","family":2,"kind":"stop","ktime_us":128299153,"port":7302,"reachable":true,"wake_lag_us":29528}
{"cookie":18103,"ev":"listen_event","family":2,"kind":"start","ktime_us":128299169,"port":7302,"reachable":true,"wake_lag_us":29512}
{"cookie":18103,"ev":"listen_event","family":2,"kind":"stop","ktime_us":128299172,"port":7302,"reachable":true,"wake_lag_us":29509}
{"cookie":18104,"ev":"listen_event","family":2,"kind":"start","ktime_us":128299188,"port":7302,"reachable":true,"wake_lag_us":29493}
{"cookie":18104,"ev":"listen_event","family":2,"kind":"stop","ktime_us":128299191,"port":7302,"reachable":true,"wake_lag_us":29490}
{"cookie":18105,"ev":"listen_event","family":2,"kind":"start","ktime_us":128299207,"port":7302,"reachable":true,"wake_lag_us":29474}
{"cookie":18105,"ev":"listen_event","family":2,"kind":"stop","ktime_us":128299210,"port":7302,"reachable":true,"wake_lag_us":29471}
{"cookie":18106,"ev":"listen_event","family":2,"kind":"start","ktime_us":128299226,"port":7302,"reachable":true,"wake_lag_us":29455}
{"cookie":18106,"ev":"listen_event","family":2,"kind":"stop","ktime_us":128299230,"port":7302,"reachable":true,"wake_lag_us":29451}
{"cookie":18107,"ev":"listen_event","family":2,"kind":"start","ktime_us":128299246,"port":7302,"reachable":true,"wake_lag_us":29435}
{"cookie":18107,"ev":"listen_event","family":2,"kind":"stop","ktime_us":128299249,"port":7302,"reachable":true,"wake_lag_us":29432}
{"cookie":18108,"ev":"listen_event","family":2,"kind":"start","ktime_us":128299265,"port":7302,"reachable":true,"wake_lag_us":29416}
{"cookie":18108,"ev":"listen_event","family":2,"kind":"stop","ktime_us":128299268,"port":7302,"reachable":true,"wake_lag_us":29413}
{"cookie":18109,"ev":"listen_event","family":2,"kind":"start","ktime_us":128299284,"port":7302,"reachable":true,"wake_lag_us":29397}
{"cookie":18109,"ev":"listen_event","family":2,"kind":"stop","ktime_us":128299287,"port":7302,"reachable":true,"wake_lag_us":29394}
{"cookie":18110,"ev":"listen_event","family":2,"kind":"start","ktime_us":128299303,"port":7302,"reachable":true,"wake_lag_us":29378}
{"cookie":18110,"ev":"listen_event","family":2,"kind":"stop","ktime_us":128299306,"port":7302,"reachable":true,"wake_lag_us":29375}
{"cookie":18111,"ev":"listen_event","family":2,"kind":"start","ktime_us":128299323,"port":7302,"reachable":true,"wake_lag_us":29358}
{"cookie":18111,"ev":"listen_event","family":2,"kind":"stop","ktime_us":128299326,"port":7302,"reachable":true,"wake_lag_us":29355}
{"cookie":18112,"ev":"listen_event","family":2,"kind":"start","ktime_us":128299342,"port":7302,"reachable":true,"wake_lag_us":29339}
{"cookie":18112,"ev":"listen_event","family":2,"kind":"stop","ktime_us":128299346,"port":7302,"reachable":true,"wake_lag_us":29335}
{"cookie":18113,"ev":"listen_event","family":2,"kind":"start","ktime_us":128299361,"port":7302,"reachable":true,"wake_lag_us":29320}
{"cookie":18113,"ev":"listen_event","family":2,"kind":"stop","ktime_us":128299365,"port":7302,"reachable":true,"wake_lag_us":29316}
{"cookie":18114,"ev":"listen_event","family":2,"kind":"start","ktime_us":128299381,"port":7302,"reachable":true,"wake_lag_us":29300}
{"cookie":18114,"ev":"listen_event","family":2,"kind":"stop","ktime_us":128299384,"port":7302,"reachable":true,"wake_lag_us":29297}
{"cookie":18115,"ev":"listen_event","family":2,"kind":"start","ktime_us":128299410,"port":7302,"reachable":true,"wake_lag_us":29271}
{"cookie":18115,"ev":"listen_event","family":2,"kind":"stop","ktime_us":128299413,"port":7302,"reachable":true,"wake_lag_us":29268}
{"cookie":18116,"ev":"listen_event","family":2,"kind":"start","ktime_us":128299430,"port":7302,"reachable":true,"wake_lag_us":29251}
{"cookie":18116,"ev":"listen_event","family":2,"kind":"stop","ktime_us":128299433,"port":7302,"reachable":true,"wake_lag_us":29248}
{"cookie":18117,"ev":"listen_event","family":2,"kind":"start","ktime_us":128299449,"port":7302,"reachable":true,"wake_lag_us":29232}
{"cookie":18117,"ev":"listen_event","family":2,"kind":"stop","ktime_us":128299452,"port":7302,"reachable":true,"wake_lag_us":29229}
{"cookie":18118,"ev":"listen_event","family":2,"kind":"start","ktime_us":128299468,"port":7302,"reachable":true,"wake_lag_us":29213}
{"cookie":18118,"ev":"listen_event","family":2,"kind":"stop","ktime_us":128299471,"port":7302,"reachable":true,"wake_lag_us":29210}
{"cookie":18119,"ev":"listen_event","family":2,"kind":"start","ktime_us":128299487,"port":7302,"reachable":true,"wake_lag_us":29194}
{"cookie":18119,"ev":"listen_event","family":2,"kind":"stop","ktime_us":128299490,"port":7302,"reachable":true,"wake_lag_us":29191}
{"cookie":18120,"ev":"listen_event","family":2,"kind":"start","ktime_us":128299506,"port":7302,"reachable":true,"wake_lag_us":29175}
{"cookie":18120,"ev":"listen_event","family":2,"kind":"stop","ktime_us":128299509,"port":7302,"reachable":true,"wake_lag_us":29172}
{"cookie":18121,"ev":"listen_event","family":2,"kind":"start","ktime_us":128299525,"port":7302,"reachable":true,"wake_lag_us":29156}
{"cookie":18121,"ev":"listen_event","family":2,"kind":"stop","ktime_us":128299528,"port":7302,"reachable":true,"wake_lag_us":29153}
{"cookie":18122,"ev":"listen_event","family":2,"kind":"start","ktime_us":128299544,"port":7302,"reachable":true,"wake_lag_us":29137}
{"cookie":18122,"ev":"listen_event","family":2,"kind":"stop","ktime_us":128299548,"port":7302,"reachable":true,"wake_lag_us":29133}
{"cookie":18123,"ev":"listen_event","family":2,"kind":"start","ktime_us":128299565,"port":7302,"reachable":true,"wake_lag_us":29116}
{"cookie":18123,"ev":"listen_event","family":2,"kind":"stop","ktime_us":128299568,"port":7302,"reachable":true,"wake_lag_us":29113}
{"cookie":18124,"ev":"listen_event","family":2,"kind":"start","ktime_us":128299584,"port":7302,"reachable":true,"wake_lag_us":29097}
{"cookie":18124,"ev":"listen_event","family":2,"kind":"stop","ktime_us":128299587,"port":7302,"reachable":true,"wake_lag_us":29094}
{"cookie":18125,"ev":"listen_event","family":2,"kind":"start","ktime_us":128299603,"port":7302,"reachable":true,"wake_lag_us":29078}
{"cookie":18125,"ev":"listen_event","family":2,"kind":"stop","ktime_us":128299606,"port":7302,"reachable":true,"wake_lag_us":29075}
{"cookie":18126,"ev":"listen_event","family":2,"kind":"start","ktime_us":128299622,"port":7302,"reachable":true,"wake_lag_us":29059}
{"cookie":18126,"ev":"listen_event","family":2,"kind":"stop","ktime_us":128299625,"port":7302,"reachable":true,"wake_lag_us":29056}
{"cookie":18127,"ev":"listen_event","family":2,"kind":"start","ktime_us":128299642,"port":7302,"reachable":true,"wake_lag_us":29039}
{"cookie":18127,"ev":"listen_event","family":2,"kind":"stop","ktime_us":128299645,"port":7302,"reachable":true,"wake_lag_us":29036}
{"cookie":18128,"ev":"listen_event","family":2,"kind":"start","ktime_us":128299660,"port":7302,"reachable":true,"wake_lag_us":29021}
{"cookie":18128,"ev":"listen_event","family":2,"kind":"stop","ktime_us":128299664,"port":7302,"reachable":true,"wake_lag_us":29017}
{"cookie":18129,"ev":"listen_event","family":2,"kind":"start","ktime_us":128299679,"port":7302,"reachable":true,"wake_lag_us":29002}
{"cookie":18129,"ev":"listen_event","family":2,"kind":"stop","ktime_us":128299683,"port":7302,"reachable":true,"wake_lag_us":28998}
{"cookie":18130,"ev":"listen_event","family":2,"kind":"start","ktime_us":128299698,"port":7302,"reachable":true,"wake_lag_us":28983}
{"cookie":18130,"ev":"listen_event","family":2,"kind":"stop","ktime_us":128299701,"port":7302,"reachable":true,"wake_lag_us":28980}
{"cookie":18131,"ev":"listen_event","family":2,"kind":"start","ktime_us":128299717,"port":7302,"reachable":true,"wake_lag_us":28964}
{"cookie":18131,"ev":"listen_event","family":2,"kind":"stop","ktime_us":128299720,"port":7302,"reachable":true,"wake_lag_us":28961}
{"cookie":18132,"ev":"listen_event","family":2,"kind":"start","ktime_us":128299736,"port":7302,"reachable":true,"wake_lag_us":28945}
{"cookie":18132,"ev":"listen_event","family":2,"kind":"stop","ktime_us":128299739,"port":7302,"reachable":true,"wake_lag_us":28942}
{"cookie":18133,"ev":"listen_event","family":2,"kind":"start","ktime_us":128299755,"port":7302,"reachable":true,"wake_lag_us":28926}
{"cookie":18133,"ev":"listen_event","family":2,"kind":"stop","ktime_us":128299758,"port":7302,"reachable":true,"wake_lag_us":28923}
{"cookie":18134,"ev":"listen_event","family":2,"kind":"start","ktime_us":128299774,"port":7302,"reachable":true,"wake_lag_us":28907}
{"cookie":18134,"ev":"listen_event","family":2,"kind":"stop","ktime_us":128299777,"port":7302,"reachable":true,"wake_lag_us":28904}
{"cookie":18135,"ev":"listen_event","family":2,"kind":"start","ktime_us":128299800,"port":7302,"reachable":true,"wake_lag_us":28881}
{"cookie":18135,"ev":"listen_event","family":2,"kind":"stop","ktime_us":128299803,"port":7302,"reachable":true,"wake_lag_us":28878}
{"cookie":18136,"ev":"listen_event","family":2,"kind":"start","ktime_us":128299819,"port":7302,"reachable":true,"wake_lag_us":28862}
{"cookie":18136,"ev":"listen_event","family":2,"kind":"stop","ktime_us":128299822,"port":7302,"reachable":true,"wake_lag_us":28859}
{"cookie":18137,"ev":"listen_event","family":2,"kind":"start","ktime_us":128299838,"port":7302,"reachable":true,"wake_lag_us":28843}
{"cookie":18137,"ev":"listen_event","family":2,"kind":"stop","ktime_us":128299841,"port":7302,"reachable":true,"wake_lag_us":28840}
{"cookie":18138,"ev":"listen_event","family":2,"kind":"start","ktime_us":128299857,"port":7302,"reachable":true,"wake_lag_us":28824}
{"cookie":18138,"ev":"listen_event","family":2,"kind":"stop","ktime_us":128299860,"port":7302,"reachable":true,"wake_lag_us":28821}
{"cookie":18139,"ev":"listen_event","family":2,"kind":"start","ktime_us":128299876,"port":7302,"reachable":true,"wake_lag_us":28805}
{"cookie":18139,"ev":"listen_event","family":2,"kind":"stop","ktime_us":128299879,"port":7302,"reachable":true,"wake_lag_us":28802}
{"cookie":18140,"ev":"listen_event","family":2,"kind":"start","ktime_us":128299895,"port":7302,"reachable":true,"wake_lag_us":28786}
{"cookie":18140,"ev":"listen_event","family":2,"kind":"stop","ktime_us":128299898,"port":7302,"reachable":true,"wake_lag_us":28783}
{"cookie":18141,"ev":"listen_event","family":2,"kind":"start","ktime_us":128299914,"port":7302,"reachable":true,"wake_lag_us":28767}
{"cookie":18141,"ev":"listen_event","family":2,"kind":"stop","ktime_us":128299917,"port":7302,"reachable":true,"wake_lag_us":28764}
{"cookie":18142,"ev":"listen_event","family":2,"kind":"start","ktime_us":128299933,"port":7302,"reachable":true,"wake_lag_us":28748}
{"cookie":18142,"ev":"listen_event","family":2,"kind":"stop","ktime_us":128299936,"port":7302,"reachable":true,"wake_lag_us":28745}
{"cookie":18143,"ev":"listen_event","family":2,"kind":"start","ktime_us":128299952,"port":7302,"reachable":true,"wake_lag_us":28729}
{"cookie":18143,"ev":"listen_event","family":2,"kind":"stop","ktime_us":128299955,"port":7302,"reachable":true,"wake_lag_us":28726}
{"cookie":18144,"ev":"listen_event","family":2,"kind":"start","ktime_us":128299972,"port":7302,"reachable":true,"wake_lag_us":28709}
{"cookie":18144,"ev":"listen_event","family":2,"kind":"stop","ktime_us":128299975,"port":7302,"reachable":true,"wake_lag_us":28706}
{"cookie":18145,"ev":"listen_event","family":2,"kind":"start","ktime_us":128299991,"port":7302,"reachable":true,"wake_lag_us":28690}
{"cookie":18145,"ev":"listen_event","family":2,"kind":"stop","ktime_us":128299994,"port":7302,"reachable":true,"wake_lag_us":28687}
{"cookie":18146,"ev":"listen_event","family":2,"kind":"start","ktime_us":128300026,"port":7302,"reachable":true,"wake_lag_us":28655}
{"cookie":18146,"ev":"listen_event","family":2,"kind":"stop","ktime_us":128300029,"port":7302,"reachable":true,"wake_lag_us":28652}
{"cookie":18147,"ev":"listen_event","family":2,"kind":"start","ktime_us":128300049,"port":7302,"reachable":true,"wake_lag_us":28632}
{"cookie":18147,"ev":"listen_event","family":2,"kind":"stop","ktime_us":128300052,"port":7302,"reachable":true,"wake_lag_us":28629}
{"cookie":18148,"ev":"listen_event","family":2,"kind":"start","ktime_us":128300068,"port":7302,"reachable":true,"wake_lag_us":28613}
{"cookie":18148,"ev":"listen_event","family":2,"kind":"stop","ktime_us":128300071,"port":7302,"reachable":true,"wake_lag_us":28610}
{"cookie":18149,"ev":"listen_event","family":2,"kind":"start","ktime_us":128300087,"port":7302,"reachable":true,"wake_lag_us":28594}
{"cookie":18149,"ev":"listen_event","family":2,"kind":"stop","ktime_us":128300090,"port":7302,"reachable":true,"wake_lag_us":28591}
{"cookie":18150,"ev":"listen_event","family":2,"kind":"start","ktime_us":128300106,"port":7302,"reachable":true,"wake_lag_us":28575}
{"cookie":18150,"ev":"listen_event","family":2,"kind":"stop","ktime_us":128300109,"port":7302,"reachable":true,"wake_lag_us":28572}
{"cookie":18151,"ev":"listen_event","family":2,"kind":"start","ktime_us":128300125,"port":7302,"reachable":true,"wake_lag_us":28556}
{"cookie":18151,"ev":"listen_event","family":2,"kind":"stop","ktime_us":128300128,"port":7302,"reachable":true,"wake_lag_us":28553}
{"cookie":18152,"ev":"listen_event","family":2,"kind":"start","ktime_us":128300144,"port":7302,"reachable":true,"wake_lag_us":28537}
{"cookie":18152,"ev":"listen_event","family":2,"kind":"stop","ktime_us":128300147,"port":7302,"reachable":true,"wake_lag_us":28534}
{"cookie":18153,"ev":"listen_event","family":2,"kind":"start","ktime_us":128300163,"port":7302,"reachable":true,"wake_lag_us":28518}
{"cookie":18153,"ev":"listen_event","family":2,"kind":"stop","ktime_us":128300166,"port":7302,"reachable":true,"wake_lag_us":28515}
{"cookie":18154,"ev":"listen_event","family":2,"kind":"start","ktime_us":128300182,"port":7302,"reachable":true,"wake_lag_us":28499}
{"cookie":18154,"ev":"listen_event","family":2,"kind":"stop","ktime_us":128300185,"port":7302,"reachable":true,"wake_lag_us":28496}
{"cookie":18155,"ev":"listen_event","family":2,"kind":"start","ktime_us":128300201,"port":7302,"reachable":true,"wake_lag_us":28480}
{"cookie":18155,"ev":"listen_event","family":2,"kind":"stop","ktime_us":128300204,"port":7302,"reachable":true,"wake_lag_us":28477}
{"cookie":18156,"ev":"listen_event","family":2,"kind":"start","ktime_us":128300220,"port":7302,"reachable":true,"wake_lag_us":28461}
{"cookie":18156,"ev":"listen_event","family":2,"kind":"stop","ktime_us":128300223,"port":7302,"reachable":true,"wake_lag_us":28458}
{"cookie":18157,"ev":"listen_event","family":2,"kind":"start","ktime_us":128300239,"port":7302,"reachable":true,"wake_lag_us":28442}
{"cookie":18157,"ev":"listen_event","family":2,"kind":"stop","ktime_us":128300242,"port":7302,"reachable":true,"wake_lag_us":28439}
{"cookie":18158,"ev":"listen_event","family":2,"kind":"start","ktime_us":128300258,"port":7302,"reachable":true,"wake_lag_us":28423}
{"cookie":18158,"ev":"listen_event","family":2,"kind":"stop","ktime_us":128300261,"port":7302,"reachable":true,"wake_lag_us":28420}
{"cookie":18159,"ev":"listen_event","family":2,"kind":"start","ktime_us":128300277,"port":7302,"reachable":true,"wake_lag_us":28404}
{"cookie":18159,"ev":"listen_event","family":2,"kind":"stop","ktime_us":128300280,"port":7302,"reachable":true,"wake_lag_us":28401}
{"cookie":18160,"ev":"listen_event","family":2,"kind":"start","ktime_us":128300296,"port":7302,"reachable":true,"wake_lag_us":28385}
{"cookie":18160,"ev":"listen_event","family":2,"kind":"stop","ktime_us":128300299,"port":7302,"reachable":true,"wake_lag_us":28382}
{"cookie":18161,"ev":"listen_event","family":2,"kind":"start","ktime_us":128300315,"port":7302,"reachable":true,"wake_lag_us":28366}
{"cookie":18161,"ev":"listen_event","family":2,"kind":"stop","ktime_us":128300318,"port":7302,"reachable":true,"wake_lag_us":28363}
{"cookie":18162,"ev":"listen_event","family":2,"kind":"start","ktime_us":128300334,"port":7302,"reachable":true,"wake_lag_us":28347}
{"cookie":18162,"ev":"listen_event","family":2,"kind":"stop","ktime_us":128300337,"port":7302,"reachable":true,"wake_lag_us":28344}
{"cookie":18163,"ev":"listen_event","family":2,"kind":"start","ktime_us":128300353,"port":7302,"reachable":true,"wake_lag_us":28328}
{"cookie":18163,"ev":"listen_event","family":2,"kind":"stop","ktime_us":128300356,"port":7302,"reachable":true,"wake_lag_us":28325}
{"cookie":18164,"ev":"listen_event","family":2,"kind":"start","ktime_us":128300372,"port":7302,"reachable":true,"wake_lag_us":28309}
{"cookie":18164,"ev":"listen_event","family":2,"kind":"stop","ktime_us":128300375,"port":7302,"reachable":true,"wake_lag_us":28306}
{"cookie":18165,"ev":"listen_event","family":2,"kind":"start","ktime_us":128300400,"port":7302,"reachable":true,"wake_lag_us":28281}
{"cookie":18165,"ev":"listen_event","family":2,"kind":"stop","ktime_us":128300404,"port":7302,"reachable":true,"wake_lag_us":28277}
{"cookie":18166,"ev":"listen_event","family":2,"kind":"start","ktime_us":128300420,"port":7302,"reachable":true,"wake_lag_us":28261}
{"cookie":18166,"ev":"listen_event","family":2,"kind":"stop","ktime_us":128300423,"port":7302,"reachable":true,"wake_lag_us":28258}
{"cookie":18167,"ev":"listen_event","family":2,"kind":"start","ktime_us":128300439,"port":7302,"reachable":true,"wake_lag_us":28242}
{"cookie":18167,"ev":"listen_event","family":2,"kind":"stop","ktime_us":128300442,"port":7302,"reachable":true,"wake_lag_us":28239}
{"cookie":18168,"ev":"listen_event","family":2,"kind":"start","ktime_us":128300458,"port":7302,"reachable":true,"wake_lag_us":28223}
{"cookie":18168,"ev":"listen_event","family":2,"kind":"stop","ktime_us":128300461,"port":7302,"reachable":true,"wake_lag_us":28220}
{"cookie":18169,"ev":"listen_event","family":2,"kind":"start","ktime_us":128300477,"port":7302,"reachable":true,"wake_lag_us":28204}
{"cookie":18169,"ev":"listen_event","family":2,"kind":"stop","ktime_us":128300480,"port":7302,"reachable":true,"wake_lag_us":28201}
{"cookie":18170,"ev":"listen_event","family":2,"kind":"start","ktime_us":128300496,"port":7302,"reachable":true,"wake_lag_us":28185}
{"cookie":18170,"ev":"listen_event","family":2,"kind":"stop","ktime_us":128300499,"port":7302,"reachable":true,"wake_lag_us":28182}
{"cookie":18171,"ev":"listen_event","family":2,"kind":"start","ktime_us":128300518,"port":7302,"reachable":true,"wake_lag_us":28163}
{"cookie":18171,"ev":"listen_event","family":2,"kind":"stop","ktime_us":128300521,"port":7302,"reachable":true,"wake_lag_us":28160}
{"cookie":18172,"ev":"listen_event","family":2,"kind":"start","ktime_us":128300542,"port":7302,"reachable":true,"wake_lag_us":28139}
{"cookie":18172,"ev":"listen_event","family":2,"kind":"stop","ktime_us":128300545,"port":7302,"reachable":true,"wake_lag_us":28136}
{"cookie":18173,"ev":"listen_event","family":2,"kind":"start","ktime_us":128300561,"port":7302,"reachable":true,"wake_lag_us":28120}
{"cookie":18173,"ev":"listen_event","family":2,"kind":"stop","ktime_us":128300564,"port":7302,"reachable":true,"wake_lag_us":28117}
{"cookie":18174,"ev":"listen_event","family":2,"kind":"start","ktime_us":128300580,"port":7302,"reachable":true,"wake_lag_us":28101}
{"cookie":18174,"ev":"listen_event","family":2,"kind":"stop","ktime_us":128300583,"port":7302,"reachable":true,"wake_lag_us":28098}
{"cookie":18175,"ev":"listen_event","family":2,"kind":"start","ktime_us":128300599,"port":7302,"reachable":true,"wake_lag_us":28082}
{"cookie":18175,"ev":"listen_event","family":2,"kind":"stop","ktime_us":128300602,"port":7302,"reachable":true,"wake_lag_us":28079}
{"cookie":18176,"ev":"listen_event","family":2,"kind":"start","ktime_us":128300618,"port":7302,"reachable":true,"wake_lag_us":28063}
{"cookie":18176,"ev":"listen_event","family":2,"kind":"stop","ktime_us":128300621,"port":7302,"reachable":true,"wake_lag_us":28060}
{"cookie":18177,"ev":"listen_event","family":2,"kind":"start","ktime_us":128300637,"port":7302,"reachable":true,"wake_lag_us":28044}
{"cookie":18177,"ev":"listen_event","family":2,"kind":"stop","ktime_us":128300640,"port":7302,"reachable":true,"wake_lag_us":28041}
{"cookie":18178,"ev":"listen_event","family":2,"kind":"start","ktime_us":128300656,"port":7302,"reachable":true,"wake_lag_us":28025}
{"cookie":18178,"ev":"listen_event","family":2,"kind":"stop","ktime_us":128300659,"port":7302,"reachable":true,"wake_lag_us":28022}
{"cookie":18179,"ev":"listen_event","family":2,"kind":"start","ktime_us":128300675,"port":7302,"reachable":true,"wake_lag_us":28006}
{"cookie":18179,"ev":"listen_event","family":2,"kind":"stop","ktime_us":128300678,"port":7302,"reachable":true,"wake_lag_us":28003}
{"cookie":18180,"ev":"listen_event","family":2,"kind":"start","ktime_us":128300694,"port":7302,"reachable":true,"wake_lag_us":27987}
{"cookie":18180,"ev":"listen_event","family":2,"kind":"stop","ktime_us":128300697,"port":7302,"reachable":true,"wake_lag_us":27984}
{"cookie":18181,"ev":"listen_event","family":2,"kind":"start","ktime_us":128300713,"port":7302,"reachable":true,"wake_lag_us":27968}
{"cookie":18181,"ev":"listen_event","family":2,"kind":"stop","ktime_us":128300716,"port":7302,"reachable":true,"wake_lag_us":27965}
{"cookie":18182,"ev":"listen_event","family":2,"kind":"start","ktime_us":128300732,"port":7302,"reachable":true,"wake_lag_us":27949}
{"cookie":18182,"ev":"listen_event","family":2,"kind":"stop","ktime_us":128300735,"port":7302,"reachable":true,"wake_lag_us":27946}
{"cookie":18183,"ev":"listen_event","family":2,"kind":"start","ktime_us":128300754,"port":7302,"reachable":true,"wake_lag_us":27927}
{"cookie":18183,"ev":"listen_event","family":2,"kind":"stop","ktime_us":128300757,"port":7302,"reachable":true,"wake_lag_us":27924}
{"cookie":18184,"ev":"listen_event","family":2,"kind":"start","ktime_us":128300773,"port":7302,"reachable":true,"wake_lag_us":27908}
{"cookie":18184,"ev":"listen_event","family":2,"kind":"stop","ktime_us":128300776,"port":7302,"reachable":true,"wake_lag_us":27905}
{"cookie":18185,"ev":"listen_event","family":2,"kind":"start","ktime_us":128300792,"port":7302,"reachable":true,"wake_lag_us":27889}
{"cookie":18185,"ev":"listen_event","family":2,"kind":"stop","ktime_us":128300795,"port":7302,"reachable":true,"wake_lag_us":27886}
{"cookie":18186,"ev":"listen_event","family":2,"kind":"start","ktime_us":128300811,"port":7302,"reachable":true,"wake_lag_us":27870}
{"cookie":18186,"ev":"listen_event","family":2,"kind":"stop","ktime_us":128300814,"port":7302,"reachable":true,"wake_lag_us":27867}
{"cookie":18187,"ev":"listen_event","family":2,"kind":"start","ktime_us":128300830,"port":7302,"reachable":true,"wake_lag_us":27851}
{"cookie":18187,"ev":"listen_event","family":2,"kind":"stop","ktime_us":128300833,"port":7302,"reachable":true,"wake_lag_us":27848}
{"cookie":18188,"ev":"listen_event","family":2,"kind":"start","ktime_us":128300849,"port":7302,"reachable":true,"wake_lag_us":27832}
{"cookie":18188,"ev":"listen_event","family":2,"kind":"stop","ktime_us":128300852,"port":7302,"reachable":true,"wake_lag_us":27829}
{"cookie":18189,"ev":"listen_event","family":2,"kind":"start","ktime_us":128300868,"port":7302,"reachable":true,"wake_lag_us":27813}
{"cookie":18189,"ev":"listen_event","family":2,"kind":"stop","ktime_us":128300871,"port":7302,"reachable":true,"wake_lag_us":27810}
{"cookie":18190,"ev":"listen_event","family":2,"kind":"start","ktime_us":128300886,"port":7302,"reachable":true,"wake_lag_us":27795}
{"cookie":18190,"ev":"listen_event","family":2,"kind":"stop","ktime_us":128300890,"port":7302,"reachable":true,"wake_lag_us":27791}
{"cookie":18191,"ev":"listen_event","family":2,"kind":"start","ktime_us":128300905,"port":7302,"reachable":true,"wake_lag_us":27776}
{"cookie":18191,"ev":"listen_event","family":2,"kind":"stop","ktime_us":128300908,"port":7302,"reachable":true,"wake_lag_us":27773}
{"cookie":18192,"ev":"listen_event","family":2,"kind":"start","ktime_us":128300924,"port":7302,"reachable":true,"wake_lag_us":27757}
{"cookie":18192,"ev":"listen_event","family":2,"kind":"stop","ktime_us":128300927,"port":7302,"reachable":true,"wake_lag_us":27754}
{"cookie":18193,"ev":"listen_event","family":2,"kind":"start","ktime_us":128300943,"port":7302,"reachable":true,"wake_lag_us":27738}
{"cookie":18193,"ev":"listen_event","family":2,"kind":"stop","ktime_us":128300946,"port":7302,"reachable":true,"wake_lag_us":27735}
{"cookie":18194,"ev":"listen_event","family":2,"kind":"start","ktime_us":128300962,"port":7302,"reachable":true,"wake_lag_us":27719}
{"cookie":18194,"ev":"listen_event","family":2,"kind":"stop","ktime_us":128300965,"port":7302,"reachable":true,"wake_lag_us":27716}
{"cookie":18195,"ev":"listen_event","family":2,"kind":"start","ktime_us":128300986,"port":7302,"reachable":true,"wake_lag_us":27695}
{"cookie":18195,"ev":"listen_event","family":2,"kind":"stop","ktime_us":128300989,"port":7302,"reachable":true,"wake_lag_us":27692}
{"cookie":18196,"ev":"listen_event","family":2,"kind":"start","ktime_us":128301025,"port":7302,"reachable":true,"wake_lag_us":27656}
{"cookie":18196,"ev":"listen_event","family":2,"kind":"stop","ktime_us":128301029,"port":7302,"reachable":true,"wake_lag_us":27652}
{"cookie":18197,"ev":"listen_event","family":2,"kind":"start","ktime_us":128301045,"port":7302,"reachable":true,"wake_lag_us":27636}
{"cookie":18197,"ev":"listen_event","family":2,"kind":"stop","ktime_us":128301048,"port":7302,"reachable":true,"wake_lag_us":27633}
{"cookie":18198,"ev":"listen_event","family":2,"kind":"start","ktime_us":128301064,"port":7302,"reachable":true,"wake_lag_us":27617}
{"cookie":18198,"ev":"listen_event","family":2,"kind":"stop","ktime_us":128301067,"port":7302,"reachable":true,"wake_lag_us":27614}
{"cookie":18199,"ev":"listen_event","family":2,"kind":"start","ktime_us":128301083,"port":7302,"reachable":true,"wake_lag_us":27598}
{"cookie":18199,"ev":"listen_event","family":2,"kind":"stop","ktime_us":128301086,"port":7302,"reachable":true,"wake_lag_us":27595}
{"cookie":18200,"ev":"listen_event","family":2,"kind":"start","ktime_us":128301106,"port":7302,"reachable":true,"wake_lag_us":27575}
{"cookie":18200,"ev":"listen_event","family":2,"kind":"stop","ktime_us":128301109,"port":7302,"reachable":true,"wake_lag_us":27572}
{"cookie":18201,"ev":"listen_event","family":2,"kind":"start","ktime_us":128301125,"port":7302,"reachable":true,"wake_lag_us":27556}
{"cookie":18201,"ev":"listen_event","family":2,"kind":"stop","ktime_us":128301128,"port":7302,"reachable":true,"wake_lag_us":27553}
{"cookie":18202,"ev":"listen_event","family":2,"kind":"start","ktime_us":128301144,"port":7302,"reachable":true,"wake_lag_us":27537}
{"cookie":18202,"ev":"listen_event","family":2,"kind":"stop","ktime_us":128301147,"port":7302,"reachable":true,"wake_lag_us":27534}
{"cookie":18203,"ev":"listen_event","family":2,"kind":"start","ktime_us":128301163,"port":7302,"reachable":true,"wake_lag_us":27518}
{"cookie":18203,"ev":"listen_event","family":2,"kind":"stop","ktime_us":128301166,"port":7302,"reachable":true,"wake_lag_us":27515}
{"cookie":18204,"ev":"listen_event","family":2,"kind":"start","ktime_us":128301182,"port":7302,"reachable":true,"wake_lag_us":27499}
{"cookie":18204,"ev":"listen_event","family":2,"kind":"stop","ktime_us":128301186,"port":7302,"reachable":true,"wake_lag_us":27495}
{"cookie":18205,"ev":"listen_event","family":2,"kind":"start","ktime_us":128301201,"port":7302,"reachable":true,"wake_lag_us":27480}
{"cookie":18205,"ev":"listen_event","family":2,"kind":"stop","ktime_us":128301204,"port":7302,"reachable":true,"wake_lag_us":27477}
{"cookie":18206,"ev":"listen_event","family":2,"kind":"start","ktime_us":128301220,"port":7302,"reachable":true,"wake_lag_us":27461}
{"cookie":18206,"ev":"listen_event","family":2,"kind":"stop","ktime_us":128301224,"port":7302,"reachable":true,"wake_lag_us":27457}
{"cookie":18207,"ev":"listen_event","family":2,"kind":"start","ktime_us":128301243,"port":7302,"reachable":true,"wake_lag_us":27438}
{"cookie":18207,"ev":"listen_event","family":2,"kind":"stop","ktime_us":128301246,"port":7302,"reachable":true,"wake_lag_us":27435}
{"cookie":18208,"ev":"listen_event","family":2,"kind":"start","ktime_us":128301262,"port":7302,"reachable":true,"wake_lag_us":27419}
{"cookie":18208,"ev":"listen_event","family":2,"kind":"stop","ktime_us":128301265,"port":7302,"reachable":true,"wake_lag_us":27416}
{"cookie":18209,"ev":"listen_event","family":2,"kind":"start","ktime_us":128301281,"port":7302,"reachable":true,"wake_lag_us":27400}
{"cookie":18209,"ev":"listen_event","family":2,"kind":"stop","ktime_us":128301284,"port":7302,"reachable":true,"wake_lag_us":27397}
{"cookie":18210,"ev":"listen_event","family":2,"kind":"start","ktime_us":128301300,"port":7302,"reachable":true,"wake_lag_us":27381}
{"cookie":18210,"ev":"listen_event","family":2,"kind":"stop","ktime_us":128301303,"port":7302,"reachable":true,"wake_lag_us":27378}
{"cookie":18211,"ev":"listen_event","family":2,"kind":"start","ktime_us":128301319,"port":7302,"reachable":true,"wake_lag_us":27362}
{"cookie":18211,"ev":"listen_event","family":2,"kind":"stop","ktime_us":128301322,"port":7302,"reachable":true,"wake_lag_us":27359}
{"cookie":18212,"ev":"listen_event","family":2,"kind":"start","ktime_us":128301338,"port":7302,"reachable":true,"wake_lag_us":27343}
{"cookie":18212,"ev":"listen_event","family":2,"kind":"stop","ktime_us":128301341,"port":7302,"reachable":true,"wake_lag_us":27340}
{"cookie":18213,"ev":"listen_event","family":2,"kind":"start","ktime_us":128301357,"port":7302,"reachable":true,"wake_lag_us":27324}
{"cookie":18213,"ev":"listen_event","family":2,"kind":"stop","ktime_us":128301360,"port":7302,"reachable":true,"wake_lag_us":27321}
{"cookie":18214,"ev":"listen_event","family":2,"kind":"start","ktime_us":128301376,"port":7302,"reachable":true,"wake_lag_us":27305}
{"cookie":18214,"ev":"listen_event","family":2,"kind":"stop","ktime_us":128301379,"port":7302,"reachable":true,"wake_lag_us":27302}
{"cookie":18215,"ev":"listen_event","family":2,"kind":"start","ktime_us":128301407,"port":7302,"reachable":true,"wake_lag_us":27274}
{"cookie":18215,"ev":"listen_event","family":2,"kind":"stop","ktime_us":128301410,"port":7302,"reachable":true,"wake_lag_us":27271}
{"cookie":18216,"ev":"listen_event","family":2,"kind":"start","ktime_us":128301426,"port":7302,"reachable":true,"wake_lag_us":27255}
{"cookie":18216,"ev":"listen_event","family":2,"kind":"stop","ktime_us":128301429,"port":7302,"reachable":true,"wake_lag_us":27252}
{"cookie":18217,"ev":"listen_event","family":2,"kind":"start","ktime_us":128301445,"port":7302,"reachable":true,"wake_lag_us":27236}
{"cookie":18217,"ev":"listen_event","family":2,"kind":"stop","ktime_us":128301448,"port":7302,"reachable":true,"wake_lag_us":27233}
{"cookie":18218,"ev":"listen_event","family":2,"kind":"start","ktime_us":128301464,"port":7302,"reachable":true,"wake_lag_us":27217}
{"cookie":18218,"ev":"listen_event","family":2,"kind":"stop","ktime_us":128301467,"port":7302,"reachable":true,"wake_lag_us":27214}
{"cookie":18219,"ev":"listen_event","family":2,"kind":"start","ktime_us":128301487,"port":7302,"reachable":true,"wake_lag_us":27194}
{"cookie":18219,"ev":"listen_event","family":2,"kind":"stop","ktime_us":128301490,"port":7302,"reachable":true,"wake_lag_us":27191}
{"cookie":18220,"ev":"listen_event","family":2,"kind":"start","ktime_us":128301506,"port":7302,"reachable":true,"wake_lag_us":27175}
{"cookie":18220,"ev":"listen_event","family":2,"kind":"stop","ktime_us":128301509,"port":7302,"reachable":true,"wake_lag_us":27172}
{"cookie":18221,"ev":"listen_event","family":2,"kind":"start","ktime_us":128301525,"port":7302,"reachable":true,"wake_lag_us":27156}
{"cookie":18221,"ev":"listen_event","family":2,"kind":"stop","ktime_us":128301528,"port":7302,"reachable":true,"wake_lag_us":27153}
{"cookie":18222,"ev":"listen_event","family":2,"kind":"start","ktime_us":128301544,"port":7302,"reachable":true,"wake_lag_us":27137}
{"cookie":18222,"ev":"listen_event","family":2,"kind":"stop","ktime_us":128301547,"port":7302,"reachable":true,"wake_lag_us":27134}
{"cookie":18223,"ev":"listen_event","family":2,"kind":"start","ktime_us":128301563,"port":7302,"reachable":true,"wake_lag_us":27118}
{"cookie":18223,"ev":"listen_event","family":2,"kind":"stop","ktime_us":128301566,"port":7302,"reachable":true,"wake_lag_us":27115}
{"cookie":18224,"ev":"listen_event","family":2,"kind":"start","ktime_us":128301582,"port":7302,"reachable":true,"wake_lag_us":27099}
{"cookie":18224,"ev":"listen_event","family":2,"kind":"stop","ktime_us":128301585,"port":7302,"reachable":true,"wake_lag_us":27096}
{"cookie":18225,"ev":"listen_event","family":2,"kind":"start","ktime_us":128301601,"port":7302,"reachable":true,"wake_lag_us":27080}
{"cookie":18225,"ev":"listen_event","family":2,"kind":"stop","ktime_us":128301604,"port":7302,"reachable":true,"wake_lag_us":27077}
{"cookie":18226,"ev":"listen_event","family":2,"kind":"start","ktime_us":128301619,"port":7302,"reachable":true,"wake_lag_us":27062}
{"cookie":18226,"ev":"listen_event","family":2,"kind":"stop","ktime_us":128301623,"port":7302,"reachable":true,"wake_lag_us":27058}
{"cookie":18227,"ev":"listen_event","family":2,"kind":"start","ktime_us":128301639,"port":7302,"reachable":true,"wake_lag_us":27042}
{"cookie":18227,"ev":"listen_event","family":2,"kind":"stop","ktime_us":128301642,"port":7302,"reachable":true,"wake_lag_us":27039}
{"cookie":18228,"ev":"listen_event","family":2,"kind":"start","ktime_us":128301661,"port":7302,"reachable":true,"wake_lag_us":27020}
{"cookie":18228,"ev":"listen_event","family":2,"kind":"stop","ktime_us":128301664,"port":7302,"reachable":true,"wake_lag_us":27017}
{"cookie":18229,"ev":"listen_event","family":2,"kind":"start","ktime_us":128301680,"port":7302,"reachable":true,"wake_lag_us":27001}
{"cookie":18229,"ev":"listen_event","family":2,"kind":"stop","ktime_us":128301683,"port":7302,"reachable":true,"wake_lag_us":26998}
{"cookie":18230,"ev":"listen_event","family":2,"kind":"start","ktime_us":128301699,"port":7302,"reachable":true,"wake_lag_us":26982}
{"cookie":18230,"ev":"listen_event","family":2,"kind":"stop","ktime_us":128301702,"port":7302,"reachable":true,"wake_lag_us":26979}
{"cookie":18231,"ev":"listen_event","family":2,"kind":"start","ktime_us":128301722,"port":7302,"reachable":true,"wake_lag_us":26959}
{"cookie":18231,"ev":"listen_event","family":2,"kind":"stop","ktime_us":128301725,"port":7302,"reachable":true,"wake_lag_us":26956}
{"cookie":18232,"ev":"listen_event","family":2,"kind":"start","ktime_us":128301741,"port":7302,"reachable":true,"wake_lag_us":26940}
{"cookie":18232,"ev":"listen_event","family":2,"kind":"stop","ktime_us":128301744,"port":7302,"reachable":true,"wake_lag_us":26937}
{"cookie":18233,"ev":"listen_event","family":2,"kind":"start","ktime_us":128301760,"port":7302,"reachable":true,"wake_lag_us":26921}
{"cookie":18233,"ev":"listen_event","family":2,"kind":"stop","ktime_us":128301763,"port":7302,"reachable":true,"wake_lag_us":26918}
{"cookie":18234,"ev":"listen_event","family":2,"kind":"start","ktime_us":128301779,"port":7302,"reachable":true,"wake_lag_us":26902}
{"cookie":18234,"ev":"listen_event","family":2,"kind":"stop","ktime_us":128301782,"port":7302,"reachable":true,"wake_lag_us":26899}
{"cookie":18235,"ev":"listen_event","family":2,"kind":"start","ktime_us":128301798,"port":7302,"reachable":true,"wake_lag_us":26883}
{"cookie":18235,"ev":"listen_event","family":2,"kind":"stop","ktime_us":128301801,"port":7302,"reachable":true,"wake_lag_us":26880}
{"cookie":18236,"ev":"listen_event","family":2,"kind":"start","ktime_us":128301817,"port":7302,"reachable":true,"wake_lag_us":26864}
{"cookie":18236,"ev":"listen_event","family":2,"kind":"stop","ktime_us":128301820,"port":7302,"reachable":true,"wake_lag_us":26861}
{"cookie":18237,"ev":"listen_event","family":2,"kind":"start","ktime_us":128301836,"port":7302,"reachable":true,"wake_lag_us":26845}
{"cookie":18237,"ev":"listen_event","family":2,"kind":"stop","ktime_us":128301839,"port":7302,"reachable":true,"wake_lag_us":26842}
{"cookie":18238,"ev":"listen_event","family":2,"kind":"start","ktime_us":128301855,"port":7302,"reachable":true,"wake_lag_us":26826}
{"cookie":18238,"ev":"listen_event","family":2,"kind":"stop","ktime_us":128301858,"port":7302,"reachable":true,"wake_lag_us":26823}
{"cookie":18239,"ev":"listen_event","family":2,"kind":"start","ktime_us":128301874,"port":7302,"reachable":true,"wake_lag_us":26807}
{"cookie":18239,"ev":"listen_event","family":2,"kind":"stop","ktime_us":128301877,"port":7302,"reachable":true,"wake_lag_us":26804}
{"cookie":18240,"ev":"listen_event","family":2,"kind":"start","ktime_us":128301893,"port":7302,"reachable":true,"wake_lag_us":26788}
{"cookie":18240,"ev":"listen_event","family":2,"kind":"stop","ktime_us":128301896,"port":7302,"reachable":true,"wake_lag_us":26785}
{"cookie":18241,"ev":"listen_event","family":2,"kind":"start","ktime_us":128301912,"port":7302,"reachable":true,"wake_lag_us":26769}
{"cookie":18241,"ev":"listen_event","family":2,"kind":"stop","ktime_us":128301915,"port":7302,"reachable":true,"wake_lag_us":26766}
{"cookie":18242,"ev":"listen_event","family":2,"kind":"start","ktime_us":128301931,"port":7302,"reachable":true,"wake_lag_us":26750}
{"cookie":18242,"ev":"listen_event","family":2,"kind":"stop","ktime_us":128301934,"port":7302,"reachable":true,"wake_lag_us":26747}
{"cookie":18243,"ev":"listen_event","family":2,"kind":"start","ktime_us":128301953,"port":7302,"reachable":true,"wake_lag_us":26728}
{"cookie":18243,"ev":"listen_event","family":2,"kind":"stop","ktime_us":128301957,"port":7302,"reachable":true,"wake_lag_us":26724}
{"cookie":18244,"ev":"listen_event","family":2,"kind":"start","ktime_us":128301973,"port":7302,"reachable":true,"wake_lag_us":26708}
{"cookie":18244,"ev":"listen_event","family":2,"kind":"stop","ktime_us":128301976,"port":7302,"reachable":true,"wake_lag_us":26705}
{"cookie":18245,"ev":"listen_event","family":2,"kind":"start","ktime_us":128301991,"port":7302,"reachable":true,"wake_lag_us":26690}
{"cookie":18245,"ev":"listen_event","family":2,"kind":"stop","ktime_us":128301995,"port":7302,"reachable":true,"wake_lag_us":26686}
{"cookie":18246,"ev":"listen_event","family":2,"kind":"start","ktime_us":128302117,"port":7302,"reachable":true,"wake_lag_us":26564}
{"cookie":18246,"ev":"listen_event","family":2,"kind":"stop","ktime_us":128302120,"port":7302,"reachable":true,"wake_lag_us":26561}
{"cookie":18247,"ev":"listen_event","family":2,"kind":"start","ktime_us":128302136,"port":7302,"reachable":true,"wake_lag_us":26545}
{"cookie":18247,"ev":"listen_event","family":2,"kind":"stop","ktime_us":128302139,"port":7302,"reachable":true,"wake_lag_us":26542}
{"cookie":18248,"ev":"listen_event","family":2,"kind":"start","ktime_us":128302155,"port":7302,"reachable":true,"wake_lag_us":26526}
{"cookie":18248,"ev":"listen_event","family":2,"kind":"stop","ktime_us":128302158,"port":7302,"reachable":true,"wake_lag_us":26523}
{"cookie":18249,"ev":"listen_event","family":2,"kind":"start","ktime_us":128302174,"port":7302,"reachable":true,"wake_lag_us":26507}
{"cookie":18249,"ev":"listen_event","family":2,"kind":"stop","ktime_us":128302177,"port":7302,"reachable":true,"wake_lag_us":26504}
{"cookie":18250,"ev":"listen_event","family":2,"kind":"start","ktime_us":128302193,"port":7302,"reachable":true,"wake_lag_us":26488}
{"cookie":18250,"ev":"listen_event","family":2,"kind":"stop","ktime_us":128302196,"port":7302,"reachable":true,"wake_lag_us":26485}
{"cookie":18251,"ev":"listen_event","family":2,"kind":"start","ktime_us":128302212,"port":7302,"reachable":true,"wake_lag_us":26469}
{"cookie":18251,"ev":"listen_event","family":2,"kind":"stop","ktime_us":128302215,"port":7302,"reachable":true,"wake_lag_us":26466}
{"cookie":18252,"ev":"listen_event","family":2,"kind":"start","ktime_us":128302231,"port":7302,"reachable":true,"wake_lag_us":26450}
{"cookie":18252,"ev":"listen_event","family":2,"kind":"stop","ktime_us":128302234,"port":7302,"reachable":true,"wake_lag_us":26447}
{"cookie":18253,"ev":"listen_event","family":2,"kind":"start","ktime_us":128302250,"port":7302,"reachable":true,"wake_lag_us":26431}
{"cookie":18253,"ev":"listen_event","family":2,"kind":"stop","ktime_us":128302253,"port":7302,"reachable":true,"wake_lag_us":26428}
{"cookie":18254,"ev":"listen_event","family":2,"kind":"start","ktime_us":128302269,"port":7302,"reachable":true,"wake_lag_us":26412}
{"cookie":18254,"ev":"listen_event","family":2,"kind":"stop","ktime_us":128302272,"port":7302,"reachable":true,"wake_lag_us":26409}
{"cookie":18255,"ev":"listen_event","family":2,"kind":"start","ktime_us":128302288,"port":7302,"reachable":true,"wake_lag_us":26393}
{"cookie":18255,"ev":"listen_event","family":2,"kind":"stop","ktime_us":128302291,"port":7302,"reachable":true,"wake_lag_us":26390}
{"cookie":18256,"ev":"listen_event","family":2,"kind":"start","ktime_us":128302307,"port":7302,"reachable":true,"wake_lag_us":26374}
{"cookie":18256,"ev":"listen_event","family":2,"kind":"stop","ktime_us":128302310,"port":7302,"reachable":true,"wake_lag_us":26371}
{"cookie":18257,"ev":"listen_event","family":2,"kind":"start","ktime_us":128302326,"port":7302,"reachable":true,"wake_lag_us":26355}
{"cookie":18257,"ev":"listen_event","family":2,"kind":"stop","ktime_us":128302329,"port":7302,"reachable":true,"wake_lag_us":26352}
{"cookie":18258,"ev":"listen_event","family":2,"kind":"start","ktime_us":128302345,"port":7302,"reachable":true,"wake_lag_us":26336}
{"cookie":18258,"ev":"listen_event","family":2,"kind":"stop","ktime_us":128302348,"port":7302,"reachable":true,"wake_lag_us":26333}
{"cookie":18259,"ev":"listen_event","family":2,"kind":"start","ktime_us":128302364,"port":7302,"reachable":true,"wake_lag_us":26317}
{"cookie":18259,"ev":"listen_event","family":2,"kind":"stop","ktime_us":128302367,"port":7302,"reachable":true,"wake_lag_us":26314}
{"cookie":18260,"ev":"listen_event","family":2,"kind":"start","ktime_us":128302383,"port":7302,"reachable":true,"wake_lag_us":26298}
{"cookie":18260,"ev":"listen_event","family":2,"kind":"stop","ktime_us":128302397,"port":7302,"reachable":true,"wake_lag_us":26284}
{"cookie":18261,"ev":"listen_event","family":2,"kind":"start","ktime_us":128302414,"port":7302,"reachable":true,"wake_lag_us":26267}
{"cookie":18261,"ev":"listen_event","family":2,"kind":"stop","ktime_us":128302417,"port":7302,"reachable":true,"wake_lag_us":26264}
{"cookie":18262,"ev":"listen_event","family":2,"kind":"start","ktime_us":128302433,"port":7302,"reachable":true,"wake_lag_us":26248}
{"cookie":18262,"ev":"listen_event","family":2,"kind":"stop","ktime_us":128302436,"port":7302,"reachable":true,"wake_lag_us":26245}
{"cookie":18263,"ev":"listen_event","family":2,"kind":"start","ktime_us":128302452,"port":7302,"reachable":true,"wake_lag_us":26229}
{"cookie":18263,"ev":"listen_event","family":2,"kind":"stop","ktime_us":128302455,"port":7302,"reachable":true,"wake_lag_us":26226}
{"cookie":18264,"ev":"listen_event","family":2,"kind":"start","ktime_us":128302471,"port":7302,"reachable":true,"wake_lag_us":26210}
{"cookie":18264,"ev":"listen_event","family":2,"kind":"stop","ktime_us":128302474,"port":7302,"reachable":true,"wake_lag_us":26207}
{"cookie":18265,"ev":"listen_event","family":2,"kind":"start","ktime_us":128302490,"port":7302,"reachable":true,"wake_lag_us":26191}
{"cookie":18265,"ev":"listen_event","family":2,"kind":"stop","ktime_us":128302493,"port":7302,"reachable":true,"wake_lag_us":26188}
{"cookie":18266,"ev":"listen_event","family":2,"kind":"start","ktime_us":128302508,"port":7302,"reachable":true,"wake_lag_us":26173}
{"cookie":18266,"ev":"listen_event","family":2,"kind":"stop","ktime_us":128302512,"port":7302,"reachable":true,"wake_lag_us":26169}
{"cookie":18267,"ev":"listen_event","family":2,"kind":"start","ktime_us":128302527,"port":7302,"reachable":true,"wake_lag_us":26154}
{"cookie":18267,"ev":"listen_event","family":2,"kind":"stop","ktime_us":128302531,"port":7302,"reachable":true,"wake_lag_us":26150}
{"cookie":18268,"ev":"listen_event","family":2,"kind":"start","ktime_us":128302546,"port":7302,"reachable":true,"wake_lag_us":26135}
{"cookie":18268,"ev":"listen_event","family":2,"kind":"stop","ktime_us":128302550,"port":7302,"reachable":true,"wake_lag_us":26131}
{"cookie":18269,"ev":"listen_event","family":2,"kind":"start","ktime_us":128302566,"port":7302,"reachable":true,"wake_lag_us":26115}
{"cookie":18269,"ev":"listen_event","family":2,"kind":"stop","ktime_us":128302569,"port":7302,"reachable":true,"wake_lag_us":26112}
{"cookie":18270,"ev":"listen_event","family":2,"kind":"start","ktime_us":128302585,"port":7302,"reachable":true,"wake_lag_us":26096}
{"cookie":18270,"ev":"listen_event","family":2,"kind":"stop","ktime_us":128302588,"port":7302,"reachable":true,"wake_lag_us":26093}
{"cookie":18271,"ev":"listen_event","family":2,"kind":"start","ktime_us":128302604,"port":7302,"reachable":true,"wake_lag_us":26077}
{"cookie":18271,"ev":"listen_event","family":2,"kind":"stop","ktime_us":128302607,"port":7302,"reachable":true,"wake_lag_us":26074}
{"cookie":18272,"ev":"listen_event","family":2,"kind":"start","ktime_us":128302623,"port":7302,"reachable":true,"wake_lag_us":26058}
{"cookie":18272,"ev":"listen_event","family":2,"kind":"stop","ktime_us":128302626,"port":7302,"reachable":true,"wake_lag_us":26055}
{"cookie":18273,"ev":"listen_event","family":2,"kind":"start","ktime_us":128302642,"port":7302,"reachable":true,"wake_lag_us":26039}
{"cookie":18273,"ev":"listen_event","family":2,"kind":"stop","ktime_us":128302645,"port":7302,"reachable":true,"wake_lag_us":26036}
{"cookie":18274,"ev":"listen_event","family":2,"kind":"start","ktime_us":128302661,"port":7302,"reachable":true,"wake_lag_us":26020}
{"cookie":18274,"ev":"listen_event","family":2,"kind":"stop","ktime_us":128302664,"port":7302,"reachable":true,"wake_lag_us":26017}
{"cookie":18275,"ev":"listen_event","family":2,"kind":"start","ktime_us":128302680,"port":7302,"reachable":true,"wake_lag_us":26001}
{"cookie":18275,"ev":"listen_event","family":2,"kind":"stop","ktime_us":128302683,"port":7302,"reachable":true,"wake_lag_us":25998}
{"cookie":18276,"ev":"listen_event","family":2,"kind":"start","ktime_us":128302699,"port":7302,"reachable":true,"wake_lag_us":25982}
{"cookie":18276,"ev":"listen_event","family":2,"kind":"stop","ktime_us":128302702,"port":7302,"reachable":true,"wake_lag_us":25979}
{"cookie":18277,"ev":"listen_event","family":2,"kind":"start","ktime_us":128302718,"port":7302,"reachable":true,"wake_lag_us":25963}
{"cookie":18277,"ev":"listen_event","family":2,"kind":"stop","ktime_us":128302721,"port":7302,"reachable":true,"wake_lag_us":25960}
{"cookie":18278,"ev":"listen_event","family":2,"kind":"start","ktime_us":128302737,"port":7302,"reachable":true,"wake_lag_us":25944}
{"cookie":18278,"ev":"listen_event","family":2,"kind":"stop","ktime_us":128302740,"port":7302,"reachable":true,"wake_lag_us":25941}
{"cookie":18279,"ev":"listen_event","family":2,"kind":"start","ktime_us":128302755,"port":7302,"reachable":true,"wake_lag_us":25926}
{"cookie":18279,"ev":"listen_event","family":2,"kind":"stop","ktime_us":128302759,"port":7302,"reachable":true,"wake_lag_us":25922}
{"cookie":18280,"ev":"listen_event","family":2,"kind":"start","ktime_us":128302774,"port":7302,"reachable":true,"wake_lag_us":25907}
{"cookie":18280,"ev":"listen_event","family":2,"kind":"stop","ktime_us":128302778,"port":7302,"reachable":true,"wake_lag_us":25903}
{"cookie":18281,"ev":"listen_event","family":2,"kind":"start","ktime_us":128302794,"port":7302,"reachable":true,"wake_lag_us":25887}
{"cookie":18281,"ev":"listen_event","family":2,"kind":"stop","ktime_us":128302797,"port":7302,"reachable":true,"wake_lag_us":25884}
{"cookie":18282,"ev":"listen_event","family":2,"kind":"start","ktime_us":128302813,"port":7302,"reachable":true,"wake_lag_us":25868}
{"cookie":18282,"ev":"listen_event","family":2,"kind":"stop","ktime_us":128302816,"port":7302,"reachable":true,"wake_lag_us":25865}
{"cookie":18283,"ev":"listen_event","family":2,"kind":"start","ktime_us":128302832,"port":7302,"reachable":true,"wake_lag_us":25849}
{"cookie":18283,"ev":"listen_event","family":2,"kind":"stop","ktime_us":128302835,"port":7302,"reachable":true,"wake_lag_us":25846}
{"cookie":18284,"ev":"listen_event","family":2,"kind":"start","ktime_us":128302850,"port":7302,"reachable":true,"wake_lag_us":25831}
{"cookie":18284,"ev":"listen_event","family":2,"kind":"stop","ktime_us":128302854,"port":7302,"reachable":true,"wake_lag_us":25827}
{"cookie":18285,"ev":"listen_event","family":2,"kind":"start","ktime_us":128302869,"port":7302,"reachable":true,"wake_lag_us":25812}
{"cookie":18285,"ev":"listen_event","family":2,"kind":"stop","ktime_us":128302873,"port":7302,"reachable":true,"wake_lag_us":25808}
{"cookie":18286,"ev":"listen_event","family":2,"kind":"start","ktime_us":128302888,"port":7302,"reachable":true,"wake_lag_us":25793}
{"cookie":18286,"ev":"listen_event","family":2,"kind":"stop","ktime_us":128302892,"port":7302,"reachable":true,"wake_lag_us":25789}
{"cookie":18287,"ev":"listen_event","family":2,"kind":"start","ktime_us":128302907,"port":7302,"reachable":true,"wake_lag_us":25774}
{"cookie":18287,"ev":"listen_event","family":2,"kind":"stop","ktime_us":128302911,"port":7302,"reachable":true,"wake_lag_us":25770}
{"cookie":18288,"ev":"listen_event","family":2,"kind":"start","ktime_us":128302927,"port":7302,"reachable":true,"wake_lag_us":25754}
{"cookie":18288,"ev":"listen_event","family":2,"kind":"stop","ktime_us":128302930,"port":7302,"reachable":true,"wake_lag_us":25751}
{"cookie":18289,"ev":"listen_event","family":2,"kind":"start","ktime_us":128302945,"port":7302,"reachable":true,"wake_lag_us":25736}
{"cookie":18289,"ev":"listen_event","family":2,"kind":"stop","ktime_us":128302949,"port":7302,"reachable":true,"wake_lag_us":25732}
{"cookie":18290,"ev":"listen_event","family":2,"kind":"start","ktime_us":128302964,"port":7302,"reachable":true,"wake_lag_us":25717}
{"cookie":18290,"ev":"listen_event","family":2,"kind":"stop","ktime_us":128302968,"port":7302,"reachable":true,"wake_lag_us":25713}
{"cookie":18291,"ev":"listen_event","family":2,"kind":"start","ktime_us":128302983,"port":7302,"reachable":true,"wake_lag_us":25698}
{"cookie":18291,"ev":"listen_event","family":2,"kind":"stop","ktime_us":128302987,"port":7302,"reachable":true,"wake_lag_us":25694}
{"cookie":18292,"ev":"listen_event","family":2,"kind":"start","ktime_us":128303022,"port":7302,"reachable":true,"wake_lag_us":25659}
{"cookie":18292,"ev":"listen_event","family":2,"kind":"stop","ktime_us":128303026,"port":7302,"reachable":true,"wake_lag_us":25655}
{"cookie":18293,"ev":"listen_event","family":2,"kind":"start","ktime_us":128303042,"port":7302,"reachable":true,"wake_lag_us":25639}
{"cookie":18293,"ev":"listen_event","family":2,"kind":"stop","ktime_us":128303045,"port":7302,"reachable":true,"wake_lag_us":25636}
{"cookie":18294,"ev":"listen_event","family":2,"kind":"start","ktime_us":128303061,"port":7302,"reachable":true,"wake_lag_us":25620}
{"cookie":18294,"ev":"listen_event","family":2,"kind":"stop","ktime_us":128303064,"port":7302,"reachable":true,"wake_lag_us":25617}
{"cookie":18295,"ev":"listen_event","family":2,"kind":"start","ktime_us":128303080,"port":7302,"reachable":true,"wake_lag_us":25601}
{"cookie":18295,"ev":"listen_event","family":2,"kind":"stop","ktime_us":128303083,"port":7302,"reachable":true,"wake_lag_us":25598}
{"cookie":18296,"ev":"listen_event","family":2,"kind":"start","ktime_us":128303099,"port":7302,"reachable":true,"wake_lag_us":25582}
{"cookie":18296,"ev":"listen_event","family":2,"kind":"stop","ktime_us":128303102,"port":7302,"reachable":true,"wake_lag_us":25579}
{"cookie":18297,"ev":"listen_event","family":2,"kind":"start","ktime_us":128303118,"port":7302,"reachable":true,"wake_lag_us":25563}
{"cookie":18297,"ev":"listen_event","family":2,"kind":"stop","ktime_us":128303121,"port":7302,"reachable":true,"wake_lag_us":25560}
{"cookie":18298,"ev":"listen_event","family":2,"kind":"start","ktime_us":128303137,"port":7302,"reachable":true,"wake_lag_us":25544}
{"cookie":18298,"ev":"listen_event","family":2,"kind":"stop","ktime_us":128303140,"port":7302,"reachable":true,"wake_lag_us":25541}
{"cookie":18299,"ev":"listen_event","family":2,"kind":"start","ktime_us":128303155,"port":7302,"reachable":true,"wake_lag_us":25526}
{"cookie":18299,"ev":"listen_event","family":2,"kind":"stop","ktime_us":128303159,"port":7302,"reachable":true,"wake_lag_us":25522}
{"cookie":18300,"ev":"listen_event","family":2,"kind":"start","ktime_us":128303174,"port":7302,"reachable":true,"wake_lag_us":25507}
{"cookie":18300,"ev":"listen_event","family":2,"kind":"stop","ktime_us":128303178,"port":7302,"reachable":true,"wake_lag_us":25503}
{"cookie":18301,"ev":"listen_event","family":2,"kind":"start","ktime_us":128303193,"port":7302,"reachable":true,"wake_lag_us":25488}
{"cookie":18301,"ev":"listen_event","family":2,"kind":"stop","ktime_us":128303197,"port":7302,"reachable":true,"wake_lag_us":25484}
{"cookie":18302,"ev":"listen_event","family":2,"kind":"start","ktime_us":128303213,"port":7302,"reachable":true,"wake_lag_us":25468}
{"cookie":18302,"ev":"listen_event","family":2,"kind":"stop","ktime_us":128303216,"port":7302,"reachable":true,"wake_lag_us":25465}
{"cookie":18303,"ev":"listen_event","family":2,"kind":"start","ktime_us":128303232,"port":7302,"reachable":true,"wake_lag_us":25449}
{"cookie":18303,"ev":"listen_event","family":2,"kind":"stop","ktime_us":128303235,"port":7302,"reachable":true,"wake_lag_us":25446}
{"cookie":18304,"ev":"listen_event","family":2,"kind":"start","ktime_us":128303251,"port":7302,"reachable":true,"wake_lag_us":25430}
{"cookie":18304,"ev":"listen_event","family":2,"kind":"stop","ktime_us":128303254,"port":7302,"reachable":true,"wake_lag_us":25427}
{"cookie":18305,"ev":"listen_event","family":2,"kind":"start","ktime_us":128303270,"port":7302,"reachable":true,"wake_lag_us":25411}
{"cookie":18305,"ev":"listen_event","family":2,"kind":"stop","ktime_us":128303273,"port":7302,"reachable":true,"wake_lag_us":25408}
{"cookie":18306,"ev":"listen_event","family":2,"kind":"start","ktime_us":128303289,"port":7302,"reachable":true,"wake_lag_us":25392}
{"cookie":18306,"ev":"listen_event","family":2,"kind":"stop","ktime_us":128303292,"port":7302,"reachable":true,"wake_lag_us":25389}
{"cookie":18307,"ev":"listen_event","family":2,"kind":"start","ktime_us":128303307,"port":7302,"reachable":true,"wake_lag_us":25374}
{"cookie":18307,"ev":"listen_event","family":2,"kind":"stop","ktime_us":128303311,"port":7302,"reachable":true,"wake_lag_us":25370}
{"cookie":18308,"ev":"listen_event","family":2,"kind":"start","ktime_us":128303326,"port":7302,"reachable":true,"wake_lag_us":25355}
{"cookie":18308,"ev":"listen_event","family":2,"kind":"stop","ktime_us":128303329,"port":7302,"reachable":true,"wake_lag_us":25352}
{"cookie":18309,"ev":"listen_event","family":2,"kind":"start","ktime_us":128303345,"port":7302,"reachable":true,"wake_lag_us":25336}
{"cookie":18309,"ev":"listen_event","family":2,"kind":"stop","ktime_us":128303348,"port":7302,"reachable":true,"wake_lag_us":25333}
{"cookie":18310,"ev":"listen_event","family":2,"kind":"start","ktime_us":128303364,"port":7302,"reachable":true,"wake_lag_us":25317}
{"cookie":18310,"ev":"listen_event","family":2,"kind":"stop","ktime_us":128303367,"port":7302,"reachable":true,"wake_lag_us":25314}
{"cookie":18311,"ev":"listen_event","family":2,"kind":"start","ktime_us":128303383,"port":7302,"reachable":true,"wake_lag_us":25298}
{"cookie":18311,"ev":"listen_event","family":2,"kind":"stop","ktime_us":128303400,"port":7302,"reachable":true,"wake_lag_us":25281}
{"cookie":18312,"ev":"listen_event","family":2,"kind":"start","ktime_us":128303416,"port":7302,"reachable":true,"wake_lag_us":25265}
{"cookie":18312,"ev":"listen_event","family":2,"kind":"stop","ktime_us":128303419,"port":7302,"reachable":true,"wake_lag_us":25262}
{"cookie":18313,"ev":"listen_event","family":2,"kind":"start","ktime_us":128303435,"port":7302,"reachable":true,"wake_lag_us":25246}
{"cookie":18313,"ev":"listen_event","family":2,"kind":"stop","ktime_us":128303438,"port":7302,"reachable":true,"wake_lag_us":25243}
{"cookie":18314,"ev":"listen_event","family":2,"kind":"start","ktime_us":128303454,"port":7302,"reachable":true,"wake_lag_us":25227}
{"cookie":18314,"ev":"listen_event","family":2,"kind":"stop","ktime_us":128303457,"port":7302,"reachable":true,"wake_lag_us":25224}
{"cookie":18315,"ev":"listen_event","family":2,"kind":"start","ktime_us":128303473,"port":7302,"reachable":true,"wake_lag_us":25208}
{"cookie":18315,"ev":"listen_event","family":2,"kind":"stop","ktime_us":128303476,"port":7302,"reachable":true,"wake_lag_us":25205}
{"cookie":18316,"ev":"listen_event","family":2,"kind":"start","ktime_us":128303492,"port":7302,"reachable":true,"wake_lag_us":25189}
{"cookie":18316,"ev":"listen_event","family":2,"kind":"stop","ktime_us":128303496,"port":7302,"reachable":true,"wake_lag_us":25185}
{"cookie":18317,"ev":"listen_event","family":2,"kind":"start","ktime_us":128303511,"port":7302,"reachable":true,"wake_lag_us":25170}
{"cookie":18317,"ev":"listen_event","family":2,"kind":"stop","ktime_us":128303515,"port":7302,"reachable":true,"wake_lag_us":25166}
{"cookie":18318,"ev":"listen_event","family":2,"kind":"start","ktime_us":128303530,"port":7302,"reachable":true,"wake_lag_us":25151}
{"cookie":18318,"ev":"listen_event","family":2,"kind":"stop","ktime_us":128303534,"port":7302,"reachable":true,"wake_lag_us":25147}
{"cookie":18319,"ev":"listen_event","family":2,"kind":"start","ktime_us":128303549,"port":7302,"reachable":true,"wake_lag_us":25132}
{"cookie":18319,"ev":"listen_event","family":2,"kind":"stop","ktime_us":128303553,"port":7302,"reachable":true,"wake_lag_us":25128}
{"cookie":18320,"ev":"listen_event","family":2,"kind":"start","ktime_us":128303568,"port":7302,"reachable":true,"wake_lag_us":25113}
{"cookie":18320,"ev":"listen_event","family":2,"kind":"stop","ktime_us":128303572,"port":7302,"reachable":true,"wake_lag_us":25109}
{"cookie":18321,"ev":"listen_event","family":2,"kind":"start","ktime_us":128303587,"port":7302,"reachable":true,"wake_lag_us":25094}
{"cookie":18321,"ev":"listen_event","family":2,"kind":"stop","ktime_us":128303591,"port":7302,"reachable":true,"wake_lag_us":25090}
{"cookie":18322,"ev":"listen_event","family":2,"kind":"start","ktime_us":128303606,"port":7302,"reachable":true,"wake_lag_us":25075}
{"cookie":18322,"ev":"listen_event","family":2,"kind":"stop","ktime_us":128303610,"port":7302,"reachable":true,"wake_lag_us":25071}
{"cookie":18323,"ev":"listen_event","family":2,"kind":"start","ktime_us":128303625,"port":7302,"reachable":true,"wake_lag_us":25056}
{"cookie":18323,"ev":"listen_event","family":2,"kind":"stop","ktime_us":128303629,"port":7302,"reachable":true,"wake_lag_us":25052}
{"cookie":18324,"ev":"listen_event","family":2,"kind":"start","ktime_us":128303644,"port":7302,"reachable":true,"wake_lag_us":25037}
{"cookie":18324,"ev":"listen_event","family":2,"kind":"stop","ktime_us":128303648,"port":7302,"reachable":true,"wake_lag_us":25033}
{"cookie":18325,"ev":"listen_event","family":2,"kind":"start","ktime_us":128303664,"port":7302,"reachable":true,"wake_lag_us":25017}
{"cookie":18325,"ev":"listen_event","family":2,"kind":"stop","ktime_us":128303667,"port":7302,"reachable":true,"wake_lag_us":25014}
{"cookie":18326,"ev":"listen_event","family":2,"kind":"start","ktime_us":128303683,"port":7302,"reachable":true,"wake_lag_us":24998}
{"cookie":18326,"ev":"listen_event","family":2,"kind":"stop","ktime_us":128303686,"port":7302,"reachable":true,"wake_lag_us":24995}
{"cookie":18327,"ev":"listen_event","family":2,"kind":"start","ktime_us":128303701,"port":7302,"reachable":true,"wake_lag_us":24980}
{"cookie":18327,"ev":"listen_event","family":2,"kind":"stop","ktime_us":128303705,"port":7302,"reachable":true,"wake_lag_us":24976}
{"cookie":18328,"ev":"listen_event","family":2,"kind":"start","ktime_us":128303720,"port":7302,"reachable":true,"wake_lag_us":24961}
{"cookie":18328,"ev":"listen_event","family":2,"kind":"stop","ktime_us":128303724,"port":7302,"reachable":true,"wake_lag_us":24957}
{"cookie":18329,"ev":"listen_event","family":2,"kind":"start","ktime_us":128303743,"port":7302,"reachable":true,"wake_lag_us":24938}
{"cookie":18329,"ev":"listen_event","family":2,"kind":"stop","ktime_us":128303746,"port":7302,"reachable":true,"wake_lag_us":24935}
{"cookie":18330,"ev":"listen_event","family":2,"kind":"start","ktime_us":128303766,"port":7302,"reachable":true,"wake_lag_us":24915}
{"cookie":18330,"ev":"listen_event","family":2,"kind":"stop","ktime_us":128303769,"port":7302,"reachable":true,"wake_lag_us":24912}
{"cookie":18331,"ev":"listen_event","family":2,"kind":"start","ktime_us":128303785,"port":7302,"reachable":true,"wake_lag_us":24896}
{"cookie":18331,"ev":"listen_event","family":2,"kind":"stop","ktime_us":128303788,"port":7302,"reachable":true,"wake_lag_us":24893}
{"cookie":18332,"ev":"listen_event","family":2,"kind":"start","ktime_us":128303804,"port":7302,"reachable":true,"wake_lag_us":24877}
{"cookie":18332,"ev":"listen_event","family":2,"kind":"stop","ktime_us":128303807,"port":7302,"reachable":true,"wake_lag_us":24874}
{"cookie":18333,"ev":"listen_event","family":2,"kind":"start","ktime_us":128303823,"port":7302,"reachable":true,"wake_lag_us":24858}
{"cookie":18333,"ev":"listen_event","family":2,"kind":"stop","ktime_us":128303826,"port":7302,"reachable":true,"wake_lag_us":24855}
{"cookie":18334,"ev":"listen_event","family":2,"kind":"start","ktime_us":128303842,"port":7302,"reachable":true,"wake_lag_us":24839}
{"cookie":18334,"ev":"listen_event","family":2,"kind":"stop","ktime_us":128303845,"port":7302,"reachable":true,"wake_lag_us":24836}
{"cookie":18335,"ev":"listen_event","family":2,"kind":"start","ktime_us":128303861,"port":7302,"reachable":true,"wake_lag_us":24820}
{"cookie":18335,"ev":"listen_event","family":2,"kind":"stop","ktime_us":128303864,"port":7302,"reachable":true,"wake_lag_us":24817}
{"cookie":18336,"ev":"listen_event","family":2,"kind":"start","ktime_us":128303880,"port":7302,"reachable":true,"wake_lag_us":24801}
{"cookie":18336,"ev":"listen_event","family":2,"kind":"stop","ktime_us":128303883,"port":7302,"reachable":true,"wake_lag_us":24798}
{"cookie":18337,"ev":"listen_event","family":2,"kind":"start","ktime_us":128303899,"port":7302,"reachable":true,"wake_lag_us":24782}
{"cookie":18337,"ev":"listen_event","family":2,"kind":"stop","ktime_us":128303902,"port":7302,"reachable":true,"wake_lag_us":24779}
{"cookie":18338,"ev":"listen_event","family":2,"kind":"start","ktime_us":128303917,"port":7302,"reachable":true,"wake_lag_us":24764}
{"cookie":18338,"ev":"listen_event","family":2,"kind":"stop","ktime_us":128303921,"port":7302,"reachable":true,"wake_lag_us":24760}
{"cookie":18339,"ev":"listen_event","family":2,"kind":"start","ktime_us":128303936,"port":7302,"reachable":true,"wake_lag_us":24745}
{"cookie":18339,"ev":"listen_event","family":2,"kind":"stop","ktime_us":128303940,"port":7302,"reachable":true,"wake_lag_us":24741}
{"cookie":18340,"ev":"listen_event","family":2,"kind":"start","ktime_us":128303956,"port":7302,"reachable":true,"wake_lag_us":24725}
{"cookie":18340,"ev":"listen_event","family":2,"kind":"stop","ktime_us":128303959,"port":7302,"reachable":true,"wake_lag_us":24722}
{"cookie":18341,"ev":"listen_event","family":2,"kind":"start","ktime_us":128303979,"port":7302,"reachable":true,"wake_lag_us":24702}
{"cookie":18341,"ev":"listen_event","family":2,"kind":"stop","ktime_us":128303982,"port":7302,"reachable":true,"wake_lag_us":24699}
{"cookie":18342,"ev":"listen_event","family":2,"kind":"start","ktime_us":128304283,"port":7302,"reachable":true,"wake_lag_us":24398}
{"cookie":18342,"ev":"listen_event","family":2,"kind":"stop","ktime_us":128304287,"port":7302,"reachable":true,"wake_lag_us":24394}
{"cookie":18343,"ev":"listen_event","family":2,"kind":"start","ktime_us":128304305,"port":7302,"reachable":true,"wake_lag_us":24376}
{"cookie":18343,"ev":"listen_event","family":2,"kind":"stop","ktime_us":128304308,"port":7302,"reachable":true,"wake_lag_us":24373}
{"cookie":18344,"ev":"listen_event","family":2,"kind":"start","ktime_us":128304324,"port":7302,"reachable":true,"wake_lag_us":24357}
{"cookie":18344,"ev":"listen_event","family":2,"kind":"stop","ktime_us":128304327,"port":7302,"reachable":true,"wake_lag_us":24354}
{"cookie":18345,"ev":"listen_event","family":2,"kind":"start","ktime_us":128304343,"port":7302,"reachable":true,"wake_lag_us":24338}
{"cookie":18345,"ev":"listen_event","family":2,"kind":"stop","ktime_us":128304346,"port":7302,"reachable":true,"wake_lag_us":24335}
{"cookie":18346,"ev":"listen_event","family":2,"kind":"start","ktime_us":128304362,"port":7302,"reachable":true,"wake_lag_us":24319}
{"cookie":18346,"ev":"listen_event","family":2,"kind":"stop","ktime_us":128304365,"port":7302,"reachable":true,"wake_lag_us":24316}
{"cookie":18347,"ev":"listen_event","family":2,"kind":"start","ktime_us":128304381,"port":7302,"reachable":true,"wake_lag_us":24300}
{"cookie":18347,"ev":"listen_event","family":2,"kind":"stop","ktime_us":128304384,"port":7302,"reachable":true,"wake_lag_us":24297}
{"cookie":18348,"ev":"listen_event","family":2,"kind":"start","ktime_us":128304412,"port":7302,"reachable":true,"wake_lag_us":24269}
{"cookie":18348,"ev":"listen_event","family":2,"kind":"stop","ktime_us":128304416,"port":7302,"reachable":true,"wake_lag_us":24265}
{"cookie":18349,"ev":"listen_event","family":2,"kind":"start","ktime_us":128304432,"port":7302,"reachable":true,"wake_lag_us":24249}
{"cookie":18349,"ev":"listen_event","family":2,"kind":"stop","ktime_us":128304435,"port":7302,"reachable":true,"wake_lag_us":24246}
{"cookie":18350,"ev":"listen_event","family":2,"kind":"start","ktime_us":128304450,"port":7302,"reachable":true,"wake_lag_us":24231}
{"cookie":18350,"ev":"listen_event","family":2,"kind":"stop","ktime_us":128304454,"port":7302,"reachable":true,"wake_lag_us":24227}
{"cookie":18351,"ev":"listen_event","family":2,"kind":"start","ktime_us":128304470,"port":7302,"reachable":true,"wake_lag_us":24211}
{"cookie":18351,"ev":"listen_event","family":2,"kind":"stop","ktime_us":128304473,"port":7302,"reachable":true,"wake_lag_us":24208}
{"cookie":18352,"ev":"listen_event","family":2,"kind":"start","ktime_us":128304489,"port":7302,"reachable":true,"wake_lag_us":24192}
{"cookie":18352,"ev":"listen_event","family":2,"kind":"stop","ktime_us":128304492,"port":7302,"reachable":true,"wake_lag_us":24189}
{"cookie":18353,"ev":"listen_event","family":2,"kind":"start","ktime_us":128304508,"port":7302,"reachable":true,"wake_lag_us":24173}
{"cookie":18353,"ev":"listen_event","family":2,"kind":"stop","ktime_us":128304511,"port":7302,"reachable":true,"wake_lag_us":24170}
{"cookie":18354,"ev":"listen_event","family":2,"kind":"start","ktime_us":128304527,"port":7302,"reachable":true,"wake_lag_us":24154}
{"cookie":18354,"ev":"listen_event","family":2,"kind":"stop","ktime_us":128304530,"port":7302,"reachable":true,"wake_lag_us":24151}
{"cookie":18355,"ev":"listen_event","family":2,"kind":"start","ktime_us":128304546,"port":7302,"reachable":true,"wake_lag_us":24135}
{"cookie":18355,"ev":"listen_event","family":2,"kind":"stop","ktime_us":128304549,"port":7302,"reachable":true,"wake_lag_us":24132}
{"cookie":18356,"ev":"listen_event","family":2,"kind":"start","ktime_us":128304565,"port":7302,"reachable":true,"wake_lag_us":24116}
{"cookie":18356,"ev":"listen_event","family":2,"kind":"stop","ktime_us":128304568,"port":7302,"reachable":true,"wake_lag_us":24113}
{"cookie":18357,"ev":"listen_event","family":2,"kind":"start","ktime_us":128304584,"port":7302,"reachable":true,"wake_lag_us":24097}
{"cookie":18357,"ev":"listen_event","family":2,"kind":"stop","ktime_us":128304587,"port":7302,"reachable":true,"wake_lag_us":24094}
{"cookie":18358,"ev":"listen_event","family":2,"kind":"start","ktime_us":128304603,"port":7302,"reachable":true,"wake_lag_us":24078}
{"cookie":18358,"ev":"listen_event","family":2,"kind":"stop","ktime_us":128304606,"port":7302,"reachable":true,"wake_lag_us":24075}
{"cookie":18359,"ev":"listen_event","family":2,"kind":"start","ktime_us":128304622,"port":7302,"reachable":true,"wake_lag_us":24059}
{"cookie":18359,"ev":"listen_event","family":2,"kind":"stop","ktime_us":128304625,"port":7302,"reachable":true,"wake_lag_us":24056}
{"cookie":18360,"ev":"listen_event","family":2,"kind":"start","ktime_us":128304641,"port":7302,"reachable":true,"wake_lag_us":24040}
{"cookie":18360,"ev":"listen_event","family":2,"kind":"stop","ktime_us":128304644,"port":7302,"reachable":true,"wake_lag_us":24037}
{"cookie":18361,"ev":"listen_event","family":2,"kind":"start","ktime_us":128304660,"port":7302,"reachable":true,"wake_lag_us":24021}
{"cookie":18361,"ev":"listen_event","family":2,"kind":"stop","ktime_us":128304663,"port":7302,"reachable":true,"wake_lag_us":24018}
{"cookie":18362,"ev":"listen_event","family":2,"kind":"start","ktime_us":128304679,"port":7302,"reachable":true,"wake_lag_us":24002}
{"cookie":18362,"ev":"listen_event","family":2,"kind":"stop","ktime_us":128304682,"port":7302,"reachable":true,"wake_lag_us":23999}
{"cookie":18363,"ev":"listen_event","family":2,"kind":"start","ktime_us":128304698,"port":7302,"reachable":true,"wake_lag_us":23983}
{"cookie":18363,"ev":"listen_event","family":2,"kind":"stop","ktime_us":128304701,"port":7302,"reachable":true,"wake_lag_us":23980}
{"cookie":18364,"ev":"listen_event","family":2,"kind":"start","ktime_us":128304717,"port":7302,"reachable":true,"wake_lag_us":23964}
{"cookie":18364,"ev":"listen_event","family":2,"kind":"stop","ktime_us":128304720,"port":7302,"reachable":true,"wake_lag_us":23961}
{"cookie":18365,"ev":"listen_event","family":2,"kind":"start","ktime_us":128304736,"port":7302,"reachable":true,"wake_lag_us":23945}
{"cookie":18365,"ev":"listen_event","family":2,"kind":"stop","ktime_us":128304739,"port":7302,"reachable":true,"wake_lag_us":23942}
{"cookie":18366,"ev":"listen_event","family":2,"kind":"start","ktime_us":128304755,"port":7302,"reachable":true,"wake_lag_us":23926}
{"cookie":18366,"ev":"listen_event","family":2,"kind":"stop","ktime_us":128304758,"port":7302,"reachable":true,"wake_lag_us":23923}
{"cookie":18367,"ev":"listen_event","family":2,"kind":"start","ktime_us":128304774,"port":7302,"reachable":true,"wake_lag_us":23907}
{"cookie":18367,"ev":"listen_event","family":2,"kind":"stop","ktime_us":128304777,"port":7302,"reachable":true,"wake_lag_us":23904}
{"cookie":18368,"ev":"listen_event","family":2,"kind":"start","ktime_us":128304793,"port":7302,"reachable":true,"wake_lag_us":23888}
{"cookie":18368,"ev":"listen_event","family":2,"kind":"stop","ktime_us":128304796,"port":7302,"reachable":true,"wake_lag_us":23885}
{"cookie":18369,"ev":"listen_event","family":2,"kind":"start","ktime_us":128304811,"port":7302,"reachable":true,"wake_lag_us":23870}
{"cookie":18369,"ev":"listen_event","family":2,"kind":"stop","ktime_us":128304815,"port":7302,"reachable":true,"wake_lag_us":23866}
{"cookie":18370,"ev":"listen_event","family":2,"kind":"start","ktime_us":128304830,"port":7302,"reachable":true,"wake_lag_us":23851}
{"cookie":18370,"ev":"listen_event","family":2,"kind":"stop","ktime_us":128304834,"port":7302,"reachable":true,"wake_lag_us":23847}
{"cookie":18371,"ev":"listen_event","family":2,"kind":"start","ktime_us":128304849,"port":7302,"reachable":true,"wake_lag_us":23832}
{"cookie":18371,"ev":"listen_event","family":2,"kind":"stop","ktime_us":128304852,"port":7302,"reachable":true,"wake_lag_us":23829}
{"cookie":18372,"ev":"listen_event","family":2,"kind":"start","ktime_us":128304868,"port":7302,"reachable":true,"wake_lag_us":23813}
{"cookie":18372,"ev":"listen_event","family":2,"kind":"stop","ktime_us":128304871,"port":7302,"reachable":true,"wake_lag_us":23810}
{"cookie":18373,"ev":"listen_event","family":2,"kind":"start","ktime_us":128304887,"port":7302,"reachable":true,"wake_lag_us":23794}
{"cookie":18373,"ev":"listen_event","family":2,"kind":"stop","ktime_us":128304890,"port":7302,"reachable":true,"wake_lag_us":23791}
{"cookie":18374,"ev":"listen_event","family":2,"kind":"start","ktime_us":128304906,"port":7302,"reachable":true,"wake_lag_us":23775}
{"cookie":18374,"ev":"listen_event","family":2,"kind":"stop","ktime_us":128304909,"port":7302,"reachable":true,"wake_lag_us":23772}
{"cookie":18375,"ev":"listen_event","family":2,"kind":"start","ktime_us":128304925,"port":7302,"reachable":true,"wake_lag_us":23756}
{"cookie":18375,"ev":"listen_event","family":2,"kind":"stop","ktime_us":128304928,"port":7302,"reachable":true,"wake_lag_us":23753}
{"cookie":18376,"ev":"listen_event","family":2,"kind":"start","ktime_us":128304944,"port":7302,"reachable":true,"wake_lag_us":23737}
{"cookie":18376,"ev":"listen_event","family":2,"kind":"stop","ktime_us":128304947,"port":7302,"reachable":true,"wake_lag_us":23734}
{"cookie":18377,"ev":"listen_event","family":2,"kind":"start","ktime_us":128304963,"port":7302,"reachable":true,"wake_lag_us":23718}
{"cookie":18377,"ev":"listen_event","family":2,"kind":"stop","ktime_us":128304966,"port":7302,"reachable":true,"wake_lag_us":23715}
{"cookie":18378,"ev":"listen_event","family":2,"kind":"start","ktime_us":128304982,"port":7302,"reachable":true,"wake_lag_us":23699}
{"cookie":18378,"ev":"listen_event","family":2,"kind":"stop","ktime_us":128304985,"port":7302,"reachable":true,"wake_lag_us":23696}
{"cookie":18379,"ev":"listen_event","family":2,"kind":"start","ktime_us":128305118,"port":7302,"reachable":true,"wake_lag_us":23563}
{"cookie":18379,"ev":"listen_event","family":2,"kind":"stop","ktime_us":128305122,"port":7302,"reachable":true,"wake_lag_us":23559}
{"cookie":18380,"ev":"listen_event","family":2,"kind":"start","ktime_us":128305140,"port":7302,"reachable":true,"wake_lag_us":23541}
{"cookie":18380,"ev":"listen_event","family":2,"kind":"stop","ktime_us":128305143,"port":7302,"reachable":true,"wake_lag_us":23538}
{"cookie":18381,"ev":"listen_event","family":2,"kind":"start","ktime_us":128305159,"port":7302,"reachable":true,"wake_lag_us":23522}
{"cookie":18381,"ev":"listen_event","family":2,"kind":"stop","ktime_us":128305162,"port":7302,"reachable":true,"wake_lag_us":23519}
{"cookie":18382,"ev":"listen_event","family":2,"kind":"start","ktime_us":128305178,"port":7302,"reachable":true,"wake_lag_us":23503}
{"cookie":18382,"ev":"listen_event","family":2,"kind":"stop","ktime_us":128305181,"port":7302,"reachable":true,"wake_lag_us":23500}
{"cookie":18383,"ev":"listen_event","family":2,"kind":"start","ktime_us":128305197,"port":7302,"reachable":true,"wake_lag_us":23484}
{"cookie":18383,"ev":"listen_event","family":2,"kind":"stop","ktime_us":128305200,"port":7302,"reachable":true,"wake_lag_us":23481}
{"cookie":18384,"ev":"listen_event","family":2,"kind":"start","ktime_us":128305216,"port":7302,"reachable":true,"wake_lag_us":23465}
{"cookie":18384,"ev":"listen_event","family":2,"kind":"stop","ktime_us":128305219,"port":7302,"reachable":true,"wake_lag_us":23462}
{"cookie":18385,"ev":"listen_event","family":2,"kind":"start","ktime_us":128305235,"port":7302,"reachable":true,"wake_lag_us":23446}
{"cookie":18385,"ev":"listen_event","family":2,"kind":"stop","ktime_us":128305238,"port":7302,"reachable":true,"wake_lag_us":23443}
{"cookie":18386,"ev":"listen_event","family":2,"kind":"start","ktime_us":128305255,"port":7302,"reachable":true,"wake_lag_us":23426}
{"cookie":18386,"ev":"listen_event","family":2,"kind":"stop","ktime_us":128305258,"port":7302,"reachable":true,"wake_lag_us":23423}
{"cookie":18387,"ev":"listen_event","family":2,"kind":"start","ktime_us":128305274,"port":7302,"reachable":true,"wake_lag_us":23407}
{"cookie":18387,"ev":"listen_event","family":2,"kind":"stop","ktime_us":128305277,"port":7302,"reachable":true,"wake_lag_us":23404}
{"cookie":18388,"ev":"listen_event","family":2,"kind":"start","ktime_us":128305294,"port":7302,"reachable":true,"wake_lag_us":23387}
{"cookie":18388,"ev":"listen_event","family":2,"kind":"stop","ktime_us":128305298,"port":7302,"reachable":true,"wake_lag_us":23383}
{"cookie":18389,"ev":"listen_event","family":2,"kind":"start","ktime_us":128305314,"port":7302,"reachable":true,"wake_lag_us":23367}
{"cookie":18389,"ev":"listen_event","family":2,"kind":"stop","ktime_us":128305317,"port":7302,"reachable":true,"wake_lag_us":23364}
{"cookie":18390,"ev":"listen_event","family":2,"kind":"start","ktime_us":128305334,"port":7302,"reachable":true,"wake_lag_us":23347}
{"cookie":18390,"ev":"listen_event","family":2,"kind":"stop","ktime_us":128305337,"port":7302,"reachable":true,"wake_lag_us":23344}
{"cookie":18391,"ev":"listen_event","family":2,"kind":"start","ktime_us":128305353,"port":7302,"reachable":true,"wake_lag_us":23328}
{"cookie":18391,"ev":"listen_event","family":2,"kind":"stop","ktime_us":128305356,"port":7302,"reachable":true,"wake_lag_us":23325}
{"cookie":18392,"ev":"listen_event","family":2,"kind":"start","ktime_us":128305372,"port":7302,"reachable":true,"wake_lag_us":23309}
{"cookie":18392,"ev":"listen_event","family":2,"kind":"stop","ktime_us":128305375,"port":7302,"reachable":true,"wake_lag_us":23306}
{"cookie":18393,"ev":"listen_event","family":2,"kind":"start","ktime_us":128305403,"port":7302,"reachable":true,"wake_lag_us":23278}
{"cookie":18393,"ev":"listen_event","family":2,"kind":"stop","ktime_us":128305406,"port":7302,"reachable":true,"wake_lag_us":23275}
{"cookie":18394,"ev":"listen_event","family":2,"kind":"start","ktime_us":128305422,"port":7302,"reachable":true,"wake_lag_us":23259}
{"cookie":18394,"ev":"listen_event","family":2,"kind":"stop","ktime_us":128305425,"port":7302,"reachable":true,"wake_lag_us":23256}
{"cookie":18395,"ev":"listen_event","family":2,"kind":"start","ktime_us":128305441,"port":7302,"reachable":true,"wake_lag_us":23240}
{"cookie":18395,"ev":"listen_event","family":2,"kind":"stop","ktime_us":128305444,"port":7302,"reachable":true,"wake_lag_us":23237}
{"cookie":18396,"ev":"listen_event","family":2,"kind":"start","ktime_us":128305460,"port":7302,"reachable":true,"wake_lag_us":23221}
{"cookie":18396,"ev":"listen_event","family":2,"kind":"stop","ktime_us":128305463,"port":7302,"reachable":true,"wake_lag_us":23218}
{"cookie":18397,"ev":"listen_event","family":2,"kind":"start","ktime_us":128305479,"port":7302,"reachable":true,"wake_lag_us":23202}
{"cookie":18397,"ev":"listen_event","family":2,"kind":"stop","ktime_us":128305482,"port":7302,"reachable":true,"wake_lag_us":23199}
{"cookie":18398,"ev":"listen_event","family":2,"kind":"start","ktime_us":128305498,"port":7302,"reachable":true,"wake_lag_us":23183}
{"cookie":18398,"ev":"listen_event","family":2,"kind":"stop","ktime_us":128305501,"port":7302,"reachable":true,"wake_lag_us":23180}
{"cookie":18399,"ev":"listen_event","family":2,"kind":"start","ktime_us":128305516,"port":7302,"reachable":true,"wake_lag_us":23165}
{"cookie":18399,"ev":"listen_event","family":2,"kind":"stop","ktime_us":128305520,"port":7302,"reachable":true,"wake_lag_us":23161}
{"cookie":18400,"ev":"listen_event","family":2,"kind":"start","ktime_us":128305536,"port":7302,"reachable":true,"wake_lag_us":23145}
{"cookie":18400,"ev":"listen_event","family":2,"kind":"stop","ktime_us":128305539,"port":7302,"reachable":true,"wake_lag_us":23142}
{"cookie":18401,"ev":"listen_event","family":2,"kind":"start","ktime_us":128305555,"port":7302,"reachable":true,"wake_lag_us":23126}
{"cookie":18401,"ev":"listen_event","family":2,"kind":"stop","ktime_us":128305558,"port":7302,"reachable":true,"wake_lag_us":23123}
{"cookie":18402,"ev":"listen_event","family":2,"kind":"start","ktime_us":128305574,"port":7302,"reachable":true,"wake_lag_us":23107}
{"cookie":18402,"ev":"listen_event","family":2,"kind":"stop","ktime_us":128305577,"port":7302,"reachable":true,"wake_lag_us":23104}
{"cookie":18403,"ev":"listen_event","family":2,"kind":"start","ktime_us":128305593,"port":7302,"reachable":true,"wake_lag_us":23088}
{"cookie":18403,"ev":"listen_event","family":2,"kind":"stop","ktime_us":128305596,"port":7302,"reachable":true,"wake_lag_us":23085}
{"cookie":18404,"ev":"listen_event","family":2,"kind":"start","ktime_us":128305611,"port":7302,"reachable":true,"wake_lag_us":23070}
{"cookie":18404,"ev":"listen_event","family":2,"kind":"stop","ktime_us":128305615,"port":7302,"reachable":true,"wake_lag_us":23066}
{"cookie":18405,"ev":"listen_event","family":2,"kind":"start","ktime_us":128305630,"port":7302,"reachable":true,"wake_lag_us":23051}
{"cookie":18405,"ev":"listen_event","family":2,"kind":"stop","ktime_us":128305633,"port":7302,"reachable":true,"wake_lag_us":23048}
{"cookie":18406,"ev":"listen_event","family":2,"kind":"start","ktime_us":128305649,"port":7302,"reachable":true,"wake_lag_us":23032}
{"cookie":18406,"ev":"listen_event","family":2,"kind":"stop","ktime_us":128305653,"port":7302,"reachable":true,"wake_lag_us":23028}
{"cookie":18407,"ev":"listen_event","family":2,"kind":"start","ktime_us":128305668,"port":7302,"reachable":true,"wake_lag_us":23013}
{"cookie":18407,"ev":"listen_event","family":2,"kind":"stop","ktime_us":128305671,"port":7302,"reachable":true,"wake_lag_us":23010}
{"cookie":18408,"ev":"listen_event","family":2,"kind":"start","ktime_us":128305687,"port":7302,"reachable":true,"wake_lag_us":22994}
{"cookie":18408,"ev":"listen_event","family":2,"kind":"stop","ktime_us":128305690,"port":7302,"reachable":true,"wake_lag_us":22991}
{"cookie":18409,"ev":"listen_event","family":2,"kind":"start","ktime_us":128305706,"port":7302,"reachable":true,"wake_lag_us":22975}
{"cookie":18409,"ev":"listen_event","family":2,"kind":"stop","ktime_us":128305709,"port":7302,"reachable":true,"wake_lag_us":22972}
{"cookie":18410,"ev":"listen_event","family":2,"kind":"start","ktime_us":128305725,"port":7302,"reachable":true,"wake_lag_us":22956}
{"cookie":18410,"ev":"listen_event","family":2,"kind":"stop","ktime_us":128305728,"port":7302,"reachable":true,"wake_lag_us":22953}
{"cookie":18411,"ev":"listen_event","family":2,"kind":"start","ktime_us":128305744,"port":7302,"reachable":true,"wake_lag_us":22937}
{"cookie":18411,"ev":"listen_event","family":2,"kind":"stop","ktime_us":128305747,"port":7302,"reachable":true,"wake_lag_us":22934}
{"cookie":18412,"ev":"listen_event","family":2,"kind":"start","ktime_us":128305763,"port":7302,"reachable":true,"wake_lag_us":22918}
{"cookie":18412,"ev":"listen_event","family":2,"kind":"stop","ktime_us":128305766,"port":7302,"reachable":true,"wake_lag_us":22915}
{"cookie":18413,"ev":"listen_event","family":2,"kind":"start","ktime_us":128305782,"port":7302,"reachable":true,"wake_lag_us":22899}
{"cookie":18413,"ev":"listen_event","family":2,"kind":"stop","ktime_us":128305785,"port":7302,"reachable":true,"wake_lag_us":22896}
{"cookie":18414,"ev":"listen_event","family":2,"kind":"start","ktime_us":128305801,"port":7302,"reachable":true,"wake_lag_us":22880}
{"cookie":18414,"ev":"listen_event","family":2,"kind":"stop","ktime_us":128305804,"port":7302,"reachable":true,"wake_lag_us":22877}
{"cookie":18415,"ev":"listen_event","family":2,"kind":"start","ktime_us":128305820,"port":7302,"reachable":true,"wake_lag_us":22861}
{"cookie":18415,"ev":"listen_event","family":2,"kind":"stop","ktime_us":128305823,"port":7302,"reachable":true,"wake_lag_us":22858}
{"cookie":18416,"ev":"listen_event","family":2,"kind":"start","ktime_us":128305838,"port":7302,"reachable":true,"wake_lag_us":22843}
{"cookie":18416,"ev":"listen_event","family":2,"kind":"stop","ktime_us":128305842,"port":7302,"reachable":true,"wake_lag_us":22839}
{"cookie":18417,"ev":"listen_event","family":2,"kind":"start","ktime_us":128305857,"port":7302,"reachable":true,"wake_lag_us":22824}
{"cookie":18417,"ev":"listen_event","family":2,"kind":"stop","ktime_us":128305861,"port":7302,"reachable":true,"wake_lag_us":22820}
{"cookie":18418,"ev":"listen_event","family":2,"kind":"start","ktime_us":128305876,"port":7302,"reachable":true,"wake_lag_us":22805}
{"cookie":18418,"ev":"listen_event","family":2,"kind":"stop","ktime_us":128305879,"port":7302,"reachable":true,"wake_lag_us":22802}
{"cookie":18419,"ev":"listen_event","family":2,"kind":"start","ktime_us":128305895,"port":7302,"reachable":true,"wake_lag_us":22786}
{"cookie":18419,"ev":"listen_event","family":2,"kind":"stop","ktime_us":128305898,"port":7302,"reachable":true,"wake_lag_us":22783}
{"cookie":18420,"ev":"listen_event","family":2,"kind":"start","ktime_us":128305914,"port":7302,"reachable":true,"wake_lag_us":22767}
{"cookie":18420,"ev":"listen_event","family":2,"kind":"stop","ktime_us":128305917,"port":7302,"reachable":true,"wake_lag_us":22764}
{"cookie":18421,"ev":"listen_event","family":2,"kind":"start","ktime_us":128305933,"port":7302,"reachable":true,"wake_lag_us":22748}
{"cookie":18421,"ev":"listen_event","family":2,"kind":"stop","ktime_us":128305936,"port":7302,"reachable":true,"wake_lag_us":22745}
{"cookie":18422,"ev":"listen_event","family":2,"kind":"start","ktime_us":128305952,"port":7302,"reachable":true,"wake_lag_us":22729}
{"cookie":18422,"ev":"listen_event","family":2,"kind":"stop","ktime_us":128305955,"port":7302,"reachable":true,"wake_lag_us":22726}
{"cookie":18423,"ev":"listen_event","family":2,"kind":"start","ktime_us":128305971,"port":7302,"reachable":true,"wake_lag_us":22710}
{"cookie":18423,"ev":"listen_event","family":2,"kind":"stop","ktime_us":128305974,"port":7302,"reachable":true,"wake_lag_us":22707}
{"cookie":18424,"ev":"listen_event","family":2,"kind":"start","ktime_us":128305990,"port":7302,"reachable":true,"wake_lag_us":22691}
{"cookie":18424,"ev":"listen_event","family":2,"kind":"stop","ktime_us":128305993,"port":7302,"reachable":true,"wake_lag_us":22688}
{"cookie":18425,"ev":"listen_event","family":2,"kind":"start","ktime_us":128306035,"port":7302,"reachable":true,"wake_lag_us":22646}
{"cookie":18425,"ev":"listen_event","family":2,"kind":"stop","ktime_us":128306039,"port":7302,"reachable":true,"wake_lag_us":22642}
{"cookie":18426,"ev":"listen_event","family":2,"kind":"start","ktime_us":128306055,"port":7302,"reachable":true,"wake_lag_us":22626}
{"cookie":18426,"ev":"listen_event","family":2,"kind":"stop","ktime_us":128306058,"port":7302,"reachable":true,"wake_lag_us":22623}
{"cookie":18427,"ev":"listen_event","family":2,"kind":"start","ktime_us":128306074,"port":7302,"reachable":true,"wake_lag_us":22607}
{"cookie":18427,"ev":"listen_event","family":2,"kind":"stop","ktime_us":128306077,"port":7302,"reachable":true,"wake_lag_us":22604}
{"cookie":18428,"ev":"listen_event","family":2,"kind":"start","ktime_us":128306093,"port":7302,"reachable":true,"wake_lag_us":22588}
{"cookie":18428,"ev":"listen_event","family":2,"kind":"stop","ktime_us":128306096,"port":7302,"reachable":true,"wake_lag_us":22585}
{"cookie":18429,"ev":"listen_event","family":2,"kind":"start","ktime_us":128306112,"port":7302,"reachable":true,"wake_lag_us":22569}
{"cookie":18429,"ev":"listen_event","family":2,"kind":"stop","ktime_us":128306115,"port":7302,"reachable":true,"wake_lag_us":22566}
{"cookie":18430,"ev":"listen_event","family":2,"kind":"start","ktime_us":128306131,"port":7302,"reachable":true,"wake_lag_us":22550}
{"cookie":18430,"ev":"listen_event","family":2,"kind":"stop","ktime_us":128306134,"port":7302,"reachable":true,"wake_lag_us":22547}
{"cookie":18431,"ev":"listen_event","family":2,"kind":"start","ktime_us":128306150,"port":7302,"reachable":true,"wake_lag_us":22531}
{"cookie":18431,"ev":"listen_event","family":2,"kind":"stop","ktime_us":128306153,"port":7302,"reachable":true,"wake_lag_us":22528}
{"cookie":18432,"ev":"listen_event","family":2,"kind":"start","ktime_us":128306168,"port":7302,"reachable":true,"wake_lag_us":22513}
{"cookie":18432,"ev":"listen_event","family":2,"kind":"stop","ktime_us":128306172,"port":7302,"reachable":true,"wake_lag_us":22509}
{"cookie":18433,"ev":"listen_event","family":2,"kind":"start","ktime_us":128306187,"port":7302,"reachable":true,"wake_lag_us":22494}
{"cookie":18433,"ev":"listen_event","family":2,"kind":"stop","ktime_us":128306191,"port":7302,"reachable":true,"wake_lag_us":22490}
{"cookie":18434,"ev":"listen_event","family":2,"kind":"start","ktime_us":128306206,"port":7302,"reachable":true,"wake_lag_us":22475}
{"cookie":18434,"ev":"listen_event","family":2,"kind":"stop","ktime_us":128306209,"port":7302,"reachable":true,"wake_lag_us":22472}
{"cookie":18435,"ev":"listen_event","family":2,"kind":"start","ktime_us":128306225,"port":7302,"reachable":true,"wake_lag_us":22456}
{"cookie":18435,"ev":"listen_event","family":2,"kind":"stop","ktime_us":128306228,"port":7302,"reachable":true,"wake_lag_us":22453}
{"cookie":18436,"ev":"listen_event","family":2,"kind":"start","ktime_us":128306245,"port":7302,"reachable":true,"wake_lag_us":22436}
{"cookie":18436,"ev":"listen_event","family":2,"kind":"stop","ktime_us":128306248,"port":7302,"reachable":true,"wake_lag_us":22433}
{"cookie":18437,"ev":"listen_event","family":2,"kind":"start","ktime_us":128306264,"port":7302,"reachable":true,"wake_lag_us":22417}
{"cookie":18437,"ev":"listen_event","family":2,"kind":"stop","ktime_us":128306267,"port":7302,"reachable":true,"wake_lag_us":22414}
{"cookie":18438,"ev":"listen_event","family":2,"kind":"start","ktime_us":128306283,"port":7302,"reachable":true,"wake_lag_us":22398}
{"cookie":18438,"ev":"listen_event","family":2,"kind":"stop","ktime_us":128306286,"port":7302,"reachable":true,"wake_lag_us":22395}
{"cookie":18439,"ev":"listen_event","family":2,"kind":"start","ktime_us":128306302,"port":7302,"reachable":true,"wake_lag_us":22379}
{"cookie":18439,"ev":"listen_event","family":2,"kind":"stop","ktime_us":128306305,"port":7302,"reachable":true,"wake_lag_us":22376}
{"cookie":18440,"ev":"listen_event","family":2,"kind":"start","ktime_us":128306320,"port":7302,"reachable":true,"wake_lag_us":22361}
{"cookie":18440,"ev":"listen_event","family":2,"kind":"stop","ktime_us":128306324,"port":7302,"reachable":true,"wake_lag_us":22357}
{"cookie":18441,"ev":"listen_event","family":2,"kind":"start","ktime_us":128306339,"port":7302,"reachable":true,"wake_lag_us":22342}
{"cookie":18441,"ev":"listen_event","family":2,"kind":"stop","ktime_us":128306343,"port":7302,"reachable":true,"wake_lag_us":22338}
{"cookie":18442,"ev":"listen_event","family":2,"kind":"start","ktime_us":128306358,"port":7302,"reachable":true,"wake_lag_us":22323}
{"cookie":18442,"ev":"listen_event","family":2,"kind":"stop","ktime_us":128306361,"port":7302,"reachable":true,"wake_lag_us":22320}
{"cookie":18443,"ev":"listen_event","family":2,"kind":"start","ktime_us":128306377,"port":7302,"reachable":true,"wake_lag_us":22304}
{"cookie":18443,"ev":"listen_event","family":2,"kind":"stop","ktime_us":128306380,"port":7302,"reachable":true,"wake_lag_us":22301}
{"cookie":18444,"ev":"listen_event","family":2,"kind":"start","ktime_us":128306407,"port":7302,"reachable":true,"wake_lag_us":22274}
{"cookie":18444,"ev":"listen_event","family":2,"kind":"stop","ktime_us":128306410,"port":7302,"reachable":true,"wake_lag_us":22271}
{"cookie":18445,"ev":"listen_event","family":2,"kind":"start","ktime_us":128306426,"port":7302,"reachable":true,"wake_lag_us":22255}
{"cookie":18445,"ev":"listen_event","family":2,"kind":"stop","ktime_us":128306429,"port":7302,"reachable":true,"wake_lag_us":22252}
{"cookie":18446,"ev":"listen_event","family":2,"kind":"start","ktime_us":128306445,"port":7302,"reachable":true,"wake_lag_us":22236}
{"cookie":18446,"ev":"listen_event","family":2,"kind":"stop","ktime_us":128306448,"port":7302,"reachable":true,"wake_lag_us":22233}
{"cookie":18447,"ev":"listen_event","family":2,"kind":"start","ktime_us":128306464,"port":7302,"reachable":true,"wake_lag_us":22217}
{"cookie":18447,"ev":"listen_event","family":2,"kind":"stop","ktime_us":128306467,"port":7302,"reachable":true,"wake_lag_us":22214}
{"cookie":18448,"ev":"listen_event","family":2,"kind":"start","ktime_us":128306483,"port":7302,"reachable":true,"wake_lag_us":22198}
{"cookie":18448,"ev":"listen_event","family":2,"kind":"stop","ktime_us":128306486,"port":7302,"reachable":true,"wake_lag_us":22195}
{"cookie":18449,"ev":"listen_event","family":2,"kind":"start","ktime_us":128306502,"port":7302,"reachable":true,"wake_lag_us":22179}
{"cookie":18449,"ev":"listen_event","family":2,"kind":"stop","ktime_us":128306505,"port":7302,"reachable":true,"wake_lag_us":22176}
{"cookie":18450,"ev":"listen_event","family":2,"kind":"start","ktime_us":128306521,"port":7302,"reachable":true,"wake_lag_us":22160}
{"cookie":18450,"ev":"listen_event","family":2,"kind":"stop","ktime_us":128306524,"port":7302,"reachable":true,"wake_lag_us":22157}
{"cookie":18451,"ev":"listen_event","family":2,"kind":"start","ktime_us":128306540,"port":7302,"reachable":true,"wake_lag_us":22141}
{"cookie":18451,"ev":"listen_event","family":2,"kind":"stop","ktime_us":128306543,"port":7302,"reachable":true,"wake_lag_us":22138}
{"cookie":18452,"ev":"listen_event","family":2,"kind":"start","ktime_us":128306559,"port":7302,"reachable":true,"wake_lag_us":22122}
{"cookie":18452,"ev":"listen_event","family":2,"kind":"stop","ktime_us":128306562,"port":7302,"reachable":true,"wake_lag_us":22119}
{"cookie":18453,"ev":"listen_event","family":2,"kind":"start","ktime_us":128306578,"port":7302,"reachable":true,"wake_lag_us":22103}
{"cookie":18453,"ev":"listen_event","family":2,"kind":"stop","ktime_us":128306582,"port":7302,"reachable":true,"wake_lag_us":22099}
{"cookie":18454,"ev":"listen_event","family":2,"kind":"start","ktime_us":128306597,"port":7302,"reachable":true,"wake_lag_us":22084}
{"cookie":18454,"ev":"listen_event","family":2,"kind":"stop","ktime_us":128306601,"port":7302,"reachable":true,"wake_lag_us":22080}
{"cookie":18455,"ev":"listen_event","family":2,"kind":"start","ktime_us":128306617,"port":7302,"reachable":true,"wake_lag_us":22064}
{"cookie":18455,"ev":"listen_event","family":2,"kind":"stop","ktime_us":128306620,"port":7302,"reachable":true,"wake_lag_us":22061}
{"cookie":18456,"ev":"listen_event","family":2,"kind":"start","ktime_us":128306635,"port":7302,"reachable":true,"wake_lag_us":22046}
{"cookie":18456,"ev":"listen_event","family":2,"kind":"stop","ktime_us":128306639,"port":7302,"reachable":true,"wake_lag_us":22042}
{"cookie":18457,"ev":"listen_event","family":2,"kind":"start","ktime_us":128306654,"port":7302,"reachable":true,"wake_lag_us":22027}
{"cookie":18457,"ev":"listen_event","family":2,"kind":"stop","ktime_us":128306658,"port":7302,"reachable":true,"wake_lag_us":22023}
{"cookie":18458,"ev":"listen_event","family":2,"kind":"start","ktime_us":128306673,"port":7302,"reachable":true,"wake_lag_us":22008}
{"cookie":18458,"ev":"listen_event","family":2,"kind":"stop","ktime_us":128306676,"port":7302,"reachable":true,"wake_lag_us":22005}
{"cookie":18459,"ev":"listen_event","family":2,"kind":"start","ktime_us":128306692,"port":7302,"reachable":true,"wake_lag_us":21989}
{"cookie":18459,"ev":"listen_event","family":2,"kind":"stop","ktime_us":128306695,"port":7302,"reachable":true,"wake_lag_us":21986}
{"cookie":18460,"ev":"listen_event","family":2,"kind":"start","ktime_us":128306711,"port":7302,"reachable":true,"wake_lag_us":21970}
{"cookie":18460,"ev":"listen_event","family":2,"kind":"stop","ktime_us":128306715,"port":7302,"reachable":true,"wake_lag_us":21966}
{"cookie":18461,"ev":"listen_event","family":2,"kind":"start","ktime_us":128306730,"port":7302,"reachable":true,"wake_lag_us":21951}
{"cookie":18461,"ev":"listen_event","family":2,"kind":"stop","ktime_us":128306733,"port":7302,"reachable":true,"wake_lag_us":21948}
{"cookie":18462,"ev":"listen_event","family":2,"kind":"start","ktime_us":128306749,"port":7302,"reachable":true,"wake_lag_us":21932}
{"cookie":18462,"ev":"listen_event","family":2,"kind":"stop","ktime_us":128306752,"port":7302,"reachable":true,"wake_lag_us":21929}
{"cookie":18463,"ev":"listen_event","family":2,"kind":"start","ktime_us":128306768,"port":7302,"reachable":true,"wake_lag_us":21913}
{"cookie":18463,"ev":"listen_event","family":2,"kind":"stop","ktime_us":128306772,"port":7302,"reachable":true,"wake_lag_us":21909}
{"cookie":18464,"ev":"listen_event","family":2,"kind":"start","ktime_us":128306787,"port":7302,"reachable":true,"wake_lag_us":21894}
{"cookie":18464,"ev":"listen_event","family":2,"kind":"stop","ktime_us":128306791,"port":7302,"reachable":true,"wake_lag_us":21890}
{"cookie":18465,"ev":"listen_event","family":2,"kind":"start","ktime_us":128306806,"port":7302,"reachable":true,"wake_lag_us":21875}
{"cookie":18465,"ev":"listen_event","family":2,"kind":"stop","ktime_us":128306809,"port":7302,"reachable":true,"wake_lag_us":21872}
{"cookie":18466,"ev":"listen_event","family":2,"kind":"start","ktime_us":128306825,"port":7302,"reachable":true,"wake_lag_us":21856}
{"cookie":18466,"ev":"listen_event","family":2,"kind":"stop","ktime_us":128306828,"port":7302,"reachable":true,"wake_lag_us":21853}
{"cookie":18467,"ev":"listen_event","family":2,"kind":"start","ktime_us":128306844,"port":7302,"reachable":true,"wake_lag_us":21837}
{"cookie":18467,"ev":"listen_event","family":2,"kind":"stop","ktime_us":128306847,"port":7302,"reachable":true,"wake_lag_us":21834}
{"cookie":18468,"ev":"listen_event","family":2,"kind":"start","ktime_us":128306863,"port":7302,"reachable":true,"wake_lag_us":21818}
{"cookie":18468,"ev":"listen_event","family":2,"kind":"stop","ktime_us":128306866,"port":7302,"reachable":true,"wake_lag_us":21815}
{"cookie":18469,"ev":"listen_event","family":2,"kind":"start","ktime_us":128306882,"port":7302,"reachable":true,"wake_lag_us":21799}
{"cookie":18469,"ev":"listen_event","family":2,"kind":"stop","ktime_us":128306885,"port":7302,"reachable":true,"wake_lag_us":21796}
{"cookie":18470,"ev":"listen_event","family":2,"kind":"start","ktime_us":128306901,"port":7302,"reachable":true,"wake_lag_us":21780}
{"cookie":18470,"ev":"listen_event","family":2,"kind":"stop","ktime_us":128306904,"port":7302,"reachable":true,"wake_lag_us":21777}
{"cookie":18471,"ev":"listen_event","family":2,"kind":"start","ktime_us":128306920,"port":7302,"reachable":true,"wake_lag_us":21761}
{"cookie":18471,"ev":"listen_event","family":2,"kind":"stop","ktime_us":128306923,"port":7302,"reachable":true,"wake_lag_us":21758}
{"cookie":18472,"ev":"listen_event","family":2,"kind":"start","ktime_us":128306939,"port":7302,"reachable":true,"wake_lag_us":21742}
{"cookie":18472,"ev":"listen_event","family":2,"kind":"stop","ktime_us":128306942,"port":7302,"reachable":true,"wake_lag_us":21739}
{"cookie":18473,"ev":"listen_event","family":2,"kind":"start","ktime_us":128306958,"port":7302,"reachable":true,"wake_lag_us":21723}
{"cookie":18473,"ev":"listen_event","family":2,"kind":"stop","ktime_us":128306961,"port":7302,"reachable":true,"wake_lag_us":21720}
{"cookie":18474,"ev":"listen_event","family":2,"kind":"start","ktime_us":128306977,"port":7302,"reachable":true,"wake_lag_us":21704}
{"cookie":18474,"ev":"listen_event","family":2,"kind":"stop","ktime_us":128306980,"port":7302,"reachable":true,"wake_lag_us":21701}
{"cookie":18475,"ev":"listen_event","family":2,"kind":"start","ktime_us":128307046,"port":7302,"reachable":true,"wake_lag_us":21635}
{"cookie":18475,"ev":"listen_event","family":2,"kind":"stop","ktime_us":128307073,"port":7302,"reachable":true,"wake_lag_us":21608}
{"cookie":18476,"ev":"listen_event","family":2,"kind":"start","ktime_us":128307089,"port":7302,"reachable":true,"wake_lag_us":21592}
{"cookie":18476,"ev":"listen_event","family":2,"kind":"stop","ktime_us":128307092,"port":7302,"reachable":true,"wake_lag_us":21589}
{"cookie":18477,"ev":"listen_event","family":2,"kind":"start","ktime_us":128307109,"port":7302,"reachable":true,"wake_lag_us":21572}
{"cookie":18477,"ev":"listen_event","family":2,"kind":"stop","ktime_us":128307112,"port":7302,"reachable":true,"wake_lag_us":21569}
{"cookie":18478,"ev":"listen_event","family":2,"kind":"start","ktime_us":128307128,"port":7302,"reachable":true,"wake_lag_us":21553}
{"cookie":18478,"ev":"listen_event","family":2,"kind":"stop","ktime_us":128307131,"port":7302,"reachable":true,"wake_lag_us":21550}
{"cookie":18479,"ev":"listen_event","family":2,"kind":"start","ktime_us":128307147,"port":7302,"reachable":true,"wake_lag_us":21534}
{"cookie":18479,"ev":"listen_event","family":2,"kind":"stop","ktime_us":128307150,"port":7302,"reachable":true,"wake_lag_us":21531}
{"cookie":18480,"ev":"listen_event","family":2,"kind":"start","ktime_us":128307166,"port":7302,"reachable":true,"wake_lag_us":21515}
{"cookie":18480,"ev":"listen_event","family":2,"kind":"stop","ktime_us":128307169,"port":7302,"reachable":true,"wake_lag_us":21512}
{"cookie":18481,"ev":"listen_event","family":2,"kind":"start","ktime_us":128307185,"port":7302,"reachable":true,"wake_lag_us":21496}
{"cookie":18481,"ev":"listen_event","family":2,"kind":"stop","ktime_us":128307188,"port":7302,"reachable":true,"wake_lag_us":21493}
{"cookie":18482,"ev":"listen_event","family":2,"kind":"start","ktime_us":128307204,"port":7302,"reachable":true,"wake_lag_us":21477}
{"cookie":18482,"ev":"listen_event","family":2,"kind":"stop","ktime_us":128307207,"port":7302,"reachable":true,"wake_lag_us":21474}
{"cookie":18483,"ev":"listen_event","family":2,"kind":"start","ktime_us":128307222,"port":7302,"reachable":true,"wake_lag_us":21459}
{"cookie":18483,"ev":"listen_event","family":2,"kind":"stop","ktime_us":128307226,"port":7302,"reachable":true,"wake_lag_us":21455}
{"cookie":18484,"ev":"listen_event","family":2,"kind":"start","ktime_us":128307242,"port":7302,"reachable":true,"wake_lag_us":21439}
{"cookie":18484,"ev":"listen_event","family":2,"kind":"stop","ktime_us":128307245,"port":7302,"reachable":true,"wake_lag_us":21436}
{"cookie":18485,"ev":"listen_event","family":2,"kind":"start","ktime_us":128307260,"port":7302,"reachable":true,"wake_lag_us":21421}
{"cookie":18485,"ev":"listen_event","family":2,"kind":"stop","ktime_us":128307264,"port":7302,"reachable":true,"wake_lag_us":21417}
{"cookie":18486,"ev":"listen_event","family":2,"kind":"start","ktime_us":128307280,"port":7302,"reachable":true,"wake_lag_us":21401}
{"cookie":18486,"ev":"listen_event","family":2,"kind":"stop","ktime_us":128307283,"port":7302,"reachable":true,"wake_lag_us":21398}
{"cookie":18487,"ev":"listen_event","family":2,"kind":"start","ktime_us":128307298,"port":7302,"reachable":true,"wake_lag_us":21383}
{"cookie":18487,"ev":"listen_event","family":2,"kind":"stop","ktime_us":128307302,"port":7302,"reachable":true,"wake_lag_us":21379}
{"cookie":18488,"ev":"listen_event","family":2,"kind":"start","ktime_us":128307317,"port":7302,"reachable":true,"wake_lag_us":21364}
{"cookie":18488,"ev":"listen_event","family":2,"kind":"stop","ktime_us":128307320,"port":7302,"reachable":true,"wake_lag_us":21361}
{"cookie":18489,"ev":"listen_event","family":2,"kind":"start","ktime_us":128307336,"port":7302,"reachable":true,"wake_lag_us":21345}
{"cookie":18489,"ev":"listen_event","family":2,"kind":"stop","ktime_us":128307339,"port":7302,"reachable":true,"wake_lag_us":21342}
{"cookie":18490,"ev":"listen_event","family":2,"kind":"start","ktime_us":128307355,"port":7302,"reachable":true,"wake_lag_us":21326}
{"cookie":18490,"ev":"listen_event","family":2,"kind":"stop","ktime_us":128307358,"port":7302,"reachable":true,"wake_lag_us":21323}
{"cookie":18491,"ev":"listen_event","family":2,"kind":"start","ktime_us":128307374,"port":7302,"reachable":true,"wake_lag_us":21307}
{"cookie":18491,"ev":"listen_event","family":2,"kind":"stop","ktime_us":128307377,"port":7302,"reachable":true,"wake_lag_us":21304}
{"cookie":18492,"ev":"listen_event","family":2,"kind":"start","ktime_us":128307405,"port":7302,"reachable":true,"wake_lag_us":21276}
{"cookie":18492,"ev":"listen_event","family":2,"kind":"stop","ktime_us":128307408,"port":7302,"reachable":true,"wake_lag_us":21273}
{"cookie":18493,"ev":"listen_event","family":2,"kind":"start","ktime_us":128307425,"port":7302,"reachable":true,"wake_lag_us":21256}
{"cookie":18493,"ev":"listen_event","family":2,"kind":"stop","ktime_us":128307428,"port":7302,"reachable":true,"wake_lag_us":21253}
{"cookie":18494,"ev":"listen_event","family":2,"kind":"start","ktime_us":128307444,"port":7302,"reachable":true,"wake_lag_us":21237}
{"cookie":18494,"ev":"listen_event","family":2,"kind":"stop","ktime_us":128307447,"port":7302,"reachable":true,"wake_lag_us":21234}
{"cookie":18495,"ev":"listen_event","family":2,"kind":"start","ktime_us":128307463,"port":7302,"reachable":true,"wake_lag_us":21218}
{"cookie":18495,"ev":"listen_event","family":2,"kind":"stop","ktime_us":128307466,"port":7302,"reachable":true,"wake_lag_us":21215}
{"cookie":18496,"ev":"listen_event","family":2,"kind":"start","ktime_us":128307482,"port":7302,"reachable":true,"wake_lag_us":21199}
{"cookie":18496,"ev":"listen_event","family":2,"kind":"stop","ktime_us":128307485,"port":7302,"reachable":true,"wake_lag_us":21196}
{"cookie":18497,"ev":"listen_event","family":2,"kind":"start","ktime_us":128307500,"port":7302,"reachable":true,"wake_lag_us":21181}
{"cookie":18497,"ev":"listen_event","family":2,"kind":"stop","ktime_us":128307504,"port":7302,"reachable":true,"wake_lag_us":21177}
{"cookie":18498,"ev":"listen_event","family":2,"kind":"start","ktime_us":128307520,"port":7302,"reachable":true,"wake_lag_us":21161}
{"cookie":18498,"ev":"listen_event","family":2,"kind":"stop","ktime_us":128307523,"port":7302,"reachable":true,"wake_lag_us":21158}
{"cookie":18499,"ev":"listen_event","family":2,"kind":"start","ktime_us":128307539,"port":7302,"reachable":true,"wake_lag_us":21142}
{"cookie":18499,"ev":"listen_event","family":2,"kind":"stop","ktime_us":128307542,"port":7302,"reachable":true,"wake_lag_us":21139}
{"cookie":18500,"ev":"listen_event","family":2,"kind":"start","ktime_us":128307558,"port":7302,"reachable":true,"wake_lag_us":21123}
{"cookie":18500,"ev":"listen_event","family":2,"kind":"stop","ktime_us":128307561,"port":7302,"reachable":true,"wake_lag_us":21120}
{"cookie":18501,"ev":"listen_event","family":2,"kind":"start","ktime_us":128307577,"port":7302,"reachable":true,"wake_lag_us":21104}
{"cookie":18501,"ev":"listen_event","family":2,"kind":"stop","ktime_us":128307580,"port":7302,"reachable":true,"wake_lag_us":21101}
{"cookie":18502,"ev":"listen_event","family":2,"kind":"start","ktime_us":128307596,"port":7302,"reachable":true,"wake_lag_us":21085}
{"cookie":18502,"ev":"listen_event","family":2,"kind":"stop","ktime_us":128307599,"port":7302,"reachable":true,"wake_lag_us":21082}
{"cookie":18503,"ev":"listen_event","family":2,"kind":"start","ktime_us":128307615,"port":7302,"reachable":true,"wake_lag_us":21066}
{"cookie":18503,"ev":"listen_event","family":2,"kind":"stop","ktime_us":128307618,"port":7302,"reachable":true,"wake_lag_us":21063}
{"cookie":18504,"ev":"listen_event","family":2,"kind":"start","ktime_us":128307634,"port":7302,"reachable":true,"wake_lag_us":21047}
{"cookie":18504,"ev":"listen_event","family":2,"kind":"stop","ktime_us":128307637,"port":7302,"reachable":true,"wake_lag_us":21044}
{"cookie":18505,"ev":"listen_event","family":2,"kind":"start","ktime_us":128307653,"port":7302,"reachable":true,"wake_lag_us":21028}
{"cookie":18505,"ev":"listen_event","family":2,"kind":"stop","ktime_us":128307656,"port":7302,"reachable":true,"wake_lag_us":21025}
{"cookie":18506,"ev":"listen_event","family":2,"kind":"start","ktime_us":128307672,"port":7302,"reachable":true,"wake_lag_us":21009}
{"cookie":18506,"ev":"listen_event","family":2,"kind":"stop","ktime_us":128307675,"port":7302,"reachable":true,"wake_lag_us":21006}
{"cookie":18507,"ev":"listen_event","family":2,"kind":"start","ktime_us":128307691,"port":7302,"reachable":true,"wake_lag_us":20990}
{"cookie":18507,"ev":"listen_event","family":2,"kind":"stop","ktime_us":128307694,"port":7302,"reachable":true,"wake_lag_us":20987}
{"cookie":18508,"ev":"listen_event","family":2,"kind":"start","ktime_us":128307710,"port":7302,"reachable":true,"wake_lag_us":20971}
{"cookie":18508,"ev":"listen_event","family":2,"kind":"stop","ktime_us":128307713,"port":7302,"reachable":true,"wake_lag_us":20968}
{"cookie":18509,"ev":"listen_event","family":2,"kind":"start","ktime_us":128307729,"port":7302,"reachable":true,"wake_lag_us":20952}
{"cookie":18509,"ev":"listen_event","family":2,"kind":"stop","ktime_us":128307732,"port":7302,"reachable":true,"wake_lag_us":20949}
{"cookie":18510,"ev":"listen_event","family":2,"kind":"start","ktime_us":128307748,"port":7302,"reachable":true,"wake_lag_us":20933}
{"cookie":18510,"ev":"listen_event","family":2,"kind":"stop","ktime_us":128307751,"port":7302,"reachable":true,"wake_lag_us":20930}
{"cookie":18511,"ev":"listen_event","family":2,"kind":"start","ktime_us":128307767,"port":7302,"reachable":true,"wake_lag_us":20914}
{"cookie":18511,"ev":"listen_event","family":2,"kind":"stop","ktime_us":128307770,"port":7302,"reachable":true,"wake_lag_us":20911}
{"cookie":18512,"ev":"listen_event","family":2,"kind":"start","ktime_us":128307786,"port":7302,"reachable":true,"wake_lag_us":20895}
{"cookie":18512,"ev":"listen_event","family":2,"kind":"stop","ktime_us":128307789,"port":7302,"reachable":true,"wake_lag_us":20892}
{"cookie":18513,"ev":"listen_event","family":2,"kind":"start","ktime_us":128307805,"port":7302,"reachable":true,"wake_lag_us":20876}
{"cookie":18513,"ev":"listen_event","family":2,"kind":"stop","ktime_us":128307808,"port":7302,"reachable":true,"wake_lag_us":20873}
{"cookie":18514,"ev":"listen_event","family":2,"kind":"start","ktime_us":128307824,"port":7302,"reachable":true,"wake_lag_us":20857}
{"cookie":18514,"ev":"listen_event","family":2,"kind":"stop","ktime_us":128307827,"port":7302,"reachable":true,"wake_lag_us":20854}
{"cookie":18515,"ev":"listen_event","family":2,"kind":"start","ktime_us":128307843,"port":7302,"reachable":true,"wake_lag_us":20838}
{"cookie":18515,"ev":"listen_event","family":2,"kind":"stop","ktime_us":128307846,"port":7302,"reachable":true,"wake_lag_us":20835}
{"cookie":18516,"ev":"listen_event","family":2,"kind":"start","ktime_us":128307862,"port":7302,"reachable":true,"wake_lag_us":20819}
{"cookie":18516,"ev":"listen_event","family":2,"kind":"stop","ktime_us":128307865,"port":7302,"reachable":true,"wake_lag_us":20816}
{"cookie":18517,"ev":"listen_event","family":2,"kind":"start","ktime_us":128307880,"port":7302,"reachable":true,"wake_lag_us":20801}
{"cookie":18517,"ev":"listen_event","family":2,"kind":"stop","ktime_us":128307884,"port":7302,"reachable":true,"wake_lag_us":20797}
{"cookie":18518,"ev":"listen_event","family":2,"kind":"start","ktime_us":128307899,"port":7302,"reachable":true,"wake_lag_us":20782}
{"cookie":18518,"ev":"listen_event","family":2,"kind":"stop","ktime_us":128307903,"port":7302,"reachable":true,"wake_lag_us":20778}
{"cookie":18519,"ev":"listen_event","family":2,"kind":"start","ktime_us":128307918,"port":7302,"reachable":true,"wake_lag_us":20763}
{"cookie":18519,"ev":"listen_event","family":2,"kind":"stop","ktime_us":128307922,"port":7302,"reachable":true,"wake_lag_us":20759}
{"cookie":18520,"ev":"listen_event","family":2,"kind":"start","ktime_us":128307937,"port":7302,"reachable":true,"wake_lag_us":20744}
{"cookie":18520,"ev":"listen_event","family":2,"kind":"stop","ktime_us":128307940,"port":7302,"reachable":true,"wake_lag_us":20741}
{"cookie":18521,"ev":"listen_event","family":2,"kind":"start","ktime_us":128307956,"port":7302,"reachable":true,"wake_lag_us":20725}
{"cookie":18521,"ev":"listen_event","family":2,"kind":"stop","ktime_us":128307959,"port":7302,"reachable":true,"wake_lag_us":20722}
{"cookie":18522,"ev":"listen_event","family":2,"kind":"start","ktime_us":128307975,"port":7302,"reachable":true,"wake_lag_us":20706}
{"cookie":18522,"ev":"listen_event","family":2,"kind":"stop","ktime_us":128307979,"port":7302,"reachable":true,"wake_lag_us":20702}
{"cookie":18523,"ev":"listen_event","family":2,"kind":"start","ktime_us":128307994,"port":7302,"reachable":true,"wake_lag_us":20687}
{"cookie":18523,"ev":"listen_event","family":2,"kind":"stop","ktime_us":128308014,"port":7302,"reachable":true,"wake_lag_us":20667}
{"cookie":18524,"ev":"listen_event","family":2,"kind":"start","ktime_us":128308040,"port":7302,"reachable":true,"wake_lag_us":20641}
{"cookie":18524,"ev":"listen_event","family":2,"kind":"stop","ktime_us":128308043,"port":7302,"reachable":true,"wake_lag_us":20638}
{"cookie":18525,"ev":"listen_event","family":2,"kind":"start","ktime_us":128308059,"port":7302,"reachable":true,"wake_lag_us":20622}
{"cookie":18525,"ev":"listen_event","family":2,"kind":"stop","ktime_us":128308062,"port":7302,"reachable":true,"wake_lag_us":20619}
{"cookie":18526,"ev":"listen_event","family":2,"kind":"start","ktime_us":128308078,"port":7302,"reachable":true,"wake_lag_us":20603}
{"cookie":18526,"ev":"listen_event","family":2,"kind":"stop","ktime_us":128308081,"port":7302,"reachable":true,"wake_lag_us":20600}
{"cookie":18527,"ev":"listen_event","family":2,"kind":"start","ktime_us":128308097,"port":7302,"reachable":true,"wake_lag_us":20584}
{"cookie":18527,"ev":"listen_event","family":2,"kind":"stop","ktime_us":128308100,"port":7302,"reachable":true,"wake_lag_us":20581}
{"cookie":18528,"ev":"listen_event","family":2,"kind":"start","ktime_us":128308116,"port":7302,"reachable":true,"wake_lag_us":20565}
{"cookie":18528,"ev":"listen_event","family":2,"kind":"stop","ktime_us":128308119,"port":7302,"reachable":true,"wake_lag_us":20562}
{"cookie":18529,"ev":"listen_event","family":2,"kind":"start","ktime_us":128308135,"port":7302,"reachable":true,"wake_lag_us":20546}
{"cookie":18529,"ev":"listen_event","family":2,"kind":"stop","ktime_us":128308138,"port":7302,"reachable":true,"wake_lag_us":20543}
{"cookie":18530,"ev":"listen_event","family":2,"kind":"start","ktime_us":128308154,"port":7302,"reachable":true,"wake_lag_us":20527}
{"cookie":18530,"ev":"listen_event","family":2,"kind":"stop","ktime_us":128308157,"port":7302,"reachable":true,"wake_lag_us":20524}
{"cookie":18531,"ev":"listen_event","family":2,"kind":"start","ktime_us":128308174,"port":7302,"reachable":true,"wake_lag_us":20507}
{"cookie":18531,"ev":"listen_event","family":2,"kind":"stop","ktime_us":128308177,"port":7302,"reachable":true,"wake_lag_us":20504}
{"cookie":18532,"ev":"listen_event","family":2,"kind":"start","ktime_us":128308193,"port":7302,"reachable":true,"wake_lag_us":20488}
{"cookie":18532,"ev":"listen_event","family":2,"kind":"stop","ktime_us":128308196,"port":7302,"reachable":true,"wake_lag_us":20485}
{"cookie":18533,"ev":"listen_event","family":2,"kind":"start","ktime_us":128308212,"port":7302,"reachable":true,"wake_lag_us":20469}
{"cookie":18533,"ev":"listen_event","family":2,"kind":"stop","ktime_us":128308215,"port":7302,"reachable":true,"wake_lag_us":20466}
{"cookie":18534,"ev":"listen_event","family":2,"kind":"start","ktime_us":128308231,"port":7302,"reachable":true,"wake_lag_us":20450}
{"cookie":18534,"ev":"listen_event","family":2,"kind":"stop","ktime_us":128308235,"port":7302,"reachable":true,"wake_lag_us":20446}
{"cookie":18535,"ev":"listen_event","family":2,"kind":"start","ktime_us":128308250,"port":7302,"reachable":true,"wake_lag_us":20431}
{"cookie":18535,"ev":"listen_event","family":2,"kind":"stop","ktime_us":128308254,"port":7302,"reachable":true,"wake_lag_us":20427}
{"cookie":18536,"ev":"listen_event","family":2,"kind":"start","ktime_us":128308269,"port":7302,"reachable":true,"wake_lag_us":20412}
{"cookie":18536,"ev":"listen_event","family":2,"kind":"stop","ktime_us":128308273,"port":7302,"reachable":true,"wake_lag_us":20408}
{"cookie":18537,"ev":"listen_event","family":2,"kind":"start","ktime_us":128308288,"port":7302,"reachable":true,"wake_lag_us":20393}
{"cookie":18537,"ev":"listen_event","family":2,"kind":"stop","ktime_us":128308292,"port":7302,"reachable":true,"wake_lag_us":20389}
{"cookie":18538,"ev":"listen_event","family":2,"kind":"start","ktime_us":128308307,"port":7302,"reachable":true,"wake_lag_us":20374}
{"cookie":18538,"ev":"listen_event","family":2,"kind":"stop","ktime_us":128308311,"port":7302,"reachable":true,"wake_lag_us":20370}
{"cookie":18539,"ev":"listen_event","family":2,"kind":"start","ktime_us":128308326,"port":7302,"reachable":true,"wake_lag_us":20355}
{"cookie":18539,"ev":"listen_event","family":2,"kind":"stop","ktime_us":128308330,"port":7302,"reachable":true,"wake_lag_us":20351}
{"cookie":18540,"ev":"listen_event","family":2,"kind":"start","ktime_us":128308345,"port":7302,"reachable":true,"wake_lag_us":20336}
{"cookie":18540,"ev":"listen_event","family":2,"kind":"stop","ktime_us":128308349,"port":7302,"reachable":true,"wake_lag_us":20332}
{"cookie":18541,"ev":"listen_event","family":2,"kind":"start","ktime_us":128308364,"port":7302,"reachable":true,"wake_lag_us":20317}
{"cookie":18541,"ev":"listen_event","family":2,"kind":"stop","ktime_us":128308368,"port":7302,"reachable":true,"wake_lag_us":20313}
{"cookie":18542,"ev":"listen_event","family":2,"kind":"start","ktime_us":128308383,"port":7302,"reachable":true,"wake_lag_us":20298}
{"cookie":18542,"ev":"listen_event","family":2,"kind":"stop","ktime_us":128308396,"port":7302,"reachable":true,"wake_lag_us":20285}
{"cookie":18543,"ev":"listen_event","family":2,"kind":"start","ktime_us":128308413,"port":7302,"reachable":true,"wake_lag_us":20268}
{"cookie":18543,"ev":"listen_event","family":2,"kind":"stop","ktime_us":128308416,"port":7302,"reachable":true,"wake_lag_us":20265}
{"cookie":18544,"ev":"listen_event","family":2,"kind":"start","ktime_us":128308432,"port":7302,"reachable":true,"wake_lag_us":20249}
{"cookie":18544,"ev":"listen_event","family":2,"kind":"stop","ktime_us":128308435,"port":7302,"reachable":true,"wake_lag_us":20246}
{"cookie":18545,"ev":"listen_event","family":2,"kind":"start","ktime_us":128308451,"port":7302,"reachable":true,"wake_lag_us":20230}
{"cookie":18545,"ev":"listen_event","family":2,"kind":"stop","ktime_us":128308454,"port":7302,"reachable":true,"wake_lag_us":20227}
{"cookie":18546,"ev":"listen_event","family":2,"kind":"start","ktime_us":128308470,"port":7302,"reachable":true,"wake_lag_us":20211}
{"cookie":18546,"ev":"listen_event","family":2,"kind":"stop","ktime_us":128308473,"port":7302,"reachable":true,"wake_lag_us":20208}
{"cookie":18547,"ev":"listen_event","family":2,"kind":"start","ktime_us":128308489,"port":7302,"reachable":true,"wake_lag_us":20192}
{"cookie":18547,"ev":"listen_event","family":2,"kind":"stop","ktime_us":128308493,"port":7302,"reachable":true,"wake_lag_us":20188}
{"cookie":18548,"ev":"listen_event","family":2,"kind":"start","ktime_us":128308508,"port":7302,"reachable":true,"wake_lag_us":20173}
{"cookie":18548,"ev":"listen_event","family":2,"kind":"stop","ktime_us":128308512,"port":7302,"reachable":true,"wake_lag_us":20169}
{"cookie":18549,"ev":"listen_event","family":2,"kind":"start","ktime_us":128308527,"port":7302,"reachable":true,"wake_lag_us":20154}
{"cookie":18549,"ev":"listen_event","family":2,"kind":"stop","ktime_us":128308531,"port":7302,"reachable":true,"wake_lag_us":20150}
{"cookie":18550,"ev":"listen_event","family":2,"kind":"start","ktime_us":128308546,"port":7302,"reachable":true,"wake_lag_us":20135}
{"cookie":18550,"ev":"listen_event","family":2,"kind":"stop","ktime_us":128308550,"port":7302,"reachable":true,"wake_lag_us":20131}
{"cookie":18551,"ev":"listen_event","family":2,"kind":"start","ktime_us":128308565,"port":7302,"reachable":true,"wake_lag_us":20116}
{"cookie":18551,"ev":"listen_event","family":2,"kind":"stop","ktime_us":128308569,"port":7302,"reachable":true,"wake_lag_us":20112}
{"cookie":18552,"ev":"listen_event","family":2,"kind":"start","ktime_us":128308584,"port":7302,"reachable":true,"wake_lag_us":20097}
{"cookie":18552,"ev":"listen_event","family":2,"kind":"stop","ktime_us":128308588,"port":7302,"reachable":true,"wake_lag_us":20093}
{"cookie":18553,"ev":"listen_event","family":2,"kind":"start","ktime_us":128308603,"port":7302,"reachable":true,"wake_lag_us":20078}
{"cookie":18553,"ev":"listen_event","family":2,"kind":"stop","ktime_us":128308607,"port":7302,"reachable":true,"wake_lag_us":20074}
{"cookie":18554,"ev":"listen_event","family":2,"kind":"start","ktime_us":128308622,"port":7302,"reachable":true,"wake_lag_us":20059}
{"cookie":18554,"ev":"listen_event","family":2,"kind":"stop","ktime_us":128308626,"port":7302,"reachable":true,"wake_lag_us":20055}
{"cookie":18555,"ev":"listen_event","family":2,"kind":"start","ktime_us":128308641,"port":7302,"reachable":true,"wake_lag_us":20040}
{"cookie":18555,"ev":"listen_event","family":2,"kind":"stop","ktime_us":128308644,"port":7302,"reachable":true,"wake_lag_us":20037}
{"cookie":18556,"ev":"listen_event","family":2,"kind":"start","ktime_us":128308660,"port":7302,"reachable":true,"wake_lag_us":20021}
{"cookie":18556,"ev":"listen_event","family":2,"kind":"stop","ktime_us":128308663,"port":7302,"reachable":true,"wake_lag_us":20018}
{"cookie":18557,"ev":"listen_event","family":2,"kind":"start","ktime_us":128308679,"port":7302,"reachable":true,"wake_lag_us":20002}
{"cookie":18557,"ev":"listen_event","family":2,"kind":"stop","ktime_us":128308682,"port":7302,"reachable":true,"wake_lag_us":19999}
{"cookie":18558,"ev":"listen_event","family":2,"kind":"start","ktime_us":128308698,"port":7302,"reachable":true,"wake_lag_us":19983}
{"cookie":18558,"ev":"listen_event","family":2,"kind":"stop","ktime_us":128308702,"port":7302,"reachable":true,"wake_lag_us":19979}
{"cookie":18559,"ev":"listen_event","family":2,"kind":"start","ktime_us":128308718,"port":7302,"reachable":true,"wake_lag_us":19963}
{"cookie":18559,"ev":"listen_event","family":2,"kind":"stop","ktime_us":128308721,"port":7302,"reachable":true,"wake_lag_us":19960}
{"cookie":18560,"ev":"listen_event","family":2,"kind":"start","ktime_us":128308737,"port":7302,"reachable":true,"wake_lag_us":19944}
{"cookie":18560,"ev":"listen_event","family":2,"kind":"stop","ktime_us":128308740,"port":7302,"reachable":true,"wake_lag_us":19941}
{"cookie":18561,"ev":"listen_event","family":2,"kind":"start","ktime_us":128308756,"port":7302,"reachable":true,"wake_lag_us":19925}
{"cookie":18561,"ev":"listen_event","family":2,"kind":"stop","ktime_us":128308759,"port":7302,"reachable":true,"wake_lag_us":19922}
{"cookie":18562,"ev":"listen_event","family":2,"kind":"start","ktime_us":128308775,"port":7302,"reachable":true,"wake_lag_us":19906}
{"cookie":18562,"ev":"listen_event","family":2,"kind":"stop","ktime_us":128308778,"port":7302,"reachable":true,"wake_lag_us":19903}
{"cookie":18563,"ev":"listen_event","family":2,"kind":"start","ktime_us":128308794,"port":7302,"reachable":true,"wake_lag_us":19887}
{"cookie":18563,"ev":"listen_event","family":2,"kind":"stop","ktime_us":128308797,"port":7302,"reachable":true,"wake_lag_us":19884}
{"cookie":18564,"ev":"listen_event","family":2,"kind":"start","ktime_us":128308813,"port":7302,"reachable":true,"wake_lag_us":19868}
{"cookie":18564,"ev":"listen_event","family":2,"kind":"stop","ktime_us":128308816,"port":7302,"reachable":true,"wake_lag_us":19865}
{"cookie":18565,"ev":"listen_event","family":2,"kind":"start","ktime_us":128308832,"port":7302,"reachable":true,"wake_lag_us":19849}
{"cookie":18565,"ev":"listen_event","family":2,"kind":"stop","ktime_us":128308835,"port":7302,"reachable":true,"wake_lag_us":19846}
{"cookie":18566,"ev":"listen_event","family":2,"kind":"start","ktime_us":128308851,"port":7302,"reachable":true,"wake_lag_us":19830}
{"cookie":18566,"ev":"listen_event","family":2,"kind":"stop","ktime_us":128308854,"port":7302,"reachable":true,"wake_lag_us":19827}
{"cookie":18567,"ev":"listen_event","family":2,"kind":"start","ktime_us":128308870,"port":7302,"reachable":true,"wake_lag_us":19811}
{"cookie":18567,"ev":"listen_event","family":2,"kind":"stop","ktime_us":128308873,"port":7302,"reachable":true,"wake_lag_us":19808}
{"cookie":18568,"ev":"listen_event","family":2,"kind":"start","ktime_us":128308888,"port":7302,"reachable":true,"wake_lag_us":19793}
{"cookie":18568,"ev":"listen_event","family":2,"kind":"stop","ktime_us":128308892,"port":7302,"reachable":true,"wake_lag_us":19789}
{"cookie":18569,"ev":"listen_event","family":2,"kind":"start","ktime_us":128308907,"port":7302,"reachable":true,"wake_lag_us":19774}
{"cookie":18569,"ev":"listen_event","family":2,"kind":"stop","ktime_us":128308911,"port":7302,"reachable":true,"wake_lag_us":19770}
{"cookie":18570,"ev":"listen_event","family":2,"kind":"start","ktime_us":128308927,"port":7302,"reachable":true,"wake_lag_us":19754}
{"cookie":18570,"ev":"listen_event","family":2,"kind":"stop","ktime_us":128308931,"port":7302,"reachable":true,"wake_lag_us":19750}
{"cookie":18571,"ev":"listen_event","family":2,"kind":"start","ktime_us":128308946,"port":7302,"reachable":true,"wake_lag_us":19735}
{"cookie":18571,"ev":"listen_event","family":2,"kind":"stop","ktime_us":128308950,"port":7302,"reachable":true,"wake_lag_us":19731}
{"cookie":18572,"ev":"listen_event","family":2,"kind":"start","ktime_us":128308965,"port":7302,"reachable":true,"wake_lag_us":19716}
{"cookie":18572,"ev":"listen_event","family":2,"kind":"stop","ktime_us":128308968,"port":7302,"reachable":true,"wake_lag_us":19713}
{"cookie":18573,"ev":"listen_event","family":2,"kind":"start","ktime_us":128308984,"port":7302,"reachable":true,"wake_lag_us":19697}
{"cookie":18573,"ev":"listen_event","family":2,"kind":"stop","ktime_us":128308987,"port":7302,"reachable":true,"wake_lag_us":19694}
{"cookie":18574,"ev":"listen_event","family":2,"kind":"start","ktime_us":128309106,"port":7302,"reachable":true,"wake_lag_us":19575}
{"cookie":18574,"ev":"listen_event","family":2,"kind":"stop","ktime_us":128309109,"port":7302,"reachable":true,"wake_lag_us":19572}
{"cookie":18575,"ev":"listen_event","family":2,"kind":"start","ktime_us":128309125,"port":7302,"reachable":true,"wake_lag_us":19556}
{"cookie":18575,"ev":"listen_event","family":2,"kind":"stop","ktime_us":128309128,"port":7302,"reachable":true,"wake_lag_us":19553}
{"cookie":18576,"ev":"listen_event","family":2,"kind":"start","ktime_us":128309144,"port":7302,"reachable":true,"wake_lag_us":19537}
{"cookie":18576,"ev":"listen_event","family":2,"kind":"stop","ktime_us":128309148,"port":7302,"reachable":true,"wake_lag_us":19533}
{"cookie":18577,"ev":"listen_event","family":2,"kind":"start","ktime_us":128309163,"port":7302,"reachable":true,"wake_lag_us":19518}
{"cookie":18577,"ev":"listen_event","family":2,"kind":"stop","ktime_us":128309167,"port":7302,"reachable":true,"wake_lag_us":19514}
{"cookie":18578,"ev":"listen_event","family":2,"kind":"start","ktime_us":128309182,"port":7302,"reachable":true,"wake_lag_us":19499}
{"cookie":18578,"ev":"listen_event","family":2,"kind":"stop","ktime_us":128309185,"port":7302,"reachable":true,"wake_lag_us":19496}
{"cookie":18579,"ev":"listen_event","family":2,"kind":"start","ktime_us":128309201,"port":7302,"reachable":true,"wake_lag_us":19480}
{"cookie":18579,"ev":"listen_event","family":2,"kind":"stop","ktime_us":128309204,"port":7302,"reachable":true,"wake_lag_us":19477}
{"cookie":18580,"ev":"listen_event","family":2,"kind":"start","ktime_us":128309220,"port":7302,"reachable":true,"wake_lag_us":19461}
{"cookie":18580,"ev":"listen_event","family":2,"kind":"stop","ktime_us":128309223,"port":7302,"reachable":true,"wake_lag_us":19458}
{"cookie":18581,"ev":"listen_event","family":2,"kind":"start","ktime_us":128309239,"port":7302,"reachable":true,"wake_lag_us":19442}
{"cookie":18581,"ev":"listen_event","family":2,"kind":"stop","ktime_us":128309242,"port":7302,"reachable":true,"wake_lag_us":19439}
{"cookie":18582,"ev":"listen_event","family":2,"kind":"start","ktime_us":128309258,"port":7302,"reachable":true,"wake_lag_us":19423}
{"cookie":18582,"ev":"listen_event","family":2,"kind":"stop","ktime_us":128309261,"port":7302,"reachable":true,"wake_lag_us":19420}
{"cookie":18583,"ev":"listen_event","family":2,"kind":"start","ktime_us":128309277,"port":7302,"reachable":true,"wake_lag_us":19404}
{"cookie":18583,"ev":"listen_event","family":2,"kind":"stop","ktime_us":128309280,"port":7302,"reachable":true,"wake_lag_us":19401}
{"cookie":18584,"ev":"listen_event","family":2,"kind":"start","ktime_us":128309296,"port":7302,"reachable":true,"wake_lag_us":19385}
{"cookie":18584,"ev":"listen_event","family":2,"kind":"stop","ktime_us":128309299,"port":7302,"reachable":true,"wake_lag_us":19382}
{"cookie":18585,"ev":"listen_event","family":2,"kind":"start","ktime_us":128309315,"port":7302,"reachable":true,"wake_lag_us":19366}
{"cookie":18585,"ev":"listen_event","family":2,"kind":"stop","ktime_us":128309318,"port":7302,"reachable":true,"wake_lag_us":19363}
{"cookie":18586,"ev":"listen_event","family":2,"kind":"start","ktime_us":128309334,"port":7302,"reachable":true,"wake_lag_us":19347}
{"cookie":18586,"ev":"listen_event","family":2,"kind":"stop","ktime_us":128309337,"port":7302,"reachable":true,"wake_lag_us":19344}
{"cookie":18587,"ev":"listen_event","family":2,"kind":"start","ktime_us":128309353,"port":7302,"reachable":true,"wake_lag_us":19328}
{"cookie":18587,"ev":"listen_event","family":2,"kind":"stop","ktime_us":128309356,"port":7302,"reachable":true,"wake_lag_us":19325}
{"cookie":18588,"ev":"listen_event","family":2,"kind":"start","ktime_us":128309372,"port":7302,"reachable":true,"wake_lag_us":19309}
{"cookie":18588,"ev":"listen_event","family":2,"kind":"stop","ktime_us":128309375,"port":7302,"reachable":true,"wake_lag_us":19306}
{"cookie":18589,"ev":"listen_event","family":2,"kind":"start","ktime_us":128309403,"port":7302,"reachable":true,"wake_lag_us":19278}
{"cookie":18589,"ev":"listen_event","family":2,"kind":"stop","ktime_us":128309406,"port":7302,"reachable":true,"wake_lag_us":19275}
{"cookie":18590,"ev":"listen_event","family":2,"kind":"start","ktime_us":128309422,"port":7302,"reachable":true,"wake_lag_us":19259}
{"cookie":18590,"ev":"listen_event","family":2,"kind":"stop","ktime_us":128309426,"port":7302,"reachable":true,"wake_lag_us":19255}
{"cookie":18591,"ev":"listen_event","family":2,"kind":"start","ktime_us":128309441,"port":7302,"reachable":true,"wake_lag_us":19240}
{"cookie":18591,"ev":"listen_event","family":2,"kind":"stop","ktime_us":128309445,"port":7302,"reachable":true,"wake_lag_us":19236}
{"cookie":18592,"ev":"listen_event","family":2,"kind":"start","ktime_us":128309460,"port":7302,"reachable":true,"wake_lag_us":19221}
{"cookie":18592,"ev":"listen_event","family":2,"kind":"stop","ktime_us":128309464,"port":7302,"reachable":true,"wake_lag_us":19217}
{"cookie":18593,"ev":"listen_event","family":2,"kind":"start","ktime_us":128309480,"port":7302,"reachable":true,"wake_lag_us":19201}
{"cookie":18593,"ev":"listen_event","family":2,"kind":"stop","ktime_us":128309483,"port":7302,"reachable":true,"wake_lag_us":19198}
{"cookie":18594,"ev":"listen_event","family":2,"kind":"start","ktime_us":128309499,"port":7302,"reachable":true,"wake_lag_us":19182}
{"cookie":18594,"ev":"listen_event","family":2,"kind":"stop","ktime_us":128309502,"port":7302,"reachable":true,"wake_lag_us":19179}
{"cookie":18595,"ev":"listen_event","family":2,"kind":"start","ktime_us":128309518,"port":7302,"reachable":true,"wake_lag_us":19163}
{"cookie":18595,"ev":"listen_event","family":2,"kind":"stop","ktime_us":128309521,"port":7302,"reachable":true,"wake_lag_us":19160}
{"cookie":18596,"ev":"listen_event","family":2,"kind":"start","ktime_us":128309537,"port":7302,"reachable":true,"wake_lag_us":19144}
{"cookie":18596,"ev":"listen_event","family":2,"kind":"stop","ktime_us":128309540,"port":7302,"reachable":true,"wake_lag_us":19141}
{"cookie":18597,"ev":"listen_event","family":2,"kind":"start","ktime_us":128309556,"port":7302,"reachable":true,"wake_lag_us":19125}
{"cookie":18597,"ev":"listen_event","family":2,"kind":"stop","ktime_us":128309559,"port":7302,"reachable":true,"wake_lag_us":19122}
{"cookie":18598,"ev":"listen_event","family":2,"kind":"start","ktime_us":128309575,"port":7302,"reachable":true,"wake_lag_us":19106}
{"cookie":18598,"ev":"listen_event","family":2,"kind":"stop","ktime_us":128309578,"port":7302,"reachable":true,"wake_lag_us":19103}
{"cookie":18599,"ev":"listen_event","family":2,"kind":"start","ktime_us":128309594,"port":7302,"reachable":true,"wake_lag_us":19087}
{"cookie":18599,"ev":"listen_event","family":2,"kind":"stop","ktime_us":128309597,"port":7302,"reachable":true,"wake_lag_us":19084}
{"cookie":18600,"ev":"listen_event","family":2,"kind":"start","ktime_us":128309613,"port":7302,"reachable":true,"wake_lag_us":19068}
{"cookie":18600,"ev":"listen_event","family":2,"kind":"stop","ktime_us":128309616,"port":7302,"reachable":true,"wake_lag_us":19065}
{"cookie":18601,"ev":"listen_event","family":2,"kind":"start","ktime_us":128309632,"port":7302,"reachable":true,"wake_lag_us":19049}
{"cookie":18601,"ev":"listen_event","family":2,"kind":"stop","ktime_us":128309635,"port":7302,"reachable":true,"wake_lag_us":19046}
{"cookie":18602,"ev":"listen_event","family":2,"kind":"start","ktime_us":128309651,"port":7302,"reachable":true,"wake_lag_us":19030}
{"cookie":18602,"ev":"listen_event","family":2,"kind":"stop","ktime_us":128309654,"port":7302,"reachable":true,"wake_lag_us":19027}
{"cookie":18603,"ev":"listen_event","family":2,"kind":"start","ktime_us":128309670,"port":7302,"reachable":true,"wake_lag_us":19011}
{"cookie":18603,"ev":"listen_event","family":2,"kind":"stop","ktime_us":128309673,"port":7302,"reachable":true,"wake_lag_us":19008}
{"cookie":18604,"ev":"listen_event","family":2,"kind":"start","ktime_us":128309689,"port":7302,"reachable":true,"wake_lag_us":18992}
{"cookie":18604,"ev":"listen_event","family":2,"kind":"stop","ktime_us":128309692,"port":7302,"reachable":true,"wake_lag_us":18989}
{"cookie":18605,"ev":"listen_event","family":2,"kind":"start","ktime_us":128309708,"port":7302,"reachable":true,"wake_lag_us":18973}
{"cookie":18605,"ev":"listen_event","family":2,"kind":"stop","ktime_us":128309711,"port":7302,"reachable":true,"wake_lag_us":18970}
{"cookie":18606,"ev":"listen_event","family":2,"kind":"start","ktime_us":128309727,"port":7302,"reachable":true,"wake_lag_us":18954}
{"cookie":18606,"ev":"listen_event","family":2,"kind":"stop","ktime_us":128309730,"port":7302,"reachable":true,"wake_lag_us":18951}
{"cookie":18607,"ev":"listen_event","family":2,"kind":"start","ktime_us":128309746,"port":7302,"reachable":true,"wake_lag_us":18935}
{"cookie":18607,"ev":"listen_event","family":2,"kind":"stop","ktime_us":128309749,"port":7302,"reachable":true,"wake_lag_us":18932}
{"cookie":18608,"ev":"listen_event","family":2,"kind":"start","ktime_us":128309765,"port":7302,"reachable":true,"wake_lag_us":18916}
{"cookie":18608,"ev":"listen_event","family":2,"kind":"stop","ktime_us":128309768,"port":7302,"reachable":true,"wake_lag_us":18913}
{"cookie":18609,"ev":"listen_event","family":2,"kind":"start","ktime_us":128309784,"port":7302,"reachable":true,"wake_lag_us":18897}
{"cookie":18609,"ev":"listen_event","family":2,"kind":"stop","ktime_us":128309787,"port":7302,"reachable":true,"wake_lag_us":18894}
{"cookie":18610,"ev":"listen_event","family":2,"kind":"start","ktime_us":128309803,"port":7302,"reachable":true,"wake_lag_us":18878}
{"cookie":18610,"ev":"listen_event","family":2,"kind":"stop","ktime_us":128309806,"port":7302,"reachable":true,"wake_lag_us":18875}
{"cookie":18611,"ev":"listen_event","family":2,"kind":"start","ktime_us":128309822,"port":7302,"reachable":true,"wake_lag_us":18859}
{"cookie":18611,"ev":"listen_event","family":2,"kind":"stop","ktime_us":128309825,"port":7302,"reachable":true,"wake_lag_us":18856}
{"cookie":18612,"ev":"listen_event","family":2,"kind":"start","ktime_us":128309841,"port":7302,"reachable":true,"wake_lag_us":18840}
{"cookie":18612,"ev":"listen_event","family":2,"kind":"stop","ktime_us":128309844,"port":7302,"reachable":true,"wake_lag_us":18837}
{"cookie":18613,"ev":"listen_event","family":2,"kind":"start","ktime_us":128309860,"port":7302,"reachable":true,"wake_lag_us":18821}
{"cookie":18613,"ev":"listen_event","family":2,"kind":"stop","ktime_us":128309863,"port":7302,"reachable":true,"wake_lag_us":18818}
{"cookie":18614,"ev":"listen_event","family":2,"kind":"start","ktime_us":128309879,"port":7302,"reachable":true,"wake_lag_us":18802}
{"cookie":18614,"ev":"listen_event","family":2,"kind":"stop","ktime_us":128309883,"port":7302,"reachable":true,"wake_lag_us":18798}
{"cookie":18615,"ev":"listen_event","family":2,"kind":"start","ktime_us":128309899,"port":7302,"reachable":true,"wake_lag_us":18782}
{"cookie":18615,"ev":"listen_event","family":2,"kind":"stop","ktime_us":128309902,"port":7302,"reachable":true,"wake_lag_us":18779}
{"cookie":18616,"ev":"listen_event","family":2,"kind":"start","ktime_us":128309918,"port":7302,"reachable":true,"wake_lag_us":18763}
{"cookie":18616,"ev":"listen_event","family":2,"kind":"stop","ktime_us":128309921,"port":7302,"reachable":true,"wake_lag_us":18760}
{"cookie":18617,"ev":"listen_event","family":2,"kind":"start","ktime_us":128309937,"port":7302,"reachable":true,"wake_lag_us":18744}
{"cookie":18617,"ev":"listen_event","family":2,"kind":"stop","ktime_us":128309940,"port":7302,"reachable":true,"wake_lag_us":18741}
{"cookie":18618,"ev":"listen_event","family":2,"kind":"start","ktime_us":128309956,"port":7302,"reachable":true,"wake_lag_us":18725}
{"cookie":18618,"ev":"listen_event","family":2,"kind":"stop","ktime_us":128309959,"port":7302,"reachable":true,"wake_lag_us":18722}
{"cookie":18619,"ev":"listen_event","family":2,"kind":"start","ktime_us":128309975,"port":7302,"reachable":true,"wake_lag_us":18706}
{"cookie":18619,"ev":"listen_event","family":2,"kind":"stop","ktime_us":128309978,"port":7302,"reachable":true,"wake_lag_us":18703}
{"cookie":18620,"ev":"listen_event","family":2,"kind":"start","ktime_us":128309994,"port":7302,"reachable":true,"wake_lag_us":18687}
{"cookie":18620,"ev":"listen_event","family":2,"kind":"stop","ktime_us":128310013,"port":7302,"reachable":true,"wake_lag_us":18668}
{"cookie":18621,"ev":"listen_event","family":2,"kind":"start","ktime_us":128310030,"port":7302,"reachable":true,"wake_lag_us":18651}
{"cookie":18621,"ev":"listen_event","family":2,"kind":"stop","ktime_us":128310033,"port":7302,"reachable":true,"wake_lag_us":18648}
{"cookie":18622,"ev":"listen_event","family":2,"kind":"start","ktime_us":128310049,"port":7302,"reachable":true,"wake_lag_us":18632}
{"cookie":18622,"ev":"listen_event","family":2,"kind":"stop","ktime_us":128310052,"port":7302,"reachable":true,"wake_lag_us":18629}
{"cookie":18623,"ev":"listen_event","family":2,"kind":"start","ktime_us":128310068,"port":7302,"reachable":true,"wake_lag_us":18613}
{"cookie":18623,"ev":"listen_event","family":2,"kind":"stop","ktime_us":128310071,"port":7302,"reachable":true,"wake_lag_us":18610}
{"cookie":18624,"ev":"listen_event","family":2,"kind":"start","ktime_us":128310087,"port":7302,"reachable":true,"wake_lag_us":18594}
{"cookie":18624,"ev":"listen_event","family":2,"kind":"stop","ktime_us":128310090,"port":7302,"reachable":true,"wake_lag_us":18591}
{"cookie":18625,"ev":"listen_event","family":2,"kind":"start","ktime_us":128310106,"port":7302,"reachable":true,"wake_lag_us":18575}
{"cookie":18625,"ev":"listen_event","family":2,"kind":"stop","ktime_us":128310109,"port":7302,"reachable":true,"wake_lag_us":18572}
{"cookie":18626,"ev":"listen_event","family":2,"kind":"start","ktime_us":128310125,"port":7302,"reachable":true,"wake_lag_us":18556}
{"cookie":18626,"ev":"listen_event","family":2,"kind":"stop","ktime_us":128310128,"port":7302,"reachable":true,"wake_lag_us":18553}
{"cookie":18627,"ev":"listen_event","family":2,"kind":"start","ktime_us":128310144,"port":7302,"reachable":true,"wake_lag_us":18537}
{"cookie":18627,"ev":"listen_event","family":2,"kind":"stop","ktime_us":128310147,"port":7302,"reachable":true,"wake_lag_us":18534}
{"cookie":18628,"ev":"listen_event","family":2,"kind":"start","ktime_us":128310163,"port":7302,"reachable":true,"wake_lag_us":18518}
{"cookie":18628,"ev":"listen_event","family":2,"kind":"stop","ktime_us":128310166,"port":7302,"reachable":true,"wake_lag_us":18515}
{"cookie":18629,"ev":"listen_event","family":2,"kind":"start","ktime_us":128310182,"port":7302,"reachable":true,"wake_lag_us":18499}
{"cookie":18629,"ev":"listen_event","family":2,"kind":"stop","ktime_us":128310186,"port":7302,"reachable":true,"wake_lag_us":18495}
{"cookie":18630,"ev":"listen_event","family":2,"kind":"start","ktime_us":128310201,"port":7302,"reachable":true,"wake_lag_us":18480}
{"cookie":18630,"ev":"listen_event","family":2,"kind":"stop","ktime_us":128310204,"port":7302,"reachable":true,"wake_lag_us":18477}
{"cookie":18631,"ev":"listen_event","family":2,"kind":"start","ktime_us":128310220,"port":7302,"reachable":true,"wake_lag_us":18461}
{"cookie":18631,"ev":"listen_event","family":2,"kind":"stop","ktime_us":128310223,"port":7302,"reachable":true,"wake_lag_us":18458}
{"cookie":18632,"ev":"listen_event","family":2,"kind":"start","ktime_us":128310239,"port":7302,"reachable":true,"wake_lag_us":18442}
{"cookie":18632,"ev":"listen_event","family":2,"kind":"stop","ktime_us":128310242,"port":7302,"reachable":true,"wake_lag_us":18439}
{"cookie":18633,"ev":"listen_event","family":2,"kind":"start","ktime_us":128310258,"port":7302,"reachable":true,"wake_lag_us":18423}
{"cookie":18633,"ev":"listen_event","family":2,"kind":"stop","ktime_us":128310261,"port":7302,"reachable":true,"wake_lag_us":18420}
{"cookie":18634,"ev":"listen_event","family":2,"kind":"start","ktime_us":128310277,"port":7302,"reachable":true,"wake_lag_us":18404}
{"cookie":18634,"ev":"listen_event","family":2,"kind":"stop","ktime_us":128310280,"port":7302,"reachable":true,"wake_lag_us":18401}
{"cookie":18635,"ev":"listen_event","family":2,"kind":"start","ktime_us":128310296,"port":7302,"reachable":true,"wake_lag_us":18385}
{"cookie":18635,"ev":"listen_event","family":2,"kind":"stop","ktime_us":128310299,"port":7302,"reachable":true,"wake_lag_us":18382}
{"cookie":18636,"ev":"listen_event","family":2,"kind":"start","ktime_us":128310315,"port":7302,"reachable":true,"wake_lag_us":18366}
{"cookie":18636,"ev":"listen_event","family":2,"kind":"stop","ktime_us":128310318,"port":7302,"reachable":true,"wake_lag_us":18363}
{"cookie":18637,"ev":"listen_event","family":2,"kind":"start","ktime_us":128310334,"port":7302,"reachable":true,"wake_lag_us":18347}
{"cookie":18637,"ev":"listen_event","family":2,"kind":"stop","ktime_us":128310337,"port":7302,"reachable":true,"wake_lag_us":18344}
{"cookie":18638,"ev":"listen_event","family":2,"kind":"start","ktime_us":128310353,"port":7302,"reachable":true,"wake_lag_us":18328}
{"cookie":18638,"ev":"listen_event","family":2,"kind":"stop","ktime_us":128310356,"port":7302,"reachable":true,"wake_lag_us":18325}
{"cookie":18639,"ev":"listen_event","family":2,"kind":"start","ktime_us":128310372,"port":7302,"reachable":true,"wake_lag_us":18309}
{"cookie":18639,"ev":"listen_event","family":2,"kind":"stop","ktime_us":128310375,"port":7302,"reachable":true,"wake_lag_us":18306}
{"cookie":18640,"ev":"listen_event","family":2,"kind":"start","ktime_us":128310401,"port":7302,"reachable":true,"wake_lag_us":18280}
{"cookie":18640,"ev":"listen_event","family":2,"kind":"stop","ktime_us":128310404,"port":7302,"reachable":true,"wake_lag_us":18277}
{"cookie":18641,"ev":"listen_event","family":2,"kind":"start","ktime_us":128310420,"port":7302,"reachable":true,"wake_lag_us":18261}
{"cookie":18641,"ev":"listen_event","family":2,"kind":"stop","ktime_us":128310423,"port":7302,"reachable":true,"wake_lag_us":18258}
{"cookie":18642,"ev":"listen_event","family":2,"kind":"start","ktime_us":128310439,"port":7302,"reachable":true,"wake_lag_us":18242}
{"cookie":18642,"ev":"listen_event","family":2,"kind":"stop","ktime_us":128310443,"port":7302,"reachable":true,"wake_lag_us":18238}
{"cookie":18643,"ev":"listen_event","family":2,"kind":"start","ktime_us":128310458,"port":7302,"reachable":true,"wake_lag_us":18223}
{"cookie":18643,"ev":"listen_event","family":2,"kind":"stop","ktime_us":128310462,"port":7302,"reachable":true,"wake_lag_us":18219}
{"cookie":18644,"ev":"listen_event","family":2,"kind":"start","ktime_us":128310477,"port":7302,"reachable":true,"wake_lag_us":18204}
{"cookie":18644,"ev":"listen_event","family":2,"kind":"stop","ktime_us":128310481,"port":7302,"reachable":true,"wake_lag_us":18200}
{"cookie":18645,"ev":"listen_event","family":2,"kind":"start","ktime_us":128310496,"port":7302,"reachable":true,"wake_lag_us":18185}
{"cookie":18645,"ev":"listen_event","family":2,"kind":"stop","ktime_us":128310500,"port":7302,"reachable":true,"wake_lag_us":18181}
{"cookie":18646,"ev":"listen_event","family":2,"kind":"start","ktime_us":128310516,"port":7302,"reachable":true,"wake_lag_us":18165}
{"cookie":18646,"ev":"listen_event","family":2,"kind":"stop","ktime_us":128310519,"port":7302,"reachable":true,"wake_lag_us":18162}
{"cookie":18647,"ev":"listen_event","family":2,"kind":"start","ktime_us":128310535,"port":7302,"reachable":true,"wake_lag_us":18146}
{"cookie":18647,"ev":"listen_event","family":2,"kind":"stop","ktime_us":128310538,"port":7302,"reachable":true,"wake_lag_us":18143}
{"cookie":18648,"ev":"listen_event","family":2,"kind":"start","ktime_us":128310554,"port":7302,"reachable":true,"wake_lag_us":18127}
{"cookie":18648,"ev":"listen_event","family":2,"kind":"stop","ktime_us":128310557,"port":7302,"reachable":true,"wake_lag_us":18124}
{"cookie":18649,"ev":"listen_event","family":2,"kind":"start","ktime_us":128310573,"port":7302,"reachable":true,"wake_lag_us":18108}
{"cookie":18649,"ev":"listen_event","family":2,"kind":"stop","ktime_us":128310576,"port":7302,"reachable":true,"wake_lag_us":18105}
{"cookie":18650,"ev":"listen_event","family":2,"kind":"start","ktime_us":128310592,"port":7302,"reachable":true,"wake_lag_us":18089}
{"cookie":18650,"ev":"listen_event","family":2,"kind":"stop","ktime_us":128310595,"port":7302,"reachable":true,"wake_lag_us":18086}
{"cookie":18651,"ev":"listen_event","family":2,"kind":"start","ktime_us":128310611,"port":7302,"reachable":true,"wake_lag_us":18070}
{"cookie":18651,"ev":"listen_event","family":2,"kind":"stop","ktime_us":128310614,"port":7302,"reachable":true,"wake_lag_us":18067}
{"cookie":18652,"ev":"listen_event","family":2,"kind":"start","ktime_us":128310630,"port":7302,"reachable":true,"wake_lag_us":18051}
{"cookie":18652,"ev":"listen_event","family":2,"kind":"stop","ktime_us":128310633,"port":7302,"reachable":true,"wake_lag_us":18048}
{"cookie":18653,"ev":"listen_event","family":2,"kind":"start","ktime_us":128310649,"port":7302,"reachable":true,"wake_lag_us":18032}
{"cookie":18653,"ev":"listen_event","family":2,"kind":"stop","ktime_us":128310652,"port":7302,"reachable":true,"wake_lag_us":18029}
{"cookie":18654,"ev":"listen_event","family":2,"kind":"start","ktime_us":128310668,"port":7302,"reachable":true,"wake_lag_us":18013}
{"cookie":18654,"ev":"listen_event","family":2,"kind":"stop","ktime_us":128310671,"port":7302,"reachable":true,"wake_lag_us":18010}
{"cookie":18655,"ev":"listen_event","family":2,"kind":"start","ktime_us":128310687,"port":7302,"reachable":true,"wake_lag_us":17994}
{"cookie":18655,"ev":"listen_event","family":2,"kind":"stop","ktime_us":128310690,"port":7302,"reachable":true,"wake_lag_us":17991}
{"cookie":18656,"ev":"listen_event","family":2,"kind":"start","ktime_us":128310706,"port":7302,"reachable":true,"wake_lag_us":17975}
{"cookie":18656,"ev":"listen_event","family":2,"kind":"stop","ktime_us":128310709,"port":7302,"reachable":true,"wake_lag_us":17972}
{"cookie":18657,"ev":"listen_event","family":2,"kind":"start","ktime_us":128310725,"port":7302,"reachable":true,"wake_lag_us":17956}
{"cookie":18657,"ev":"listen_event","family":2,"kind":"stop","ktime_us":128310728,"port":7302,"reachable":true,"wake_lag_us":17953}
{"cookie":18658,"ev":"listen_event","family":2,"kind":"start","ktime_us":128310744,"port":7302,"reachable":true,"wake_lag_us":17937}
{"cookie":18658,"ev":"listen_event","family":2,"kind":"stop","ktime_us":128310747,"port":7302,"reachable":true,"wake_lag_us":17934}
{"cookie":18659,"ev":"listen_event","family":2,"kind":"start","ktime_us":128310763,"port":7302,"reachable":true,"wake_lag_us":17918}
{"cookie":18659,"ev":"listen_event","family":2,"kind":"stop","ktime_us":128310766,"port":7302,"reachable":true,"wake_lag_us":17915}
{"cookie":18660,"ev":"listen_event","family":2,"kind":"start","ktime_us":128310781,"port":7302,"reachable":true,"wake_lag_us":17900}
{"cookie":18660,"ev":"listen_event","family":2,"kind":"stop","ktime_us":128310785,"port":7302,"reachable":true,"wake_lag_us":17896}
{"cookie":18661,"ev":"listen_event","family":2,"kind":"start","ktime_us":128310800,"port":7302,"reachable":true,"wake_lag_us":17881}
{"cookie":18661,"ev":"listen_event","family":2,"kind":"stop","ktime_us":128310804,"port":7302,"reachable":true,"wake_lag_us":17877}
{"cookie":18662,"ev":"listen_event","family":2,"kind":"start","ktime_us":128310819,"port":7302,"reachable":true,"wake_lag_us":17862}
{"cookie":18662,"ev":"listen_event","family":2,"kind":"stop","ktime_us":128310822,"port":7302,"reachable":true,"wake_lag_us":17859}
{"cookie":18663,"ev":"listen_event","family":2,"kind":"start","ktime_us":128310838,"port":7302,"reachable":true,"wake_lag_us":17843}
{"cookie":18663,"ev":"listen_event","family":2,"kind":"stop","ktime_us":128310841,"port":7302,"reachable":true,"wake_lag_us":17840}
{"cookie":18664,"ev":"listen_event","family":2,"kind":"start","ktime_us":128310857,"port":7302,"reachable":true,"wake_lag_us":17824}
{"cookie":18664,"ev":"listen_event","family":2,"kind":"stop","ktime_us":128310860,"port":7302,"reachable":true,"wake_lag_us":17821}
{"cookie":18665,"ev":"listen_event","family":2,"kind":"start","ktime_us":128310878,"port":7302,"reachable":true,"wake_lag_us":17803}
{"cookie":18665,"ev":"listen_event","family":2,"kind":"stop","ktime_us":128310881,"port":7302,"reachable":true,"wake_lag_us":17800}
{"cookie":18666,"ev":"listen_event","family":2,"kind":"start","ktime_us":128310897,"port":7302,"reachable":true,"wake_lag_us":17784}
{"cookie":18666,"ev":"listen_event","family":2,"kind":"stop","ktime_us":128310900,"port":7302,"reachable":true,"wake_lag_us":17781}
{"cookie":18667,"ev":"listen_event","family":2,"kind":"start","ktime_us":128310916,"port":7302,"reachable":true,"wake_lag_us":17765}
{"cookie":18667,"ev":"listen_event","family":2,"kind":"stop","ktime_us":128310919,"port":7302,"reachable":true,"wake_lag_us":17762}
{"cookie":18668,"ev":"listen_event","family":2,"kind":"start","ktime_us":128310935,"port":7302,"reachable":true,"wake_lag_us":17746}
{"cookie":18668,"ev":"listen_event","family":2,"kind":"stop","ktime_us":128310938,"port":7302,"reachable":true,"wake_lag_us":17743}
{"cookie":18669,"ev":"listen_event","family":2,"kind":"start","ktime_us":128310954,"port":7302,"reachable":true,"wake_lag_us":17727}
{"cookie":18669,"ev":"listen_event","family":2,"kind":"stop","ktime_us":128310957,"port":7302,"reachable":true,"wake_lag_us":17724}
{"cookie":18670,"ev":"listen_event","family":2,"kind":"start","ktime_us":128310973,"port":7302,"reachable":true,"wake_lag_us":17708}
{"cookie":18670,"ev":"listen_event","family":2,"kind":"stop","ktime_us":128310976,"port":7302,"reachable":true,"wake_lag_us":17705}
{"cookie":18671,"ev":"listen_event","family":2,"kind":"start","ktime_us":128310992,"port":7302,"reachable":true,"wake_lag_us":17689}
{"cookie":18671,"ev":"listen_event","family":2,"kind":"stop","ktime_us":128311051,"port":7302,"reachable":true,"wake_lag_us":17630}
{"cookie":18672,"ev":"listen_event","family":2,"kind":"start","ktime_us":128311137,"port":7302,"reachable":true,"wake_lag_us":17544}
{"cookie":18672,"ev":"listen_event","family":2,"kind":"stop","ktime_us":128311140,"port":7302,"reachable":true,"wake_lag_us":17541}
{"cookie":18673,"ev":"listen_event","family":2,"kind":"start","ktime_us":128311156,"port":7302,"reachable":true,"wake_lag_us":17525}
{"cookie":18673,"ev":"listen_event","family":2,"kind":"stop","ktime_us":128311159,"port":7302,"reachable":true,"wake_lag_us":17522}
{"cookie":18674,"ev":"listen_event","family":2,"kind":"start","ktime_us":128311175,"port":7302,"reachable":true,"wake_lag_us":17506}
{"cookie":18674,"ev":"listen_event","family":2,"kind":"stop","ktime_us":128311178,"port":7302,"reachable":true,"wake_lag_us":17503}
{"cookie":18675,"ev":"listen_event","family":2,"kind":"start","ktime_us":128311194,"port":7302,"reachable":true,"wake_lag_us":17487}
{"cookie":18675,"ev":"listen_event","family":2,"kind":"stop","ktime_us":128311197,"port":7302,"reachable":true,"wake_lag_us":17484}
{"cookie":18676,"ev":"listen_event","family":2,"kind":"start","ktime_us":128311213,"port":7302,"reachable":true,"wake_lag_us":17468}
{"cookie":18676,"ev":"listen_event","family":2,"kind":"stop","ktime_us":128311217,"port":7302,"reachable":true,"wake_lag_us":17464}
{"cookie":18677,"ev":"listen_event","family":2,"kind":"start","ktime_us":128311233,"port":7302,"reachable":true,"wake_lag_us":17448}
{"cookie":18677,"ev":"listen_event","family":2,"kind":"stop","ktime_us":128311236,"port":7302,"reachable":true,"wake_lag_us":17445}
{"cookie":18678,"ev":"listen_event","family":2,"kind":"start","ktime_us":128311252,"port":7302,"reachable":true,"wake_lag_us":17429}
{"cookie":18678,"ev":"listen_event","family":2,"kind":"stop","ktime_us":128311255,"port":7302,"reachable":true,"wake_lag_us":17426}
{"cookie":18679,"ev":"listen_event","family":2,"kind":"start","ktime_us":128311270,"port":7302,"reachable":true,"wake_lag_us":17411}
{"cookie":18679,"ev":"listen_event","family":2,"kind":"stop","ktime_us":128311273,"port":7302,"reachable":true,"wake_lag_us":17408}
{"cookie":18680,"ev":"listen_event","family":2,"kind":"start","ktime_us":128311289,"port":7302,"reachable":true,"wake_lag_us":17392}
{"cookie":18680,"ev":"listen_event","family":2,"kind":"stop","ktime_us":128311292,"port":7302,"reachable":true,"wake_lag_us":17389}
{"cookie":18681,"ev":"listen_event","family":2,"kind":"start","ktime_us":128311308,"port":7302,"reachable":true,"wake_lag_us":17373}
{"cookie":18681,"ev":"listen_event","family":2,"kind":"stop","ktime_us":128311311,"port":7302,"reachable":true,"wake_lag_us":17370}
{"cookie":18682,"ev":"listen_event","family":2,"kind":"start","ktime_us":128311327,"port":7302,"reachable":true,"wake_lag_us":17354}
{"cookie":18682,"ev":"listen_event","family":2,"kind":"stop","ktime_us":128311330,"port":7302,"reachable":true,"wake_lag_us":17351}
{"cookie":18683,"ev":"listen_event","family":2,"kind":"start","ktime_us":128311346,"port":7302,"reachable":true,"wake_lag_us":17335}
{"cookie":18683,"ev":"listen_event","family":2,"kind":"stop","ktime_us":128311349,"port":7302,"reachable":true,"wake_lag_us":17332}
{"cookie":18684,"ev":"listen_event","family":2,"kind":"start","ktime_us":128311365,"port":7302,"reachable":true,"wake_lag_us":17316}
{"cookie":18684,"ev":"listen_event","family":2,"kind":"stop","ktime_us":128311368,"port":7302,"reachable":true,"wake_lag_us":17313}
{"cookie":18685,"ev":"listen_event","family":2,"kind":"start","ktime_us":128311384,"port":7302,"reachable":true,"wake_lag_us":17297}
{"cookie":18685,"ev":"listen_event","family":2,"kind":"stop","ktime_us":128311399,"port":7302,"reachable":true,"wake_lag_us":17282}
{"cookie":18686,"ev":"listen_event","family":2,"kind":"start","ktime_us":128311416,"port":7302,"reachable":true,"wake_lag_us":17265}
{"cookie":18686,"ev":"listen_event","family":2,"kind":"stop","ktime_us":128311419,"port":7302,"reachable":true,"wake_lag_us":17262}
{"cookie":18687,"ev":"listen_event","family":2,"kind":"start","ktime_us":128311435,"port":7302,"reachable":true,"wake_lag_us":17246}
{"cookie":18687,"ev":"listen_event","family":2,"kind":"stop","ktime_us":128311438,"port":7302,"reachable":true,"wake_lag_us":17243}
{"cookie":18688,"ev":"listen_event","family":2,"kind":"start","ktime_us":128311454,"port":7302,"reachable":true,"wake_lag_us":17227}
{"cookie":18688,"ev":"listen_event","family":2,"kind":"stop","ktime_us":128311457,"port":7302,"reachable":true,"wake_lag_us":17224}
{"cookie":18689,"ev":"listen_event","family":2,"kind":"start","ktime_us":128311473,"port":7302,"reachable":true,"wake_lag_us":17208}
{"cookie":18689,"ev":"listen_event","family":2,"kind":"stop","ktime_us":128311476,"port":7302,"reachable":true,"wake_lag_us":17205}
{"cookie":18690,"ev":"listen_event","family":2,"kind":"start","ktime_us":128311492,"port":7302,"reachable":true,"wake_lag_us":17189}
{"cookie":18690,"ev":"listen_event","family":2,"kind":"stop","ktime_us":128311495,"port":7302,"reachable":true,"wake_lag_us":17186}
{"cookie":18691,"ev":"listen_event","family":2,"kind":"start","ktime_us":128311511,"port":7302,"reachable":true,"wake_lag_us":17170}
{"cookie":18691,"ev":"listen_event","family":2,"kind":"stop","ktime_us":128311514,"port":7302,"reachable":true,"wake_lag_us":17167}
{"cookie":18692,"ev":"listen_event","family":2,"kind":"start","ktime_us":128311530,"port":7302,"reachable":true,"wake_lag_us":17151}
{"cookie":18692,"ev":"listen_event","family":2,"kind":"stop","ktime_us":128311533,"port":7302,"reachable":true,"wake_lag_us":17148}
{"cookie":18693,"ev":"listen_event","family":2,"kind":"start","ktime_us":128311549,"port":7302,"reachable":true,"wake_lag_us":17132}
{"cookie":18693,"ev":"listen_event","family":2,"kind":"stop","ktime_us":128311552,"port":7302,"reachable":true,"wake_lag_us":17129}
{"cookie":18694,"ev":"listen_event","family":2,"kind":"start","ktime_us":128311568,"port":7302,"reachable":true,"wake_lag_us":17113}
{"cookie":18694,"ev":"listen_event","family":2,"kind":"stop","ktime_us":128311571,"port":7302,"reachable":true,"wake_lag_us":17110}
{"cookie":18695,"ev":"listen_event","family":2,"kind":"start","ktime_us":128311587,"port":7302,"reachable":true,"wake_lag_us":17094}
{"cookie":18695,"ev":"listen_event","family":2,"kind":"stop","ktime_us":128311590,"port":7302,"reachable":true,"wake_lag_us":17091}
{"cookie":18696,"ev":"listen_event","family":2,"kind":"start","ktime_us":128311606,"port":7302,"reachable":true,"wake_lag_us":17075}
{"cookie":18696,"ev":"listen_event","family":2,"kind":"stop","ktime_us":128311609,"port":7302,"reachable":true,"wake_lag_us":17072}
{"cookie":18697,"ev":"listen_event","family":2,"kind":"start","ktime_us":128311624,"port":7302,"reachable":true,"wake_lag_us":17057}
{"cookie":18697,"ev":"listen_event","family":2,"kind":"stop","ktime_us":128311628,"port":7302,"reachable":true,"wake_lag_us":17053}
{"cookie":18698,"ev":"listen_event","family":2,"kind":"start","ktime_us":128311643,"port":7302,"reachable":true,"wake_lag_us":17038}
{"cookie":18698,"ev":"listen_event","family":2,"kind":"stop","ktime_us":128311646,"port":7302,"reachable":true,"wake_lag_us":17035}
{"cookie":18699,"ev":"listen_event","family":2,"kind":"start","ktime_us":128311662,"port":7302,"reachable":true,"wake_lag_us":17019}
{"cookie":18699,"ev":"listen_event","family":2,"kind":"stop","ktime_us":128311665,"port":7302,"reachable":true,"wake_lag_us":17016}
{"cookie":18700,"ev":"listen_event","family":2,"kind":"start","ktime_us":128311681,"port":7302,"reachable":true,"wake_lag_us":17000}
{"cookie":18700,"ev":"listen_event","family":2,"kind":"stop","ktime_us":128311684,"port":7302,"reachable":true,"wake_lag_us":16997}
{"cookie":18701,"ev":"listen_event","family":2,"kind":"start","ktime_us":128311700,"port":7302,"reachable":true,"wake_lag_us":16981}
{"cookie":18701,"ev":"listen_event","family":2,"kind":"stop","ktime_us":128311703,"port":7302,"reachable":true,"wake_lag_us":16978}
{"cookie":18702,"ev":"listen_event","family":2,"kind":"start","ktime_us":128311719,"port":7302,"reachable":true,"wake_lag_us":16962}
{"cookie":18702,"ev":"listen_event","family":2,"kind":"stop","ktime_us":128311722,"port":7302,"reachable":true,"wake_lag_us":16959}
{"cookie":18703,"ev":"listen_event","family":2,"kind":"start","ktime_us":128311738,"port":7302,"reachable":true,"wake_lag_us":16943}
{"cookie":18703,"ev":"listen_event","family":2,"kind":"stop","ktime_us":128311741,"port":7302,"reachable":true,"wake_lag_us":16940}
{"cookie":18704,"ev":"listen_event","family":2,"kind":"start","ktime_us":128311757,"port":7302,"reachable":true,"wake_lag_us":16924}
{"cookie":18704,"ev":"listen_event","family":2,"kind":"stop","ktime_us":128311760,"port":7302,"reachable":true,"wake_lag_us":16921}
{"cookie":18705,"ev":"listen_event","family":2,"kind":"start","ktime_us":128311776,"port":7302,"reachable":true,"wake_lag_us":16905}
{"cookie":18705,"ev":"listen_event","family":2,"kind":"stop","ktime_us":128311779,"port":7302,"reachable":true,"wake_lag_us":16902}
{"cookie":18706,"ev":"listen_event","family":2,"kind":"start","ktime_us":128311795,"port":7302,"reachable":true,"wake_lag_us":16886}
{"cookie":18706,"ev":"listen_event","family":2,"kind":"stop","ktime_us":128311798,"port":7302,"reachable":true,"wake_lag_us":16883}
{"cookie":18707,"ev":"listen_event","family":2,"kind":"start","ktime_us":128311814,"port":7302,"reachable":true,"wake_lag_us":16867}
{"cookie":18707,"ev":"listen_event","family":2,"kind":"stop","ktime_us":128311817,"port":7302,"reachable":true,"wake_lag_us":16864}
{"cookie":18708,"ev":"listen_event","family":2,"kind":"start","ktime_us":128311833,"port":7302,"reachable":true,"wake_lag_us":16848}
{"cookie":18708,"ev":"listen_event","family":2,"kind":"stop","ktime_us":128311836,"port":7302,"reachable":true,"wake_lag_us":16845}
{"cookie":18709,"ev":"listen_event","family":2,"kind":"start","ktime_us":128311852,"port":7302,"reachable":true,"wake_lag_us":16829}
{"cookie":18709,"ev":"listen_event","family":2,"kind":"stop","ktime_us":128311855,"port":7302,"reachable":true,"wake_lag_us":16826}
{"cookie":18710,"ev":"listen_event","family":2,"kind":"start","ktime_us":128311871,"port":7302,"reachable":true,"wake_lag_us":16810}
{"cookie":18710,"ev":"listen_event","family":2,"kind":"stop","ktime_us":128311874,"port":7302,"reachable":true,"wake_lag_us":16807}
{"cookie":18711,"ev":"listen_event","family":2,"kind":"start","ktime_us":128311890,"port":7302,"reachable":true,"wake_lag_us":16791}
{"cookie":18711,"ev":"listen_event","family":2,"kind":"stop","ktime_us":128311893,"port":7302,"reachable":true,"wake_lag_us":16788}
{"cookie":18712,"ev":"listen_event","family":2,"kind":"start","ktime_us":128311909,"port":7302,"reachable":true,"wake_lag_us":16772}
{"cookie":18712,"ev":"listen_event","family":2,"kind":"stop","ktime_us":128311912,"port":7302,"reachable":true,"wake_lag_us":16769}
{"cookie":18713,"ev":"listen_event","family":2,"kind":"start","ktime_us":128311928,"port":7302,"reachable":true,"wake_lag_us":16753}
{"cookie":18713,"ev":"listen_event","family":2,"kind":"stop","ktime_us":128311931,"port":7302,"reachable":true,"wake_lag_us":16750}
{"cookie":18714,"ev":"listen_event","family":2,"kind":"start","ktime_us":128311947,"port":7302,"reachable":true,"wake_lag_us":16734}
{"cookie":18714,"ev":"listen_event","family":2,"kind":"stop","ktime_us":128311950,"port":7302,"reachable":true,"wake_lag_us":16731}
{"cookie":18715,"ev":"listen_event","family":2,"kind":"start","ktime_us":128311966,"port":7302,"reachable":true,"wake_lag_us":16715}
{"cookie":18715,"ev":"listen_event","family":2,"kind":"stop","ktime_us":128311969,"port":7302,"reachable":true,"wake_lag_us":16712}
{"cookie":18716,"ev":"listen_event","family":2,"kind":"start","ktime_us":128311985,"port":7302,"reachable":true,"wake_lag_us":16696}
{"cookie":18716,"ev":"listen_event","family":2,"kind":"stop","ktime_us":128311988,"port":7302,"reachable":true,"wake_lag_us":16693}
{"cookie":18717,"ev":"listen_event","family":2,"kind":"start","ktime_us":128312025,"port":7302,"reachable":true,"wake_lag_us":16656}
{"cookie":18717,"ev":"listen_event","family":2,"kind":"stop","ktime_us":128312029,"port":7302,"reachable":true,"wake_lag_us":16652}
{"cookie":18718,"ev":"listen_event","family":2,"kind":"start","ktime_us":128312045,"port":7302,"reachable":true,"wake_lag_us":16636}
{"cookie":18718,"ev":"listen_event","family":2,"kind":"stop","ktime_us":128312048,"port":7302,"reachable":true,"wake_lag_us":16633}
{"cookie":18719,"ev":"listen_event","family":2,"kind":"start","ktime_us":128312064,"port":7302,"reachable":true,"wake_lag_us":16617}
{"cookie":18719,"ev":"listen_event","family":2,"kind":"stop","ktime_us":128312067,"port":7302,"reachable":true,"wake_lag_us":16614}
{"cookie":18720,"ev":"listen_event","family":2,"kind":"start","ktime_us":128312082,"port":7302,"reachable":true,"wake_lag_us":16599}
{"cookie":18720,"ev":"listen_event","family":2,"kind":"stop","ktime_us":128312086,"port":7302,"reachable":true,"wake_lag_us":16595}
{"cookie":18721,"ev":"listen_event","family":2,"kind":"start","ktime_us":128312101,"port":7302,"reachable":true,"wake_lag_us":16580}
{"cookie":18721,"ev":"listen_event","family":2,"kind":"stop","ktime_us":128312105,"port":7302,"reachable":true,"wake_lag_us":16576}
{"cookie":18722,"ev":"listen_event","family":2,"kind":"start","ktime_us":128312120,"port":7302,"reachable":true,"wake_lag_us":16561}
{"cookie":18722,"ev":"listen_event","family":2,"kind":"stop","ktime_us":128312123,"port":7302,"reachable":true,"wake_lag_us":16558}
{"cookie":18723,"ev":"listen_event","family":2,"kind":"start","ktime_us":128312139,"port":7302,"reachable":true,"wake_lag_us":16542}
{"cookie":18723,"ev":"listen_event","family":2,"kind":"stop","ktime_us":128312142,"port":7302,"reachable":true,"wake_lag_us":16539}
{"cookie":18724,"ev":"listen_event","family":2,"kind":"start","ktime_us":128312158,"port":7302,"reachable":true,"wake_lag_us":16523}
{"cookie":18724,"ev":"listen_event","family":2,"kind":"stop","ktime_us":128312161,"port":7302,"reachable":true,"wake_lag_us":16520}
{"cookie":18725,"ev":"listen_event","family":2,"kind":"start","ktime_us":128312177,"port":7302,"reachable":true,"wake_lag_us":16504}
{"cookie":18725,"ev":"listen_event","family":2,"kind":"stop","ktime_us":128312180,"port":7302,"reachable":true,"wake_lag_us":16501}
{"cookie":18726,"ev":"listen_event","family":2,"kind":"start","ktime_us":128312196,"port":7302,"reachable":true,"wake_lag_us":16485}
{"cookie":18726,"ev":"listen_event","family":2,"kind":"stop","ktime_us":128312199,"port":7302,"reachable":true,"wake_lag_us":16482}
{"cookie":18727,"ev":"listen_event","family":2,"kind":"start","ktime_us":128312215,"port":7302,"reachable":true,"wake_lag_us":16466}
{"cookie":18727,"ev":"listen_event","family":2,"kind":"stop","ktime_us":128312218,"port":7302,"reachable":true,"wake_lag_us":16463}
{"cookie":18728,"ev":"listen_event","family":2,"kind":"start","ktime_us":128312234,"port":7302,"reachable":true,"wake_lag_us":16447}
{"cookie":18728,"ev":"listen_event","family":2,"kind":"stop","ktime_us":128312237,"port":7302,"reachable":true,"wake_lag_us":16444}
{"cookie":18729,"ev":"listen_event","family":2,"kind":"start","ktime_us":128312253,"port":7302,"reachable":true,"wake_lag_us":16428}
{"cookie":18729,"ev":"listen_event","family":2,"kind":"stop","ktime_us":128312256,"port":7302,"reachable":true,"wake_lag_us":16425}
{"cookie":18730,"ev":"listen_event","family":2,"kind":"start","ktime_us":128312272,"port":7302,"reachable":true,"wake_lag_us":16409}
{"cookie":18730,"ev":"listen_event","family":2,"kind":"stop","ktime_us":128312275,"port":7302,"reachable":true,"wake_lag_us":16406}
{"cookie":18731,"ev":"listen_event","family":2,"kind":"start","ktime_us":128312291,"port":7302,"reachable":true,"wake_lag_us":16390}
{"cookie":18731,"ev":"listen_event","family":2,"kind":"stop","ktime_us":128312294,"port":7302,"reachable":true,"wake_lag_us":16387}
{"cookie":18732,"ev":"listen_event","family":2,"kind":"start","ktime_us":128312310,"port":7302,"reachable":true,"wake_lag_us":16371}
{"cookie":18732,"ev":"listen_event","family":2,"kind":"stop","ktime_us":128312313,"port":7302,"reachable":true,"wake_lag_us":16368}
{"cookie":18733,"ev":"listen_event","family":2,"kind":"start","ktime_us":128312329,"port":7302,"reachable":true,"wake_lag_us":16352}
{"cookie":18733,"ev":"listen_event","family":2,"kind":"stop","ktime_us":128312332,"port":7302,"reachable":true,"wake_lag_us":16349}
{"cookie":18734,"ev":"listen_event","family":2,"kind":"start","ktime_us":128312348,"port":7302,"reachable":true,"wake_lag_us":16333}
{"cookie":18734,"ev":"listen_event","family":2,"kind":"stop","ktime_us":128312351,"port":7302,"reachable":true,"wake_lag_us":16330}
{"cookie":18735,"ev":"listen_event","family":2,"kind":"start","ktime_us":128312367,"port":7302,"reachable":true,"wake_lag_us":16314}
{"cookie":18735,"ev":"listen_event","family":2,"kind":"stop","ktime_us":128312370,"port":7302,"reachable":true,"wake_lag_us":16311}
{"cookie":18736,"ev":"listen_event","family":2,"kind":"start","ktime_us":128312386,"port":7302,"reachable":true,"wake_lag_us":16295}
{"cookie":18736,"ev":"listen_event","family":2,"kind":"stop","ktime_us":128312401,"port":7302,"reachable":true,"wake_lag_us":16280}
{"cookie":18737,"ev":"listen_event","family":2,"kind":"start","ktime_us":128312417,"port":7302,"reachable":true,"wake_lag_us":16264}
{"cookie":18737,"ev":"listen_event","family":2,"kind":"stop","ktime_us":128312420,"port":7302,"reachable":true,"wake_lag_us":16261}
{"cookie":18738,"ev":"listen_event","family":2,"kind":"start","ktime_us":128312436,"port":7302,"reachable":true,"wake_lag_us":16245}
{"cookie":18738,"ev":"listen_event","family":2,"kind":"stop","ktime_us":128312439,"port":7302,"reachable":true,"wake_lag_us":16242}
{"cookie":18739,"ev":"listen_event","family":2,"kind":"start","ktime_us":128312455,"port":7302,"reachable":true,"wake_lag_us":16226}
{"cookie":18739,"ev":"listen_event","family":2,"kind":"stop","ktime_us":128312458,"port":7302,"reachable":true,"wake_lag_us":16223}
{"cookie":18740,"ev":"listen_event","family":2,"kind":"start","ktime_us":128312474,"port":7302,"reachable":true,"wake_lag_us":16207}
{"cookie":18740,"ev":"listen_event","family":2,"kind":"stop","ktime_us":128312477,"port":7302,"reachable":true,"wake_lag_us":16204}
{"cookie":18741,"ev":"listen_event","family":2,"kind":"start","ktime_us":128312494,"port":7302,"reachable":true,"wake_lag_us":16187}
{"cookie":18741,"ev":"listen_event","family":2,"kind":"stop","ktime_us":128312497,"port":7302,"reachable":true,"wake_lag_us":16184}
{"cookie":18742,"ev":"listen_event","family":2,"kind":"start","ktime_us":128312513,"port":7302,"reachable":true,"wake_lag_us":16168}
{"cookie":18742,"ev":"listen_event","family":2,"kind":"stop","ktime_us":128312516,"port":7302,"reachable":true,"wake_lag_us":16165}
{"cookie":18743,"ev":"listen_event","family":2,"kind":"start","ktime_us":128312532,"port":7302,"reachable":true,"wake_lag_us":16149}
{"cookie":18743,"ev":"listen_event","family":2,"kind":"stop","ktime_us":128312535,"port":7302,"reachable":true,"wake_lag_us":16146}
{"cookie":18744,"ev":"listen_event","family":2,"kind":"start","ktime_us":128312551,"port":7302,"reachable":true,"wake_lag_us":16130}
{"cookie":18744,"ev":"listen_event","family":2,"kind":"stop","ktime_us":128312554,"port":7302,"reachable":true,"wake_lag_us":16127}
{"cookie":18745,"ev":"listen_event","family":2,"kind":"start","ktime_us":128312570,"port":7302,"reachable":true,"wake_lag_us":16111}
{"cookie":18745,"ev":"listen_event","family":2,"kind":"stop","ktime_us":128312573,"port":7302,"reachable":true,"wake_lag_us":16108}
{"cookie":18746,"ev":"listen_event","family":2,"kind":"start","ktime_us":128312589,"port":7302,"reachable":true,"wake_lag_us":16092}
{"cookie":18746,"ev":"listen_event","family":2,"kind":"stop","ktime_us":128312592,"port":7302,"reachable":true,"wake_lag_us":16089}
{"cookie":18747,"ev":"listen_event","family":2,"kind":"start","ktime_us":128312608,"port":7302,"reachable":true,"wake_lag_us":16073}
{"cookie":18747,"ev":"listen_event","family":2,"kind":"stop","ktime_us":128312611,"port":7302,"reachable":true,"wake_lag_us":16070}
{"cookie":18748,"ev":"listen_event","family":2,"kind":"start","ktime_us":128312627,"port":7302,"reachable":true,"wake_lag_us":16054}
{"cookie":18748,"ev":"listen_event","family":2,"kind":"stop","ktime_us":128312630,"port":7302,"reachable":true,"wake_lag_us":16051}
{"cookie":18749,"ev":"listen_event","family":2,"kind":"start","ktime_us":128312646,"port":7302,"reachable":true,"wake_lag_us":16035}
{"cookie":18749,"ev":"listen_event","family":2,"kind":"stop","ktime_us":128312649,"port":7302,"reachable":true,"wake_lag_us":16032}
{"cookie":18750,"ev":"listen_event","family":2,"kind":"start","ktime_us":128312665,"port":7302,"reachable":true,"wake_lag_us":16016}
{"cookie":18750,"ev":"listen_event","family":2,"kind":"stop","ktime_us":128312668,"port":7302,"reachable":true,"wake_lag_us":16013}
{"cookie":18751,"ev":"listen_event","family":2,"kind":"start","ktime_us":128312684,"port":7302,"reachable":true,"wake_lag_us":15997}
{"cookie":18751,"ev":"listen_event","family":2,"kind":"stop","ktime_us":128312687,"port":7302,"reachable":true,"wake_lag_us":15994}
{"cookie":18752,"ev":"listen_event","family":2,"kind":"start","ktime_us":128312703,"port":7302,"reachable":true,"wake_lag_us":15978}
{"cookie":18752,"ev":"listen_event","family":2,"kind":"stop","ktime_us":128312706,"port":7302,"reachable":true,"wake_lag_us":15975}
{"cookie":18753,"ev":"listen_event","family":2,"kind":"start","ktime_us":128312722,"port":7302,"reachable":true,"wake_lag_us":15959}
{"cookie":18753,"ev":"listen_event","family":2,"kind":"stop","ktime_us":128312725,"port":7302,"reachable":true,"wake_lag_us":15956}
{"cookie":18754,"ev":"listen_event","family":2,"kind":"start","ktime_us":128312741,"port":7302,"reachable":true,"wake_lag_us":15940}
{"cookie":18754,"ev":"listen_event","family":2,"kind":"stop","ktime_us":128312744,"port":7302,"reachable":true,"wake_lag_us":15937}
{"cookie":18755,"ev":"listen_event","family":2,"kind":"start","ktime_us":128312760,"port":7302,"reachable":true,"wake_lag_us":15921}
{"cookie":18755,"ev":"listen_event","family":2,"kind":"stop","ktime_us":128312763,"port":7302,"reachable":true,"wake_lag_us":15918}
{"cookie":18756,"ev":"listen_event","family":2,"kind":"start","ktime_us":128312779,"port":7302,"reachable":true,"wake_lag_us":15902}
{"cookie":18756,"ev":"listen_event","family":2,"kind":"stop","ktime_us":128312782,"port":7302,"reachable":true,"wake_lag_us":15899}
{"cookie":18757,"ev":"listen_event","family":2,"kind":"start","ktime_us":128312798,"port":7302,"reachable":true,"wake_lag_us":15883}
{"cookie":18757,"ev":"listen_event","family":2,"kind":"stop","ktime_us":128312801,"port":7302,"reachable":true,"wake_lag_us":15880}
{"cookie":18758,"ev":"listen_event","family":2,"kind":"start","ktime_us":128312818,"port":7302,"reachable":true,"wake_lag_us":15863}
{"cookie":18758,"ev":"listen_event","family":2,"kind":"stop","ktime_us":128312821,"port":7302,"reachable":true,"wake_lag_us":15860}
{"cookie":18759,"ev":"listen_event","family":2,"kind":"start","ktime_us":128312837,"port":7302,"reachable":true,"wake_lag_us":15844}
{"cookie":18759,"ev":"listen_event","family":2,"kind":"stop","ktime_us":128312840,"port":7302,"reachable":true,"wake_lag_us":15841}
{"cookie":18760,"ev":"listen_event","family":2,"kind":"start","ktime_us":128312856,"port":7302,"reachable":true,"wake_lag_us":15825}
{"cookie":18760,"ev":"listen_event","family":2,"kind":"stop","ktime_us":128312859,"port":7302,"reachable":true,"wake_lag_us":15822}
{"cookie":18761,"ev":"listen_event","family":2,"kind":"start","ktime_us":128312875,"port":7302,"reachable":true,"wake_lag_us":15806}
{"cookie":18761,"ev":"listen_event","family":2,"kind":"stop","ktime_us":128312878,"port":7302,"reachable":true,"wake_lag_us":15803}
{"cookie":18762,"ev":"listen_event","family":2,"kind":"start","ktime_us":128312894,"port":7302,"reachable":true,"wake_lag_us":15787}
{"cookie":18762,"ev":"listen_event","family":2,"kind":"stop","ktime_us":128312898,"port":7302,"reachable":true,"wake_lag_us":15783}
{"cookie":18763,"ev":"listen_event","family":2,"kind":"start","ktime_us":128312914,"port":7302,"reachable":true,"wake_lag_us":15767}
{"cookie":18763,"ev":"listen_event","family":2,"kind":"stop","ktime_us":128312917,"port":7302,"reachable":true,"wake_lag_us":15764}
{"cookie":18764,"ev":"listen_event","family":2,"kind":"start","ktime_us":128312933,"port":7302,"reachable":true,"wake_lag_us":15748}
{"cookie":18764,"ev":"listen_event","family":2,"kind":"stop","ktime_us":128312936,"port":7302,"reachable":true,"wake_lag_us":15745}
{"cookie":18765,"ev":"listen_event","family":2,"kind":"start","ktime_us":128312952,"port":7302,"reachable":true,"wake_lag_us":15729}
{"cookie":18765,"ev":"listen_event","family":2,"kind":"stop","ktime_us":128312955,"port":7302,"reachable":true,"wake_lag_us":15726}
{"cookie":18766,"ev":"listen_event","family":2,"kind":"start","ktime_us":128312971,"port":7302,"reachable":true,"wake_lag_us":15710}
{"cookie":18766,"ev":"listen_event","family":2,"kind":"stop","ktime_us":128312974,"port":7302,"reachable":true,"wake_lag_us":15707}
{"cookie":18767,"ev":"listen_event","family":2,"kind":"start","ktime_us":128312990,"port":7302,"reachable":true,"wake_lag_us":15691}
{"cookie":18767,"ev":"listen_event","family":2,"kind":"stop","ktime_us":128312993,"port":7302,"reachable":true,"wake_lag_us":15688}
{"cookie":18768,"ev":"listen_event","family":2,"kind":"start","ktime_us":128313028,"port":7302,"reachable":true,"wake_lag_us":15653}
{"cookie":18768,"ev":"listen_event","family":2,"kind":"stop","ktime_us":128313031,"port":7302,"reachable":true,"wake_lag_us":15650}
{"cookie":18769,"ev":"listen_event","family":2,"kind":"start","ktime_us":128313047,"port":7302,"reachable":true,"wake_lag_us":15634}
{"cookie":18769,"ev":"listen_event","family":2,"kind":"stop","ktime_us":128313050,"port":7302,"reachable":true,"wake_lag_us":15631}
{"cookie":18770,"ev":"listen_event","family":2,"kind":"start","ktime_us":128313066,"port":7302,"reachable":true,"wake_lag_us":15615}
{"cookie":18770,"ev":"listen_event","family":2,"kind":"stop","ktime_us":128313069,"port":7302,"reachable":true,"wake_lag_us":15612}
{"cookie":18771,"ev":"listen_event","family":2,"kind":"start","ktime_us":128313085,"port":7302,"reachable":true,"wake_lag_us":15596}
{"cookie":18771,"ev":"listen_event","family":2,"kind":"stop","ktime_us":128313088,"port":7302,"reachable":true,"wake_lag_us":15593}
{"cookie":18772,"ev":"listen_event","family":2,"kind":"start","ktime_us":128313104,"port":7302,"reachable":true,"wake_lag_us":15577}
{"cookie":18772,"ev":"listen_event","family":2,"kind":"stop","ktime_us":128313107,"port":7302,"reachable":true,"wake_lag_us":15574}
{"cookie":18773,"ev":"listen_event","family":2,"kind":"start","ktime_us":128313123,"port":7302,"reachable":true,"wake_lag_us":15558}
{"cookie":18773,"ev":"listen_event","family":2,"kind":"stop","ktime_us":128313126,"port":7302,"reachable":true,"wake_lag_us":15555}
{"cookie":18774,"ev":"listen_event","family":2,"kind":"start","ktime_us":128313142,"port":7302,"reachable":true,"wake_lag_us":15539}
{"cookie":18774,"ev":"listen_event","family":2,"kind":"stop","ktime_us":128313145,"port":7302,"reachable":true,"wake_lag_us":15536}
{"cookie":18775,"ev":"listen_event","family":2,"kind":"start","ktime_us":128313161,"port":7302,"reachable":true,"wake_lag_us":15520}
{"cookie":18775,"ev":"listen_event","family":2,"kind":"stop","ktime_us":128313165,"port":7302,"reachable":true,"wake_lag_us":15516}
{"cookie":18776,"ev":"listen_event","family":2,"kind":"start","ktime_us":128313181,"port":7302,"reachable":true,"wake_lag_us":15500}
{"cookie":18776,"ev":"listen_event","family":2,"kind":"stop","ktime_us":128313185,"port":7302,"reachable":true,"wake_lag_us":15496}
{"cookie":18777,"ev":"listen_event","family":2,"kind":"start","ktime_us":128313200,"port":7302,"reachable":true,"wake_lag_us":15481}
{"cookie":18777,"ev":"listen_event","family":2,"kind":"stop","ktime_us":128313204,"port":7302,"reachable":true,"wake_lag_us":15477}
{"cookie":18778,"ev":"listen_event","family":2,"kind":"start","ktime_us":128313219,"port":7302,"reachable":true,"wake_lag_us":15462}
{"cookie":18778,"ev":"listen_event","family":2,"kind":"stop","ktime_us":128313223,"port":7302,"reachable":true,"wake_lag_us":15458}
{"cookie":18779,"ev":"listen_event","family":2,"kind":"start","ktime_us":128313238,"port":7302,"reachable":true,"wake_lag_us":15443}
{"cookie":18779,"ev":"listen_event","family":2,"kind":"stop","ktime_us":128313242,"port":7302,"reachable":true,"wake_lag_us":15439}
{"cookie":18780,"ev":"listen_event","family":2,"kind":"start","ktime_us":128313257,"port":7302,"reachable":true,"wake_lag_us":15424}
{"cookie":18780,"ev":"listen_event","family":2,"kind":"stop","ktime_us":128313261,"port":7302,"reachable":true,"wake_lag_us":15420}
{"cookie":18781,"ev":"listen_event","family":2,"kind":"start","ktime_us":128313276,"port":7302,"reachable":true,"wake_lag_us":15405}
{"cookie":18781,"ev":"listen_event","family":2,"kind":"stop","ktime_us":128313279,"port":7302,"reachable":true,"wake_lag_us":15402}
{"cookie":18782,"ev":"listen_event","family":2,"kind":"start","ktime_us":128313295,"port":7302,"reachable":true,"wake_lag_us":15386}
{"cookie":18782,"ev":"listen_event","family":2,"kind":"stop","ktime_us":128313298,"port":7302,"reachable":true,"wake_lag_us":15383}
{"cookie":18783,"ev":"listen_event","family":2,"kind":"start","ktime_us":128313314,"port":7302,"reachable":true,"wake_lag_us":15367}
{"cookie":18783,"ev":"listen_event","family":2,"kind":"stop","ktime_us":128313317,"port":7302,"reachable":true,"wake_lag_us":15364}
{"cookie":18784,"ev":"listen_event","family":2,"kind":"start","ktime_us":128313333,"port":7302,"reachable":true,"wake_lag_us":15348}
{"cookie":18784,"ev":"listen_event","family":2,"kind":"stop","ktime_us":128313336,"port":7302,"reachable":true,"wake_lag_us":15345}
{"cookie":18785,"ev":"listen_event","family":2,"kind":"start","ktime_us":128313352,"port":7302,"reachable":true,"wake_lag_us":15329}
{"cookie":18785,"ev":"listen_event","family":2,"kind":"stop","ktime_us":128313355,"port":7302,"reachable":true,"wake_lag_us":15326}
{"cookie":18786,"ev":"listen_event","family":2,"kind":"start","ktime_us":128313371,"port":7302,"reachable":true,"wake_lag_us":15310}
{"cookie":18786,"ev":"listen_event","family":2,"kind":"stop","ktime_us":128313374,"port":7302,"reachable":true,"wake_lag_us":15307}
{"cookie":18787,"ev":"listen_event","family":2,"kind":"start","ktime_us":128313402,"port":7302,"reachable":true,"wake_lag_us":15279}
{"cookie":18787,"ev":"listen_event","family":2,"kind":"stop","ktime_us":128313405,"port":7302,"reachable":true,"wake_lag_us":15276}
{"cookie":18788,"ev":"listen_event","family":2,"kind":"start","ktime_us":128313422,"port":7302,"reachable":true,"wake_lag_us":15259}
{"cookie":18788,"ev":"listen_event","family":2,"kind":"stop","ktime_us":128313426,"port":7302,"reachable":true,"wake_lag_us":15255}
{"cookie":18789,"ev":"listen_event","family":2,"kind":"start","ktime_us":128313441,"port":7302,"reachable":true,"wake_lag_us":15240}
{"cookie":18789,"ev":"listen_event","family":2,"kind":"stop","ktime_us":128313445,"port":7302,"reachable":true,"wake_lag_us":15236}
{"cookie":18790,"ev":"listen_event","family":2,"kind":"start","ktime_us":128313461,"port":7302,"reachable":true,"wake_lag_us":15220}
{"cookie":18790,"ev":"listen_event","family":2,"kind":"stop","ktime_us":128313464,"port":7302,"reachable":true,"wake_lag_us":15217}
{"cookie":18791,"ev":"listen_event","family":2,"kind":"start","ktime_us":128313480,"port":7302,"reachable":true,"wake_lag_us":15201}
{"cookie":18791,"ev":"listen_event","family":2,"kind":"stop","ktime_us":128313483,"port":7302,"reachable":true,"wake_lag_us":15198}
{"cookie":18792,"ev":"listen_event","family":2,"kind":"start","ktime_us":128313499,"port":7302,"reachable":true,"wake_lag_us":15182}
{"cookie":18792,"ev":"listen_event","family":2,"kind":"stop","ktime_us":128313502,"port":7302,"reachable":true,"wake_lag_us":15179}
{"cookie":18793,"ev":"listen_event","family":2,"kind":"start","ktime_us":128313518,"port":7302,"reachable":true,"wake_lag_us":15163}
{"cookie":18793,"ev":"listen_event","family":2,"kind":"stop","ktime_us":128313521,"port":7302,"reachable":true,"wake_lag_us":15160}
{"cookie":18794,"ev":"listen_event","family":2,"kind":"start","ktime_us":128313537,"port":7302,"reachable":true,"wake_lag_us":15144}
{"cookie":18794,"ev":"listen_event","family":2,"kind":"stop","ktime_us":128313540,"port":7302,"reachable":true,"wake_lag_us":15141}
{"cookie":18795,"ev":"listen_event","family":2,"kind":"start","ktime_us":128313555,"port":7302,"reachable":true,"wake_lag_us":15126}
{"cookie":18795,"ev":"listen_event","family":2,"kind":"stop","ktime_us":128313559,"port":7302,"reachable":true,"wake_lag_us":15122}
{"cookie":18796,"ev":"listen_event","family":2,"kind":"start","ktime_us":128313575,"port":7302,"reachable":true,"wake_lag_us":15106}
{"cookie":18796,"ev":"listen_event","family":2,"kind":"stop","ktime_us":128313578,"port":7302,"reachable":true,"wake_lag_us":15103}
{"cookie":18797,"ev":"listen_event","family":2,"kind":"start","ktime_us":128313594,"port":7302,"reachable":true,"wake_lag_us":15087}
{"cookie":18797,"ev":"listen_event","family":2,"kind":"stop","ktime_us":128313597,"port":7302,"reachable":true,"wake_lag_us":15084}
{"cookie":18798,"ev":"listen_event","family":2,"kind":"start","ktime_us":128313613,"port":7302,"reachable":true,"wake_lag_us":15068}
{"cookie":18798,"ev":"listen_event","family":2,"kind":"stop","ktime_us":128313616,"port":7302,"reachable":true,"wake_lag_us":15065}
{"cookie":18799,"ev":"listen_event","family":2,"kind":"start","ktime_us":128313631,"port":7302,"reachable":true,"wake_lag_us":15050}
{"cookie":18799,"ev":"listen_event","family":2,"kind":"stop","ktime_us":128313635,"port":7302,"reachable":true,"wake_lag_us":15046}
{"cookie":18800,"ev":"listen_event","family":2,"kind":"start","ktime_us":128313652,"port":7302,"reachable":true,"wake_lag_us":15029}
{"cookie":18800,"ev":"listen_event","family":2,"kind":"stop","ktime_us":128313655,"port":7302,"reachable":true,"wake_lag_us":15026}
{"cookie":18801,"ev":"listen_event","family":2,"kind":"start","ktime_us":128313671,"port":7302,"reachable":true,"wake_lag_us":15010}
{"cookie":18801,"ev":"listen_event","family":2,"kind":"stop","ktime_us":128313674,"port":7302,"reachable":true,"wake_lag_us":15007}
{"cookie":18802,"ev":"listen_event","family":2,"kind":"start","ktime_us":128313690,"port":7302,"reachable":true,"wake_lag_us":14991}
{"cookie":18802,"ev":"listen_event","family":2,"kind":"stop","ktime_us":128313693,"port":7302,"reachable":true,"wake_lag_us":14988}
{"cookie":18803,"ev":"listen_event","family":2,"kind":"start","ktime_us":128313709,"port":7302,"reachable":true,"wake_lag_us":14972}
{"cookie":18803,"ev":"listen_event","family":2,"kind":"stop","ktime_us":128313712,"port":7302,"reachable":true,"wake_lag_us":14969}
{"cookie":18804,"ev":"listen_event","family":2,"kind":"start","ktime_us":128313728,"port":7302,"reachable":true,"wake_lag_us":14953}
{"cookie":18804,"ev":"listen_event","family":2,"kind":"stop","ktime_us":128313731,"port":7302,"reachable":true,"wake_lag_us":14950}
{"cookie":18805,"ev":"listen_event","family":2,"kind":"start","ktime_us":128313747,"port":7302,"reachable":true,"wake_lag_us":14934}
{"cookie":18805,"ev":"listen_event","family":2,"kind":"stop","ktime_us":128313750,"port":7302,"reachable":true,"wake_lag_us":14931}
{"cookie":18806,"ev":"listen_event","family":2,"kind":"start","ktime_us":128313766,"port":7302,"reachable":true,"wake_lag_us":14915}
{"cookie":18806,"ev":"listen_event","family":2,"kind":"stop","ktime_us":128313769,"port":7302,"reachable":true,"wake_lag_us":14912}
{"cookie":18807,"ev":"listen_event","family":2,"kind":"start","ktime_us":128313785,"port":7302,"reachable":true,"wake_lag_us":14896}
{"cookie":18807,"ev":"listen_event","family":2,"kind":"stop","ktime_us":128313788,"port":7302,"reachable":true,"wake_lag_us":14893}
{"cookie":18808,"ev":"listen_event","family":2,"kind":"start","ktime_us":128313804,"port":7302,"reachable":true,"wake_lag_us":14877}
{"cookie":18808,"ev":"listen_event","family":2,"kind":"stop","ktime_us":128313807,"port":7302,"reachable":true,"wake_lag_us":14874}
{"cookie":18809,"ev":"listen_event","family":2,"kind":"start","ktime_us":128313823,"port":7302,"reachable":true,"wake_lag_us":14858}
{"cookie":18809,"ev":"listen_event","family":2,"kind":"stop","ktime_us":128313826,"port":7302,"reachable":true,"wake_lag_us":14855}
{"cookie":18810,"ev":"listen_event","family":2,"kind":"start","ktime_us":128313842,"port":7302,"reachable":true,"wake_lag_us":14839}
{"cookie":18810,"ev":"listen_event","family":2,"kind":"stop","ktime_us":128313845,"port":7302,"reachable":true,"wake_lag_us":14836}
{"cookie":18811,"ev":"listen_event","family":2,"kind":"start","ktime_us":128313861,"port":7302,"reachable":true,"wake_lag_us":14820}
{"cookie":18811,"ev":"listen_event","family":2,"kind":"stop","ktime_us":128313864,"port":7302,"reachable":true,"wake_lag_us":14817}
{"cookie":18812,"ev":"listen_event","family":2,"kind":"start","ktime_us":128313880,"port":7302,"reachable":true,"wake_lag_us":14801}
{"cookie":18812,"ev":"listen_event","family":2,"kind":"stop","ktime_us":128313884,"port":7302,"reachable":true,"wake_lag_us":14797}
{"cookie":18813,"ev":"listen_event","family":2,"kind":"start","ktime_us":128313899,"port":7302,"reachable":true,"wake_lag_us":14782}
{"cookie":18813,"ev":"listen_event","family":2,"kind":"stop","ktime_us":128313903,"port":7302,"reachable":true,"wake_lag_us":14778}
{"cookie":18814,"ev":"listen_event","family":2,"kind":"start","ktime_us":128313918,"port":7302,"reachable":true,"wake_lag_us":14763}
{"cookie":18814,"ev":"listen_event","family":2,"kind":"stop","ktime_us":128313922,"port":7302,"reachable":true,"wake_lag_us":14759}
{"cookie":18815,"ev":"listen_event","family":2,"kind":"start","ktime_us":128313937,"port":7302,"reachable":true,"wake_lag_us":14744}
{"cookie":18815,"ev":"listen_event","family":2,"kind":"stop","ktime_us":128313940,"port":7302,"reachable":true,"wake_lag_us":14741}
{"cookie":18816,"ev":"listen_event","family":2,"kind":"start","ktime_us":128313956,"port":7302,"reachable":true,"wake_lag_us":14725}
{"cookie":18816,"ev":"listen_event","family":2,"kind":"stop","ktime_us":128313959,"port":7302,"reachable":true,"wake_lag_us":14722}
{"cookie":18817,"ev":"listen_event","family":2,"kind":"start","ktime_us":128313975,"port":7302,"reachable":true,"wake_lag_us":14706}
{"cookie":18817,"ev":"listen_event","family":2,"kind":"stop","ktime_us":128313978,"port":7302,"reachable":true,"wake_lag_us":14703}
{"cookie":18818,"ev":"listen_event","family":2,"kind":"start","ktime_us":128313994,"port":7302,"reachable":true,"wake_lag_us":14687}
{"cookie":18818,"ev":"listen_event","family":2,"kind":"stop","ktime_us":128314018,"port":7302,"reachable":true,"wake_lag_us":14663}
{"cookie":18819,"ev":"listen_event","family":2,"kind":"start","ktime_us":128314034,"port":7302,"reachable":true,"wake_lag_us":14647}
{"cookie":18819,"ev":"listen_event","family":2,"kind":"stop","ktime_us":128314038,"port":7302,"reachable":true,"wake_lag_us":14643}
{"cookie":18820,"ev":"listen_event","family":2,"kind":"start","ktime_us":128314053,"port":7302,"reachable":true,"wake_lag_us":14628}
{"cookie":18820,"ev":"listen_event","family":2,"kind":"stop","ktime_us":128314057,"port":7302,"reachable":true,"wake_lag_us":14624}
{"cookie":18821,"ev":"listen_event","family":2,"kind":"start","ktime_us":128314072,"port":7302,"reachable":true,"wake_lag_us":14609}
{"cookie":18821,"ev":"listen_event","family":2,"kind":"stop","ktime_us":128314075,"port":7302,"reachable":true,"wake_lag_us":14606}
{"cookie":18822,"ev":"listen_event","family":2,"kind":"start","ktime_us":128314091,"port":7302,"reachable":true,"wake_lag_us":14590}
{"cookie":18822,"ev":"listen_event","family":2,"kind":"stop","ktime_us":128314094,"port":7302,"reachable":true,"wake_lag_us":14587}
{"cookie":18823,"ev":"listen_event","family":2,"kind":"start","ktime_us":128314110,"port":7302,"reachable":true,"wake_lag_us":14571}
{"cookie":18823,"ev":"listen_event","family":2,"kind":"stop","ktime_us":128314113,"port":7302,"reachable":true,"wake_lag_us":14568}
{"cookie":18824,"ev":"listen_event","family":2,"kind":"start","ktime_us":128314131,"port":7302,"reachable":true,"wake_lag_us":14550}
{"cookie":18824,"ev":"listen_event","family":2,"kind":"stop","ktime_us":128314134,"port":7302,"reachable":true,"wake_lag_us":14547}
{"cookie":18825,"ev":"listen_event","family":2,"kind":"start","ktime_us":128314150,"port":7302,"reachable":true,"wake_lag_us":14531}
{"cookie":18825,"ev":"listen_event","family":2,"kind":"stop","ktime_us":128314153,"port":7302,"reachable":true,"wake_lag_us":14528}
{"cookie":18826,"ev":"listen_event","family":2,"kind":"start","ktime_us":128314169,"port":7302,"reachable":true,"wake_lag_us":14512}
{"cookie":18826,"ev":"listen_event","family":2,"kind":"stop","ktime_us":128314172,"port":7302,"reachable":true,"wake_lag_us":14509}
{"cookie":18827,"ev":"listen_event","family":2,"kind":"start","ktime_us":128314188,"port":7302,"reachable":true,"wake_lag_us":14493}
{"cookie":18827,"ev":"listen_event","family":2,"kind":"stop","ktime_us":128314191,"port":7302,"reachable":true,"wake_lag_us":14490}
{"cookie":18828,"ev":"listen_event","family":2,"kind":"start","ktime_us":128314207,"port":7302,"reachable":true,"wake_lag_us":14474}
{"cookie":18828,"ev":"listen_event","family":2,"kind":"stop","ktime_us":128314210,"port":7302,"reachable":true,"wake_lag_us":14471}
{"cookie":18829,"ev":"listen_event","family":2,"kind":"start","ktime_us":128314226,"port":7302,"reachable":true,"wake_lag_us":14455}
{"cookie":18829,"ev":"listen_event","family":2,"kind":"stop","ktime_us":128314229,"port":7302,"reachable":true,"wake_lag_us":14452}
{"cookie":18830,"ev":"listen_event","family":2,"kind":"start","ktime_us":128314245,"port":7302,"reachable":true,"wake_lag_us":14436}
{"cookie":18830,"ev":"listen_event","family":2,"kind":"stop","ktime_us":128314248,"port":7302,"reachable":true,"wake_lag_us":14433}
{"cookie":18831,"ev":"listen_event","family":2,"kind":"start","ktime_us":128314264,"port":7302,"reachable":true,"wake_lag_us":14417}
{"cookie":18831,"ev":"listen_event","family":2,"kind":"stop","ktime_us":128314267,"port":7302,"reachable":true,"wake_lag_us":14414}
{"cookie":18832,"ev":"listen_event","family":2,"kind":"start","ktime_us":128314283,"port":7302,"reachable":true,"wake_lag_us":14398}
{"cookie":18832,"ev":"listen_event","family":2,"kind":"stop","ktime_us":128314286,"port":7302,"reachable":true,"wake_lag_us":14395}
{"cookie":18833,"ev":"listen_event","family":2,"kind":"start","ktime_us":128314302,"port":7302,"reachable":true,"wake_lag_us":14379}
{"cookie":18833,"ev":"listen_event","family":2,"kind":"stop","ktime_us":128314305,"port":7302,"reachable":true,"wake_lag_us":14376}
{"cookie":18834,"ev":"listen_event","family":2,"kind":"start","ktime_us":128314321,"port":7302,"reachable":true,"wake_lag_us":14360}
{"cookie":18834,"ev":"listen_event","family":2,"kind":"stop","ktime_us":128314324,"port":7302,"reachable":true,"wake_lag_us":14357}
{"cookie":18835,"ev":"listen_event","family":2,"kind":"start","ktime_us":128314340,"port":7302,"reachable":true,"wake_lag_us":14341}
{"cookie":18835,"ev":"listen_event","family":2,"kind":"stop","ktime_us":128314343,"port":7302,"reachable":true,"wake_lag_us":14338}
{"cookie":18836,"ev":"listen_event","family":2,"kind":"start","ktime_us":128314360,"port":7302,"reachable":true,"wake_lag_us":14321}
{"cookie":18836,"ev":"listen_event","family":2,"kind":"stop","ktime_us":128314363,"port":7302,"reachable":true,"wake_lag_us":14318}
{"cookie":18837,"ev":"listen_event","family":2,"kind":"start","ktime_us":128314379,"port":7302,"reachable":true,"wake_lag_us":14302}
{"cookie":18837,"ev":"listen_event","family":2,"kind":"stop","ktime_us":128314382,"port":7302,"reachable":true,"wake_lag_us":14299}
{"cookie":18838,"ev":"listen_event","family":2,"kind":"start","ktime_us":128314410,"port":7302,"reachable":true,"wake_lag_us":14271}
{"cookie":18838,"ev":"listen_event","family":2,"kind":"stop","ktime_us":128314413,"port":7302,"reachable":true,"wake_lag_us":14268}
{"cookie":18839,"ev":"listen_event","family":2,"kind":"start","ktime_us":128314429,"port":7302,"reachable":true,"wake_lag_us":14252}
{"cookie":18839,"ev":"listen_event","family":2,"kind":"stop","ktime_us":128314432,"port":7302,"reachable":true,"wake_lag_us":14249}
{"cookie":18840,"ev":"listen_event","family":2,"kind":"start","ktime_us":128314448,"port":7302,"reachable":true,"wake_lag_us":14233}
{"cookie":18840,"ev":"listen_event","family":2,"kind":"stop","ktime_us":128314451,"port":7302,"reachable":true,"wake_lag_us":14230}
{"cookie":18841,"ev":"listen_event","family":2,"kind":"start","ktime_us":128314467,"port":7302,"reachable":true,"wake_lag_us":14214}
{"cookie":18841,"ev":"listen_event","family":2,"kind":"stop","ktime_us":128314470,"port":7302,"reachable":true,"wake_lag_us":14211}
{"cookie":18842,"ev":"listen_event","family":2,"kind":"start","ktime_us":128314486,"port":7302,"reachable":true,"wake_lag_us":14195}
{"cookie":18842,"ev":"listen_event","family":2,"kind":"stop","ktime_us":128314489,"port":7302,"reachable":true,"wake_lag_us":14192}
{"cookie":18843,"ev":"listen_event","family":2,"kind":"start","ktime_us":128314505,"port":7302,"reachable":true,"wake_lag_us":14176}
{"cookie":18843,"ev":"listen_event","family":2,"kind":"stop","ktime_us":128314508,"port":7302,"reachable":true,"wake_lag_us":14173}
{"cookie":18844,"ev":"listen_event","family":2,"kind":"start","ktime_us":128314524,"port":7302,"reachable":true,"wake_lag_us":14157}
{"cookie":18844,"ev":"listen_event","family":2,"kind":"stop","ktime_us":128314527,"port":7302,"reachable":true,"wake_lag_us":14154}
{"cookie":18845,"ev":"listen_event","family":2,"kind":"start","ktime_us":128314543,"port":7302,"reachable":true,"wake_lag_us":14138}
{"cookie":18845,"ev":"listen_event","family":2,"kind":"stop","ktime_us":128314546,"port":7302,"reachable":true,"wake_lag_us":14135}
{"cookie":18846,"ev":"listen_event","family":2,"kind":"start","ktime_us":128314562,"port":7302,"reachable":true,"wake_lag_us":14119}
{"cookie":18846,"ev":"listen_event","family":2,"kind":"stop","ktime_us":128314565,"port":7302,"reachable":true,"wake_lag_us":14116}
{"cookie":18847,"ev":"listen_event","family":2,"kind":"start","ktime_us":128314581,"port":7302,"reachable":true,"wake_lag_us":14100}
{"cookie":18847,"ev":"listen_event","family":2,"kind":"stop","ktime_us":128314584,"port":7302,"reachable":true,"wake_lag_us":14097}
{"cookie":18848,"ev":"listen_event","family":2,"kind":"start","ktime_us":128314601,"port":7302,"reachable":true,"wake_lag_us":14080}
{"cookie":18848,"ev":"listen_event","family":2,"kind":"stop","ktime_us":128314604,"port":7302,"reachable":true,"wake_lag_us":14077}
{"cookie":18849,"ev":"listen_event","family":2,"kind":"start","ktime_us":128314620,"port":7302,"reachable":true,"wake_lag_us":14061}
{"cookie":18849,"ev":"listen_event","family":2,"kind":"stop","ktime_us":128314623,"port":7302,"reachable":true,"wake_lag_us":14058}
{"cookie":18850,"ev":"listen_event","family":2,"kind":"start","ktime_us":128314639,"port":7302,"reachable":true,"wake_lag_us":14042}
{"cookie":18850,"ev":"listen_event","family":2,"kind":"stop","ktime_us":128314642,"port":7302,"reachable":true,"wake_lag_us":14039}
{"cookie":18851,"ev":"listen_event","family":2,"kind":"start","ktime_us":128314658,"port":7302,"reachable":true,"wake_lag_us":14023}
{"cookie":18851,"ev":"listen_event","family":2,"kind":"stop","ktime_us":128314661,"port":7302,"reachable":true,"wake_lag_us":14020}
{"cookie":18852,"ev":"listen_event","family":2,"kind":"start","ktime_us":128314677,"port":7302,"reachable":true,"wake_lag_us":14004}
{"cookie":18852,"ev":"listen_event","family":2,"kind":"stop","ktime_us":128314680,"port":7302,"reachable":true,"wake_lag_us":14001}
{"cookie":18853,"ev":"listen_event","family":2,"kind":"start","ktime_us":128314696,"port":7302,"reachable":true,"wake_lag_us":13985}
{"cookie":18853,"ev":"listen_event","family":2,"kind":"stop","ktime_us":128314699,"port":7302,"reachable":true,"wake_lag_us":13982}
{"cookie":18854,"ev":"listen_event","family":2,"kind":"start","ktime_us":128314715,"port":7302,"reachable":true,"wake_lag_us":13966}
{"cookie":18854,"ev":"listen_event","family":2,"kind":"stop","ktime_us":128314718,"port":7302,"reachable":true,"wake_lag_us":13963}
{"cookie":18855,"ev":"listen_event","family":2,"kind":"start","ktime_us":128314734,"port":7302,"reachable":true,"wake_lag_us":13947}
{"cookie":18855,"ev":"listen_event","family":2,"kind":"stop","ktime_us":128314737,"port":7302,"reachable":true,"wake_lag_us":13944}
{"cookie":18856,"ev":"listen_event","family":2,"kind":"start","ktime_us":128314753,"port":7302,"reachable":true,"wake_lag_us":13928}
{"cookie":18856,"ev":"listen_event","family":2,"kind":"stop","ktime_us":128314756,"port":7302,"reachable":true,"wake_lag_us":13925}
{"cookie":18857,"ev":"listen_event","family":2,"kind":"start","ktime_us":128314772,"port":7302,"reachable":true,"wake_lag_us":13909}
{"cookie":19527,"ev":"listen_event","family":2,"kind":"start","ktime_us":128328646,"port":7302,"reachable":true,"wake_lag_us":35}
{"cookie":19527,"ev":"listen_event","family":2,"kind":"stop","ktime_us":128328650,"port":7302,"reachable":true,"wake_lag_us":31}
{"cookie":19528,"ev":"listen_event","family":2,"kind":"start","ktime_us":128328666,"port":7302,"reachable":true,"wake_lag_us":15}
{"cookie":19528,"ev":"listen_event","family":2,"kind":"stop","ktime_us":128328669,"port":7302,"reachable":true,"wake_lag_us":12}
{"cookie":19529,"ev":"listen_event","family":2,"kind":"start","ktime_us":128328685,"port":7302,"reachable":true,"wake_lag_us":83329}
{"cookie":19529,"ev":"listen_event","family":2,"kind":"stop","ktime_us":128328696,"port":7302,"reachable":true,"wake_lag_us":83318}
{"cookie":19530,"ev":"listen_event","family":2,"kind":"start","ktime_us":128328713,"port":7302,"reachable":true,"wake_lag_us":83301}
{"cookie":19530,"ev":"listen_event","family":2,"kind":"stop","ktime_us":128328716,"port":7302,"reachable":true,"wake_lag_us":83298}
{"cookie":19531,"ev":"listen_event","family":2,"kind":"start","ktime_us":128328732,"port":7302,"reachable":true,"wake_lag_us":83282}
{"cookie":19531,"ev":"listen_event","family":2,"kind":"stop","ktime_us":128328735,"port":7302,"reachable":true,"wake_lag_us":83279}
{"cookie":19532,"ev":"listen_event","family":2,"kind":"start","ktime_us":128328751,"port":7302,"reachable":true,"wake_lag_us":83263}
{"cookie":19532,"ev":"listen_event","family":2,"kind":"stop","ktime_us":128328754,"port":7302,"reachable":true,"wake_lag_us":83260}
{"cookie":19533,"ev":"listen_event","family":2,"kind":"start","ktime_us":128328770,"port":7302,"reachable":true,"wake_lag_us":83244}
{"cookie":19533,"ev":"listen_event","family":2,"kind":"stop","ktime_us":128328774,"port":7302,"reachable":true,"wake_lag_us":83240}
{"cookie":19534,"ev":"listen_event","family":2,"kind":"start","ktime_us":128328789,"port":7302,"reachable":true,"wake_lag_us":83225}
{"cookie":19534,"ev":"listen_event","family":2,"kind":"stop","ktime_us":128328793,"port":7302,"reachable":true,"wake_lag_us":83221}
{"cookie":19535,"ev":"listen_event","family":2,"kind":"start","ktime_us":128328809,"port":7302,"reachable":true,"wake_lag_us":83205}
{"cookie":19535,"ev":"listen_event","family":2,"kind":"stop","ktime_us":128328812,"port":7302,"reachable":true,"wake_lag_us":83202}
{"cookie":19536,"ev":"listen_event","family":2,"kind":"start","ktime_us":128328828,"port":7302,"reachable":true,"wake_lag_us":83186}
{"cookie":19536,"ev":"listen_event","family":2,"kind":"stop","ktime_us":128328831,"port":7302,"reachable":true,"wake_lag_us":83183}
{"cookie":19537,"ev":"listen_event","family":2,"kind":"start","ktime_us":128328847,"port":7302,"reachable":true,"wake_lag_us":83167}
{"cookie":19537,"ev":"listen_event","family":2,"kind":"stop","ktime_us":128328850,"port":7302,"reachable":true,"wake_lag_us":83164}
{"cookie":19538,"ev":"listen_event","family":2,"kind":"start","ktime_us":128328866,"port":7302,"reachable":true,"wake_lag_us":83148}
{"cookie":19538,"ev":"listen_event","family":2,"kind":"stop","ktime_us":128328869,"port":7302,"reachable":true,"wake_lag_us":83145}
{"cookie":19539,"ev":"listen_event","family":2,"kind":"start","ktime_us":128328885,"port":7302,"reachable":true,"wake_lag_us":83129}
{"cookie":19539,"ev":"listen_event","family":2,"kind":"stop","ktime_us":128328888,"port":7302,"reachable":true,"wake_lag_us":83126}
{"cookie":19540,"ev":"listen_event","family":2,"kind":"start","ktime_us":128328904,"port":7302,"reachable":true,"wake_lag_us":83110}
{"cookie":19540,"ev":"listen_event","family":2,"kind":"stop","ktime_us":128328908,"port":7302,"reachable":true,"wake_lag_us":83106}
{"cookie":19541,"ev":"listen_event","family":2,"kind":"start","ktime_us":128328924,"port":7302,"reachable":true,"wake_lag_us":83090}
{"cookie":19541,"ev":"listen_event","family":2,"kind":"stop","ktime_us":128328927,"port":7302,"reachable":true,"wake_lag_us":83087}
{"cookie":19542,"ev":"listen_event","family":2,"kind":"start","ktime_us":128328943,"port":7302,"reachable":true,"wake_lag_us":83071}
{"cookie":19542,"ev":"listen_event","family":2,"kind":"stop","ktime_us":128328946,"port":7302,"reachable":true,"wake_lag_us":83068}
{"cookie":19543,"ev":"listen_event","family":2,"kind":"start","ktime_us":128328962,"port":7302,"reachable":true,"wake_lag_us":83052}
{"cookie":19543,"ev":"listen_event","family":2,"kind":"stop","ktime_us":128328965,"port":7302,"reachable":true,"wake_lag_us":83049}
{"cookie":19544,"ev":"listen_event","family":2,"kind":"start","ktime_us":128328981,"port":7302,"reachable":true,"wake_lag_us":83033}
{"cookie":19544,"ev":"listen_event","family":2,"kind":"stop","ktime_us":128328984,"port":7302,"reachable":true,"wake_lag_us":83030}
{"cookie":19545,"ev":"listen_event","family":2,"kind":"start","ktime_us":128329172,"port":7302,"reachable":true,"wake_lag_us":82842}
{"cookie":19545,"ev":"listen_event","family":2,"kind":"stop","ktime_us":128329175,"port":7302,"reachable":true,"wake_lag_us":82839}
{"cookie":19546,"ev":"listen_event","family":2,"kind":"start","ktime_us":128329192,"port":7302,"reachable":true,"wake_lag_us":82822}
{"cookie":19546,"ev":"listen_event","family":2,"kind":"stop","ktime_us":128329195,"port":7302,"reachable":true,"wake_lag_us":82819}
{"cookie":19547,"ev":"listen_event","family":2,"kind":"start","ktime_us":128329211,"port":7302,"reachable":true,"wake_lag_us":82803}
{"cookie":19547,"ev":"listen_event","family":2,"kind":"stop","ktime_us":128329214,"port":7302,"reachable":true,"wake_lag_us":82800}
{"cookie":19548,"ev":"listen_event","family":2,"kind":"start","ktime_us":128329230,"port":7302,"reachable":true,"wake_lag_us":82784}
{"cookie":19548,"ev":"listen_event","family":2,"kind":"stop","ktime_us":128329233,"port":7302,"reachable":true,"wake_lag_us":82781}
{"cookie":19549,"ev":"listen_event","family":2,"kind":"start","ktime_us":128329249,"port":7302,"reachable":true,"wake_lag_us":82765}
{"cookie":19549,"ev":"listen_event","family":2,"kind":"stop","ktime_us":128329252,"port":7302,"reachable":true,"wake_lag_us":82762}
{"cookie":19550,"ev":"listen_event","family":2,"kind":"start","ktime_us":128329268,"port":7302,"reachable":true,"wake_lag_us":82746}
{"cookie":19550,"ev":"listen_event","family":2,"kind":"stop","ktime_us":128329271,"port":7302,"reachable":true,"wake_lag_us":82743}
{"cookie":19551,"ev":"listen_event","family":2,"kind":"start","ktime_us":128329287,"port":7302,"reachable":true,"wake_lag_us":82727}
{"cookie":19551,"ev":"listen_event","family":2,"kind":"stop","ktime_us":128329290,"port":7302,"reachable":true,"wake_lag_us":82724}
{"cookie":19552,"ev":"listen_event","family":2,"kind":"start","ktime_us":128329306,"port":7302,"reachable":true,"wake_lag_us":82708}
{"cookie":19552,"ev":"listen_event","family":2,"kind":"stop","ktime_us":128329309,"port":7302,"reachable":true,"wake_lag_us":82705}
{"cookie":19553,"ev":"listen_event","family":2,"kind":"start","ktime_us":128329325,"port":7302,"reachable":true,"wake_lag_us":82689}
{"cookie":19553,"ev":"listen_event","family":2,"kind":"stop","ktime_us":128329328,"port":7302,"reachable":true,"wake_lag_us":82686}
{"cookie":19554,"ev":"listen_event","family":2,"kind":"start","ktime_us":128329344,"port":7302,"reachable":true,"wake_lag_us":82670}
{"cookie":19554,"ev":"listen_event","family":2,"kind":"stop","ktime_us":128329347,"port":7302,"reachable":true,"wake_lag_us":82667}
{"cookie":19555,"ev":"listen_event","family":2,"kind":"start","ktime_us":128329363,"port":7302,"reachable":true,"wake_lag_us":82651}
{"cookie":19555,"ev":"listen_event","family":2,"kind":"stop","ktime_us":128329367,"port":7302,"reachable":true,"wake_lag_us":82647}
{"cookie":19556,"ev":"listen_event","family":2,"kind":"start","ktime_us":128329382,"port":7302,"reachable":true,"wake_lag_us":82632}
{"cookie":19556,"ev":"listen_event","family":2,"kind":"stop","ktime_us":128329398,"port":7302,"reachable":true,"wake_lag_us":82616}
{"cookie":19557,"ev":"listen_event","family":2,"kind":"start","ktime_us":128329415,"port":7302,"reachable":true,"wake_lag_us":82599}
{"cookie":19557,"ev":"listen_event","family":2,"kind":"stop","ktime_us":128329418,"port":7302,"reachable":true,"wake_lag_us":82596}
{"cookie":19558,"ev":"listen_event","family":2,"kind":"start","ktime_us":128329434,"port":7302,"reachable":true,"wake_lag_us":82580}
{"cookie":19558,"ev":"listen_event","family":2,"kind":"stop","ktime_us":128329437,"port":7302,"reachable":true,"wake_lag_us":82577}
{"cookie":19559,"ev":"listen_event","family":2,"kind":"start","ktime_us":128329453,"port":7302,"reachable":true,"wake_lag_us":82561}
{"cookie":19559,"ev":"listen_event","family":2,"kind":"stop","ktime_us":128329456,"port":7302,"reachable":true,"wake_lag_us":82558}
{"cookie":19560,"ev":"listen_event","family":2,"kind":"start","ktime_us":128329472,"port":7302,"reachable":true,"wake_lag_us":82542}
{"cookie":19560,"ev":"listen_event","family":2,"kind":"stop","ktime_us":128329475,"port":7302,"reachable":true,"wake_lag_us":82539}
{"cookie":19561,"ev":"listen_event","family":2,"kind":"start","ktime_us":128329491,"port":7302,"reachable":true,"wake_lag_us":82523}
{"cookie":19561,"ev":"listen_event","family":2,"kind":"stop","ktime_us":128329494,"port":7302,"reachable":true,"wake_lag_us":82520}
{"cookie":19562,"ev":"listen_event","family":2,"kind":"start","ktime_us":128329510,"port":7302,"reachable":true,"wake_lag_us":82504}
{"cookie":19562,"ev":"listen_event","family":2,"kind":"stop","ktime_us":128329513,"port":7302,"reachable":true,"wake_lag_us":82501}
{"cookie":19563,"ev":"listen_event","family":2,"kind":"start","ktime_us":128329529,"port":7302,"reachable":true,"wake_lag_us":82485}
{"cookie":19563,"ev":"listen_event","family":2,"kind":"stop","ktime_us":128329532,"port":7302,"reachable":true,"wake_lag_us":82482}
{"cookie":19564,"ev":"listen_event","family":2,"kind":"start","ktime_us":128329548,"port":7302,"reachable":true,"wake_lag_us":82466}
{"cookie":19564,"ev":"listen_event","family":2,"kind":"stop","ktime_us":128329551,"port":7302,"reachable":true,"wake_lag_us":82463}
{"cookie":19565,"ev":"listen_event","family":2,"kind":"start","ktime_us":128329567,"port":7302,"reachable":true,"wake_lag_us":82447}
{"cookie":19565,"ev":"listen_event","family":2,"kind":"stop","ktime_us":128329570,"port":7302,"reachable":true,"wake_lag_us":82444}
{"cookie":19566,"ev":"listen_event","family":2,"kind":"start","ktime_us":128329586,"port":7302,"reachable":true,"wake_lag_us":82428}
{"cookie":19566,"ev":"listen_event","family":2,"kind":"stop","ktime_us":128329589,"port":7302,"reachable":true,"wake_lag_us":82425}
{"cookie":19567,"ev":"listen_event","family":2,"kind":"start","ktime_us":128329605,"port":7302,"reachable":true,"wake_lag_us":82409}
{"cookie":19567,"ev":"listen_event","family":2,"kind":"stop","ktime_us":128329608,"port":7302,"reachable":true,"wake_lag_us":82406}
{"cookie":19568,"ev":"listen_event","family":2,"kind":"start","ktime_us":128329624,"port":7302,"reachable":true,"wake_lag_us":82390}
{"cookie":19568,"ev":"listen_event","family":2,"kind":"stop","ktime_us":128329627,"port":7302,"reachable":true,"wake_lag_us":82387}
{"cookie":19569,"ev":"listen_event","family":2,"kind":"start","ktime_us":128329643,"port":7302,"reachable":true,"wake_lag_us":82371}
{"cookie":19569,"ev":"listen_event","family":2,"kind":"stop","ktime_us":128329646,"port":7302,"reachable":true,"wake_lag_us":82368}
{"cookie":19570,"ev":"listen_event","family":2,"kind":"start","ktime_us":128329662,"port":7302,"reachable":true,"wake_lag_us":82352}
{"cookie":19570,"ev":"listen_event","family":2,"kind":"stop","ktime_us":128329665,"port":7302,"reachable":true,"wake_lag_us":82349}
{"cookie":19571,"ev":"listen_event","family":2,"kind":"start","ktime_us":128329681,"port":7302,"reachable":true,"wake_lag_us":82333}
{"cookie":19571,"ev":"listen_event","family":2,"kind":"stop","ktime_us":128329684,"port":7302,"reachable":true,"wake_lag_us":82330}
{"cookie":19572,"ev":"listen_event","family":2,"kind":"start","ktime_us":128329700,"port":7302,"reachable":true,"wake_lag_us":82314}
{"cookie":19572,"ev":"listen_event","family":2,"kind":"stop","ktime_us":128329703,"port":7302,"reachable":true,"wake_lag_us":82311}
{"cookie":19573,"ev":"listen_event","family":2,"kind":"start","ktime_us":128329718,"port":7302,"reachable":true,"wake_lag_us":82296}
{"cookie":19573,"ev":"listen_event","family":2,"kind":"stop","ktime_us":128329722,"port":7302,"reachable":true,"wake_lag_us":82292}
{"cookie":19574,"ev":"listen_event","family":2,"kind":"start","ktime_us":128329737,"port":7302,"reachable":true,"wake_lag_us":82277}
{"cookie":19574,"ev":"listen_event","family":2,"kind":"stop","ktime_us":128329741,"port":7302,"reachable":true,"wake_lag_us":82273}
{"cookie":19575,"ev":"listen_event","family":2,"kind":"start","ktime_us":128329756,"port":7302,"reachable":true,"wake_lag_us":82258}
{"cookie":19575,"ev":"listen_event","family":2,"kind":"stop","ktime_us":128329760,"port":7302,"reachable":true,"wake_lag_us":82254}
{"cookie":19576,"ev":"listen_event","family":2,"kind":"start","ktime_us":128329775,"port":7302,"reachable":true,"wake_lag_us":82239}
{"cookie":19576,"ev":"listen_event","family":2,"kind":"stop","ktime_us":128329778,"port":7302,"reachable":true,"wake_lag_us":82236}
{"cookie":19577,"ev":"listen_event","family":2,"kind":"start","ktime_us":128329794,"port":7302,"reachable":true,"wake_lag_us":82220}
{"cookie":19577,"ev":"listen_event","family":2,"kind":"stop","ktime_us":128329797,"port":7302,"reachable":true,"wake_lag_us":82217}
{"cookie":19578,"ev":"listen_event","family":2,"kind":"start","ktime_us":128329814,"port":7302,"reachable":true,"wake_lag_us":82200}
{"cookie":19578,"ev":"listen_event","family":2,"kind":"stop","ktime_us":128329817,"port":7302,"reachable":true,"wake_lag_us":82197}
{"cookie":19579,"ev":"listen_event","family":2,"kind":"start","ktime_us":128329832,"port":7302,"reachable":true,"wake_lag_us":82182}
{"cookie":19579,"ev":"listen_event","family":2,"kind":"stop","ktime_us":128329836,"port":7302,"reachable":true,"wake_lag_us":82178}
{"cookie":19580,"ev":"listen_event","family":2,"kind":"start","ktime_us":128329851,"port":7302,"reachable":true,"wake_lag_us":82163}
{"cookie":19580,"ev":"listen_event","family":2,"kind":"stop","ktime_us":128329855,"port":7302,"reachable":true,"wake_lag_us":82159}
{"cookie":19581,"ev":"listen_event","family":2,"kind":"start","ktime_us":128329870,"port":7302,"reachable":true,"wake_lag_us":82144}
{"cookie":19581,"ev":"listen_event","family":2,"kind":"stop","ktime_us":128329873,"port":7302,"reachable":true,"wake_lag_us":82141}
{"cookie":19582,"ev":"listen_event","family":2,"kind":"start","ktime_us":128329889,"port":7302,"reachable":true,"wake_lag_us":82125}
{"cookie":19582,"ev":"listen_event","family":2,"kind":"stop","ktime_us":128329892,"port":7302,"reachable":true,"wake_lag_us":82122}
{"cookie":19583,"ev":"listen_event","family":2,"kind":"start","ktime_us":128329908,"port":7302,"reachable":true,"wake_lag_us":82106}
{"cookie":19583,"ev":"listen_event","family":2,"kind":"stop","ktime_us":128329911,"port":7302,"reachable":true,"wake_lag_us":82103}
{"cookie":19584,"ev":"listen_event","family":2,"kind":"start","ktime_us":128329927,"port":7302,"reachable":true,"wake_lag_us":82087}
{"cookie":19584,"ev":"listen_event","family":2,"kind":"stop","ktime_us":128329930,"port":7302,"reachable":true,"wake_lag_us":82084}
{"cookie":19585,"ev":"listen_event","family":2,"kind":"start","ktime_us":128329946,"port":7302,"reachable":true,"wake_lag_us":82068}
{"cookie":19585,"ev":"listen_event","family":2,"kind":"stop","ktime_us":128329949,"port":7302,"reachable":true,"wake_lag_us":82065}
{"cookie":19586,"ev":"listen_event","family":2,"kind":"start","ktime_us":128329965,"port":7302,"reachable":true,"wake_lag_us":82049}
{"cookie":19586,"ev":"listen_event","family":2,"kind":"stop","ktime_us":128329968,"port":7302,"reachable":true,"wake_lag_us":82046}
{"cookie":19587,"ev":"listen_event","family":2,"kind":"start","ktime_us":128329984,"port":7302,"reachable":true,"wake_lag_us":82030}
{"cookie":19587,"ev":"listen_event","family":2,"kind":"stop","ktime_us":128329987,"port":7302,"reachable":true,"wake_lag_us":82027}
{"cookie":19588,"ev":"listen_event","family":2,"kind":"start","ktime_us":128330032,"port":7302,"reachable":true,"wake_lag_us":81982}
{"cookie":19588,"ev":"listen_event","family":2,"kind":"stop","ktime_us":128330036,"port":7302,"reachable":true,"wake_lag_us":81978}
{"cookie":19589,"ev":"listen_event","family":2,"kind":"start","ktime_us":128330052,"port":7302,"reachable":true,"wake_lag_us":81962}
{"cookie":19589,"ev":"listen_event","family":2,"kind":"stop","ktime_us":128330055,"port":7302,"reachable":true,"wake_lag_us":81959}
{"cookie":19590,"ev":"listen_event","family":2,"kind":"start","ktime_us":128330071,"port":7302,"reachable":true,"wake_lag_us":81943}
{"cookie":19590,"ev":"listen_event","family":2,"kind":"stop","ktime_us":128330074,"port":7302,"reachable":true,"wake_lag_us":81940}
{"cookie":19591,"ev":"listen_event","family":2,"kind":"start","ktime_us":128330090,"port":7302,"reachable":true,"wake_lag_us":81924}
{"cookie":19591,"ev":"listen_event","family":2,"kind":"stop","ktime_us":128330093,"port":7302,"reachable":true,"wake_lag_us":81921}
{"cookie":19592,"ev":"listen_event","family":2,"kind":"start","ktime_us":128330109,"port":7302,"reachable":true,"wake_lag_us":81905}
{"cookie":19592,"ev":"listen_event","family":2,"kind":"stop","ktime_us":128330112,"port":7302,"reachable":true,"wake_lag_us":81902}
{"cookie":19593,"ev":"listen_event","family":2,"kind":"start","ktime_us":128330128,"port":7302,"reachable":true,"wake_lag_us":81886}
{"cookie":19593,"ev":"listen_event","family":2,"kind":"stop","ktime_us":128330131,"port":7302,"reachable":true,"wake_lag_us":81883}
{"cookie":19594,"ev":"listen_event","family":2,"kind":"start","ktime_us":128330147,"port":7302,"reachable":true,"wake_lag_us":81867}
{"cookie":19594,"ev":"listen_event","family":2,"kind":"stop","ktime_us":128330150,"port":7302,"reachable":true,"wake_lag_us":81864}
{"cookie":19595,"ev":"listen_event","family":2,"kind":"start","ktime_us":128330166,"port":7302,"reachable":true,"wake_lag_us":81848}
{"cookie":19595,"ev":"listen_event","family":2,"kind":"stop","ktime_us":128330169,"port":7302,"reachable":true,"wake_lag_us":81845}
{"cookie":19596,"ev":"listen_event","family":2,"kind":"start","ktime_us":128330185,"port":7302,"reachable":true,"wake_lag_us":81829}
{"cookie":19596,"ev":"listen_event","family":2,"kind":"stop","ktime_us":128330188,"port":7302,"reachable":true,"wake_lag_us":81826}
{"cookie":19597,"ev":"listen_event","family":2,"kind":"start","ktime_us":128330204,"port":7302,"reachable":true,"wake_lag_us":81810}
{"cookie":19597,"ev":"listen_event","family":2,"kind":"stop","ktime_us":128330207,"port":7302,"reachable":true,"wake_lag_us":81807}
{"cookie":19598,"ev":"listen_event","family":2,"kind":"start","ktime_us":128330223,"port":7302,"reachable":true,"wake_lag_us":81791}
{"cookie":19598,"ev":"listen_event","family":2,"kind":"stop","ktime_us":128330226,"port":7302,"reachable":true,"wake_lag_us":81788}
{"cookie":19599,"ev":"listen_event","family":2,"kind":"start","ktime_us":128330242,"port":7302,"reachable":true,"wake_lag_us":81772}
{"cookie":19599,"ev":"listen_event","family":2,"kind":"stop","ktime_us":128330245,"port":7302,"reachable":true,"wake_lag_us":81769}
{"cookie":19600,"ev":"listen_event","family":2,"kind":"start","ktime_us":128330261,"port":7302,"reachable":true,"wake_lag_us":81753}
{"cookie":19600,"ev":"listen_event","family":2,"kind":"stop","ktime_us":128330264,"port":7302,"reachable":true,"wake_lag_us":81750}
{"cookie":19601,"ev":"listen_event","family":2,"kind":"start","ktime_us":128330280,"port":7302,"reachable":true,"wake_lag_us":81734}
{"cookie":19601,"ev":"listen_event","family":2,"kind":"stop","ktime_us":128330283,"port":7302,"reachable":true,"wake_lag_us":81731}
{"cookie":19602,"ev":"listen_event","family":2,"kind":"start","ktime_us":128330299,"port":7302,"reachable":true,"wake_lag_us":81715}
{"cookie":19602,"ev":"listen_event","family":2,"kind":"stop","ktime_us":128330302,"port":7302,"reachable":true,"wake_lag_us":81712}
{"cookie":19603,"ev":"listen_event","family":2,"kind":"start","ktime_us":128330318,"port":7302,"reachable":true,"wake_lag_us":81696}
{"cookie":19603,"ev":"listen_event","family":2,"kind":"stop","ktime_us":128330321,"port":7302,"reachable":true,"wake_lag_us":81693}
{"cookie":19604,"ev":"listen_event","family":2,"kind":"start","ktime_us":128330337,"port":7302,"reachable":true,"wake_lag_us":81677}
{"cookie":19604,"ev":"listen_event","family":2,"kind":"stop","ktime_us":128330340,"port":7302,"reachable":true,"wake_lag_us":81674}
{"cookie":19605,"ev":"listen_event","family":2,"kind":"start","ktime_us":128330356,"port":7302,"reachable":true,"wake_lag_us":81658}
{"cookie":19605,"ev":"listen_event","family":2,"kind":"stop","ktime_us":128330359,"port":7302,"reachable":true,"wake_lag_us":81655}
{"cookie":19606,"ev":"listen_event","family":2,"kind":"start","ktime_us":128330375,"port":7302,"reachable":true,"wake_lag_us":81639}
{"cookie":19606,"ev":"listen_event","family":2,"kind":"stop","ktime_us":128330378,"port":7302,"reachable":true,"wake_lag_us":81636}
{"cookie":19607,"ev":"listen_event","family":2,"kind":"start","ktime_us":128330404,"port":7302,"reachable":true,"wake_lag_us":81610}
{"cookie":19607,"ev":"listen_event","family":2,"kind":"stop","ktime_us":128330407,"port":7302,"reachable":true,"wake_lag_us":81607}
{"cookie":19608,"ev":"listen_event","family":2,"kind":"start","ktime_us":128330423,"port":7302,"reachable":true,"wake_lag_us":81591}
{"cookie":19608,"ev":"listen_event","family":2,"kind":"stop","ktime_us":128330426,"port":7302,"reachable":true,"wake_lag_us":81588}
{"cookie":19609,"ev":"listen_event","family":2,"kind":"start","ktime_us":128330442,"port":7302,"reachable":true,"wake_lag_us":81572}
{"cookie":19609,"ev":"listen_event","family":2,"kind":"stop","ktime_us":128330445,"port":7302,"reachable":true,"wake_lag_us":81569}
{"cookie":19610,"ev":"listen_event","family":2,"kind":"start","ktime_us":128330461,"port":7302,"reachable":true,"wake_lag_us":81553}
{"cookie":19610,"ev":"listen_event","family":2,"kind":"stop","ktime_us":128330464,"port":7302,"reachable":true,"wake_lag_us":81550}
{"cookie":19611,"ev":"listen_event","family":2,"kind":"start","ktime_us":128330480,"port":7302,"reachable":true,"wake_lag_us":81534}
{"cookie":19611,"ev":"listen_event","family":2,"kind":"stop","ktime_us":128330483,"port":7302,"reachable":true,"wake_lag_us":81531}
{"cookie":19612,"ev":"listen_event","family":2,"kind":"start","ktime_us":128330499,"port":7302,"reachable":true,"wake_lag_us":81515}
{"cookie":19612,"ev":"listen_event","family":2,"kind":"stop","ktime_us":128330502,"port":7302,"reachable":true,"wake_lag_us":81512}
{"cookie":19613,"ev":"listen_event","family":2,"kind":"start","ktime_us":128330518,"port":7302,"reachable":true,"wake_lag_us":81496}
{"cookie":19613,"ev":"listen_event","family":2,"kind":"stop","ktime_us":128330521,"port":7302,"reachable":true,"wake_lag_us":81493}
{"cookie":19614,"ev":"listen_event","family":2,"kind":"start","ktime_us":128330537,"port":7302,"reachable":true,"wake_lag_us":81477}
{"cookie":19614,"ev":"listen_event","family":2,"kind":"stop","ktime_us":128330540,"port":7302,"reachable":true,"wake_lag_us":81474}
{"cookie":19615,"ev":"listen_event","family":2,"kind":"start","ktime_us":128330556,"port":7302,"reachable":true,"wake_lag_us":81458}
{"cookie":19615,"ev":"listen_event","family":2,"kind":"stop","ktime_us":128330560,"port":7302,"reachable":true,"wake_lag_us":81454}
{"cookie":19616,"ev":"listen_event","family":2,"kind":"start","ktime_us":128330575,"port":7302,"reachable":true,"wake_lag_us":81439}
{"cookie":19616,"ev":"listen_event","family":2,"kind":"stop","ktime_us":128330579,"port":7302,"reachable":true,"wake_lag_us":81435}
{"cookie":19617,"ev":"listen_event","family":2,"kind":"start","ktime_us":128330594,"port":7302,"reachable":true,"wake_lag_us":81420}
{"cookie":19617,"ev":"listen_event","family":2,"kind":"stop","ktime_us":128330598,"port":7302,"reachable":true,"wake_lag_us":81416}
{"cookie":19618,"ev":"listen_event","family":2,"kind":"start","ktime_us":128330613,"port":7302,"reachable":true,"wake_lag_us":81401}
{"cookie":19618,"ev":"listen_event","family":2,"kind":"stop","ktime_us":128330617,"port":7302,"reachable":true,"wake_lag_us":81397}
{"cookie":19619,"ev":"listen_event","family":2,"kind":"start","ktime_us":128330633,"port":7302,"reachable":true,"wake_lag_us":81381}
{"cookie":19619,"ev":"listen_event","family":2,"kind":"stop","ktime_us":128330636,"port":7302,"reachable":true,"wake_lag_us":81378}
{"cookie":19620,"ev":"listen_event","family":2,"kind":"start","ktime_us":128330652,"port":7302,"reachable":true,"wake_lag_us":81362}
{"cookie":19620,"ev":"listen_event","family":2,"kind":"stop","ktime_us":128330655,"port":7302,"reachable":true,"wake_lag_us":81359}
{"cookie":19621,"ev":"listen_event","family":2,"kind":"start","ktime_us":128330671,"port":7302,"reachable":true,"wake_lag_us":81343}
{"cookie":19621,"ev":"listen_event","family":2,"kind":"stop","ktime_us":128330674,"port":7302,"reachable":true,"wake_lag_us":81340}
{"cookie":19622,"ev":"listen_event","family":2,"kind":"start","ktime_us":128330690,"port":7302,"reachable":true,"wake_lag_us":81324}
{"cookie":19622,"ev":"listen_event","family":2,"kind":"stop","ktime_us":128330693,"port":7302,"reachable":true,"wake_lag_us":81321}
{"cookie":19623,"ev":"listen_event","family":2,"kind":"start","ktime_us":128330709,"port":7302,"reachable":true,"wake_lag_us":81305}
{"cookie":19623,"ev":"listen_event","family":2,"kind":"stop","ktime_us":128330712,"port":7302,"reachable":true,"wake_lag_us":81302}
{"cookie":19624,"ev":"listen_event","family":2,"kind":"start","ktime_us":128330728,"port":7302,"reachable":true,"wake_lag_us":81286}
{"cookie":19624,"ev":"listen_event","family":2,"kind":"stop","ktime_us":128330731,"port":7302,"reachable":true,"wake_lag_us":81283}
{"cookie":19625,"ev":"listen_event","family":2,"kind":"start","ktime_us":128330747,"port":7302,"reachable":true,"wake_lag_us":81267}
{"cookie":19625,"ev":"listen_event","family":2,"kind":"stop","ktime_us":128330750,"port":7302,"reachable":true,"wake_lag_us":81264}
{"cookie":19626,"ev":"listen_event","family":2,"kind":"start","ktime_us":128330766,"port":7302,"reachable":true,"wake_lag_us":81248}
{"cookie":19626,"ev":"listen_event","family":2,"kind":"stop","ktime_us":128330769,"port":7302,"reachable":true,"wake_lag_us":81245}
{"cookie":19627,"ev":"listen_event","family":2,"kind":"start","ktime_us":128330785,"port":7302,"reachable":true,"wake_lag_us":81229}
{"cookie":19627,"ev":"listen_event","family":2,"kind":"stop","ktime_us":128330788,"port":7302,"reachable":true,"wake_lag_us":81226}
{"cookie":19628,"ev":"listen_event","family":2,"kind":"start","ktime_us":128330804,"port":7302,"reachable":true,"wake_lag_us":81210}
{"cookie":19628,"ev":"listen_event","family":2,"kind":"stop","ktime_us":128330807,"port":7302,"reachable":true,"wake_lag_us":81207}
{"cookie":19629,"ev":"listen_event","family":2,"kind":"start","ktime_us":128330823,"port":7302,"reachable":true,"wake_lag_us":81191}
{"cookie":19629,"ev":"listen_event","family":2,"kind":"stop","ktime_us":128330826,"port":7302,"reachable":true,"wake_lag_us":81188}
{"cookie":19630,"ev":"listen_event","family":2,"kind":"start","ktime_us":128330842,"port":7302,"reachable":true,"wake_lag_us":81172}
{"cookie":19630,"ev":"listen_event","family":2,"kind":"stop","ktime_us":128330845,"port":7302,"reachable":true,"wake_lag_us":81169}
{"cookie":19631,"ev":"listen_event","family":2,"kind":"start","ktime_us":128330861,"port":7302,"reachable":true,"wake_lag_us":81153}
{"cookie":19631,"ev":"listen_event","family":2,"kind":"stop","ktime_us":128330864,"port":7302,"reachable":true,"wake_lag_us":81150}
{"cookie":19632,"ev":"listen_event","family":2,"kind":"start","ktime_us":128330880,"port":7302,"reachable":true,"wake_lag_us":81134}
{"cookie":19632,"ev":"listen_event","family":2,"kind":"stop","ktime_us":128330883,"port":7302,"reachable":true,"wake_lag_us":81131}
{"cookie":19633,"ev":"listen_event","family":2,"kind":"start","ktime_us":128330899,"port":7302,"reachable":true,"wake_lag_us":81115}
{"cookie":19633,"ev":"listen_event","family":2,"kind":"stop","ktime_us":128330902,"port":7302,"reachable":true,"wake_lag_us":81112}
{"cookie":19634,"ev":"listen_event","family":2,"kind":"start","ktime_us":128330918,"port":7302,"reachable":true,"wake_lag_us":81096}
{"cookie":19634,"ev":"listen_event","family":2,"kind":"stop","ktime_us":128330921,"port":7302,"reachable":true,"wake_lag_us":81093}
{"cookie":19635,"ev":"listen_event","family":2,"kind":"start","ktime_us":128330937,"port":7302,"reachable":true,"wake_lag_us":81077}
{"cookie":19635,"ev":"listen_event","family":2,"kind":"stop","ktime_us":128330941,"port":7302,"reachable":true,"wake_lag_us":81073}
{"cookie":19636,"ev":"listen_event","family":2,"kind":"start","ktime_us":128330956,"port":7302,"reachable":true,"wake_lag_us":81058}
{"cookie":19636,"ev":"listen_event","family":2,"kind":"stop","ktime_us":128330960,"port":7302,"reachable":true,"wake_lag_us":81054}
{"cookie":19637,"ev":"listen_event","family":2,"kind":"start","ktime_us":128330975,"port":7302,"reachable":true,"wake_lag_us":81039}
{"cookie":19637,"ev":"listen_event","family":2,"kind":"stop","ktime_us":128330979,"port":7302,"reachable":true,"wake_lag_us":81035}
{"cookie":19638,"ev":"listen_event","family":2,"kind":"start","ktime_us":128330995,"port":7302,"reachable":true,"wake_lag_us":81019}
{"cookie":19638,"ev":"listen_event","family":2,"kind":"stop","ktime_us":128331112,"port":7302,"reachable":true,"wake_lag_us":80902}
{"cookie":19639,"ev":"listen_event","family":2,"kind":"start","ktime_us":128331129,"port":7302,"reachable":true,"wake_lag_us":80885}
{"cookie":19639,"ev":"listen_event","family":2,"kind":"stop","ktime_us":128331132,"port":7302,"reachable":true,"wake_lag_us":80882}
{"cookie":19640,"ev":"listen_event","family":2,"kind":"start","ktime_us":128331148,"port":7302,"reachable":true,"wake_lag_us":80866}
{"cookie":19640,"ev":"listen_event","family":2,"kind":"stop","ktime_us":128331151,"port":7302,"reachable":true,"wake_lag_us":80863}
{"cookie":19641,"ev":"listen_event","family":2,"kind":"start","ktime_us":128331167,"port":7302,"reachable":true,"wake_lag_us":80847}
{"cookie":19641,"ev":"listen_event","family":2,"kind":"stop","ktime_us":128331170,"port":7302,"reachable":true,"wake_lag_us":80844}
{"cookie":19642,"ev":"listen_event","family":2,"kind":"start","ktime_us":128331186,"port":7302,"reachable":true,"wake_lag_us":80828}
{"cookie":19642,"ev":"listen_event","family":2,"kind":"stop","ktime_us":128331189,"port":7302,"reachable":true,"wake_lag_us":80825}
{"cookie":19643,"ev":"listen_event","family":2,"kind":"start","ktime_us":128331205,"port":7302,"reachable":true,"wake_lag_us":80809}
{"cookie":19643,"ev":"listen_event","family":2,"kind":"stop","ktime_us":128331208,"port":7302,"reachable":true,"wake_lag_us":80806}
{"cookie":19644,"ev":"listen_event","family":2,"kind":"start","ktime_us":128331223,"port":7302,"reachable":true,"wake_lag_us":80791}
{"cookie":19644,"ev":"listen_event","family":2,"kind":"stop","ktime_us":128331227,"port":7302,"reachable":true,"wake_lag_us":80787}
{"cookie":19645,"ev":"listen_event","family":2,"kind":"start","ktime_us":128331242,"port":7302,"reachable":true,"wake_lag_us":80772}
{"cookie":19645,"ev":"listen_event","family":2,"kind":"stop","ktime_us":128331245,"port":7302,"reachable":true,"wake_lag_us":80769}
{"cookie":19646,"ev":"listen_event","family":2,"kind":"start","ktime_us":128331261,"port":7302,"reachable":true,"wake_lag_us":80753}
{"cookie":19646,"ev":"listen_event","family":2,"kind":"stop","ktime_us":128331264,"port":7302,"reachable":true,"wake_lag_us":80750}
{"cookie":19647,"ev":"listen_event","family":2,"kind":"start","ktime_us":128331280,"port":7302,"reachable":true,"wake_lag_us":80734}
{"cookie":19647,"ev":"listen_event","family":2,"kind":"stop","ktime_us":128331283,"port":7302,"reachable":true,"wake_lag_us":80731}
{"cookie":19648,"ev":"listen_event","family":2,"kind":"start","ktime_us":128331299,"port":7302,"reachable":true,"wake_lag_us":80715}
{"cookie":19648,"ev":"listen_event","family":2,"kind":"stop","ktime_us":128331302,"port":7302,"reachable":true,"wake_lag_us":80712}
{"cookie":19649,"ev":"listen_event","family":2,"kind":"start","ktime_us":128331318,"port":7302,"reachable":true,"wake_lag_us":80696}
{"cookie":19649,"ev":"listen_event","family":2,"kind":"stop","ktime_us":128331321,"port":7302,"reachable":true,"wake_lag_us":80693}
{"cookie":19650,"ev":"listen_event","family":2,"kind":"start","ktime_us":128331337,"port":7302,"reachable":true,"wake_lag_us":80677}
{"cookie":19650,"ev":"listen_event","family":2,"kind":"stop","ktime_us":128331340,"port":7302,"reachable":true,"wake_lag_us":80674}
{"cookie":19651,"ev":"listen_event","family":2,"kind":"start","ktime_us":128331356,"port":7302,"reachable":true,"wake_lag_us":80658}
{"cookie":19651,"ev":"listen_event","family":2,"kind":"stop","ktime_us":128331359,"port":7302,"reachable":true,"wake_lag_us":80655}
{"cookie":19652,"ev":"listen_event","family":2,"kind":"start","ktime_us":128331375,"port":7302,"reachable":true,"wake_lag_us":80639}
{"cookie":19652,"ev":"listen_event","family":2,"kind":"stop","ktime_us":128331378,"port":7302,"reachable":true,"wake_lag_us":80636}
{"cookie":19653,"ev":"listen_event","family":2,"kind":"start","ktime_us":128331408,"port":7302,"reachable":true,"wake_lag_us":80606}
{"cookie":19653,"ev":"listen_event","family":2,"kind":"stop","ktime_us":128331411,"port":7302,"reachable":true,"wake_lag_us":80603}
{"cookie":19654,"ev":"listen_event","family":2,"kind":"start","ktime_us":128331427,"port":7302,"reachable":true,"wake_lag_us":80587}
{"cookie":19654,"ev":"listen_event","family":2,"kind":"stop","ktime_us":128331430,"port":7302,"reachable":true,"wake_lag_us":80584}
{"cookie":19655,"ev":"listen_event","family":2,"kind":"start","ktime_us":128331446,"port":7302,"reachable":true,"wake_lag_us":80568}
{"cookie":19655,"ev":"listen_event","family":2,"kind":"stop","ktime_us":128331450,"port":7302,"reachable":true,"wake_lag_us":80564}
{"cookie":19656,"ev":"listen_event","family":2,"kind":"start","ktime_us":128331465,"port":7302,"reachable":true,"wake_lag_us":80549}
{"cookie":19656,"ev":"listen_event","family":2,"kind":"stop","ktime_us":128331469,"port":7302,"reachable":true,"wake_lag_us":80545}
{"cookie":19657,"ev":"listen_event","family":2,"kind":"start","ktime_us":128331484,"port":7302,"reachable":true,"wake_lag_us":80530}
{"cookie":19657,"ev":"listen_event","family":2,"kind":"stop","ktime_us":128331488,"port":7302,"reachable":true,"wake_lag_us":80526}
{"cookie":19658,"ev":"listen_event","family":2,"kind":"start","ktime_us":128331503,"port":7302,"reachable":true,"wake_lag_us":80511}
{"cookie":19658,"ev":"listen_event","family":2,"kind":"stop","ktime_us":128331507,"port":7302,"reachable":true,"wake_lag_us":80507}
{"cookie":19659,"ev":"listen_event","family":2,"kind":"start","ktime_us":128331522,"port":7302,"reachable":true,"wake_lag_us":80492}
{"cookie":19659,"ev":"listen_event","family":2,"kind":"stop","ktime_us":128331526,"port":7302,"reachable":true,"wake_lag_us":80488}
{"cookie":19660,"ev":"listen_event","family":2,"kind":"start","ktime_us":128331542,"port":7302,"reachable":true,"wake_lag_us":80472}
{"cookie":19660,"ev":"listen_event","family":2,"kind":"stop","ktime_us":128331545,"port":7302,"reachable":true,"wake_lag_us":80469}
{"cookie":19661,"ev":"listen_event","family":2,"kind":"start","ktime_us":128331561,"port":7302,"reachable":true,"wake_lag_us":80453}
{"cookie":19661,"ev":"listen_event","family":2,"kind":"stop","ktime_us":128331564,"port":7302,"reachable":true,"wake_lag_us":80450}
{"cookie":19662,"ev":"listen_event","family":2,"kind":"start","ktime_us":128331580,"port":7302,"reachable":true,"wake_lag_us":80434}
{"cookie":19662,"ev":"listen_event","family":2,"kind":"stop","ktime_us":128331583,"port":7302,"reachable":true,"wake_lag_us":80431}
{"cookie":19663,"ev":"listen_event","family":2,"kind":"start","ktime_us":128331599,"port":7302,"reachable":true,"wake_lag_us":80415}
{"cookie":19663,"ev":"listen_event","family":2,"kind":"stop","ktime_us":128331602,"port":7302,"reachable":true,"wake_lag_us":80412}
{"cookie":19664,"ev":"listen_event","family":2,"kind":"start","ktime_us":128331618,"port":7302,"reachable":true,"wake_lag_us":80396}
{"cookie":19664,"ev":"listen_event","family":2,"kind":"stop","ktime_us":128331621,"port":7302,"reachable":true,"wake_lag_us":80393}
{"cookie":19665,"ev":"listen_event","family":2,"kind":"start","ktime_us":128331637,"port":7302,"reachable":true,"wake_lag_us":80377}
{"cookie":19665,"ev":"listen_event","family":2,"kind":"stop","ktime_us":128331640,"port":7302,"reachable":true,"wake_lag_us":80374}
{"cookie":19666,"ev":"listen_event","family":2,"kind":"start","ktime_us":128331656,"port":7302,"reachable":true,"wake_lag_us":80358}
{"cookie":19666,"ev":"listen_event","family":2,"kind":"stop","ktime_us":128331659,"port":7302,"reachable":true,"wake_lag_us":80355}
{"cookie":19667,"ev":"listen_event","family":2,"kind":"start","ktime_us":128331673,"port":7302,"reachable":true,"wake_lag_us":80341}
{"cookie":19667,"ev":"listen_event","family":2,"kind":"stop","ktime_us":128331675,"port":7302,"reachable":true,"wake_lag_us":80339}
{"cookie":19668,"ev":"listen_event","family":2,"kind":"start","ktime_us":128331688,"port":7302,"reachable":true,"wake_lag_us":80326}
{"cookie":19668,"ev":"listen_event","family":2,"kind":"stop","ktime_us":128331690,"port":7302,"reachable":true,"wake_lag_us":80324}
{"cookie":19669,"ev":"listen_event","family":2,"kind":"start","ktime_us":128331703,"port":7302,"reachable":true,"wake_lag_us":80311}
{"cookie":19669,"ev":"listen_event","family":2,"kind":"stop","ktime_us":128331705,"port":7302,"reachable":true,"wake_lag_us":80309}
{"cookie":19670,"ev":"listen_event","family":2,"kind":"start","ktime_us":128331718,"port":7302,"reachable":true,"wake_lag_us":80296}
{"cookie":19670,"ev":"listen_event","family":2,"kind":"stop","ktime_us":128331720,"port":7302,"reachable":true,"wake_lag_us":80294}
{"cookie":19671,"ev":"listen_event","family":2,"kind":"start","ktime_us":128331733,"port":7302,"reachable":true,"wake_lag_us":80281}
{"cookie":19671,"ev":"listen_event","family":2,"kind":"stop","ktime_us":128331735,"port":7302,"reachable":true,"wake_lag_us":80279}
{"cookie":19672,"ev":"listen_event","family":2,"kind":"start","ktime_us":128331748,"port":7302,"reachable":true,"wake_lag_us":80266}
{"cookie":19672,"ev":"listen_event","family":2,"kind":"stop","ktime_us":128331750,"port":7302,"reachable":true,"wake_lag_us":80264}
{"cookie":19673,"ev":"listen_event","family":2,"kind":"start","ktime_us":128331763,"port":7302,"reachable":true,"wake_lag_us":80251}
{"cookie":19673,"ev":"listen_event","family":2,"kind":"stop","ktime_us":128331766,"port":7302,"reachable":true,"wake_lag_us":80248}
{"cookie":19674,"ev":"listen_event","family":2,"kind":"start","ktime_us":128331778,"port":7302,"reachable":true,"wake_lag_us":80236}
{"cookie":19674,"ev":"listen_event","family":2,"kind":"stop","ktime_us":128331781,"port":7302,"reachable":true,"wake_lag_us":80233}
{"cookie":19675,"ev":"listen_event","family":2,"kind":"start","ktime_us":128331793,"port":7302,"reachable":true,"wake_lag_us":80221}
{"cookie":19675,"ev":"listen_event","family":2,"kind":"stop","ktime_us":128331796,"port":7302,"reachable":true,"wake_lag_us":80218}
{"cookie":19676,"ev":"listen_event","family":2,"kind":"start","ktime_us":128331808,"port":7302,"reachable":true,"wake_lag_us":80206}
{"cookie":19676,"ev":"listen_event","family":2,"kind":"stop","ktime_us":128331811,"port":7302,"reachable":true,"wake_lag_us":80203}
{"cookie":19677,"ev":"listen_event","family":2,"kind":"start","ktime_us":128331823,"port":7302,"reachable":true,"wake_lag_us":80191}
{"cookie":19677,"ev":"listen_event","family":2,"kind":"stop","ktime_us":128331826,"port":7302,"reachable":true,"wake_lag_us":80188}
{"cookie":19678,"ev":"listen_event","family":2,"kind":"start","ktime_us":128331838,"port":7302,"reachable":true,"wake_lag_us":80176}
{"cookie":19678,"ev":"listen_event","family":2,"kind":"stop","ktime_us":128331841,"port":7302,"reachable":true,"wake_lag_us":80173}
{"cookie":19679,"ev":"listen_event","family":2,"kind":"start","ktime_us":128331853,"port":7302,"reachable":true,"wake_lag_us":80161}
{"cookie":19679,"ev":"listen_event","family":2,"kind":"stop","ktime_us":128331856,"port":7302,"reachable":true,"wake_lag_us":80158}
{"cookie":19680,"ev":"listen_event","family":2,"kind":"start","ktime_us":128331868,"port":7302,"reachable":true,"wake_lag_us":80146}
{"cookie":19680,"ev":"listen_event","family":2,"kind":"stop","ktime_us":128331871,"port":7302,"reachable":true,"wake_lag_us":80143}
{"cookie":19681,"ev":"listen_event","family":2,"kind":"start","ktime_us":128331883,"port":7302,"reachable":true,"wake_lag_us":80131}
{"cookie":19681,"ev":"listen_event","family":2,"kind":"stop","ktime_us":128331886,"port":7302,"reachable":true,"wake_lag_us":80128}
{"cookie":19682,"ev":"listen_event","family":2,"kind":"start","ktime_us":128331898,"port":7302,"reachable":true,"wake_lag_us":80116}
{"cookie":19682,"ev":"listen_event","family":2,"kind":"stop","ktime_us":128331901,"port":7302,"reachable":true,"wake_lag_us":80113}
{"cookie":19683,"ev":"listen_event","family":2,"kind":"start","ktime_us":128331913,"port":7302,"reachable":true,"wake_lag_us":80101}
{"cookie":19683,"ev":"listen_event","family":2,"kind":"stop","ktime_us":128331916,"port":7302,"reachable":true,"wake_lag_us":80098}
{"cookie":19684,"ev":"listen_event","family":2,"kind":"start","ktime_us":128331928,"port":7302,"reachable":true,"wake_lag_us":80086}
{"cookie":19684,"ev":"listen_event","family":2,"kind":"stop","ktime_us":128331931,"port":7302,"reachable":true,"wake_lag_us":80083}
{"cookie":19685,"ev":"listen_event","family":2,"kind":"start","ktime_us":128331943,"port":7302,"reachable":true,"wake_lag_us":80071}
{"cookie":19685,"ev":"listen_event","family":2,"kind":"stop","ktime_us":128331946,"port":7302,"reachable":true,"wake_lag_us":80068}
{"cookie":19686,"ev":"listen_event","family":2,"kind":"start","ktime_us":128331958,"port":7302,"reachable":true,"wake_lag_us":80056}
{"cookie":19686,"ev":"listen_event","family":2,"kind":"stop","ktime_us":128331961,"port":7302,"reachable":true,"wake_lag_us":80053}
{"cookie":19687,"ev":"listen_event","family":2,"kind":"start","ktime_us":128331974,"port":7302,"reachable":true,"wake_lag_us":80040}
{"cookie":19687,"ev":"listen_event","family":2,"kind":"stop","ktime_us":128331976,"port":7302,"reachable":true,"wake_lag_us":80038}
{"cookie":19688,"ev":"listen_event","family":2,"kind":"start","ktime_us":128331989,"port":7302,"reachable":true,"wake_lag_us":80025}
{"cookie":19688,"ev":"listen_event","family":2,"kind":"stop","ktime_us":128331991,"port":7302,"reachable":true,"wake_lag_us":80023}
{"cookie":19689,"ev":"listen_event","family":2,"kind":"start","ktime_us":128332025,"port":7302,"reachable":true,"wake_lag_us":79989}
{"cookie":19689,"ev":"listen_event","family":2,"kind":"stop","ktime_us":128332027,"port":7302,"reachable":true,"wake_lag_us":79987}
{"cookie":19690,"ev":"listen_event","family":2,"kind":"start","ktime_us":128332040,"port":7302,"reachable":true,"wake_lag_us":79974}
{"cookie":19690,"ev":"listen_event","family":2,"kind":"stop","ktime_us":128332042,"port":7302,"reachable":true,"wake_lag_us":79972}
{"cookie":19691,"ev":"listen_event","family":2,"kind":"start","ktime_us":128332055,"port":7302,"reachable":true,"wake_lag_us":79959}
{"cookie":19691,"ev":"listen_event","family":2,"kind":"stop","ktime_us":128332057,"port":7302,"reachable":true,"wake_lag_us":79957}
{"cookie":19692,"ev":"listen_event","family":2,"kind":"start","ktime_us":128332070,"port":7302,"reachable":true,"wake_lag_us":79944}
{"cookie":19692,"ev":"listen_event","family":2,"kind":"stop","ktime_us":128332073,"port":7302,"reachable":true,"wake_lag_us":79941}
{"cookie":19693,"ev":"listen_event","family":2,"kind":"start","ktime_us":128332085,"port":7302,"reachable":true,"wake_lag_us":79929}
{"cookie":19693,"ev":"listen_event","family":2,"kind":"stop","ktime_us":128332088,"port":7302,"reachable":true,"wake_lag_us":79926}
{"cookie":19694,"ev":"listen_event","family":2,"kind":"start","ktime_us":128332100,"port":7302,"reachable":true,"wake_lag_us":79914}
{"cookie":19694,"ev":"listen_event","family":2,"kind":"stop","ktime_us":128332103,"port":7302,"reachable":true,"wake_lag_us":79911}
{"cookie":19695,"ev":"listen_event","family":2,"kind":"start","ktime_us":128332115,"port":7302,"reachable":true,"wake_lag_us":79899}
{"cookie":19695,"ev":"listen_event","family":2,"kind":"stop","ktime_us":128332118,"port":7302,"reachable":true,"wake_lag_us":79896}
{"cookie":19696,"ev":"listen_event","family":2,"kind":"start","ktime_us":128332130,"port":7302,"reachable":true,"wake_lag_us":79884}
{"cookie":19696,"ev":"listen_event","family":2,"kind":"stop","ktime_us":128332133,"port":7302,"reachable":true,"wake_lag_us":79881}
{"cookie":19697,"ev":"listen_event","family":2,"kind":"start","ktime_us":128332145,"port":7302,"reachable":true,"wake_lag_us":79869}
{"cookie":19697,"ev":"listen_event","family":2,"kind":"stop","ktime_us":128332147,"port":7302,"reachable":true,"wake_lag_us":79867}
{"cookie":19698,"ev":"listen_event","family":2,"kind":"start","ktime_us":128332160,"port":7302,"reachable":true,"wake_lag_us":79854}
{"cookie":19698,"ev":"listen_event","family":2,"kind":"stop","ktime_us":128332163,"port":7302,"reachable":true,"wake_lag_us":79851}
{"cookie":19699,"ev":"listen_event","family":2,"kind":"start","ktime_us":128332175,"port":7302,"reachable":true,"wake_lag_us":79839}
{"cookie":19699,"ev":"listen_event","family":2,"kind":"stop","ktime_us":128332178,"port":7302,"reachable":true,"wake_lag_us":79836}
{"cookie":19700,"ev":"listen_event","family":2,"kind":"start","ktime_us":128332190,"port":7302,"reachable":true,"wake_lag_us":79824}
{"cookie":19700,"ev":"listen_event","family":2,"kind":"stop","ktime_us":128332193,"port":7302,"reachable":true,"wake_lag_us":79821}
{"cookie":19701,"ev":"listen_event","family":2,"kind":"start","ktime_us":128332205,"port":7302,"reachable":true,"wake_lag_us":79809}
{"cookie":19701,"ev":"listen_event","family":2,"kind":"stop","ktime_us":128332208,"port":7302,"reachable":true,"wake_lag_us":79806}
{"cookie":19702,"ev":"listen_event","family":2,"kind":"start","ktime_us":128332220,"port":7302,"reachable":true,"wake_lag_us":79794}
{"cookie":19702,"ev":"listen_event","family":2,"kind":"stop","ktime_us":128332223,"port":7302,"reachable":true,"wake_lag_us":79791}
{"cookie":19703,"ev":"listen_event","family":2,"kind":"start","ktime_us":128332235,"port":7302,"reachable":true,"wake_lag_us":79779}
{"cookie":19703,"ev":"listen_event","family":2,"kind":"stop","ktime_us":128332238,"port":7302,"reachable":true,"wake_lag_us":79776}
{"cookie":19704,"ev":"listen_event","family":2,"kind":"start","ktime_us":128332250,"port":7302,"reachable":true,"wake_lag_us":79764}
{"cookie":19704,"ev":"listen_event","family":2,"kind":"stop","ktime_us":128332253,"port":7302,"reachable":true,"wake_lag_us":79761}
{"cookie":19705,"ev":"listen_event","family":2,"kind":"start","ktime_us":128332265,"port":7302,"reachable":true,"wake_lag_us":79749}
{"cookie":19705,"ev":"listen_event","family":2,"kind":"stop","ktime_us":128332268,"port":7302,"reachable":true,"wake_lag_us":79746}
{"cookie":19706,"ev":"listen_event","family":2,"kind":"start","ktime_us":128332280,"port":7302,"reachable":true,"wake_lag_us":79734}
{"cookie":19706,"ev":"listen_event","family":2,"kind":"stop","ktime_us":128332282,"port":7302,"reachable":true,"wake_lag_us":79732}
{"cookie":19707,"ev":"listen_event","family":2,"kind":"start","ktime_us":128332295,"port":7302,"reachable":true,"wake_lag_us":79719}
{"cookie":19707,"ev":"listen_event","family":2,"kind":"stop","ktime_us":128332297,"port":7302,"reachable":true,"wake_lag_us":79717}
{"cookie":19708,"ev":"listen_event","family":2,"kind":"start","ktime_us":128332310,"port":7302,"reachable":true,"wake_lag_us":79704}
{"cookie":19708,"ev":"listen_event","family":2,"kind":"stop","ktime_us":128332312,"port":7302,"reachable":true,"wake_lag_us":79702}
{"cookie":19709,"ev":"listen_event","family":2,"kind":"start","ktime_us":128332325,"port":7302,"reachable":true,"wake_lag_us":79689}
{"cookie":19709,"ev":"listen_event","family":2,"kind":"stop","ktime_us":128332327,"port":7302,"reachable":true,"wake_lag_us":79687}
{"cookie":19710,"ev":"listen_event","family":2,"kind":"start","ktime_us":128332340,"port":7302,"reachable":true,"wake_lag_us":79674}
{"cookie":19710,"ev":"listen_event","family":2,"kind":"stop","ktime_us":128332342,"port":7302,"reachable":true,"wake_lag_us":79672}
{"cookie":19711,"ev":"listen_event","family":2,"kind":"start","ktime_us":128332355,"port":7302,"reachable":true,"wake_lag_us":79659}
{"cookie":19711,"ev":"listen_event","family":2,"kind":"stop","ktime_us":128332358,"port":7302,"reachable":true,"wake_lag_us":79656}
{"cookie":19712,"ev":"listen_event","family":2,"kind":"start","ktime_us":128332370,"port":7302,"reachable":true,"wake_lag_us":79644}
{"cookie":19712,"ev":"listen_event","family":2,"kind":"stop","ktime_us":128332373,"port":7302,"reachable":true,"wake_lag_us":79641}
{"cookie":19713,"ev":"listen_event","family":2,"kind":"start","ktime_us":128332385,"port":7302,"reachable":true,"wake_lag_us":79629}
{"cookie":19713,"ev":"listen_event","family":2,"kind":"stop","ktime_us":128332399,"port":7302,"reachable":true,"wake_lag_us":79615}
{"cookie":19714,"ev":"listen_event","family":2,"kind":"start","ktime_us":128332412,"port":7302,"reachable":true,"wake_lag_us":79602}
{"cookie":19714,"ev":"listen_event","family":2,"kind":"stop","ktime_us":128332414,"port":7302,"reachable":true,"wake_lag_us":79600}
{"cookie":19715,"ev":"listen_event","family":2,"kind":"start","ktime_us":128332427,"port":7302,"reachable":true,"wake_lag_us":79587}
{"cookie":19715,"ev":"listen_event","family":2,"kind":"stop","ktime_us":128332429,"port":7302,"reachable":true,"wake_lag_us":79585}
{"cookie":19716,"ev":"listen_event","family":2,"kind":"start","ktime_us":128332442,"port":7302,"reachable":true,"wake_lag_us":79572}
{"cookie":19716,"ev":"listen_event","family":2,"kind":"stop","ktime_us":128332445,"port":7302,"reachable":true,"wake_lag_us":79569}
{"cookie":19717,"ev":"listen_event","family":2,"kind":"start","ktime_us":128332457,"port":7302,"reachable":true,"wake_lag_us":79557}
{"cookie":19717,"ev":"listen_event","family":2,"kind":"stop","ktime_us":128332460,"port":7302,"reachable":true,"wake_lag_us":79554}
{"cookie":19718,"ev":"listen_event","family":2,"kind":"start","ktime_us":128332473,"port":7302,"reachable":true,"wake_lag_us":79541}
{"cookie":19718,"ev":"listen_event","family":2,"kind":"stop","ktime_us":128332475,"port":7302,"reachable":true,"wake_lag_us":79539}
{"cookie":19719,"ev":"listen_event","family":2,"kind":"start","ktime_us":128332487,"port":7302,"reachable":true,"wake_lag_us":79527}
{"cookie":19719,"ev":"listen_event","family":2,"kind":"stop","ktime_us":128332490,"port":7302,"reachable":true,"wake_lag_us":79524}
{"cookie":19720,"ev":"listen_event","family":2,"kind":"start","ktime_us":128332502,"port":7302,"reachable":true,"wake_lag_us":79512}
{"cookie":19720,"ev":"listen_event","family":2,"kind":"stop","ktime_us":128332505,"port":7302,"reachable":true,"wake_lag_us":79509}
{"cookie":19721,"ev":"listen_event","family":2,"kind":"start","ktime_us":128332518,"port":7302,"reachable":true,"wake_lag_us":79496}
{"cookie":19721,"ev":"listen_event","family":2,"kind":"stop","ktime_us":128332520,"port":7302,"reachable":true,"wake_lag_us":79494}
{"cookie":19722,"ev":"listen_event","family":2,"kind":"start","ktime_us":128332533,"port":7302,"reachable":true,"wake_lag_us":79481}
{"cookie":19722,"ev":"listen_event","family":2,"kind":"stop","ktime_us":128332535,"port":7302,"reachable":true,"wake_lag_us":79479}
{"cookie":19723,"ev":"listen_event","family":2,"kind":"start","ktime_us":128332548,"port":7302,"reachable":true,"wake_lag_us":79466}
{"cookie":19723,"ev":"listen_event","family":2,"kind":"stop","ktime_us":128332550,"port":7302,"reachable":true,"wake_lag_us":79464}
{"cookie":19724,"ev":"listen_event","family":2,"kind":"start","ktime_us":128332563,"port":7302,"reachable":true,"wake_lag_us":79451}
{"cookie":19724,"ev":"listen_event","family":2,"kind":"stop","ktime_us":128332565,"port":7302,"reachable":true,"wake_lag_us":79449}
{"cookie":19725,"ev":"listen_event","family":2,"kind":"start","ktime_us":128332578,"port":7302,"reachable":true,"wake_lag_us":79436}
{"cookie":19725,"ev":"listen_event","family":2,"kind":"stop","ktime_us":128332580,"port":7302,"reachable":true,"wake_lag_us":79434}
{"cookie":19726,"ev":"listen_event","family":2,"kind":"start","ktime_us":128332593,"port":7302,"reachable":true,"wake_lag_us":79421}
{"cookie":19726,"ev":"listen_event","family":2,"kind":"stop","ktime_us":128332595,"port":7302,"reachable":true,"wake_lag_us":79419}
{"cookie":19727,"ev":"listen_event","family":2,"kind":"start","ktime_us":128332608,"port":7302,"reachable":true,"wake_lag_us":79406}
{"cookie":19727,"ev":"listen_event","family":2,"kind":"stop","ktime_us":128332610,"port":7302,"reachable":true,"wake_lag_us":79404}
{"cookie":19728,"ev":"listen_event","family":2,"kind":"start","ktime_us":128332623,"port":7302,"reachable":true,"wake_lag_us":79391}
{"cookie":19728,"ev":"listen_event","family":2,"kind":"stop","ktime_us":128332625,"port":7302,"reachable":true,"wake_lag_us":79389}
{"cookie":19729,"ev":"listen_event","family":2,"kind":"start","ktime_us":128332638,"port":7302,"reachable":true,"wake_lag_us":79376}
{"cookie":19729,"ev":"listen_event","family":2,"kind":"stop","ktime_us":128332640,"port":7302,"reachable":true,"wake_lag_us":79374}
{"cookie":19730,"ev":"listen_event","family":2,"kind":"start","ktime_us":128332653,"port":7302,"reachable":true,"wake_lag_us":79361}
{"cookie":19730,"ev":"listen_event","family":2,"kind":"stop","ktime_us":128332656,"port":7302,"reachable":true,"wake_lag_us":79358}
{"cookie":19731,"ev":"listen_event","family":2,"kind":"start","ktime_us":128332668,"port":7302,"reachable":true,"wake_lag_us":79346}
{"cookie":19731,"ev":"listen_event","family":2,"kind":"stop","ktime_us":128332671,"port":7302,"reachable":true,"wake_lag_us":79343}
{"cookie":19732,"ev":"listen_event","family":2,"kind":"start","ktime_us":128332684,"port":7302,"reachable":true,"wake_lag_us":79330}
{"cookie":19732,"ev":"listen_event","family":2,"kind":"stop","ktime_us":128332686,"port":7302,"reachable":true,"wake_lag_us":79328}
{"cookie":19733,"ev":"listen_event","family":2,"kind":"start","ktime_us":128332699,"port":7302,"reachable":true,"wake_lag_us":79315}
{"cookie":19733,"ev":"listen_event","family":2,"kind":"stop","ktime_us":128332701,"port":7302,"reachable":true,"wake_lag_us":79313}
{"cookie":19734,"ev":"listen_event","family":2,"kind":"start","ktime_us":128332714,"port":7302,"reachable":true,"wake_lag_us":79300}
{"cookie":19734,"ev":"listen_event","family":2,"kind":"stop","ktime_us":128332716,"port":7302,"reachable":true,"wake_lag_us":79298}
{"cookie":19735,"ev":"listen_event","family":2,"kind":"start","ktime_us":128332729,"port":7302,"reachable":true,"wake_lag_us":79285}
{"cookie":19735,"ev":"listen_event","family":2,"kind":"stop","ktime_us":128332731,"port":7302,"reachable":true,"wake_lag_us":79283}
{"cookie":19736,"ev":"listen_event","family":2,"kind":"start","ktime_us":128332744,"port":7302,"reachable":true,"wake_lag_us":79270}
{"cookie":19736,"ev":"listen_event","family":2,"kind":"stop","ktime_us":128332746,"port":7302,"reachable":true,"wake_lag_us":79268}
{"cookie":19737,"ev":"listen_event","family":2,"kind":"start","ktime_us":128332759,"port":7302,"reachable":true,"wake_lag_us":79255}
{"cookie":19737,"ev":"listen_event","family":2,"kind":"stop","ktime_us":128332761,"port":7302,"reachable":true,"wake_lag_us":79253}
{"cookie":19738,"ev":"listen_event","family":2,"kind":"start","ktime_us":128332774,"port":7302,"reachable":true,"wake_lag_us":79240}
{"cookie":19738,"ev":"listen_event","family":2,"kind":"stop","ktime_us":128332777,"port":7302,"reachable":true,"wake_lag_us":79237}
{"cookie":19739,"ev":"listen_event","family":2,"kind":"start","ktime_us":128332789,"port":7302,"reachable":true,"wake_lag_us":79225}
{"cookie":19739,"ev":"listen_event","family":2,"kind":"stop","ktime_us":128332792,"port":7302,"reachable":true,"wake_lag_us":79222}
{"cookie":19740,"ev":"listen_event","family":2,"kind":"start","ktime_us":128332804,"port":7302,"reachable":true,"wake_lag_us":79210}
{"cookie":19740,"ev":"listen_event","family":2,"kind":"stop","ktime_us":128332807,"port":7302,"reachable":true,"wake_lag_us":79207}
{"cookie":19741,"ev":"listen_event","family":2,"kind":"start","ktime_us":128332819,"port":7302,"reachable":true,"wake_lag_us":79195}
{"cookie":19741,"ev":"listen_event","family":2,"kind":"stop","ktime_us":128332822,"port":7302,"reachable":true,"wake_lag_us":79192}
{"cookie":19742,"ev":"listen_event","family":2,"kind":"start","ktime_us":128332834,"port":7302,"reachable":true,"wake_lag_us":79180}
{"cookie":19742,"ev":"listen_event","family":2,"kind":"stop","ktime_us":128332837,"port":7302,"reachable":true,"wake_lag_us":79177}
{"cookie":19743,"ev":"listen_event","family":2,"kind":"start","ktime_us":128332849,"port":7302,"reachable":true,"wake_lag_us":79165}
{"cookie":19743,"ev":"listen_event","family":2,"kind":"stop","ktime_us":128332852,"port":7302,"reachable":true,"wake_lag_us":79162}
{"cookie":19744,"ev":"listen_event","family":2,"kind":"start","ktime_us":128332865,"port":7302,"reachable":true,"wake_lag_us":79149}
{"cookie":19744,"ev":"listen_event","family":2,"kind":"stop","ktime_us":128332867,"port":7302,"reachable":true,"wake_lag_us":79147}
{"cookie":19745,"ev":"listen_event","family":2,"kind":"start","ktime_us":128332880,"port":7302,"reachable":true,"wake_lag_us":79134}
{"cookie":19745,"ev":"listen_event","family":2,"kind":"stop","ktime_us":128332882,"port":7302,"reachable":true,"wake_lag_us":79132}
{"cookie":19746,"ev":"listen_event","family":2,"kind":"start","ktime_us":128332895,"port":7302,"reachable":true,"wake_lag_us":79119}
{"cookie":19746,"ev":"listen_event","family":2,"kind":"stop","ktime_us":128332897,"port":7302,"reachable":true,"wake_lag_us":79117}
{"cookie":19747,"ev":"listen_event","family":2,"kind":"start","ktime_us":128332910,"port":7302,"reachable":true,"wake_lag_us":79104}
{"cookie":19747,"ev":"listen_event","family":2,"kind":"stop","ktime_us":128332913,"port":7302,"reachable":true,"wake_lag_us":79101}
{"cookie":19748,"ev":"listen_event","family":2,"kind":"start","ktime_us":128332925,"port":7302,"reachable":true,"wake_lag_us":79089}
{"cookie":19748,"ev":"listen_event","family":2,"kind":"stop","ktime_us":128332928,"port":7302,"reachable":true,"wake_lag_us":79086}
{"cookie":19749,"ev":"listen_event","family":2,"kind":"start","ktime_us":128332940,"port":7302,"reachable":true,"wake_lag_us":79074}
{"cookie":19749,"ev":"listen_event","family":2,"kind":"stop","ktime_us":128332943,"port":7302,"reachable":true,"wake_lag_us":79071}
{"cookie":19750,"ev":"listen_event","family":2,"kind":"start","ktime_us":128332955,"port":7302,"reachable":true,"wake_lag_us":79059}
{"cookie":19750,"ev":"listen_event","family":2,"kind":"stop","ktime_us":128332958,"port":7302,"reachable":true,"wake_lag_us":79056}
{"cookie":19751,"ev":"listen_event","family":2,"kind":"start","ktime_us":128332970,"port":7302,"reachable":true,"wake_lag_us":79044}
{"cookie":19751,"ev":"listen_event","family":2,"kind":"stop","ktime_us":128332973,"port":7302,"reachable":true,"wake_lag_us":79041}
{"cookie":19752,"ev":"listen_event","family":2,"kind":"start","ktime_us":128332985,"port":7302,"reachable":true,"wake_lag_us":79029}
{"cookie":19752,"ev":"listen_event","family":2,"kind":"stop","ktime_us":128332988,"port":7302,"reachable":true,"wake_lag_us":79026}
{"cookie":19753,"ev":"listen_event","family":2,"kind":"start","ktime_us":128333090,"port":7302,"reachable":true,"wake_lag_us":78924}
{"cookie":19753,"ev":"listen_event","family":2,"kind":"stop","ktime_us":128333092,"port":7302,"reachable":true,"wake_lag_us":78922}
{"cookie":19754,"ev":"listen_event","family":2,"kind":"start","ktime_us":128333105,"port":7302,"reachable":true,"wake_lag_us":78909}
{"cookie":19754,"ev":"listen_event","family":2,"kind":"stop","ktime_us":128333108,"port":7302,"reachable":true,"wake_lag_us":78906}
{"cookie":19755,"ev":"listen_event","family":2,"kind":"start","ktime_us":128333120,"port":7302,"reachable":true,"wake_lag_us":78894}
{"cookie":19755,"ev":"listen_event","family":2,"kind":"stop","ktime_us":128333123,"port":7302,"reachable":true,"wake_lag_us":78891}
{"cookie":19756,"ev":"listen_event","family":2,"kind":"start","ktime_us":128333135,"port":7302,"reachable":true,"wake_lag_us":78879}
{"cookie":19756,"ev":"listen_event","family":2,"kind":"stop","ktime_us":128333138,"port":7302,"reachable":true,"wake_lag_us":78876}
{"cookie":19757,"ev":"listen_event","family":2,"kind":"start","ktime_us":128333150,"port":7302,"reachable":true,"wake_lag_us":78864}
{"cookie":19757,"ev":"listen_event","family":2,"kind":"stop","ktime_us":128333153,"port":7302,"reachable":true,"wake_lag_us":78861}
{"cookie":19758,"ev":"listen_event","family":2,"kind":"start","ktime_us":128333165,"port":7302,"reachable":true,"wake_lag_us":78849}
{"cookie":19758,"ev":"listen_event","family":2,"kind":"stop","ktime_us":128333168,"port":7302,"reachable":true,"wake_lag_us":78846}
{"cookie":19759,"ev":"listen_event","family":2,"kind":"start","ktime_us":128333180,"port":7302,"reachable":true,"wake_lag_us":78834}
{"cookie":19759,"ev":"listen_event","family":2,"kind":"stop","ktime_us":128333183,"port":7302,"reachable":true,"wake_lag_us":78831}
{"cookie":19760,"ev":"listen_event","family":2,"kind":"start","ktime_us":128333195,"port":7302,"reachable":true,"wake_lag_us":78819}
{"cookie":19760,"ev":"listen_event","family":2,"kind":"stop","ktime_us":128333198,"port":7302,"reachable":true,"wake_lag_us":78816}
{"cookie":19761,"ev":"listen_event","family":2,"kind":"start","ktime_us":128333210,"port":7302,"reachable":true,"wake_lag_us":78804}
{"cookie":19761,"ev":"listen_event","family":2,"kind":"stop","ktime_us":128333213,"port":7302,"reachable":true,"wake_lag_us":78801}
{"cookie":19762,"ev":"listen_event","family":2,"kind":"start","ktime_us":128333225,"port":7302,"reachable":true,"wake_lag_us":78789}
{"cookie":19762,"ev":"listen_event","family":2,"kind":"stop","ktime_us":128333228,"port":7302,"reachable":true,"wake_lag_us":78786}
{"cookie":19763,"ev":"listen_event","family":2,"kind":"start","ktime_us":128333240,"port":7302,"reachable":true,"wake_lag_us":78774}
{"cookie":19763,"ev":"listen_event","family":2,"kind":"stop","ktime_us":128333243,"port":7302,"reachable":true,"wake_lag_us":78771}
{"cookie":19764,"ev":"listen_event","family":2,"kind":"start","ktime_us":128333255,"port":7302,"reachable":true,"wake_lag_us":78759}
{"cookie":19764,"ev":"listen_event","family":2,"kind":"stop","ktime_us":128333258,"port":7302,"reachable":true,"wake_lag_us":78756}
{"cookie":19765,"ev":"listen_event","family":2,"kind":"start","ktime_us":128333270,"port":7302,"reachable":true,"wake_lag_us":78744}
{"cookie":19765,"ev":"listen_event","family":2,"kind":"stop","ktime_us":128333273,"port":7302,"reachable":true,"wake_lag_us":78741}
{"cookie":19766,"ev":"listen_event","family":2,"kind":"start","ktime_us":128333285,"port":7302,"reachable":true,"wake_lag_us":78729}
{"cookie":19766,"ev":"listen_event","family":2,"kind":"stop","ktime_us":128333288,"port":7302,"reachable":true,"wake_lag_us":78726}
{"cookie":19767,"ev":"listen_event","family":2,"kind":"start","ktime_us":128333300,"port":7302,"reachable":true,"wake_lag_us":78714}
{"cookie":19767,"ev":"listen_event","family":2,"kind":"stop","ktime_us":128333303,"port":7302,"reachable":true,"wake_lag_us":78711}
{"cookie":19768,"ev":"listen_event","family":2,"kind":"start","ktime_us":128333316,"port":7302,"reachable":true,"wake_lag_us":78698}
{"cookie":19768,"ev":"listen_event","family":2,"kind":"stop","ktime_us":128333318,"port":7302,"reachable":true,"wake_lag_us":78696}
{"cookie":19769,"ev":"listen_event","family":2,"kind":"start","ktime_us":128333331,"port":7302,"reachable":true,"wake_lag_us":78683}
{"cookie":19769,"ev":"listen_event","family":2,"kind":"stop","ktime_us":128333333,"port":7302,"reachable":true,"wake_lag_us":78681}
{"cookie":19770,"ev":"listen_event","family":2,"kind":"start","ktime_us":128333346,"port":7302,"reachable":true,"wake_lag_us":78668}
{"cookie":19770,"ev":"listen_event","family":2,"kind":"stop","ktime_us":128333348,"port":7302,"reachable":true,"wake_lag_us":78666}
{"cookie":19771,"ev":"listen_event","family":2,"kind":"start","ktime_us":128333361,"port":7302,"reachable":true,"wake_lag_us":78653}
{"cookie":19771,"ev":"listen_event","family":2,"kind":"stop","ktime_us":128333363,"port":7302,"reachable":true,"wake_lag_us":78651}
{"cookie":19772,"ev":"listen_event","family":2,"kind":"start","ktime_us":128333376,"port":7302,"reachable":true,"wake_lag_us":78638}
{"cookie":19772,"ev":"listen_event","family":2,"kind":"stop","ktime_us":128333378,"port":7302,"reachable":true,"wake_lag_us":78636}
{"cookie":19773,"ev":"listen_event","family":2,"kind":"start","ktime_us":128333400,"port":7302,"reachable":true,"wake_lag_us":78614}
{"cookie":19773,"ev":"listen_event","family":2,"kind":"stop","ktime_us":128333403,"port":7302,"reachable":true,"wake_lag_us":78611}
{"cookie":19774,"ev":"listen_event","family":2,"kind":"start","ktime_us":128333416,"port":7302,"reachable":true,"wake_lag_us":78598}
{"cookie":19774,"ev":"listen_event","family":2,"kind":"stop","ktime_us":128333418,"port":7302,"reachable":true,"wake_lag_us":78596}
{"cookie":19775,"ev":"listen_event","family":2,"kind":"start","ktime_us":128333431,"port":7302,"reachable":true,"wake_lag_us":78583}
{"cookie":19775,"ev":"listen_event","family":2,"kind":"stop","ktime_us":128333433,"port":7302,"reachable":true,"wake_lag_us":78581}
{"cookie":19776,"ev":"listen_event","family":2,"kind":"start","ktime_us":128333446,"port":7302,"reachable":true,"wake_lag_us":78568}
{"cookie":19776,"ev":"listen_event","family":2,"kind":"stop","ktime_us":128333448,"port":7302,"reachable":true,"wake_lag_us":78566}
{"cookie":19777,"ev":"listen_event","family":2,"kind":"start","ktime_us":128333461,"port":7302,"reachable":true,"wake_lag_us":78553}
{"cookie":19777,"ev":"listen_event","family":2,"kind":"stop","ktime_us":128333463,"port":7302,"reachable":true,"wake_lag_us":78551}
{"cookie":19778,"ev":"listen_event","family":2,"kind":"start","ktime_us":128333476,"port":7302,"reachable":true,"wake_lag_us":78538}
{"cookie":19778,"ev":"listen_event","family":2,"kind":"stop","ktime_us":128333478,"port":7302,"reachable":true,"wake_lag_us":78536}
{"cookie":19779,"ev":"listen_event","family":2,"kind":"start","ktime_us":128333491,"port":7302,"reachable":true,"wake_lag_us":78523}
{"cookie":19779,"ev":"listen_event","family":2,"kind":"stop","ktime_us":128333493,"port":7302,"reachable":true,"wake_lag_us":78521}
{"cookie":19780,"ev":"listen_event","family":2,"kind":"start","ktime_us":128333506,"port":7302,"reachable":true,"wake_lag_us":78508}
{"cookie":19780,"ev":"listen_event","family":2,"kind":"stop","ktime_us":128333509,"port":7302,"reachable":true,"wake_lag_us":78505}
{"cookie":19781,"ev":"listen_event","family":2,"kind":"start","ktime_us":128333521,"port":7302,"reachable":true,"wake_lag_us":78493}
{"cookie":19781,"ev":"listen_event","family":2,"kind":"stop","ktime_us":128333524,"port":7302,"reachable":true,"wake_lag_us":78490}
{"cookie":19782,"ev":"listen_event","family":2,"kind":"start","ktime_us":128333536,"port":7302,"reachable":true,"wake_lag_us":78478}
{"cookie":19782,"ev":"listen_event","family":2,"kind":"stop","ktime_us":128333539,"port":7302,"reachable":true,"wake_lag_us":78475}
{"cookie":19783,"ev":"listen_event","family":2,"kind":"start","ktime_us":128333552,"port":7302,"reachable":true,"wake_lag_us":78462}
{"cookie":19783,"ev":"listen_event","family":2,"kind":"stop","ktime_us":128333554,"port":7302,"reachable":true,"wake_lag_us":78460}
{"cookie":19784,"ev":"listen_event","family":2,"kind":"start","ktime_us":128333567,"port":7302,"reachable":true,"wake_lag_us":78447}
{"cookie":19784,"ev":"listen_event","family":2,"kind":"stop","ktime_us":128333569,"port":7302,"reachable":true,"wake_lag_us":78445}
{"cookie":19785,"ev":"listen_event","family":2,"kind":"start","ktime_us":128333582,"port":7302,"reachable":true,"wake_lag_us":78432}
{"cookie":19785,"ev":"listen_event","family":2,"kind":"stop","ktime_us":128333584,"port":7302,"reachable":true,"wake_lag_us":78430}
{"cookie":19786,"ev":"listen_event","family":2,"kind":"start","ktime_us":128333597,"port":7302,"reachable":true,"wake_lag_us":78417}
{"cookie":19786,"ev":"listen_event","family":2,"kind":"stop","ktime_us":128333599,"port":7302,"reachable":true,"wake_lag_us":78415}
{"cookie":19787,"ev":"listen_event","family":2,"kind":"start","ktime_us":128333612,"port":7302,"reachable":true,"wake_lag_us":78402}
{"cookie":19787,"ev":"listen_event","family":2,"kind":"stop","ktime_us":128333614,"port":7302,"reachable":true,"wake_lag_us":78400}
{"cookie":19788,"ev":"listen_event","family":2,"kind":"start","ktime_us":128333626,"port":7302,"reachable":true,"wake_lag_us":78388}
{"cookie":19788,"ev":"listen_event","family":2,"kind":"stop","ktime_us":128333629,"port":7302,"reachable":true,"wake_lag_us":78385}
{"cookie":19789,"ev":"listen_event","family":2,"kind":"start","ktime_us":128333642,"port":7302,"reachable":true,"wake_lag_us":78372}
{"cookie":19789,"ev":"listen_event","family":2,"kind":"stop","ktime_us":128333644,"port":7302,"reachable":true,"wake_lag_us":78370}
{"cookie":19790,"ev":"listen_event","family":2,"kind":"start","ktime_us":128333657,"port":7302,"reachable":true,"wake_lag_us":78357}
{"cookie":19790,"ev":"listen_event","family":2,"kind":"stop","ktime_us":128333659,"port":7302,"reachable":true,"wake_lag_us":78355}
{"cookie":19791,"ev":"listen_event","family":2,"kind":"start","ktime_us":128333672,"port":7302,"reachable":true,"wake_lag_us":78342}
{"cookie":19791,"ev":"listen_event","family":2,"kind":"stop","ktime_us":128333674,"port":7302,"reachable":true,"wake_lag_us":78340}
{"cookie":19792,"ev":"listen_event","family":2,"kind":"start","ktime_us":128333687,"port":7302,"reachable":true,"wake_lag_us":78327}
{"cookie":19792,"ev":"listen_event","family":2,"kind":"stop","ktime_us":128333689,"port":7302,"reachable":true,"wake_lag_us":78325}
{"cookie":19793,"ev":"listen_event","family":2,"kind":"start","ktime_us":128333702,"port":7302,"reachable":true,"wake_lag_us":78312}
{"cookie":19793,"ev":"listen_event","family":2,"kind":"stop","ktime_us":128333704,"port":7302,"reachable":true,"wake_lag_us":78310}
{"cookie":19794,"ev":"listen_event","family":2,"kind":"start","ktime_us":128333717,"port":7302,"reachable":true,"wake_lag_us":78297}
{"cookie":19794,"ev":"listen_event","family":2,"kind":"stop","ktime_us":128333719,"port":7302,"reachable":true,"wake_lag_us":78295}
{"cookie":19795,"ev":"listen_event","family":2,"kind":"start","ktime_us":128333732,"port":7302,"reachable":true,"wake_lag_us":78282}
{"cookie":19795,"ev":"listen_event","family":2,"kind":"stop","ktime_us":128333734,"port":7302,"reachable":true,"wake_lag_us":78280}
{"cookie":19796,"ev":"listen_event","family":2,"kind":"start","ktime_us":128333747,"port":7302,"reachable":true,"wake_lag_us":78267}
{"cookie":19796,"ev":"listen_event","family":2,"kind":"stop","ktime_us":128333750,"port":7302,"reachable":true,"wake_lag_us":78264}
{"cookie":19797,"ev":"listen_event","family":2,"kind":"start","ktime_us":128333762,"port":7302,"reachable":true,"wake_lag_us":78252}
{"cookie":19797,"ev":"listen_event","family":2,"kind":"stop","ktime_us":128333764,"port":7302,"reachable":true,"wake_lag_us":78250}
{"cookie":19798,"ev":"listen_event","family":2,"kind":"start","ktime_us":128333777,"port":7302,"reachable":true,"wake_lag_us":78237}
{"cookie":19798,"ev":"listen_event","family":2,"kind":"stop","ktime_us":128333779,"port":7302,"reachable":true,"wake_lag_us":78235}
{"cookie":19799,"ev":"listen_event","family":2,"kind":"start","ktime_us":128333792,"port":7302,"reachable":true,"wake_lag_us":78222}
{"cookie":19799,"ev":"listen_event","family":2,"kind":"stop","ktime_us":128333794,"port":7302,"reachable":true,"wake_lag_us":78220}
{"cookie":19800,"ev":"listen_event","family":2,"kind":"start","ktime_us":128333807,"port":7302,"reachable":true,"wake_lag_us":78207}
{"cookie":19800,"ev":"listen_event","family":2,"kind":"stop","ktime_us":128333809,"port":7302,"reachable":true,"wake_lag_us":78205}
{"cookie":19801,"ev":"listen_event","family":2,"kind":"start","ktime_us":128333822,"port":7302,"reachable":true,"wake_lag_us":78192}
{"cookie":19801,"ev":"listen_event","family":2,"kind":"stop","ktime_us":128333824,"port":7302,"reachable":true,"wake_lag_us":78190}
{"cookie":19802,"ev":"listen_event","family":2,"kind":"start","ktime_us":128333837,"port":7302,"reachable":true,"wake_lag_us":78177}
{"cookie":19802,"ev":"listen_event","family":2,"kind":"stop","ktime_us":128333839,"port":7302,"reachable":true,"wake_lag_us":78175}
{"cookie":19803,"ev":"listen_event","family":2,"kind":"start","ktime_us":128333852,"port":7302,"reachable":true,"wake_lag_us":78162}
{"cookie":19803,"ev":"listen_event","family":2,"kind":"stop","ktime_us":128333854,"port":7302,"reachable":true,"wake_lag_us":78160}
{"cookie":19804,"ev":"listen_event","family":2,"kind":"start","ktime_us":128333867,"port":7302,"reachable":true,"wake_lag_us":78147}
{"cookie":19804,"ev":"listen_event","family":2,"kind":"stop","ktime_us":128333870,"port":7302,"reachable":true,"wake_lag_us":78144}
{"cookie":19805,"ev":"listen_event","family":2,"kind":"start","ktime_us":128333882,"port":7302,"reachable":true,"wake_lag_us":78132}
{"cookie":19805,"ev":"listen_event","family":2,"kind":"stop","ktime_us":128333885,"port":7302,"reachable":true,"wake_lag_us":78129}
{"cookie":19806,"ev":"listen_event","family":2,"kind":"start","ktime_us":128333897,"port":7302,"reachable":true,"wake_lag_us":78117}
{"cookie":19806,"ev":"listen_event","family":2,"kind":"stop","ktime_us":128333900,"port":7302,"reachable":true,"wake_lag_us":78114}
{"cookie":19807,"ev":"listen_event","family":2,"kind":"start","ktime_us":128333912,"port":7302,"reachable":true,"wake_lag_us":78102}
{"cookie":19807,"ev":"listen_event","family":2,"kind":"stop","ktime_us":128333915,"port":7302,"reachable":true,"wake_lag_us":78099}
{"cookie":19808,"ev":"listen_event","family":2,"kind":"start","ktime_us":128333927,"port":7302,"reachable":true,"wake_lag_us":78087}
{"cookie":19808,"ev":"listen_event","family":2,"kind":"stop","ktime_us":128333930,"port":7302,"reachable":true,"wake_lag_us":78084}
{"cookie":19809,"ev":"listen_event","family":2,"kind":"start","ktime_us":128333942,"port":7302,"reachable":true,"wake_lag_us":78072}
{"cookie":19809,"ev":"listen_event","family":2,"kind":"stop","ktime_us":128333945,"port":7302,"reachable":true,"wake_lag_us":78069}
{"cookie":19810,"ev":"listen_event","family":2,"kind":"start","ktime_us":128333957,"port":7302,"reachable":true,"wake_lag_us":78057}
{"cookie":19810,"ev":"listen_event","family":2,"kind":"stop","ktime_us":128333960,"port":7302,"reachable":true,"wake_lag_us":78054}
{"cookie":19811,"ev":"listen_event","family":2,"kind":"start","ktime_us":128333972,"port":7302,"reachable":true,"wake_lag_us":78042}
{"cookie":19811,"ev":"listen_event","family":2,"kind":"stop","ktime_us":128333975,"port":7302,"reachable":true,"wake_lag_us":78039}
{"cookie":19812,"ev":"listen_event","family":2,"kind":"start","ktime_us":128333988,"port":7302,"reachable":true,"wake_lag_us":78026}
{"cookie":19812,"ev":"listen_event","family":2,"kind":"stop","ktime_us":128333990,"port":7302,"reachable":true,"wake_lag_us":78024}
{"cookie":19813,"ev":"listen_event","family":2,"kind":"start","ktime_us":128334024,"port":7302,"reachable":true,"wake_lag_us":77990}
{"cookie":19813,"ev":"listen_event","family":2,"kind":"stop","ktime_us":128334026,"port":7302,"reachable":true,"wake_lag_us":77988}
{"cookie":19814,"ev":"listen_event","family":2,"kind":"start","ktime_us":128334039,"port":7302,"reachable":true,"wake_lag_us":77975}
{"cookie":19814,"ev":"listen_event","family":2,"kind":"stop","ktime_us":128334042,"port":7302,"reachable":true,"wake_lag_us":77972}
{"cookie":19815,"ev":"listen_event","family":2,"kind":"start","ktime_us":128334054,"port":7302,"reachable":true,"wake_lag_us":77960}
{"cookie":19815,"ev":"listen_event","family":2,"kind":"stop","ktime_us":128334057,"port":7302,"reachable":true,"wake_lag_us":77957}
{"cookie":19816,"ev":"listen_event","family":2,"kind":"start","ktime_us":128334070,"port":7302,"reachable":true,"wake_lag_us":77944}
{"cookie":19816,"ev":"listen_event","family":2,"kind":"stop","ktime_us":128334072,"port":7302,"reachable":true,"wake_lag_us":77942}
{"cookie":19817,"ev":"listen_event","family":2,"kind":"start","ktime_us":128334085,"port":7302,"reachable":true,"wake_lag_us":77929}
{"cookie":19817,"ev":"listen_event","family":2,"kind":"stop","ktime_us":128334087,"port":7302,"reachable":true,"wake_lag_us":77927}
{"cookie":19818,"ev":"listen_event","family":2,"kind":"start","ktime_us":128334100,"port":7302,"reachable":true,"wake_lag_us":77914}
{"cookie":19818,"ev":"listen_event","family":2,"kind":"stop","ktime_us":128334102,"port":7302,"reachable":true,"wake_lag_us":77912}
{"cookie":19819,"ev":"listen_event","family":2,"kind":"start","ktime_us":128334115,"port":7302,"reachable":true,"wake_lag_us":77899}
{"cookie":19819,"ev":"listen_event","family":2,"kind":"stop","ktime_us":128334117,"port":7302,"reachable":true,"wake_lag_us":77897}
{"cookie":19820,"ev":"listen_event","family":2,"kind":"start","ktime_us":128334130,"port":7302,"reachable":true,"wake_lag_us":77884}
{"cookie":19820,"ev":"listen_event","family":2,"kind":"stop","ktime_us":128334132,"port":7302,"reachable":true,"wake_lag_us":77882}
{"cookie":19821,"ev":"listen_event","family":2,"kind":"start","ktime_us":128334144,"port":7302,"reachable":true,"wake_lag_us":77870}
{"cookie":19821,"ev":"listen_event","family":2,"kind":"stop","ktime_us":128334147,"port":7302,"reachable":true,"wake_lag_us":77867}
{"cookie":19822,"ev":"listen_event","family":2,"kind":"start","ktime_us":128334159,"port":7302,"reachable":true,"wake_lag_us":77855}
{"cookie":19822,"ev":"listen_event","family":2,"kind":"stop","ktime_us":128334162,"port":7302,"reachable":true,"wake_lag_us":77852}
{"cookie":19823,"ev":"listen_event","family":2,"kind":"start","ktime_us":128334175,"port":7302,"reachable":true,"wake_lag_us":77839}
{"cookie":19823,"ev":"listen_event","family":2,"kind":"stop","ktime_us":128334177,"port":7302,"reachable":true,"wake_lag_us":77837}
{"cookie":19824,"ev":"listen_event","family":2,"kind":"start","ktime_us":128334190,"port":7302,"reachable":true,"wake_lag_us":77824}
{"cookie":19824,"ev":"listen_event","family":2,"kind":"stop","ktime_us":128334192,"port":7302,"reachable":true,"wake_lag_us":77822}
{"cookie":19825,"ev":"listen_event","family":2,"kind":"start","ktime_us":128334205,"port":7302,"reachable":true,"wake_lag_us":77809}
{"cookie":19825,"ev":"listen_event","family":2,"kind":"stop","ktime_us":128334207,"port":7302,"reachable":true,"wake_lag_us":77807}
{"cookie":19826,"ev":"listen_event","family":2,"kind":"start","ktime_us":128334220,"port":7302,"reachable":true,"wake_lag_us":77794}
{"cookie":19826,"ev":"listen_event","family":2,"kind":"stop","ktime_us":128334222,"port":7302,"reachable":true,"wake_lag_us":77792}
{"cookie":19827,"ev":"listen_event","family":2,"kind":"start","ktime_us":128334235,"port":7302,"reachable":true,"wake_lag_us":77779}
{"cookie":19827,"ev":"listen_event","family":2,"kind":"stop","ktime_us":128334237,"port":7302,"reachable":true,"wake_lag_us":77777}
{"cookie":19828,"ev":"listen_event","family":2,"kind":"start","ktime_us":128334250,"port":7302,"reachable":true,"wake_lag_us":77764}
{"cookie":19828,"ev":"listen_event","family":2,"kind":"stop","ktime_us":128334253,"port":7302,"reachable":true,"wake_lag_us":77761}
{"cookie":19829,"ev":"listen_event","family":2,"kind":"start","ktime_us":128334265,"port":7302,"reachable":true,"wake_lag_us":77749}
{"cookie":19829,"ev":"listen_event","family":2,"kind":"stop","ktime_us":128334268,"port":7302,"reachable":true,"wake_lag_us":77746}
{"cookie":19830,"ev":"listen_event","family":2,"kind":"start","ktime_us":128334280,"port":7302,"reachable":true,"wake_lag_us":77734}
{"cookie":19830,"ev":"listen_event","family":2,"kind":"stop","ktime_us":128334282,"port":7302,"reachable":true,"wake_lag_us":77732}
{"cookie":19831,"ev":"listen_event","family":2,"kind":"start","ktime_us":128334295,"port":7302,"reachable":true,"wake_lag_us":77719}
{"cookie":19831,"ev":"listen_event","family":2,"kind":"stop","ktime_us":128334298,"port":7302,"reachable":true,"wake_lag_us":77716}
{"cookie":19832,"ev":"listen_event","family":2,"kind":"start","ktime_us":128334310,"port":7302,"reachable":true,"wake_lag_us":77704}
{"cookie":19832,"ev":"listen_event","family":2,"kind":"stop","ktime_us":128334313,"port":7302,"reachable":true,"wake_lag_us":77701}
{"cookie":19833,"ev":"listen_event","family":2,"kind":"start","ktime_us":128334325,"port":7302,"reachable":true,"wake_lag_us":77689}
{"cookie":19833,"ev":"listen_event","family":2,"kind":"stop","ktime_us":128334328,"port":7302,"reachable":true,"wake_lag_us":77686}
{"cookie":19834,"ev":"listen_event","family":2,"kind":"start","ktime_us":128334340,"port":7302,"reachable":true,"wake_lag_us":77674}
{"cookie":19834,"ev":"listen_event","family":2,"kind":"stop","ktime_us":128334343,"port":7302,"reachable":true,"wake_lag_us":77671}
{"cookie":19835,"ev":"listen_event","family":2,"kind":"start","ktime_us":128334355,"port":7302,"reachable":true,"wake_lag_us":77659}
{"cookie":19835,"ev":"listen_event","family":2,"kind":"stop","ktime_us":128334358,"port":7302,"reachable":true,"wake_lag_us":77656}
{"cookie":19836,"ev":"listen_event","family":2,"kind":"start","ktime_us":128334370,"port":7302,"reachable":true,"wake_lag_us":77644}
{"cookie":19836,"ev":"listen_event","family":2,"kind":"stop","ktime_us":128334373,"port":7302,"reachable":true,"wake_lag_us":77641}
{"cookie":19837,"ev":"listen_event","family":2,"kind":"start","ktime_us":128334385,"port":7302,"reachable":true,"wake_lag_us":77629}
{"cookie":19837,"ev":"listen_event","family":2,"kind":"stop","ktime_us":128334397,"port":7302,"reachable":true,"wake_lag_us":77617}
{"cookie":19838,"ev":"listen_event","family":2,"kind":"start","ktime_us":128334410,"port":7302,"reachable":true,"wake_lag_us":77604}
{"cookie":19838,"ev":"listen_event","family":2,"kind":"stop","ktime_us":128334413,"port":7302,"reachable":true,"wake_lag_us":77601}
{"cookie":19839,"ev":"listen_event","family":2,"kind":"start","ktime_us":128334426,"port":7302,"reachable":true,"wake_lag_us":77588}
{"cookie":19839,"ev":"listen_event","family":2,"kind":"stop","ktime_us":128334428,"port":7302,"reachable":true,"wake_lag_us":77586}
{"cookie":19840,"ev":"listen_event","family":2,"kind":"start","ktime_us":128334441,"port":7302,"reachable":true,"wake_lag_us":77573}
{"cookie":19840,"ev":"listen_event","family":2,"kind":"stop","ktime_us":128334443,"port":7302,"reachable":true,"wake_lag_us":77571}
{"cookie":19841,"ev":"listen_event","family":2,"kind":"start","ktime_us":128334456,"port":7302,"reachable":true,"wake_lag_us":77558}
{"cookie":19841,"ev":"listen_event","family":2,"kind":"stop","ktime_us":128334458,"port":7302,"reachable":true,"wake_lag_us":77556}
{"cookie":19842,"ev":"listen_event","family":2,"kind":"start","ktime_us":128334471,"port":7302,"reachable":true,"wake_lag_us":77543}
{"cookie":19842,"ev":"listen_event","family":2,"kind":"stop","ktime_us":128334473,"port":7302,"reachable":true,"wake_lag_us":77541}
{"cookie":19843,"ev":"listen_event","family":2,"kind":"start","ktime_us":128334486,"port":7302,"reachable":true,"wake_lag_us":77528}
{"cookie":19843,"ev":"listen_event","family":2,"kind":"stop","ktime_us":128334488,"port":7302,"reachable":true,"wake_lag_us":77526}
{"cookie":19844,"ev":"listen_event","family":2,"kind":"start","ktime_us":128334501,"port":7302,"reachable":true,"wake_lag_us":77513}
{"cookie":19844,"ev":"listen_event","family":2,"kind":"stop","ktime_us":128334503,"port":7302,"reachable":true,"wake_lag_us":77511}
{"cookie":19845,"ev":"listen_event","family":2,"kind":"start","ktime_us":128334516,"port":7302,"reachable":true,"wake_lag_us":77498}
{"cookie":19845,"ev":"listen_event","family":2,"kind":"stop","ktime_us":128334518,"port":7302,"reachable":true,"wake_lag_us":77496}
{"cookie":19846,"ev":"listen_event","family":2,"kind":"start","ktime_us":128334531,"port":7302,"reachable":true,"wake_lag_us":77483}
{"cookie":19846,"ev":"listen_event","family":2,"kind":"stop","ktime_us":128334534,"port":7302,"reachable":true,"wake_lag_us":77480}
{"cookie":19847,"ev":"listen_event","family":2,"kind":"start","ktime_us":128334546,"port":7302,"reachable":true,"wake_lag_us":77468}
{"cookie":19847,"ev":"listen_event","family":2,"kind":"stop","ktime_us":128334549,"port":7302,"reachable":true,"wake_lag_us":77465}
{"cookie":19848,"ev":"listen_event","family":2,"kind":"start","ktime_us":128334561,"port":7302,"reachable":true,"wake_lag_us":77453}
{"cookie":19848,"ev":"listen_event","family":2,"kind":"stop","ktime_us":128334564,"port":7302,"reachable":true,"wake_lag_us":77450}
{"cookie":19849,"ev":"listen_event","family":2,"kind":"start","ktime_us":128334576,"port":7302,"reachable":true,"wake_lag_us":77438}
{"cookie":19849,"ev":"listen_event","family":2,"kind":"stop","ktime_us":128334579,"port":7302,"reachable":true,"wake_lag_us":77435}
{"cookie":19850,"ev":"listen_event","family":2,"kind":"start","ktime_us":128334591,"port":7302,"reachable":true,"wake_lag_us":77423}
{"cookie":19850,"ev":"listen_event","family":2,"kind":"stop","ktime_us":128334594,"port":7302,"reachable":true,"wake_lag_us":77420}
{"cookie":19851,"ev":"listen_event","family":2,"kind":"start","ktime_us":128334606,"port":7302,"reachable":true,"wake_lag_us":77408}
{"cookie":19851,"ev":"listen_event","family":2,"kind":"stop","ktime_us":128334609,"port":7302,"reachable":true,"wake_lag_us":77405}
{"cookie":19852,"ev":"listen_event","family":2,"kind":"start","ktime_us":128334621,"port":7302,"reachable":true,"wake_lag_us":77393}
{"cookie":19852,"ev":"listen_event","family":2,"kind":"stop","ktime_us":128334624,"port":7302,"reachable":true,"wake_lag_us":77390}
{"cookie":19853,"ev":"listen_event","family":2,"kind":"start","ktime_us":128334636,"port":7302,"reachable":true,"wake_lag_us":77378}
{"cookie":19853,"ev":"listen_event","family":2,"kind":"stop","ktime_us":128334639,"port":7302,"reachable":true,"wake_lag_us":77375}
{"cookie":19854,"ev":"listen_event","family":2,"kind":"start","ktime_us":128334651,"port":7302,"reachable":true,"wake_lag_us":77363}
{"cookie":19854,"ev":"listen_event","family":2,"kind":"stop","ktime_us":128334654,"port":7302,"reachable":true,"wake_lag_us":77360}
{"cookie":19855,"ev":"listen_event","family":2,"kind":"start","ktime_us":128334667,"port":7302,"reachable":true,"wake_lag_us":77347}
{"cookie":19855,"ev":"listen_event","family":2,"kind":"stop","ktime_us":128334669,"port":7302,"reachable":true,"wake_lag_us":77345}
{"cookie":19856,"ev":"listen_event","family":2,"kind":"start","ktime_us":128334682,"port":7302,"reachable":true,"wake_lag_us":77332}
{"cookie":19856,"ev":"listen_event","family":2,"kind":"stop","ktime_us":128334684,"port":7302,"reachable":true,"wake_lag_us":77330}
{"cookie":19857,"ev":"listen_event","family":2,"kind":"start","ktime_us":128334697,"port":7302,"reachable":true,"wake_lag_us":77317}
{"cookie":19857,"ev":"listen_event","family":2,"kind":"stop","ktime_us":128334699,"port":7302,"reachable":true,"wake_lag_us":77315}
{"cookie":19858,"ev":"listen_event","family":2,"kind":"start","ktime_us":128334712,"port":7302,"reachable":true,"wake_lag_us":77302}
{"cookie":19858,"ev":"listen_event","family":2,"kind":"stop","ktime_us":128334714,"port":7302,"reachable":true,"wake_lag_us":77300}
{"cookie":19859,"ev":"listen_event","family":2,"kind":"start","ktime_us":128334727,"port":7302,"reachable":true,"wake_lag_us":77287}
{"cookie":19859,"ev":"listen_event","family":2,"kind":"stop","ktime_us":128334729,"port":7302,"reachable":true,"wake_lag_us":77285}
{"cookie":19860,"ev":"listen_event","family":2,"kind":"start","ktime_us":128334742,"port":7302,"reachable":true,"wake_lag_us":77272}
{"cookie":19860,"ev":"listen_event","family":2,"kind":"stop","ktime_us":128334745,"port":7302,"reachable":true,"wake_lag_us":77269}
{"cookie":19861,"ev":"listen_event","family":2,"kind":"start","ktime_us":128334758,"port":7302,"reachable":true,"wake_lag_us":77256}
{"cookie":19861,"ev":"listen_event","family":2,"kind":"stop","ktime_us":128334761,"port":7302,"reachable":true,"wake_lag_us":77253}
{"cookie":19862,"ev":"listen_event","family":2,"kind":"start","ktime_us":128334773,"port":7302,"reachable":true,"wake_lag_us":77241}
{"cookie":19862,"ev":"listen_event","family":2,"kind":"stop","ktime_us":128334776,"port":7302,"reachable":true,"wake_lag_us":77238}
{"cookie":19863,"ev":"listen_event","family":2,"kind":"start","ktime_us":128334789,"port":7302,"reachable":true,"wake_lag_us":77225}
{"cookie":19863,"ev":"listen_event","family":2,"kind":"stop","ktime_us":128334792,"port":7302,"reachable":true,"wake_lag_us":77222}
{"cookie":19864,"ev":"listen_event","family":2,"kind":"start","ktime_us":128334805,"port":7302,"reachable":true,"wake_lag_us":77209}
{"cookie":19864,"ev":"listen_event","family":2,"kind":"stop","ktime_us":128334807,"port":7302,"reachable":true,"wake_lag_us":77207}
{"cookie":19865,"ev":"listen_event","family":2,"kind":"start","ktime_us":128334820,"port":7302,"reachable":true,"wake_lag_us":77194}
{"cookie":19865,"ev":"listen_event","family":2,"kind":"stop","ktime_us":128334822,"port":7302,"reachable":true,"wake_lag_us":77192}
{"cookie":19866,"ev":"listen_event","family":2,"kind":"start","ktime_us":128334835,"port":7302,"reachable":true,"wake_lag_us":77179}
{"cookie":19866,"ev":"listen_event","family":2,"kind":"stop","ktime_us":128334838,"port":7302,"reachable":true,"wake_lag_us":77176}
{"cookie":19867,"ev":"listen_event","family":2,"kind":"start","ktime_us":128334850,"port":7302,"reachable":true,"wake_lag_us":77164}
{"cookie":19867,"ev":"listen_event","family":2,"kind":"stop","ktime_us":128334853,"port":7302,"reachable":true,"wake_lag_us":77161}
{"cookie":19868,"ev":"listen_event","family":2,"kind":"start","ktime_us":128334865,"port":7302,"reachable":true,"wake_lag_us":77149}
{"cookie":19868,"ev":"listen_event","family":2,"kind":"stop","ktime_us":128334868,"port":7302,"reachable":true,"wake_lag_us":77146}
{"cookie":19869,"ev":"listen_event","family":2,"kind":"start","ktime_us":128334881,"port":7302,"reachable":true,"wake_lag_us":77133}
{"cookie":19869,"ev":"listen_event","family":2,"kind":"stop","ktime_us":128334883,"port":7302,"reachable":true,"wake_lag_us":77131}
{"cookie":19870,"ev":"listen_event","family":2,"kind":"start","ktime_us":128334896,"port":7302,"reachable":true,"wake_lag_us":77118}
{"cookie":19870,"ev":"listen_event","family":2,"kind":"stop","ktime_us":128334898,"port":7302,"reachable":true,"wake_lag_us":77116}
{"cookie":19871,"ev":"listen_event","family":2,"kind":"start","ktime_us":128334911,"port":7302,"reachable":true,"wake_lag_us":77103}
{"cookie":19871,"ev":"listen_event","family":2,"kind":"stop","ktime_us":128334913,"port":7302,"reachable":true,"wake_lag_us":77101}
{"cookie":19872,"ev":"listen_event","family":2,"kind":"start","ktime_us":128334926,"port":7302,"reachable":true,"wake_lag_us":77088}
{"cookie":19872,"ev":"listen_event","family":2,"kind":"stop","ktime_us":128334929,"port":7302,"reachable":true,"wake_lag_us":77085}
{"cookie":19873,"ev":"listen_event","family":2,"kind":"start","ktime_us":128334941,"port":7302,"reachable":true,"wake_lag_us":77073}
{"cookie":19873,"ev":"listen_event","family":2,"kind":"stop","ktime_us":128334944,"port":7302,"reachable":true,"wake_lag_us":77070}
{"cookie":19874,"ev":"listen_event","family":2,"kind":"start","ktime_us":128334956,"port":7302,"reachable":true,"wake_lag_us":77058}
{"cookie":19874,"ev":"listen_event","family":2,"kind":"stop","ktime_us":128334959,"port":7302,"reachable":true,"wake_lag_us":77055}
{"cookie":19875,"ev":"listen_event","family":2,"kind":"start","ktime_us":128334971,"port":7302,"reachable":true,"wake_lag_us":77043}
{"cookie":19875,"ev":"listen_event","family":2,"kind":"stop","ktime_us":128334974,"port":7302,"reachable":true,"wake_lag_us":77040}
{"cookie":19876,"ev":"listen_event","family":2,"kind":"start","ktime_us":128334988,"port":7302,"reachable":true,"wake_lag_us":77026}
{"cookie":19876,"ev":"listen_event","family":2,"kind":"stop","ktime_us":128334990,"port":7302,"reachable":true,"wake_lag_us":77024}
{"cookie":19877,"ev":"listen_event","family":2,"kind":"start","ktime_us":128335096,"port":7302,"reachable":true,"wake_lag_us":76918}
{"cookie":19877,"ev":"listen_event","family":2,"kind":"stop","ktime_us":128335099,"port":7302,"reachable":true,"wake_lag_us":76915}
{"cookie":19878,"ev":"listen_event","family":2,"kind":"start","ktime_us":128335113,"port":7302,"reachable":true,"wake_lag_us":76901}
{"cookie":19878,"ev":"listen_event","family":2,"kind":"stop","ktime_us":128335115,"port":7302,"reachable":true,"wake_lag_us":76899}
{"cookie":19879,"ev":"listen_event","family":2,"kind":"start","ktime_us":128335129,"port":7302,"reachable":true,"wake_lag_us":76885}
{"cookie":19879,"ev":"listen_event","family":2,"kind":"stop","ktime_us":128335131,"port":7302,"reachable":true,"wake_lag_us":76883}
{"cookie":19880,"ev":"listen_event","family":2,"kind":"start","ktime_us":128335144,"port":7302,"reachable":true,"wake_lag_us":76870}
{"cookie":19880,"ev":"listen_event","family":2,"kind":"stop","ktime_us":128335147,"port":7302,"reachable":true,"wake_lag_us":76867}
{"cookie":19881,"ev":"listen_event","family":2,"kind":"start","ktime_us":128335159,"port":7302,"reachable":true,"wake_lag_us":76855}
{"cookie":19881,"ev":"listen_event","family":2,"kind":"stop","ktime_us":128335162,"port":7302,"reachable":true,"wake_lag_us":76852}
{"cookie":19882,"ev":"listen_event","family":2,"kind":"start","ktime_us":128335175,"port":7302,"reachable":true,"wake_lag_us":76839}
{"cookie":19882,"ev":"listen_event","family":2,"kind":"stop","ktime_us":128335177,"port":7302,"reachable":true,"wake_lag_us":76837}
{"cookie":19883,"ev":"listen_event","family":2,"kind":"start","ktime_us":128335190,"port":7302,"reachable":true,"wake_lag_us":76824}
{"cookie":19883,"ev":"listen_event","family":2,"kind":"stop","ktime_us":128335192,"port":7302,"reachable":true,"wake_lag_us":76822}
{"cookie":19884,"ev":"listen_event","family":2,"kind":"start","ktime_us":128335205,"port":7302,"reachable":true,"wake_lag_us":76809}
{"cookie":19884,"ev":"listen_event","family":2,"kind":"stop","ktime_us":128335207,"port":7302,"reachable":true,"wake_lag_us":76807}
{"cookie":19885,"ev":"listen_event","family":2,"kind":"start","ktime_us":128335220,"port":7302,"reachable":true,"wake_lag_us":76794}
{"cookie":19885,"ev":"listen_event","family":2,"kind":"stop","ktime_us":128335222,"port":7302,"reachable":true,"wake_lag_us":76792}
{"cookie":19886,"ev":"listen_event","family":2,"kind":"start","ktime_us":128335235,"port":7302,"reachable":true,"wake_lag_us":76779}
{"cookie":19886,"ev":"listen_event","family":2,"kind":"stop","ktime_us":128335237,"port":7302,"reachable":true,"wake_lag_us":76777}
{"cookie":19887,"ev":"listen_event","family":2,"kind":"start","ktime_us":128335250,"port":7302,"reachable":true,"wake_lag_us":76764}
{"cookie":19887,"ev":"listen_event","family":2,"kind":"stop","ktime_us":128335252,"port":7302,"reachable":true,"wake_lag_us":76762}
{"cookie":19888,"ev":"listen_event","family":2,"kind":"start","ktime_us":128335265,"port":7302,"reachable":true,"wake_lag_us":76749}
{"cookie":19888,"ev":"listen_event","family":2,"kind":"stop","ktime_us":128335267,"port":7302,"reachable":true,"wake_lag_us":76747}
{"cookie":19889,"ev":"listen_event","family":2,"kind":"start","ktime_us":128335280,"port":7302,"reachable":true,"wake_lag_us":76734}
{"cookie":19889,"ev":"listen_event","family":2,"kind":"stop","ktime_us":128335282,"port":7302,"reachable":true,"wake_lag_us":76732}
{"cookie":19890,"ev":"listen_event","family":2,"kind":"start","ktime_us":128335295,"port":7302,"reachable":true,"wake_lag_us":76719}
{"cookie":19890,"ev":"listen_event","family":2,"kind":"stop","ktime_us":128335298,"port":7302,"reachable":true,"wake_lag_us":76716}
{"cookie":19891,"ev":"listen_event","family":2,"kind":"start","ktime_us":128335310,"port":7302,"reachable":true,"wake_lag_us":76704}
{"cookie":19891,"ev":"listen_event","family":2,"kind":"stop","ktime_us":128335313,"port":7302,"reachable":true,"wake_lag_us":76701}
{"cookie":19892,"ev":"listen_event","family":2,"kind":"start","ktime_us":128335325,"port":7302,"reachable":true,"wake_lag_us":76689}
{"cookie":19892,"ev":"listen_event","family":2,"kind":"stop","ktime_us":128335328,"port":7302,"reachable":true,"wake_lag_us":76686}
{"cookie":19893,"ev":"listen_event","family":2,"kind":"start","ktime_us":128335340,"port":7302,"reachable":true,"wake_lag_us":76674}
{"cookie":19893,"ev":"listen_event","family":2,"kind":"stop","ktime_us":128335343,"port":7302,"reachable":true,"wake_lag_us":76671}
{"cookie":19894,"ev":"listen_event","family":2,"kind":"start","ktime_us":128335355,"port":7302,"reachable":true,"wake_lag_us":76659}
{"cookie":19894,"ev":"listen_event","family":2,"kind":"stop","ktime_us":128335358,"port":7302,"reachable":true,"wake_lag_us":76656}
{"cookie":19895,"ev":"listen_event","family":2,"kind":"start","ktime_us":128335370,"port":7302,"reachable":true,"wake_lag_us":76644}
{"cookie":19895,"ev":"listen_event","family":2,"kind":"stop","ktime_us":128335373,"port":7302,"reachable":true,"wake_lag_us":76641}
{"cookie":19896,"ev":"listen_event","family":2,"kind":"start","ktime_us":128335385,"port":7302,"reachable":true,"wake_lag_us":76629}
{"cookie":19896,"ev":"listen_event","family":2,"kind":"stop","ktime_us":128335397,"port":7302,"reachable":true,"wake_lag_us":76617}
{"cookie":19897,"ev":"listen_event","family":2,"kind":"start","ktime_us":128335410,"port":7302,"reachable":true,"wake_lag_us":76604}
{"cookie":19897,"ev":"listen_event","family":2,"kind":"stop","ktime_us":128335412,"port":7302,"reachable":true,"wake_lag_us":76602}
{"cookie":19898,"ev":"listen_event","family":2,"kind":"start","ktime_us":128335425,"port":7302,"reachable":true,"wake_lag_us":76589}
{"cookie":19898,"ev":"listen_event","family":2,"kind":"stop","ktime_us":128335427,"port":7302,"reachable":true,"wake_lag_us":76587}
{"cookie":19899,"ev":"listen_event","family":2,"kind":"start","ktime_us":128335440,"port":7302,"reachable":true,"wake_lag_us":76574}
{"cookie":19899,"ev":"listen_event","family":2,"kind":"stop","ktime_us":128335442,"port":7302,"reachable":true,"wake_lag_us":76572}
{"cookie":19900,"ev":"listen_event","family":2,"kind":"start","ktime_us":128335455,"port":7302,"reachable":true,"wake_lag_us":76559}
{"cookie":19900,"ev":"listen_event","family":2,"kind":"stop","ktime_us":128335457,"port":7302,"reachable":true,"wake_lag_us":76557}
{"cookie":19901,"ev":"listen_event","family":2,"kind":"start","ktime_us":128335469,"port":7302,"reachable":true,"wake_lag_us":76545}
{"cookie":19901,"ev":"listen_event","family":2,"kind":"stop","ktime_us":128335472,"port":7302,"reachable":true,"wake_lag_us":76542}
{"cookie":19902,"ev":"listen_event","family":2,"kind":"start","ktime_us":128335484,"port":7302,"reachable":true,"wake_lag_us":76530}
{"cookie":19902,"ev":"listen_event","family":2,"kind":"stop","ktime_us":128335487,"port":7302,"reachable":true,"wake_lag_us":76527}
{"cookie":19903,"ev":"listen_event","family":2,"kind":"start","ktime_us":128335499,"port":7302,"reachable":true,"wake_lag_us":76515}
{"cookie":19903,"ev":"listen_event","family":2,"kind":"stop","ktime_us":128335502,"port":7302,"reachable":true,"wake_lag_us":76512}
{"cookie":19904,"ev":"listen_event","family":2,"kind":"start","ktime_us":128335514,"port":7302,"reachable":true,"wake_lag_us":76500}
{"cookie":19904,"ev":"listen_event","family":2,"kind":"stop","ktime_us":128335517,"port":7302,"reachable":true,"wake_lag_us":76497}
{"cookie":19905,"ev":"listen_event","family":2,"kind":"start","ktime_us":128335530,"port":7302,"reachable":true,"wake_lag_us":76484}
{"cookie":19905,"ev":"listen_event","family":2,"kind":"stop","ktime_us":128335532,"port":7302,"reachable":true,"wake_lag_us":76482}
{"cookie":19906,"ev":"listen_event","family":2,"kind":"start","ktime_us":128335545,"port":7302,"reachable":true,"wake_lag_us":76469}
{"cookie":19906,"ev":"listen_event","family":2,"kind":"stop","ktime_us":128335547,"port":7302,"reachable":true,"wake_lag_us":76467}
{"cookie":19907,"ev":"listen_event","family":2,"kind":"start","ktime_us":128335560,"port":7302,"reachable":true,"wake_lag_us":76454}
{"cookie":19907,"ev":"listen_event","family":2,"kind":"stop","ktime_us":128335562,"port":7302,"reachable":true,"wake_lag_us":76452}
{"cookie":19908,"ev":"listen_event","family":2,"kind":"start","ktime_us":128335575,"port":7302,"reachable":true,"wake_lag_us":76439}
{"cookie":19908,"ev":"listen_event","family":2,"kind":"stop","ktime_us":128335577,"port":7302,"reachable":true,"wake_lag_us":76437}
{"cookie":19909,"ev":"listen_event","family":2,"kind":"start","ktime_us":128335590,"port":7302,"reachable":true,"wake_lag_us":76424}
{"cookie":19909,"ev":"listen_event","family":2,"kind":"stop","ktime_us":128335592,"port":7302,"reachable":true,"wake_lag_us":76422}
{"cookie":19910,"ev":"listen_event","family":2,"kind":"start","ktime_us":128335605,"port":7302,"reachable":true,"wake_lag_us":76409}
{"cookie":19910,"ev":"listen_event","family":2,"kind":"stop","ktime_us":128335607,"port":7302,"reachable":true,"wake_lag_us":76407}
{"cookie":19911,"ev":"listen_event","family":2,"kind":"start","ktime_us":128335620,"port":7302,"reachable":true,"wake_lag_us":76394}
{"cookie":19911,"ev":"listen_event","family":2,"kind":"stop","ktime_us":128335622,"port":7302,"reachable":true,"wake_lag_us":76392}
{"cookie":19912,"ev":"listen_event","family":2,"kind":"start","ktime_us":128335635,"port":7302,"reachable":true,"wake_lag_us":76379}
{"cookie":19912,"ev":"listen_event","family":2,"kind":"stop","ktime_us":128335637,"port":7302,"reachable":true,"wake_lag_us":76377}
{"cookie":19913,"ev":"listen_event","family":2,"kind":"start","ktime_us":128335650,"port":7302,"reachable":true,"wake_lag_us":76364}
{"cookie":19913,"ev":"listen_event","family":2,"kind":"stop","ktime_us":128335652,"port":7302,"reachable":true,"wake_lag_us":76362}
{"cookie":19914,"ev":"listen_event","family":2,"kind":"start","ktime_us":128335665,"port":7302,"reachable":true,"wake_lag_us":76349}
{"cookie":19914,"ev":"listen_event","family":2,"kind":"stop","ktime_us":128335667,"port":7302,"reachable":true,"wake_lag_us":76347}
{"cookie":19915,"ev":"listen_event","family":2,"kind":"start","ktime_us":128335680,"port":7302,"reachable":true,"wake_lag_us":76334}
{"cookie":19915,"ev":"listen_event","family":2,"kind":"stop","ktime_us":128335682,"port":7302,"reachable":true,"wake_lag_us":76332}
{"cookie":19916,"ev":"listen_event","family":2,"kind":"start","ktime_us":128335695,"port":7302,"reachable":true,"wake_lag_us":76319}
{"cookie":19916,"ev":"listen_event","family":2,"kind":"stop","ktime_us":128335697,"port":7302,"reachable":true,"wake_lag_us":76317}
{"cookie":19917,"ev":"listen_event","family":2,"kind":"start","ktime_us":128335710,"port":7302,"reachable":true,"wake_lag_us":76304}
{"cookie":19917,"ev":"listen_event","family":2,"kind":"stop","ktime_us":128335712,"port":7302,"reachable":true,"wake_lag_us":76302}
{"cookie":19918,"ev":"listen_event","family":2,"kind":"start","ktime_us":128335725,"port":7302,"reachable":true,"wake_lag_us":76289}
{"cookie":19918,"ev":"listen_event","family":2,"kind":"stop","ktime_us":128335727,"port":7302,"reachable":true,"wake_lag_us":76287}
{"cookie":19919,"ev":"listen_event","family":2,"kind":"start","ktime_us":128335740,"port":7302,"reachable":true,"wake_lag_us":76274}
{"cookie":19919,"ev":"listen_event","family":2,"kind":"stop","ktime_us":128335742,"port":7302,"reachable":true,"wake_lag_us":76272}
{"cookie":19920,"ev":"listen_event","family":2,"kind":"start","ktime_us":128335755,"port":7302,"reachable":true,"wake_lag_us":76259}
{"cookie":19920,"ev":"listen_event","family":2,"kind":"stop","ktime_us":128335757,"port":7302,"reachable":true,"wake_lag_us":76257}
{"cookie":19921,"ev":"listen_event","family":2,"kind":"start","ktime_us":128335770,"port":7302,"reachable":true,"wake_lag_us":76244}
{"cookie":19921,"ev":"listen_event","family":2,"kind":"stop","ktime_us":128335772,"port":7302,"reachable":true,"wake_lag_us":76242}
{"cookie":19922,"ev":"listen_event","family":2,"kind":"start","ktime_us":128335785,"port":7302,"reachable":true,"wake_lag_us":76229}
{"cookie":19922,"ev":"listen_event","family":2,"kind":"stop","ktime_us":128335787,"port":7302,"reachable":true,"wake_lag_us":76227}
{"cookie":19923,"ev":"listen_event","family":2,"kind":"start","ktime_us":128335800,"port":7302,"reachable":true,"wake_lag_us":76214}
{"cookie":19923,"ev":"listen_event","family":2,"kind":"stop","ktime_us":128335802,"port":7302,"reachable":true,"wake_lag_us":76212}
{"cookie":19924,"ev":"listen_event","family":2,"kind":"start","ktime_us":128335815,"port":7302,"reachable":true,"wake_lag_us":76199}
{"cookie":19924,"ev":"listen_event","family":2,"kind":"stop","ktime_us":128335817,"port":7302,"reachable":true,"wake_lag_us":76197}
{"cookie":19925,"ev":"listen_event","family":2,"kind":"start","ktime_us":128335830,"port":7302,"reachable":true,"wake_lag_us":76184}
{"cookie":19925,"ev":"listen_event","family":2,"kind":"stop","ktime_us":128335832,"port":7302,"reachable":true,"wake_lag_us":76182}
{"cookie":19926,"ev":"listen_event","family":2,"kind":"start","ktime_us":128335845,"port":7302,"reachable":true,"wake_lag_us":76169}
{"cookie":19926,"ev":"listen_event","family":2,"kind":"stop","ktime_us":128335847,"port":7302,"reachable":true,"wake_lag_us":76167}
{"cookie":19927,"ev":"listen_event","family":2,"kind":"start","ktime_us":128335860,"port":7302,"reachable":true,"wake_lag_us":76154}
{"cookie":19927,"ev":"listen_event","family":2,"kind":"stop","ktime_us":128335862,"port":7302,"reachable":true,"wake_lag_us":76152}
{"cookie":19928,"ev":"listen_event","family":2,"kind":"start","ktime_us":128335875,"port":7302,"reachable":true,"wake_lag_us":76139}
{"cookie":19928,"ev":"listen_event","family":2,"kind":"stop","ktime_us":128335877,"port":7302,"reachable":true,"wake_lag_us":76137}
{"cookie":19929,"ev":"listen_event","family":2,"kind":"start","ktime_us":128335890,"port":7302,"reachable":true,"wake_lag_us":76124}
{"cookie":19929,"ev":"listen_event","family":2,"kind":"stop","ktime_us":128335893,"port":7302,"reachable":true,"wake_lag_us":76121}
{"cookie":19930,"ev":"listen_event","family":2,"kind":"start","ktime_us":128335905,"port":7302,"reachable":true,"wake_lag_us":76109}
{"cookie":19930,"ev":"listen_event","family":2,"kind":"stop","ktime_us":128335908,"port":7302,"reachable":true,"wake_lag_us":76106}
{"cookie":19931,"ev":"listen_event","family":2,"kind":"start","ktime_us":128335920,"port":7302,"reachable":true,"wake_lag_us":76094}
{"cookie":19931,"ev":"listen_event","family":2,"kind":"stop","ktime_us":128335922,"port":7302,"reachable":true,"wake_lag_us":76092}
{"cookie":19932,"ev":"listen_event","family":2,"kind":"start","ktime_us":128335935,"port":7302,"reachable":true,"wake_lag_us":76079}
{"cookie":19932,"ev":"listen_event","family":2,"kind":"stop","ktime_us":128335937,"port":7302,"reachable":true,"wake_lag_us":76077}
{"cookie":19933,"ev":"listen_event","family":2,"kind":"start","ktime_us":128335950,"port":7302,"reachable":true,"wake_lag_us":76064}
{"cookie":19933,"ev":"listen_event","family":2,"kind":"stop","ktime_us":128335952,"port":7302,"reachable":true,"wake_lag_us":76062}
{"cookie":19934,"ev":"listen_event","family":2,"kind":"start","ktime_us":128335965,"port":7302,"reachable":true,"wake_lag_us":76049}
{"cookie":19934,"ev":"listen_event","family":2,"kind":"stop","ktime_us":128335967,"port":7302,"reachable":true,"wake_lag_us":76047}
{"cookie":19935,"ev":"listen_event","family":2,"kind":"start","ktime_us":128335980,"port":7302,"reachable":true,"wake_lag_us":76034}
{"cookie":19935,"ev":"listen_event","family":2,"kind":"stop","ktime_us":128335982,"port":7302,"reachable":true,"wake_lag_us":76032}
{"cookie":19936,"ev":"listen_event","family":2,"kind":"start","ktime_us":128335995,"port":7302,"reachable":true,"wake_lag_us":76019}
{"cookie":19936,"ev":"listen_event","family":2,"kind":"stop","ktime_us":128336018,"port":7302,"reachable":true,"wake_lag_us":75996}
{"cookie":19937,"ev":"listen_event","family":2,"kind":"start","ktime_us":128336031,"port":7302,"reachable":true,"wake_lag_us":75983}
{"cookie":19937,"ev":"listen_event","family":2,"kind":"stop","ktime_us":128336033,"port":7302,"reachable":true,"wake_lag_us":75981}
{"cookie":19938,"ev":"listen_event","family":2,"kind":"start","ktime_us":128336046,"port":7302,"reachable":true,"wake_lag_us":75968}
{"cookie":19938,"ev":"listen_event","family":2,"kind":"stop","ktime_us":128336048,"port":7302,"reachable":true,"wake_lag_us":75966}
{"cookie":19939,"ev":"listen_event","family":2,"kind":"start","ktime_us":128336061,"port":7302,"reachable":true,"wake_lag_us":75953}
{"cookie":19939,"ev":"listen_event","family":2,"kind":"stop","ktime_us":128336063,"port":7302,"reachable":true,"wake_lag_us":75951}
{"cookie":19940,"ev":"listen_event","family":2,"kind":"start","ktime_us":128336076,"port":7302,"reachable":true,"wake_lag_us":75938}
{"cookie":19940,"ev":"listen_event","family":2,"kind":"stop","ktime_us":128336078,"port":7302,"reachable":true,"wake_lag_us":75936}
{"cookie":19941,"ev":"listen_event","family":2,"kind":"start","ktime_us":128336091,"port":7302,"reachable":true,"wake_lag_us":75923}
{"cookie":19941,"ev":"listen_event","family":2,"kind":"stop","ktime_us":128336093,"port":7302,"reachable":true,"wake_lag_us":75921}
{"cookie":19942,"ev":"listen_event","family":2,"kind":"start","ktime_us":128336106,"port":7302,"reachable":true,"wake_lag_us":75908}
{"cookie":19942,"ev":"listen_event","family":2,"kind":"stop","ktime_us":128336108,"port":7302,"reachable":true,"wake_lag_us":75906}
{"cookie":19943,"ev":"listen_event","family":2,"kind":"start","ktime_us":128336121,"port":7302,"reachable":true,"wake_lag_us":75893}
{"cookie":19943,"ev":"listen_event","family":2,"kind":"stop","ktime_us":128336123,"port":7302,"reachable":true,"wake_lag_us":75891}
{"cookie":19944,"ev":"listen_event","family":2,"kind":"start","ktime_us":128336136,"port":7302,"reachable":true,"wake_lag_us":75878}
{"cookie":19944,"ev":"listen_event","family":2,"kind":"stop","ktime_us":128336138,"port":7302,"reachable":true,"wake_lag_us":75876}
{"cookie":19945,"ev":"listen_event","family":2,"kind":"start","ktime_us":128336151,"port":7302,"reachable":true,"wake_lag_us":75863}
{"cookie":19945,"ev":"listen_event","family":2,"kind":"stop","ktime_us":128336154,"port":7302,"reachable":true,"wake_lag_us":75860}
{"cookie":19946,"ev":"listen_event","family":2,"kind":"start","ktime_us":128336166,"port":7302,"reachable":true,"wake_lag_us":75848}
{"cookie":19946,"ev":"listen_event","family":2,"kind":"stop","ktime_us":128336169,"port":7302,"reachable":true,"wake_lag_us":75845}
{"cookie":19947,"ev":"listen_event","family":2,"kind":"start","ktime_us":128336181,"port":7302,"reachable":true,"wake_lag_us":75833}
{"cookie":19947,"ev":"listen_event","family":2,"kind":"stop","ktime_us":128336184,"port":7302,"reachable":true,"wake_lag_us":75830}
{"cookie":19948,"ev":"listen_event","family":2,"kind":"start","ktime_us":128336196,"port":7302,"reachable":true,"wake_lag_us":75818}
{"cookie":19948,"ev":"listen_event","family":2,"kind":"stop","ktime_us":128336199,"port":7302,"reachable":true,"wake_lag_us":75815}
{"cookie":19949,"ev":"listen_event","family":2,"kind":"start","ktime_us":128336211,"port":7302,"reachable":true,"wake_lag_us":75803}
{"cookie":19949,"ev":"listen_event","family":2,"kind":"stop","ktime_us":128336214,"port":7302,"reachable":true,"wake_lag_us":75800}
{"cookie":19950,"ev":"listen_event","family":2,"kind":"start","ktime_us":128336226,"port":7302,"reachable":true,"wake_lag_us":75788}
{"cookie":19950,"ev":"listen_event","family":2,"kind":"stop","ktime_us":128336229,"port":7302,"reachable":true,"wake_lag_us":75785}
{"cookie":19951,"ev":"listen_event","family":2,"kind":"start","ktime_us":128336241,"port":7302,"reachable":true,"wake_lag_us":75773}
{"cookie":19951,"ev":"listen_event","family":2,"kind":"stop","ktime_us":128336244,"port":7302,"reachable":true,"wake_lag_us":75770}
{"cookie":19952,"ev":"listen_event","family":2,"kind":"start","ktime_us":128336256,"port":7302,"reachable":true,"wake_lag_us":75758}
{"cookie":19952,"ev":"listen_event","family":2,"kind":"stop","ktime_us":128336259,"port":7302,"reachable":true,"wake_lag_us":75755}
{"cookie":19953,"ev":"listen_event","family":2,"kind":"start","ktime_us":128336271,"port":7302,"reachable":true,"wake_lag_us":75743}
{"cookie":19953,"ev":"listen_event","family":2,"kind":"stop","ktime_us":128336274,"port":7302,"reachable":true,"wake_lag_us":75740}
{"cookie":19954,"ev":"listen_event","family":2,"kind":"start","ktime_us":128336286,"port":7302,"reachable":true,"wake_lag_us":75728}
{"cookie":19954,"ev":"listen_event","family":2,"kind":"stop","ktime_us":128336289,"port":7302,"reachable":true,"wake_lag_us":75725}
{"cookie":19955,"ev":"listen_event","family":2,"kind":"start","ktime_us":128336301,"port":7302,"reachable":true,"wake_lag_us":75713}
{"cookie":19955,"ev":"listen_event","family":2,"kind":"stop","ktime_us":128336304,"port":7302,"reachable":true,"wake_lag_us":75710}
{"cookie":19956,"ev":"listen_event","family":2,"kind":"start","ktime_us":128336316,"port":7302,"reachable":true,"wake_lag_us":75698}
{"cookie":19956,"ev":"listen_event","family":2,"kind":"stop","ktime_us":128336319,"port":7302,"reachable":true,"wake_lag_us":75695}
{"cookie":19957,"ev":"listen_event","family":2,"kind":"start","ktime_us":128336331,"port":7302,"reachable":true,"wake_lag_us":75683}
{"cookie":19957,"ev":"listen_event","family":2,"kind":"stop","ktime_us":128336334,"port":7302,"reachable":true,"wake_lag_us":75680}
{"cookie":19958,"ev":"listen_event","family":2,"kind":"start","ktime_us":128336346,"port":7302,"reachable":true,"wake_lag_us":75668}
{"cookie":19958,"ev":"listen_event","family":2,"kind":"stop","ktime_us":128336349,"port":7302,"reachable":true,"wake_lag_us":75665}
{"cookie":19959,"ev":"listen_event","family":2,"kind":"start","ktime_us":128336361,"port":7302,"reachable":true,"wake_lag_us":75653}
{"cookie":19959,"ev":"listen_event","family":2,"kind":"stop","ktime_us":128336364,"port":7302,"reachable":true,"wake_lag_us":75650}
{"cookie":19960,"ev":"listen_event","family":2,"kind":"start","ktime_us":128336376,"port":7302,"reachable":true,"wake_lag_us":75638}
{"cookie":19960,"ev":"listen_event","family":2,"kind":"stop","ktime_us":128336379,"port":7302,"reachable":true,"wake_lag_us":75635}
{"cookie":19961,"ev":"listen_event","family":2,"kind":"start","ktime_us":128336401,"port":7302,"reachable":true,"wake_lag_us":75613}
{"cookie":19961,"ev":"listen_event","family":2,"kind":"stop","ktime_us":128336404,"port":7302,"reachable":true,"wake_lag_us":75610}
{"cookie":19962,"ev":"listen_event","family":2,"kind":"start","ktime_us":128336417,"port":7302,"reachable":true,"wake_lag_us":75597}
{"cookie":19962,"ev":"listen_event","family":2,"kind":"stop","ktime_us":128336419,"port":7302,"reachable":true,"wake_lag_us":75595}
{"cookie":19963,"ev":"listen_event","family":2,"kind":"start","ktime_us":128336432,"port":7302,"reachable":true,"wake_lag_us":75582}
{"cookie":19963,"ev":"listen_event","family":2,"kind":"stop","ktime_us":128336434,"port":7302,"reachable":true,"wake_lag_us":75580}
{"cookie":19964,"ev":"listen_event","family":2,"kind":"start","ktime_us":128336447,"port":7302,"reachable":true,"wake_lag_us":75567}
{"cookie":19964,"ev":"listen_event","family":2,"kind":"stop","ktime_us":128336449,"port":7302,"reachable":true,"wake_lag_us":75565}
{"cookie":19965,"ev":"listen_event","family":2,"kind":"start","ktime_us":128336462,"port":7302,"reachable":true,"wake_lag_us":75552}
{"cookie":19965,"ev":"listen_event","family":2,"kind":"stop","ktime_us":128336464,"port":7302,"reachable":true,"wake_lag_us":75550}
{"cookie":19966,"ev":"listen_event","family":2,"kind":"start","ktime_us":128336477,"port":7302,"reachable":true,"wake_lag_us":75537}
{"cookie":19966,"ev":"listen_event","family":2,"kind":"stop","ktime_us":128336480,"port":7302,"reachable":true,"wake_lag_us":75534}
{"cookie":19967,"ev":"listen_event","family":2,"kind":"start","ktime_us":128336492,"port":7302,"reachable":true,"wake_lag_us":75522}
{"cookie":19967,"ev":"listen_event","family":2,"kind":"stop","ktime_us":128336495,"port":7302,"reachable":true,"wake_lag_us":75519}
{"cookie":19968,"ev":"listen_event","family":2,"kind":"start","ktime_us":128336507,"port":7302,"reachable":true,"wake_lag_us":75507}
{"cookie":19968,"ev":"listen_event","family":2,"kind":"stop","ktime_us":128336509,"port":7302,"reachable":true,"wake_lag_us":75505}
{"cookie":19969,"ev":"listen_event","family":2,"kind":"start","ktime_us":128336522,"port":7302,"reachable":true,"wake_lag_us":75492}
{"cookie":19969,"ev":"listen_event","family":2,"kind":"stop","ktime_us":128336524,"port":7302,"reachable":true,"wake_lag_us":75490}
{"cookie":19970,"ev":"listen_event","family":2,"kind":"start","ktime_us":128336537,"port":7302,"reachable":true,"wake_lag_us":75477}
{"cookie":19970,"ev":"listen_event","family":2,"kind":"stop","ktime_us":128336540,"port":7302,"reachable":true,"wake_lag_us":75474}
{"cookie":19971,"ev":"listen_event","family":2,"kind":"start","ktime_us":128336552,"port":7302,"reachable":true,"wake_lag_us":75462}
{"cookie":19971,"ev":"listen_event","family":2,"kind":"stop","ktime_us":128336555,"port":7302,"reachable":true,"wake_lag_us":75459}
{"cookie":19972,"ev":"listen_event","family":2,"kind":"start","ktime_us":128336567,"port":7302,"reachable":true,"wake_lag_us":75447}
{"cookie":19972,"ev":"listen_event","family":2,"kind":"stop","ktime_us":128336570,"port":7302,"reachable":true,"wake_lag_us":75444}
{"cookie":19973,"ev":"listen_event","family":2,"kind":"start","ktime_us":128336583,"port":7302,"reachable":true,"wake_lag_us":75431}
{"cookie":19973,"ev":"listen_event","family":2,"kind":"stop","ktime_us":128336585,"port":7302,"reachable":true,"wake_lag_us":75429}
{"cookie":19974,"ev":"listen_event","family":2,"kind":"start","ktime_us":128336598,"port":7302,"reachable":true,"wake_lag_us":75416}
{"cookie":19974,"ev":"listen_event","family":2,"kind":"stop","ktime_us":128336600,"port":7302,"reachable":true,"wake_lag_us":75414}
{"cookie":19975,"ev":"listen_event","family":2,"kind":"start","ktime_us":128336612,"port":7302,"reachable":true,"wake_lag_us":75402}
{"cookie":19975,"ev":"listen_event","family":2,"kind":"stop","ktime_us":128336615,"port":7302,"reachable":true,"wake_lag_us":75399}
{"cookie":19976,"ev":"listen_event","family":2,"kind":"start","ktime_us":128336628,"port":7302,"reachable":true,"wake_lag_us":75386}
{"cookie":19976,"ev":"listen_event","family":2,"kind":"stop","ktime_us":128336630,"port":7302,"reachable":true,"wake_lag_us":75384}
{"cookie":19977,"ev":"listen_event","family":2,"kind":"start","ktime_us":128336643,"port":7302,"reachable":true,"wake_lag_us":75371}
{"cookie":19977,"ev":"listen_event","family":2,"kind":"stop","ktime_us":128336645,"port":7302,"reachable":true,"wake_lag_us":75369}
{"cookie":19978,"ev":"listen_event","family":2,"kind":"start","ktime_us":128336658,"port":7302,"reachable":true,"wake_lag_us":75356}
{"cookie":19978,"ev":"listen_event","family":2,"kind":"stop","ktime_us":128336660,"port":7302,"reachable":true,"wake_lag_us":75354}
{"cookie":19979,"ev":"listen_event","family":2,"kind":"start","ktime_us":128336673,"port":7302,"reachable":true,"wake_lag_us":75341}
{"cookie":19979,"ev":"listen_event","family":2,"kind":"stop","ktime_us":128336675,"port":7302,"reachable":true,"wake_lag_us":75339}
{"cookie":19980,"ev":"listen_event","family":2,"kind":"start","ktime_us":128336688,"port":7302,"reachable":true,"wake_lag_us":75326}
{"cookie":19980,"ev":"listen_event","family":2,"kind":"stop","ktime_us":128336690,"port":7302,"reachable":true,"wake_lag_us":75324}
{"cookie":19981,"ev":"listen_event","family":2,"kind":"start","ktime_us":128336703,"port":7302,"reachable":true,"wake_lag_us":75311}
{"cookie":19981,"ev":"listen_event","family":2,"kind":"stop","ktime_us":128336705,"port":7302,"reachable":true,"wake_lag_us":75309}
{"cookie":19982,"ev":"listen_event","family":2,"kind":"start","ktime_us":128336718,"port":7302,"reachable":true,"wake_lag_us":75296}
{"cookie":19982,"ev":"listen_event","family":2,"kind":"stop","ktime_us":128336720,"port":7302,"reachable":true,"wake_lag_us":75294}
{"cookie":19983,"ev":"listen_event","family":2,"kind":"start","ktime_us":128336733,"port":7302,"reachable":true,"wake_lag_us":75281}
{"cookie":19983,"ev":"listen_event","family":2,"kind":"stop","ktime_us":128336735,"port":7302,"reachable":true,"wake_lag_us":75279}
{"cookie":19984,"ev":"listen_event","family":2,"kind":"start","ktime_us":128336748,"port":7302,"reachable":true,"wake_lag_us":75266}
{"cookie":19984,"ev":"listen_event","family":2,"kind":"stop","ktime_us":128336750,"port":7302,"reachable":true,"wake_lag_us":75264}
{"cookie":19985,"ev":"listen_event","family":2,"kind":"start","ktime_us":128336763,"port":7302,"reachable":true,"wake_lag_us":75251}
{"cookie":19985,"ev":"listen_event","family":2,"kind":"stop","ktime_us":128336765,"port":7302,"reachable":true,"wake_lag_us":75249}
{"cookie":19986,"ev":"listen_event","family":2,"kind":"start","ktime_us":128336778,"port":7302,"reachable":true,"wake_lag_us":75236}
{"cookie":19986,"ev":"listen_event","family":2,"kind":"stop","ktime_us":128336781,"port":7302,"reachable":true,"wake_lag_us":75233}
{"cookie":19987,"ev":"listen_event","family":2,"kind":"start","ktime_us":128336793,"port":7302,"reachable":true,"wake_lag_us":75221}
{"cookie":19987,"ev":"listen_event","family":2,"kind":"stop","ktime_us":128336796,"port":7302,"reachable":true,"wake_lag_us":75218}
{"cookie":19988,"ev":"listen_event","family":2,"kind":"start","ktime_us":128336808,"port":7302,"reachable":true,"wake_lag_us":75206}
{"cookie":19988,"ev":"listen_event","family":2,"kind":"stop","ktime_us":128336811,"port":7302,"reachable":true,"wake_lag_us":75203}
{"cookie":19989,"ev":"listen_event","family":2,"kind":"start","ktime_us":128336825,"port":7302,"reachable":true,"wake_lag_us":75189}
{"cookie":19989,"ev":"listen_event","family":2,"kind":"stop","ktime_us":128336827,"port":7302,"reachable":true,"wake_lag_us":75187}
{"cookie":19990,"ev":"listen_event","family":2,"kind":"start","ktime_us":128336840,"port":7302,"reachable":true,"wake_lag_us":75174}
{"cookie":19990,"ev":"listen_event","family":2,"kind":"stop","ktime_us":128336843,"port":7302,"reachable":true,"wake_lag_us":75171}
{"cookie":19991,"ev":"listen_event","family":2,"kind":"start","ktime_us":128336856,"port":7302,"reachable":true,"wake_lag_us":75158}
{"cookie":19991,"ev":"listen_event","family":2,"kind":"stop","ktime_us":128336858,"port":7302,"reachable":true,"wake_lag_us":75156}
{"cookie":19992,"ev":"listen_event","family":2,"kind":"start","ktime_us":128336871,"port":7302,"reachable":true,"wake_lag_us":75143}
{"cookie":19992,"ev":"listen_event","family":2,"kind":"stop","ktime_us":128336873,"port":7302,"reachable":true,"wake_lag_us":75141}
{"cookie":19993,"ev":"listen_event","family":2,"kind":"start","ktime_us":128336886,"port":7302,"reachable":true,"wake_lag_us":75128}
{"cookie":19993,"ev":"listen_event","family":2,"kind":"stop","ktime_us":128336888,"port":7302,"reachable":true,"wake_lag_us":75126}
{"cookie":19994,"ev":"listen_event","family":2,"kind":"start","ktime_us":128336901,"port":7302,"reachable":true,"wake_lag_us":75113}
{"cookie":19994,"ev":"listen_event","family":2,"kind":"stop","ktime_us":128336903,"port":7302,"reachable":true,"wake_lag_us":75111}
{"cookie":19995,"ev":"listen_event","family":2,"kind":"start","ktime_us":128336916,"port":7302,"reachable":true,"wake_lag_us":75098}
{"cookie":19995,"ev":"listen_event","family":2,"kind":"stop","ktime_us":128336918,"port":7302,"reachable":true,"wake_lag_us":75096}
{"cookie":19996,"ev":"listen_event","family":2,"kind":"start","ktime_us":128336931,"port":7302,"reachable":true,"wake_lag_us":75083}
{"cookie":19996,"ev":"listen_event","family":2,"kind":"stop","ktime_us":128336933,"port":7302,"reachable":true,"wake_lag_us":75081}
{"cookie":19997,"ev":"listen_event","family":2,"kind":"start","ktime_us":128336946,"port":7302,"reachable":true,"wake_lag_us":75068}
{"cookie":19997,"ev":"listen_event","family":2,"kind":"stop","ktime_us":128336949,"port":7302,"reachable":true,"wake_lag_us":75065}
{"cookie":19998,"ev":"listen_event","family":2,"kind":"start","ktime_us":128336961,"port":7302,"reachable":true,"wake_lag_us":75053}
{"cookie":19998,"ev":"listen_event","family":2,"kind":"stop","ktime_us":128336964,"port":7302,"reachable":true,"wake_lag_us":75050}
{"cookie":19999,"ev":"listen_event","family":2,"kind":"start","ktime_us":128336976,"port":7302,"reachable":true,"wake_lag_us":75038}
{"cookie":19999,"ev":"listen_event","family":2,"kind":"stop","ktime_us":128336979,"port":7302,"reachable":true,"wake_lag_us":75035}
{"cookie":20000,"ev":"listen_event","family":2,"kind":"start","ktime_us":128336991,"port":7302,"reachable":true,"wake_lag_us":75023}
{"cookie":20000,"ev":"listen_event","family":2,"kind":"stop","ktime_us":128336994,"port":7302,"reachable":true,"wake_lag_us":75020}
{"cookie":20001,"ev":"listen_event","family":2,"kind":"start","ktime_us":128337116,"port":7302,"reachable":true,"wake_lag_us":74898}
{"cookie":20001,"ev":"listen_event","family":2,"kind":"stop","ktime_us":128337119,"port":7302,"reachable":true,"wake_lag_us":74895}
{"cookie":20002,"ev":"listen_event","family":2,"kind":"start","ktime_us":128337131,"port":7302,"reachable":true,"wake_lag_us":74883}
{"cookie":20002,"ev":"listen_event","family":2,"kind":"stop","ktime_us":128337134,"port":7302,"reachable":true,"wake_lag_us":74880}
{"cookie":20003,"ev":"listen_event","family":2,"kind":"start","ktime_us":128337146,"port":7302,"reachable":true,"wake_lag_us":74868}
{"cookie":20003,"ev":"listen_event","family":2,"kind":"stop","ktime_us":128337149,"port":7302,"reachable":true,"wake_lag_us":74865}
{"cookie":20004,"ev":"listen_event","family":2,"kind":"start","ktime_us":128337161,"port":7302,"reachable":true,"wake_lag_us":74853}
{"cookie":20004,"ev":"listen_event","family":2,"kind":"stop","ktime_us":128337164,"port":7302,"reachable":true,"wake_lag_us":74850}
{"cookie":20005,"ev":"listen_event","family":2,"kind":"start","ktime_us":128337177,"port":7302,"reachable":true,"wake_lag_us":74837}
{"cookie":20005,"ev":"listen_event","family":2,"kind":"stop","ktime_us":128337179,"port":7302,"reachable":true,"wake_lag_us":74835}
{"cookie":20006,"ev":"listen_event","family":2,"kind":"start","ktime_us":128337192,"port":7302,"reachable":true,"wake_lag_us":74822}
{"cookie":20006,"ev":"listen_event","family":2,"kind":"stop","ktime_us":128337194,"port":7302,"reachable":true,"wake_lag_us":74820}
{"cookie":20007,"ev":"listen_event","family":2,"kind":"start","ktime_us":128337207,"port":7302,"reachable":true,"wake_lag_us":74807}
{"cookie":20007,"ev":"listen_event","family":2,"kind":"stop","ktime_us":128337209,"port":7302,"reachable":true,"wake_lag_us":74805}
{"cookie":20008,"ev":"listen_event","family":2,"kind":"start","ktime_us":128337222,"port":7302,"reachable":true,"wake_lag_us":74792}
{"cookie":20008,"ev":"listen_event","family":2,"kind":"stop","ktime_us":128337224,"port":7302,"reachable":true,"wake_lag_us":74790}
{"cookie":20009,"ev":"listen_event","family":2,"kind":"start","ktime_us":128337237,"port":7302,"reachable":true,"wake_lag_us":74777}
{"cookie":20009,"ev":"listen_event","family":2,"kind":"stop","ktime_us":128337239,"port":7302,"reachable":true,"wake_lag_us":74775}
{"cookie":20010,"ev":"listen_event","family":2,"kind":"start","ktime_us":128337252,"port":7302,"reachable":true,"wake_lag_us":74762}
{"cookie":20010,"ev":"listen_event","family":2,"kind":"stop","ktime_us":128337254,"port":7302,"reachable":true,"wake_lag_us":74760}
{"cookie":20011,"ev":"listen_event","family":2,"kind":"start","ktime_us":128337267,"port":7302,"reachable":true,"wake_lag_us":74747}
{"cookie":20011,"ev":"listen_event","family":2,"kind":"stop","ktime_us":128337270,"port":7302,"reachable":true,"wake_lag_us":74744}
{"cookie":20012,"ev":"listen_event","family":2,"kind":"start","ktime_us":128337282,"port":7302,"reachable":true,"wake_lag_us":74732}
{"cookie":20012,"ev":"listen_event","family":2,"kind":"stop","ktime_us":128337285,"port":7302,"reachable":true,"wake_lag_us":74729}
{"cookie":20013,"ev":"listen_event","family":2,"kind":"start","ktime_us":128337297,"port":7302,"reachable":true,"wake_lag_us":74717}
{"cookie":20013,"ev":"listen_event","family":2,"kind":"stop","ktime_us":128337300,"port":7302,"reachable":true,"wake_lag_us":74714}
{"cookie":20014,"ev":"listen_event","family":2,"kind":"start","ktime_us":128337312,"port":7302,"reachable":true,"wake_lag_us":74702}
{"cookie":20014,"ev":"listen_event","family":2,"kind":"stop","ktime_us":128337315,"port":7302,"reachable":true,"wake_lag_us":74699}
{"cookie":20015,"ev":"listen_event","family":2,"kind":"start","ktime_us":128337327,"port":7302,"reachable":true,"wake_lag_us":74687}
{"cookie":20015,"ev":"listen_event","family":2,"kind":"stop","ktime_us":128337330,"port":7302,"reachable":true,"wake_lag_us":74684}
{"cookie":20016,"ev":"listen_event","family":2,"kind":"start","ktime_us":128337342,"port":7302,"reachable":true,"wake_lag_us":74672}
{"cookie":20016,"ev":"listen_event","family":2,"kind":"stop","ktime_us":128337345,"port":7302,"reachable":true,"wake_lag_us":74669}
{"cookie":20017,"ev":"listen_event","family":2,"kind":"start","ktime_us":128337358,"port":7302,"reachable":true,"wake_lag_us":74656}
{"cookie":20017,"ev":"listen_event","family":2,"kind":"stop","ktime_us":128337360,"port":7302,"reachable":true,"wake_lag_us":74654}
{"cookie":20018,"ev":"listen_event","family":2,"kind":"start","ktime_us":128337373,"port":7302,"reachable":true,"wake_lag_us":74641}
{"cookie":20018,"ev":"listen_event","family":2,"kind":"stop","ktime_us":128337375,"port":7302,"reachable":true,"wake_lag_us":74639}
{"cookie":20019,"ev":"listen_event","family":2,"kind":"start","ktime_us":128337397,"port":7302,"reachable":true,"wake_lag_us":74617}
{"cookie":20019,"ev":"listen_event","family":2,"kind":"stop","ktime_us":128337400,"port":7302,"reachable":true,"wake_lag_us":74614}
{"cookie":20020,"ev":"listen_event","family":2,"kind":"start","ktime_us":128337413,"port":7302,"reachable":true,"wake_lag_us":74601}
{"cookie":20020,"ev":"listen_event","family":2,"kind":"stop","ktime_us":128337415,"port":7302,"reachable":true,"wake_lag_us":74599}
{"cookie":20021,"ev":"listen_event","family":2,"kind":"start","ktime_us":128337428,"port":7302,"reachable":true,"wake_lag_us":74586}
{"cookie":20021,"ev":"listen_event","family":2,"kind":"stop","ktime_us":128337430,"port":7302,"reachable":true,"wake_lag_us":74584}
{"cookie":20022,"ev":"listen_event","family":2,"kind":"start","ktime_us":128337443,"port":7302,"reachable":true,"wake_lag_us":74571}
{"cookie":20022,"ev":"listen_event","family":2,"kind":"stop","ktime_us":128337445,"port":7302,"reachable":true,"wake_lag_us":74569}
{"cookie":20023,"ev":"listen_event","family":2,"kind":"start","ktime_us":128337458,"port":7302,"reachable":true,"wake_lag_us":74556}
{"cookie":20023,"ev":"listen_event","family":2,"kind":"stop","ktime_us":128337460,"port":7302,"reachable":true,"wake_lag_us":74554}
{"cookie":20024,"ev":"listen_event","family":2,"kind":"start","ktime_us":128337473,"port":7302,"reachable":true,"wake_lag_us":74541}
{"cookie":20024,"ev":"listen_event","family":2,"kind":"stop","ktime_us":128337475,"port":7302,"reachable":true,"wake_lag_us":74539}
{"cookie":20025,"ev":"listen_event","family":2,"kind":"start","ktime_us":128337488,"port":7302,"reachable":true,"wake_lag_us":74526}
{"cookie":20025,"ev":"listen_event","family":2,"kind":"stop","ktime_us":128337490,"port":7302,"reachable":true,"wake_lag_us":74524}
{"cookie":20026,"ev":"listen_event","family":2,"kind":"start","ktime_us":128337503,"port":7302,"reachable":true,"wake_lag_us":74511}
{"cookie":20026,"ev":"listen_event","family":2,"kind":"stop","ktime_us":128337505,"port":7302,"reachable":true,"wake_lag_us":74509}
{"cookie":20027,"ev":"listen_event","family":2,"kind":"start","ktime_us":128337518,"port":7302,"reachable":true,"wake_lag_us":74496}
{"cookie":20027,"ev":"listen_event","family":2,"kind":"stop","ktime_us":128337520,"port":7302,"reachable":true,"wake_lag_us":74494}
{"cookie":20028,"ev":"listen_event","family":2,"kind":"start","ktime_us":128337533,"port":7302,"reachable":true,"wake_lag_us":74481}
{"cookie":20028,"ev":"listen_event","family":2,"kind":"stop","ktime_us":128337535,"port":7302,"reachable":true,"wake_lag_us":74479}
{"cookie":20029,"ev":"listen_event","family":2,"kind":"start","ktime_us":128337548,"port":7302,"reachable":true,"wake_lag_us":74466}
{"cookie":20029,"ev":"listen_event","family":2,"kind":"stop","ktime_us":128337550,"port":7302,"reachable":true,"wake_lag_us":74464}
{"cookie":20030,"ev":"listen_event","family":2,"kind":"start","ktime_us":128337563,"port":7302,"reachable":true,"wake_lag_us":74451}
{"cookie":20030,"ev":"listen_event","family":2,"kind":"stop","ktime_us":128337566,"port":7302,"reachable":true,"wake_lag_us":74448}
{"cookie":20031,"ev":"listen_event","family":2,"kind":"start","ktime_us":128337578,"port":7302,"reachable":true,"wake_lag_us":74436}
{"cookie":20031,"ev":"listen_event","family":2,"kind":"stop","ktime_us":128337581,"port":7302,"reachable":true,"wake_lag_us":74433}
{"cookie":20032,"ev":"listen_event","family":2,"kind":"start","ktime_us":128337593,"port":7302,"reachable":true,"wake_lag_us":74421}
{"cookie":20032,"ev":"listen_event","family":2,"kind":"stop","ktime_us":128337596,"port":7302,"reachable":true,"wake_lag_us":74418}
{"cookie":20033,"ev":"listen_event","family":2,"kind":"start","ktime_us":128337609,"port":7302,"reachable":true,"wake_lag_us":74405}
{"cookie":20033,"ev":"listen_event","family":2,"kind":"stop","ktime_us":128337612,"port":7302,"reachable":true,"wake_lag_us":74402}
{"cookie":20034,"ev":"listen_event","family":2,"kind":"start","ktime_us":128337624,"port":7302,"reachable":true,"wake_lag_us":74390}
{"cookie":20034,"ev":"listen_event","family":2,"kind":"stop","ktime_us":128337627,"port":7302,"reachable":true,"wake_lag_us":74387}
{"cookie":20035,"ev":"listen_event","family":2,"kind":"start","ktime_us":128337639,"port":7302,"reachable":true,"wake_lag_us":74375}
{"cookie":20035,"ev":"listen_event","family":2,"kind":"stop","ktime_us":128337642,"port":7302,"reachable":true,"wake_lag_us":74372}
{"cookie":20036,"ev":"listen_event","family":2,"kind":"start","ktime_us":128337654,"port":7302,"reachable":true,"wake_lag_us":74360}
{"cookie":20036,"ev":"listen_event","family":2,"kind":"stop","ktime_us":128337657,"port":7302,"reachable":true,"wake_lag_us":74357}
{"cookie":20037,"ev":"listen_event","family":2,"kind":"start","ktime_us":128337670,"port":7302,"reachable":true,"wake_lag_us":74344}
{"cookie":20037,"ev":"listen_event","family":2,"kind":"stop","ktime_us":128337672,"port":7302,"reachable":true,"wake_lag_us":74342}
{"cookie":20038,"ev":"listen_event","family":2,"kind":"start","ktime_us":128337685,"port":7302,"reachable":true,"wake_lag_us":74329}
{"cookie":20038,"ev":"listen_event","family":2,"kind":"stop","ktime_us":128337688,"port":7302,"reachable":true,"wake_lag_us":74326}
{"cookie":20039,"ev":"listen_event","family":2,"kind":"start","ktime_us":128337701,"port":7302,"reachable":true,"wake_lag_us":74313}
{"cookie":20039,"ev":"listen_event","family":2,"kind":"stop","ktime_us":128337703,"port":7302,"reachable":true,"wake_lag_us":74311}
{"cookie":20040,"ev":"listen_event","family":2,"kind":"start","ktime_us":128337716,"port":7302,"reachable":true,"wake_lag_us":74298}
{"cookie":20040,"ev":"listen_event","family":2,"kind":"stop","ktime_us":128337719,"port":7302,"reachable":true,"wake_lag_us":74295}
{"cookie":20041,"ev":"listen_event","family":2,"kind":"start","ktime_us":128337732,"port":7302,"reachable":true,"wake_lag_us":74282}
{"cookie":20041,"ev":"listen_event","family":2,"kind":"stop","ktime_us":128337734,"port":7302,"reachable":true,"wake_lag_us":74280}
{"cookie":20042,"ev":"listen_event","family":2,"kind":"start","ktime_us":128337747,"port":7302,"reachable":true,"wake_lag_us":74267}
{"cookie":20042,"ev":"listen_event","family":2,"kind":"stop","ktime_us":128337750,"port":7302,"reachable":true,"wake_lag_us":74264}
{"cookie":20043,"ev":"listen_event","family":2,"kind":"start","ktime_us":128337762,"port":7302,"reachable":true,"wake_lag_us":74252}
{"cookie":20043,"ev":"listen_event","family":2,"kind":"stop","ktime_us":128337765,"port":7302,"reachable":true,"wake_lag_us":74249}
{"cookie":20044,"ev":"listen_event","family":2,"kind":"start","ktime_us":128337777,"port":7302,"reachable":true,"wake_lag_us":74237}
{"cookie":20044,"ev":"listen_event","family":2,"kind":"stop","ktime_us":128337780,"port":7302,"reachable":true,"wake_lag_us":74234}
{"cookie":20045,"ev":"listen_event","family":2,"kind":"start","ktime_us":128337792,"port":7302,"reachable":true,"wake_lag_us":74222}
{"cookie":20045,"ev":"listen_event","family":2,"kind":"stop","ktime_us":128337795,"port":7302,"reachable":true,"wake_lag_us":74219}
{"cookie":20046,"ev":"listen_event","family":2,"kind":"start","ktime_us":128337807,"port":7302,"reachable":true,"wake_lag_us":74207}
{"cookie":20046,"ev":"listen_event","family":2,"kind":"stop","ktime_us":128337810,"port":7302,"reachable":true,"wake_lag_us":74204}
{"cookie":20047,"ev":"listen_event","family":2,"kind":"start","ktime_us":128337822,"port":7302,"reachable":true,"wake_lag_us":74192}
{"cookie":20047,"ev":"listen_event","family":2,"kind":"stop","ktime_us":128337825,"port":7302,"reachable":true,"wake_lag_us":74189}
{"cookie":20048,"ev":"listen_event","family":2,"kind":"start","ktime_us":128337837,"port":7302,"reachable":true,"wake_lag_us":74177}
{"cookie":20048,"ev":"listen_event","family":2,"kind":"stop","ktime_us":128337840,"port":7302,"reachable":true,"wake_lag_us":74174}
{"cookie":20049,"ev":"listen_event","family":2,"kind":"start","ktime_us":128337852,"port":7302,"reachable":true,"wake_lag_us":74162}
{"cookie":20049,"ev":"listen_event","family":2,"kind":"stop","ktime_us":128337855,"port":7302,"reachable":true,"wake_lag_us":74159}
{"cookie":20050,"ev":"listen_event","family":2,"kind":"start","ktime_us":128337867,"port":7302,"reachable":true,"wake_lag_us":74147}
{"cookie":20050,"ev":"listen_event","family":2,"kind":"stop","ktime_us":128337870,"port":7302,"reachable":true,"wake_lag_us":74144}
{"cookie":20051,"ev":"listen_event","family":2,"kind":"start","ktime_us":128337882,"port":7302,"reachable":true,"wake_lag_us":74132}
{"cookie":20051,"ev":"listen_event","family":2,"kind":"stop","ktime_us":128337885,"port":7302,"reachable":true,"wake_lag_us":74129}
{"cookie":20052,"ev":"listen_event","family":2,"kind":"start","ktime_us":128337897,"port":7302,"reachable":true,"wake_lag_us":74117}
{"cookie":20052,"ev":"listen_event","family":2,"kind":"stop","ktime_us":128337900,"port":7302,"reachable":true,"wake_lag_us":74114}
{"cookie":20053,"ev":"listen_event","family":2,"kind":"start","ktime_us":128337912,"port":7302,"reachable":true,"wake_lag_us":74102}
{"cookie":20053,"ev":"listen_event","family":2,"kind":"stop","ktime_us":128337915,"port":7302,"reachable":true,"wake_lag_us":74099}
{"cookie":20054,"ev":"listen_event","family":2,"kind":"start","ktime_us":128337927,"port":7302,"reachable":true,"wake_lag_us":74087}
{"cookie":20054,"ev":"listen_event","family":2,"kind":"stop","ktime_us":128337930,"port":7302,"reachable":true,"wake_lag_us":74084}
{"cookie":20055,"ev":"listen_event","family":2,"kind":"start","ktime_us":128337942,"port":7302,"reachable":true,"wake_lag_us":74072}
{"cookie":20055,"ev":"listen_event","family":2,"kind":"stop","ktime_us":128337945,"port":7302,"reachable":true,"wake_lag_us":74069}
{"cookie":20056,"ev":"listen_event","family":2,"kind":"start","ktime_us":128337957,"port":7302,"reachable":true,"wake_lag_us":74057}
{"cookie":20056,"ev":"listen_event","family":2,"kind":"stop","ktime_us":128337960,"port":7302,"reachable":true,"wake_lag_us":74054}
{"cookie":20057,"ev":"listen_event","family":2,"kind":"start","ktime_us":128337972,"port":7302,"reachable":true,"wake_lag_us":74042}
{"cookie":20057,"ev":"listen_event","family":2,"kind":"stop","ktime_us":128337974,"port":7302,"reachable":true,"wake_lag_us":74040}
{"cookie":20058,"ev":"listen_event","family":2,"kind":"start","ktime_us":128337987,"port":7302,"reachable":true,"wake_lag_us":74027}
{"cookie":20058,"ev":"listen_event","family":2,"kind":"stop","ktime_us":128337990,"port":7302,"reachable":true,"wake_lag_us":74024}
{"cookie":20059,"ev":"listen_event","family":2,"kind":"start","ktime_us":128338024,"port":7302,"reachable":true,"wake_lag_us":73990}
{"cookie":20059,"ev":"listen_event","family":2,"kind":"stop","ktime_us":128338026,"port":7302,"reachable":true,"wake_lag_us":73988}
{"cookie":20060,"ev":"listen_event","family":2,"kind":"start","ktime_us":128338039,"port":7302,"reachable":true,"wake_lag_us":73975}
{"cookie":20060,"ev":"listen_event","family":2,"kind":"stop","ktime_us":128338042,"port":7302,"reachable":true,"wake_lag_us":73972}
{"cookie":20061,"ev":"listen_event","family":2,"kind":"start","ktime_us":128338054,"port":7302,"reachable":true,"wake_lag_us":73960}
{"cookie":20061,"ev":"listen_event","family":2,"kind":"stop","ktime_us":128338057,"port":7302,"reachable":true,"wake_lag_us":73957}
{"cookie":20062,"ev":"listen_event","family":2,"kind":"start","ktime_us":128338069,"port":7302,"reachable":true,"wake_lag_us":73945}
{"cookie":20062,"ev":"listen_event","family":2,"kind":"stop","ktime_us":128338072,"port":7302,"reachable":true,"wake_lag_us":73942}
{"cookie":20063,"ev":"listen_event","family":2,"kind":"start","ktime_us":128338084,"port":7302,"reachable":true,"wake_lag_us":73930}
{"cookie":20063,"ev":"listen_event","family":2,"kind":"stop","ktime_us":128338087,"port":7302,"reachable":true,"wake_lag_us":73927}
{"cookie":20064,"ev":"listen_event","family":2,"kind":"start","ktime_us":128338099,"port":7302,"reachable":true,"wake_lag_us":73915}
{"cookie":20064,"ev":"listen_event","family":2,"kind":"stop","ktime_us":128338102,"port":7302,"reachable":true,"wake_lag_us":73912}
{"cookie":20065,"ev":"listen_event","family":2,"kind":"start","ktime_us":128338114,"port":7302,"reachable":true,"wake_lag_us":73900}
{"cookie":20065,"ev":"listen_event","family":2,"kind":"stop","ktime_us":128338117,"port":7302,"reachable":true,"wake_lag_us":73897}
{"cookie":20066,"ev":"listen_event","family":2,"kind":"start","ktime_us":128338129,"port":7302,"reachable":true,"wake_lag_us":73885}
{"cookie":20066,"ev":"listen_event","family":2,"kind":"stop","ktime_us":128338132,"port":7302,"reachable":true,"wake_lag_us":73882}
{"cookie":20067,"ev":"listen_event","family":2,"kind":"start","ktime_us":128338144,"port":7302,"reachable":true,"wake_lag_us":73870}
{"cookie":20067,"ev":"listen_event","family":2,"kind":"stop","ktime_us":128338147,"port":7302,"reachable":true,"wake_lag_us":73867}
{"cookie":20068,"ev":"listen_event","family":2,"kind":"start","ktime_us":128338159,"port":7302,"reachable":true,"wake_lag_us":73855}
{"cookie":20068,"ev":"listen_event","family":2,"kind":"stop","ktime_us":128338162,"port":7302,"reachable":true,"wake_lag_us":73852}
{"cookie":20069,"ev":"listen_event","family":2,"kind":"start","ktime_us":128338174,"port":7302,"reachable":true,"wake_lag_us":73840}
{"cookie":20069,"ev":"listen_event","family":2,"kind":"stop","ktime_us":128338176,"port":7302,"reachable":true,"wake_lag_us":73838}
{"cookie":20070,"ev":"listen_event","family":2,"kind":"start","ktime_us":128338189,"port":7302,"reachable":true,"wake_lag_us":73825}
{"cookie":20070,"ev":"listen_event","family":2,"kind":"stop","ktime_us":128338191,"port":7302,"reachable":true,"wake_lag_us":73823}
{"cookie":20071,"ev":"listen_event","family":2,"kind":"start","ktime_us":128338204,"port":7302,"reachable":true,"wake_lag_us":73810}
{"cookie":20071,"ev":"listen_event","family":2,"kind":"stop","ktime_us":128338206,"port":7302,"reachable":true,"wake_lag_us":73808}
{"cookie":20072,"ev":"listen_event","family":2,"kind":"start","ktime_us":128338219,"port":7302,"reachable":true,"wake_lag_us":73795}
{"cookie":20072,"ev":"listen_event","family":2,"kind":"stop","ktime_us":128338221,"port":7302,"reachable":true,"wake_lag_us":73793}
{"cookie":20073,"ev":"listen_event","family":2,"kind":"start","ktime_us":128338234,"port":7302,"reachable":true,"wake_lag_us":73780}
{"cookie":20073,"ev":"listen_event","family":2,"kind":"stop","ktime_us":128338236,"port":7302,"reachable":true,"wake_lag_us":73778}
{"cookie":20074,"ev":"listen_event","family":2,"kind":"start","ktime_us":128338249,"port":7302,"reachable":true,"wake_lag_us":73765}
{"cookie":20074,"ev":"listen_event","family":2,"kind":"stop","ktime_us":128338251,"port":7302,"reachable":true,"wake_lag_us":73763}
{"cookie":20075,"ev":"listen_event","family":2,"kind":"start","ktime_us":128338264,"port":7302,"reachable":true,"wake_lag_us":73750}
{"cookie":20075,"ev":"listen_event","family":2,"kind":"stop","ktime_us":128338266,"port":7302,"reachable":true,"wake_lag_us":73748}
{"cookie":20076,"ev":"listen_event","family":2,"kind":"start","ktime_us":128338279,"port":7302,"reachable":true,"wake_lag_us":73735}
{"cookie":20076,"ev":"listen_event","family":2,"kind":"stop","ktime_us":128338281,"port":7302,"reachable":true,"wake_lag_us":73733}
{"cookie":20077,"ev":"listen_event","family":2,"kind":"start","ktime_us":128338294,"port":7302,"reachable":true,"wake_lag_us":73720}
{"cookie":20077,"ev":"listen_event","family":2,"kind":"stop","ktime_us":128338296,"port":7302,"reachable":true,"wake_lag_us":73718}
{"cookie":20078,"ev":"listen_event","family":2,"kind":"start","ktime_us":128338309,"port":7302,"reachable":true,"wake_lag_us":73705}
{"cookie":20078,"ev":"listen_event","family":2,"kind":"stop","ktime_us":128338311,"port":7302,"reachable":true,"wake_lag_us":73703}
{"cookie":20079,"ev":"listen_event","family":2,"kind":"start","ktime_us":128338324,"port":7302,"reachable":true,"wake_lag_us":73690}
{"cookie":20079,"ev":"listen_event","family":2,"kind":"stop","ktime_us":128338326,"port":7302,"reachable":true,"wake_lag_us":73688}
{"cookie":20080,"ev":"listen_event","family":2,"kind":"start","ktime_us":128338338,"port":7302,"reachable":true,"wake_lag_us":73676}
{"cookie":20080,"ev":"listen_event","family":2,"kind":"stop","ktime_us":128338341,"port":7302,"reachable":true,"wake_lag_us":73673}
{"cookie":20081,"ev":"listen_event","family":2,"kind":"start","ktime_us":128338353,"port":7302,"reachable":true,"wake_lag_us":73661}
{"cookie":20081,"ev":"listen_event","family":2,"kind":"stop","ktime_us":128338356,"port":7302,"reachable":true,"wake_lag_us":73658}
{"cookie":20082,"ev":"listen_event","family":2,"kind":"start","ktime_us":128338368,"port":7302,"reachable":true,"wake_lag_us":73646}
{"cookie":20082,"ev":"listen_event","family":2,"kind":"stop","ktime_us":128338371,"port":7302,"reachable":true,"wake_lag_us":73643}
{"cookie":20083,"ev":"listen_event","family":2,"kind":"start","ktime_us":128338383,"port":7302,"reachable":true,"wake_lag_us":73631}
{"cookie":20083,"ev":"listen_event","family":2,"kind":"stop","ktime_us":128338432,"port":7302,"reachable":true,"wake_lag_us":73582}
{"cookie":20084,"ev":"listen_event","family":2,"kind":"start","ktime_us":128338445,"port":7302,"reachable":true,"wake_lag_us":73569}
{"cookie":20084,"ev":"listen_event","family":2,"kind":"stop","ktime_us":128338448,"port":7302,"reachable":true,"wake_lag_us":73566}
{"cookie":20085,"ev":"listen_event","family":2,"kind":"start","ktime_us":128338460,"port":7302,"reachable":true,"wake_lag_us":73554}
{"cookie":20085,"ev":"listen_event","family":2,"kind":"stop","ktime_us":128338463,"port":7302,"reachable":true,"wake_lag_us":73551}
{"cookie":20086,"ev":"listen_event","family":2,"kind":"start","ktime_us":128338476,"port":7302,"reachable":true,"wake_lag_us":73538}
{"cookie":20086,"ev":"listen_event","family":2,"kind":"stop","ktime_us":128338478,"port":7302,"reachable":true,"wake_lag_us":73536}
{"cookie":20087,"ev":"listen_event","family":2,"kind":"start","ktime_us":128338491,"port":7302,"reachable":true,"wake_lag_us":73523}
{"cookie":20087,"ev":"listen_event","family":2,"kind":"stop","ktime_us":128338493,"port":7302,"reachable":true,"wake_lag_us":73521}
{"cookie":20088,"ev":"listen_event","family":2,"kind":"start","ktime_us":128338506,"port":7302,"reachable":true,"wake_lag_us":73508}
{"cookie":20088,"ev":"listen_event","family":2,"kind":"stop","ktime_us":128338508,"port":7302,"reachable":true,"wake_lag_us":73506}
{"cookie":20089,"ev":"listen_event","family":2,"kind":"start","ktime_us":128338521,"port":7302,"reachable":true,"wake_lag_us":73493}
{"cookie":20089,"ev":"listen_event","family":2,"kind":"stop","ktime_us":128338523,"port":7302,"reachable":true,"wake_lag_us":73491}
{"cookie":20090,"ev":"listen_event","family":2,"kind":"start","ktime_us":128338536,"port":7302,"reachable":true,"wake_lag_us":73478}
{"cookie":20090,"ev":"listen_event","family":2,"kind":"stop","ktime_us":128338538,"port":7302,"reachable":true,"wake_lag_us":73476}
{"cookie":20091,"ev":"listen_event","family":2,"kind":"start","ktime_us":128338551,"port":7302,"reachable":true,"wake_lag_us":73463}
{"cookie":20091,"ev":"listen_event","family":2,"kind":"stop","ktime_us":128338553,"port":7302,"reachable":true,"wake_lag_us":73461}
{"cookie":20092,"ev":"listen_event","family":2,"kind":"start","ktime_us":128338566,"port":7302,"reachable":true,"wake_lag_us":73448}
{"cookie":20092,"ev":"listen_event","family":2,"kind":"stop","ktime_us":128338568,"port":7302,"reachable":true,"wake_lag_us":73446}
{"cookie":20093,"ev":"listen_event","family":2,"kind":"start","ktime_us":128338581,"port":7302,"reachable":true,"wake_lag_us":73433}
{"cookie":20093,"ev":"listen_event","family":2,"kind":"stop","ktime_us":128338583,"port":7302,"reachable":true,"wake_lag_us":73431}
{"cookie":20094,"ev":"listen_event","family":2,"kind":"start","ktime_us":128338596,"port":7302,"reachable":true,"wake_lag_us":73418}
{"cookie":20094,"ev":"listen_event","family":2,"kind":"stop","ktime_us":128338598,"port":7302,"reachable":true,"wake_lag_us":73416}
{"cookie":20095,"ev":"listen_event","family":2,"kind":"start","ktime_us":128338611,"port":7302,"reachable":true,"wake_lag_us":73403}
{"cookie":20095,"ev":"listen_event","family":2,"kind":"stop","ktime_us":128338613,"port":7302,"reachable":true,"wake_lag_us":73401}
{"cookie":20096,"ev":"listen_event","family":2,"kind":"start","ktime_us":128338626,"port":7302,"reachable":true,"wake_lag_us":73388}
{"cookie":20096,"ev":"listen_event","family":2,"kind":"stop","ktime_us":128338628,"port":7302,"reachable":true,"wake_lag_us":73386}
{"cookie":20097,"ev":"listen_event","family":2,"kind":"start","ktime_us":128338641,"port":7302,"reachable":true,"wake_lag_us":73373}
{"cookie":20097,"ev":"listen_event","family":2,"kind":"stop","ktime_us":128338643,"port":7302,"reachable":true,"wake_lag_us":73371}
{"cookie":20098,"ev":"listen_event","family":2,"kind":"start","ktime_us":128338656,"port":7302,"reachable":true,"wake_lag_us":73358}
{"cookie":20098,"ev":"listen_event","family":2,"kind":"stop","ktime_us":128338658,"port":7302,"reachable":true,"wake_lag_us":73356}
{"cookie":20099,"ev":"listen_event","family":2,"kind":"start","ktime_us":128338671,"port":7302,"reachable":true,"wake_lag_us":73343}
{"cookie":20099,"ev":"listen_event","family":2,"kind":"stop","ktime_us":128338673,"port":7302,"reachable":true,"wake_lag_us":73341}
{"cookie":20100,"ev":"listen_event","family":2,"kind":"start","ktime_us":128338686,"port":7302,"reachable":true,"wake_lag_us":73328}
{"cookie":20100,"ev":"listen_event","family":2,"kind":"stop","ktime_us":128338688,"port":7302,"reachable":true,"wake_lag_us":73326}
{"cookie":20101,"ev":"listen_event","family":2,"kind":"start","ktime_us":128338701,"port":7302,"reachable":true,"wake_lag_us":73313}
{"cookie":20101,"ev":"listen_event","family":2,"kind":"stop","ktime_us":128338703,"port":7302,"reachable":true,"wake_lag_us":73311}
{"cookie":20102,"ev":"listen_event","family":2,"kind":"start","ktime_us":128338716,"port":7302,"reachable":true,"wake_lag_us":73298}
{"cookie":20102,"ev":"listen_event","family":2,"kind":"stop","ktime_us":128338718,"port":7302,"reachable":true,"wake_lag_us":73296}
{"cookie":20103,"ev":"listen_event","family":2,"kind":"start","ktime_us":128338731,"port":7302,"reachable":true,"wake_lag_us":73283}
{"cookie":20103,"ev":"listen_event","family":2,"kind":"stop","ktime_us":128338733,"port":7302,"reachable":true,"wake_lag_us":73281}
{"cookie":20104,"ev":"listen_event","family":2,"kind":"start","ktime_us":128338746,"port":7302,"reachable":true,"wake_lag_us":73268}
{"cookie":20104,"ev":"listen_event","family":2,"kind":"stop","ktime_us":128338749,"port":7302,"reachable":true,"wake_lag_us":73265}
{"cookie":20105,"ev":"listen_event","family":2,"kind":"start","ktime_us":128338762,"port":7302,"reachable":true,"wake_lag_us":73252}
{"cookie":20105,"ev":"listen_event","family":2,"kind":"stop","ktime_us":128338764,"port":7302,"reachable":true,"wake_lag_us":73250}
{"cookie":20106,"ev":"listen_event","family":2,"kind":"start","ktime_us":128338777,"port":7302,"reachable":true,"wake_lag_us":73237}
{"cookie":20106,"ev":"listen_event","family":2,"kind":"stop","ktime_us":128338779,"port":7302,"reachable":true,"wake_lag_us":73235}
{"cookie":20107,"ev":"listen_event","family":2,"kind":"start","ktime_us":128338791,"port":7302,"reachable":true,"wake_lag_us":73223}
{"cookie":20107,"ev":"listen_event","family":2,"kind":"stop","ktime_us":128338794,"port":7302,"reachable":true,"wake_lag_us":73220}
{"cookie":20108,"ev":"listen_event","family":2,"kind":"start","ktime_us":128338806,"port":7302,"reachable":true,"wake_lag_us":73208}
{"cookie":20108,"ev":"listen_event","family":2,"kind":"stop","ktime_us":128338809,"port":7302,"reachable":true,"wake_lag_us":73205}
{"cookie":20109,"ev":"listen_event","family":2,"kind":"start","ktime_us":128338821,"port":7302,"reachable":true,"wake_lag_us":73193}
{"cookie":20109,"ev":"listen_event","family":2,"kind":"stop","ktime_us":128338824,"port":7302,"reachable":true,"wake_lag_us":73190}
{"cookie":20110,"ev":"listen_event","family":2,"kind":"start","ktime_us":128338837,"port":7302,"reachable":true,"wake_lag_us":73177}
{"cookie":20110,"ev":"listen_event","family":2,"kind":"stop","ktime_us":128338839,"port":7302,"reachable":true,"wake_lag_us":73175}
{"cookie":20111,"ev":"listen_event","family":2,"kind":"start","ktime_us":128338852,"port":7302,"reachable":true,"wake_lag_us":73162}
{"cookie":20111,"ev":"listen_event","family":2,"kind":"stop","ktime_us":128338854,"port":7302,"reachable":true,"wake_lag_us":73160}
{"cookie":20112,"ev":"listen_event","family":2,"kind":"start","ktime_us":128338867,"port":7302,"reachable":true,"wake_lag_us":73147}
{"cookie":20112,"ev":"listen_event","family":2,"kind":"stop","ktime_us":128338869,"port":7302,"reachable":true,"wake_lag_us":73145}
{"cookie":20113,"ev":"listen_event","family":2,"kind":"start","ktime_us":128338882,"port":7302,"reachable":true,"wake_lag_us":73132}
{"cookie":20113,"ev":"listen_event","family":2,"kind":"stop","ktime_us":128338884,"port":7302,"reachable":true,"wake_lag_us":73130}
{"cookie":20114,"ev":"listen_event","family":2,"kind":"start","ktime_us":128338897,"port":7302,"reachable":true,"wake_lag_us":73117}
{"cookie":20114,"ev":"listen_event","family":2,"kind":"stop","ktime_us":128338899,"port":7302,"reachable":true,"wake_lag_us":73115}
{"cookie":20115,"ev":"listen_event","family":2,"kind":"start","ktime_us":128338912,"port":7302,"reachable":true,"wake_lag_us":73102}
{"cookie":20115,"ev":"listen_event","family":2,"kind":"stop","ktime_us":128338914,"port":7302,"reachable":true,"wake_lag_us":73100}
{"cookie":20116,"ev":"listen_event","family":2,"kind":"start","ktime_us":128338927,"port":7302,"reachable":true,"wake_lag_us":73087}
{"cookie":20116,"ev":"listen_event","family":2,"kind":"stop","ktime_us":128338929,"port":7302,"reachable":true,"wake_lag_us":73085}
{"cookie":20117,"ev":"listen_event","family":2,"kind":"start","ktime_us":128338942,"port":7302,"reachable":true,"wake_lag_us":73072}
{"cookie":20117,"ev":"listen_event","family":2,"kind":"stop","ktime_us":128338944,"port":7302,"reachable":true,"wake_lag_us":73070}
{"cookie":20118,"ev":"listen_event","family":2,"kind":"start","ktime_us":128338957,"port":7302,"reachable":true,"wake_lag_us":73057}
{"cookie":20118,"ev":"listen_event","family":2,"kind":"stop","ktime_us":128338959,"port":7302,"reachable":true,"wake_lag_us":73055}
{"cookie":20119,"ev":"listen_event","family":2,"kind":"start","ktime_us":128338972,"port":7302,"reachable":true,"wake_lag_us":73042}
{"cookie":20119,"ev":"listen_event","family":2,"kind":"stop","ktime_us":128338974,"port":7302,"reachable":true,"wake_lag_us":73040}
{"cookie":20120,"ev":"listen_event","family":2,"kind":"start","ktime_us":128338987,"port":7302,"reachable":true,"wake_lag_us":73027}
{"cookie":20120,"ev":"listen_event","family":2,"kind":"stop","ktime_us":128338989,"port":7302,"reachable":true,"wake_lag_us":73025}
{"cookie":20121,"ev":"listen_event","family":2,"kind":"start","ktime_us":128339111,"port":7302,"reachable":true,"wake_lag_us":72903}
{"cookie":20121,"ev":"listen_event","family":2,"kind":"stop","ktime_us":128339114,"port":7302,"reachable":true,"wake_lag_us":72900}
{"cookie":20122,"ev":"listen_event","family":2,"kind":"start","ktime_us":128339127,"port":7302,"reachable":true,"wake_lag_us":72887}
{"cookie":20122,"ev":"listen_event","family":2,"kind":"stop","ktime_us":128339129,"port":7302,"reachable":true,"wake_lag_us":72885}
{"cookie":20123,"ev":"listen_event","family":2,"kind":"start","ktime_us":128339142,"port":7302,"reachable":true,"wake_lag_us":72872}
{"cookie":20123,"ev":"listen_event","family":2,"kind":"stop","ktime_us":128339145,"port":7302,"reachable":true,"wake_lag_us":72869}
{"cookie":20124,"ev":"listen_event","family":2,"kind":"start","ktime_us":128339157,"port":7302,"reachable":true,"wake_lag_us":72857}
{"cookie":20124,"ev":"listen_event","family":2,"kind":"stop","ktime_us":128339160,"port":7302,"reachable":true,"wake_lag_us":72854}
{"cookie":20125,"ev":"listen_event","family":2,"kind":"start","ktime_us":128339172,"port":7302,"reachable":true,"wake_lag_us":72842}
{"cookie":20125,"ev":"listen_event","family":2,"kind":"stop","ktime_us":128339175,"port":7302,"reachable":true,"wake_lag_us":72839}
{"cookie":20126,"ev":"listen_event","family":2,"kind":"start","ktime_us":128339187,"port":7302,"reachable":true,"wake_lag_us":72827}
{"cookie":20126,"ev":"listen_event","family":2,"kind":"stop","ktime_us":128339190,"port":7302,"reachable":true,"wake_lag_us":72824}
{"cookie":20127,"ev":"listen_event","family":2,"kind":"start","ktime_us":128339203,"port":7302,"reachable":true,"wake_lag_us":72811}
{"cookie":20127,"ev":"listen_event","family":2,"kind":"stop","ktime_us":128339205,"port":7302,"reachable":true,"wake_lag_us":72809}
{"cookie":20128,"ev":"listen_event","family":2,"kind":"start","ktime_us":128339218,"port":7302,"reachable":true,"wake_lag_us":72796}
{"cookie":20128,"ev":"listen_event","family":2,"kind":"stop","ktime_us":128339220,"port":7302,"reachable":true,"wake_lag_us":72794}
{"cookie":20129,"ev":"listen_event","family":2,"kind":"start","ktime_us":128339233,"port":7302,"reachable":true,"wake_lag_us":72781}
{"cookie":20129,"ev":"listen_event","family":2,"kind":"stop","ktime_us":128339235,"port":7302,"reachable":true,"wake_lag_us":72779}
{"cookie":20130,"ev":"listen_event","family":2,"kind":"start","ktime_us":128339248,"port":7302,"reachable":true,"wake_lag_us":72766}
{"cookie":20130,"ev":"listen_event","family":2,"kind":"stop","ktime_us":128339250,"port":7302,"reachable":true,"wake_lag_us":72764}
{"cookie":20131,"ev":"listen_event","family":2,"kind":"start","ktime_us":128339263,"port":7302,"reachable":true,"wake_lag_us":72751}
{"cookie":20131,"ev":"listen_event","family":2,"kind":"stop","ktime_us":128339265,"port":7302,"reachable":true,"wake_lag_us":72749}
{"cookie":20132,"ev":"listen_event","family":2,"kind":"start","ktime_us":128339277,"port":7302,"reachable":true,"wake_lag_us":72737}
{"cookie":20132,"ev":"listen_event","family":2,"kind":"stop","ktime_us":128339280,"port":7302,"reachable":true,"wake_lag_us":72734}
{"cookie":20133,"ev":"listen_event","family":2,"kind":"start","ktime_us":128339292,"port":7302,"reachable":true,"wake_lag_us":72722}
{"cookie":20133,"ev":"listen_event","family":2,"kind":"stop","ktime_us":128339295,"port":7302,"reachable":true,"wake_lag_us":72719}
{"cookie":20134,"ev":"listen_event","family":2,"kind":"start","ktime_us":128339307,"port":7302,"reachable":true,"wake_lag_us":72707}
{"cookie":20134,"ev":"listen_event","family":2,"kind":"stop","ktime_us":128339310,"port":7302,"reachable":true,"wake_lag_us":72704}
{"cookie":20135,"ev":"listen_event","family":2,"kind":"start","ktime_us":128339322,"port":7302,"reachable":true,"wake_lag_us":72692}
{"cookie":20135,"ev":"listen_event","family":2,"kind":"stop","ktime_us":128339325,"port":7302,"reachable":true,"wake_lag_us":72689}
{"cookie":20136,"ev":"listen_event","family":2,"kind":"start","ktime_us":128339337,"port":7302,"reachable":true,"wake_lag_us":72677}
{"cookie":20136,"ev":"listen_event","family":2,"kind":"stop","ktime_us":128339340,"port":7302,"reachable":true,"wake_lag_us":72674}
{"cookie":20137,"ev":"listen_event","family":2,"kind":"start","ktime_us":128339353,"port":7302,"reachable":true,"wake_lag_us":72661}
{"cookie":20137,"ev":"listen_event","family":2,"kind":"stop","ktime_us":128339355,"port":7302,"reachable":true,"wake_lag_us":72659}
{"cookie":20138,"ev":"listen_event","family":2,"kind":"start","ktime_us":128339368,"port":7302,"reachable":true,"wake_lag_us":72646}
{"cookie":20138,"ev":"listen_event","family":2,"kind":"stop","ktime_us":128339370,"port":7302,"reachable":true,"wake_lag_us":72644}
{"cookie":20139,"ev":"listen_event","family":2,"kind":"start","ktime_us":128339383,"port":7302,"reachable":true,"wake_lag_us":72631}
{"cookie":20139,"ev":"listen_event","family":2,"kind":"stop","ktime_us":128339385,"port":7302,"reachable":true,"wake_lag_us":72629}
{"cookie":20140,"ev":"listen_event","family":2,"kind":"start","ktime_us":128339408,"port":7302,"reachable":true,"wake_lag_us":72606}
{"cookie":20140,"ev":"listen_event","family":2,"kind":"stop","ktime_us":128339411,"port":7302,"reachable":true,"wake_lag_us":72603}
{"cookie":20141,"ev":"listen_event","family":2,"kind":"start","ktime_us":128339423,"port":7302,"reachable":true,"wake_lag_us":72591}
{"cookie":20141,"ev":"listen_event","family":2,"kind":"stop","ktime_us":128339426,"port":7302,"reachable":true,"wake_lag_us":72588}
{"cookie":20142,"ev":"listen_event","family":2,"kind":"start","ktime_us":128339439,"port":7302,"reachable":true,"wake_lag_us":72575}
{"cookie":20142,"ev":"listen_event","family":2,"kind":"stop","ktime_us":128339442,"port":7302,"reachable":true,"wake_lag_us":72572}
{"cookie":20143,"ev":"listen_event","family":2,"kind":"start","ktime_us":128339454,"port":7302,"reachable":true,"wake_lag_us":72560}
{"cookie":20143,"ev":"listen_event","family":2,"kind":"stop","ktime_us":128339457,"port":7302,"reachable":true,"wake_lag_us":72557}
{"cookie":20144,"ev":"listen_event","family":2,"kind":"start","ktime_us":128339469,"port":7302,"reachable":true,"wake_lag_us":72545}
{"cookie":20144,"ev":"listen_event","family":2,"kind":"stop","ktime_us":128339472,"port":7302,"reachable":true,"wake_lag_us":72542}
{"cookie":20145,"ev":"listen_event","family":2,"kind":"start","ktime_us":128339485,"port":7302,"reachable":true,"wake_lag_us":72529}
{"cookie":20145,"ev":"listen_event","family":2,"kind":"stop","ktime_us":128339487,"port":7302,"reachable":true,"wake_lag_us":72527}
{"cookie":20146,"ev":"listen_event","family":2,"kind":"start","ktime_us":128339500,"port":7302,"reachable":true,"wake_lag_us":72514}
{"cookie":20146,"ev":"listen_event","family":2,"kind":"stop","ktime_us":128339502,"port":7302,"reachable":true,"wake_lag_us":72512}
{"cookie":20147,"ev":"listen_event","family":2,"kind":"start","ktime_us":128339515,"port":7302,"reachable":true,"wake_lag_us":72499}
{"cookie":20147,"ev":"listen_event","family":2,"kind":"stop","ktime_us":128339517,"port":7302,"reachable":true,"wake_lag_us":72497}
{"cookie":20148,"ev":"listen_event","family":2,"kind":"start","ktime_us":128339530,"port":7302,"reachable":true,"wake_lag_us":72484}
{"cookie":20148,"ev":"listen_event","family":2,"kind":"stop","ktime_us":128339532,"port":7302,"reachable":true,"wake_lag_us":72482}
{"cookie":20149,"ev":"listen_event","family":2,"kind":"start","ktime_us":128339545,"port":7302,"reachable":true,"wake_lag_us":72469}
{"cookie":20149,"ev":"listen_event","family":2,"kind":"stop","ktime_us":128339547,"port":7302,"reachable":true,"wake_lag_us":72467}
{"cookie":20150,"ev":"listen_event","family":2,"kind":"start","ktime_us":128339560,"port":7302,"reachable":true,"wake_lag_us":72454}
{"cookie":20150,"ev":"listen_event","family":2,"kind":"stop","ktime_us":128339562,"port":7302,"reachable":true,"wake_lag_us":72452}
{"cookie":20151,"ev":"listen_event","family":2,"kind":"start","ktime_us":128339574,"port":7302,"reachable":true,"wake_lag_us":72440}
{"cookie":20151,"ev":"listen_event","family":2,"kind":"stop","ktime_us":128339577,"port":7302,"reachable":true,"wake_lag_us":72437}
{"cookie":20152,"ev":"listen_event","family":2,"kind":"start","ktime_us":128339590,"port":7302,"reachable":true,"wake_lag_us":72424}
{"cookie":20152,"ev":"listen_event","family":2,"kind":"stop","ktime_us":128339592,"port":7302,"reachable":true,"wake_lag_us":72422}
{"cookie":20153,"ev":"listen_event","family":2,"kind":"start","ktime_us":128339605,"port":7302,"reachable":true,"wake_lag_us":72409}
{"cookie":20153,"ev":"listen_event","family":2,"kind":"stop","ktime_us":128339607,"port":7302,"reachable":true,"wake_lag_us":72407}
{"cookie":20154,"ev":"listen_event","family":2,"kind":"start","ktime_us":128339620,"port":7302,"reachable":true,"wake_lag_us":72394}
{"cookie":20154,"ev":"listen_event","family":2,"kind":"stop","ktime_us":128339622,"port":7302,"reachable":true,"wake_lag_us":72392}
{"cookie":20155,"ev":"listen_event","family":2,"kind":"start","ktime_us":128339635,"port":7302,"reachable":true,"wake_lag_us":72379}
{"cookie":20155,"ev":"listen_event","family":2,"kind":"stop","ktime_us":128339637,"port":7302,"reachable":true,"wake_lag_us":72377}
{"cookie":20156,"ev":"listen_event","family":2,"kind":"start","ktime_us":128339650,"port":7302,"reachable":true,"wake_lag_us":72364}
{"cookie":20156,"ev":"listen_event","family":2,"kind":"stop","ktime_us":128339652,"port":7302,"reachable":true,"wake_lag_us":72362}
{"cookie":20157,"ev":"listen_event","family":2,"kind":"start","ktime_us":128339665,"port":7302,"reachable":true,"wake_lag_us":72349}
{"cookie":20157,"ev":"listen_event","family":2,"kind":"stop","ktime_us":128339667,"port":7302,"reachable":true,"wake_lag_us":72347}
{"cookie":20158,"ev":"listen_event","family":2,"kind":"start","ktime_us":128339680,"port":7302,"reachable":true,"wake_lag_us":72334}
{"cookie":20158,"ev":"listen_event","family":2,"kind":"stop","ktime_us":128339682,"port":7302,"reachable":true,"wake_lag_us":72332}
{"cookie":20159,"ev":"listen_event","family":2,"kind":"start","ktime_us":128339695,"port":7302,"reachable":true,"wake_lag_us":72319}
{"cookie":20159,"ev":"listen_event","family":2,"kind":"stop","ktime_us":128339697,"port":7302,"reachable":true,"wake_lag_us":72317}
{"cookie":20160,"ev":"listen_event","family":2,"kind":"start","ktime_us":128339710,"port":7302,"reachable":true,"wake_lag_us":72304}
{"cookie":20160,"ev":"listen_event","family":2,"kind":"stop","ktime_us":128339712,"port":7302,"reachable":true,"wake_lag_us":72302}
{"cookie":20161,"ev":"listen_event","family":2,"kind":"start","ktime_us":128339724,"port":7302,"reachable":true,"wake_lag_us":72290}
{"cookie":20161,"ev":"listen_event","family":2,"kind":"stop","ktime_us":128339727,"port":7302,"reachable":true,"wake_lag_us":72287}
{"cookie":20162,"ev":"listen_event","family":2,"kind":"start","ktime_us":128339739,"port":7302,"reachable":true,"wake_lag_us":72275}
{"cookie":20162,"ev":"listen_event","family":2,"kind":"stop","ktime_us":128339742,"port":7302,"reachable":true,"wake_lag_us":72272}
{"cookie":20163,"ev":"listen_event","family":2,"kind":"start","ktime_us":128339754,"port":7302,"reachable":true,"wake_lag_us":72260}
{"cookie":20163,"ev":"listen_event","family":2,"kind":"stop","ktime_us":128339757,"port":7302,"reachable":true,"wake_lag_us":72257}
{"cookie":20164,"ev":"listen_event","family":2,"kind":"start","ktime_us":128339769,"port":7302,"reachable":true,"wake_lag_us":72245}
{"cookie":20164,"ev":"listen_event","family":2,"kind":"stop","ktime_us":128339772,"port":7302,"reachable":true,"wake_lag_us":72242}
{"cookie":20165,"ev":"listen_event","family":2,"kind":"start","ktime_us":128339784,"port":7302,"reachable":true,"wake_lag_us":72230}
{"cookie":20165,"ev":"listen_event","family":2,"kind":"stop","ktime_us":128339787,"port":7302,"reachable":true,"wake_lag_us":72227}
{"cookie":20166,"ev":"listen_event","family":2,"kind":"start","ktime_us":128339799,"port":7302,"reachable":true,"wake_lag_us":72215}
{"cookie":20166,"ev":"listen_event","family":2,"kind":"stop","ktime_us":128339802,"port":7302,"reachable":true,"wake_lag_us":72212}
{"cookie":20167,"ev":"listen_event","family":2,"kind":"start","ktime_us":128339814,"port":7302,"reachable":true,"wake_lag_us":72200}
{"cookie":20167,"ev":"listen_event","family":2,"kind":"stop","ktime_us":128339817,"port":7302,"reachable":true,"wake_lag_us":72197}
{"cookie":20168,"ev":"listen_event","family":2,"kind":"start","ktime_us":128339829,"port":7302,"reachable":true,"wake_lag_us":72185}
{"cookie":20168,"ev":"listen_event","family":2,"kind":"stop","ktime_us":128339832,"port":7302,"reachable":true,"wake_lag_us":72182}
{"cookie":20169,"ev":"listen_event","family":2,"kind":"start","ktime_us":128339844,"port":7302,"reachable":true,"wake_lag_us":72170}
{"cookie":20169,"ev":"listen_event","family":2,"kind":"stop","ktime_us":128339847,"port":7302,"reachable":true,"wake_lag_us":72167}
{"cookie":20170,"ev":"listen_event","family":2,"kind":"start","ktime_us":128339860,"port":7302,"reachable":true,"wake_lag_us":72154}
{"cookie":20170,"ev":"listen_event","family":2,"kind":"stop","ktime_us":128339862,"port":7302,"reachable":true,"wake_lag_us":72152}
{"cookie":20171,"ev":"listen_event","family":2,"kind":"start","ktime_us":128339874,"port":7302,"reachable":true,"wake_lag_us":72140}
{"cookie":20171,"ev":"listen_event","family":2,"kind":"stop","ktime_us":128339877,"port":7302,"reachable":true,"wake_lag_us":72137}
{"cookie":20172,"ev":"listen_event","family":2,"kind":"start","ktime_us":128339890,"port":7302,"reachable":true,"wake_lag_us":72124}
{"cookie":20172,"ev":"listen_event","family":2,"kind":"stop","ktime_us":128339892,"port":7302,"reachable":true,"wake_lag_us":72122}
{"cookie":20173,"ev":"listen_event","family":2,"kind":"start","ktime_us":128339904,"port":7302,"reachable":true,"wake_lag_us":72110}
{"cookie":20173,"ev":"listen_event","family":2,"kind":"stop","ktime_us":128339907,"port":7302,"reachable":true,"wake_lag_us":72107}
{"cookie":20174,"ev":"listen_event","family":2,"kind":"start","ktime_us":128339919,"port":7302,"reachable":true,"wake_lag_us":72095}
{"cookie":20174,"ev":"listen_event","family":2,"kind":"stop","ktime_us":128339922,"port":7302,"reachable":true,"wake_lag_us":72092}
{"cookie":20175,"ev":"listen_event","family":2,"kind":"start","ktime_us":128339934,"port":7302,"reachable":true,"wake_lag_us":72080}
{"cookie":20175,"ev":"listen_event","family":2,"kind":"stop","ktime_us":128339937,"port":7302,"reachable":true,"wake_lag_us":72077}
{"cookie":20176,"ev":"listen_event","family":2,"kind":"start","ktime_us":128339950,"port":7302,"reachable":true,"wake_lag_us":72064}
{"cookie":20176,"ev":"listen_event","family":2,"kind":"stop","ktime_us":128339952,"port":7302,"reachable":true,"wake_lag_us":72062}
{"cookie":20177,"ev":"listen_event","family":2,"kind":"start","ktime_us":128339964,"port":7302,"reachable":true,"wake_lag_us":72050}
{"cookie":20177,"ev":"listen_event","family":2,"kind":"stop","ktime_us":128339967,"port":7302,"reachable":true,"wake_lag_us":72047}
{"cookie":20178,"ev":"listen_event","family":2,"kind":"start","ktime_us":128339979,"port":7302,"reachable":true,"wake_lag_us":72035}
{"cookie":20178,"ev":"listen_event","family":2,"kind":"stop","ktime_us":128339982,"port":7302,"reachable":true,"wake_lag_us":72032}
{"cookie":20179,"ev":"listen_event","family":2,"kind":"start","ktime_us":128339994,"port":7302,"reachable":true,"wake_lag_us":72020}
{"cookie":20179,"ev":"listen_event","family":2,"kind":"stop","ktime_us":128340010,"port":7302,"reachable":true,"wake_lag_us":72004}
{"cookie":20180,"ev":"listen_event","family":2,"kind":"start","ktime_us":128340031,"port":7302,"reachable":true,"wake_lag_us":71983}
{"cookie":20180,"ev":"listen_event","family":2,"kind":"stop","ktime_us":128340034,"port":7302,"reachable":true,"wake_lag_us":71980}
{"cookie":20181,"ev":"listen_event","family":2,"kind":"start","ktime_us":128340046,"port":7302,"reachable":true,"wake_lag_us":71968}
{"cookie":20181,"ev":"listen_event","family":2,"kind":"stop","ktime_us":128340049,"port":7302,"reachable":true,"wake_lag_us":71965}
{"cookie":20182,"ev":"listen_event","family":2,"kind":"start","ktime_us":128340061,"port":7302,"reachable":true,"wake_lag_us":71953}
{"cookie":20182,"ev":"listen_event","family":2,"kind":"stop","ktime_us":128340064,"port":7302,"reachable":true,"wake_lag_us":71950}
{"cookie":20183,"ev":"listen_event","family":2,"kind":"start","ktime_us":128340077,"port":7302,"reachable":true,"wake_lag_us":71937}
{"cookie":20183,"ev":"listen_event","family":2,"kind":"stop","ktime_us":128340079,"port":7302,"reachable":true,"wake_lag_us":71935}
{"cookie":20184,"ev":"listen_event","family":2,"kind":"start","ktime_us":128340091,"port":7302,"reachable":true,"wake_lag_us":71923}
{"cookie":20184,"ev":"listen_event","family":2,"kind":"stop","ktime_us":128340094,"port":7302,"reachable":true,"wake_lag_us":71920}
{"cookie":20185,"ev":"listen_event","family":2,"kind":"start","ktime_us":128340106,"port":7302,"reachable":true,"wake_lag_us":71908}
{"cookie":20185,"ev":"listen_event","family":2,"kind":"stop","ktime_us":128340109,"port":7302,"reachable":true,"wake_lag_us":71905}
{"cookie":20186,"ev":"listen_event","family":2,"kind":"start","ktime_us":128340121,"port":7302,"reachable":true,"wake_lag_us":71893}
{"cookie":20186,"ev":"listen_event","family":2,"kind":"stop","ktime_us":128340124,"port":7302,"reachable":true,"wake_lag_us":71890}
{"cookie":20187,"ev":"listen_event","family":2,"kind":"start","ktime_us":128340137,"port":7302,"reachable":true,"wake_lag_us":71877}
{"cookie":20187,"ev":"listen_event","family":2,"kind":"stop","ktime_us":128340139,"port":7302,"reachable":true,"wake_lag_us":71875}
{"cookie":20188,"ev":"listen_event","family":2,"kind":"start","ktime_us":128340152,"port":7302,"reachable":true,"wake_lag_us":71862}
{"cookie":20188,"ev":"listen_event","family":2,"kind":"stop","ktime_us":128340154,"port":7302,"reachable":true,"wake_lag_us":71860}
{"cookie":20189,"ev":"listen_event","family":2,"kind":"start","ktime_us":128340167,"port":7302,"reachable":true,"wake_lag_us":71847}
{"cookie":20189,"ev":"listen_event","family":2,"kind":"stop","ktime_us":128340169,"port":7302,"reachable":true,"wake_lag_us":71845}
{"cookie":20190,"ev":"listen_event","family":2,"kind":"start","ktime_us":128340182,"port":7302,"reachable":true,"wake_lag_us":71832}
{"cookie":20190,"ev":"listen_event","family":2,"kind":"stop","ktime_us":128340184,"port":7302,"reachable":true,"wake_lag_us":71830}
{"cookie":20191,"ev":"listen_event","family":2,"kind":"start","ktime_us":128340197,"port":7302,"reachable":true,"wake_lag_us":71817}
{"cookie":20191,"ev":"listen_event","family":2,"kind":"stop","ktime_us":128340199,"port":7302,"reachable":true,"wake_lag_us":71815}
{"cookie":20192,"ev":"listen_event","family":2,"kind":"start","ktime_us":128340212,"port":7302,"reachable":true,"wake_lag_us":71802}
{"cookie":20192,"ev":"listen_event","family":2,"kind":"stop","ktime_us":128340214,"port":7302,"reachable":true,"wake_lag_us":71800}
{"cookie":20193,"ev":"listen_event","family":2,"kind":"start","ktime_us":128340227,"port":7302,"reachable":true,"wake_lag_us":71787}
{"cookie":20193,"ev":"listen_event","family":2,"kind":"stop","ktime_us":128340229,"port":7302,"reachable":true,"wake_lag_us":71785}
{"cookie":20194,"ev":"listen_event","family":2,"kind":"start","ktime_us":128340241,"port":7302,"reachable":true,"wake_lag_us":71773}
{"cookie":20194,"ev":"listen_event","family":2,"kind":"stop","ktime_us":128340244,"port":7302,"reachable":true,"wake_lag_us":71770}
{"cookie":20195,"ev":"listen_event","family":2,"kind":"start","ktime_us":128340256,"port":7302,"reachable":true,"wake_lag_us":71758}
{"cookie":20195,"ev":"listen_event","family":2,"kind":"stop","ktime_us":128340259,"port":7302,"reachable":true,"wake_lag_us":71755}
{"cookie":20196,"ev":"listen_event","family":2,"kind":"start","ktime_us":128340272,"port":7302,"reachable":true,"wake_lag_us":71742}
{"cookie":20196,"ev":"listen_event","family":2,"kind":"stop","ktime_us":128340274,"port":7302,"reachable":true,"wake_lag_us":71740}
{"cookie":20197,"ev":"listen_event","family":2,"kind":"start","ktime_us":128340287,"port":7302,"reachable":true,"wake_lag_us":71727}
{"cookie":20197,"ev":"listen_event","family":2,"kind":"stop","ktime_us":128340289,"port":7302,"reachable":true,"wake_lag_us":71725}
{"cookie":20198,"ev":"listen_event","family":2,"kind":"start","ktime_us":128340302,"port":7302,"reachable":true,"wake_lag_us":71712}
{"cookie":20198,"ev":"listen_event","family":2,"kind":"stop","ktime_us":128340304,"port":7302,"reachable":true,"wake_lag_us":71710}
{"cookie":20199,"ev":"listen_event","family":2,"kind":"start","ktime_us":128340317,"port":7302,"reachable":true,"wake_lag_us":71697}
{"cookie":20199,"ev":"listen_event","family":2,"kind":"stop","ktime_us":128340319,"port":7302,"reachable":true,"wake_lag_us":71695}
{"cookie":20200,"ev":"listen_event","family":2,"kind":"start","ktime_us":128340332,"port":7302,"reachable":true,"wake_lag_us":71682}
{"cookie":20200,"ev":"listen_event","family":2,"kind":"stop","ktime_us":128340334,"port":7302,"reachable":true,"wake_lag_us":71680}
{"cookie":20201,"ev":"listen_event","family":2,"kind":"start","ktime_us":128340347,"port":7302,"reachable":true,"wake_lag_us":71667}
{"cookie":20201,"ev":"listen_event","family":2,"kind":"stop","ktime_us":128340349,"port":7302,"reachable":true,"wake_lag_us":71665}
{"cookie":20202,"ev":"listen_event","family":2,"kind":"start","ktime_us":128340362,"port":7302,"reachable":true,"wake_lag_us":71652}
{"cookie":20202,"ev":"listen_event","family":2,"kind":"stop","ktime_us":128340364,"port":7302,"reachable":true,"wake_lag_us":71650}
{"cookie":20203,"ev":"listen_event","family":2,"kind":"start","ktime_us":128340377,"port":7302,"reachable":true,"wake_lag_us":71637}
{"cookie":20203,"ev":"listen_event","family":2,"kind":"stop","ktime_us":128340379,"port":7302,"reachable":true,"wake_lag_us":71635}
{"cookie":20204,"ev":"listen_event","family":2,"kind":"start","ktime_us":128340401,"port":7302,"reachable":true,"wake_lag_us":71613}
{"cookie":20204,"ev":"listen_event","family":2,"kind":"stop","ktime_us":128340403,"port":7302,"reachable":true,"wake_lag_us":71611}
{"cookie":20205,"ev":"listen_event","family":2,"kind":"start","ktime_us":128340416,"port":7302,"reachable":true,"wake_lag_us":71598}
{"cookie":20205,"ev":"listen_event","family":2,"kind":"stop","ktime_us":128340418,"port":7302,"reachable":true,"wake_lag_us":71596}
{"cookie":20206,"ev":"listen_event","family":2,"kind":"start","ktime_us":128340431,"port":7302,"reachable":true,"wake_lag_us":71583}
{"cookie":20206,"ev":"listen_event","family":2,"kind":"stop","ktime_us":128340433,"port":7302,"reachable":true,"wake_lag_us":71581}
{"cookie":20207,"ev":"listen_event","family":2,"kind":"start","ktime_us":128340446,"port":7302,"reachable":true,"wake_lag_us":71568}
{"cookie":20207,"ev":"listen_event","family":2,"kind":"stop","ktime_us":128340448,"port":7302,"reachable":true,"wake_lag_us":71566}
{"cookie":20208,"ev":"listen_event","family":2,"kind":"start","ktime_us":128340461,"port":7302,"reachable":true,"wake_lag_us":71553}
{"cookie":20208,"ev":"listen_event","family":2,"kind":"stop","ktime_us":128340463,"port":7302,"reachable":true,"wake_lag_us":71551}
{"cookie":20209,"ev":"listen_event","family":2,"kind":"start","ktime_us":128340476,"port":7302,"reachable":true,"wake_lag_us":71538}
{"cookie":20209,"ev":"listen_event","family":2,"kind":"stop","ktime_us":128340479,"port":7302,"reachable":true,"wake_lag_us":71535}
{"cookie":20210,"ev":"listen_event","family":2,"kind":"start","ktime_us":128340492,"port":7302,"reachable":true,"wake_lag_us":71522}
{"cookie":20210,"ev":"listen_event","family":2,"kind":"stop","ktime_us":128340494,"port":7302,"reachable":true,"wake_lag_us":71520}
{"cookie":20211,"ev":"listen_event","family":2,"kind":"start","ktime_us":128340507,"port":7302,"reachable":true,"wake_lag_us":71507}
{"cookie":20211,"ev":"listen_event","family":2,"kind":"stop","ktime_us":128340509,"port":7302,"reachable":true,"wake_lag_us":71505}
{"cookie":20212,"ev":"listen_event","family":2,"kind":"start","ktime_us":128340522,"port":7302,"reachable":true,"wake_lag_us":71492}
{"cookie":20212,"ev":"listen_event","family":2,"kind":"stop","ktime_us":128340524,"port":7302,"reachable":true,"wake_lag_us":71490}
{"cookie":20213,"ev":"listen_event","family":2,"kind":"start","ktime_us":128340537,"port":7302,"reachable":true,"wake_lag_us":71477}
{"cookie":20213,"ev":"listen_event","family":2,"kind":"stop","ktime_us":128340539,"port":7302,"reachable":true,"wake_lag_us":71475}
{"cookie":20214,"ev":"listen_event","family":2,"kind":"start","ktime_us":128340552,"port":7302,"reachable":true,"wake_lag_us":71462}
{"cookie":20214,"ev":"listen_event","family":2,"kind":"stop","ktime_us":128340555,"port":7302,"reachable":true,"wake_lag_us":71459}
{"cookie":20215,"ev":"listen_event","family":2,"kind":"start","ktime_us":128340567,"port":7302,"reachable":true,"wake_lag_us":71447}
{"cookie":20215,"ev":"listen_event","family":2,"kind":"stop","ktime_us":128340569,"port":7302,"reachable":true,"wake_lag_us":71445}
{"cookie":20216,"ev":"listen_event","family":2,"kind":"start","ktime_us":128340582,"port":7302,"reachable":true,"wake_lag_us":71432}
{"cookie":20216,"ev":"listen_event","family":2,"kind":"stop","ktime_us":128340584,"port":7302,"reachable":true,"wake_lag_us":71430}
{"cookie":20217,"ev":"listen_event","family":2,"kind":"start","ktime_us":128340597,"port":7302,"reachable":true,"wake_lag_us":71417}
{"cookie":20217,"ev":"listen_event","family":2,"kind":"stop","ktime_us":128340600,"port":7302,"reachable":true,"wake_lag_us":71414}
{"cookie":20218,"ev":"listen_event","family":2,"kind":"start","ktime_us":128340612,"port":7302,"reachable":true,"wake_lag_us":71402}
{"cookie":20218,"ev":"listen_event","family":2,"kind":"stop","ktime_us":128340615,"port":7302,"reachable":true,"wake_lag_us":71399}
{"cookie":20219,"ev":"listen_event","family":2,"kind":"start","ktime_us":128340627,"port":7302,"reachable":true,"wake_lag_us":71387}
{"cookie":20219,"ev":"listen_event","family":2,"kind":"stop","ktime_us":128340630,"port":7302,"reachable":true,"wake_lag_us":71384}
{"cookie":20220,"ev":"listen_event","family":2,"kind":"start","ktime_us":128340642,"port":7302,"reachable":true,"wake_lag_us":71372}
{"cookie":20220,"ev":"listen_event","family":2,"kind":"stop","ktime_us":128340645,"port":7302,"reachable":true,"wake_lag_us":71369}
{"cookie":20221,"ev":"listen_event","family":2,"kind":"start","ktime_us":128340657,"port":7302,"reachable":true,"wake_lag_us":71357}
{"cookie":20221,"ev":"listen_event","family":2,"kind":"stop","ktime_us":128340660,"port":7302,"reachable":true,"wake_lag_us":71354}
{"cookie":20222,"ev":"listen_event","family":2,"kind":"start","ktime_us":128340672,"port":7302,"reachable":true,"wake_lag_us":71342}
{"cookie":20222,"ev":"listen_event","family":2,"kind":"stop","ktime_us":128340675,"port":7302,"reachable":true,"wake_lag_us":71339}
{"cookie":20223,"ev":"listen_event","family":2,"kind":"start","ktime_us":128340687,"port":7302,"reachable":true,"wake_lag_us":71327}
{"cookie":20223,"ev":"listen_event","family":2,"kind":"stop","ktime_us":128340690,"port":7302,"reachable":true,"wake_lag_us":71324}
{"cookie":20224,"ev":"listen_event","family":2,"kind":"start","ktime_us":128340703,"port":7302,"reachable":true,"wake_lag_us":71311}
{"cookie":20224,"ev":"listen_event","family":2,"kind":"stop","ktime_us":128340705,"port":7302,"reachable":true,"wake_lag_us":71309}
{"cookie":20225,"ev":"listen_event","family":2,"kind":"start","ktime_us":128340718,"port":7302,"reachable":true,"wake_lag_us":71296}
{"cookie":20225,"ev":"listen_event","family":2,"kind":"stop","ktime_us":128340720,"port":7302,"reachable":true,"wake_lag_us":71294}
{"cookie":20226,"ev":"listen_event","family":2,"kind":"start","ktime_us":128340733,"port":7302,"reachable":true,"wake_lag_us":71281}
{"cookie":20226,"ev":"listen_event","family":2,"kind":"stop","ktime_us":128340735,"port":7302,"reachable":true,"wake_lag_us":71279}
{"cookie":20227,"ev":"listen_event","family":2,"kind":"start","ktime_us":128340748,"port":7302,"reachable":true,"wake_lag_us":71266}
{"cookie":20227,"ev":"listen_event","family":2,"kind":"stop","ktime_us":128340750,"port":7302,"reachable":true,"wake_lag_us":71264}
{"cookie":20228,"ev":"listen_event","family":2,"kind":"start","ktime_us":128340763,"port":7302,"reachable":true,"wake_lag_us":71251}
{"cookie":20228,"ev":"listen_event","family":2,"kind":"stop","ktime_us":128340766,"port":7302,"reachable":true,"wake_lag_us":71248}
{"cookie":20229,"ev":"listen_event","family":2,"kind":"start","ktime_us":128340778,"port":7302,"reachable":true,"wake_lag_us":71236}
{"cookie":20229,"ev":"listen_event","family":2,"kind":"stop","ktime_us":128340781,"port":7302,"reachable":true,"wake_lag_us":71233}
{"cookie":20230,"ev":"listen_event","family":2,"kind":"start","ktime_us":128340793,"port":7302,"reachable":true,"wake_lag_us":71221}
{"cookie":20230,"ev":"listen_event","family":2,"kind":"stop","ktime_us":128340796,"port":7302,"reachable":true,"wake_lag_us":71218}
{"cookie":20231,"ev":"listen_event","family":2,"kind":"start","ktime_us":128340808,"port":7302,"reachable":true,"wake_lag_us":71206}
{"cookie":20231,"ev":"listen_event","family":2,"kind":"stop","ktime_us":128340811,"port":7302,"reachable":true,"wake_lag_us":71203}
{"cookie":20232,"ev":"listen_event","family":2,"kind":"start","ktime_us":128340823,"port":7302,"reachable":true,"wake_lag_us":71191}
{"cookie":20232,"ev":"listen_event","family":2,"kind":"stop","ktime_us":128340826,"port":7302,"reachable":true,"wake_lag_us":71188}
{"cookie":20233,"ev":"listen_event","family":2,"kind":"start","ktime_us":128340838,"port":7302,"reachable":true,"wake_lag_us":71176}
{"cookie":20233,"ev":"listen_event","family":2,"kind":"stop","ktime_us":128340841,"port":7302,"reachable":true,"wake_lag_us":71173}
{"cookie":20234,"ev":"listen_event","family":2,"kind":"start","ktime_us":128340853,"port":7302,"reachable":true,"wake_lag_us":71161}
{"cookie":20234,"ev":"listen_event","family":2,"kind":"stop","ktime_us":128340856,"port":7302,"reachable":true,"wake_lag_us":71158}
{"cookie":20235,"ev":"listen_event","family":2,"kind":"start","ktime_us":128340868,"port":7302,"reachable":true,"wake_lag_us":71146}
{"cookie":20235,"ev":"listen_event","family":2,"kind":"stop","ktime_us":128340871,"port":7302,"reachable":true,"wake_lag_us":71143}
{"cookie":20236,"ev":"listen_event","family":2,"kind":"start","ktime_us":128340883,"port":7302,"reachable":true,"wake_lag_us":71131}
{"cookie":20236,"ev":"listen_event","family":2,"kind":"stop","ktime_us":128340886,"port":7302,"reachable":true,"wake_lag_us":71128}
{"cookie":20237,"ev":"listen_event","family":2,"kind":"start","ktime_us":128340898,"port":7302,"reachable":true,"wake_lag_us":71116}
{"cookie":20237,"ev":"listen_event","family":2,"kind":"stop","ktime_us":128340901,"port":7302,"reachable":true,"wake_lag_us":71113}
{"cookie":20238,"ev":"listen_event","family":2,"kind":"start","ktime_us":128340914,"port":7302,"reachable":true,"wake_lag_us":71100}
{"cookie":20238,"ev":"listen_event","family":2,"kind":"stop","ktime_us":128340916,"port":7302,"reachable":true,"wake_lag_us":71098}
{"cookie":20239,"ev":"listen_event","family":2,"kind":"start","ktime_us":128340929,"port":7302,"reachable":true,"wake_lag_us":71085}
{"cookie":20239,"ev":"listen_event","family":2,"kind":"stop","ktime_us":128340931,"port":7302,"reachable":true,"wake_lag_us":71083}
{"cookie":20240,"ev":"listen_event","family":2,"kind":"start","ktime_us":128340944,"port":7302,"reachable":true,"wake_lag_us":71070}
{"cookie":20240,"ev":"listen_event","family":2,"kind":"stop","ktime_us":128340946,"port":7302,"reachable":true,"wake_lag_us":71068}
{"cookie":20241,"ev":"listen_event","family":2,"kind":"start","ktime_us":128340959,"port":7302,"reachable":true,"wake_lag_us":71055}
{"cookie":20241,"ev":"listen_event","family":2,"kind":"stop","ktime_us":128340961,"port":7302,"reachable":true,"wake_lag_us":71053}
{"cookie":20242,"ev":"listen_event","family":2,"kind":"start","ktime_us":128340974,"port":7302,"reachable":true,"wake_lag_us":71040}
{"cookie":20242,"ev":"listen_event","family":2,"kind":"stop","ktime_us":128340976,"port":7302,"reachable":true,"wake_lag_us":71038}
{"cookie":20243,"ev":"listen_event","family":2,"kind":"start","ktime_us":128340989,"port":7302,"reachable":true,"wake_lag_us":71025}
{"cookie":20243,"ev":"listen_event","family":2,"kind":"stop","ktime_us":128340991,"port":7302,"reachable":true,"wake_lag_us":71023}
{"cookie":20244,"ev":"listen_event","family":2,"kind":"start","ktime_us":128341114,"port":7302,"reachable":true,"wake_lag_us":70900}
{"cookie":20244,"ev":"listen_event","family":2,"kind":"stop","ktime_us":128341116,"port":7302,"reachable":true,"wake_lag_us":70898}
{"cookie":20245,"ev":"listen_event","family":2,"kind":"start","ktime_us":128341129,"port":7302,"reachable":true,"wake_lag_us":70885}
{"cookie":20245,"ev":"listen_event","family":2,"kind":"stop","ktime_us":128341132,"port":7302,"reachable":true,"wake_lag_us":70882}
{"cookie":20246,"ev":"listen_event","family":2,"kind":"start","ktime_us":128341144,"port":7302,"reachable":true,"wake_lag_us":70870}
{"cookie":20246,"ev":"listen_event","family":2,"kind":"stop","ktime_us":128341147,"port":7302,"reachable":true,"wake_lag_us":70867}
{"cookie":20247,"ev":"listen_event","family":2,"kind":"start","ktime_us":128341159,"port":7302,"reachable":true,"wake_lag_us":70855}
{"cookie":20247,"ev":"listen_event","family":2,"kind":"stop","ktime_us":128341161,"port":7302,"reachable":true,"wake_lag_us":70853}
{"cookie":20248,"ev":"listen_event","family":2,"kind":"start","ktime_us":128341174,"port":7302,"reachable":true,"wake_lag_us":70840}
{"cookie":20248,"ev":"listen_event","family":2,"kind":"stop","ktime_us":128341176,"port":7302,"reachable":true,"wake_lag_us":70838}
{"cookie":20249,"ev":"listen_event","family":2,"kind":"start","ktime_us":128341189,"port":7302,"reachable":true,"wake_lag_us":70825}
{"cookie":20249,"ev":"listen_event","family":2,"kind":"stop","ktime_us":128341191,"port":7302,"reachable":true,"wake_lag_us":70823}
{"cookie":20250,"ev":"listen_event","family":2,"kind":"start","ktime_us":128341204,"port":7302,"reachable":true,"wake_lag_us":70810}
{"cookie":20250,"ev":"listen_event","family":2,"kind":"stop","ktime_us":128341206,"port":7302,"reachable":true,"wake_lag_us":70808}
{"cookie":20251,"ev":"listen_event","family":2,"kind":"start","ktime_us":128341219,"port":7302,"reachable":true,"wake_lag_us":70795}
{"cookie":20251,"ev":"listen_event","family":2,"kind":"stop","ktime_us":128341221,"port":7302,"reachable":true,"wake_lag_us":70793}
{"cookie":20252,"ev":"listen_event","family":2,"kind":"start","ktime_us":128341234,"port":7302,"reachable":true,"wake_lag_us":70780}
{"cookie":20252,"ev":"listen_event","family":2,"kind":"stop","ktime_us":128341236,"port":7302,"reachable":true,"wake_lag_us":70778}
{"cookie":20253,"ev":"listen_event","family":2,"kind":"start","ktime_us":128341249,"port":7302,"reachable":true,"wake_lag_us":70765}
{"cookie":20253,"ev":"listen_event","family":2,"kind":"stop","ktime_us":128341251,"port":7302,"reachable":true,"wake_lag_us":70763}
{"cookie":20254,"ev":"listen_event","family":2,"kind":"start","ktime_us":128341264,"port":7302,"reachable":true,"wake_lag_us":70750}
{"cookie":20254,"ev":"listen_event","family":2,"kind":"stop","ktime_us":128341266,"port":7302,"reachable":true,"wake_lag_us":70748}
{"cookie":20255,"ev":"listen_event","family":2,"kind":"start","ktime_us":128341278,"port":7302,"reachable":true,"wake_lag_us":70736}
{"cookie":20255,"ev":"listen_event","family":2,"kind":"stop","ktime_us":128341281,"port":7302,"reachable":true,"wake_lag_us":70733}
{"cookie":20256,"ev":"listen_event","family":2,"kind":"start","ktime_us":128341293,"port":7302,"reachable":true,"wake_lag_us":70721}
{"cookie":20256,"ev":"listen_event","family":2,"kind":"stop","ktime_us":128341296,"port":7302,"reachable":true,"wake_lag_us":70718}
{"cookie":20257,"ev":"listen_event","family":2,"kind":"start","ktime_us":128341308,"port":7302,"reachable":true,"wake_lag_us":70706}
{"cookie":20257,"ev":"listen_event","family":2,"kind":"stop","ktime_us":128341311,"port":7302,"reachable":true,"wake_lag_us":70703}
{"cookie":20258,"ev":"listen_event","family":2,"kind":"start","ktime_us":128341323,"port":7302,"reachable":true,"wake_lag_us":70691}
{"cookie":20258,"ev":"listen_event","family":2,"kind":"stop","ktime_us":128341326,"port":7302,"reachable":true,"wake_lag_us":70688}
{"cookie":20259,"ev":"listen_event","family":2,"kind":"start","ktime_us":128341339,"port":7302,"reachable":true,"wake_lag_us":70675}
{"cookie":20259,"ev":"listen_event","family":2,"kind":"stop","ktime_us":128341341,"port":7302,"reachable":true,"wake_lag_us":70673}
{"cookie":20260,"ev":"listen_event","family":2,"kind":"start","ktime_us":128341355,"port":7302,"reachable":true,"wake_lag_us":70659}
{"cookie":20260,"ev":"listen_event","family":2,"kind":"stop","ktime_us":128341357,"port":7302,"reachable":true,"wake_lag_us":70657}
{"cookie":20261,"ev":"listen_event","family":2,"kind":"start","ktime_us":128341371,"port":7302,"reachable":true,"wake_lag_us":70643}
{"cookie":20261,"ev":"listen_event","family":2,"kind":"stop","ktime_us":128341374,"port":7302,"reachable":true,"wake_lag_us":70640}
{"cookie":20262,"ev":"listen_event","family":2,"kind":"start","ktime_us":128341399,"port":7302,"reachable":true,"wake_lag_us":70615}
{"cookie":20262,"ev":"listen_event","family":2,"kind":"stop","ktime_us":128341402,"port":7302,"reachable":true,"wake_lag_us":70612}
{"cookie":20263,"ev":"listen_event","family":2,"kind":"start","ktime_us":128341415,"port":7302,"reachable":true,"wake_lag_us":70599}
{"cookie":20263,"ev":"listen_event","family":2,"kind":"stop","ktime_us":128341417,"port":7302,"reachable":true,"wake_lag_us":70597}
{"cookie":20264,"ev":"listen_event","family":2,"kind":"start","ktime_us":128341430,"port":7302,"reachable":true,"wake_lag_us":70584}
{"cookie":20264,"ev":"listen_event","family":2,"kind":"stop","ktime_us":128341432,"port":7302,"reachable":true,"wake_lag_us":70582}
{"cookie":20265,"ev":"listen_event","family":2,"kind":"start","ktime_us":128341445,"port":7302,"reachable":true,"wake_lag_us":70569}
{"cookie":20265,"ev":"listen_event","family":2,"kind":"stop","ktime_us":128341447,"port":7302,"reachable":true,"wake_lag_us":70567}
{"cookie":20266,"ev":"listen_event","family":2,"kind":"start","ktime_us":128341460,"port":7302,"reachable":true,"wake_lag_us":70554}
{"cookie":20266,"ev":"listen_event","family":2,"kind":"stop","ktime_us":128341462,"port":7302,"reachable":true,"wake_lag_us":70552}
{"cookie":20267,"ev":"listen_event","family":2,"kind":"start","ktime_us":128341475,"port":7302,"reachable":true,"wake_lag_us":70539}
{"cookie":20267,"ev":"listen_event","family":2,"kind":"stop","ktime_us":128341477,"port":7302,"reachable":true,"wake_lag_us":70537}
{"cookie":20268,"ev":"listen_event","family":2,"kind":"start","ktime_us":128341490,"port":7302,"reachable":true,"wake_lag_us":70524}
{"cookie":20268,"ev":"listen_event","family":2,"kind":"stop","ktime_us":128341493,"port":7302,"reachable":true,"wake_lag_us":70521}
{"cookie":20269,"ev":"listen_event","family":2,"kind":"start","ktime_us":128341505,"port":7302,"reachable":true,"wake_lag_us":70509}
{"cookie":20269,"ev":"listen_event","family":2,"kind":"stop","ktime_us":128341507,"port":7302,"reachable":true,"wake_lag_us":70507}
{"cookie":20270,"ev":"listen_event","family":2,"kind":"start","ktime_us":128341520,"port":7302,"reachable":true,"wake_lag_us":70494}
{"cookie":20270,"ev":"listen_event","family":2,"kind":"stop","ktime_us":128341523,"port":7302,"reachable":true,"wake_lag_us":70491}
{"cookie":20271,"ev":"listen_event","family":2,"kind":"start","ktime_us":128341535,"port":7302,"reachable":true,"wake_lag_us":70479}
{"cookie":20271,"ev":"listen_event","family":2,"kind":"stop","ktime_us":128341538,"port":7302,"reachable":true,"wake_lag_us":70476}
{"cookie":20272,"ev":"listen_event","family":2,"kind":"start","ktime_us":128341551,"port":7302,"reachable":true,"wake_lag_us":70463}
{"cookie":20272,"ev":"listen_event","family":2,"kind":"stop","ktime_us":128341554,"port":7302,"reachable":true,"wake_lag_us":70460}
{"cookie":20273,"ev":"listen_event","family":2,"kind":"start","ktime_us":128341569,"port":7302,"reachable":true,"wake_lag_us":70445}
{"cookie":20273,"ev":"listen_event","family":2,"kind":"stop","ktime_us":128341571,"port":7302,"reachable":true,"wake_lag_us":70443}
{"cookie":20274,"ev":"listen_event","family":2,"kind":"start","ktime_us":128341586,"port":7302,"reachable":true,"wake_lag_us":70428}
{"cookie":20274,"ev":"listen_event","family":2,"kind":"stop","ktime_us":128341588,"port":7302,"reachable":true,"wake_lag_us":70426}
{"cookie":20275,"ev":"listen_event","family":2,"kind":"start","ktime_us":128341601,"port":7302,"reachable":true,"wake_lag_us":70413}
{"cookie":20275,"ev":"listen_event","family":2,"kind":"stop","ktime_us":128341604,"port":7302,"reachable":true,"wake_lag_us":70410}
{"cookie":20276,"ev":"listen_event","family":2,"kind":"start","ktime_us":128341616,"port":7302,"reachable":true,"wake_lag_us":70398}
{"cookie":20276,"ev":"listen_event","family":2,"kind":"stop","ktime_us":128341619,"port":7302,"reachable":true,"wake_lag_us":70395}
{"cookie":20277,"ev":"listen_event","family":2,"kind":"start","ktime_us":128341632,"port":7302,"reachable":true,"wake_lag_us":70382}
{"cookie":20277,"ev":"listen_event","family":2,"kind":"stop","ktime_us":128341634,"port":7302,"reachable":true,"wake_lag_us":70380}
{"cookie":20278,"ev":"listen_event","family":2,"kind":"start","ktime_us":128341646,"port":7302,"reachable":true,"wake_lag_us":70368}
{"cookie":20278,"ev":"listen_event","family":2,"kind":"stop","ktime_us":128341649,"port":7302,"reachable":true,"wake_lag_us":70365}
{"cookie":20279,"ev":"listen_event","family":2,"kind":"start","ktime_us":128341661,"port":7302,"reachable":true,"wake_lag_us":70353}
{"cookie":20279,"ev":"listen_event","family":2,"kind":"stop","ktime_us":128341664,"port":7302,"reachable":true,"wake_lag_us":70350}
{"cookie":20280,"ev":"listen_event","family":2,"kind":"start","ktime_us":128341677,"port":7302,"reachable":true,"wake_lag_us":70337}
{"cookie":20280,"ev":"listen_event","family":2,"kind":"stop","ktime_us":128341679,"port":7302,"reachable":true,"wake_lag_us":70335}
{"cookie":20281,"ev":"listen_event","family":2,"kind":"start","ktime_us":128341692,"port":7302,"reachable":true,"wake_lag_us":70322}
{"cookie":20281,"ev":"listen_event","family":2,"kind":"stop","ktime_us":128341694,"port":7302,"reachable":true,"wake_lag_us":70320}
{"cookie":20282,"ev":"listen_event","family":2,"kind":"start","ktime_us":128341707,"port":7302,"reachable":true,"wake_lag_us":70307}
{"cookie":20282,"ev":"listen_event","family":2,"kind":"stop","ktime_us":128341709,"port":7302,"reachable":true,"wake_lag_us":70305}
{"cookie":20283,"ev":"listen_event","family":2,"kind":"start","ktime_us":128341722,"port":7302,"reachable":true,"wake_lag_us":70292}
{"cookie":20283,"ev":"listen_event","family":2,"kind":"stop","ktime_us":128341724,"port":7302,"reachable":true,"wake_lag_us":70290}
{"cookie":20284,"ev":"listen_event","family":2,"kind":"start","ktime_us":128341737,"port":7302,"reachable":true,"wake_lag_us":70277}
{"cookie":20284,"ev":"listen_event","family":2,"kind":"stop","ktime_us":128341739,"port":7302,"reachable":true,"wake_lag_us":70275}
{"cookie":20285,"ev":"listen_event","family":2,"kind":"start","ktime_us":128341752,"port":7302,"reachable":true,"wake_lag_us":70262}
{"cookie":20285,"ev":"listen_event","family":2,"kind":"stop","ktime_us":128341754,"port":7302,"reachable":true,"wake_lag_us":70260}
{"cookie":20286,"ev":"listen_event","family":2,"kind":"start","ktime_us":128341767,"port":7302,"reachable":true,"wake_lag_us":70247}
{"cookie":20286,"ev":"listen_event","family":2,"kind":"stop","ktime_us":128341769,"port":7302,"reachable":true,"wake_lag_us":70245}
{"cookie":20287,"ev":"listen_event","family":2,"kind":"start","ktime_us":128341782,"port":7302,"reachable":true,"wake_lag_us":70232}
{"cookie":20287,"ev":"listen_event","family":2,"kind":"stop","ktime_us":128341785,"port":7302,"reachable":true,"wake_lag_us":70229}
{"cookie":20288,"ev":"listen_event","family":2,"kind":"start","ktime_us":128341797,"port":7302,"reachable":true,"wake_lag_us":70217}
{"cookie":20288,"ev":"listen_event","family":2,"kind":"stop","ktime_us":128341800,"port":7302,"reachable":true,"wake_lag_us":70214}
{"cookie":20289,"ev":"listen_event","family":2,"kind":"start","ktime_us":128341812,"port":7302,"reachable":true,"wake_lag_us":70202}
{"cookie":20289,"ev":"listen_event","family":2,"kind":"stop","ktime_us":128341815,"port":7302,"reachable":true,"wake_lag_us":70199}
{"cookie":20290,"ev":"listen_event","family":2,"kind":"start","ktime_us":128341827,"port":7302,"reachable":true,"wake_lag_us":70187}
{"cookie":20290,"ev":"listen_event","family":2,"kind":"stop","ktime_us":128341829,"port":7302,"reachable":true,"wake_lag_us":70185}
{"cookie":20291,"ev":"listen_event","family":2,"kind":"start","ktime_us":128341842,"port":7302,"reachable":true,"wake_lag_us":70172}
{"cookie":20291,"ev":"listen_event","family":2,"kind":"stop","ktime_us":128341845,"port":7302,"reachable":true,"wake_lag_us":70169}
{"cookie":20292,"ev":"listen_event","family":2,"kind":"start","ktime_us":128341857,"port":7302,"reachable":true,"wake_lag_us":70157}
{"cookie":20292,"ev":"listen_event","family":2,"kind":"stop","ktime_us":128341860,"port":7302,"reachable":true,"wake_lag_us":70154}
{"cookie":20293,"ev":"listen_event","family":2,"kind":"start","ktime_us":128341872,"port":7302,"reachable":true,"wake_lag_us":70142}
{"cookie":20293,"ev":"listen_event","family":2,"kind":"stop","ktime_us":128341875,"port":7302,"reachable":true,"wake_lag_us":70139}
{"cookie":20294,"ev":"listen_event","family":2,"kind":"start","ktime_us":128341887,"port":7302,"reachable":true,"wake_lag_us":70127}
{"cookie":20294,"ev":"listen_event","family":2,"kind":"stop","ktime_us":128341890,"port":7302,"reachable":true,"wake_lag_us":70124}
{"cookie":20295,"ev":"listen_event","family":2,"kind":"start","ktime_us":128341902,"port":7302,"reachable":true,"wake_lag_us":70112}
{"cookie":20295,"ev":"listen_event","family":2,"kind":"stop","ktime_us":128341905,"port":7302,"reachable":true,"wake_lag_us":70109}
{"cookie":20296,"ev":"listen_event","family":2,"kind":"start","ktime_us":128341917,"port":7302,"reachable":true,"wake_lag_us":70097}
{"cookie":20296,"ev":"listen_event","family":2,"kind":"stop","ktime_us":128341920,"port":7302,"reachable":true,"wake_lag_us":70094}
{"cookie":20297,"ev":"listen_event","family":2,"kind":"start","ktime_us":128341932,"port":7302,"reachable":true,"wake_lag_us":70082}
{"cookie":20297,"ev":"listen_event","family":2,"kind":"stop","ktime_us":128341935,"port":7302,"reachable":true,"wake_lag_us":70079}
{"cookie":20298,"ev":"listen_event","family":2,"kind":"start","ktime_us":128341947,"port":7302,"reachable":true,"wake_lag_us":70067}
{"cookie":20298,"ev":"listen_event","family":2,"kind":"stop","ktime_us":128341950,"port":7302,"reachable":true,"wake_lag_us":70064}
{"cookie":20299,"ev":"listen_event","family":2,"kind":"start","ktime_us":128341962,"port":7302,"reachable":true,"wake_lag_us":70052}
{"cookie":20299,"ev":"listen_event","family":2,"kind":"stop","ktime_us":128341965,"port":7302,"reachable":true,"wake_lag_us":70049}
{"cookie":20300,"ev":"listen_event","family":2,"kind":"start","ktime_us":128341978,"port":7302,"reachable":true,"wake_lag_us":70036}
{"cookie":20300,"ev":"listen_event","family":2,"kind":"stop","ktime_us":128341980,"port":7302,"reachable":true,"wake_lag_us":70034}
{"cookie":20301,"ev":"listen_event","family":2,"kind":"start","ktime_us":128341993,"port":7302,"reachable":true,"wake_lag_us":70021}
{"cookie":20301,"ev":"listen_event","family":2,"kind":"stop","ktime_us":128341995,"port":7302,"reachable":true,"wake_lag_us":70019}
{"cookie":20302,"ev":"listen_event","family":2,"kind":"start","ktime_us":128342029,"port":7302,"reachable":true,"wake_lag_us":69985}
{"cookie":20302,"ev":"listen_event","family":2,"kind":"stop","ktime_us":128342032,"port":7302,"reachable":true,"wake_lag_us":69982}
{"cookie":20303,"ev":"listen_event","family":2,"kind":"start","ktime_us":128342044,"port":7302,"reachable":true,"wake_lag_us":69970}
{"cookie":20303,"ev":"listen_event","family":2,"kind":"stop","ktime_us":128342047,"port":7302,"reachable":true,"wake_lag_us":69967}
{"cookie":20304,"ev":"listen_event","family":2,"kind":"start","ktime_us":128342060,"port":7302,"reachable":true,"wake_lag_us":69954}
{"cookie":20304,"ev":"listen_event","family":2,"kind":"stop","ktime_us":128342062,"port":7302,"reachable":true,"wake_lag_us":69952}
{"cookie":20305,"ev":"listen_event","family":2,"kind":"start","ktime_us":128342075,"port":7302,"reachable":true,"wake_lag_us":69939}
{"cookie":20305,"ev":"listen_event","family":2,"kind":"stop","ktime_us":128342077,"port":7302,"reachable":true,"wake_lag_us":69937}
{"cookie":20306,"ev":"listen_event","family":2,"kind":"start","ktime_us":128342090,"port":7302,"reachable":true,"wake_lag_us":69924}
{"cookie":20306,"ev":"listen_event","family":2,"kind":"stop","ktime_us":128342092,"port":7302,"reachable":true,"wake_lag_us":69922}
{"cookie":20307,"ev":"listen_event","family":2,"kind":"start","ktime_us":128342105,"port":7302,"reachable":true,"wake_lag_us":69909}
{"cookie":20307,"ev":"listen_event","family":2,"kind":"stop","ktime_us":128342107,"port":7302,"reachable":true,"wake_lag_us":69907}
{"cookie":20308,"ev":"listen_event","family":2,"kind":"start","ktime_us":128342120,"port":7302,"reachable":true,"wake_lag_us":69894}
{"cookie":20308,"ev":"listen_event","family":2,"kind":"stop","ktime_us":128342122,"port":7302,"reachable":true,"wake_lag_us":69892}
{"cookie":20309,"ev":"listen_event","family":2,"kind":"start","ktime_us":128342135,"port":7302,"reachable":true,"wake_lag_us":69879}
{"cookie":20309,"ev":"listen_event","family":2,"kind":"stop","ktime_us":128342137,"port":7302,"reachable":true,"wake_lag_us":69877}
{"cookie":20310,"ev":"listen_event","family":2,"kind":"start","ktime_us":128342150,"port":7302,"reachable":true,"wake_lag_us":69864}
{"cookie":20310,"ev":"listen_event","family":2,"kind":"stop","ktime_us":128342152,"port":7302,"reachable":true,"wake_lag_us":69862}
{"cookie":20311,"ev":"listen_event","family":2,"kind":"start","ktime_us":128342165,"port":7302,"reachable":true,"wake_lag_us":69849}
{"cookie":20311,"ev":"listen_event","family":2,"kind":"stop","ktime_us":128342168,"port":7302,"reachable":true,"wake_lag_us":69846}
{"cookie":20312,"ev":"listen_event","family":2,"kind":"start","ktime_us":128342180,"port":7302,"reachable":true,"wake_lag_us":69834}
{"cookie":20312,"ev":"listen_event","family":2,"kind":"stop","ktime_us":128342183,"port":7302,"reachable":true,"wake_lag_us":69831}
{"cookie":20313,"ev":"listen_event","family":2,"kind":"start","ktime_us":128342195,"port":7302,"reachable":true,"wake_lag_us":69819}
{"cookie":20313,"ev":"listen_event","family":2,"kind":"stop","ktime_us":128342198,"port":7302,"reachable":true,"wake_lag_us":69816}
{"cookie":20314,"ev":"listen_event","family":2,"kind":"start","ktime_us":128342210,"port":7302,"reachable":true,"wake_lag_us":69804}
{"cookie":20314,"ev":"listen_event","family":2,"kind":"stop","ktime_us":128342213,"port":7302,"reachable":true,"wake_lag_us":69801}
{"cookie":20315,"ev":"listen_event","family":2,"kind":"start","ktime_us":128342225,"port":7302,"reachable":true,"wake_lag_us":69789}
{"cookie":20315,"ev":"listen_event","family":2,"kind":"stop","ktime_us":128342228,"port":7302,"reachable":true,"wake_lag_us":69786}
{"cookie":20316,"ev":"listen_event","family":2,"kind":"start","ktime_us":128342240,"port":7302,"reachable":true,"wake_lag_us":69774}
{"cookie":20316,"ev":"listen_event","family":2,"kind":"stop","ktime_us":128342242,"port":7302,"reachable":true,"wake_lag_us":69772}
{"cookie":20317,"ev":"listen_event","family":2,"kind":"start","ktime_us":128342255,"port":7302,"reachable":true,"wake_lag_us":69759}
{"cookie":20317,"ev":"listen_event","family":2,"kind":"stop","ktime_us":128342257,"port":7302,"reachable":true,"wake_lag_us":69757}
{"cookie":20318,"ev":"listen_event","family":2,"kind":"start","ktime_us":128342270,"port":7302,"reachable":true,"wake_lag_us":69744}
{"cookie":20318,"ev":"listen_event","family":2,"kind":"stop","ktime_us":128342273,"port":7302,"reachable":true,"wake_lag_us":69741}
{"cookie":20319,"ev":"listen_event","family":2,"kind":"start","ktime_us":128342285,"port":7302,"reachable":true,"wake_lag_us":69729}
{"cookie":20319,"ev":"listen_event","family":2,"kind":"stop","ktime_us":128342288,"port":7302,"reachable":true,"wake_lag_us":69726}
{"cookie":20320,"ev":"listen_event","family":2,"kind":"start","ktime_us":128342300,"port":7302,"reachable":true,"wake_lag_us":69714}
{"cookie":20320,"ev":"listen_event","family":2,"kind":"stop","ktime_us":128342303,"port":7302,"reachable":true,"wake_lag_us":69711}
{"cookie":20321,"ev":"listen_event","family":2,"kind":"start","ktime_us":128342315,"port":7302,"reachable":true,"wake_lag_us":69699}
{"cookie":20321,"ev":"listen_event","family":2,"kind":"stop","ktime_us":128342318,"port":7302,"reachable":true,"wake_lag_us":69696}
{"cookie":20322,"ev":"listen_event","family":2,"kind":"start","ktime_us":128342330,"port":7302,"reachable":true,"wake_lag_us":69684}
{"cookie":20322,"ev":"listen_event","family":2,"kind":"stop","ktime_us":128342333,"port":7302,"reachable":true,"wake_lag_us":69681}
{"cookie":20323,"ev":"listen_event","family":2,"kind":"start","ktime_us":128342345,"port":7302,"reachable":true,"wake_lag_us":69669}
{"cookie":20323,"ev":"listen_event","family":2,"kind":"stop","ktime_us":128342348,"port":7302,"reachable":true,"wake_lag_us":69666}
{"cookie":20324,"ev":"listen_event","family":2,"kind":"start","ktime_us":128342360,"port":7302,"reachable":true,"wake_lag_us":69654}
{"cookie":20324,"ev":"listen_event","family":2,"kind":"stop","ktime_us":128342363,"port":7302,"reachable":true,"wake_lag_us":69651}
{"cookie":20325,"ev":"listen_event","family":2,"kind":"start","ktime_us":128342375,"port":7302,"reachable":true,"wake_lag_us":69639}
{"cookie":20325,"ev":"listen_event","family":2,"kind":"stop","ktime_us":128342378,"port":7302,"reachable":true,"wake_lag_us":69636}
{"cookie":20326,"ev":"listen_event","family":2,"kind":"start","ktime_us":128342399,"port":7302,"reachable":true,"wake_lag_us":69615}
{"cookie":20326,"ev":"listen_event","family":2,"kind":"stop","ktime_us":128342402,"port":7302,"reachable":true,"wake_lag_us":69612}
{"cookie":20327,"ev":"listen_event","family":2,"kind":"start","ktime_us":128342415,"port":7302,"reachable":true,"wake_lag_us":69599}
{"cookie":20327,"ev":"listen_event","family":2,"kind":"stop","ktime_us":128342417,"port":7302,"reachable":true,"wake_lag_us":69597}
{"cookie":20328,"ev":"listen_event","family":2,"kind":"start","ktime_us":128342430,"port":7302,"reachable":true,"wake_lag_us":69584}
{"cookie":20328,"ev":"listen_event","family":2,"kind":"stop","ktime_us":128342432,"port":7302,"reachable":true,"wake_lag_us":69582}
{"cookie":20329,"ev":"listen_event","family":2,"kind":"start","ktime_us":128342445,"port":7302,"reachable":true,"wake_lag_us":69569}
{"cookie":20329,"ev":"listen_event","family":2,"kind":"stop","ktime_us":128342447,"port":7302,"reachable":true,"wake_lag_us":69567}
{"cookie":20330,"ev":"listen_event","family":2,"kind":"start","ktime_us":128342460,"port":7302,"reachable":true,"wake_lag_us":69554}
{"cookie":20330,"ev":"listen_event","family":2,"kind":"stop","ktime_us":128342462,"port":7302,"reachable":true,"wake_lag_us":69552}
{"cookie":20331,"ev":"listen_event","family":2,"kind":"start","ktime_us":128342475,"port":7302,"reachable":true,"wake_lag_us":69539}
{"cookie":20331,"ev":"listen_event","family":2,"kind":"stop","ktime_us":128342477,"port":7302,"reachable":true,"wake_lag_us":69537}
{"cookie":20332,"ev":"listen_event","family":2,"kind":"start","ktime_us":128342490,"port":7302,"reachable":true,"wake_lag_us":69524}
{"cookie":20332,"ev":"listen_event","family":2,"kind":"stop","ktime_us":128342492,"port":7302,"reachable":true,"wake_lag_us":69522}
{"cookie":20333,"ev":"listen_event","family":2,"kind":"start","ktime_us":128342505,"port":7302,"reachable":true,"wake_lag_us":69509}
{"cookie":20333,"ev":"listen_event","family":2,"kind":"stop","ktime_us":128342507,"port":7302,"reachable":true,"wake_lag_us":69507}
{"cookie":20334,"ev":"listen_event","family":2,"kind":"start","ktime_us":128342520,"port":7302,"reachable":true,"wake_lag_us":69494}
{"cookie":20334,"ev":"listen_event","family":2,"kind":"stop","ktime_us":128342522,"port":7302,"reachable":true,"wake_lag_us":69492}
{"cookie":20335,"ev":"listen_event","family":2,"kind":"start","ktime_us":128342535,"port":7302,"reachable":true,"wake_lag_us":69479}
{"cookie":20335,"ev":"listen_event","family":2,"kind":"stop","ktime_us":128342538,"port":7302,"reachable":true,"wake_lag_us":69476}
{"cookie":20336,"ev":"listen_event","family":2,"kind":"start","ktime_us":128342550,"port":7302,"reachable":true,"wake_lag_us":69464}
{"cookie":20336,"ev":"listen_event","family":2,"kind":"stop","ktime_us":128342553,"port":7302,"reachable":true,"wake_lag_us":69461}
{"cookie":20337,"ev":"listen_event","family":2,"kind":"start","ktime_us":128342565,"port":7302,"reachable":true,"wake_lag_us":69449}
{"cookie":20337,"ev":"listen_event","family":2,"kind":"stop","ktime_us":128342568,"port":7302,"reachable":true,"wake_lag_us":69446}
{"cookie":20338,"ev":"listen_event","family":2,"kind":"start","ktime_us":128342580,"port":7302,"reachable":true,"wake_lag_us":69434}
{"cookie":20338,"ev":"listen_event","family":2,"kind":"stop","ktime_us":128342583,"port":7302,"reachable":true,"wake_lag_us":69431}
{"cookie":20339,"ev":"listen_event","family":2,"kind":"start","ktime_us":128342595,"port":7302,"reachable":true,"wake_lag_us":69419}
{"cookie":20339,"ev":"listen_event","family":2,"kind":"stop","ktime_us":128342597,"port":7302,"reachable":true,"wake_lag_us":69417}
{"cookie":20340,"ev":"listen_event","family":2,"kind":"start","ktime_us":128342610,"port":7302,"reachable":true,"wake_lag_us":69404}
{"cookie":20340,"ev":"listen_event","family":2,"kind":"stop","ktime_us":128342613,"port":7302,"reachable":true,"wake_lag_us":69401}
{"cookie":20341,"ev":"listen_event","family":2,"kind":"start","ktime_us":128342625,"port":7302,"reachable":true,"wake_lag_us":69389}
{"cookie":20341,"ev":"listen_event","family":2,"kind":"stop","ktime_us":128342628,"port":7302,"reachable":true,"wake_lag_us":69386}
{"cookie":20342,"ev":"listen_event","family":2,"kind":"start","ktime_us":128342640,"port":7302,"reachable":true,"wake_lag_us":69374}
{"cookie":20342,"ev":"listen_event","family":2,"kind":"stop","ktime_us":128342642,"port":7302,"reachable":true,"wake_lag_us":69372}
{"cookie":20343,"ev":"listen_event","family":2,"kind":"start","ktime_us":128342655,"port":7302,"reachable":true,"wake_lag_us":69359}
{"cookie":20343,"ev":"listen_event","family":2,"kind":"stop","ktime_us":128342657,"port":7302,"reachable":true,"wake_lag_us":69357}
{"cookie":20344,"ev":"listen_event","family":2,"kind":"start","ktime_us":128342670,"port":7302,"reachable":true,"wake_lag_us":69344}
{"cookie":20344,"ev":"listen_event","family":2,"kind":"stop","ktime_us":128342672,"port":7302,"reachable":true,"wake_lag_us":69342}
{"cookie":20345,"ev":"listen_event","family":2,"kind":"start","ktime_us":128342685,"port":7302,"reachable":true,"wake_lag_us":69329}
{"cookie":20345,"ev":"listen_event","family":2,"kind":"stop","ktime_us":128342687,"port":7302,"reachable":true,"wake_lag_us":69327}
{"cookie":20346,"ev":"listen_event","family":2,"kind":"start","ktime_us":128342700,"port":7302,"reachable":true,"wake_lag_us":69314}
{"cookie":20346,"ev":"listen_event","family":2,"kind":"stop","ktime_us":128342702,"port":7302,"reachable":true,"wake_lag_us":69312}
{"cookie":20347,"ev":"listen_event","family":2,"kind":"start","ktime_us":128342715,"port":7302,"reachable":true,"wake_lag_us":69299}
{"cookie":20347,"ev":"listen_event","family":2,"kind":"stop","ktime_us":128342718,"port":7302,"reachable":true,"wake_lag_us":69296}
