{"ack_oob":true,"arm":true,"declare":[7300,7301,7302],"egress_ifs":[],"ev":"programs_loaded","flush":true,"intake_park":true,"pid":144,"programs":[{"id":28,"name":"verdict","tag":"5f61753433e18fc2","verified_insns":884},{"id":29,"name":"strp_parse","tag":"22614579d5370f67","verified_insns":62},{"id":30,"name":"strp_verdict","tag":"4c631b1fcdb0e5f6","verified_insns":895},{"id":31,"name":"lo_decode(tcx lo egress)","tag":"1be1d280222d9e90","verified_insns":465},{"id":32,"name":"sent(fexit skb_send_sock)","tag":"038e16bf070d9335","verified_insns":41},{"id":33,"name":"connect4","tag":"ad52658a44f6fc01","verified_insns":234},{"id":34,"name":"sendmsg4","tag":"25313d2a991262c4","verified_insns":204},{"id":35,"name":"recvmsg4","tag":"5924dfd9424078bf","verified_insns":82},{"id":36,"name":"getpeername4","tag":"90774192d60dfced","verified_insns":127},{"id":37,"name":"sock_release","tag":"e4511879b8661ea8","verified_insns":69},{"id":38,"name":"sockops(root cgroup)","tag":"d3503b23d0e6960e","verified_insns":260},{"id":39,"name":"listen_start(fexit inet_csk_listen_start)","tag":"4198b5e2f7485261","verified_insns":215},{"id":40,"name":"listen_stop(fexit inet_csk_listen_stop)","tag":"baa4f715ec1b955e","verified_insns":136}],"role":"guest","tuple_from_peer":true,"udp_park":true,"unframe":"tc"}
{"ev":"park_pool","slots":256}
{"ev":"ctl_open","t_us":29300142}
{"enum_us":50,"ev":"listen_state_sent","event_to_send_us":null,"listeners":0,"listening":false,"port":7300,"reason":"session_open","seq":1,"t_us":29300208}
{"enum_us":113,"ev":"listen_state_sent","event_to_send_us":null,"listeners":0,"listening":false,"port":7301,"reason":"session_open","seq":2,"t_us":29300271}
{"enum_us":175,"ev":"listen_state_sent","event_to_send_us":null,"listeners":0,"listening":false,"port":7302,"reason":"session_open","seq":3,"t_us":29300333}
{"ev":"guest_ready","slots":64,"w":"10.99.7.2"}
{"cookie":4314,"ev":"listen_event","family":2,"kind":"start","ktime_us":31816514,"port":7300,"reachable":true,"wake_lag_us":45}
{"decided_listening":true,"ev":"level_light","last_kind":1,"port":7300}
{"enum_us":5617,"ev":"listen_state_sent","event_to_send_us":12736,"listeners":1,"listening":true,"port":7300,"reason":"event","seq":4,"t_us":31829250}
{"client":"<metal-address>:37024","ev":"tcp_accept","flow":2,"gport":7300}
{"age_ms":8,"ev":"flow_closed","flow":2,"kind":2,"reset":true,"why":"peer_abort"}
{"cookie":4314,"ev":"listen_event","family":2,"kind":"stop","ktime_us":31917214,"port":7300,"reachable":true,"wake_lag_us":100}
{"decided_listening":false,"ev":"level_light","last_kind":2,"port":7300}
{"enum_us":3975,"ev":"listen_state_sent","event_to_send_us":10194,"listeners":0,"listening":false,"port":7300,"reason":"event","seq":5,"t_us":31927408}
{"client":"<metal-address>:37030","err":"Connection refused (os error 111)","ev":"tcp_accept_refused","flow":4,"gport":7300}
{"age_ms":5,"ev":"flow_closed","flow":4,"kind":2,"reset":false,"why":"refused"}
{"client":"<metal-address>:37032","err":"Connection refused (os error 111)","ev":"tcp_accept_refused","flow":6,"gport":7300}
{"age_ms":5,"ev":"flow_closed","flow":6,"kind":2,"reset":false,"why":"refused"}
{"client":"<metal-address>:37034","err":"Connection refused (os error 111)","ev":"tcp_accept_refused","flow":8,"gport":7300}
{"age_ms":5,"ev":"flow_closed","flow":8,"kind":2,"reset":false,"why":"refused"}
{"client":"<metal-address>:37046","err":"Connection refused (os error 111)","ev":"tcp_accept_refused","flow":10,"gport":7300}
{"age_ms":6,"ev":"flow_closed","flow":10,"kind":2,"reset":false,"why":"refused"}
{"client":"<metal-address>:37048","err":"Connection refused (os error 111)","ev":"tcp_accept_refused","flow":12,"gport":7300}
{"age_ms":5,"ev":"flow_closed","flow":12,"kind":2,"reset":false,"why":"refused"}
{"client":"<metal-address>:37062","err":"Connection refused (os error 111)","ev":"tcp_accept_refused","flow":14,"gport":7300}
{"age_ms":5,"ev":"flow_closed","flow":14,"kind":2,"reset":false,"why":"refused"}
{"client":"<metal-address>:37074","err":"Connection refused (os error 111)","ev":"tcp_accept_refused","flow":16,"gport":7300}
{"age_ms":5,"ev":"flow_closed","flow":16,"kind":2,"reset":false,"why":"refused"}
{"client":"<metal-address>:37084","err":"Connection refused (os error 111)","ev":"tcp_accept_refused","flow":18,"gport":7300}
{"age_ms":5,"ev":"flow_closed","flow":18,"kind":2,"reset":false,"why":"refused"}
{"client":"<metal-address>:37090","err":"Connection refused (os error 111)","ev":"tcp_accept_refused","flow":20,"gport":7300}
{"age_ms":5,"ev":"flow_closed","flow":20,"kind":2,"reset":false,"why":"refused"}
{"cookie":1909,"ev":"listen_event","family":2,"kind":"start","ktime_us":32017351,"port":7300,"reachable":true,"wake_lag_us":6783}
{"decided_listening":true,"ev":"level_light","last_kind":1,"port":7300}
{"enum_us":3243,"ev":"listen_state_sent","event_to_send_us":15342,"listeners":1,"listening":true,"port":7300,"reason":"event","seq":6,"t_us":32032693}
{"client":"<metal-address>:37222","ev":"tcp_accept","flow":22,"gport":7300}
{"age_ms":8,"ev":"flow_closed","flow":22,"kind":2,"reset":true,"why":"peer_abort"}
{"cookie":1909,"ev":"listen_event","family":2,"kind":"stop","ktime_us":32117812,"port":7300,"reachable":true,"wake_lag_us":71}
{"decided_listening":false,"ev":"level_light","last_kind":2,"port":7300}
{"enum_us":3353,"ev":"listen_state_sent","event_to_send_us":8107,"listeners":0,"listening":false,"port":7300,"reason":"event","seq":7,"t_us":32125919}
{"client":"<metal-address>:37226","err":"Connection refused (os error 111)","ev":"tcp_accept_refused","flow":24,"gport":7300}
{"age_ms":4,"ev":"flow_closed","flow":24,"kind":2,"reset":false,"why":"refused"}
{"client":"<metal-address>:37240","err":"Connection refused (os error 111)","ev":"tcp_accept_refused","flow":26,"gport":7300}
{"age_ms":4,"ev":"flow_closed","flow":26,"kind":2,"reset":false,"why":"refused"}
{"client":"<metal-address>:37250","err":"Connection refused (os error 111)","ev":"tcp_accept_refused","flow":28,"gport":7300}
{"age_ms":4,"ev":"flow_closed","flow":28,"kind":2,"reset":false,"why":"refused"}
{"client":"<metal-address>:37252","err":"Connection refused (os error 111)","ev":"tcp_accept_refused","flow":30,"gport":7300}
{"age_ms":4,"ev":"flow_closed","flow":30,"kind":2,"reset":false,"why":"refused"}
{"client":"<metal-address>:37254","err":"Connection refused (os error 111)","ev":"tcp_accept_refused","flow":32,"gport":7300}
{"age_ms":4,"ev":"flow_closed","flow":32,"kind":2,"reset":false,"why":"refused"}
{"client":"<metal-address>:37268","err":"Connection refused (os error 111)","ev":"tcp_accept_refused","flow":34,"gport":7300}
{"age_ms":4,"ev":"flow_closed","flow":34,"kind":2,"reset":false,"why":"refused"}
{"client":"<metal-address>:37272","err":"Connection refused (os error 111)","ev":"tcp_accept_refused","flow":36,"gport":7300}
{"age_ms":4,"ev":"flow_closed","flow":36,"kind":2,"reset":false,"why":"refused"}
{"cookie":4336,"ev":"listen_event","family":2,"kind":"start","ktime_us":32217953,"port":7300,"reachable":true,"wake_lag_us":116}
{"decided_listening":true,"ev":"level_light","last_kind":1,"port":7300}
{"enum_us":3653,"ev":"listen_state_sent","event_to_send_us":8361,"listeners":1,"listening":true,"port":7300,"reason":"event","seq":8,"t_us":32226314}
{"client":"<metal-address>:37356","ev":"tcp_accept","flow":38,"gport":7300}
{"age_ms":7,"ev":"flow_closed","flow":38,"kind":2,"reset":true,"why":"peer_abort"}
{"cookie":4336,"ev":"listen_event","family":2,"kind":"stop","ktime_us":32318411,"port":7300,"reachable":true,"wake_lag_us":73}
{"decided_listening":false,"ev":"level_light","last_kind":2,"port":7300}
{"enum_us":3899,"ev":"listen_state_sent","event_to_send_us":9881,"listeners":0,"listening":false,"port":7300,"reason":"event","seq":9,"t_us":32328292}
{"client":"<metal-address>:37370","err":"Connection refused (os error 111)","ev":"tcp_accept_refused","flow":40,"gport":7300}
{"age_ms":5,"ev":"flow_closed","flow":40,"kind":2,"reset":false,"why":"refused"}
{"client":"<metal-address>:37382","err":"Connection refused (os error 111)","ev":"tcp_accept_refused","flow":42,"gport":7300}
{"age_ms":6,"ev":"flow_closed","flow":42,"kind":2,"reset":false,"why":"refused"}
{"client":"<metal-address>:37396","err":"Connection refused (os error 111)","ev":"tcp_accept_refused","flow":44,"gport":7300}
{"age_ms":6,"ev":"flow_closed","flow":44,"kind":2,"reset":false,"why":"refused"}
{"client":"<metal-address>:37412","err":"Connection refused (os error 111)","ev":"tcp_accept_refused","flow":46,"gport":7300}
{"age_ms":4,"ev":"flow_closed","flow":46,"kind":2,"reset":false,"why":"refused"}
{"client":"<metal-address>:37428","err":"Connection refused (os error 111)","ev":"tcp_accept_refused","flow":48,"gport":7300}
{"age_ms":4,"ev":"flow_closed","flow":48,"kind":2,"reset":false,"why":"refused"}
{"client":"<metal-address>:37434","err":"Connection refused (os error 111)","ev":"tcp_accept_refused","flow":50,"gport":7300}
{"client":"<metal-address>:37448","err":"Connection refused (os error 111)","ev":"tcp_accept_refused","flow":52,"gport":7300}
{"client":"<metal-address>:37456","err":"Connection refused (os error 111)","ev":"tcp_accept_refused","flow":54,"gport":7300}
{"client":"<metal-address>:37462","err":"Connection refused (os error 111)","ev":"tcp_accept_refused","flow":56,"gport":7300}
{"cookie":4346,"ev":"listen_event","family":2,"kind":"start","ktime_us":32418550,"port":7300,"reachable":true,"wake_lag_us":73}
{"decided_listening":true,"ev":"level_light","last_kind":1,"port":7300}
{"enum_us":3115,"ev":"listen_state_sent","event_to_send_us":7871,"listeners":1,"listening":true,"port":7300,"reason":"event","seq":10,"t_us":32426421}
{"age_ms":6,"ev":"flow_closed","flow":58,"kind":2,"reset":true,"why":"peer_abort"}
{"cookie":4346,"ev":"listen_event","family":2,"kind":"stop","ktime_us":32518785,"port":7300,"reachable":true,"wake_lag_us":54}
{"decided_listening":false,"ev":"level_light","last_kind":2,"port":7300}
{"enum_us":3346,"ev":"listen_state_sent","event_to_send_us":8110,"listeners":0,"listening":false,"port":7300,"reason":"event","seq":11,"t_us":32526895}
{"client":"<metal-address>:37542","err":"Connection refused (os error 111)","ev":"tcp_accept_refused","flow":60,"gport":7300}
{"client":"<metal-address>:37548","err":"Connection refused (os error 111)","ev":"tcp_accept_refused","flow":62,"gport":7300}
{"client":"<metal-address>:37564","err":"Connection refused (os error 111)","ev":"tcp_accept_refused","flow":64,"gport":7300}
{"client":"<metal-address>:37574","err":"Connection refused (os error 111)","ev":"tcp_accept_refused","flow":66,"gport":7300}
{"client":"<metal-address>:37582","err":"Connection refused (os error 111)","ev":"tcp_accept_refused","flow":68,"gport":7300}
{"client":"<metal-address>:37596","err":"Connection refused (os error 111)","ev":"tcp_accept_refused","flow":70,"gport":7300}
{"client":"<metal-address>:37610","err":"Connection refused (os error 111)","ev":"tcp_accept_refused","flow":72,"gport":7300}
{"cookie":1946,"ev":"listen_event","family":2,"kind":"start","ktime_us":32618928,"port":7300,"reachable":true,"wake_lag_us":60}
{"decided_listening":true,"ev":"level_light","last_kind":1,"port":7300}
{"enum_us":4026,"ev":"listen_state_sent","event_to_send_us":10176,"listeners":1,"listening":true,"port":7300,"reason":"event","seq":12,"t_us":32629104}
{"age_ms":8,"ev":"flow_closed","flow":74,"kind":2,"reset":true,"why":"peer_abort"}
{"cookie":1946,"ev":"listen_event","family":2,"kind":"stop","ktime_us":32719826,"port":7300,"reachable":true,"wake_lag_us":75}
{"decided_listening":false,"ev":"level_light","last_kind":2,"port":7300}
{"enum_us":6157,"ev":"listen_state_sent","event_to_send_us":15100,"listeners":0,"listening":false,"port":7300,"reason":"event","seq":13,"t_us":32734926}
{"client":"<metal-address>:37710","err":"Connection refused (os error 111)","ev":"tcp_accept_refused","flow":76,"gport":7300}
{"client":"<metal-address>:37720","err":"Connection refused (os error 111)","ev":"tcp_accept_refused","flow":78,"gport":7300}
{"client":"<metal-address>:37730","err":"Connection refused (os error 111)","ev":"tcp_accept_refused","flow":80,"gport":7300}
{"client":"<metal-address>:37736","err":"Connection refused (os error 111)","ev":"tcp_accept_refused","flow":82,"gport":7300}
{"client":"<metal-address>:37748","err":"Connection refused (os error 111)","ev":"tcp_accept_refused","flow":84,"gport":7300}
{"client":"<metal-address>:37764","err":"Connection refused (os error 111)","ev":"tcp_accept_refused","flow":86,"gport":7300}
{"client":"<metal-address>:37774","err":"Connection refused (os error 111)","ev":"tcp_accept_refused","flow":88,"gport":7300}
{"client":"<metal-address>:37784","err":"Connection refused (os error 111)","ev":"tcp_accept_refused","flow":90,"gport":7300}
{"client":"<metal-address>:37792","err":"Connection refused (os error 111)","ev":"tcp_accept_refused","flow":92,"gport":7300}
{"client":"<metal-address>:37802","err":"Connection refused (os error 111)","ev":"tcp_accept_refused","flow":94,"gport":7300}
{"cookie":4372,"ev":"listen_event","family":2,"kind":"start","ktime_us":32819987,"port":7300,"reachable":true,"wake_lag_us":18577}
{"decided_listening":true,"ev":"level_light","last_kind":1,"port":7300}
{"enum_us":3248,"ev":"listen_state_sent","event_to_send_us":26408,"listeners":1,"listening":true,"port":7300,"reason":"event","seq":14,"t_us":32846395}
{"age_ms":29,"ev":"flow_closed","flow":96,"kind":2,"reset":true,"why":"peer_abort"}
{"age_ms":26,"ev":"flow_closed","flow":98,"kind":2,"reset":true,"why":"peer_abort"}
{"age_ms":23,"ev":"flow_closed","flow":100,"kind":2,"reset":true,"why":"peer_abort"}
{"age_ms":7,"ev":"flow_closed","flow":102,"kind":2,"reset":true,"why":"peer_abort"}
{"cookie":4372,"ev":"listen_event","family":2,"kind":"stop","ktime_us":32920479,"port":7300,"reachable":true,"wake_lag_us":74}
{"decided_listening":false,"ev":"level_light","last_kind":2,"port":7300}
{"enum_us":3342,"ev":"listen_state_sent","event_to_send_us":8076,"listeners":0,"listening":false,"port":7300,"reason":"event","seq":15,"t_us":32928555}
{"client":"<metal-address>:38094","err":"Connection refused (os error 111)","ev":"tcp_accept_refused","flow":104,"gport":7300}
{"client":"<metal-address>:38100","err":"Connection refused (os error 111)","ev":"tcp_accept_refused","flow":106,"gport":7300}
{"client":"<metal-address>:38108","err":"Connection refused (os error 111)","ev":"tcp_accept_refused","flow":108,"gport":7300}
{"client":"<metal-address>:38112","err":"Connection refused (os error 111)","ev":"tcp_accept_refused","flow":110,"gport":7300}
{"client":"<metal-address>:38124","err":"Connection refused (os error 111)","ev":"tcp_accept_refused","flow":112,"gport":7300}
{"client":"<metal-address>:38126","err":"Connection refused (os error 111)","ev":"tcp_accept_refused","flow":114,"gport":7300}
{"client":"<metal-address>:38134","err":"Connection refused (os error 111)","ev":"tcp_accept_refused","flow":116,"gport":7300}
{"cookie":4376,"ev":"listen_event","family":2,"kind":"start","ktime_us":33020642,"port":7300,"reachable":true,"wake_lag_us":110}
{"decided_listening":true,"ev":"level_light","last_kind":1,"port":7300}
{"enum_us":4132,"ev":"listen_state_sent","event_to_send_us":10428,"listeners":1,"listening":true,"port":7300,"reason":"event","seq":16,"t_us":33031070}
{"age_ms":7,"ev":"flow_closed","flow":118,"kind":2,"reset":true,"why":"peer_abort"}
{"cookie":4376,"ev":"listen_event","family":2,"kind":"stop","ktime_us":33121427,"port":7300,"reachable":true,"wake_lag_us":111}
{"decided_listening":false,"ev":"level_light","last_kind":2,"port":7300}
{"enum_us":6358,"ev":"listen_state_sent","event_to_send_us":14415,"listeners":0,"listening":false,"port":7300,"reason":"event","seq":17,"t_us":33135842}
{"client":"<metal-address>:38270","err":"Connection refused (os error 111)","ev":"tcp_accept_refused","flow":120,"gport":7300}
{"client":"<metal-address>:38276","err":"Connection refused (os error 111)","ev":"tcp_accept_refused","flow":122,"gport":7300}
{"client":"<metal-address>:38286","err":"Connection refused (os error 111)","ev":"tcp_accept_refused","flow":124,"gport":7300}
{"client":"<metal-address>:38292","err":"Connection refused (os error 111)","ev":"tcp_accept_refused","flow":126,"gport":7300}
{"client":"<metal-address>:38294","err":"Connection refused (os error 111)","ev":"tcp_accept_refused","flow":128,"gport":7300}
{"client":"<metal-address>:38308","err":"Connection refused (os error 111)","ev":"tcp_accept_refused","flow":130,"gport":7300}
{"client":"<metal-address>:38322","err":"Connection refused (os error 111)","ev":"tcp_accept_refused","flow":132,"gport":7300}
{"client":"<metal-address>:38326","err":"Connection refused (os error 111)","ev":"tcp_accept_refused","flow":134,"gport":7300}
{"client":"<metal-address>:38340","err":"Connection refused (os error 111)","ev":"tcp_accept_refused","flow":136,"gport":7300}
{"cookie":4388,"ev":"listen_event","family":2,"kind":"start","ktime_us":33221569,"port":7300,"reachable":true,"wake_lag_us":20535}
{"decided_listening":true,"ev":"level_light","last_kind":1,"port":7300}
{"enum_us":3018,"ev":"listen_state_sent","event_to_send_us":28078,"listeners":1,"listening":true,"port":7300,"reason":"event","seq":18,"t_us":33249647}
{"age_ms":32,"ev":"flow_closed","flow":138,"kind":2,"reset":true,"why":"peer_abort"}
{"age_ms":30,"ev":"flow_closed","flow":140,"kind":2,"reset":true,"why":"peer_abort"}
{"age_ms":27,"ev":"flow_closed","flow":142,"kind":2,"reset":true,"why":"peer_abort"}
{"age_ms":24,"ev":"flow_closed","flow":144,"kind":2,"reset":true,"why":"peer_abort"}
{"age_ms":6,"ev":"flow_closed","flow":146,"kind":2,"reset":true,"why":"peer_abort"}
{"cookie":4388,"ev":"listen_event","family":2,"kind":"stop","ktime_us":33322147,"port":7300,"reachable":true,"wake_lag_us":70}
{"decided_listening":false,"ev":"level_light","last_kind":2,"port":7300}
{"enum_us":4058,"ev":"listen_state_sent","event_to_send_us":10196,"listeners":0,"listening":false,"port":7300,"reason":"event","seq":19,"t_us":33332343}
{"client":"<metal-address>:38676","err":"Connection refused (os error 111)","ev":"tcp_accept_refused","flow":148,"gport":7300}
{"client":"<metal-address>:38682","err":"Connection refused (os error 111)","ev":"tcp_accept_refused","flow":150,"gport":7300}
{"client":"<metal-address>:38686","err":"Connection refused (os error 111)","ev":"tcp_accept_refused","flow":152,"gport":7300}
{"client":"<metal-address>:38690","err":"Connection refused (os error 111)","ev":"tcp_accept_refused","flow":154,"gport":7300}
{"client":"<metal-address>:38702","err":"Connection refused (os error 111)","ev":"tcp_accept_refused","flow":156,"gport":7300}
{"client":"<metal-address>:38712","err":"Connection refused (os error 111)","ev":"tcp_accept_refused","flow":158,"gport":7300}
{"client":"<metal-address>:38724","err":"Connection refused (os error 111)","ev":"tcp_accept_refused","flow":160,"gport":7300}
{"client":"<metal-address>:38736","err":"Connection refused (os error 111)","ev":"tcp_accept_refused","flow":162,"gport":7300}
{"client":"<metal-address>:38748","err":"Connection refused (os error 111)","ev":"tcp_accept_refused","flow":164,"gport":7300}
{"cookie":1990,"ev":"listen_event","family":2,"kind":"start","ktime_us":33422285,"port":7300,"reachable":true,"wake_lag_us":73}
{"decided_listening":true,"ev":"level_light","last_kind":1,"port":7300}
{"enum_us":3457,"ev":"listen_state_sent","event_to_send_us":10330,"listeners":1,"listening":true,"port":7300,"reason":"event","seq":20,"t_us":33432615}
{"age_ms":7,"ev":"flow_closed","flow":166,"kind":2,"reset":true,"why":"peer_abort"}
{"cookie":1990,"ev":"listen_event","family":2,"kind":"stop","ktime_us":33523257,"port":7300,"reachable":true,"wake_lag_us":63}
{"decided_listening":false,"ev":"level_light","last_kind":2,"port":7300}
{"enum_us":5577,"ev":"listen_state_sent","event_to_send_us":14010,"listeners":0,"listening":false,"port":7300,"reason":"event","seq":21,"t_us":33537267}
{"client":"<metal-address>:33226","err":"Connection refused (os error 111)","ev":"tcp_accept_refused","flow":168,"gport":7300}
{"client":"<metal-address>:33228","err":"Connection refused (os error 111)","ev":"tcp_accept_refused","flow":170,"gport":7300}
{"client":"<metal-address>:33238","err":"Connection refused (os error 111)","ev":"tcp_accept_refused","flow":172,"gport":7300}
{"client":"<metal-address>:33242","err":"Connection refused (os error 111)","ev":"tcp_accept_refused","flow":174,"gport":7300}
{"client":"<metal-address>:33248","err":"Connection refused (os error 111)","ev":"tcp_accept_refused","flow":176,"gport":7300}
{"client":"<metal-address>:33264","err":"Connection refused (os error 111)","ev":"tcp_accept_refused","flow":178,"gport":7300}
{"client":"<metal-address>:33266","err":"Connection refused (os error 111)","ev":"tcp_accept_refused","flow":180,"gport":7300}
{"client":"<metal-address>:33268","err":"Connection refused (os error 111)","ev":"tcp_accept_refused","flow":182,"gport":7300}
{"client":"<metal-address>:33270","err":"Connection refused (os error 111)","ev":"tcp_accept_refused","flow":184,"gport":7300}
{"client":"<metal-address>:33284","err":"Connection refused (os error 111)","ev":"tcp_accept_refused","flow":186,"gport":7300}
{"client":"<metal-address>:33300","err":"Connection refused (os error 111)","ev":"tcp_accept_refused","flow":188,"gport":7300}
{"cookie":2003,"ev":"listen_event","family":2,"kind":"start","ktime_us":33623404,"port":7300,"reachable":true,"wake_lag_us":7709}
{"decided_listening":true,"ev":"level_light","last_kind":1,"port":7300}
{"enum_us":3065,"ev":"listen_state_sent","event_to_send_us":15384,"listeners":1,"listening":true,"port":7300,"reason":"event","seq":22,"t_us":33638788}
{"age_ms":17,"ev":"flow_closed","flow":190,"kind":2,"reset":true,"why":"peer_abort"}
{"age_ms":6,"ev":"flow_closed","flow":192,"kind":2,"reset":true,"why":"peer_abort"}
{"cookie":2003,"ev":"listen_event","family":2,"kind":"stop","ktime_us":33723679,"port":7300,"reachable":true,"wake_lag_us":108}
{"decided_listening":false,"ev":"level_light","last_kind":2,"port":7300}
{"enum_us":3441,"ev":"listen_state_sent","event_to_send_us":8228,"listeners":0,"listening":false,"port":7300,"reason":"event","seq":23,"t_us":33731907}
{"client":"<metal-address>:33476","err":"Connection refused (os error 111)","ev":"tcp_accept_refused","flow":194,"gport":7300}
{"client":"<metal-address>:33480","err":"Connection refused (os error 111)","ev":"tcp_accept_refused","flow":196,"gport":7300}
{"client":"<metal-address>:33482","err":"Connection refused (os error 111)","ev":"tcp_accept_refused","flow":198,"gport":7300}
{"client":"<metal-address>:33488","err":"Connection refused (os error 111)","ev":"tcp_accept_refused","flow":200,"gport":7300}
{"client":"<metal-address>:33492","err":"Connection refused (os error 111)","ev":"tcp_accept_refused","flow":202,"gport":7300}
{"client":"<metal-address>:33494","err":"Connection refused (os error 111)","ev":"tcp_accept_refused","flow":204,"gport":7300}
{"client":"<metal-address>:33498","err":"Connection refused (os error 111)","ev":"tcp_accept_refused","flow":206,"gport":7300}
{"cookie":2019,"ev":"listen_event","family":2,"kind":"start","ktime_us":33823854,"port":7300,"reachable":true,"wake_lag_us":113}
{"decided_listening":true,"ev":"level_light","last_kind":1,"port":7300}
{"enum_us":4023,"ev":"listen_state_sent","event_to_send_us":11270,"listeners":1,"listening":true,"port":7300,"reason":"event","seq":24,"t_us":33835124}
{"age_ms":8,"ev":"flow_closed","flow":208,"kind":2,"reset":true,"why":"peer_abort"}
{"cookie":2019,"ev":"listen_event","family":2,"kind":"stop","ktime_us":33924049,"port":7300,"reachable":true,"wake_lag_us":210}
{"decided_listening":false,"ev":"level_light","last_kind":2,"port":7300}
{"enum_us":6238,"ev":"listen_state_sent","event_to_send_us":15669,"listeners":0,"listening":false,"port":7300,"reason":"event","seq":25,"t_us":33939718}
{"client":"<metal-address>:33612","err":"Connection refused (os error 111)","ev":"tcp_accept_refused","flow":210,"gport":7300}
{"client":"<metal-address>:33618","err":"Connection refused (os error 111)","ev":"tcp_accept_refused","flow":212,"gport":7300}
{"client":"<metal-address>:33626","err":"Connection refused (os error 111)","ev":"tcp_accept_refused","flow":214,"gport":7300}
{"client":"<metal-address>:33628","err":"Connection refused (os error 111)","ev":"tcp_accept_refused","flow":216,"gport":7300}
{"client":"<metal-address>:33640","err":"Connection refused (os error 111)","ev":"tcp_accept_refused","flow":218,"gport":7300}
{"client":"<metal-address>:33656","err":"Connection refused (os error 111)","ev":"tcp_accept_refused","flow":220,"gport":7300}
{"client":"<metal-address>:33664","err":"Connection refused (os error 111)","ev":"tcp_accept_refused","flow":222,"gport":7300}
{"client":"<metal-address>:33676","err":"Connection refused (os error 111)","ev":"tcp_accept_refused","flow":224,"gport":7300}
{"client":"<metal-address>:33688","err":"Connection refused (os error 111)","ev":"tcp_accept_refused","flow":226,"gport":7300}
{"client":"<metal-address>:33698","err":"Connection refused (os error 111)","ev":"tcp_accept_refused","flow":228,"gport":7300}
{"cookie":2030,"ev":"listen_event","family":2,"kind":"start","ktime_us":34024199,"port":7300,"reachable":true,"wake_lag_us":17941}
{"decided_listening":true,"ev":"level_light","last_kind":1,"port":7300}
{"enum_us":3082,"ev":"listen_state_sent","event_to_send_us":25534,"listeners":1,"listening":true,"port":7300,"reason":"event","seq":26,"t_us":34049733}
{"age_ms":31,"ev":"flow_closed","flow":230,"kind":2,"reset":true,"why":"peer_abort"}
{"age_ms":28,"ev":"flow_closed","flow":232,"kind":2,"reset":true,"why":"peer_abort"}
{"age_ms":25,"ev":"flow_closed","flow":234,"kind":2,"reset":true,"why":"peer_abort"}
{"age_ms":23,"ev":"flow_closed","flow":236,"kind":2,"reset":true,"why":"peer_abort"}
{"age_ms":6,"ev":"flow_closed","flow":238,"kind":2,"reset":true,"why":"peer_abort"}
{"cookie":2030,"ev":"listen_event","family":2,"kind":"stop","ktime_us":34124750,"port":7300,"reachable":true,"wake_lag_us":69}
{"decided_listening":false,"ev":"level_light","last_kind":2,"port":7300}
{"enum_us":3471,"ev":"listen_state_sent","event_to_send_us":8181,"listeners":0,"listening":false,"port":7300,"reason":"event","seq":27,"t_us":34132931}
{"client":"<metal-address>:33984","err":"Connection refused (os error 111)","ev":"tcp_accept_refused","flow":240,"gport":7300}
{"client":"<metal-address>:33998","err":"Connection refused (os error 111)","ev":"tcp_accept_refused","flow":242,"gport":7300}
{"client":"<metal-address>:34000","err":"Connection refused (os error 111)","ev":"tcp_accept_refused","flow":244,"gport":7300}
{"client":"<metal-address>:34002","err":"Connection refused (os error 111)","ev":"tcp_accept_refused","flow":246,"gport":7300}
{"client":"<metal-address>:34012","err":"Connection refused (os error 111)","ev":"tcp_accept_refused","flow":248,"gport":7300}
{"client":"<metal-address>:34024","err":"Connection refused (os error 111)","ev":"tcp_accept_refused","flow":250,"gport":7300}
{"client":"<metal-address>:34032","err":"Connection refused (os error 111)","ev":"tcp_accept_refused","flow":252,"gport":7300}
{"cookie":2048,"ev":"listen_event","family":2,"kind":"start","ktime_us":34224887,"port":7300,"reachable":true,"wake_lag_us":75}
{"decided_listening":true,"ev":"level_light","last_kind":1,"port":7300}
{"enum_us":4529,"ev":"listen_state_sent","event_to_send_us":11191,"listeners":1,"listening":true,"port":7300,"reason":"event","seq":28,"t_us":34236078}
{"age_ms":6,"ev":"flow_closed","flow":254,"kind":2,"reset":true,"why":"peer_abort"}
{"cookie":2048,"ev":"listen_event","family":2,"kind":"stop","ktime_us":34325116,"port":7300,"reachable":true,"wake_lag_us":109}
{"decided_listening":false,"ev":"level_light","last_kind":2,"port":7300}
{"enum_us":5966,"ev":"listen_state_sent","event_to_send_us":14380,"listeners":0,"listening":false,"port":7300,"reason":"event","seq":29,"t_us":34339496}
{"client":"<metal-address>:34138","err":"Connection refused (os error 111)","ev":"tcp_accept_refused","flow":256,"gport":7300}
{"client":"<metal-address>:34146","err":"Connection refused (os error 111)","ev":"tcp_accept_refused","flow":258,"gport":7300}
{"client":"<metal-address>:34156","err":"Connection refused (os error 111)","ev":"tcp_accept_refused","flow":260,"gport":7300}
{"client":"<metal-address>:34170","err":"Connection refused (os error 111)","ev":"tcp_accept_refused","flow":262,"gport":7300}
{"client":"<metal-address>:34186","err":"Connection refused (os error 111)","ev":"tcp_accept_refused","flow":264,"gport":7300}
{"client":"<metal-address>:34194","err":"Connection refused (os error 111)","ev":"tcp_accept_refused","flow":266,"gport":7300}
{"client":"<metal-address>:34198","err":"Connection refused (os error 111)","ev":"tcp_accept_refused","flow":268,"gport":7300}
{"client":"<metal-address>:34200","err":"Connection refused (os error 111)","ev":"tcp_accept_refused","flow":270,"gport":7300}
{"client":"<metal-address>:34206","err":"Connection refused (os error 111)","ev":"tcp_accept_refused","flow":272,"gport":7300}
{"client":"<metal-address>:34214","err":"Connection refused (os error 111)","ev":"tcp_accept_refused","flow":274,"gport":7300}
{"cookie":4468,"ev":"listen_event","family":2,"kind":"start","ktime_us":34425269,"port":7300,"reachable":true,"wake_lag_us":20239}
{"decided_listening":true,"ev":"level_light","last_kind":1,"port":7300}
{"enum_us":3233,"ev":"listen_state_sent","event_to_send_us":27958,"listeners":1,"listening":true,"port":7300,"reason":"event","seq":30,"t_us":34453227}
{"age_ms":28,"ev":"flow_closed","flow":276,"kind":2,"reset":true,"why":"peer_abort"}
{"age_ms":25,"ev":"flow_closed","flow":278,"kind":2,"reset":true,"why":"peer_abort"}
{"age_ms":22,"ev":"flow_closed","flow":280,"kind":2,"reset":true,"why":"peer_abort"}
{"age_ms":5,"ev":"flow_closed","flow":282,"kind":2,"reset":true,"why":"peer_abort"}
{"cookie":4468,"ev":"listen_event","family":2,"kind":"stop","ktime_us":34525567,"port":7300,"reachable":true,"wake_lag_us":76}
{"decided_listening":false,"ev":"level_light","last_kind":2,"port":7300}
{"enum_us":3303,"ev":"listen_state_sent","event_to_send_us":8059,"listeners":0,"listening":false,"port":7300,"reason":"event","seq":31,"t_us":34533626}
{"client":"<metal-address>:34480","err":"Connection refused (os error 111)","ev":"tcp_accept_refused","flow":284,"gport":7300}
{"client":"<metal-address>:34496","err":"Connection refused (os error 111)","ev":"tcp_accept_refused","flow":286,"gport":7300}
{"client":"<metal-address>:34498","err":"Connection refused (os error 111)","ev":"tcp_accept_refused","flow":288,"gport":7300}
{"client":"<metal-address>:34506","err":"Connection refused (os error 111)","ev":"tcp_accept_refused","flow":290,"gport":7300}
{"client":"<metal-address>:34514","err":"Connection refused (os error 111)","ev":"tcp_accept_refused","flow":292,"gport":7300}
{"client":"<metal-address>:34522","err":"Connection refused (os error 111)","ev":"tcp_accept_refused","flow":294,"gport":7300}
{"client":"<metal-address>:34532","err":"Connection refused (os error 111)","ev":"tcp_accept_refused","flow":296,"gport":7300}
{"cookie":4485,"ev":"listen_event","family":2,"kind":"start","ktime_us":34625742,"port":7300,"reachable":true,"wake_lag_us":111}
{"decided_listening":true,"ev":"level_light","last_kind":1,"port":7300}
{"enum_us":3937,"ev":"listen_state_sent","event_to_send_us":11085,"listeners":1,"listening":true,"port":7300,"reason":"event","seq":32,"t_us":34636827}
{"age_ms":7,"ev":"flow_closed","flow":298,"kind":2,"reset":true,"why":"peer_abort"}
{"cookie":4485,"ev":"listen_event","family":2,"kind":"stop","ktime_us":34726197,"port":7300,"reachable":true,"wake_lag_us":101}
{"decided_listening":false,"ev":"level_light","last_kind":2,"port":7300}
{"enum_us":6376,"ev":"listen_state_sent","event_to_send_us":15384,"listeners":0,"listening":false,"port":7300,"reason":"event","seq":33,"t_us":34741581}
{"client":"<metal-address>:34664","err":"Connection refused (os error 111)","ev":"tcp_accept_refused","flow":300,"gport":7300}
{"client":"<metal-address>:34666","err":"Connection refused (os error 111)","ev":"tcp_accept_refused","flow":302,"gport":7300}
{"client":"<metal-address>:34680","err":"Connection refused (os error 111)","ev":"tcp_accept_refused","flow":304,"gport":7300}
{"client":"<metal-address>:34690","err":"Connection refused (os error 111)","ev":"tcp_accept_refused","flow":306,"gport":7300}
{"client":"<metal-address>:34702","err":"Connection refused (os error 111)","ev":"tcp_accept_refused","flow":308,"gport":7300}
{"client":"<metal-address>:34714","err":"Connection refused (os error 111)","ev":"tcp_accept_refused","flow":310,"gport":7300}
{"client":"<metal-address>:34722","err":"Connection refused (os error 111)","ev":"tcp_accept_refused","flow":312,"gport":7300}
{"client":"<metal-address>:34734","err":"Connection refused (os error 111)","ev":"tcp_accept_refused","flow":314,"gport":7300}
{"client":"<metal-address>:34738","err":"Connection refused (os error 111)","ev":"tcp_accept_refused","flow":316,"gport":7300}
{"cookie":2084,"ev":"listen_event","family":2,"kind":"start","ktime_us":34826348,"port":7300,"reachable":true,"wake_lag_us":19757}
{"decided_listening":true,"ev":"level_light","last_kind":1,"port":7300}
{"enum_us":3029,"ev":"listen_state_sent","event_to_send_us":27299,"listeners":1,"listening":true,"port":7300,"reason":"event","seq":34,"t_us":34853647}
{"age_ms":32,"ev":"flow_closed","flow":318,"kind":2,"reset":true,"why":"peer_abort"}
{"age_ms":28,"ev":"flow_closed","flow":320,"kind":2,"reset":true,"why":"peer_abort"}
{"age_ms":25,"ev":"flow_closed","flow":322,"kind":2,"reset":true,"why":"peer_abort"}
{"age_ms":22,"ev":"flow_closed","flow":324,"kind":2,"reset":true,"why":"peer_abort"}
{"age_ms":6,"ev":"flow_closed","flow":326,"kind":2,"reset":true,"why":"peer_abort"}
{"cookie":2084,"ev":"listen_event","family":2,"kind":"stop","ktime_us":34926804,"port":7300,"reachable":true,"wake_lag_us":71}
{"decided_listening":false,"ev":"level_light","last_kind":2,"port":7300}
{"enum_us":3495,"ev":"listen_state_sent","event_to_send_us":8278,"listeners":0,"listening":false,"port":7300,"reason":"event","seq":35,"t_us":34935082}
{"client":"<metal-address>:35044","err":"Connection refused (os error 111)","ev":"tcp_accept_refused","flow":328,"gport":7300}
{"client":"<metal-address>:35060","err":"Connection refused (os error 111)","ev":"tcp_accept_refused","flow":330,"gport":7300}
{"client":"<metal-address>:35068","err":"Connection refused (os error 111)","ev":"tcp_accept_refused","flow":332,"gport":7300}
{"client":"<metal-address>:35074","err":"Connection refused (os error 111)","ev":"tcp_accept_refused","flow":334,"gport":7300}
{"client":"<metal-address>:35076","err":"Connection refused (os error 111)","ev":"tcp_accept_refused","flow":336,"gport":7300}
{"client":"<metal-address>:35086","err":"Connection refused (os error 111)","ev":"tcp_accept_refused","flow":338,"gport":7300}
{"client":"<metal-address>:35096","err":"Connection refused (os error 111)","ev":"tcp_accept_refused","flow":340,"gport":7300}
{"cookie":2095,"ev":"listen_event","family":2,"kind":"start","ktime_us":35026968,"port":7300,"reachable":true,"wake_lag_us":111}
{"decided_listening":true,"ev":"level_light","last_kind":1,"port":7300}
{"enum_us":3931,"ev":"listen_state_sent","event_to_send_us":10194,"listeners":1,"listening":true,"port":7300,"reason":"event","seq":36,"t_us":35037162}
{"age_ms":6,"ev":"flow_closed","flow":342,"kind":2,"reset":true,"why":"peer_abort"}
{"cookie":2095,"ev":"listen_event","family":2,"kind":"stop","ktime_us":35127442,"port":7300,"reachable":true,"wake_lag_us":76}
{"decided_listening":false,"ev":"level_light","last_kind":2,"port":7300}
{"enum_us":3399,"ev":"listen_state_sent","event_to_send_us":8173,"listeners":0,"listening":false,"port":7300,"reason":"event","seq":37,"t_us":35135615}
{"client":"<metal-address>:35204","err":"Connection refused (os error 111)","ev":"tcp_accept_refused","flow":344,"gport":7300}
{"client":"<metal-address>:35218","err":"Connection refused (os error 111)","ev":"tcp_accept_refused","flow":346,"gport":7300}
{"client":"<metal-address>:35230","err":"Connection refused (os error 111)","ev":"tcp_accept_refused","flow":348,"gport":7300}
{"client":"<metal-address>:35234","err":"Connection refused (os error 111)","ev":"tcp_accept_refused","flow":350,"gport":7300}
{"client":"<metal-address>:35238","err":"Connection refused (os error 111)","ev":"tcp_accept_refused","flow":352,"gport":7300}
{"client":"<metal-address>:35250","err":"Connection refused (os error 111)","ev":"tcp_accept_refused","flow":354,"gport":7300}
{"client":"<metal-address>:35262","err":"Connection refused (os error 111)","ev":"tcp_accept_refused","flow":356,"gport":7300}
{"cookie":4519,"ev":"listen_event","family":2,"kind":"start","ktime_us":35227610,"port":7300,"reachable":true,"wake_lag_us":100}
{"decided_listening":true,"ev":"level_light","last_kind":1,"port":7300}
{"enum_us":4598,"ev":"listen_state_sent","event_to_send_us":10876,"listeners":1,"listening":true,"port":7300,"reason":"event","seq":38,"t_us":35238486}
{"age_ms":8,"ev":"flow_closed","flow":358,"kind":2,"reset":true,"why":"peer_abort"}
{"cookie":4519,"ev":"listen_event","family":2,"kind":"stop","ktime_us":35328244,"port":7300,"reachable":true,"wake_lag_us":68}
{"decided_listening":false,"ev":"level_light","last_kind":2,"port":7300}
{"enum_us":6196,"ev":"listen_state_sent","event_to_send_us":14467,"listeners":0,"listening":false,"port":7300,"reason":"event","seq":39,"t_us":35342711}
{"client":"<metal-address>:35414","err":"Connection refused (os error 111)","ev":"tcp_accept_refused","flow":360,"gport":7300}
{"client":"<metal-address>:35416","err":"Connection refused (os error 111)","ev":"tcp_accept_refused","flow":362,"gport":7300}
{"client":"<metal-address>:35422","err":"Connection refused (os error 111)","ev":"tcp_accept_refused","flow":364,"gport":7300}
{"client":"<metal-address>:35424","err":"Connection refused (os error 111)","ev":"tcp_accept_refused","flow":366,"gport":7300}
{"client":"<metal-address>:35428","err":"Connection refused (os error 111)","ev":"tcp_accept_refused","flow":368,"gport":7300}
{"client":"<metal-address>:35434","err":"Connection refused (os error 111)","ev":"tcp_accept_refused","flow":370,"gport":7300}
{"client":"<metal-address>:35446","err":"Connection refused (os error 111)","ev":"tcp_accept_refused","flow":372,"gport":7300}
{"client":"<metal-address>:35456","err":"Connection refused (os error 111)","ev":"tcp_accept_refused","flow":374,"gport":7300}
{"client":"<metal-address>:35466","err":"Connection refused (os error 111)","ev":"tcp_accept_refused","flow":376,"gport":7300}
{"client":"<metal-address>:35474","err":"Connection refused (os error 111)","ev":"tcp_accept_refused","flow":378,"gport":7300}
{"cookie":4536,"ev":"listen_event","family":2,"kind":"start","ktime_us":35428388,"port":7300,"reachable":true,"wake_lag_us":8729}
{"decided_listening":true,"ev":"level_light","last_kind":1,"port":7300}
{"enum_us":3342,"ev":"listen_state_sent","event_to_send_us":16647,"listeners":1,"listening":true,"port":7300,"reason":"event","seq":40,"t_us":35445035}
{"age_ms":22,"ev":"flow_closed","flow":380,"kind":2,"reset":true,"why":"peer_abort"}
{"age_ms":19,"ev":"flow_closed","flow":382,"kind":2,"reset":true,"why":"peer_abort"}
{"age_ms":5,"ev":"flow_closed","flow":384,"kind":2,"reset":true,"why":"peer_abort"}
{"cookie":4536,"ev":"listen_event","family":2,"kind":"stop","ktime_us":35529033,"port":7300,"reachable":true,"wake_lag_us":40}
{"decided_listening":false,"ev":"level_light","last_kind":2,"port":7300}
{"enum_us":4236,"ev":"listen_state_sent","event_to_send_us":9814,"listeners":0,"listening":false,"port":7300,"reason":"event","seq":41,"t_us":35538847}
{"client":"<metal-address>:35652","err":"Connection refused (os error 111)","ev":"tcp_accept_refused","flow":386,"gport":7300}
{"client":"<metal-address>:35658","err":"Connection refused (os error 111)","ev":"tcp_accept_refused","flow":388,"gport":7300}
{"client":"<metal-address>:35668","err":"Connection refused (os error 111)","ev":"tcp_accept_refused","flow":390,"gport":7300}
{"client":"<metal-address>:35678","err":"Connection refused (os error 111)","ev":"tcp_accept_refused","flow":392,"gport":7300}
{"client":"<metal-address>:35684","err":"Connection refused (os error 111)","ev":"tcp_accept_refused","flow":394,"gport":7300}
{"client":"<metal-address>:35686","err":"Connection refused (os error 111)","ev":"tcp_accept_refused","flow":396,"gport":7300}
{"client":"<metal-address>:35698","err":"Connection refused (os error 111)","ev":"tcp_accept_refused","flow":398,"gport":7300}
{"client":"<metal-address>:35700","err":"Connection refused (os error 111)","ev":"tcp_accept_refused","flow":400,"gport":7300}
{"cookie":4551,"ev":"listen_event","family":2,"kind":"start","ktime_us":35629186,"port":7300,"reachable":true,"wake_lag_us":60}
{"decided_listening":true,"ev":"level_light","last_kind":1,"port":7300}
{"enum_us":4248,"ev":"listen_state_sent","event_to_send_us":10327,"listeners":1,"listening":true,"port":7300,"reason":"event","seq":42,"t_us":35639513}
{"age_ms":7,"ev":"flow_closed","flow":402,"kind":2,"reset":true,"why":"peer_abort"}
{"cookie":4551,"ev":"listen_event","family":2,"kind":"stop","ktime_us":35729867,"port":7300,"reachable":true,"wake_lag_us":74}
{"decided_listening":false,"ev":"level_light","last_kind":2,"port":7300}
{"enum_us":5633,"ev":"listen_state_sent","event_to_send_us":11851,"listeners":0,"listening":false,"port":7300,"reason":"event","seq":43,"t_us":35741718}
{"client":"<metal-address>:35790","err":"Connection refused (os error 111)","ev":"tcp_accept_refused","flow":404,"gport":7300}
{"client":"<metal-address>:35798","err":"Connection refused (os error 111)","ev":"tcp_accept_refused","flow":406,"gport":7300}
{"client":"<metal-address>:35814","err":"Connection refused (os error 111)","ev":"tcp_accept_refused","flow":408,"gport":7300}
{"client":"<metal-address>:35830","err":"Connection refused (os error 111)","ev":"tcp_accept_refused","flow":410,"gport":7300}
{"client":"<metal-address>:35844","err":"Connection refused (os error 111)","ev":"tcp_accept_refused","flow":412,"gport":7300}
{"client":"<metal-address>:35860","err":"Connection refused (os error 111)","ev":"tcp_accept_refused","flow":414,"gport":7300}
{"client":"<metal-address>:35868","err":"Connection refused (os error 111)","ev":"tcp_accept_refused","flow":416,"gport":7300}
{"client":"<metal-address>:35880","err":"Connection refused (os error 111)","ev":"tcp_accept_refused","flow":418,"gport":7300}
{"client":"<metal-address>:35896","err":"Connection refused (os error 111)","ev":"tcp_accept_refused","flow":420,"gport":7300}
{"client":"<metal-address>:35908","err":"Connection refused (os error 111)","ev":"tcp_accept_refused","flow":422,"gport":7300}
{"cookie":4556,"ev":"listen_event","family":2,"kind":"start","ktime_us":36834534,"port":7300,"reachable":true,"wake_lag_us":41}
{"decided_listening":true,"ev":"level_light","last_kind":1,"port":7300}
{"enum_us":66,"ev":"listen_state_sent","event_to_send_us":391,"listeners":1,"listening":true,"port":7300,"reason":"event","seq":44,"t_us":36834925}
{"age_ms":0,"ev":"flow_closed","flow":424,"kind":2,"reset":true,"why":"peer_abort"}
{"cookie":4556,"ev":"listen_event","family":2,"kind":"stop","ktime_us":36934804,"port":7300,"reachable":true,"wake_lag_us":44}
{"decided_listening":false,"ev":"level_light","last_kind":2,"port":7300}
{"enum_us":74,"ev":"listen_state_sent","event_to_send_us":418,"listeners":0,"listening":false,"port":7300,"reason":"event","seq":45,"t_us":36935222}
{"client":"<metal-address>:35946","err":"Connection refused (os error 111)","ev":"tcp_accept_refused","flow":426,"gport":7300}
{"cookie":4560,"ev":"listen_event","family":2,"kind":"start","ktime_us":37035083,"port":7300,"reachable":true,"wake_lag_us":54}
{"decided_listening":true,"ev":"level_light","last_kind":1,"port":7300}
{"enum_us":91,"ev":"listen_state_sent","event_to_send_us":417,"listeners":1,"listening":true,"port":7300,"reason":"event","seq":46,"t_us":37035500}
{"age_ms":2,"ev":"flow_closed","flow":428,"kind":2,"reset":true,"why":"peer_abort"}
{"cookie":4560,"ev":"listen_event","family":2,"kind":"stop","ktime_us":37135673,"port":7300,"reachable":true,"wake_lag_us":43}
{"decided_listening":false,"ev":"level_light","last_kind":2,"port":7300}
{"enum_us":55,"ev":"listen_state_sent","event_to_send_us":259,"listeners":0,"listening":false,"port":7300,"reason":"event","seq":47,"t_us":37135932}
{"cookie":4561,"ev":"listen_event","family":2,"kind":"start","ktime_us":37235955,"port":7300,"reachable":true,"wake_lag_us":60}
{"decided_listening":true,"ev":"level_light","last_kind":1,"port":7300}
{"enum_us":73,"ev":"listen_state_sent","event_to_send_us":417,"listeners":1,"listening":true,"port":7300,"reason":"event","seq":48,"t_us":37236372}
{"age_ms":1,"ev":"flow_closed","flow":430,"kind":2,"reset":true,"why":"peer_abort"}
{"cookie":4561,"ev":"listen_event","family":2,"kind":"stop","ktime_us":37336345,"port":7300,"reachable":true,"wake_lag_us":29}
{"decided_listening":false,"ev":"level_light","last_kind":2,"port":7300}
{"enum_us":71,"ev":"listen_state_sent","event_to_send_us":364,"listeners":0,"listening":false,"port":7300,"reason":"event","seq":49,"t_us":37336709}
{"cookie":4562,"ev":"listen_event","family":2,"kind":"start","ktime_us":37436628,"port":7300,"reachable":true,"wake_lag_us":48}
{"decided_listening":true,"ev":"level_light","last_kind":1,"port":7300}
{"enum_us":96,"ev":"listen_state_sent","event_to_send_us":430,"listeners":1,"listening":true,"port":7300,"reason":"event","seq":50,"t_us":37437058}
{"cookie":4562,"ev":"listen_event","family":2,"kind":"stop","ktime_us":37537042,"port":7300,"reachable":true,"wake_lag_us":92}
{"decided_listening":false,"ev":"level_light","last_kind":2,"port":7300}
{"enum_us":82,"ev":"listen_state_sent","event_to_send_us":432,"listeners":0,"listening":false,"port":7300,"reason":"event","seq":51,"t_us":37537474}
{"cookie":4563,"ev":"listen_event","family":2,"kind":"start","ktime_us":37637232,"port":7300,"reachable":true,"wake_lag_us":162}
{"decided_listening":true,"ev":"level_light","last_kind":1,"port":7300}
{"enum_us":83,"ev":"listen_state_sent","event_to_send_us":573,"listeners":1,"listening":true,"port":7300,"reason":"event","seq":52,"t_us":37637805}
{"age_ms":1,"ev":"flow_closed","flow":434,"kind":2,"reset":true,"why":"peer_abort"}
{"cookie":4563,"ev":"listen_event","family":2,"kind":"stop","ktime_us":37737593,"port":7300,"reachable":true,"wake_lag_us":52}
{"decided_listening":false,"ev":"level_light","last_kind":2,"port":7300}
{"enum_us":92,"ev":"listen_state_sent","event_to_send_us":420,"listeners":0,"listening":false,"port":7300,"reason":"event","seq":53,"t_us":37738013}
{"cookie":4567,"ev":"listen_event","family":2,"kind":"start","ktime_us":37837881,"port":7300,"reachable":true,"wake_lag_us":50}
{"decided_listening":true,"ev":"level_light","last_kind":1,"port":7300}
{"enum_us":75,"ev":"listen_state_sent","event_to_send_us":436,"listeners":1,"listening":true,"port":7300,"reason":"event","seq":54,"t_us":37838317}
{"cookie":4567,"ev":"listen_event","family":2,"kind":"stop","ktime_us":37938600,"port":7300,"reachable":true,"wake_lag_us":42}
{"decided_listening":false,"ev":"level_light","last_kind":2,"port":7300}
{"enum_us":90,"ev":"listen_state_sent","event_to_send_us":423,"listeners":0,"listening":false,"port":7300,"reason":"event","seq":55,"t_us":37939023}
{"cookie":2164,"ev":"listen_event","family":2,"kind":"start","ktime_us":38038891,"port":7300,"reachable":true,"wake_lag_us":50}
{"decided_listening":true,"ev":"level_light","last_kind":1,"port":7300}
{"enum_us":76,"ev":"listen_state_sent","event_to_send_us":419,"listeners":1,"listening":true,"port":7300,"reason":"event","seq":56,"t_us":38039310}
{"age_ms":0,"ev":"flow_closed","flow":438,"kind":2,"reset":true,"why":"peer_abort"}
{"cookie":2164,"ev":"listen_event","family":2,"kind":"stop","ktime_us":38139336,"port":7300,"reachable":true,"wake_lag_us":40}
{"decided_listening":false,"ev":"level_light","last_kind":2,"port":7300}
{"enum_us":46,"ev":"listen_state_sent","event_to_send_us":268,"listeners":0,"listening":false,"port":7300,"reason":"event","seq":57,"t_us":38139604}
{"cookie":4571,"ev":"listen_event","family":2,"kind":"start","ktime_us":38239617,"port":7300,"reachable":true,"wake_lag_us":46}
{"decided_listening":true,"ev":"level_light","last_kind":1,"port":7300}
{"enum_us":97,"ev":"listen_state_sent","event_to_send_us":427,"listeners":1,"listening":true,"port":7300,"reason":"event","seq":58,"t_us":38240044}
{"cookie":4571,"ev":"listen_event","family":2,"kind":"stop","ktime_us":38340364,"port":7300,"reachable":true,"wake_lag_us":59}
{"decided_listening":false,"ev":"level_light","last_kind":2,"port":7300}
{"enum_us":72,"ev":"listen_state_sent","event_to_send_us":376,"listeners":0,"listening":false,"port":7300,"reason":"event","seq":59,"t_us":38340740}
{"cookie":4572,"ev":"listen_event","family":2,"kind":"start","ktime_us":38440659,"port":7300,"reachable":true,"wake_lag_us":45}
{"decided_listening":true,"ev":"level_light","last_kind":1,"port":7300}
{"enum_us":100,"ev":"listen_state_sent","event_to_send_us":431,"listeners":1,"listening":true,"port":7300,"reason":"event","seq":60,"t_us":38441090}
{"cookie":4572,"ev":"listen_event","family":2,"kind":"stop","ktime_us":38541277,"port":7300,"reachable":true,"wake_lag_us":47}
{"decided_listening":false,"ev":"level_light","last_kind":2,"port":7300}
{"enum_us":76,"ev":"listen_state_sent","event_to_send_us":419,"listeners":0,"listening":false,"port":7300,"reason":"event","seq":61,"t_us":38541696}
{"cookie":4573,"ev":"listen_event","family":2,"kind":"start","ktime_us":38641572,"port":7300,"reachable":true,"wake_lag_us":51}
{"decided_listening":true,"ev":"level_light","last_kind":1,"port":7300}
{"enum_us":75,"ev":"listen_state_sent","event_to_send_us":413,"listeners":1,"listening":true,"port":7300,"reason":"event","seq":62,"t_us":38641985}
{"cookie":4573,"ev":"listen_event","family":2,"kind":"stop","ktime_us":38742037,"port":7300,"reachable":true,"wake_lag_us":51}
{"decided_listening":false,"ev":"level_light","last_kind":2,"port":7300}
{"enum_us":96,"ev":"listen_state_sent","event_to_send_us":439,"listeners":0,"listening":false,"port":7300,"reason":"event","seq":63,"t_us":38742476}
{"cookie":4574,"ev":"listen_event","family":2,"kind":"start","ktime_us":38842325,"port":7300,"reachable":true,"wake_lag_us":53}
{"decided_listening":true,"ev":"level_light","last_kind":1,"port":7300}
{"enum_us":77,"ev":"listen_state_sent","event_to_send_us":420,"listeners":1,"listening":true,"port":7300,"reason":"event","seq":64,"t_us":38842745}
{"age_ms":1,"ev":"flow_closed","flow":446,"kind":2,"reset":true,"why":"peer_abort"}
{"cookie":4574,"ev":"listen_event","family":2,"kind":"stop","ktime_us":38942833,"port":7300,"reachable":true,"wake_lag_us":72}
{"decided_listening":false,"ev":"level_light","last_kind":2,"port":7300}
{"enum_us":74,"ev":"listen_state_sent","event_to_send_us":455,"listeners":0,"listening":false,"port":7300,"reason":"event","seq":65,"t_us":38943288}
{"client":"<metal-address>:36306","err":"Connection refused (os error 111)","ev":"tcp_accept_refused","flow":448,"gport":7300}
{"cookie":2177,"ev":"listen_event","family":2,"kind":"start","ktime_us":39043136,"port":7300,"reachable":true,"wake_lag_us":52}
{"decided_listening":true,"ev":"level_light","last_kind":1,"port":7300}
{"enum_us":76,"ev":"listen_state_sent","event_to_send_us":415,"listeners":1,"listening":true,"port":7300,"reason":"event","seq":66,"t_us":39043551}
{"age_ms":1,"ev":"flow_closed","flow":450,"kind":2,"reset":true,"why":"peer_abort"}
{"cookie":2177,"ev":"listen_event","family":2,"kind":"stop","ktime_us":39144154,"port":7300,"reachable":true,"wake_lag_us":41}
{"decided_listening":false,"ev":"level_light","last_kind":2,"port":7300}
{"enum_us":72,"ev":"listen_state_sent","event_to_send_us":413,"listeners":0,"listening":false,"port":7300,"reason":"event","seq":67,"t_us":39144567}
{"cookie":2178,"ev":"listen_event","family":2,"kind":"start","ktime_us":39244463,"port":7300,"reachable":true,"wake_lag_us":47}
{"decided_listening":true,"ev":"level_light","last_kind":1,"port":7300}
{"enum_us":72,"ev":"listen_state_sent","event_to_send_us":407,"listeners":1,"listening":true,"port":7300,"reason":"event","seq":68,"t_us":39244870}
{"age_ms":0,"ev":"flow_closed","flow":452,"kind":2,"reset":true,"why":"peer_abort"}
{"cookie":2178,"ev":"listen_event","family":2,"kind":"stop","ktime_us":39345192,"port":7300,"reachable":true,"wake_lag_us":46}
{"decided_listening":false,"ev":"level_light","last_kind":2,"port":7300}
{"enum_us":72,"ev":"listen_state_sent","event_to_send_us":418,"listeners":0,"listening":false,"port":7300,"reason":"event","seq":69,"t_us":39345610}
{"cookie":4583,"ev":"listen_event","family":2,"kind":"start","ktime_us":39445493,"port":7300,"reachable":true,"wake_lag_us":47}
{"decided_listening":true,"ev":"level_light","last_kind":1,"port":7300}
{"enum_us":74,"ev":"listen_state_sent","event_to_send_us":405,"listeners":1,"listening":true,"port":7300,"reason":"event","seq":70,"t_us":39445898}
{"cookie":4583,"ev":"listen_event","family":2,"kind":"stop","ktime_us":39545908,"port":7300,"reachable":true,"wake_lag_us":48}
{"decided_listening":false,"ev":"level_light","last_kind":2,"port":7300}
{"enum_us":77,"ev":"listen_state_sent","event_to_send_us":439,"listeners":0,"listening":false,"port":7300,"reason":"event","seq":71,"t_us":39546347}
{"cookie":4584,"ev":"listen_event","family":2,"kind":"start","ktime_us":39646206,"port":7300,"reachable":true,"wake_lag_us":53}
{"decided_listening":true,"ev":"level_light","last_kind":1,"port":7300}
{"enum_us":75,"ev":"listen_state_sent","event_to_send_us":430,"listeners":1,"listening":true,"port":7300,"reason":"event","seq":72,"t_us":39646636}
{"age_ms":2,"ev":"flow_closed","flow":456,"kind":2,"reset":true,"why":"peer_abort"}
{"cookie":4584,"ev":"listen_event","family":2,"kind":"stop","ktime_us":39746605,"port":7300,"reachable":true,"wake_lag_us":44}
{"decided_listening":false,"ev":"level_light","last_kind":2,"port":7300}
{"enum_us":92,"ev":"listen_state_sent","event_to_send_us":415,"listeners":0,"listening":false,"port":7300,"reason":"event","seq":73,"t_us":39747020}
{"cookie":4585,"ev":"listen_event","family":2,"kind":"start","ktime_us":39846911,"port":7300,"reachable":true,"wake_lag_us":47}
{"decided_listening":true,"ev":"level_light","last_kind":1,"port":7300}
{"enum_us":76,"ev":"listen_state_sent","event_to_send_us":434,"listeners":1,"listening":true,"port":7300,"reason":"event","seq":74,"t_us":39847345}
{"age_ms":0,"ev":"flow_closed","flow":458,"kind":2,"reset":true,"why":"peer_abort"}
{"cookie":4585,"ev":"listen_event","family":2,"kind":"stop","ktime_us":39947343,"port":7300,"reachable":true,"wake_lag_us":48}
{"decided_listening":false,"ev":"level_light","last_kind":2,"port":7300}
{"enum_us":75,"ev":"listen_state_sent","event_to_send_us":428,"listeners":0,"listening":false,"port":7300,"reason":"event","seq":75,"t_us":39947771}
{"cookie":4586,"ev":"listen_event","family":2,"kind":"start","ktime_us":40047628,"port":7300,"reachable":true,"wake_lag_us":51}
{"decided_listening":true,"ev":"level_light","last_kind":1,"port":7300}
{"enum_us":103,"ev":"listen_state_sent","event_to_send_us":438,"listeners":1,"listening":true,"port":7300,"reason":"event","seq":76,"t_us":40048066}
{"cookie":4586,"ev":"listen_event","family":2,"kind":"stop","ktime_us":40147957,"port":7300,"reachable":true,"wake_lag_us":33}
{"decided_listening":false,"ev":"level_light","last_kind":2,"port":7300}
{"enum_us":54,"ev":"listen_state_sent","event_to_send_us":251,"listeners":0,"listening":false,"port":7300,"reason":"event","seq":77,"t_us":40148208}
{"cookie":4587,"ev":"listen_event","family":2,"kind":"start","ktime_us":40248272,"port":7300,"reachable":true,"wake_lag_us":52}
{"decided_listening":true,"ev":"level_light","last_kind":1,"port":7300}
{"enum_us":73,"ev":"listen_state_sent","event_to_send_us":422,"listeners":1,"listening":true,"port":7300,"reason":"event","seq":78,"t_us":40248694}
{"age_ms":1,"ev":"flow_closed","flow":462,"kind":2,"reset":true,"why":"peer_abort"}
{"cookie":4587,"ev":"listen_event","family":2,"kind":"stop","ktime_us":40348824,"port":7300,"reachable":true,"wake_lag_us":57}
{"decided_listening":false,"ev":"level_light","last_kind":2,"port":7300}
{"enum_us":72,"ev":"listen_state_sent","event_to_send_us":428,"listeners":0,"listening":false,"port":7300,"reason":"event","seq":79,"t_us":40349252}
{"cookie":4588,"ev":"listen_event","family":2,"kind":"start","ktime_us":40449111,"port":7300,"reachable":true,"wake_lag_us":51}
{"decided_listening":true,"ev":"level_light","last_kind":1,"port":7300}
{"enum_us":73,"ev":"listen_state_sent","event_to_send_us":426,"listeners":1,"listening":true,"port":7300,"reason":"event","seq":80,"t_us":40449537}
{"age_ms":1,"ev":"flow_closed","flow":464,"kind":2,"reset":true,"why":"peer_abort"}
{"cookie":4588,"ev":"listen_event","family":2,"kind":"stop","ktime_us":40549593,"port":7300,"reachable":true,"wake_lag_us":59}
{"decided_listening":false,"ev":"level_light","last_kind":2,"port":7300}
{"enum_us":91,"ev":"listen_state_sent","event_to_send_us":437,"listeners":0,"listening":false,"port":7300,"reason":"event","seq":81,"t_us":40550030}
{"cookie":2197,"ev":"listen_event","family":2,"kind":"start","ktime_us":40649892,"port":7300,"reachable":true,"wake_lag_us":51}
{"decided_listening":true,"ev":"level_light","last_kind":1,"port":7300}
{"enum_us":74,"ev":"listen_state_sent","event_to_send_us":458,"listeners":1,"listening":true,"port":7300,"reason":"event","seq":82,"t_us":40650350}
{"age_ms":1,"ev":"flow_closed","flow":466,"kind":2,"reset":true,"why":"peer_abort"}
{"cookie":2197,"ev":"listen_event","family":2,"kind":"stop","ktime_us":40750345,"port":7300,"reachable":true,"wake_lag_us":56}
{"decided_listening":false,"ev":"level_light","last_kind":2,"port":7300}
{"enum_us":73,"ev":"listen_state_sent","event_to_send_us":428,"listeners":0,"listening":false,"port":7300,"reason":"event","seq":83,"t_us":40750773}
{"cookie":2198,"ev":"listen_event","family":2,"kind":"start","ktime_us":40850638,"port":7300,"reachable":true,"wake_lag_us":49}
{"decided_listening":true,"ev":"level_light","last_kind":1,"port":7300}
{"enum_us":103,"ev":"listen_state_sent","event_to_send_us":428,"listeners":1,"listening":true,"port":7300,"reason":"event","seq":84,"t_us":40851066}
{"cookie":2198,"ev":"listen_event","family":2,"kind":"stop","ktime_us":40951037,"port":7300,"reachable":true,"wake_lag_us":51}
{"decided_listening":false,"ev":"level_light","last_kind":2,"port":7300}
{"enum_us":90,"ev":"listen_state_sent","event_to_send_us":424,"listeners":0,"listening":false,"port":7300,"reason":"event","seq":85,"t_us":40951461}
{"cookie":2199,"ev":"listen_event","family":2,"kind":"start","ktime_us":41051353,"port":7300,"reachable":true,"wake_lag_us":48}
{"decided_listening":true,"ev":"level_light","last_kind":1,"port":7300}
{"enum_us":74,"ev":"listen_state_sent","event_to_send_us":424,"listeners":1,"listening":true,"port":7300,"reason":"event","seq":86,"t_us":41051777}
{"age_ms":0,"ev":"flow_closed","flow":470,"kind":2,"reset":true,"why":"peer_abort"}
{"cookie":2199,"ev":"listen_event","family":2,"kind":"stop","ktime_us":41152347,"port":7300,"reachable":true,"wake_lag_us":39}
{"decided_listening":false,"ev":"level_light","last_kind":2,"port":7300}
{"enum_us":71,"ev":"listen_state_sent","event_to_send_us":403,"listeners":0,"listening":false,"port":7300,"reason":"event","seq":87,"t_us":41152750}
{"cookie":2200,"ev":"listen_event","family":2,"kind":"start","ktime_us":41252619,"port":7300,"reachable":true,"wake_lag_us":46}
{"decided_listening":true,"ev":"level_light","last_kind":1,"port":7300}
{"enum_us":97,"ev":"listen_state_sent","event_to_send_us":430,"listeners":1,"listening":true,"port":7300,"reason":"event","seq":88,"t_us":41253049}
{"cookie":2200,"ev":"listen_event","family":2,"kind":"stop","ktime_us":41353112,"port":7300,"reachable":true,"wake_lag_us":45}
{"decided_listening":false,"ev":"level_light","last_kind":2,"port":7300}
{"enum_us":73,"ev":"listen_state_sent","event_to_send_us":392,"listeners":0,"listening":false,"port":7300,"reason":"event","seq":89,"t_us":41353504}
{"cookie":4601,"ev":"listen_event","family":2,"kind":"start","ktime_us":41453399,"port":7300,"reachable":true,"wake_lag_us":71}
{"decided_listening":true,"ev":"level_light","last_kind":1,"port":7300}
{"enum_us":75,"ev":"listen_state_sent","event_to_send_us":431,"listeners":1,"listening":true,"port":7300,"reason":"event","seq":90,"t_us":41453830}
{"age_ms":1,"ev":"flow_closed","flow":474,"kind":2,"reset":true,"why":"peer_abort"}
{"cookie":4601,"ev":"listen_event","family":2,"kind":"stop","ktime_us":41553836,"port":7300,"reachable":true,"wake_lag_us":53}
{"decided_listening":false,"ev":"level_light","last_kind":2,"port":7300}
{"enum_us":75,"ev":"listen_state_sent","event_to_send_us":428,"listeners":0,"listening":false,"port":7300,"reason":"event","seq":91,"t_us":41554264}
{"cookie":4602,"ev":"listen_event","family":2,"kind":"start","ktime_us":41654117,"port":7300,"reachable":true,"wake_lag_us":52}
{"decided_listening":true,"ev":"level_light","last_kind":1,"port":7300}
{"enum_us":74,"ev":"listen_state_sent","event_to_send_us":429,"listeners":1,"listening":true,"port":7300,"reason":"event","seq":92,"t_us":41654546}
{"age_ms":2,"ev":"flow_closed","flow":476,"kind":2,"reset":true,"why":"peer_abort"}
{"cookie":4602,"ev":"listen_event","family":2,"kind":"stop","ktime_us":41754515,"port":7300,"reachable":true,"wake_lag_us":55}
{"decided_listening":false,"ev":"level_light","last_kind":2,"port":7300}
{"enum_us":76,"ev":"listen_state_sent","event_to_send_us":419,"listeners":0,"listening":false,"port":7300,"reason":"event","seq":93,"t_us":41754934}
{"cookie":4603,"ev":"listen_event","family":2,"kind":"start","ktime_us":41854791,"port":7300,"reachable":true,"wake_lag_us":51}
{"decided_listening":true,"ev":"level_light","last_kind":1,"port":7300}
{"enum_us":74,"ev":"listen_state_sent","event_to_send_us":426,"listeners":1,"listening":true,"port":7300,"reason":"event","seq":94,"t_us":41855217}
{"age_ms":0,"ev":"flow_closed","flow":478,"kind":2,"reset":true,"why":"peer_abort"}
{"cookie":4603,"ev":"listen_event","family":2,"kind":"stop","ktime_us":41955190,"port":7300,"reachable":true,"wake_lag_us":48}
{"decided_listening":false,"ev":"level_light","last_kind":2,"port":7300}
{"enum_us":74,"ev":"listen_state_sent","event_to_send_us":423,"listeners":0,"listening":false,"port":7300,"reason":"event","seq":95,"t_us":41955613}
{"cookie":4604,"ev":"listen_event","family":2,"kind":"start","ktime_us":42055514,"port":7300,"reachable":true,"wake_lag_us":25}
{"decided_listening":true,"ev":"level_light","last_kind":1,"port":7300}
{"enum_us":76,"ev":"listen_state_sent","event_to_send_us":365,"listeners":1,"listening":true,"port":7300,"reason":"event","seq":96,"t_us":42055879}
{"cookie":4604,"ev":"listen_event","family":2,"kind":"stop","ktime_us":42155907,"port":7300,"reachable":true,"wake_lag_us":42}
{"decided_listening":false,"ev":"level_light","last_kind":2,"port":7300}
{"enum_us":47,"ev":"listen_state_sent","event_to_send_us":270,"listeners":0,"listening":false,"port":7300,"reason":"event","seq":97,"t_us":42156177}
{"cookie":4605,"ev":"listen_event","family":2,"kind":"start","ktime_us":42256220,"port":7300,"reachable":true,"wake_lag_us":52}
{"decided_listening":true,"ev":"level_light","last_kind":1,"port":7300}
{"enum_us":72,"ev":"listen_state_sent","event_to_send_us":421,"listeners":1,"listening":true,"port":7300,"reason":"event","seq":98,"t_us":42256641}
{"age_ms":1,"ev":"flow_closed","flow":482,"kind":2,"reset":true,"why":"peer_abort"}
{"cookie":4605,"ev":"listen_event","family":2,"kind":"stop","ktime_us":42356592,"port":7300,"reachable":true,"wake_lag_us":48}
{"decided_listening":false,"ev":"level_light","last_kind":2,"port":7300}
{"enum_us":73,"ev":"listen_state_sent","event_to_send_us":398,"listeners":0,"listening":false,"port":7300,"reason":"event","seq":99,"t_us":42356990}
{"cookie":4606,"ev":"listen_event","family":2,"kind":"start","ktime_us":42456878,"port":7300,"reachable":true,"wake_lag_us":45}
{"decided_listening":true,"ev":"level_light","last_kind":1,"port":7300}
{"enum_us":73,"ev":"listen_state_sent","event_to_send_us":432,"listeners":1,"listening":true,"port":7300,"reason":"event","seq":100,"t_us":42457310}
{"cookie":4606,"ev":"listen_event","family":2,"kind":"stop","ktime_us":42557269,"port":7300,"reachable":true,"wake_lag_us":45}
{"decided_listening":false,"ev":"level_light","last_kind":2,"port":7300}
{"enum_us":74,"ev":"listen_state_sent","event_to_send_us":408,"listeners":0,"listening":false,"port":7300,"reason":"event","seq":101,"t_us":42557677}
{"cookie":2219,"ev":"listen_event","family":2,"kind":"start","ktime_us":42657590,"port":7300,"reachable":true,"wake_lag_us":48}
{"decided_listening":true,"ev":"level_light","last_kind":1,"port":7300}
{"enum_us":112,"ev":"listen_state_sent","event_to_send_us":452,"listeners":1,"listening":true,"port":7300,"reason":"event","seq":102,"t_us":42658042}
{"cookie":2219,"ev":"listen_event","family":2,"kind":"stop","ktime_us":42758038,"port":7300,"reachable":true,"wake_lag_us":55}
{"decided_listening":false,"ev":"level_light","last_kind":2,"port":7300}
{"enum_us":90,"ev":"listen_state_sent","event_to_send_us":422,"listeners":0,"listening":false,"port":7300,"reason":"event","seq":103,"t_us":42758460}
{"cookie":4610,"ev":"listen_event","family":2,"kind":"start","ktime_us":42858342,"port":7300,"reachable":true,"wake_lag_us":54}
{"decided_listening":true,"ev":"level_light","last_kind":1,"port":7300}
{"enum_us":78,"ev":"listen_state_sent","event_to_send_us":446,"listeners":1,"listening":true,"port":7300,"reason":"event","seq":104,"t_us":42858788}
{"age_ms":1,"ev":"flow_closed","flow":488,"kind":2,"reset":true,"why":"peer_abort"}
{"cookie":4610,"ev":"listen_event","family":2,"kind":"stop","ktime_us":42958826,"port":7300,"reachable":true,"wake_lag_us":49}
{"decided_listening":false,"ev":"level_light","last_kind":2,"port":7300}
{"enum_us":72,"ev":"listen_state_sent","event_to_send_us":428,"listeners":0,"listening":false,"port":7300,"reason":"event","seq":105,"t_us":42959254}
{"cookie":2223,"ev":"listen_event","family":2,"kind":"start","ktime_us":43059080,"port":7300,"reachable":true,"wake_lag_us":24}
{"decided_listening":true,"ev":"level_light","last_kind":1,"port":7300}
{"enum_us":95,"ev":"listen_state_sent","event_to_send_us":396,"listeners":1,"listening":true,"port":7300,"reason":"event","seq":106,"t_us":43059476}
{"age_ms":1,"ev":"flow_closed","flow":490,"kind":2,"reset":true,"why":"peer_abort"}
{"cookie":2223,"ev":"listen_event","family":2,"kind":"stop","ktime_us":43159598,"port":7300,"reachable":true,"wake_lag_us":48}
{"decided_listening":false,"ev":"level_light","last_kind":2,"port":7300}
{"enum_us":91,"ev":"listen_state_sent","event_to_send_us":417,"listeners":0,"listening":false,"port":7300,"reason":"event","seq":107,"t_us":43160015}
{"cookie":2224,"ev":"listen_event","family":2,"kind":"start","ktime_us":43259892,"port":7300,"reachable":true,"wake_lag_us":47}
{"decided_listening":true,"ev":"level_light","last_kind":1,"port":7300}
{"enum_us":72,"ev":"listen_state_sent","event_to_send_us":423,"listeners":1,"listening":true,"port":7300,"reason":"event","seq":108,"t_us":43260315}
{"cookie":2224,"ev":"listen_event","family":2,"kind":"stop","ktime_us":43360272,"port":7300,"reachable":true,"wake_lag_us":47}
{"decided_listening":false,"ev":"level_light","last_kind":2,"port":7300}
{"enum_us":74,"ev":"listen_state_sent","event_to_send_us":402,"listeners":0,"listening":false,"port":7300,"reason":"event","seq":109,"t_us":43360674}
{"cookie":4617,"ev":"listen_event","family":2,"kind":"start","ktime_us":43460555,"port":7300,"reachable":true,"wake_lag_us":46}
{"decided_listening":true,"ev":"level_light","last_kind":1,"port":7300}
{"enum_us":73,"ev":"listen_state_sent","event_to_send_us":404,"listeners":1,"listening":true,"port":7300,"reason":"event","seq":110,"t_us":43460959}
{"cookie":4617,"ev":"listen_event","family":2,"kind":"stop","ktime_us":43560968,"port":7300,"reachable":true,"wake_lag_us":74}
{"decided_listening":false,"ev":"level_light","last_kind":2,"port":7300}
{"enum_us":75,"ev":"listen_state_sent","event_to_send_us":414,"listeners":0,"listening":false,"port":7300,"reason":"event","seq":111,"t_us":43561382}
{"cookie":4618,"ev":"listen_event","family":2,"kind":"start","ktime_us":43661279,"port":7300,"reachable":true,"wake_lag_us":55}
{"decided_listening":true,"ev":"level_light","last_kind":1,"port":7300}
{"enum_us":75,"ev":"listen_state_sent","event_to_send_us":435,"listeners":1,"listening":true,"port":7300,"reason":"event","seq":112,"t_us":43661714}
{"age_ms":0,"ev":"flow_closed","flow":496,"kind":2,"reset":true,"why":"peer_abort"}
{"cookie":4618,"ev":"listen_event","family":2,"kind":"stop","ktime_us":43761828,"port":7300,"reachable":true,"wake_lag_us":58}
{"decided_listening":false,"ev":"level_light","last_kind":2,"port":7300}
{"enum_us":76,"ev":"listen_state_sent","event_to_send_us":429,"listeners":0,"listening":false,"port":7300,"reason":"event","seq":113,"t_us":43762257}
{"cookie":4619,"ev":"listen_event","family":2,"kind":"start","ktime_us":43862141,"port":7300,"reachable":true,"wake_lag_us":54}
{"decided_listening":true,"ev":"level_light","last_kind":1,"port":7300}
{"enum_us":75,"ev":"listen_state_sent","event_to_send_us":425,"listeners":1,"listening":true,"port":7300,"reason":"event","seq":114,"t_us":43862566}
{"age_ms":1,"ev":"flow_closed","flow":498,"kind":2,"reset":true,"why":"peer_abort"}
{"cookie":4619,"ev":"listen_event","family":2,"kind":"stop","ktime_us":43962588,"port":7300,"reachable":true,"wake_lag_us":45}
{"decided_listening":false,"ev":"level_light","last_kind":2,"port":7300}
{"enum_us":75,"ev":"listen_state_sent","event_to_send_us":407,"listeners":0,"listening":false,"port":7300,"reason":"event","seq":115,"t_us":43962995}
{"client":"<metal-address>:39522","err":"Connection refused (os error 111)","ev":"tcp_accept_refused","flow":500,"gport":7300}
{"cookie":4620,"ev":"listen_event","family":2,"kind":"start","ktime_us":44062865,"port":7300,"reachable":true,"wake_lag_us":49}
{"decided_listening":true,"ev":"level_light","last_kind":1,"port":7300}
{"enum_us":77,"ev":"listen_state_sent","event_to_send_us":410,"listeners":1,"listening":true,"port":7300,"reason":"event","seq":116,"t_us":44063275}
{"age_ms":1,"ev":"flow_closed","flow":502,"kind":2,"reset":true,"why":"peer_abort"}
{"cookie":4620,"ev":"listen_event","family":2,"kind":"stop","ktime_us":44163864,"port":7300,"reachable":true,"wake_lag_us":42}
{"decided_listening":false,"ev":"level_light","last_kind":2,"port":7300}
{"enum_us":76,"ev":"listen_state_sent","event_to_send_us":492,"listeners":0,"listening":false,"port":7300,"reason":"event","seq":117,"t_us":44164356}
{"client":"<metal-address>:39558","err":"Connection refused (os error 111)","ev":"tcp_accept_refused","flow":504,"gport":7300}
{"cookie":2239,"ev":"listen_event","family":2,"kind":"start","ktime_us":44264120,"port":7300,"reachable":true,"wake_lag_us":52}
{"decided_listening":true,"ev":"level_light","last_kind":1,"port":7300}
{"enum_us":76,"ev":"listen_state_sent","event_to_send_us":492,"listeners":1,"listening":true,"port":7300,"reason":"event","seq":118,"t_us":44264612}
{"age_ms":1,"ev":"flow_closed","flow":506,"kind":2,"reset":true,"why":"peer_abort"}
{"cookie":2239,"ev":"listen_event","family":2,"kind":"stop","ktime_us":44364593,"port":7300,"reachable":true,"wake_lag_us":42}
{"decided_listening":false,"ev":"level_light","last_kind":2,"port":7300}
{"enum_us":92,"ev":"listen_state_sent","event_to_send_us":478,"listeners":0,"listening":false,"port":7300,"reason":"event","seq":119,"t_us":44365071}
{"client":"<metal-address>:39590","err":"Connection refused (os error 111)","ev":"tcp_accept_refused","flow":508,"gport":7300}
{"cookie":2240,"ev":"listen_event","family":2,"kind":"start","ktime_us":44464861,"port":7300,"reachable":true,"wake_lag_us":48}
{"decided_listening":true,"ev":"level_light","last_kind":1,"port":7300}
{"enum_us":75,"ev":"listen_state_sent","event_to_send_us":499,"listeners":1,"listening":true,"port":7300,"reason":"event","seq":120,"t_us":44465360}
{"age_ms":1,"ev":"flow_closed","flow":510,"kind":2,"reset":true,"why":"peer_abort"}
{"cookie":2240,"ev":"listen_event","family":2,"kind":"stop","ktime_us":44565342,"port":7300,"reachable":true,"wake_lag_us":48}
{"decided_listening":false,"ev":"level_light","last_kind":2,"port":7300}
{"enum_us":73,"ev":"listen_state_sent","event_to_send_us":473,"listeners":0,"listening":false,"port":7300,"reason":"event","seq":121,"t_us":44565815}
{"client":"<metal-address>:39628","err":"Connection refused (os error 111)","ev":"tcp_accept_refused","flow":512,"gport":7300}
{"cookie":2241,"ev":"listen_event","family":2,"kind":"start","ktime_us":44665644,"port":7300,"reachable":true,"wake_lag_us":54}
{"decided_listening":true,"ev":"level_light","last_kind":1,"port":7300}
{"enum_us":76,"ev":"listen_state_sent","event_to_send_us":508,"listeners":1,"listening":true,"port":7300,"reason":"event","seq":122,"t_us":44666152}
{"cookie":2241,"ev":"listen_event","family":2,"kind":"stop","ktime_us":44766039,"port":7300,"reachable":true,"wake_lag_us":47}
{"decided_listening":false,"ev":"level_light","last_kind":2,"port":7300}
{"enum_us":77,"ev":"listen_state_sent","event_to_send_us":495,"listeners":0,"listening":false,"port":7300,"reason":"event","seq":123,"t_us":44766534}
{"client":"<metal-address>:39678","err":"Connection refused (os error 111)","ev":"tcp_accept_refused","flow":516,"gport":7300}
{"cookie":2242,"ev":"listen_event","family":2,"kind":"start","ktime_us":44866352,"port":7300,"reachable":true,"wake_lag_us":54}
{"decided_listening":true,"ev":"level_light","last_kind":1,"port":7300}
{"enum_us":75,"ev":"listen_state_sent","event_to_send_us":499,"listeners":1,"listening":true,"port":7300,"reason":"event","seq":124,"t_us":44866851}
{"age_ms":0,"ev":"flow_closed","flow":518,"kind":2,"reset":true,"why":"peer_abort"}
{"cookie":2242,"ev":"listen_event","family":2,"kind":"stop","ktime_us":44966744,"port":7300,"reachable":true,"wake_lag_us":45}
{"decided_listening":false,"ev":"level_light","last_kind":2,"port":7300}
{"enum_us":73,"ev":"listen_state_sent","event_to_send_us":495,"listeners":0,"listening":false,"port":7300,"reason":"event","seq":125,"t_us":44967239}
{"client":"<metal-address>:39704","err":"Connection refused (os error 111)","ev":"tcp_accept_refused","flow":520,"gport":7300}
{"cookie":2243,"ev":"listen_event","family":2,"kind":"start","ktime_us":45067068,"port":7300,"reachable":true,"wake_lag_us":49}
{"decided_listening":true,"ev":"level_light","last_kind":1,"port":7300}
{"enum_us":75,"ev":"listen_state_sent","event_to_send_us":480,"listeners":1,"listening":true,"port":7300,"reason":"event","seq":126,"t_us":45067548}
{"age_ms":2,"ev":"flow_closed","flow":522,"kind":2,"reset":true,"why":"peer_abort"}
{"cookie":2243,"ev":"listen_event","family":2,"kind":"stop","ktime_us":45167941,"port":7300,"reachable":true,"wake_lag_us":52}
{"decided_listening":false,"ev":"level_light","last_kind":2,"port":7300}
{"enum_us":84,"ev":"listen_state_sent","event_to_send_us":496,"listeners":0,"listening":false,"port":7300,"reason":"event","seq":127,"t_us":45168437}
{"client":"<metal-address>:39728","err":"Connection refused (os error 111)","ev":"tcp_accept_refused","flow":524,"gport":7300}
{"cookie":2244,"ev":"listen_event","family":2,"kind":"start","ktime_us":45268069,"port":7300,"reachable":true,"wake_lag_us":267}
{"decided_listening":true,"ev":"level_light","last_kind":1,"port":7300}
{"enum_us":79,"ev":"listen_state_sent","event_to_send_us":650,"listeners":1,"listening":true,"port":7300,"reason":"event","seq":128,"t_us":45268719}
{"age_ms":1,"ev":"flow_closed","flow":526,"kind":2,"reset":true,"why":"peer_abort"}
{"cookie":2244,"ev":"listen_event","family":2,"kind":"stop","ktime_us":45368430,"port":7300,"reachable":true,"wake_lag_us":47}
{"decided_listening":false,"ev":"level_light","last_kind":2,"port":7300}
{"enum_us":73,"ev":"listen_state_sent","event_to_send_us":469,"listeners":0,"listening":false,"port":7300,"reason":"event","seq":129,"t_us":45368899}
{"client":"<metal-address>:39756","err":"Connection refused (os error 111)","ev":"tcp_accept_refused","flow":528,"gport":7300}
{"cookie":2245,"ev":"listen_event","family":2,"kind":"start","ktime_us":45468705,"port":7300,"reachable":true,"wake_lag_us":48}
{"decided_listening":true,"ev":"level_light","last_kind":1,"port":7300}
{"enum_us":74,"ev":"listen_state_sent","event_to_send_us":497,"listeners":1,"listening":true,"port":7300,"reason":"event","seq":130,"t_us":45469202}
{"cookie":2245,"ev":"listen_event","family":2,"kind":"stop","ktime_us":45569114,"port":7300,"reachable":true,"wake_lag_us":46}
{"decided_listening":false,"ev":"level_light","last_kind":2,"port":7300}
{"enum_us":72,"ev":"listen_state_sent","event_to_send_us":474,"listeners":0,"listening":false,"port":7300,"reason":"event","seq":131,"t_us":45569588}
{"client":"<metal-address>:39790","err":"Connection refused (os error 111)","ev":"tcp_accept_refused","flow":532,"gport":7300}
{"cookie":2246,"ev":"listen_event","family":2,"kind":"start","ktime_us":45669399,"port":7300,"reachable":true,"wake_lag_us":83}
{"decided_listening":true,"ev":"level_light","last_kind":1,"port":7300}
{"enum_us":75,"ev":"listen_state_sent","event_to_send_us":508,"listeners":1,"listening":true,"port":7300,"reason":"event","seq":132,"t_us":45669907}
{"age_ms":0,"ev":"flow_closed","flow":534,"kind":2,"reset":true,"why":"peer_abort"}
{"cookie":2246,"ev":"listen_event","family":2,"kind":"stop","ktime_us":45769828,"port":7300,"reachable":true,"wake_lag_us":58}
{"decided_listening":false,"ev":"level_light","last_kind":2,"port":7300}
{"enum_us":74,"ev":"listen_state_sent","event_to_send_us":512,"listeners":0,"listening":false,"port":7300,"reason":"event","seq":133,"t_us":45770340}
{"client":"<metal-address>:39832","err":"Connection refused (os error 111)","ev":"tcp_accept_refused","flow":536,"gport":7300}
{"cookie":2247,"ev":"listen_event","family":2,"kind":"start","ktime_us":45870120,"port":7300,"reachable":true,"wake_lag_us":53}
{"decided_listening":true,"ev":"level_light","last_kind":1,"port":7300}
{"enum_us":74,"ev":"listen_state_sent","event_to_send_us":488,"listeners":1,"listening":true,"port":7300,"reason":"event","seq":134,"t_us":45870608}
{"age_ms":1,"ev":"flow_closed","flow":538,"kind":2,"reset":true,"why":"peer_abort"}
{"cookie":2247,"ev":"listen_event","family":2,"kind":"stop","ktime_us":45970513,"port":7300,"reachable":true,"wake_lag_us":51}
{"decided_listening":false,"ev":"level_light","last_kind":2,"port":7300}
{"enum_us":74,"ev":"listen_state_sent","event_to_send_us":473,"listeners":0,"listening":false,"port":7300,"reason":"event","seq":135,"t_us":45970986}
{"client":"<metal-address>:39860","err":"Connection refused (os error 111)","ev":"tcp_accept_refused","flow":540,"gport":7300}
{"cookie":2248,"ev":"listen_event","family":2,"kind":"start","ktime_us":46070795,"port":7300,"reachable":true,"wake_lag_us":49}
{"decided_listening":true,"ev":"level_light","last_kind":1,"port":7300}
{"enum_us":75,"ev":"listen_state_sent","event_to_send_us":491,"listeners":1,"listening":true,"port":7300,"reason":"event","seq":136,"t_us":46071286}
{"age_ms":1,"ev":"flow_closed","flow":542,"kind":2,"reset":true,"why":"peer_abort"}
{"cookie":2248,"ev":"listen_event","family":2,"kind":"stop","ktime_us":46171539,"port":7300,"reachable":true,"wake_lag_us":40}
{"decided_listening":false,"ev":"level_light","last_kind":2,"port":7300}
{"enum_us":73,"ev":"listen_state_sent","event_to_send_us":395,"listeners":0,"listening":false,"port":7300,"reason":"event","seq":137,"t_us":46171934}
{"cookie":2249,"ev":"listen_event","family":2,"kind":"start","ktime_us":46271808,"port":7300,"reachable":true,"wake_lag_us":50}
{"decided_listening":true,"ev":"level_light","last_kind":1,"port":7300}
{"enum_us":72,"ev":"listen_state_sent","event_to_send_us":433,"listeners":1,"listening":true,"port":7300,"reason":"event","seq":138,"t_us":46272241}
{"age_ms":0,"ev":"flow_closed","flow":544,"kind":2,"reset":true,"why":"peer_abort"}
{"cookie":2249,"ev":"listen_event","family":2,"kind":"stop","ktime_us":46372278,"port":7300,"reachable":true,"wake_lag_us":69}
{"decided_listening":false,"ev":"level_light","last_kind":2,"port":7300}
{"enum_us":75,"ev":"listen_state_sent","event_to_send_us":477,"listeners":0,"listening":false,"port":7300,"reason":"event","seq":139,"t_us":46372755}
{"client":"<metal-address>:39930","err":"Connection refused (os error 111)","ev":"tcp_accept_refused","flow":546,"gport":7300}
{"cookie":4676,"ev":"listen_event","family":2,"kind":"start","ktime_us":46472484,"port":7300,"reachable":true,"wake_lag_us":131}
{"decided_listening":true,"ev":"level_light","last_kind":1,"port":7300}
{"enum_us":115,"ev":"listen_state_sent","event_to_send_us":546,"listeners":1,"listening":true,"port":7300,"reason":"event","seq":140,"t_us":46473030}
{"age_ms":0,"ev":"flow_closed","flow":548,"kind":2,"reset":true,"why":"peer_abort"}
{"cookie":4676,"ev":"listen_event","family":2,"kind":"stop","ktime_us":46572904,"port":7300,"reachable":true,"wake_lag_us":61}
{"decided_listening":false,"ev":"level_light","last_kind":2,"port":7300}
{"enum_us":82,"ev":"listen_state_sent","event_to_send_us":465,"listeners":0,"listening":false,"port":7300,"reason":"event","seq":141,"t_us":46573369}
{"cookie":4680,"ev":"listen_event","family":2,"kind":"start","ktime_us":46673186,"port":7300,"reachable":true,"wake_lag_us":49}
{"decided_listening":true,"ev":"level_light","last_kind":1,"port":7300}
{"enum_us":75,"ev":"listen_state_sent","event_to_send_us":434,"listeners":1,"listening":true,"port":7300,"reason":"event","seq":142,"t_us":46673620}
{"age_ms":1,"ev":"flow_closed","flow":550,"kind":2,"reset":true,"why":"peer_abort"}
{"cookie":4680,"ev":"listen_event","family":2,"kind":"stop","ktime_us":46773593,"port":7300,"reachable":true,"wake_lag_us":54}
{"decided_listening":false,"ev":"level_light","last_kind":2,"port":7300}
{"enum_us":91,"ev":"listen_state_sent","event_to_send_us":424,"listeners":0,"listening":false,"port":7300,"reason":"event","seq":143,"t_us":46774017}
{"cookie":4681,"ev":"listen_event","family":2,"kind":"start","ktime_us":46873886,"port":7300,"reachable":true,"wake_lag_us":51}
{"decided_listening":true,"ev":"level_light","last_kind":1,"port":7300}
{"enum_us":75,"ev":"listen_state_sent","event_to_send_us":438,"listeners":1,"listening":true,"port":7300,"reason":"event","seq":144,"t_us":46874324}
{"age_ms":1,"ev":"flow_closed","flow":552,"kind":2,"reset":true,"why":"peer_abort"}
{"cookie":4681,"ev":"listen_event","family":2,"kind":"stop","ktime_us":46974518,"port":7300,"reachable":true,"wake_lag_us":44}
{"decided_listening":false,"ev":"level_light","last_kind":2,"port":7300}
{"enum_us":74,"ev":"listen_state_sent","event_to_send_us":402,"listeners":0,"listening":false,"port":7300,"reason":"event","seq":145,"t_us":46974920}
{"cookie":2256,"ev":"listen_event","family":2,"kind":"start","ktime_us":47074803,"port":7300,"reachable":true,"wake_lag_us":48}
{"decided_listening":true,"ev":"level_light","last_kind":1,"port":7300}
{"enum_us":74,"ev":"listen_state_sent","event_to_send_us":428,"listeners":1,"listening":true,"port":7300,"reason":"event","seq":146,"t_us":47075231}
{"cookie":2256,"ev":"listen_event","family":2,"kind":"stop","ktime_us":47175348,"port":7300,"reachable":true,"wake_lag_us":34}
{"decided_listening":false,"ev":"level_light","last_kind":2,"port":7300}
{"enum_us":55,"ev":"listen_state_sent","event_to_send_us":258,"listeners":0,"listening":false,"port":7300,"reason":"event","seq":147,"t_us":47175606}
{"cookie":4685,"ev":"listen_event","family":2,"kind":"start","ktime_us":47275641,"port":7300,"reachable":true,"wake_lag_us":51}
{"decided_listening":true,"ev":"level_light","last_kind":1,"port":7300}
{"enum_us":102,"ev":"listen_state_sent","event_to_send_us":447,"listeners":1,"listening":true,"port":7300,"reason":"event","seq":148,"t_us":47276088}
{"cookie":4685,"ev":"listen_event","family":2,"kind":"stop","ktime_us":47376035,"port":7300,"reachable":true,"wake_lag_us":49}
{"decided_listening":false,"ev":"level_light","last_kind":2,"port":7300}
{"enum_us":86,"ev":"listen_state_sent","event_to_send_us":409,"listeners":0,"listening":false,"port":7300,"reason":"event","seq":149,"t_us":47376444}
{"cookie":4686,"ev":"listen_event","family":2,"kind":"start","ktime_us":47476326,"port":7300,"reachable":true,"wake_lag_us":48}
{"decided_listening":true,"ev":"level_light","last_kind":1,"port":7300}
{"enum_us":75,"ev":"listen_state_sent","event_to_send_us":426,"listeners":1,"listening":true,"port":7300,"reason":"event","seq":150,"t_us":47476752}
{"cookie":4686,"ev":"listen_event","family":2,"kind":"stop","ktime_us":47576989,"port":7300,"reachable":true,"wake_lag_us":56}
{"decided_listening":false,"ev":"level_light","last_kind":2,"port":7300}
{"enum_us":75,"ev":"listen_state_sent","event_to_send_us":404,"listeners":0,"listening":false,"port":7300,"reason":"event","seq":151,"t_us":47577393}
{"cookie":4687,"ev":"listen_event","family":2,"kind":"start","ktime_us":47677306,"port":7300,"reachable":true,"wake_lag_us":50}
{"decided_listening":true,"ev":"level_light","last_kind":1,"port":7300}
{"enum_us":75,"ev":"listen_state_sent","event_to_send_us":426,"listeners":1,"listening":true,"port":7300,"reason":"event","seq":152,"t_us":47677732}
{"age_ms":1,"ev":"flow_closed","flow":560,"kind":2,"reset":true,"why":"peer_abort"}
{"cookie":4687,"ev":"listen_event","family":2,"kind":"stop","ktime_us":47777909,"port":7300,"reachable":true,"wake_lag_us":26}
{"decided_listening":false,"ev":"level_light","last_kind":2,"port":7300}
{"enum_us":74,"ev":"listen_state_sent","event_to_send_us":400,"listeners":0,"listening":false,"port":7300,"reason":"event","seq":153,"t_us":47778309}
{"cookie":4688,"ev":"listen_event","family":2,"kind":"start","ktime_us":47878211,"port":7300,"reachable":true,"wake_lag_us":55}
{"decided_listening":true,"ev":"level_light","last_kind":1,"port":7300}
{"enum_us":76,"ev":"listen_state_sent","event_to_send_us":445,"listeners":1,"listening":true,"port":7300,"reason":"event","seq":154,"t_us":47878656}
{"age_ms":2,"ev":"flow_closed","flow":562,"kind":2,"reset":true,"why":"peer_abort"}
{"cookie":4688,"ev":"listen_event","family":2,"kind":"stop","ktime_us":47978660,"port":7300,"reachable":true,"wake_lag_us":50}
{"decided_listening":false,"ev":"level_light","last_kind":2,"port":7300}
{"enum_us":94,"ev":"listen_state_sent","event_to_send_us":420,"listeners":0,"listening":false,"port":7300,"reason":"event","seq":155,"t_us":47979080}
{"cookie":4689,"ev":"listen_event","family":2,"kind":"start","ktime_us":48078943,"port":7300,"reachable":true,"wake_lag_us":48}
{"decided_listening":true,"ev":"level_light","last_kind":1,"port":7300}
{"enum_us":76,"ev":"listen_state_sent","event_to_send_us":415,"listeners":1,"listening":true,"port":7300,"reason":"event","seq":156,"t_us":48079358}
{"age_ms":2,"ev":"flow_closed","flow":564,"kind":2,"reset":true,"why":"peer_abort"}
{"cookie":4689,"ev":"listen_event","family":2,"kind":"stop","ktime_us":48179427,"port":7300,"reachable":true,"wake_lag_us":48}
{"decided_listening":false,"ev":"level_light","last_kind":2,"port":7300}
{"enum_us":73,"ev":"listen_state_sent","event_to_send_us":396,"listeners":0,"listening":false,"port":7300,"reason":"event","seq":157,"t_us":48179823}
{"cookie":4690,"ev":"listen_event","family":2,"kind":"start","ktime_us":48279731,"port":7300,"reachable":true,"wake_lag_us":49}
{"decided_listening":true,"ev":"level_light","last_kind":1,"port":7300}
{"enum_us":73,"ev":"listen_state_sent","event_to_send_us":425,"listeners":1,"listening":true,"port":7300,"reason":"event","seq":158,"t_us":48280156}
{"age_ms":0,"ev":"flow_closed","flow":566,"kind":2,"reset":true,"why":"peer_abort"}
{"cookie":4690,"ev":"listen_event","family":2,"kind":"stop","ktime_us":48380194,"port":7300,"reachable":true,"wake_lag_us":51}
{"decided_listening":false,"ev":"level_light","last_kind":2,"port":7300}
{"enum_us":72,"ev":"listen_state_sent","event_to_send_us":402,"listeners":0,"listening":false,"port":7300,"reason":"event","seq":159,"t_us":48380596}
{"cookie":4691,"ev":"listen_event","family":2,"kind":"start","ktime_us":48480502,"port":7300,"reachable":true,"wake_lag_us":46}
{"decided_listening":true,"ev":"level_light","last_kind":1,"port":7300}
{"enum_us":73,"ev":"listen_state_sent","event_to_send_us":405,"listeners":1,"listening":true,"port":7300,"reason":"event","seq":160,"t_us":48480907}
{"cookie":4691,"ev":"listen_event","family":2,"kind":"stop","ktime_us":48580960,"port":7300,"reachable":true,"wake_lag_us":57}
{"decided_listening":false,"ev":"level_light","last_kind":2,"port":7300}
{"enum_us":75,"ev":"listen_state_sent","event_to_send_us":405,"listeners":0,"listening":false,"port":7300,"reason":"event","seq":161,"t_us":48581365}
{"cookie":4692,"ev":"listen_event","family":2,"kind":"start","ktime_us":48681268,"port":7300,"reachable":true,"wake_lag_us":55}
{"decided_listening":true,"ev":"level_light","last_kind":1,"port":7300}
{"enum_us":74,"ev":"listen_state_sent","event_to_send_us":431,"listeners":1,"listening":true,"port":7300,"reason":"event","seq":162,"t_us":48681699}
{"age_ms":2,"ev":"flow_closed","flow":570,"kind":2,"reset":true,"why":"peer_abort"}
{"cookie":4692,"ev":"listen_event","family":2,"kind":"stop","ktime_us":48781755,"port":7300,"reachable":true,"wake_lag_us":47}
{"decided_listening":false,"ev":"level_light","last_kind":2,"port":7300}
{"enum_us":73,"ev":"listen_state_sent","event_to_send_us":418,"listeners":0,"listening":false,"port":7300,"reason":"event","seq":163,"t_us":48782173}
{"cookie":4693,"ev":"listen_event","family":2,"kind":"start","ktime_us":48882087,"port":7300,"reachable":true,"wake_lag_us":50}
{"decided_listening":true,"ev":"level_light","last_kind":1,"port":7300}
{"enum_us":77,"ev":"listen_state_sent","event_to_send_us":435,"listeners":1,"listening":true,"port":7300,"reason":"event","seq":164,"t_us":48882522}
{"age_ms":1,"ev":"flow_closed","flow":572,"kind":2,"reset":true,"why":"peer_abort"}
{"cookie":4693,"ev":"listen_event","family":2,"kind":"stop","ktime_us":48982581,"port":7300,"reachable":true,"wake_lag_us":50}
{"decided_listening":false,"ev":"level_light","last_kind":2,"port":7300}
{"enum_us":74,"ev":"listen_state_sent","event_to_send_us":404,"listeners":0,"listening":false,"port":7300,"reason":"event","seq":165,"t_us":48982985}
{"cookie":4694,"ev":"listen_event","family":2,"kind":"start","ktime_us":49082879,"port":7300,"reachable":true,"wake_lag_us":50}
{"decided_listening":true,"ev":"level_light","last_kind":1,"port":7300}
{"enum_us":75,"ev":"listen_state_sent","event_to_send_us":431,"listeners":1,"listening":true,"port":7300,"reason":"event","seq":166,"t_us":49083310}
{"age_ms":0,"ev":"flow_closed","flow":574,"kind":2,"reset":true,"why":"peer_abort"}
{"cookie":4694,"ev":"listen_event","family":2,"kind":"stop","ktime_us":49183747,"port":7300,"reachable":true,"wake_lag_us":42}
{"decided_listening":false,"ev":"level_light","last_kind":2,"port":7300}
{"enum_us":72,"ev":"listen_state_sent","event_to_send_us":403,"listeners":0,"listening":false,"port":7300,"reason":"event","seq":167,"t_us":49184150}
{"cookie":4695,"ev":"listen_event","family":2,"kind":"start","ktime_us":49284074,"port":7300,"reachable":true,"wake_lag_us":48}
{"decided_listening":true,"ev":"level_light","last_kind":1,"port":7300}
{"enum_us":86,"ev":"listen_state_sent","event_to_send_us":421,"listeners":1,"listening":true,"port":7300,"reason":"event","seq":168,"t_us":49284495}
{"age_ms":1,"ev":"flow_closed","flow":576,"kind":2,"reset":true,"why":"peer_abort"}
{"cookie":4695,"ev":"listen_event","family":2,"kind":"stop","ktime_us":49384517,"port":7300,"reachable":true,"wake_lag_us":55}
{"decided_listening":false,"ev":"level_light","last_kind":2,"port":7300}
{"enum_us":73,"ev":"listen_state_sent","event_to_send_us":393,"listeners":0,"listening":false,"port":7300,"reason":"event","seq":169,"t_us":49384910}
{"cookie":4696,"ev":"listen_event","family":2,"kind":"start","ktime_us":49484805,"port":7300,"reachable":true,"wake_lag_us":48}
{"decided_listening":true,"ev":"level_light","last_kind":1,"port":7300}
{"enum_us":75,"ev":"listen_state_sent","event_to_send_us":432,"listeners":1,"listening":true,"port":7300,"reason":"event","seq":170,"t_us":49485237}
{"age_ms":1,"ev":"flow_closed","flow":578,"kind":2,"reset":true,"why":"peer_abort"}
{"cookie":4696,"ev":"listen_event","family":2,"kind":"stop","ktime_us":49585263,"port":7300,"reachable":true,"wake_lag_us":44}
{"decided_listening":false,"ev":"level_light","last_kind":2,"port":7300}
{"enum_us":74,"ev":"listen_state_sent","event_to_send_us":477,"listeners":0,"listening":false,"port":7300,"reason":"event","seq":171,"t_us":49585740}
{"client":"<metal-address>:40462","err":"Connection refused (os error 111)","ev":"tcp_accept_refused","flow":580,"gport":7300}
{"cookie":2293,"ev":"listen_event","family":2,"kind":"start","ktime_us":49685552,"port":7300,"reachable":true,"wake_lag_us":56}
{"decided_listening":true,"ev":"level_light","last_kind":1,"port":7300}
{"enum_us":98,"ev":"listen_state_sent","event_to_send_us":504,"listeners":1,"listening":true,"port":7300,"reason":"event","seq":172,"t_us":49686056}
{"cookie":2293,"ev":"listen_event","family":2,"kind":"stop","ktime_us":49785986,"port":7300,"reachable":true,"wake_lag_us":54}
{"decided_listening":false,"ev":"level_light","last_kind":2,"port":7300}
{"enum_us":90,"ev":"listen_state_sent","event_to_send_us":497,"listeners":0,"listening":false,"port":7300,"reason":"event","seq":173,"t_us":49786483}
{"client":"<metal-address>:40504","err":"Connection refused (os error 111)","ev":"tcp_accept_refused","flow":584,"gport":7300}
{"cookie":2294,"ev":"listen_event","family":2,"kind":"start","ktime_us":49886207,"port":7300,"reachable":true,"wake_lag_us":266}
{"decided_listening":true,"ev":"level_light","last_kind":1,"port":7300}
{"enum_us":81,"ev":"listen_state_sent","event_to_send_us":639,"listeners":1,"listening":true,"port":7300,"reason":"event","seq":174,"t_us":49886846}
{"age_ms":1,"ev":"flow_closed","flow":586,"kind":2,"reset":true,"why":"peer_abort"}
{"cookie":2294,"ev":"listen_event","family":2,"kind":"stop","ktime_us":49986576,"port":7300,"reachable":true,"wake_lag_us":41}
{"decided_listening":false,"ev":"level_light","last_kind":2,"port":7300}
{"enum_us":94,"ev":"listen_state_sent","event_to_send_us":481,"listeners":0,"listening":false,"port":7300,"reason":"event","seq":175,"t_us":49987057}
{"client":"<metal-address>:40550","err":"Connection refused (os error 111)","ev":"tcp_accept_refused","flow":588,"gport":7300}
{"cookie":2295,"ev":"listen_event","family":2,"kind":"start","ktime_us":50086890,"port":7300,"reachable":true,"wake_lag_us":51}
{"decided_listening":true,"ev":"level_light","last_kind":1,"port":7300}
{"enum_us":76,"ev":"listen_state_sent","event_to_send_us":492,"listeners":1,"listening":true,"port":7300,"reason":"event","seq":176,"t_us":50087382}
{"age_ms":1,"ev":"flow_closed","flow":590,"kind":2,"reset":true,"why":"peer_abort"}
{"cookie":2295,"ev":"listen_event","family":2,"kind":"stop","ktime_us":50187771,"port":7300,"reachable":true,"wake_lag_us":44}
{"decided_listening":false,"ev":"level_light","last_kind":2,"port":7300}
{"enum_us":75,"ev":"listen_state_sent","event_to_send_us":485,"listeners":0,"listening":false,"port":7300,"reason":"event","seq":177,"t_us":50188256}
{"client":"<metal-address>:40580","err":"Connection refused (os error 111)","ev":"tcp_accept_refused","flow":592,"gport":7300}
{"cookie":2296,"ev":"listen_event","family":2,"kind":"start","ktime_us":50288081,"port":7300,"reachable":true,"wake_lag_us":55}
{"decided_listening":true,"ev":"level_light","last_kind":1,"port":7300}
{"enum_us":74,"ev":"listen_state_sent","event_to_send_us":429,"listeners":1,"listening":true,"port":7300,"reason":"event","seq":178,"t_us":50288510}
{"age_ms":2,"ev":"flow_closed","flow":594,"kind":2,"reset":true,"why":"peer_abort"}
{"cookie":2296,"ev":"listen_event","family":2,"kind":"stop","ktime_us":50388850,"port":7300,"reachable":true,"wake_lag_us":53}
{"decided_listening":false,"ev":"level_light","last_kind":2,"port":7300}
{"enum_us":72,"ev":"listen_state_sent","event_to_send_us":417,"listeners":0,"listening":false,"port":7300,"reason":"event","seq":179,"t_us":50389267}
{"cookie":2297,"ev":"listen_event","family":2,"kind":"start","ktime_us":50489137,"port":7300,"reachable":true,"wake_lag_us":53}
{"decided_listening":true,"ev":"level_light","last_kind":1,"port":7300}
{"enum_us":74,"ev":"listen_state_sent","event_to_send_us":439,"listeners":1,"listening":true,"port":7300,"reason":"event","seq":180,"t_us":50489576}
{"age_ms":2,"ev":"flow_closed","flow":596,"kind":2,"reset":true,"why":"peer_abort"}
{"cookie":2297,"ev":"listen_event","family":2,"kind":"stop","ktime_us":50589589,"port":7300,"reachable":true,"wake_lag_us":42}
{"decided_listening":false,"ev":"level_light","last_kind":2,"port":7300}
{"enum_us":72,"ev":"listen_state_sent","event_to_send_us":389,"listeners":0,"listening":false,"port":7300,"reason":"event","seq":181,"t_us":50589978}
{"cookie":2298,"ev":"listen_event","family":2,"kind":"start","ktime_us":50689899,"port":7300,"reachable":true,"wake_lag_us":50}
{"decided_listening":true,"ev":"level_light","last_kind":1,"port":7300}
{"enum_us":72,"ev":"listen_state_sent","event_to_send_us":430,"listeners":1,"listening":true,"port":7300,"reason":"event","seq":182,"t_us":50690329}
{"age_ms":0,"ev":"flow_closed","flow":598,"kind":2,"reset":true,"why":"peer_abort"}
{"cookie":2298,"ev":"listen_event","family":2,"kind":"stop","ktime_us":50790356,"port":7300,"reachable":true,"wake_lag_us":63}
{"decided_listening":false,"ev":"level_light","last_kind":2,"port":7300}
{"enum_us":76,"ev":"listen_state_sent","event_to_send_us":428,"listeners":0,"listening":false,"port":7300,"reason":"event","seq":183,"t_us":50790784}
{"cookie":4723,"ev":"listen_event","family":2,"kind":"start","ktime_us":50890671,"port":7300,"reachable":true,"wake_lag_us":50}
{"decided_listening":true,"ev":"level_light","last_kind":1,"port":7300}
{"enum_us":76,"ev":"listen_state_sent","event_to_send_us":450,"listeners":1,"listening":true,"port":7300,"reason":"event","seq":184,"t_us":50891121}
{"cookie":4723,"ev":"listen_event","family":2,"kind":"stop","ktime_us":50991039,"port":7300,"reachable":true,"wake_lag_us":53}
{"decided_listening":false,"ev":"level_light","last_kind":2,"port":7300}
{"enum_us":111,"ev":"listen_state_sent","event_to_send_us":442,"listeners":0,"listening":false,"port":7300,"reason":"event","seq":185,"t_us":50991481}
{"cookie":4724,"ev":"listen_event","family":2,"kind":"start","ktime_us":51091340,"port":7300,"reachable":true,"wake_lag_us":55}
{"decided_listening":true,"ev":"level_light","last_kind":1,"port":7300}
{"enum_us":77,"ev":"listen_state_sent","event_to_send_us":432,"listeners":1,"listening":true,"port":7300,"reason":"event","seq":186,"t_us":51091772}
{"age_ms":1,"ev":"flow_closed","flow":602,"kind":2,"reset":true,"why":"peer_abort"}
{"cookie":4724,"ev":"listen_event","family":2,"kind":"stop","ktime_us":51192202,"port":7300,"reachable":true,"wake_lag_us":43}
{"decided_listening":false,"ev":"level_light","last_kind":2,"port":7300}
{"enum_us":73,"ev":"listen_state_sent","event_to_send_us":415,"listeners":0,"listening":false,"port":7300,"reason":"event","seq":187,"t_us":51192617}
{"cookie":2305,"ev":"listen_event","family":2,"kind":"start","ktime_us":51292515,"port":7300,"reachable":true,"wake_lag_us":48}
{"decided_listening":true,"ev":"level_light","last_kind":1,"port":7300}
{"enum_us":75,"ev":"listen_state_sent","event_to_send_us":418,"listeners":1,"listening":true,"port":7300,"reason":"event","seq":188,"t_us":51292933}
{"cookie":2305,"ev":"listen_event","family":2,"kind":"stop","ktime_us":51393041,"port":7300,"reachable":true,"wake_lag_us":47}
{"decided_listening":false,"ev":"level_light","last_kind":2,"port":7300}
{"enum_us":84,"ev":"listen_state_sent","event_to_send_us":408,"listeners":0,"listening":false,"port":7300,"reason":"event","seq":189,"t_us":51393449}
{"cookie":2306,"ev":"listen_event","family":2,"kind":"start","ktime_us":51493315,"port":7300,"reachable":true,"wake_lag_us":47}
{"decided_listening":true,"ev":"level_light","last_kind":1,"port":7300}
{"enum_us":73,"ev":"listen_state_sent","event_to_send_us":418,"listeners":1,"listening":true,"port":7300,"reason":"event","seq":190,"t_us":51493733}
{"age_ms":0,"ev":"flow_closed","flow":606,"kind":2,"reset":true,"why":"peer_abort"}
{"cookie":2306,"ev":"listen_event","family":2,"kind":"stop","ktime_us":51593911,"port":7300,"reachable":true,"wake_lag_us":51}
{"decided_listening":false,"ev":"level_light","last_kind":2,"port":7300}
{"enum_us":74,"ev":"listen_state_sent","event_to_send_us":426,"listeners":0,"listening":false,"port":7300,"reason":"event","seq":191,"t_us":51594337}
{"cookie":2307,"ev":"listen_event","family":2,"kind":"start","ktime_us":51694207,"port":7300,"reachable":true,"wake_lag_us":53}
{"decided_listening":true,"ev":"level_light","last_kind":1,"port":7300}
{"enum_us":72,"ev":"listen_state_sent","event_to_send_us":427,"listeners":1,"listening":true,"port":7300,"reason":"event","seq":192,"t_us":51694634}
{"age_ms":1,"ev":"flow_closed","flow":608,"kind":2,"reset":true,"why":"peer_abort"}
{"cookie":2307,"ev":"listen_event","family":2,"kind":"stop","ktime_us":51794660,"port":7300,"reachable":true,"wake_lag_us":46}
{"decided_listening":false,"ev":"level_light","last_kind":2,"port":7300}
{"enum_us":94,"ev":"listen_state_sent","event_to_send_us":423,"listeners":0,"listening":false,"port":7300,"reason":"event","seq":193,"t_us":51795083}
{"cookie":4734,"ev":"listen_event","family":2,"kind":"start","ktime_us":51894970,"port":7300,"reachable":true,"wake_lag_us":61}
{"decided_listening":true,"ev":"level_light","last_kind":1,"port":7300}
{"enum_us":78,"ev":"listen_state_sent","event_to_send_us":430,"listeners":1,"listening":true,"port":7300,"reason":"event","seq":194,"t_us":51895400}
{"age_ms":1,"ev":"flow_closed","flow":610,"kind":2,"reset":true,"why":"peer_abort"}
{"cookie":4734,"ev":"listen_event","family":2,"kind":"stop","ktime_us":51995430,"port":7300,"reachable":true,"wake_lag_us":42}
{"decided_listening":false,"ev":"level_light","last_kind":2,"port":7300}
{"enum_us":75,"ev":"listen_state_sent","event_to_send_us":395,"listeners":0,"listening":false,"port":7300,"reason":"event","seq":195,"t_us":51995825}
{"cookie":4735,"ev":"listen_event","family":2,"kind":"start","ktime_us":52095713,"port":7300,"reachable":true,"wake_lag_us":48}
{"decided_listening":true,"ev":"level_light","last_kind":1,"port":7300}
{"enum_us":78,"ev":"listen_state_sent","event_to_send_us":431,"listeners":1,"listening":true,"port":7300,"reason":"event","seq":196,"t_us":52096144}
{"cookie":4735,"ev":"listen_event","family":2,"kind":"stop","ktime_us":52196129,"port":7300,"reachable":true,"wake_lag_us":44}
{"decided_listening":false,"ev":"level_light","last_kind":2,"port":7300}
{"enum_us":72,"ev":"listen_state_sent","event_to_send_us":405,"listeners":0,"listening":false,"port":7300,"reason":"event","seq":197,"t_us":52196534}
{"cookie":4736,"ev":"listen_event","family":2,"kind":"start","ktime_us":52296440,"port":7300,"reachable":true,"wake_lag_us":49}
{"decided_listening":true,"ev":"level_light","last_kind":1,"port":7300}
{"enum_us":75,"ev":"listen_state_sent","event_to_send_us":416,"listeners":1,"listening":true,"port":7300,"reason":"event","seq":198,"t_us":52296856}
{"age_ms":0,"ev":"flow_closed","flow":614,"kind":2,"reset":true,"why":"peer_abort"}
{"cookie":4736,"ev":"listen_event","family":2,"kind":"stop","ktime_us":52396823,"port":7300,"reachable":true,"wake_lag_us":55}
{"decided_listening":false,"ev":"level_light","last_kind":2,"port":7300}
{"enum_us":74,"ev":"listen_state_sent","event_to_send_us":429,"listeners":0,"listening":false,"port":7300,"reason":"event","seq":199,"t_us":52397252}
{"cookie":4737,"ev":"listen_event","family":2,"kind":"start","ktime_us":52497114,"port":7300,"reachable":true,"wake_lag_us":53}
{"decided_listening":true,"ev":"level_light","last_kind":1,"port":7300}
{"enum_us":76,"ev":"listen_state_sent","event_to_send_us":432,"listeners":1,"listening":true,"port":7300,"reason":"event","seq":200,"t_us":52497546}
{"age_ms":2,"ev":"flow_closed","flow":616,"kind":2,"reset":true,"why":"peer_abort"}
{"cookie":4737,"ev":"listen_event","family":2,"kind":"stop","ktime_us":52597506,"port":7300,"reachable":true,"wake_lag_us":48}
{"decided_listening":false,"ev":"level_light","last_kind":2,"port":7300}
{"enum_us":76,"ev":"listen_state_sent","event_to_send_us":398,"listeners":0,"listening":false,"port":7300,"reason":"event","seq":201,"t_us":52597904}
{"cookie":4738,"ev":"listen_event","family":2,"kind":"start","ktime_us":52697792,"port":7300,"reachable":true,"wake_lag_us":48}
{"decided_listening":true,"ev":"level_light","last_kind":1,"port":7300}
{"enum_us":75,"ev":"listen_state_sent","event_to_send_us":431,"listeners":1,"listening":true,"port":7300,"reason":"event","seq":202,"t_us":52698223}
{"age_ms":1,"ev":"flow_closed","flow":618,"kind":2,"reset":true,"why":"peer_abort"}
{"cookie":4738,"ev":"listen_event","family":2,"kind":"stop","ktime_us":52798172,"port":7300,"reachable":true,"wake_lag_us":44}
{"decided_listening":false,"ev":"level_light","last_kind":2,"port":7300}
{"enum_us":75,"ev":"listen_state_sent","event_to_send_us":411,"listeners":0,"listening":false,"port":7300,"reason":"event","seq":203,"t_us":52798583}
{"cookie":2323,"ev":"listen_event","family":2,"kind":"start","ktime_us":52898489,"port":7300,"reachable":true,"wake_lag_us":48}
{"decided_listening":true,"ev":"level_light","last_kind":1,"port":7300}
{"enum_us":74,"ev":"listen_state_sent","event_to_send_us":413,"listeners":1,"listening":true,"port":7300,"reason":"event","seq":204,"t_us":52898902}
{"cookie":2323,"ev":"listen_event","family":2,"kind":"stop","ktime_us":52998898,"port":7300,"reachable":true,"wake_lag_us":46}
{"decided_listening":false,"ev":"level_light","last_kind":2,"port":7300}
{"enum_us":73,"ev":"listen_state_sent","event_to_send_us":407,"listeners":0,"listening":false,"port":7300,"reason":"event","seq":205,"t_us":52999305}
{"cookie":2324,"ev":"listen_event","family":2,"kind":"start","ktime_us":53099185,"port":7300,"reachable":true,"wake_lag_us":32}
{"decided_listening":true,"ev":"level_light","last_kind":1,"port":7300}
{"enum_us":73,"ev":"listen_state_sent","event_to_send_us":406,"listeners":1,"listening":true,"port":7300,"reason":"event","seq":206,"t_us":53099591}
{"age_ms":1,"ev":"flow_closed","flow":622,"kind":2,"reset":true,"why":"peer_abort"}
{"cookie":2324,"ev":"listen_event","family":2,"kind":"stop","ktime_us":53199835,"port":7300,"reachable":true,"wake_lag_us":48}
{"decided_listening":false,"ev":"level_light","last_kind":2,"port":7300}
{"enum_us":72,"ev":"listen_state_sent","event_to_send_us":416,"listeners":0,"listening":false,"port":7300,"reason":"event","seq":207,"t_us":53200251}
{"cookie":2325,"ev":"listen_event","family":2,"kind":"start","ktime_us":53300128,"port":7300,"reachable":true,"wake_lag_us":50}
{"decided_listening":true,"ev":"level_light","last_kind":1,"port":7300}
{"enum_us":74,"ev":"listen_state_sent","event_to_send_us":421,"listeners":1,"listening":true,"port":7300,"reason":"event","seq":208,"t_us":53300549}
{"age_ms":1,"ev":"flow_closed","flow":624,"kind":2,"reset":true,"why":"peer_abort"}
{"cookie":2325,"ev":"listen_event","family":2,"kind":"stop","ktime_us":53400665,"port":7300,"reachable":true,"wake_lag_us":40}
{"decided_listening":false,"ev":"level_light","last_kind":2,"port":7300}
{"enum_us":89,"ev":"listen_state_sent","event_to_send_us":402,"listeners":0,"listening":false,"port":7300,"reason":"event","seq":209,"t_us":53401067}
{"cookie":2326,"ev":"listen_event","family":2,"kind":"start","ktime_us":53500951,"port":7300,"reachable":true,"wake_lag_us":64}
{"decided_listening":true,"ev":"level_light","last_kind":1,"port":7300}
{"enum_us":73,"ev":"listen_state_sent","event_to_send_us":424,"listeners":1,"listening":true,"port":7300,"reason":"event","seq":210,"t_us":53501375}
{"age_ms":1,"ev":"flow_closed","flow":626,"kind":2,"reset":true,"why":"peer_abort"}
{"cookie":2326,"ev":"listen_event","family":2,"kind":"stop","ktime_us":53601339,"port":7300,"reachable":true,"wake_lag_us":54}
{"decided_listening":false,"ev":"level_light","last_kind":2,"port":7300}
{"enum_us":74,"ev":"listen_state_sent","event_to_send_us":421,"listeners":0,"listening":false,"port":7300,"reason":"event","seq":211,"t_us":53601760}
{"cookie":2327,"ev":"listen_event","family":2,"kind":"start","ktime_us":53701628,"port":7300,"reachable":true,"wake_lag_us":48}
{"decided_listening":true,"ev":"level_light","last_kind":1,"port":7300}
{"enum_us":99,"ev":"listen_state_sent","event_to_send_us":434,"listeners":1,"listening":true,"port":7300,"reason":"event","seq":212,"t_us":53702062}
{"cookie":2327,"ev":"listen_event","family":2,"kind":"stop","ktime_us":53802024,"port":7300,"reachable":true,"wake_lag_us":91}
{"decided_listening":false,"ev":"level_light","last_kind":2,"port":7300}
{"enum_us":99,"ev":"listen_state_sent","event_to_send_us":474,"listeners":0,"listening":false,"port":7300,"reason":"event","seq":213,"t_us":53802498}
{"cookie":2328,"ev":"listen_event","family":2,"kind":"start","ktime_us":53902217,"port":7300,"reachable":true,"wake_lag_us":258}
{"decided_listening":true,"ev":"level_light","last_kind":1,"port":7300}
{"enum_us":80,"ev":"listen_state_sent","event_to_send_us":631,"listeners":1,"listening":true,"port":7300,"reason":"event","seq":214,"t_us":53902848}
{"age_ms":1,"ev":"flow_closed","flow":630,"kind":2,"reset":true,"why":"peer_abort"}
{"cookie":2328,"ev":"listen_event","family":2,"kind":"stop","ktime_us":54002585,"port":7300,"reachable":true,"wake_lag_us":48}
{"decided_listening":false,"ev":"level_light","last_kind":2,"port":7300}
{"enum_us":95,"ev":"listen_state_sent","event_to_send_us":448,"listeners":0,"listening":false,"port":7300,"reason":"event","seq":215,"t_us":54003033}
{"cookie":2329,"ev":"listen_event","family":2,"kind":"start","ktime_us":54102884,"port":7300,"reachable":true,"wake_lag_us":49}
{"decided_listening":true,"ev":"level_light","last_kind":1,"port":7300}
{"enum_us":74,"ev":"listen_state_sent","event_to_send_us":438,"listeners":1,"listening":true,"port":7300,"reason":"event","seq":216,"t_us":54103322}
{"age_ms":1,"ev":"flow_closed","flow":632,"kind":2,"reset":true,"why":"peer_abort"}
{"cookie":2329,"ev":"listen_event","family":2,"kind":"stop","ktime_us":54203515,"port":7300,"reachable":true,"wake_lag_us":43}
{"decided_listening":false,"ev":"level_light","last_kind":2,"port":7300}
{"enum_us":72,"ev":"listen_state_sent","event_to_send_us":406,"listeners":0,"listening":false,"port":7300,"reason":"event","seq":217,"t_us":54203921}
{"cookie":2330,"ev":"listen_event","family":2,"kind":"start","ktime_us":54303795,"port":7300,"reachable":true,"wake_lag_us":46}
{"decided_listening":true,"ev":"level_light","last_kind":1,"port":7300}
{"enum_us":73,"ev":"listen_state_sent","event_to_send_us":434,"listeners":1,"listening":true,"port":7300,"reason":"event","seq":218,"t_us":54304229}
{"cookie":2330,"ev":"listen_event","family":2,"kind":"stop","ktime_us":54404266,"port":7300,"reachable":true,"wake_lag_us":41}
{"decided_listening":false,"ev":"level_light","last_kind":2,"port":7300}
{"enum_us":76,"ev":"listen_state_sent","event_to_send_us":412,"listeners":0,"listening":false,"port":7300,"reason":"event","seq":219,"t_us":54404678}
{"cookie":2331,"ev":"listen_event","family":2,"kind":"start","ktime_us":54504506,"port":7300,"reachable":true,"wake_lag_us":46}
{"decided_listening":true,"ev":"level_light","last_kind":1,"port":7300}
{"enum_us":72,"ev":"listen_state_sent","event_to_send_us":411,"listeners":1,"listening":true,"port":7300,"reason":"event","seq":220,"t_us":54504917}
{"cookie":2331,"ev":"listen_event","family":2,"kind":"stop","ktime_us":54604986,"port":7300,"reachable":true,"wake_lag_us":32}
{"decided_listening":false,"ev":"level_light","last_kind":2,"port":7300}
{"enum_us":76,"ev":"listen_state_sent","event_to_send_us":392,"listeners":0,"listening":false,"port":7300,"reason":"event","seq":221,"t_us":54605378}
{"cookie":4766,"ev":"listen_event","family":2,"kind":"start","ktime_us":54705292,"port":7300,"reachable":true,"wake_lag_us":54}
{"decided_listening":true,"ev":"level_light","last_kind":1,"port":7300}
{"enum_us":76,"ev":"listen_state_sent","event_to_send_us":432,"listeners":1,"listening":true,"port":7300,"reason":"event","seq":222,"t_us":54705724}
{"age_ms":1,"ev":"flow_closed","flow":638,"kind":2,"reset":true,"why":"peer_abort"}
{"cookie":4766,"ev":"listen_event","family":2,"kind":"stop","ktime_us":54805760,"port":7300,"reachable":true,"wake_lag_us":59}
{"decided_listening":false,"ev":"level_light","last_kind":2,"port":7300}
{"enum_us":74,"ev":"listen_state_sent","event_to_send_us":431,"listeners":0,"listening":false,"port":7300,"reason":"event","seq":223,"t_us":54806191}
{"cookie":4767,"ev":"listen_event","family":2,"kind":"start","ktime_us":54906074,"port":7300,"reachable":true,"wake_lag_us":49}
{"decided_listening":true,"ev":"level_light","last_kind":1,"port":7300}
{"enum_us":74,"ev":"listen_state_sent","event_to_send_us":430,"listeners":1,"listening":true,"port":7300,"reason":"event","seq":224,"t_us":54906504}
{"age_ms":1,"ev":"flow_closed","flow":640,"kind":2,"reset":true,"why":"peer_abort"}
{"cookie":4767,"ev":"listen_event","family":2,"kind":"stop","ktime_us":55006428,"port":7300,"reachable":true,"wake_lag_us":51}
{"decided_listening":false,"ev":"level_light","last_kind":2,"port":7300}
{"enum_us":75,"ev":"listen_state_sent","event_to_send_us":402,"listeners":0,"listening":false,"port":7300,"reason":"event","seq":225,"t_us":55006830}
{"cookie":4768,"ev":"listen_event","family":2,"kind":"start","ktime_us":55106709,"port":7300,"reachable":true,"wake_lag_us":50}
{"decided_listening":true,"ev":"level_light","last_kind":1,"port":7300}
{"enum_us":66,"ev":"listen_state_sent","event_to_send_us":345,"listeners":1,"listening":true,"port":7300,"reason":"event","seq":226,"t_us":55107054}
{"age_ms":0,"ev":"flow_closed","flow":642,"kind":2,"reset":true,"why":"peer_abort"}
{"cookie":4768,"ev":"listen_event","family":2,"kind":"stop","ktime_us":55207109,"port":7300,"reachable":true,"wake_lag_us":45}
{"decided_listening":false,"ev":"level_light","last_kind":2,"port":7300}
{"enum_us":73,"ev":"listen_state_sent","event_to_send_us":405,"listeners":0,"listening":false,"port":7300,"reason":"event","seq":227,"t_us":55207514}
{"cookie":4769,"ev":"listen_event","family":2,"kind":"start","ktime_us":55307387,"port":7300,"reachable":true,"wake_lag_us":55}
{"decided_listening":true,"ev":"level_light","last_kind":1,"port":7300}
{"enum_us":75,"ev":"listen_state_sent","event_to_send_us":427,"listeners":1,"listening":true,"port":7300,"reason":"event","seq":228,"t_us":55307814}
{"age_ms":0,"ev":"flow_closed","flow":644,"kind":2,"reset":true,"why":"peer_abort"}
{"cookie":4769,"ev":"listen_event","family":2,"kind":"stop","ktime_us":55407832,"port":7300,"reachable":true,"wake_lag_us":43}
{"decided_listening":false,"ev":"level_light","last_kind":2,"port":7300}
{"enum_us":72,"ev":"listen_state_sent","event_to_send_us":400,"listeners":0,"listening":false,"port":7300,"reason":"event","seq":229,"t_us":55408232}
{"cookie":4773,"ev":"listen_event","family":2,"kind":"start","ktime_us":55508117,"port":7300,"reachable":true,"wake_lag_us":49}
{"decided_listening":true,"ev":"level_light","last_kind":1,"port":7300}
{"enum_us":75,"ev":"listen_state_sent","event_to_send_us":431,"listeners":1,"listening":true,"port":7300,"reason":"event","seq":230,"t_us":55508548}
{"age_ms":1,"ev":"flow_closed","flow":646,"kind":2,"reset":true,"why":"peer_abort"}
{"cookie":4773,"ev":"listen_event","family":2,"kind":"stop","ktime_us":55608523,"port":7300,"reachable":true,"wake_lag_us":49}
{"decided_listening":false,"ev":"level_light","last_kind":2,"port":7300}
{"enum_us":73,"ev":"listen_state_sent","event_to_send_us":401,"listeners":0,"listening":false,"port":7300,"reason":"event","seq":231,"t_us":55608924}
{"cookie":4774,"ev":"listen_event","family":2,"kind":"start","ktime_us":55708819,"port":7300,"reachable":true,"wake_lag_us":47}
{"decided_listening":true,"ev":"level_light","last_kind":1,"port":7300}
{"enum_us":76,"ev":"listen_state_sent","event_to_send_us":441,"listeners":1,"listening":true,"port":7300,"reason":"event","seq":232,"t_us":55709260}
{"cookie":4774,"ev":"listen_event","family":2,"kind":"stop","ktime_us":55809194,"port":7300,"reachable":true,"wake_lag_us":53}
{"decided_listening":false,"ev":"level_light","last_kind":2,"port":7300}
{"enum_us":74,"ev":"listen_state_sent","event_to_send_us":450,"listeners":0,"listening":false,"port":7300,"reason":"event","seq":233,"t_us":55809644}
{"cookie":2347,"ev":"listen_event","family":2,"kind":"start","ktime_us":55909503,"port":7300,"reachable":true,"wake_lag_us":50}
{"decided_listening":true,"ev":"level_light","last_kind":1,"port":7300}
{"enum_us":73,"ev":"listen_state_sent","event_to_send_us":419,"listeners":1,"listening":true,"port":7300,"reason":"event","seq":234,"t_us":55909922}
{"cookie":2347,"ev":"listen_event","family":2,"kind":"stop","ktime_us":56009902,"port":7300,"reachable":true,"wake_lag_us":48}
{"decided_listening":false,"ev":"level_light","last_kind":2,"port":7300}
{"enum_us":71,"ev":"listen_state_sent","event_to_send_us":427,"listeners":0,"listening":false,"port":7300,"reason":"event","seq":235,"t_us":56010329}
{"cookie":2348,"ev":"listen_event","family":2,"kind":"start","ktime_us":56110159,"port":7300,"reachable":true,"wake_lag_us":43}
{"decided_listening":true,"ev":"level_light","last_kind":1,"port":7300}
{"enum_us":74,"ev":"listen_state_sent","event_to_send_us":422,"listeners":1,"listening":true,"port":7300,"reason":"event","seq":236,"t_us":56110581}
{"age_ms":1,"ev":"flow_closed","flow":652,"kind":2,"reset":true,"why":"peer_abort"}
{"cookie":2348,"ev":"listen_event","family":2,"kind":"stop","ktime_us":56210739,"port":7300,"reachable":true,"wake_lag_us":56}
{"decided_listening":false,"ev":"level_light","last_kind":2,"port":7300}
{"enum_us":72,"ev":"listen_state_sent","event_to_send_us":424,"listeners":0,"listening":false,"port":7300,"reason":"event","seq":237,"t_us":56211163}
{"cookie":4781,"ev":"listen_event","family":2,"kind":"start","ktime_us":56310958,"port":7300,"reachable":true,"wake_lag_us":69}
{"decided_listening":true,"ev":"level_light","last_kind":1,"port":7300}
{"enum_us":73,"ev":"listen_state_sent","event_to_send_us":387,"listeners":1,"listening":true,"port":7300,"reason":"event","seq":238,"t_us":56311345}
{"age_ms":1,"ev":"flow_closed","flow":654,"kind":2,"reset":true,"why":"peer_abort"}
{"cookie":4781,"ev":"listen_event","family":2,"kind":"stop","ktime_us":56411343,"port":7300,"reachable":true,"wake_lag_us":54}
{"decided_listening":false,"ev":"level_light","last_kind":2,"port":7300}
{"enum_us":73,"ev":"listen_state_sent","event_to_send_us":409,"listeners":0,"listening":false,"port":7300,"reason":"event","seq":239,"t_us":56411752}
{"cookie":4782,"ev":"listen_event","family":2,"kind":"start","ktime_us":56511642,"port":7300,"reachable":true,"wake_lag_us":49}
{"decided_listening":true,"ev":"level_light","last_kind":1,"port":7300}
{"enum_us":103,"ev":"listen_state_sent","event_to_send_us":442,"listeners":1,"listening":true,"port":7300,"reason":"event","seq":240,"t_us":56512084}
{"cookie":4782,"ev":"listen_event","family":2,"kind":"stop","ktime_us":56612035,"port":7300,"reachable":true,"wake_lag_us":48}
{"decided_listening":false,"ev":"level_light","last_kind":2,"port":7300}
{"enum_us":114,"ev":"listen_state_sent","event_to_send_us":440,"listeners":0,"listening":false,"port":7300,"reason":"event","seq":241,"t_us":56612475}
{"cookie":4783,"ev":"listen_event","family":2,"kind":"start","ktime_us":56712319,"port":7300,"reachable":true,"wake_lag_us":53}
{"decided_listening":true,"ev":"level_light","last_kind":1,"port":7300}
{"enum_us":75,"ev":"listen_state_sent","event_to_send_us":426,"listeners":1,"listening":true,"port":7300,"reason":"event","seq":242,"t_us":56712745}
{"age_ms":1,"ev":"flow_closed","flow":658,"kind":2,"reset":true,"why":"peer_abort"}
{"cookie":4783,"ev":"listen_event","family":2,"kind":"stop","ktime_us":56812888,"port":7300,"reachable":true,"wake_lag_us":41}
{"decided_listening":false,"ev":"level_light","last_kind":2,"port":7300}
{"enum_us":74,"ev":"listen_state_sent","event_to_send_us":410,"listeners":0,"listening":false,"port":7300,"reason":"event","seq":243,"t_us":56813298}
