{"ack_oob":true,"arm":true,"declare":[7300,7301,7302],"egress_ifs":["v11h","eno12399np0"],"ev":"programs_loaded","flush":true,"intake_park":true,"pid":1113387,"programs":[{"id":42667,"name":"verdict","tag":"5f61753433e18fc2","verified_insns":884},{"id":42668,"name":"strp_parse","tag":"22614579d5370f67","verified_insns":62},{"id":42669,"name":"strp_verdict","tag":"4c631b1fcdb0e5f6","verified_insns":895},{"id":42670,"name":"lo_decode(tcx lo egress)","tag":"1be1d280222d9e90","verified_insns":465},{"id":42671,"name":"eg_decode_frag(tcx v11h egress)","tag":"a9285dfbbf33b7ff","verified_insns":627},{"id":42671,"name":"eg_decode_frag(tcx eno12399np0 egress)","tag":"a9285dfbbf33b7ff","verified_insns":627},{"id":42672,"name":"sent(fexit skb_send_sock)","tag":"038e16bf070d9335","verified_insns":41},{"id":42673,"name":"sockops(/sys/fs/cgroup/gvc-spike-1113387)","tag":"d3503b23d0e6960e","verified_insns":260}],"role":"host","tuple_from_peer":true,"udp_park":true,"unframe":"hybrid"}
{"ev":"park_pool","slots":256}
{"cid":35284,"ev":"host_ready","intakes":["<metal-address>:2222=22","<metal-address>:2710=7100","<metal-address>:2711=7101","<metal-address>:2713=7303"]}
{"cid":35284,"ev":"hello"}
{"ev":"ctl_closed","t_us":4520362632526}
{"cid":35284,"ev":"hello"}
{"client":"<metal-address>:59262","ev":"host_intake","flow":2,"gport":7303,"park":0}
{"ev":"refused","flow":2}
{"age_ms":0,"ev":"flow_closed","flow":2,"kind":2,"reset":true,"why":"refused"}
{"addr":"<metal-address>:2730","bind_us":54,"ev":"d23_bind","gport":7300,"t_us":4520366138022,"why":"listen_state"}
{"client":"<metal-address>:34920","ev":"host_intake","flow":4,"gport":7300,"park":1}
{"ev":"leg_error","events":8216,"flow":4,"leg":0,"so_error":32}
{"age_ms":16,"ev":"flow_closed","flow":4,"kind":2,"reset":true,"why":"leg_error"}
{"client":"<metal-address>:34922","ev":"host_intake","flow":6,"gport":7300,"park":2}
{"client":"<metal-address>:34930","ev":"host_intake","flow":8,"gport":7300,"park":3}
{"client":"<metal-address>:34936","ev":"host_intake","flow":10,"gport":7300,"park":4}
{"client":"<metal-address>:34938","ev":"host_intake","flow":12,"gport":7300,"park":5}
{"client":"<metal-address>:34948","ev":"host_intake","flow":14,"gport":7300,"park":6}
{"client":"<metal-address>:34954","ev":"host_intake","flow":16,"gport":7300,"park":7}
{"client":"<metal-address>:34960","ev":"host_intake","flow":18,"gport":7300,"park":8}
{"client":"<metal-address>:34976","ev":"host_intake","flow":20,"gport":7300,"park":9}
{"client":"<metal-address>:34992","ev":"host_intake","flow":22,"gport":7300,"park":10}
{"ev":"d23_close","gport":7300,"t_us":4520366238314,"why":"listen_state"}
{"ev":"refused","flow":6}
{"age_ms":32,"ev":"flow_closed","flow":6,"kind":2,"reset":true,"why":"refused"}
{"ev":"refused","flow":8}
{"age_ms":48,"ev":"flow_closed","flow":8,"kind":2,"reset":true,"why":"refused"}
{"ev":"refused","flow":10}
{"age_ms":61,"ev":"flow_closed","flow":10,"kind":2,"reset":true,"why":"refused"}
{"ev":"refused","flow":12}
{"age_ms":71,"ev":"flow_closed","flow":12,"kind":2,"reset":true,"why":"refused"}
{"ev":"refused","flow":14}
{"age_ms":80,"ev":"flow_closed","flow":14,"kind":2,"reset":true,"why":"refused"}
{"ev":"refused","flow":16}
{"age_ms":90,"ev":"flow_closed","flow":16,"kind":2,"reset":true,"why":"refused"}
{"ev":"leg_error","events":8216,"flow":18,"leg":0,"so_error":32}
{"age_ms":98,"ev":"flow_closed","flow":18,"kind":2,"reset":true,"why":"leg_error"}
{"ev":"leg_error","events":8216,"flow":20,"leg":0,"so_error":32}
{"age_ms":104,"ev":"flow_closed","flow":20,"kind":2,"reset":true,"why":"leg_error"}
{"ev":"leg_error","events":8216,"flow":22,"leg":0,"so_error":32}
{"age_ms":111,"ev":"flow_closed","flow":22,"kind":2,"reset":true,"why":"leg_error"}
{"addr":"<metal-address>:2730","bind_us":42,"ev":"d23_bind","gport":7300,"t_us":4520366360207,"why":"listen_state"}
{"client":"<metal-address>:35296","ev":"host_intake","flow":24,"gport":7300,"park":11}
{"ev":"leg_error","events":8216,"flow":24,"leg":0,"so_error":32}
{"age_ms":20,"ev":"flow_closed","flow":24,"kind":2,"reset":true,"why":"leg_error"}
{"client":"<metal-address>:35298","ev":"host_intake","flow":26,"gport":7300,"park":12}
{"client":"<metal-address>:35306","ev":"host_intake","flow":28,"gport":7300,"park":13}
{"client":"<metal-address>:35318","ev":"host_intake","flow":30,"gport":7300,"park":14}
{"client":"<metal-address>:35330","ev":"host_intake","flow":32,"gport":7300,"park":15}
{"client":"<metal-address>:35338","ev":"host_intake","flow":34,"gport":7300,"park":16}
{"ev":"d23_close","gport":7300,"t_us":4520366434916,"why":"listen_state"}
{"ev":"refused","flow":26}
{"age_ms":15,"ev":"flow_closed","flow":26,"kind":2,"reset":true,"why":"refused"}
{"ev":"refused","flow":28}
{"age_ms":22,"ev":"flow_closed","flow":28,"kind":2,"reset":true,"why":"refused"}
{"ev":"refused","flow":30}
{"age_ms":33,"ev":"flow_closed","flow":30,"kind":2,"reset":true,"why":"refused"}
{"ev":"refused","flow":32}
{"age_ms":40,"ev":"flow_closed","flow":32,"kind":2,"reset":true,"why":"refused"}
{"ev":"refused","flow":34}
{"age_ms":48,"ev":"flow_closed","flow":34,"kind":2,"reset":true,"why":"refused"}
{"addr":"<metal-address>:2730","bind_us":42,"ev":"d23_bind","gport":7300,"t_us":4520366536254,"why":"listen_state"}
{"client":"<metal-address>:35402","ev":"host_intake","flow":36,"gport":7300,"park":17}
{"ev":"leg_error","events":8216,"flow":36,"leg":0,"so_error":32}
{"age_ms":12,"ev":"flow_closed","flow":36,"kind":2,"reset":true,"why":"leg_error"}
{"client":"<metal-address>:35416","ev":"host_intake","flow":38,"gport":7300,"park":18}
{"client":"<metal-address>:35420","ev":"host_intake","flow":40,"gport":7300,"park":19}
{"client":"<metal-address>:35436","ev":"host_intake","flow":42,"gport":7300,"park":20}
{"client":"<metal-address>:35446","ev":"host_intake","flow":44,"gport":7300,"park":21}
{"client":"<metal-address>:35452","ev":"host_intake","flow":46,"gport":7300,"park":22}
{"client":"<metal-address>:35464","ev":"host_intake","flow":48,"gport":7300,"park":23}
{"ev":"d23_close","gport":7300,"t_us":4520366639482,"why":"listen_state"}
{"ev":"refused","flow":38}
{"age_ms":25,"ev":"flow_closed","flow":38,"kind":2,"reset":true,"why":"refused"}
{"ev":"refused","flow":40}
{"age_ms":37,"ev":"flow_closed","flow":40,"kind":2,"reset":true,"why":"refused"}
{"ev":"refused","flow":42}
{"age_ms":46,"ev":"flow_closed","flow":42,"kind":2,"reset":true,"why":"refused"}
{"ev":"refused","flow":44}
{"age_ms":54,"ev":"flow_closed","flow":44,"kind":2,"reset":true,"why":"refused"}
{"ev":"refused","flow":46}
{"age_ms":62,"ev":"flow_closed","flow":46,"kind":2,"reset":true,"why":"refused"}
{"ev":"refused","flow":48}
{"age_ms":70,"ev":"flow_closed","flow":48,"kind":2,"reset":true,"why":"refused"}
{"ev":"refused","flow":50}
{"age_ms":77,"ev":"flow_closed","flow":50,"kind":2,"reset":true,"why":"refused"}
{"ev":"refused","flow":52}
{"age_ms":83,"ev":"flow_closed","flow":52,"kind":2,"reset":true,"why":"refused"}
{"addr":"<metal-address>:2730","bind_us":41,"ev":"d23_bind","gport":7300,"t_us":4520366735703,"why":"listen_state"}
{"ev":"leg_error","events":8216,"flow":54,"leg":0,"so_error":32}
{"age_ms":7,"ev":"flow_closed","flow":54,"kind":2,"reset":true,"why":"leg_error"}
{"ev":"d23_close","gport":7300,"t_us":4520366836397,"why":"listen_state"}
{"ev":"refused","flow":56}
{"age_ms":15,"ev":"flow_closed","flow":56,"kind":2,"reset":true,"why":"refused"}
{"ev":"refused","flow":58}
{"age_ms":21,"ev":"flow_closed","flow":58,"kind":2,"reset":true,"why":"refused"}
{"ev":"refused","flow":60}
{"age_ms":27,"ev":"flow_closed","flow":60,"kind":2,"reset":true,"why":"refused"}
{"ev":"refused","flow":62}
{"age_ms":34,"ev":"flow_closed","flow":62,"kind":2,"reset":true,"why":"refused"}
{"ev":"refused","flow":64}
{"age_ms":39,"ev":"flow_closed","flow":64,"kind":2,"reset":true,"why":"refused"}
{"addr":"<metal-address>:2730","bind_us":42,"ev":"d23_bind","gport":7300,"t_us":4520366937719,"why":"listen_state"}
{"ev":"leg_error","events":8216,"flow":66,"leg":0,"so_error":32}
{"age_ms":12,"ev":"flow_closed","flow":66,"kind":2,"reset":true,"why":"leg_error"}
{"ev":"d23_close","gport":7300,"t_us":4520367041832,"why":"listen_state"}
{"ev":"refused","flow":68}
{"age_ms":28,"ev":"flow_closed","flow":68,"kind":2,"reset":true,"why":"refused"}
{"ev":"refused","flow":70}
{"age_ms":41,"ev":"flow_closed","flow":70,"kind":2,"reset":true,"why":"refused"}
{"ev":"refused","flow":72}
{"age_ms":54,"ev":"flow_closed","flow":72,"kind":2,"reset":true,"why":"refused"}
{"ev":"refused","flow":74}
{"age_ms":65,"ev":"flow_closed","flow":74,"kind":2,"reset":true,"why":"refused"}
{"ev":"refused","flow":76}
{"age_ms":73,"ev":"flow_closed","flow":76,"kind":2,"reset":true,"why":"refused"}
{"ev":"refused","flow":78}
{"age_ms":82,"ev":"flow_closed","flow":78,"kind":2,"reset":true,"why":"refused"}
{"ev":"refused","flow":80}
{"age_ms":90,"ev":"flow_closed","flow":80,"kind":2,"reset":true,"why":"refused"}
{"ev":"leg_error","events":8216,"flow":82,"leg":0,"so_error":32}
{"age_ms":94,"ev":"flow_closed","flow":82,"kind":2,"reset":true,"why":"leg_error"}
{"ev":"leg_error","events":8216,"flow":84,"leg":0,"so_error":32}
{"age_ms":99,"ev":"flow_closed","flow":84,"kind":2,"reset":true,"why":"leg_error"}
{"addr":"<metal-address>:2730","bind_us":40,"ev":"d23_bind","gport":7300,"t_us":4520367146993,"why":"listen_state"}
{"ev":"leg_error","events":8216,"flow":86,"leg":0,"so_error":32}
{"age_ms":14,"ev":"flow_closed","flow":86,"kind":2,"reset":true,"why":"leg_error"}
{"ev":"d23_close","gport":7300,"t_us":4520367237761,"why":"listen_state"}
{"ev":"refused","flow":88}
{"age_ms":15,"ev":"flow_closed","flow":88,"kind":2,"reset":true,"why":"refused"}
{"ev":"refused","flow":90}
{"age_ms":20,"ev":"flow_closed","flow":90,"kind":2,"reset":true,"why":"refused"}
{"ev":"refused","flow":92}
{"age_ms":26,"ev":"flow_closed","flow":92,"kind":2,"reset":true,"why":"refused"}
{"ev":"refused","flow":94}
{"age_ms":33,"ev":"flow_closed","flow":94,"kind":2,"reset":true,"why":"refused"}
{"ev":"refused","flow":96}
{"age_ms":39,"ev":"flow_closed","flow":96,"kind":2,"reset":true,"why":"refused"}
{"addr":"<metal-address>:2730","bind_us":50,"ev":"d23_bind","gport":7300,"t_us":4520367338998,"why":"listen_state"}
{"ev":"leg_error","events":8216,"flow":98,"leg":0,"so_error":32}
{"age_ms":9,"ev":"flow_closed","flow":98,"kind":2,"reset":true,"why":"leg_error"}
{"ev":"d23_close","gport":7300,"t_us":4520367442949,"why":"listen_state"}
{"ev":"refused","flow":100}
{"age_ms":28,"ev":"flow_closed","flow":100,"kind":2,"reset":true,"why":"refused"}
{"ev":"refused","flow":102}
{"age_ms":39,"ev":"flow_closed","flow":102,"kind":2,"reset":true,"why":"refused"}
{"ev":"refused","flow":104}
{"age_ms":51,"ev":"flow_closed","flow":104,"kind":2,"reset":true,"why":"refused"}
{"ev":"refused","flow":106}
{"age_ms":61,"ev":"flow_closed","flow":106,"kind":2,"reset":true,"why":"refused"}
{"ev":"refused","flow":108}
{"age_ms":70,"ev":"flow_closed","flow":108,"kind":2,"reset":true,"why":"refused"}
{"ev":"refused","flow":110}
{"age_ms":76,"ev":"flow_closed","flow":110,"kind":2,"reset":true,"why":"refused"}
{"ev":"refused","flow":112}
{"age_ms":82,"ev":"flow_closed","flow":112,"kind":2,"reset":true,"why":"refused"}
{"ev":"refused","flow":114}
{"age_ms":88,"ev":"flow_closed","flow":114,"kind":2,"reset":true,"why":"refused"}
{"ev":"leg_error","events":8216,"flow":116,"leg":0,"so_error":32}
{"age_ms":93,"ev":"flow_closed","flow":116,"kind":2,"reset":true,"why":"leg_error"}
{"addr":"<metal-address>:2730","bind_us":32,"ev":"d23_bind","gport":7300,"t_us":4520367540652,"why":"listen_state"}
{"ev":"leg_error","events":8216,"flow":118,"leg":0,"so_error":32}
{"age_ms":13,"ev":"flow_closed","flow":118,"kind":2,"reset":true,"why":"leg_error"}
{"ev":"d23_close","gport":7300,"t_us":4520367643169,"why":"listen_state"}
{"ev":"refused","flow":120}
{"age_ms":28,"ev":"flow_closed","flow":120,"kind":2,"reset":true,"why":"refused"}
{"ev":"refused","flow":122}
{"age_ms":37,"ev":"flow_closed","flow":122,"kind":2,"reset":true,"why":"refused"}
{"ev":"refused","flow":124}
{"age_ms":45,"ev":"flow_closed","flow":124,"kind":2,"reset":true,"why":"refused"}
{"ev":"refused","flow":126}
{"age_ms":52,"ev":"flow_closed","flow":126,"kind":2,"reset":true,"why":"refused"}
{"ev":"refused","flow":128}
{"age_ms":61,"ev":"flow_closed","flow":128,"kind":2,"reset":true,"why":"refused"}
{"ev":"refused","flow":130}
{"age_ms":71,"ev":"flow_closed","flow":130,"kind":2,"reset":true,"why":"refused"}
{"ev":"refused","flow":132}
{"age_ms":80,"ev":"flow_closed","flow":132,"kind":2,"reset":true,"why":"refused"}
{"ev":"refused","flow":134}
{"age_ms":86,"ev":"flow_closed","flow":134,"kind":2,"reset":true,"why":"refused"}
{"ev":"refused","flow":136}
{"age_ms":92,"ev":"flow_closed","flow":136,"kind":2,"reset":true,"why":"refused"}
{"addr":"<metal-address>:2730","bind_us":27,"ev":"d23_bind","gport":7300,"t_us":4520367741625,"why":"listen_state"}
{"ev":"leg_error","events":8216,"flow":138,"leg":0,"so_error":32}
{"age_ms":9,"ev":"flow_closed","flow":138,"kind":2,"reset":true,"why":"leg_error"}
{"ev":"d23_close","gport":7300,"t_us":4520367839668,"why":"listen_state"}
{"ev":"refused","flow":140}
{"age_ms":14,"ev":"flow_closed","flow":140,"kind":2,"reset":true,"why":"refused"}
{"ev":"refused","flow":142}
{"age_ms":20,"ev":"flow_closed","flow":142,"kind":2,"reset":true,"why":"refused"}
{"ev":"refused","flow":144}
{"age_ms":26,"ev":"flow_closed","flow":144,"kind":2,"reset":true,"why":"refused"}
{"ev":"refused","flow":146}
{"age_ms":32,"ev":"flow_closed","flow":146,"kind":2,"reset":true,"why":"refused"}
{"ev":"refused","flow":148}
{"age_ms":38,"ev":"flow_closed","flow":148,"kind":2,"reset":true,"why":"refused"}
{"addr":"<metal-address>:2730","bind_us":29,"ev":"d23_bind","gport":7300,"t_us":4520367943405,"why":"listen_state"}
{"ev":"leg_error","events":8216,"flow":150,"leg":0,"so_error":32}
{"age_ms":10,"ev":"flow_closed","flow":150,"kind":2,"reset":true,"why":"leg_error"}
{"ev":"d23_close","gport":7300,"t_us":4520368044815,"why":"listen_state"}
{"ev":"refused","flow":152}
{"age_ms":28,"ev":"flow_closed","flow":152,"kind":2,"reset":true,"why":"refused"}
{"ev":"refused","flow":154}
{"age_ms":41,"ev":"flow_closed","flow":154,"kind":2,"reset":true,"why":"refused"}
{"ev":"refused","flow":156}
{"age_ms":54,"ev":"flow_closed","flow":156,"kind":2,"reset":true,"why":"refused"}
{"ev":"refused","flow":158}
{"age_ms":65,"ev":"flow_closed","flow":158,"kind":2,"reset":true,"why":"refused"}
{"ev":"refused","flow":160}
{"age_ms":75,"ev":"flow_closed","flow":160,"kind":2,"reset":true,"why":"refused"}
{"ev":"refused","flow":162}
{"age_ms":82,"ev":"flow_closed","flow":162,"kind":2,"reset":true,"why":"refused"}
{"ev":"refused","flow":164}
{"age_ms":91,"ev":"flow_closed","flow":164,"kind":2,"reset":true,"why":"refused"}
{"ev":"leg_error","events":8216,"flow":166,"leg":0,"so_error":32}
{"age_ms":97,"ev":"flow_closed","flow":166,"kind":2,"reset":true,"why":"leg_error"}
{"ev":"leg_error","events":8216,"flow":168,"leg":0,"so_error":32}
{"age_ms":102,"ev":"flow_closed","flow":168,"kind":2,"reset":true,"why":"leg_error"}
{"addr":"<metal-address>:2730","bind_us":22,"ev":"d23_bind","gport":7300,"t_us":4520368154909,"why":"listen_state"}
{"ev":"leg_error","events":8216,"flow":170,"leg":0,"so_error":32}
{"age_ms":17,"ev":"flow_closed","flow":170,"kind":2,"reset":true,"why":"leg_error"}
{"ev":"d23_close","gport":7300,"t_us":4520368246014,"why":"listen_state"}
{"ev":"refused","flow":172}
{"age_ms":28,"ev":"flow_closed","flow":172,"kind":2,"reset":true,"why":"refused"}
{"ev":"refused","flow":174}
{"age_ms":39,"ev":"flow_closed","flow":174,"kind":2,"reset":true,"why":"refused"}
{"ev":"refused","flow":176}
{"age_ms":49,"ev":"flow_closed","flow":176,"kind":2,"reset":true,"why":"refused"}
{"ev":"refused","flow":178}
{"age_ms":59,"ev":"flow_closed","flow":178,"kind":2,"reset":true,"why":"refused"}
{"ev":"refused","flow":180}
{"age_ms":66,"ev":"flow_closed","flow":180,"kind":2,"reset":true,"why":"refused"}
{"ev":"refused","flow":182}
{"age_ms":72,"ev":"flow_closed","flow":182,"kind":2,"reset":true,"why":"refused"}
{"ev":"refused","flow":184}
{"age_ms":78,"ev":"flow_closed","flow":184,"kind":2,"reset":true,"why":"refused"}
{"ev":"refused","flow":186}
{"age_ms":84,"ev":"flow_closed","flow":186,"kind":2,"reset":true,"why":"refused"}
{"ev":"refused","flow":188}
{"age_ms":90,"ev":"flow_closed","flow":188,"kind":2,"reset":true,"why":"refused"}
{"addr":"<metal-address>:2730","bind_us":23,"ev":"d23_bind","gport":7300,"t_us":4520368342651,"why":"listen_state"}
{"ev":"leg_error","events":8216,"flow":190,"leg":0,"so_error":32}
{"age_ms":8,"ev":"flow_closed","flow":190,"kind":2,"reset":true,"why":"leg_error"}
{"ev":"d23_close","gport":7300,"t_us":4520368442006,"why":"listen_state"}
{"ev":"refused","flow":192}
{"age_ms":15,"ev":"flow_closed","flow":192,"kind":2,"reset":true,"why":"refused"}
{"ev":"refused","flow":194}
{"age_ms":21,"ev":"flow_closed","flow":194,"kind":2,"reset":true,"why":"refused"}
{"ev":"refused","flow":196}
{"age_ms":27,"ev":"flow_closed","flow":196,"kind":2,"reset":true,"why":"refused"}
{"ev":"refused","flow":198}
{"age_ms":33,"ev":"flow_closed","flow":198,"kind":2,"reset":true,"why":"refused"}
{"ev":"refused","flow":200}
{"age_ms":39,"ev":"flow_closed","flow":200,"kind":2,"reset":true,"why":"refused"}
{"addr":"<metal-address>:2730","bind_us":30,"ev":"d23_bind","gport":7300,"t_us":4520368545468,"why":"listen_state"}
{"ev":"leg_error","events":8216,"flow":202,"leg":0,"so_error":32}
{"age_ms":14,"ev":"flow_closed","flow":202,"kind":2,"reset":true,"why":"leg_error"}
{"ev":"d23_close","gport":7300,"t_us":4520368646909,"why":"listen_state"}
{"ev":"refused","flow":204}
{"age_ms":29,"ev":"flow_closed","flow":204,"kind":2,"reset":true,"why":"refused"}
{"ev":"refused","flow":206}
{"age_ms":41,"ev":"flow_closed","flow":206,"kind":2,"reset":true,"why":"refused"}
{"ev":"refused","flow":208}
{"age_ms":51,"ev":"flow_closed","flow":208,"kind":2,"reset":true,"why":"refused"}
{"ev":"refused","flow":210}
{"age_ms":61,"ev":"flow_closed","flow":210,"kind":2,"reset":true,"why":"refused"}
{"ev":"refused","flow":212}
{"age_ms":69,"ev":"flow_closed","flow":212,"kind":2,"reset":true,"why":"refused"}
{"ev":"refused","flow":214}
{"age_ms":76,"ev":"flow_closed","flow":214,"kind":2,"reset":true,"why":"refused"}
{"ev":"refused","flow":216}
{"age_ms":83,"ev":"flow_closed","flow":216,"kind":2,"reset":true,"why":"refused"}
{"ev":"refused","flow":218}
{"age_ms":90,"ev":"flow_closed","flow":218,"kind":2,"reset":true,"why":"refused"}
{"ev":"leg_error","events":8216,"flow":220,"leg":0,"so_error":32}
{"age_ms":95,"ev":"flow_closed","flow":220,"kind":2,"reset":true,"why":"leg_error"}
{"addr":"<metal-address>:2730","bind_us":24,"ev":"d23_bind","gport":7300,"t_us":4520368753464,"why":"listen_state"}
{"ev":"leg_error","events":8216,"flow":222,"leg":0,"so_error":32}
{"age_ms":17,"ev":"flow_closed","flow":222,"kind":2,"reset":true,"why":"leg_error"}
{"ev":"d23_close","gport":7300,"t_us":4520368847595,"why":"listen_state"}
{"ev":"refused","flow":224}
{"age_ms":26,"ev":"flow_closed","flow":224,"kind":2,"reset":true,"why":"refused"}
{"ev":"refused","flow":226}
{"age_ms":35,"ev":"flow_closed","flow":226,"kind":2,"reset":true,"why":"refused"}
{"ev":"refused","flow":228}
{"age_ms":44,"ev":"flow_closed","flow":228,"kind":2,"reset":true,"why":"refused"}
{"ev":"refused","flow":230}
{"age_ms":51,"ev":"flow_closed","flow":230,"kind":2,"reset":true,"why":"refused"}
{"ev":"refused","flow":232}
{"age_ms":62,"ev":"flow_closed","flow":232,"kind":2,"reset":true,"why":"refused"}
{"ev":"refused","flow":234}
{"age_ms":71,"ev":"flow_closed","flow":234,"kind":2,"reset":true,"why":"refused"}
{"ev":"refused","flow":236}
{"age_ms":78,"ev":"flow_closed","flow":236,"kind":2,"reset":true,"why":"refused"}
{"ev":"refused","flow":238}
{"age_ms":85,"ev":"flow_closed","flow":238,"kind":2,"reset":true,"why":"refused"}
{"ev":"refused","flow":240}
{"age_ms":91,"ev":"flow_closed","flow":240,"kind":2,"reset":true,"why":"refused"}
{"addr":"<metal-address>:2730","bind_us":24,"ev":"d23_bind","gport":7300,"t_us":4520368943728,"why":"listen_state"}
{"ev":"leg_error","events":8216,"flow":242,"leg":0,"so_error":32}
{"age_ms":7,"ev":"flow_closed","flow":242,"kind":2,"reset":true,"why":"leg_error"}
{"ev":"d23_close","gport":7300,"t_us":4520369043762,"why":"listen_state"}
{"ev":"refused","flow":244}
{"age_ms":14,"ev":"flow_closed","flow":244,"kind":2,"reset":true,"why":"refused"}
{"ev":"refused","flow":246}
{"age_ms":21,"ev":"flow_closed","flow":246,"kind":2,"reset":true,"why":"refused"}
{"ev":"refused","flow":248}
{"age_ms":27,"ev":"flow_closed","flow":248,"kind":2,"reset":true,"why":"refused"}
{"ev":"refused","flow":250}
{"age_ms":33,"ev":"flow_closed","flow":250,"kind":2,"reset":true,"why":"refused"}
{"ev":"refused","flow":252}
{"age_ms":39,"ev":"flow_closed","flow":252,"kind":2,"reset":true,"why":"refused"}
{"addr":"<metal-address>:2730","bind_us":31,"ev":"d23_bind","gport":7300,"t_us":4520369147439,"why":"listen_state"}
{"ev":"leg_error","events":8216,"flow":254,"leg":0,"so_error":32}
{"age_ms":13,"ev":"flow_closed","flow":254,"kind":2,"reset":true,"why":"leg_error"}
{"ev":"d23_close","gport":7300,"t_us":4520369248539,"why":"listen_state"}
{"ev":"refused","flow":256}
{"age_ms":30,"ev":"flow_closed","flow":256,"kind":2,"reset":true,"why":"refused"}
{"ev":"refused","flow":258}
{"age_ms":42,"ev":"flow_closed","flow":258,"kind":2,"reset":true,"why":"refused"}
{"ev":"refused","flow":260}
{"age_ms":53,"ev":"flow_closed","flow":260,"kind":2,"reset":true,"why":"refused"}
{"ev":"refused","flow":262}
{"age_ms":64,"ev":"flow_closed","flow":262,"kind":2,"reset":true,"why":"refused"}
{"ev":"refused","flow":264}
{"age_ms":74,"ev":"flow_closed","flow":264,"kind":2,"reset":true,"why":"refused"}
{"ev":"refused","flow":266}
{"age_ms":82,"ev":"flow_closed","flow":266,"kind":2,"reset":true,"why":"refused"}
{"ev":"refused","flow":268}
{"age_ms":88,"ev":"flow_closed","flow":268,"kind":2,"reset":true,"why":"refused"}
{"ev":"refused","flow":270}
{"age_ms":95,"ev":"flow_closed","flow":270,"kind":2,"reset":true,"why":"refused"}
{"ev":"leg_error","events":8216,"flow":272,"leg":0,"so_error":32}
{"age_ms":102,"ev":"flow_closed","flow":272,"kind":2,"reset":true,"why":"leg_error"}
{"addr":"<metal-address>:2730","bind_us":23,"ev":"d23_bind","gport":7300,"t_us":4520369360193,"why":"listen_state"}
{"ev":"leg_error","events":8216,"flow":274,"leg":0,"so_error":32}
{"age_ms":15,"ev":"flow_closed","flow":274,"kind":2,"reset":true,"why":"leg_error"}
{"ev":"d23_close","gport":7300,"t_us":4520369445702,"why":"listen_state"}
{"ev":"refused","flow":276}
{"age_ms":17,"ev":"flow_closed","flow":276,"kind":2,"reset":true,"why":"refused"}
{"ev":"refused","flow":278}
{"age_ms":25,"ev":"flow_closed","flow":278,"kind":2,"reset":true,"why":"refused"}
{"ev":"refused","flow":280}
{"age_ms":32,"ev":"flow_closed","flow":280,"kind":2,"reset":true,"why":"refused"}
{"ev":"refused","flow":282}
{"age_ms":39,"ev":"flow_closed","flow":282,"kind":2,"reset":true,"why":"refused"}
{"ev":"refused","flow":284}
{"age_ms":46,"ev":"flow_closed","flow":284,"kind":2,"reset":true,"why":"refused"}
{"ev":"refused","flow":286}
{"age_ms":53,"ev":"flow_closed","flow":286,"kind":2,"reset":true,"why":"refused"}
{"addr":"<metal-address>:2730","bind_us":42,"ev":"d23_bind","gport":7300,"t_us":4520369547752,"why":"listen_state"}
{"ev":"leg_error","events":8216,"flow":288,"leg":0,"so_error":32}
{"age_ms":11,"ev":"flow_closed","flow":288,"kind":2,"reset":true,"why":"leg_error"}
{"ev":"d23_close","gport":7300,"t_us":4520369649498,"why":"listen_state"}
{"ev":"refused","flow":290}
{"age_ms":28,"ev":"flow_closed","flow":290,"kind":2,"reset":true,"why":"refused"}
{"ev":"refused","flow":292}
{"age_ms":39,"ev":"flow_closed","flow":292,"kind":2,"reset":true,"why":"refused"}
{"ev":"refused","flow":294}
{"age_ms":48,"ev":"flow_closed","flow":294,"kind":2,"reset":true,"why":"refused"}
{"ev":"refused","flow":296}
{"age_ms":55,"ev":"flow_closed","flow":296,"kind":2,"reset":true,"why":"refused"}
{"ev":"refused","flow":298}
{"age_ms":63,"ev":"flow_closed","flow":298,"kind":2,"reset":true,"why":"refused"}
{"ev":"refused","flow":300}
{"age_ms":70,"ev":"flow_closed","flow":300,"kind":2,"reset":true,"why":"refused"}
{"ev":"refused","flow":302}
{"age_ms":80,"ev":"flow_closed","flow":302,"kind":2,"reset":true,"why":"refused"}
{"ev":"refused","flow":304}
{"age_ms":91,"ev":"flow_closed","flow":304,"kind":2,"reset":true,"why":"refused"}
{"ev":"leg_error","events":8216,"flow":306,"leg":0,"so_error":32}
{"age_ms":98,"ev":"flow_closed","flow":306,"kind":2,"reset":true,"why":"leg_error"}
{"addr":"<metal-address>:2730","bind_us":37,"ev":"d23_bind","gport":7300,"t_us":4520369754600,"why":"listen_state"}
{"ev":"leg_error","events":8216,"flow":308,"leg":0,"so_error":32}
{"age_ms":14,"ev":"flow_closed","flow":308,"kind":2,"reset":true,"why":"leg_error"}
{"ev":"d23_close","gport":7300,"t_us":4520369845555,"why":"listen_state"}
{"ev":"refused","flow":310}
{"age_ms":14,"ev":"flow_closed","flow":310,"kind":2,"reset":true,"why":"refused"}
{"ev":"refused","flow":312}
{"age_ms":20,"ev":"flow_closed","flow":312,"kind":2,"reset":true,"why":"refused"}
{"ev":"refused","flow":314}
{"age_ms":27,"ev":"flow_closed","flow":314,"kind":2,"reset":true,"why":"refused"}
{"ev":"refused","flow":316}
{"age_ms":33,"ev":"flow_closed","flow":316,"kind":2,"reset":true,"why":"refused"}
{"ev":"refused","flow":318}
{"age_ms":39,"ev":"flow_closed","flow":318,"kind":2,"reset":true,"why":"refused"}
{"addr":"<metal-address>:2730","bind_us":54,"ev":"d23_bind","gport":7300,"t_us":4520369946990,"why":"listen_state"}
{"ev":"leg_error","events":8216,"flow":320,"leg":0,"so_error":32}
{"age_ms":9,"ev":"flow_closed","flow":320,"kind":2,"reset":true,"why":"leg_error"}
{"ev":"d23_close","gport":7300,"t_us":4520370050921,"why":"listen_state"}
{"ev":"refused","flow":322}
{"age_ms":29,"ev":"flow_closed","flow":322,"kind":2,"reset":true,"why":"refused"}
{"ev":"refused","flow":324}
{"age_ms":40,"ev":"flow_closed","flow":324,"kind":2,"reset":true,"why":"refused"}
{"ev":"refused","flow":326}
{"age_ms":51,"ev":"flow_closed","flow":326,"kind":2,"reset":true,"why":"refused"}
{"ev":"refused","flow":328}
{"age_ms":62,"ev":"flow_closed","flow":328,"kind":2,"reset":true,"why":"refused"}
{"ev":"refused","flow":330}
{"age_ms":71,"ev":"flow_closed","flow":330,"kind":2,"reset":true,"why":"refused"}
{"ev":"refused","flow":332}
{"age_ms":77,"ev":"flow_closed","flow":332,"kind":2,"reset":true,"why":"refused"}
{"ev":"refused","flow":334}
{"age_ms":83,"ev":"flow_closed","flow":334,"kind":2,"reset":true,"why":"refused"}
{"ev":"refused","flow":336}
{"age_ms":89,"ev":"flow_closed","flow":336,"kind":2,"reset":true,"why":"refused"}
{"ev":"refused","flow":338}
{"age_ms":92,"ev":"flow_closed","flow":338,"kind":2,"reset":true,"why":"refused"}
{"addr":"<metal-address>:2730","bind_us":54,"ev":"d23_bind","gport":7300,"t_us":4520371193099,"why":"listen_state"}
{"ev":"leg_error","events":8216,"flow":340,"leg":0,"so_error":32}
{"age_ms":1,"ev":"flow_closed","flow":340,"kind":2,"reset":true,"why":"leg_error"}
{"ev":"d23_close","gport":7300,"t_us":4520371293489,"why":"listen_state"}
{"addr":"<metal-address>:2730","bind_us":68,"ev":"d23_bind","gport":7300,"t_us":4520371393792,"why":"listen_state"}
{"ev":"leg_error","events":8216,"flow":342,"leg":0,"so_error":32}
{"age_ms":1,"ev":"flow_closed","flow":342,"kind":2,"reset":true,"why":"leg_error"}
{"ev":"d23_close","gport":7300,"t_us":4520371494251,"why":"listen_state"}
{"addr":"<metal-address>:2730","bind_us":68,"ev":"d23_bind","gport":7300,"t_us":4520371594449,"why":"listen_state"}
{"ev":"leg_error","events":8216,"flow":344,"leg":0,"so_error":32}
{"age_ms":1,"ev":"flow_closed","flow":344,"kind":2,"reset":true,"why":"leg_error"}
{"ev":"d23_close","gport":7300,"t_us":4520371695315,"why":"listen_state"}
{"addr":"<metal-address>:2730","bind_us":214,"ev":"d23_bind","gport":7300,"t_us":4520371795495,"why":"listen_state"}
{"ev":"leg_error","events":8216,"flow":346,"leg":0,"so_error":32}
{"age_ms":1,"ev":"flow_closed","flow":346,"kind":2,"reset":true,"why":"leg_error"}
{"ev":"d23_close","gport":7300,"t_us":4520371896206,"why":"listen_state"}
{"addr":"<metal-address>:2730","bind_us":113,"ev":"d23_bind","gport":7300,"t_us":4520371996401,"why":"listen_state"}
{"ev":"leg_error","events":8216,"flow":348,"leg":0,"so_error":32}
{"age_ms":1,"ev":"flow_closed","flow":348,"kind":2,"reset":true,"why":"leg_error"}
{"ev":"d23_close","gport":7300,"t_us":4520372096914,"why":"listen_state"}
{"addr":"<metal-address>:2730","bind_us":61,"ev":"d23_bind","gport":7300,"t_us":4520372197165,"why":"listen_state"}
{"ev":"leg_error","events":8216,"flow":350,"leg":0,"so_error":32}
{"age_ms":1,"ev":"flow_closed","flow":350,"kind":2,"reset":true,"why":"leg_error"}
{"ev":"d23_close","gport":7300,"t_us":4520372297721,"why":"listen_state"}
{"addr":"<metal-address>:2730","bind_us":80,"ev":"d23_bind","gport":7300,"t_us":4520372397943,"why":"listen_state"}
{"ev":"leg_error","events":8216,"flow":352,"leg":0,"so_error":32}
{"age_ms":1,"ev":"flow_closed","flow":352,"kind":2,"reset":true,"why":"leg_error"}
{"ev":"d23_close","gport":7300,"t_us":4520372498440,"why":"listen_state"}
{"addr":"<metal-address>:2730","bind_us":66,"ev":"d23_bind","gport":7300,"t_us":4520372598758,"why":"listen_state"}
{"ev":"leg_error","events":8216,"flow":354,"leg":0,"so_error":32}
{"age_ms":1,"ev":"flow_closed","flow":354,"kind":2,"reset":true,"why":"leg_error"}
{"ev":"d23_close","gport":7300,"t_us":4520372699710,"why":"listen_state"}
{"addr":"<metal-address>:2730","bind_us":79,"ev":"d23_bind","gport":7300,"t_us":4520372799862,"why":"listen_state"}
{"ev":"leg_error","events":8216,"flow":356,"leg":0,"so_error":32}
{"age_ms":1,"ev":"flow_closed","flow":356,"kind":2,"reset":true,"why":"leg_error"}
{"ev":"d23_close","gport":7300,"t_us":4520372900425,"why":"listen_state"}
{"addr":"<metal-address>:2730","bind_us":61,"ev":"d23_bind","gport":7300,"t_us":4520373000692,"why":"listen_state"}
{"ev":"leg_error","events":8216,"flow":358,"leg":0,"so_error":32}
{"age_ms":1,"ev":"flow_closed","flow":358,"kind":2,"reset":true,"why":"leg_error"}
{"ev":"d23_close","gport":7300,"t_us":4520373101289,"why":"listen_state"}
{"addr":"<metal-address>:2730","bind_us":68,"ev":"d23_bind","gport":7300,"t_us":4520373201520,"why":"listen_state"}
{"ev":"leg_error","events":8216,"flow":360,"leg":0,"so_error":32}
{"age_ms":1,"ev":"flow_closed","flow":360,"kind":2,"reset":true,"why":"leg_error"}
{"ev":"d23_close","gport":7300,"t_us":4520373302168,"why":"listen_state"}
{"addr":"<metal-address>:2730","bind_us":69,"ev":"d23_bind","gport":7300,"t_us":4520373402373,"why":"listen_state"}
{"ev":"leg_error","events":8200,"flow":362,"leg":0,"so_error":32}
{"age_ms":1,"ev":"flow_closed","flow":362,"kind":2,"reset":true,"why":"leg_error"}
{"ev":"d23_close","gport":7300,"t_us":4520373502943,"why":"listen_state"}
{"addr":"<metal-address>:2730","bind_us":68,"ev":"d23_bind","gport":7300,"t_us":4520373603152,"why":"listen_state"}
{"ev":"leg_error","events":8216,"flow":364,"leg":0,"so_error":32}
{"age_ms":1,"ev":"flow_closed","flow":364,"kind":2,"reset":true,"why":"leg_error"}
{"ev":"d23_close","gport":7300,"t_us":4520373703964,"why":"listen_state"}
{"addr":"<metal-address>:2730","bind_us":111,"ev":"d23_bind","gport":7300,"t_us":4520373804150,"why":"listen_state"}
{"ev":"leg_error","events":8216,"flow":366,"leg":0,"so_error":32}
{"age_ms":1,"ev":"flow_closed","flow":366,"kind":2,"reset":true,"why":"leg_error"}
{"ev":"d23_close","gport":7300,"t_us":4520373904465,"why":"listen_state"}
{"addr":"<metal-address>:2730","bind_us":67,"ev":"d23_bind","gport":7300,"t_us":4520374004805,"why":"listen_state"}
{"ev":"leg_error","events":8216,"flow":368,"leg":0,"so_error":32}
{"age_ms":1,"ev":"flow_closed","flow":368,"kind":2,"reset":true,"why":"leg_error"}
{"ev":"d23_close","gport":7300,"t_us":4520374105124,"why":"listen_state"}
{"addr":"<metal-address>:2730","bind_us":68,"ev":"d23_bind","gport":7300,"t_us":4520374205430,"why":"listen_state"}
{"ev":"leg_error","events":8216,"flow":370,"leg":0,"so_error":32}
{"age_ms":1,"ev":"flow_closed","flow":370,"kind":2,"reset":true,"why":"leg_error"}
{"ev":"d23_close","gport":7300,"t_us":4520374305927,"why":"listen_state"}
{"addr":"<metal-address>:2730","bind_us":68,"ev":"d23_bind","gport":7300,"t_us":4520374406225,"why":"listen_state"}
{"ev":"leg_error","events":8216,"flow":372,"leg":0,"so_error":32}
{"age_ms":1,"ev":"flow_closed","flow":372,"kind":2,"reset":true,"why":"leg_error"}
{"ev":"d23_close","gport":7300,"t_us":4520374506545,"why":"listen_state"}
{"addr":"<metal-address>:2730","bind_us":69,"ev":"d23_bind","gport":7300,"t_us":4520374606915,"why":"listen_state"}
{"ev":"leg_error","events":8216,"flow":374,"leg":0,"so_error":32}
{"age_ms":1,"ev":"flow_closed","flow":374,"kind":2,"reset":true,"why":"leg_error"}
{"ev":"d23_close","gport":7300,"t_us":4520374707531,"why":"listen_state"}
{"addr":"<metal-address>:2730","bind_us":116,"ev":"d23_bind","gport":7300,"t_us":4520374807777,"why":"listen_state"}
{"ev":"leg_error","events":8216,"flow":376,"leg":0,"so_error":32}
{"age_ms":1,"ev":"flow_closed","flow":376,"kind":2,"reset":true,"why":"leg_error"}
{"ev":"d23_close","gport":7300,"t_us":4520374908426,"why":"listen_state"}
{"addr":"<metal-address>:2730","bind_us":137,"ev":"d23_bind","gport":7300,"t_us":4520375008704,"why":"listen_state"}
{"ev":"leg_error","events":8216,"flow":378,"leg":0,"so_error":32}
{"age_ms":1,"ev":"flow_closed","flow":378,"kind":2,"reset":true,"why":"leg_error"}
{"ev":"d23_close","gport":7300,"t_us":4520375109276,"why":"listen_state"}
{"addr":"<metal-address>:2730","bind_us":67,"ev":"d23_bind","gport":7300,"t_us":4520375209494,"why":"listen_state"}
{"ev":"leg_error","events":8216,"flow":380,"leg":0,"so_error":32}
{"age_ms":1,"ev":"flow_closed","flow":380,"kind":2,"reset":true,"why":"leg_error"}
{"ev":"d23_close","gport":7300,"t_us":4520375310204,"why":"listen_state"}
{"addr":"<metal-address>:2730","bind_us":69,"ev":"d23_bind","gport":7300,"t_us":4520375410439,"why":"listen_state"}
{"ev":"leg_error","events":8216,"flow":382,"leg":0,"so_error":32}
{"age_ms":1,"ev":"flow_closed","flow":382,"kind":2,"reset":true,"why":"leg_error"}
{"ev":"d23_close","gport":7300,"t_us":4520375511041,"why":"listen_state"}
{"addr":"<metal-address>:2730","bind_us":67,"ev":"d23_bind","gport":7300,"t_us":4520375611277,"why":"listen_state"}
{"ev":"leg_error","events":8216,"flow":384,"leg":0,"so_error":32}
{"age_ms":1,"ev":"flow_closed","flow":384,"kind":2,"reset":true,"why":"leg_error"}
{"ev":"d23_close","gport":7300,"t_us":4520375712240,"why":"listen_state"}
{"addr":"<metal-address>:2730","bind_us":113,"ev":"d23_bind","gport":7300,"t_us":4520375812467,"why":"listen_state"}
{"ev":"leg_error","events":8216,"flow":386,"leg":0,"so_error":32}
{"age_ms":1,"ev":"flow_closed","flow":386,"kind":2,"reset":true,"why":"leg_error"}
{"ev":"d23_close","gport":7300,"t_us":4520375913274,"why":"listen_state"}
{"addr":"<metal-address>:2730","bind_us":115,"ev":"d23_bind","gport":7300,"t_us":4520376013490,"why":"listen_state"}
{"ev":"leg_error","events":8216,"flow":388,"leg":0,"so_error":32}
{"age_ms":1,"ev":"flow_closed","flow":388,"kind":2,"reset":true,"why":"leg_error"}
{"ev":"d23_close","gport":7300,"t_us":4520376114198,"why":"listen_state"}
{"addr":"<metal-address>:2730","bind_us":68,"ev":"d23_bind","gport":7300,"t_us":4520376214413,"why":"listen_state"}
{"ev":"leg_error","events":8216,"flow":390,"leg":0,"so_error":32}
{"age_ms":1,"ev":"flow_closed","flow":390,"kind":2,"reset":true,"why":"leg_error"}
{"ev":"d23_close","gport":7300,"t_us":4520376314959,"why":"listen_state"}
{"addr":"<metal-address>:2730","bind_us":72,"ev":"d23_bind","gport":7300,"t_us":4520376415204,"why":"listen_state"}
{"ev":"leg_error","events":8216,"flow":392,"leg":0,"so_error":32}
{"age_ms":1,"ev":"flow_closed","flow":392,"kind":2,"reset":true,"why":"leg_error"}
{"ev":"d23_close","gport":7300,"t_us":4520376515768,"why":"listen_state"}
{"addr":"<metal-address>:2730","bind_us":68,"ev":"d23_bind","gport":7300,"t_us":4520376616029,"why":"listen_state"}
{"ev":"leg_error","events":8216,"flow":394,"leg":0,"so_error":32}
{"age_ms":1,"ev":"flow_closed","flow":394,"kind":2,"reset":true,"why":"leg_error"}
{"ev":"d23_close","gport":7300,"t_us":4520376716620,"why":"listen_state"}
{"addr":"<metal-address>:2730","bind_us":177,"ev":"d23_bind","gport":7300,"t_us":4520376816862,"why":"listen_state"}
{"ev":"leg_error","events":8216,"flow":396,"leg":0,"so_error":32}
{"age_ms":1,"ev":"flow_closed","flow":396,"kind":2,"reset":true,"why":"leg_error"}
{"ev":"d23_close","gport":7300,"t_us":4520376917326,"why":"listen_state"}
{"addr":"<metal-address>:2730","bind_us":156,"ev":"d23_bind","gport":7300,"t_us":4520377017575,"why":"listen_state"}
{"ev":"leg_error","events":8216,"flow":398,"leg":0,"so_error":32}
{"age_ms":1,"ev":"flow_closed","flow":398,"kind":2,"reset":true,"why":"leg_error"}
{"ev":"d23_close","gport":7300,"t_us":4520377118267,"why":"listen_state"}
{"addr":"<metal-address>:2730","bind_us":69,"ev":"d23_bind","gport":7300,"t_us":4520377218516,"why":"listen_state"}
{"ev":"leg_error","events":8216,"flow":400,"leg":0,"so_error":32}
{"age_ms":1,"ev":"flow_closed","flow":400,"kind":2,"reset":true,"why":"leg_error"}
{"ev":"d23_close","gport":7300,"t_us":4520377319225,"why":"listen_state"}
{"addr":"<metal-address>:2730","bind_us":70,"ev":"d23_bind","gport":7300,"t_us":4520377419507,"why":"listen_state"}
{"ev":"leg_error","events":8216,"flow":402,"leg":0,"so_error":32}
{"age_ms":1,"ev":"flow_closed","flow":402,"kind":2,"reset":true,"why":"leg_error"}
{"ev":"d23_close","gport":7300,"t_us":4520377520296,"why":"listen_state"}
{"addr":"<metal-address>:2730","bind_us":76,"ev":"d23_bind","gport":7300,"t_us":4520377620620,"why":"listen_state"}
{"ev":"leg_error","events":8216,"flow":404,"leg":0,"so_error":32}
{"age_ms":1,"ev":"flow_closed","flow":404,"kind":2,"reset":true,"why":"leg_error"}
{"ev":"d23_close","gport":7300,"t_us":4520377721362,"why":"listen_state"}
{"addr":"<metal-address>:2730","bind_us":165,"ev":"d23_bind","gport":7300,"t_us":4520377821559,"why":"listen_state"}
{"ev":"leg_error","events":8216,"flow":406,"leg":0,"so_error":32}
{"age_ms":1,"ev":"flow_closed","flow":406,"kind":2,"reset":true,"why":"leg_error"}
{"ev":"d23_close","gport":7300,"t_us":4520377922207,"why":"listen_state"}
{"addr":"<metal-address>:2730","bind_us":65,"ev":"d23_bind","gport":7300,"t_us":4520378022441,"why":"listen_state"}
{"ev":"leg_error","events":8216,"flow":408,"leg":0,"so_error":32}
{"age_ms":1,"ev":"flow_closed","flow":408,"kind":2,"reset":true,"why":"leg_error"}
{"ev":"d23_close","gport":7300,"t_us":4520378123063,"why":"listen_state"}
{"addr":"<metal-address>:2730","bind_us":68,"ev":"d23_bind","gport":7300,"t_us":4520378223291,"why":"listen_state"}
{"ev":"leg_error","events":8192,"flow":410,"leg":0,"so_error":32}
{"age_ms":1,"ev":"flow_closed","flow":410,"kind":2,"reset":true,"why":"leg_error"}
{"ev":"d23_close","gport":7300,"t_us":4520378323827,"why":"listen_state"}
{"addr":"<metal-address>:2730","bind_us":68,"ev":"d23_bind","gport":7300,"t_us":4520378424073,"why":"listen_state"}
{"ev":"leg_error","events":8216,"flow":412,"leg":0,"so_error":32}
{"age_ms":1,"ev":"flow_closed","flow":412,"kind":2,"reset":true,"why":"leg_error"}
{"ev":"d23_close","gport":7300,"t_us":4520378524478,"why":"listen_state"}
{"addr":"<metal-address>:2730","bind_us":67,"ev":"d23_bind","gport":7300,"t_us":4520378624743,"why":"listen_state"}
{"ev":"leg_error","events":8216,"flow":414,"leg":0,"so_error":32}
{"age_ms":1,"ev":"flow_closed","flow":414,"kind":2,"reset":true,"why":"leg_error"}
{"ev":"d23_close","gport":7300,"t_us":4520378725200,"why":"listen_state"}
{"addr":"<metal-address>:2730","bind_us":114,"ev":"d23_bind","gport":7300,"t_us":4520378825390,"why":"listen_state"}
{"ev":"leg_error","events":8216,"flow":416,"leg":0,"so_error":32}
{"age_ms":1,"ev":"flow_closed","flow":416,"kind":2,"reset":true,"why":"leg_error"}
{"ev":"d23_close","gport":7300,"t_us":4520378926245,"why":"listen_state"}
{"addr":"<metal-address>:2730","bind_us":131,"ev":"d23_bind","gport":7300,"t_us":4520379026571,"why":"listen_state"}
{"ev":"leg_error","events":8216,"flow":418,"leg":0,"so_error":32}
{"age_ms":1,"ev":"flow_closed","flow":418,"kind":2,"reset":true,"why":"leg_error"}
{"ev":"d23_close","gport":7300,"t_us":4520379126971,"why":"listen_state"}
{"addr":"<metal-address>:2730","bind_us":66,"ev":"d23_bind","gport":7300,"t_us":4520379227245,"why":"listen_state"}
{"ev":"leg_error","events":8216,"flow":420,"leg":0,"so_error":32}
{"age_ms":1,"ev":"flow_closed","flow":420,"kind":2,"reset":true,"why":"leg_error"}
{"ev":"d23_close","gport":7300,"t_us":4520379328260,"why":"listen_state"}
{"addr":"<metal-address>:2730","bind_us":72,"ev":"d23_bind","gport":7300,"t_us":4520379428543,"why":"listen_state"}
{"ev":"leg_error","events":8216,"flow":422,"leg":0,"so_error":32}
{"age_ms":1,"ev":"flow_closed","flow":422,"kind":2,"reset":true,"why":"leg_error"}
{"ev":"d23_close","gport":7300,"t_us":4520379529000,"why":"listen_state"}
{"addr":"<metal-address>:2730","bind_us":67,"ev":"d23_bind","gport":7300,"t_us":4520379629230,"why":"listen_state"}
{"ev":"leg_error","events":8216,"flow":424,"leg":0,"so_error":32}
{"age_ms":1,"ev":"flow_closed","flow":424,"kind":2,"reset":true,"why":"leg_error"}
{"ev":"d23_close","gport":7300,"t_us":4520379729669,"why":"listen_state"}
{"addr":"<metal-address>:2730","bind_us":114,"ev":"d23_bind","gport":7300,"t_us":4520379829883,"why":"listen_state"}
{"ev":"leg_error","events":8216,"flow":426,"leg":0,"so_error":32}
{"age_ms":1,"ev":"flow_closed","flow":426,"kind":2,"reset":true,"why":"leg_error"}
{"ev":"d23_close","gport":7300,"t_us":4520379930649,"why":"listen_state"}
{"addr":"<metal-address>:2730","bind_us":127,"ev":"d23_bind","gport":7300,"t_us":4520380030893,"why":"listen_state"}
{"ev":"leg_error","events":8216,"flow":428,"leg":0,"so_error":32}
{"age_ms":1,"ev":"flow_closed","flow":428,"kind":2,"reset":true,"why":"leg_error"}
{"ev":"d23_close","gport":7300,"t_us":4520380131518,"why":"listen_state"}
{"addr":"<metal-address>:2730","bind_us":61,"ev":"d23_bind","gport":7300,"t_us":4520380231739,"why":"listen_state"}
{"ev":"leg_error","events":8216,"flow":430,"leg":0,"so_error":32}
{"age_ms":1,"ev":"flow_closed","flow":430,"kind":2,"reset":true,"why":"leg_error"}
{"ev":"d23_close","gport":7300,"t_us":4520380332130,"why":"listen_state"}
{"addr":"<metal-address>:2730","bind_us":70,"ev":"d23_bind","gport":7300,"t_us":4520380432429,"why":"listen_state"}
{"ev":"leg_error","events":8216,"flow":432,"leg":0,"so_error":32}
{"age_ms":1,"ev":"flow_closed","flow":432,"kind":2,"reset":true,"why":"leg_error"}
{"ev":"d23_close","gport":7300,"t_us":4520380532815,"why":"listen_state"}
{"addr":"<metal-address>:2730","bind_us":57,"ev":"d23_bind","gport":7300,"t_us":4520380632996,"why":"listen_state"}
{"ev":"leg_error","events":8216,"flow":434,"leg":0,"so_error":32}
{"age_ms":1,"ev":"flow_closed","flow":434,"kind":2,"reset":true,"why":"leg_error"}
{"ev":"d23_close","gport":7300,"t_us":4520380733498,"why":"listen_state"}
{"addr":"<metal-address>:2730","bind_us":54,"ev":"d23_bind","gport":7300,"t_us":4520380833883,"why":"listen_state"}
{"ev":"leg_error","events":8216,"flow":436,"leg":0,"so_error":32}
{"age_ms":1,"ev":"flow_closed","flow":436,"kind":2,"reset":true,"why":"leg_error"}
{"ev":"d23_close","gport":7300,"t_us":4520380934254,"why":"listen_state"}
{"addr":"<metal-address>:2730","bind_us":57,"ev":"d23_bind","gport":7300,"t_us":4520381034548,"why":"listen_state"}
{"ev":"leg_error","events":8216,"flow":438,"leg":0,"so_error":32}
{"age_ms":1,"ev":"flow_closed","flow":438,"kind":2,"reset":true,"why":"leg_error"}
{"ev":"d23_close","gport":7300,"t_us":4520381134991,"why":"listen_state"}
{"addr":"<metal-address>:2730","bind_us":59,"ev":"d23_bind","gport":7300,"t_us":4520381235246,"why":"listen_state"}
{"ev":"leg_error","events":8216,"flow":440,"leg":0,"so_error":32}
{"age_ms":0,"ev":"flow_closed","flow":440,"kind":2,"reset":true,"why":"leg_error"}
{"ev":"d23_close","gport":7300,"t_us":4520381335512,"why":"listen_state"}
{"addr":"<metal-address>:2730","bind_us":68,"ev":"d23_bind","gport":7300,"t_us":4520381435809,"why":"listen_state"}
{"ev":"leg_error","events":8216,"flow":442,"leg":0,"so_error":32}
{"age_ms":1,"ev":"flow_closed","flow":442,"kind":2,"reset":true,"why":"leg_error"}
{"ev":"d23_close","gport":7300,"t_us":4520381536134,"why":"listen_state"}
{"addr":"<metal-address>:2730","bind_us":53,"ev":"d23_bind","gport":7300,"t_us":4520381636290,"why":"listen_state"}
{"ev":"leg_error","events":8216,"flow":444,"leg":0,"so_error":32}
{"age_ms":1,"ev":"flow_closed","flow":444,"kind":2,"reset":true,"why":"leg_error"}
{"ev":"d23_close","gport":7300,"t_us":4520381736748,"why":"listen_state"}
{"addr":"<metal-address>:2730","bind_us":51,"ev":"d23_bind","gport":7300,"t_us":4520381837024,"why":"listen_state"}
{"ev":"leg_error","events":8216,"flow":446,"leg":0,"so_error":32}
{"age_ms":1,"ev":"flow_closed","flow":446,"kind":2,"reset":true,"why":"leg_error"}
{"ev":"d23_close","gport":7300,"t_us":4520381937866,"why":"listen_state"}
{"addr":"<metal-address>:2730","bind_us":84,"ev":"d23_bind","gport":7300,"t_us":4520382038064,"why":"listen_state"}
{"ev":"leg_error","events":8216,"flow":448,"leg":0,"so_error":32}
{"age_ms":0,"ev":"flow_closed","flow":448,"kind":2,"reset":true,"why":"leg_error"}
{"ev":"d23_close","gport":7300,"t_us":4520382138310,"why":"listen_state"}
{"addr":"<metal-address>:2730","bind_us":49,"ev":"d23_bind","gport":7300,"t_us":4520382238481,"why":"listen_state"}
{"ev":"leg_error","events":8216,"flow":450,"leg":0,"so_error":32}
{"age_ms":0,"ev":"flow_closed","flow":450,"kind":2,"reset":true,"why":"leg_error"}
{"ev":"d23_close","gport":7300,"t_us":4520382339019,"why":"listen_state"}
{"addr":"<metal-address>:2730","bind_us":85,"ev":"d23_bind","gport":7300,"t_us":4520382439239,"why":"listen_state"}
{"ev":"leg_error","events":8216,"flow":452,"leg":0,"so_error":32}
{"age_ms":0,"ev":"flow_closed","flow":452,"kind":2,"reset":true,"why":"leg_error"}
{"ev":"d23_close","gport":7300,"t_us":4520382539763,"why":"listen_state"}
{"addr":"<metal-address>:2730","bind_us":93,"ev":"d23_bind","gport":7300,"t_us":4520382639981,"why":"listen_state"}
{"ev":"leg_error","events":8216,"flow":454,"leg":0,"so_error":32}
{"age_ms":1,"ev":"flow_closed","flow":454,"kind":2,"reset":true,"why":"leg_error"}
{"ev":"d23_close","gport":7300,"t_us":4520382740586,"why":"listen_state"}
{"addr":"<metal-address>:2730","bind_us":113,"ev":"d23_bind","gport":7300,"t_us":4520382840862,"why":"listen_state"}
{"ev":"leg_error","events":8216,"flow":456,"leg":0,"so_error":32}
{"age_ms":1,"ev":"flow_closed","flow":456,"kind":2,"reset":true,"why":"leg_error"}
{"ev":"d23_close","gport":7300,"t_us":4520382941465,"why":"listen_state"}
{"addr":"<metal-address>:2730","bind_us":54,"ev":"d23_bind","gport":7300,"t_us":4520383041667,"why":"listen_state"}
{"ev":"leg_error","events":8216,"flow":458,"leg":0,"so_error":32}
{"age_ms":1,"ev":"flow_closed","flow":458,"kind":2,"reset":true,"why":"leg_error"}
{"ev":"d23_close","gport":7300,"t_us":4520383142213,"why":"listen_state"}
{"addr":"<metal-address>:2730","bind_us":67,"ev":"d23_bind","gport":7300,"t_us":4520383242397,"why":"listen_state"}
{"ev":"leg_error","events":8216,"flow":460,"leg":0,"so_error":32}
{"age_ms":1,"ev":"flow_closed","flow":460,"kind":2,"reset":true,"why":"leg_error"}
{"ev":"d23_close","gport":7300,"t_us":4520383343020,"why":"listen_state"}
{"addr":"<metal-address>:2730","bind_us":69,"ev":"d23_bind","gport":7300,"t_us":4520383443289,"why":"listen_state"}
{"ev":"leg_error","events":8216,"flow":462,"leg":0,"so_error":32}
{"age_ms":1,"ev":"flow_closed","flow":462,"kind":2,"reset":true,"why":"leg_error"}
{"ev":"d23_close","gport":7300,"t_us":4520383543961,"why":"listen_state"}
{"addr":"<metal-address>:2730","bind_us":90,"ev":"d23_bind","gport":7300,"t_us":4520383644088,"why":"listen_state"}
{"ev":"leg_error","events":8216,"flow":464,"leg":0,"so_error":32}
{"age_ms":1,"ev":"flow_closed","flow":464,"kind":2,"reset":true,"why":"leg_error"}
{"ev":"d23_close","gport":7300,"t_us":4520383744486,"why":"listen_state"}
{"addr":"<metal-address>:2730","bind_us":83,"ev":"d23_bind","gport":7300,"t_us":4520383844715,"why":"listen_state"}
{"ev":"leg_error","events":8216,"flow":466,"leg":0,"so_error":32}
{"age_ms":0,"ev":"flow_closed","flow":466,"kind":2,"reset":true,"why":"leg_error"}
{"ev":"d23_close","gport":7300,"t_us":4520383944892,"why":"listen_state"}
{"addr":"<metal-address>:2730","bind_us":88,"ev":"d23_bind","gport":7300,"t_us":4520384045112,"why":"listen_state"}
{"ev":"leg_error","events":8216,"flow":468,"leg":0,"so_error":32}
{"age_ms":0,"ev":"flow_closed","flow":468,"kind":2,"reset":true,"why":"leg_error"}
{"ev":"d23_close","gport":7300,"t_us":4520384145350,"why":"listen_state"}
{"addr":"<metal-address>:2730","bind_us":109,"ev":"d23_bind","gport":7300,"t_us":4520384245673,"why":"listen_state"}
{"ev":"leg_error","events":8216,"flow":470,"leg":0,"so_error":32}
{"age_ms":1,"ev":"flow_closed","flow":470,"kind":2,"reset":true,"why":"leg_error"}
{"ev":"d23_close","gport":7300,"t_us":4520384346437,"why":"listen_state"}
{"addr":"<metal-address>:2730","bind_us":68,"ev":"d23_bind","gport":7300,"t_us":4520384446664,"why":"listen_state"}
{"ev":"leg_error","events":8216,"flow":472,"leg":0,"so_error":32}
{"age_ms":1,"ev":"flow_closed","flow":472,"kind":2,"reset":true,"why":"leg_error"}
{"ev":"d23_close","gport":7300,"t_us":4520384547346,"why":"listen_state"}
{"addr":"<metal-address>:2730","bind_us":110,"ev":"d23_bind","gport":7300,"t_us":4520384647582,"why":"listen_state"}
{"ev":"leg_error","events":8216,"flow":474,"leg":0,"so_error":32}
{"age_ms":0,"ev":"flow_closed","flow":474,"kind":2,"reset":true,"why":"leg_error"}
{"ev":"d23_close","gport":7300,"t_us":4520384747941,"why":"listen_state"}
{"addr":"<metal-address>:2730","bind_us":111,"ev":"d23_bind","gport":7300,"t_us":4520384848189,"why":"listen_state"}
{"ev":"leg_error","events":8216,"flow":476,"leg":0,"so_error":32}
{"age_ms":1,"ev":"flow_closed","flow":476,"kind":2,"reset":true,"why":"leg_error"}
{"ev":"d23_close","gport":7300,"t_us":4520384949105,"why":"listen_state"}
{"addr":"<metal-address>:2730","bind_us":59,"ev":"d23_bind","gport":7300,"t_us":4520385049414,"why":"listen_state"}
{"ev":"leg_error","events":8216,"flow":478,"leg":0,"so_error":32}
{"age_ms":1,"ev":"flow_closed","flow":478,"kind":2,"reset":true,"why":"leg_error"}
{"ev":"d23_close","gport":7300,"t_us":4520385150273,"why":"listen_state"}
{"addr":"<metal-address>:2730","bind_us":67,"ev":"d23_bind","gport":7300,"t_us":4520385250613,"why":"listen_state"}
{"ev":"leg_error","events":8216,"flow":480,"leg":0,"so_error":32}
{"age_ms":1,"ev":"flow_closed","flow":480,"kind":2,"reset":true,"why":"leg_error"}
{"ev":"d23_close","gport":7300,"t_us":4520385351300,"why":"listen_state"}
{"addr":"<metal-address>:2730","bind_us":70,"ev":"d23_bind","gport":7300,"t_us":4520385451623,"why":"listen_state"}
{"ev":"leg_error","events":8216,"flow":482,"leg":0,"so_error":32}
{"age_ms":1,"ev":"flow_closed","flow":482,"kind":2,"reset":true,"why":"leg_error"}
{"ev":"d23_close","gport":7300,"t_us":4520385552190,"why":"listen_state"}
{"addr":"<metal-address>:2730","bind_us":84,"ev":"d23_bind","gport":7300,"t_us":4520385652420,"why":"listen_state"}
{"ev":"leg_error","events":8216,"flow":484,"leg":0,"so_error":32}
{"age_ms":1,"ev":"flow_closed","flow":484,"kind":2,"reset":true,"why":"leg_error"}
{"ev":"d23_close","gport":7300,"t_us":4520385753147,"why":"listen_state"}
{"addr":"<metal-address>:2730","bind_us":303,"ev":"d23_bind","gport":7300,"t_us":4520385853407,"why":"listen_state"}
{"ev":"leg_error","events":8216,"flow":486,"leg":0,"so_error":32}
{"age_ms":1,"ev":"flow_closed","flow":486,"kind":2,"reset":true,"why":"leg_error"}
{"ev":"d23_close","gport":7300,"t_us":4520385953997,"why":"listen_state"}
{"addr":"<metal-address>:2730","bind_us":68,"ev":"d23_bind","gport":7300,"t_us":4520386054266,"why":"listen_state"}
{"ev":"leg_error","events":8216,"flow":488,"leg":0,"so_error":32}
{"age_ms":1,"ev":"flow_closed","flow":488,"kind":2,"reset":true,"why":"leg_error"}
{"ev":"d23_close","gport":7300,"t_us":4520386154779,"why":"listen_state"}
{"addr":"<metal-address>:2730","bind_us":68,"ev":"d23_bind","gport":7300,"t_us":4520386255030,"why":"listen_state"}
{"ev":"leg_error","events":8216,"flow":490,"leg":0,"so_error":32}
{"age_ms":1,"ev":"flow_closed","flow":490,"kind":2,"reset":true,"why":"leg_error"}
{"ev":"d23_close","gport":7300,"t_us":4520386355585,"why":"listen_state"}
{"addr":"<metal-address>:2730","bind_us":68,"ev":"d23_bind","gport":7300,"t_us":4520386455824,"why":"listen_state"}
{"ev":"leg_error","events":8216,"flow":492,"leg":0,"so_error":32}
{"age_ms":1,"ev":"flow_closed","flow":492,"kind":2,"reset":true,"why":"leg_error"}
{"ev":"d23_close","gport":7300,"t_us":4520386556269,"why":"listen_state"}
{"addr":"<metal-address>:2730","bind_us":83,"ev":"d23_bind","gport":7300,"t_us":4520386656471,"why":"listen_state"}
{"ev":"leg_error","events":8216,"flow":494,"leg":0,"so_error":32}
{"age_ms":1,"ev":"flow_closed","flow":494,"kind":2,"reset":true,"why":"leg_error"}
{"ev":"d23_close","gport":7300,"t_us":4520386756806,"why":"listen_state"}
{"addr":"<metal-address>:2730","bind_us":56,"ev":"d23_bind","gport":7300,"t_us":4520386857040,"why":"listen_state"}
{"ev":"leg_error","events":8216,"flow":496,"leg":0,"so_error":32}
{"age_ms":1,"ev":"flow_closed","flow":496,"kind":2,"reset":true,"why":"leg_error"}
{"ev":"d23_close","gport":7300,"t_us":4520386957425,"why":"listen_state"}
{"addr":"<metal-address>:2730","bind_us":65,"ev":"d23_bind","gport":7300,"t_us":4520387057737,"why":"listen_state"}
{"ev":"leg_error","events":8216,"flow":498,"leg":0,"so_error":32}
{"age_ms":1,"ev":"flow_closed","flow":498,"kind":2,"reset":true,"why":"leg_error"}
{"ev":"d23_close","gport":7300,"t_us":4520387158152,"why":"listen_state"}
{"addr":"<metal-address>:2730","bind_us":66,"ev":"d23_bind","gport":7300,"t_us":4520387258444,"why":"listen_state"}
{"ev":"leg_error","events":8216,"flow":500,"leg":0,"so_error":32}
{"age_ms":1,"ev":"flow_closed","flow":500,"kind":2,"reset":true,"why":"leg_error"}
{"ev":"d23_close","gport":7300,"t_us":4520387359011,"why":"listen_state"}
{"addr":"<metal-address>:2730","bind_us":69,"ev":"d23_bind","gport":7300,"t_us":4520387459282,"why":"listen_state"}
{"ev":"leg_error","events":8216,"flow":502,"leg":0,"so_error":32}
{"age_ms":1,"ev":"flow_closed","flow":502,"kind":2,"reset":true,"why":"leg_error"}
{"ev":"d23_close","gport":7300,"t_us":4520387559758,"why":"listen_state"}
{"addr":"<metal-address>:2730","bind_us":95,"ev":"d23_bind","gport":7300,"t_us":4520387660017,"why":"listen_state"}
{"ev":"leg_error","events":8216,"flow":504,"leg":0,"so_error":32}
{"age_ms":1,"ev":"flow_closed","flow":504,"kind":2,"reset":true,"why":"leg_error"}
{"ev":"d23_close","gport":7300,"t_us":4520387760522,"why":"listen_state"}
{"addr":"<metal-address>:2730","bind_us":120,"ev":"d23_bind","gport":7300,"t_us":4520387860802,"why":"listen_state"}
{"ev":"leg_error","events":8216,"flow":506,"leg":0,"so_error":32}
{"age_ms":1,"ev":"flow_closed","flow":506,"kind":2,"reset":true,"why":"leg_error"}
{"ev":"d23_close","gport":7300,"t_us":4520387961292,"why":"listen_state"}
{"addr":"<metal-address>:2730","bind_us":67,"ev":"d23_bind","gport":7300,"t_us":4520388061520,"why":"listen_state"}
{"ev":"leg_error","events":8216,"flow":508,"leg":0,"so_error":32}
{"age_ms":1,"ev":"flow_closed","flow":508,"kind":2,"reset":true,"why":"leg_error"}
{"ev":"d23_close","gport":7300,"t_us":4520388162055,"why":"listen_state"}
{"addr":"<metal-address>:2730","bind_us":69,"ev":"d23_bind","gport":7300,"t_us":4520388262283,"why":"listen_state"}
{"ev":"leg_error","events":8216,"flow":510,"leg":0,"so_error":32}
{"age_ms":1,"ev":"flow_closed","flow":510,"kind":2,"reset":true,"why":"leg_error"}
{"ev":"d23_close","gport":7300,"t_us":4520388363031,"why":"listen_state"}
{"addr":"<metal-address>:2730","bind_us":122,"ev":"d23_bind","gport":7300,"t_us":4520388463329,"why":"listen_state"}
{"ev":"leg_error","events":8216,"flow":512,"leg":0,"so_error":32}
{"age_ms":1,"ev":"flow_closed","flow":512,"kind":2,"reset":true,"why":"leg_error"}
{"ev":"d23_close","gport":7300,"t_us":4520388563770,"why":"listen_state"}
{"addr":"<metal-address>:2730","bind_us":91,"ev":"d23_bind","gport":7300,"t_us":4520388663990,"why":"listen_state"}
{"ev":"leg_error","events":8216,"flow":514,"leg":0,"so_error":32}
{"age_ms":1,"ev":"flow_closed","flow":514,"kind":2,"reset":true,"why":"leg_error"}
{"ev":"d23_close","gport":7300,"t_us":4520388764656,"why":"listen_state"}
{"addr":"<metal-address>:2730","bind_us":70,"ev":"d23_bind","gport":7300,"t_us":4520388864982,"why":"listen_state"}
{"ev":"leg_error","events":8216,"flow":516,"leg":0,"so_error":32}
{"age_ms":1,"ev":"flow_closed","flow":516,"kind":2,"reset":true,"why":"leg_error"}
{"ev":"d23_close","gport":7300,"t_us":4520388965387,"why":"listen_state"}
{"addr":"<metal-address>:2730","bind_us":57,"ev":"d23_bind","gport":7300,"t_us":4520389065711,"why":"listen_state"}
{"ev":"leg_error","events":8216,"flow":518,"leg":0,"so_error":32}
{"age_ms":1,"ev":"flow_closed","flow":518,"kind":2,"reset":true,"why":"leg_error"}
{"ev":"d23_close","gport":7300,"t_us":4520389166129,"why":"listen_state"}
{"addr":"<metal-address>:2730","bind_us":62,"ev":"d23_bind","gport":7300,"t_us":4520389266427,"why":"listen_state"}
{"ev":"leg_error","events":8216,"flow":520,"leg":0,"so_error":32}
{"age_ms":1,"ev":"flow_closed","flow":520,"kind":2,"reset":true,"why":"leg_error"}
{"ev":"d23_close","gport":7300,"t_us":4520389366818,"why":"listen_state"}
{"addr":"<metal-address>:2730","bind_us":72,"ev":"d23_bind","gport":7300,"t_us":4520389467150,"why":"listen_state"}
{"ev":"leg_error","events":8216,"flow":522,"leg":0,"so_error":32}
{"age_ms":1,"ev":"flow_closed","flow":522,"kind":2,"reset":true,"why":"leg_error"}
{"ev":"d23_close","gport":7300,"t_us":4520389567493,"why":"listen_state"}
{"addr":"<metal-address>:2730","bind_us":45,"ev":"d23_bind","gport":7300,"t_us":4520389667761,"why":"listen_state"}
{"ev":"leg_error","events":8216,"flow":524,"leg":0,"so_error":32}
{"age_ms":0,"ev":"flow_closed","flow":524,"kind":2,"reset":true,"why":"leg_error"}
{"ev":"d23_close","gport":7300,"t_us":4520389768040,"why":"listen_state"}
{"addr":"<metal-address>:2730","bind_us":53,"ev":"d23_bind","gport":7300,"t_us":4520389868293,"why":"listen_state"}
{"ev":"leg_error","events":8216,"flow":526,"leg":0,"so_error":32}
{"age_ms":1,"ev":"flow_closed","flow":526,"kind":2,"reset":true,"why":"leg_error"}
{"ev":"d23_close","gport":7300,"t_us":4520389968497,"why":"listen_state"}
{"addr":"<metal-address>:2730","bind_us":52,"ev":"d23_bind","gport":7300,"t_us":4520390068736,"why":"listen_state"}
{"ev":"leg_error","events":8216,"flow":528,"leg":0,"so_error":32}
{"age_ms":0,"ev":"flow_closed","flow":528,"kind":2,"reset":true,"why":"leg_error"}
{"ev":"d23_close","gport":7300,"t_us":4520390168879,"why":"listen_state"}
{"addr":"<metal-address>:2730","bind_us":53,"ev":"d23_bind","gport":7300,"t_us":4520390269149,"why":"listen_state"}
{"ev":"leg_error","events":8216,"flow":530,"leg":0,"so_error":32}
{"age_ms":0,"ev":"flow_closed","flow":530,"kind":2,"reset":true,"why":"leg_error"}
{"ev":"d23_close","gport":7300,"t_us":4520390369234,"why":"listen_state"}
{"addr":"<metal-address>:2730","bind_us":67,"ev":"d23_bind","gport":7300,"t_us":4520390469530,"why":"listen_state"}
{"ev":"leg_error","events":8216,"flow":532,"leg":0,"so_error":32}
{"age_ms":1,"ev":"flow_closed","flow":532,"kind":2,"reset":true,"why":"leg_error"}
{"ev":"d23_close","gport":7300,"t_us":4520390570177,"why":"listen_state"}
{"addr":"<metal-address>:2730","bind_us":49,"ev":"d23_bind","gport":7300,"t_us":4520390670374,"why":"listen_state"}
{"ev":"leg_error","events":8216,"flow":534,"leg":0,"so_error":32}
{"age_ms":1,"ev":"flow_closed","flow":534,"kind":2,"reset":true,"why":"leg_error"}
{"ev":"d23_close","gport":7300,"t_us":4520390771407,"why":"listen_state"}
{"addr":"<metal-address>:2730","bind_us":63,"ev":"d23_bind","gport":7300,"t_us":4520390871755,"why":"listen_state"}
{"ev":"leg_error","events":8216,"flow":536,"leg":0,"so_error":32}
{"age_ms":1,"ev":"flow_closed","flow":536,"kind":2,"reset":true,"why":"leg_error"}
{"ev":"d23_close","gport":7300,"t_us":4520390972177,"why":"listen_state"}
{"addr":"<metal-address>:2730","bind_us":58,"ev":"d23_bind","gport":7300,"t_us":4520391072460,"why":"listen_state"}
{"ev":"leg_error","events":8216,"flow":538,"leg":0,"so_error":32}
{"age_ms":1,"ev":"flow_closed","flow":538,"kind":2,"reset":true,"why":"leg_error"}
{"ev":"d23_close","gport":7300,"t_us":4520391172888,"why":"listen_state"}
{"addr":"<metal-address>:2730","bind_us":65,"ev":"d23_bind","gport":7300,"t_us":4520391273210,"why":"listen_state"}
{"ev":"leg_error","events":8216,"flow":540,"leg":0,"so_error":32}
{"age_ms":1,"ev":"flow_closed","flow":540,"kind":2,"reset":true,"why":"leg_error"}
{"ev":"d23_close","gport":7300,"t_us":4520391373620,"why":"listen_state"}
{"addr":"<metal-address>:2730","bind_us":76,"ev":"d23_bind","gport":7300,"t_us":4520391473980,"why":"listen_state"}
{"ev":"leg_error","events":8216,"flow":542,"leg":0,"so_error":32}
{"age_ms":1,"ev":"flow_closed","flow":542,"kind":2,"reset":true,"why":"leg_error"}
{"ev":"d23_close","gport":7300,"t_us":4520391574336,"why":"listen_state"}
{"addr":"<metal-address>:2730","bind_us":57,"ev":"d23_bind","gport":7300,"t_us":4520391674532,"why":"listen_state"}
{"ev":"leg_error","events":8216,"flow":544,"leg":0,"so_error":32}
{"age_ms":1,"ev":"flow_closed","flow":544,"kind":2,"reset":true,"why":"leg_error"}
{"ev":"d23_close","gport":7300,"t_us":4520391774904,"why":"listen_state"}
{"addr":"<metal-address>:2730","bind_us":67,"ev":"d23_bind","gport":7300,"t_us":4520391875335,"why":"listen_state"}
{"ev":"leg_error","events":8216,"flow":546,"leg":0,"so_error":32}
{"age_ms":1,"ev":"flow_closed","flow":546,"kind":2,"reset":true,"why":"leg_error"}
{"ev":"d23_close","gport":7300,"t_us":4520391975819,"why":"listen_state"}
{"addr":"<metal-address>:2730","bind_us":59,"ev":"d23_bind","gport":7300,"t_us":4520392076114,"why":"listen_state"}
{"ev":"leg_error","events":8216,"flow":548,"leg":0,"so_error":32}
{"age_ms":1,"ev":"flow_closed","flow":548,"kind":2,"reset":true,"why":"leg_error"}
{"ev":"d23_close","gport":7300,"t_us":4520392176484,"why":"listen_state"}
{"addr":"<metal-address>:2730","bind_us":57,"ev":"d23_bind","gport":7300,"t_us":4520392276794,"why":"listen_state"}
{"ev":"leg_error","events":8216,"flow":550,"leg":0,"so_error":32}
{"age_ms":1,"ev":"flow_closed","flow":550,"kind":2,"reset":true,"why":"leg_error"}
{"ev":"d23_close","gport":7300,"t_us":4520392377246,"why":"listen_state"}
{"addr":"<metal-address>:2730","bind_us":65,"ev":"d23_bind","gport":7300,"t_us":4520392477565,"why":"listen_state"}
{"ev":"leg_error","events":8216,"flow":552,"leg":0,"so_error":32}
{"age_ms":1,"ev":"flow_closed","flow":552,"kind":2,"reset":true,"why":"leg_error"}
{"ev":"d23_close","gport":7300,"t_us":4520392577919,"why":"listen_state"}
{"addr":"<metal-address>:2730","bind_us":62,"ev":"d23_bind","gport":7300,"t_us":4520392678142,"why":"listen_state"}
{"ev":"leg_error","events":8216,"flow":554,"leg":0,"so_error":32}
{"age_ms":1,"ev":"flow_closed","flow":554,"kind":2,"reset":true,"why":"leg_error"}
{"ev":"d23_close","gport":7300,"t_us":4520392778791,"why":"listen_state"}
{"addr":"<metal-address>:2730","bind_us":62,"ev":"d23_bind","gport":7300,"t_us":4520392879070,"why":"listen_state"}
{"ev":"leg_error","events":8216,"flow":556,"leg":0,"so_error":32}
{"age_ms":1,"ev":"flow_closed","flow":556,"kind":2,"reset":true,"why":"leg_error"}
{"ev":"d23_close","gport":7300,"t_us":4520392979676,"why":"listen_state"}
{"addr":"<metal-address>:2730","bind_us":69,"ev":"d23_bind","gport":7300,"t_us":4520393079987,"why":"listen_state"}
{"ev":"leg_error","events":8216,"flow":558,"leg":0,"so_error":32}
{"age_ms":1,"ev":"flow_closed","flow":558,"kind":2,"reset":true,"why":"leg_error"}
{"ev":"d23_close","gport":7300,"t_us":4520393180342,"why":"listen_state"}
{"addr":"<metal-address>:2730","bind_us":64,"ev":"d23_bind","gport":7300,"t_us":4520393280634,"why":"listen_state"}
{"ev":"leg_error","events":8216,"flow":560,"leg":0,"so_error":32}
{"age_ms":1,"ev":"flow_closed","flow":560,"kind":2,"reset":true,"why":"leg_error"}
{"ev":"d23_close","gport":7300,"t_us":4520393381311,"why":"listen_state"}
{"addr":"<metal-address>:2730","bind_us":74,"ev":"d23_bind","gport":7300,"t_us":4520393481536,"why":"listen_state"}
{"ev":"leg_error","events":8216,"flow":562,"leg":0,"so_error":32}
{"age_ms":1,"ev":"flow_closed","flow":562,"kind":2,"reset":true,"why":"leg_error"}
{"ev":"d23_close","gport":7300,"t_us":4520393581923,"why":"listen_state"}
{"addr":"<metal-address>:2730","bind_us":84,"ev":"d23_bind","gport":7300,"t_us":4520393682111,"why":"listen_state"}
{"ev":"leg_error","events":8216,"flow":564,"leg":0,"so_error":32}
{"age_ms":1,"ev":"flow_closed","flow":564,"kind":2,"reset":true,"why":"leg_error"}
{"ev":"d23_close","gport":7300,"t_us":4520393782963,"why":"listen_state"}
{"addr":"<metal-address>:2730","bind_us":143,"ev":"d23_bind","gport":7300,"t_us":4520393883304,"why":"listen_state"}
{"ev":"leg_error","events":8216,"flow":566,"leg":0,"so_error":32}
{"age_ms":1,"ev":"flow_closed","flow":566,"kind":2,"reset":true,"why":"leg_error"}
{"ev":"d23_close","gport":7300,"t_us":4520393983988,"why":"listen_state"}
{"addr":"<metal-address>:2730","bind_us":180,"ev":"d23_bind","gport":7300,"t_us":4520394084317,"why":"listen_state"}
{"ev":"leg_error","events":8216,"flow":568,"leg":0,"so_error":32}
{"age_ms":1,"ev":"flow_closed","flow":568,"kind":2,"reset":true,"why":"leg_error"}
{"ev":"d23_close","gport":7300,"t_us":4520394184777,"why":"listen_state"}
{"addr":"<metal-address>:2730","bind_us":69,"ev":"d23_bind","gport":7300,"t_us":4520394285037,"why":"listen_state"}
{"ev":"leg_error","events":8216,"flow":570,"leg":0,"so_error":32}
{"age_ms":1,"ev":"flow_closed","flow":570,"kind":2,"reset":true,"why":"leg_error"}
{"ev":"d23_close","gport":7300,"t_us":4520394385599,"why":"listen_state"}
{"addr":"<metal-address>:2730","bind_us":79,"ev":"d23_bind","gport":7300,"t_us":4520394485933,"why":"listen_state"}
{"ev":"leg_error","events":8216,"flow":572,"leg":0,"so_error":32}
{"age_ms":1,"ev":"flow_closed","flow":572,"kind":2,"reset":true,"why":"leg_error"}
{"ev":"d23_close","gport":7300,"t_us":4520394586369,"why":"listen_state"}
{"addr":"<metal-address>:2730","bind_us":118,"ev":"d23_bind","gport":7300,"t_us":4520394686577,"why":"listen_state"}
{"ev":"leg_error","events":8216,"flow":574,"leg":0,"so_error":32}
{"age_ms":1,"ev":"flow_closed","flow":574,"kind":2,"reset":true,"why":"leg_error"}
{"ev":"d23_close","gport":7300,"t_us":4520394787147,"why":"listen_state"}
{"addr":"<metal-address>:2730","bind_us":69,"ev":"d23_bind","gport":7300,"t_us":4520394887391,"why":"listen_state"}
{"ev":"leg_error","events":8216,"flow":576,"leg":0,"so_error":32}
{"age_ms":1,"ev":"flow_closed","flow":576,"kind":2,"reset":true,"why":"leg_error"}
{"ev":"d23_close","gport":7300,"t_us":4520394987941,"why":"listen_state"}
{"addr":"<metal-address>:2730","bind_us":261,"ev":"d23_bind","gport":7300,"t_us":4520395088201,"why":"listen_state"}
{"ev":"leg_error","events":8216,"flow":578,"leg":0,"so_error":32}
{"age_ms":1,"ev":"flow_closed","flow":578,"kind":2,"reset":true,"why":"leg_error"}
{"ev":"d23_close","gport":7300,"t_us":4520395188748,"why":"listen_state"}
{"addr":"<metal-address>:2730","bind_us":77,"ev":"d23_bind","gport":7300,"t_us":4520395288984,"why":"listen_state"}
{"ev":"leg_error","events":8216,"flow":580,"leg":0,"so_error":32}
{"age_ms":2,"ev":"flow_closed","flow":580,"kind":2,"reset":true,"why":"leg_error"}
{"ev":"d23_close","gport":7300,"t_us":4520395389524,"why":"listen_state"}
{"addr":"<metal-address>:2730","bind_us":61,"ev":"d23_bind","gport":7300,"t_us":4520395489773,"why":"listen_state"}
{"ev":"leg_error","events":8216,"flow":582,"leg":0,"so_error":32}
{"age_ms":1,"ev":"flow_closed","flow":582,"kind":2,"reset":true,"why":"leg_error"}
{"ev":"d23_close","gport":7300,"t_us":4520395590201,"why":"listen_state"}
{"addr":"<metal-address>:2730","bind_us":87,"ev":"d23_bind","gport":7300,"t_us":4520395690361,"why":"listen_state"}
{"ev":"leg_error","events":8216,"flow":584,"leg":0,"so_error":32}
{"age_ms":1,"ev":"flow_closed","flow":584,"kind":2,"reset":true,"why":"leg_error"}
{"ev":"d23_close","gport":7300,"t_us":4520395791120,"why":"listen_state"}
{"addr":"<metal-address>:2730","bind_us":70,"ev":"d23_bind","gport":7300,"t_us":4520395891365,"why":"listen_state"}
{"ev":"leg_error","events":8192,"flow":586,"leg":0,"so_error":32}
{"age_ms":1,"ev":"flow_closed","flow":586,"kind":2,"reset":true,"why":"leg_error"}
{"ev":"d23_close","gport":7300,"t_us":4520395991954,"why":"listen_state"}
{"addr":"<metal-address>:2730","bind_us":122,"ev":"d23_bind","gport":7300,"t_us":4520396092193,"why":"listen_state"}
{"ev":"leg_error","events":8216,"flow":588,"leg":0,"so_error":32}
{"age_ms":1,"ev":"flow_closed","flow":588,"kind":2,"reset":true,"why":"leg_error"}
{"ev":"d23_close","gport":7300,"t_us":4520396192691,"why":"listen_state"}
{"addr":"<metal-address>:2730","bind_us":67,"ev":"d23_bind","gport":7300,"t_us":4520396292917,"why":"listen_state"}
{"ev":"leg_error","events":8216,"flow":590,"leg":0,"so_error":32}
{"age_ms":1,"ev":"flow_closed","flow":590,"kind":2,"reset":true,"why":"leg_error"}
{"ev":"d23_close","gport":7300,"t_us":4520396393401,"why":"listen_state"}
{"addr":"<metal-address>:2730","bind_us":70,"ev":"d23_bind","gport":7300,"t_us":4520396493633,"why":"listen_state"}
{"ev":"leg_error","events":8216,"flow":592,"leg":0,"so_error":32}
{"age_ms":1,"ev":"flow_closed","flow":592,"kind":2,"reset":true,"why":"leg_error"}
{"ev":"d23_close","gport":7300,"t_us":4520396593956,"why":"listen_state"}
{"addr":"<metal-address>:2730","bind_us":50,"ev":"d23_bind","gport":7300,"t_us":4520396694193,"why":"listen_state"}
{"ev":"leg_error","events":8216,"flow":594,"leg":0,"so_error":32}
{"age_ms":0,"ev":"flow_closed","flow":594,"kind":2,"reset":true,"why":"leg_error"}
{"ev":"d23_close","gport":7300,"t_us":4520396794514,"why":"listen_state"}
{"addr":"<metal-address>:2730","bind_us":113,"ev":"d23_bind","gport":7300,"t_us":4520396894806,"why":"listen_state"}
{"ev":"leg_error","events":8216,"flow":596,"leg":0,"so_error":32}
{"age_ms":1,"ev":"flow_closed","flow":596,"kind":2,"reset":true,"why":"leg_error"}
{"ev":"d23_close","gport":7300,"t_us":4520396995503,"why":"listen_state"}
{"addr":"<metal-address>:2730","bind_us":145,"ev":"d23_bind","gport":7300,"t_us":4520397095783,"why":"listen_state"}
{"ev":"leg_error","events":8216,"flow":598,"leg":0,"so_error":32}
{"age_ms":1,"ev":"flow_closed","flow":598,"kind":2,"reset":true,"why":"leg_error"}
{"ev":"d23_close","gport":7300,"t_us":4520397196445,"why":"listen_state"}
{"addr":"<metal-address>:2730","bind_us":68,"ev":"d23_bind","gport":7300,"t_us":4520397296761,"why":"listen_state"}
{"ev":"leg_error","events":8216,"flow":600,"leg":0,"so_error":32}
{"age_ms":2,"ev":"flow_closed","flow":600,"kind":2,"reset":true,"why":"leg_error"}
{"ev":"d23_close","gport":7300,"t_us":4520397397218,"why":"listen_state"}
{"addr":"<metal-address>:2730","bind_us":74,"ev":"d23_bind","gport":7300,"t_us":4520397497499,"why":"listen_state"}
{"ev":"leg_error","events":8216,"flow":602,"leg":0,"so_error":32}
{"age_ms":1,"ev":"flow_closed","flow":602,"kind":2,"reset":true,"why":"leg_error"}
{"ev":"d23_close","gport":7300,"t_us":4520397597946,"why":"listen_state"}
{"addr":"<metal-address>:2730","bind_us":47,"ev":"d23_bind","gport":7300,"t_us":4520397698214,"why":"listen_state"}
{"ev":"leg_error","events":8216,"flow":604,"leg":0,"so_error":32}
{"age_ms":0,"ev":"flow_closed","flow":604,"kind":2,"reset":true,"why":"leg_error"}
{"ev":"d23_close","gport":7300,"t_us":4520397798504,"why":"listen_state"}
{"addr":"<metal-address>:2730","bind_us":51,"ev":"d23_bind","gport":7300,"t_us":4520397898760,"why":"listen_state"}
{"ev":"leg_error","events":8216,"flow":606,"leg":0,"so_error":32}
{"age_ms":0,"ev":"flow_closed","flow":606,"kind":2,"reset":true,"why":"leg_error"}
{"ev":"d23_close","gport":7300,"t_us":4520397999343,"why":"listen_state"}
{"addr":"<metal-address>:2730","bind_us":73,"ev":"d23_bind","gport":7300,"t_us":4520398099582,"why":"listen_state"}
{"ev":"leg_error","events":8216,"flow":608,"leg":0,"so_error":32}
{"age_ms":1,"ev":"flow_closed","flow":608,"kind":2,"reset":true,"why":"leg_error"}
{"ev":"d23_close","gport":7300,"t_us":4520398200222,"why":"listen_state"}
{"addr":"<metal-address>:2730","bind_us":69,"ev":"d23_bind","gport":7300,"t_us":4520398300461,"why":"listen_state"}
{"ev":"leg_error","events":8216,"flow":610,"leg":0,"so_error":32}
{"age_ms":1,"ev":"flow_closed","flow":610,"kind":2,"reset":true,"why":"leg_error"}
{"ev":"d23_close","gport":7300,"t_us":4520398400971,"why":"listen_state"}
{"addr":"<metal-address>:2730","bind_us":506,"ev":"d23_bind","gport":7300,"t_us":4520398501323,"why":"listen_state"}
{"ev":"leg_error","events":8216,"flow":612,"leg":0,"so_error":32}
{"age_ms":1,"ev":"flow_closed","flow":612,"kind":2,"reset":true,"why":"leg_error"}
{"ev":"d23_close","gport":7300,"t_us":4520398601966,"why":"listen_state"}
{"addr":"<metal-address>:2730","bind_us":81,"ev":"d23_bind","gport":7300,"t_us":4520398702155,"why":"listen_state"}
{"ev":"leg_error","events":8216,"flow":614,"leg":0,"so_error":32}
{"age_ms":0,"ev":"flow_closed","flow":614,"kind":2,"reset":true,"why":"leg_error"}
{"ev":"d23_close","gport":7300,"t_us":4520398802558,"why":"listen_state"}
{"addr":"<metal-address>:2730","bind_us":63,"ev":"d23_bind","gport":7300,"t_us":4520398902839,"why":"listen_state"}
{"ev":"leg_error","events":8216,"flow":616,"leg":0,"so_error":32}
{"age_ms":1,"ev":"flow_closed","flow":616,"kind":2,"reset":true,"why":"leg_error"}
{"ev":"d23_close","gport":7300,"t_us":4520399003434,"why":"listen_state"}
{"addr":"<metal-address>:2730","bind_us":60,"ev":"d23_bind","gport":7300,"t_us":4520399103693,"why":"listen_state"}
{"ev":"leg_error","events":8216,"flow":618,"leg":0,"so_error":32}
{"age_ms":1,"ev":"flow_closed","flow":618,"kind":2,"reset":true,"why":"leg_error"}
{"ev":"d23_close","gport":7300,"t_us":4520399204356,"why":"listen_state"}
{"addr":"<metal-address>:2730","bind_us":150,"ev":"d23_bind","gport":7300,"t_us":4520399304574,"why":"listen_state"}
{"ev":"leg_error","events":8216,"flow":620,"leg":0,"so_error":32}
{"age_ms":1,"ev":"flow_closed","flow":620,"kind":2,"reset":true,"why":"leg_error"}
{"ev":"d23_close","gport":7300,"t_us":4520399405064,"why":"listen_state"}
{"addr":"<metal-address>:2730","bind_us":70,"ev":"d23_bind","gport":7300,"t_us":4520399505312,"why":"listen_state"}
{"ev":"leg_error","events":8216,"flow":622,"leg":0,"so_error":32}
{"age_ms":1,"ev":"flow_closed","flow":622,"kind":2,"reset":true,"why":"leg_error"}
{"ev":"d23_close","gport":7300,"t_us":4520399605997,"why":"listen_state"}
{"addr":"<metal-address>:2730","bind_us":82,"ev":"d23_bind","gport":7300,"t_us":4520399706182,"why":"listen_state"}
{"ev":"leg_error","events":8216,"flow":624,"leg":0,"so_error":32}
{"age_ms":1,"ev":"flow_closed","flow":624,"kind":2,"reset":true,"why":"leg_error"}
{"ev":"d23_close","gport":7300,"t_us":4520399806588,"why":"listen_state"}
{"addr":"<metal-address>:2730","bind_us":81,"ev":"d23_bind","gport":7300,"t_us":4520399906940,"why":"listen_state"}
{"ev":"leg_error","events":8216,"flow":626,"leg":0,"so_error":32}
{"age_ms":1,"ev":"flow_closed","flow":626,"kind":2,"reset":true,"why":"leg_error"}
{"ev":"d23_close","gport":7300,"t_us":4520400007260,"why":"listen_state"}
{"addr":"<metal-address>:2730","bind_us":69,"ev":"d23_bind","gport":7300,"t_us":4520400107584,"why":"listen_state"}
{"ev":"leg_error","events":8216,"flow":628,"leg":0,"so_error":32}
{"age_ms":1,"ev":"flow_closed","flow":628,"kind":2,"reset":true,"why":"leg_error"}
{"ev":"d23_close","gport":7300,"t_us":4520400207958,"why":"listen_state"}
{"addr":"<metal-address>:2730","bind_us":56,"ev":"d23_bind","gport":7300,"t_us":4520400308206,"why":"listen_state"}
{"ev":"leg_error","events":8216,"flow":630,"leg":0,"so_error":32}
{"age_ms":2,"ev":"flow_closed","flow":630,"kind":2,"reset":true,"why":"leg_error"}
{"ev":"d23_close","gport":7300,"t_us":4520400408603,"why":"listen_state"}
{"addr":"<metal-address>:2730","bind_us":77,"ev":"d23_bind","gport":7300,"t_us":4520400508884,"why":"listen_state"}
{"ev":"leg_error","events":8216,"flow":632,"leg":0,"so_error":32}
{"age_ms":1,"ev":"flow_closed","flow":632,"kind":2,"reset":true,"why":"leg_error"}
{"ev":"d23_close","gport":7300,"t_us":4520400609354,"why":"listen_state"}
{"addr":"<metal-address>:2730","bind_us":52,"ev":"d23_bind","gport":7300,"t_us":4520400709524,"why":"listen_state"}
{"ev":"leg_error","events":8216,"flow":634,"leg":0,"so_error":32}
{"age_ms":1,"ev":"flow_closed","flow":634,"kind":2,"reset":true,"why":"leg_error"}
{"ev":"d23_close","gport":7300,"t_us":4520400810040,"why":"listen_state"}
{"addr":"<metal-address>:2730","bind_us":68,"ev":"d23_bind","gport":7300,"t_us":4520400910373,"why":"listen_state"}
{"ev":"leg_error","events":8216,"flow":636,"leg":0,"so_error":32}
{"age_ms":1,"ev":"flow_closed","flow":636,"kind":2,"reset":true,"why":"leg_error"}
{"ev":"d23_close","gport":7300,"t_us":4520401010759,"why":"listen_state"}
{"addr":"<metal-address>:2730","bind_us":70,"ev":"d23_bind","gport":7300,"t_us":4520401111024,"why":"listen_state"}
{"ev":"leg_error","events":8216,"flow":638,"leg":0,"so_error":32}
{"age_ms":1,"ev":"flow_closed","flow":638,"kind":2,"reset":true,"why":"leg_error"}
{"ev":"d23_close","gport":7300,"t_us":4520401211423,"why":"listen_state"}
{"addr":"<metal-address>:2730","bind_us":57,"ev":"d23_bind","gport":7300,"t_us":4520401311732,"why":"listen_state"}
{"ev":"leg_error","events":8216,"flow":640,"leg":0,"so_error":32}
{"age_ms":1,"ev":"flow_closed","flow":640,"kind":2,"reset":true,"why":"leg_error"}
{"ev":"d23_close","gport":7300,"t_us":4520401412201,"why":"listen_state"}
{"addr":"<metal-address>:2730","bind_us":59,"ev":"d23_bind","gport":7300,"t_us":4520401512460,"why":"listen_state"}
{"ev":"leg_error","events":8216,"flow":642,"leg":0,"so_error":32}
{"age_ms":1,"ev":"flow_closed","flow":642,"kind":2,"reset":true,"why":"leg_error"}
{"ev":"d23_close","gport":7300,"t_us":4520401612913,"why":"listen_state"}
{"addr":"<metal-address>:2730","bind_us":59,"ev":"d23_bind","gport":7300,"t_us":4520401713099,"why":"listen_state"}
{"ev":"leg_error","events":8216,"flow":644,"leg":0,"so_error":32}
{"age_ms":1,"ev":"flow_closed","flow":644,"kind":2,"reset":true,"why":"leg_error"}
{"ev":"d23_close","gport":7300,"t_us":4520401813442,"why":"listen_state"}
{"addr":"<metal-address>:2730","bind_us":56,"ev":"d23_bind","gport":7300,"t_us":4520401913595,"why":"listen_state"}
{"ev":"leg_error","events":8216,"flow":646,"leg":0,"so_error":32}
{"age_ms":0,"ev":"flow_closed","flow":646,"kind":2,"reset":true,"why":"leg_error"}
{"ev":"d23_close","gport":7300,"t_us":4520402013881,"why":"listen_state"}
{"addr":"<metal-address>:2730","bind_us":55,"ev":"d23_bind","gport":7300,"t_us":4520402114085,"why":"listen_state"}
{"ev":"leg_error","events":8216,"flow":648,"leg":0,"so_error":32}
{"age_ms":0,"ev":"flow_closed","flow":648,"kind":2,"reset":true,"why":"leg_error"}
{"ev":"d23_close","gport":7300,"t_us":4520402214263,"why":"listen_state"}
{"addr":"<metal-address>:2730","bind_us":52,"ev":"d23_bind","gport":7300,"t_us":4520402314398,"why":"listen_state"}
{"ev":"leg_error","events":8216,"flow":650,"leg":0,"so_error":32}
{"age_ms":0,"ev":"flow_closed","flow":650,"kind":2,"reset":true,"why":"leg_error"}
{"ev":"d23_close","gport":7300,"t_us":4520402414708,"why":"listen_state"}
{"addr":"<metal-address>:2730","bind_us":59,"ev":"d23_bind","gport":7300,"t_us":4520402515021,"why":"listen_state"}
{"ev":"leg_error","events":8216,"flow":652,"leg":0,"so_error":32}
{"age_ms":1,"ev":"flow_closed","flow":652,"kind":2,"reset":true,"why":"leg_error"}
{"ev":"d23_close","gport":7300,"t_us":4520402615429,"why":"listen_state"}
{"addr":"<metal-address>:2730","bind_us":57,"ev":"d23_bind","gport":7300,"t_us":4520402715609,"why":"listen_state"}
{"ev":"leg_error","events":8216,"flow":654,"leg":0,"so_error":32}
{"age_ms":1,"ev":"flow_closed","flow":654,"kind":2,"reset":true,"why":"leg_error"}
{"ev":"d23_close","gport":7300,"t_us":4520402816019,"why":"listen_state"}
{"addr":"<metal-address>:2730","bind_us":58,"ev":"d23_bind","gport":7300,"t_us":4520402916208,"why":"listen_state"}
{"ev":"leg_error","events":8216,"flow":656,"leg":0,"so_error":32}
{"age_ms":0,"ev":"flow_closed","flow":656,"kind":2,"reset":true,"why":"leg_error"}
{"ev":"d23_close","gport":7300,"t_us":4520403016375,"why":"listen_state"}
{"addr":"<metal-address>:2730","bind_us":47,"ev":"d23_bind","gport":7300,"t_us":4520403116609,"why":"listen_state"}
{"ev":"leg_error","events":8216,"flow":658,"leg":0,"so_error":32}
{"age_ms":0,"ev":"flow_closed","flow":658,"kind":2,"reset":true,"why":"leg_error"}
{"ev":"d23_close","gport":7300,"t_us":4520403216683,"why":"listen_state"}
{"addr":"<metal-address>:2730","bind_us":48,"ev":"d23_bind","gport":7300,"t_us":4520403316848,"why":"listen_state"}
{"ev":"leg_error","events":8216,"flow":660,"leg":0,"so_error":32}
{"age_ms":1,"ev":"flow_closed","flow":660,"kind":2,"reset":true,"why":"leg_error"}
{"ev":"d23_close","gport":7300,"t_us":4520403417045,"why":"listen_state"}
{"addr":"<metal-address>:2730","bind_us":48,"ev":"d23_bind","gport":7300,"t_us":4520403517303,"why":"listen_state"}
{"ev":"leg_error","events":8216,"flow":662,"leg":0,"so_error":32}
{"age_ms":0,"ev":"flow_closed","flow":662,"kind":2,"reset":true,"why":"leg_error"}
{"ev":"d23_close","gport":7300,"t_us":4520403618121,"why":"listen_state"}
{"addr":"<metal-address>:2730","bind_us":44,"ev":"d23_bind","gport":7300,"t_us":4520403718365,"why":"listen_state"}
{"ev":"leg_error","events":8216,"flow":664,"leg":0,"so_error":32}
{"age_ms":1,"ev":"flow_closed","flow":664,"kind":2,"reset":true,"why":"leg_error"}
{"ev":"d23_close","gport":7300,"t_us":4520403818625,"why":"listen_state"}
{"addr":"<metal-address>:2730","bind_us":51,"ev":"d23_bind","gport":7300,"t_us":4520403918816,"why":"listen_state"}
{"ev":"leg_error","events":8216,"flow":666,"leg":0,"so_error":32}
{"age_ms":0,"ev":"flow_closed","flow":666,"kind":2,"reset":true,"why":"leg_error"}
{"ev":"d23_close","gport":7300,"t_us":4520404019146,"why":"listen_state"}
{"addr":"<metal-address>:2730","bind_us":71,"ev":"d23_bind","gport":7300,"t_us":4520404119457,"why":"listen_state"}
{"ev":"leg_error","events":8216,"flow":668,"leg":0,"so_error":32}
{"age_ms":2,"ev":"flow_closed","flow":668,"kind":2,"reset":true,"why":"leg_error"}
{"ev":"d23_close","gport":7300,"t_us":4520404219811,"why":"listen_state"}
{"addr":"<metal-address>:2730","bind_us":58,"ev":"d23_bind","gport":7300,"t_us":4520404320045,"why":"listen_state"}
{"ev":"leg_error","events":8216,"flow":670,"leg":0,"so_error":32}
{"age_ms":1,"ev":"flow_closed","flow":670,"kind":2,"reset":true,"why":"leg_error"}
{"ev":"d23_close","gport":7300,"t_us":4520404420415,"why":"listen_state"}
{"addr":"<metal-address>:2730","bind_us":67,"ev":"d23_bind","gport":7300,"t_us":4520404520762,"why":"listen_state"}
{"ev":"leg_error","events":8216,"flow":672,"leg":0,"so_error":32}
{"age_ms":1,"ev":"flow_closed","flow":672,"kind":2,"reset":true,"why":"leg_error"}
{"ev":"d23_close","gport":7300,"t_us":4520404621132,"why":"listen_state"}
{"addr":"<metal-address>:2730","bind_us":52,"ev":"d23_bind","gport":7300,"t_us":4520404721343,"why":"listen_state"}
{"ev":"leg_error","events":8216,"flow":674,"leg":0,"so_error":32}
{"age_ms":1,"ev":"flow_closed","flow":674,"kind":2,"reset":true,"why":"leg_error"}
{"ev":"d23_close","gport":7300,"t_us":4520404821786,"why":"listen_state"}
{"addr":"<metal-address>:2730","bind_us":78,"ev":"d23_bind","gport":7300,"t_us":4520404922126,"why":"listen_state"}
{"ev":"leg_error","events":8216,"flow":676,"leg":0,"so_error":32}
{"age_ms":1,"ev":"flow_closed","flow":676,"kind":2,"reset":true,"why":"leg_error"}
{"ev":"d23_close","gport":7300,"t_us":4520405022498,"why":"listen_state"}
{"addr":"<metal-address>:2730","bind_us":68,"ev":"d23_bind","gport":7300,"t_us":4520405122822,"why":"listen_state"}
{"ev":"leg_error","events":8216,"flow":678,"leg":0,"so_error":32}
{"age_ms":1,"ev":"flow_closed","flow":678,"kind":2,"reset":true,"why":"leg_error"}
{"ev":"d23_close","gport":7300,"t_us":4520405223469,"why":"listen_state"}
{"addr":"<metal-address>:2730","bind_us":56,"ev":"d23_bind","gport":7300,"t_us":4520405323688,"why":"listen_state"}
{"ev":"leg_error","events":8216,"flow":680,"leg":0,"so_error":32}
{"age_ms":1,"ev":"flow_closed","flow":680,"kind":2,"reset":true,"why":"leg_error"}
{"ev":"d23_close","gport":7300,"t_us":4520405424297,"why":"listen_state"}
{"addr":"<metal-address>:2730","bind_us":72,"ev":"d23_bind","gport":7300,"t_us":4520405524600,"why":"listen_state"}
{"ev":"leg_error","events":8216,"flow":682,"leg":0,"so_error":32}
{"age_ms":1,"ev":"flow_closed","flow":682,"kind":2,"reset":true,"why":"leg_error"}
{"ev":"d23_close","gport":7300,"t_us":4520405625049,"why":"listen_state"}
{"addr":"<metal-address>:2730","bind_us":83,"ev":"d23_bind","gport":7300,"t_us":4520405725256,"why":"listen_state"}
{"ev":"leg_error","events":8216,"flow":684,"leg":0,"so_error":32}
{"age_ms":1,"ev":"flow_closed","flow":684,"kind":2,"reset":true,"why":"leg_error"}
{"ev":"d23_close","gport":7300,"t_us":4520405825766,"why":"listen_state"}
{"addr":"<metal-address>:2730","bind_us":81,"ev":"d23_bind","gport":7300,"t_us":4520405925990,"why":"listen_state"}
{"ev":"leg_error","events":8192,"flow":686,"leg":0,"so_error":32}
{"age_ms":1,"ev":"flow_closed","flow":686,"kind":2,"reset":true,"why":"leg_error"}
{"ev":"d23_close","gport":7300,"t_us":4520406026541,"why":"listen_state"}
{"addr":"<metal-address>:2730","bind_us":68,"ev":"d23_bind","gport":7300,"t_us":4520406126842,"why":"listen_state"}
{"ev":"leg_error","events":8216,"flow":688,"leg":0,"so_error":32}
{"age_ms":1,"ev":"flow_closed","flow":688,"kind":2,"reset":true,"why":"leg_error"}
{"ev":"d23_close","gport":7300,"t_us":4520406227220,"why":"listen_state"}
{"addr":"<metal-address>:2730","bind_us":57,"ev":"d23_bind","gport":7300,"t_us":4520406327408,"why":"listen_state"}
{"ev":"leg_error","events":8216,"flow":690,"leg":0,"so_error":32}
{"age_ms":1,"ev":"flow_closed","flow":690,"kind":2,"reset":true,"why":"leg_error"}
{"ev":"d23_close","gport":7300,"t_us":4520406427827,"why":"listen_state"}
{"addr":"<metal-address>:2730","bind_us":68,"ev":"d23_bind","gport":7300,"t_us":4520406528148,"why":"listen_state"}
{"ev":"leg_error","events":8216,"flow":692,"leg":0,"so_error":32}
{"age_ms":1,"ev":"flow_closed","flow":692,"kind":2,"reset":true,"why":"leg_error"}
{"ev":"d23_close","gport":7300,"t_us":4520406628502,"why":"listen_state"}
{"addr":"<metal-address>:2730","bind_us":52,"ev":"d23_bind","gport":7300,"t_us":4520406728689,"why":"listen_state"}
{"ev":"leg_error","events":8216,"flow":694,"leg":0,"so_error":32}
{"age_ms":1,"ev":"flow_closed","flow":694,"kind":2,"reset":true,"why":"leg_error"}
{"ev":"d23_close","gport":7300,"t_us":4520406829201,"why":"listen_state"}
{"addr":"<metal-address>:2730","bind_us":68,"ev":"d23_bind","gport":7300,"t_us":4520406929484,"why":"listen_state"}
{"ev":"leg_error","events":8216,"flow":696,"leg":0,"so_error":32}
{"age_ms":1,"ev":"flow_closed","flow":696,"kind":2,"reset":true,"why":"leg_error"}
{"ev":"d23_close","gport":7300,"t_us":4520407029808,"why":"listen_state"}
{"addr":"<metal-address>:2730","bind_us":68,"ev":"d23_bind","gport":7300,"t_us":4520407130145,"why":"listen_state"}
{"ev":"leg_error","events":8216,"flow":698,"leg":0,"so_error":32}
{"age_ms":1,"ev":"flow_closed","flow":698,"kind":2,"reset":true,"why":"leg_error"}
{"ev":"d23_close","gport":7300,"t_us":4520407230510,"why":"listen_state"}
{"addr":"<metal-address>:2730","bind_us":69,"ev":"d23_bind","gport":7300,"t_us":4520408337720,"why":"listen_state"}
{"ev":"leg_error","events":8216,"flow":700,"leg":0,"so_error":32}
{"age_ms":1,"ev":"flow_closed","flow":700,"kind":2,"reset":true,"why":"leg_error"}
{"ev":"leg_error","events":8216,"flow":702,"leg":0,"so_error":32}
{"age_ms":1,"ev":"flow_closed","flow":702,"kind":2,"reset":true,"why":"leg_error"}
{"ev":"leg_error","events":8216,"flow":704,"leg":0,"so_error":32}
{"age_ms":1,"ev":"flow_closed","flow":704,"kind":2,"reset":true,"why":"leg_error"}
{"ev":"leg_error","events":8216,"flow":706,"leg":0,"so_error":32}
{"age_ms":1,"ev":"flow_closed","flow":706,"kind":2,"reset":true,"why":"leg_error"}
{"ev":"leg_error","events":8216,"flow":708,"leg":0,"so_error":32}
{"age_ms":1,"ev":"flow_closed","flow":708,"kind":2,"reset":true,"why":"leg_error"}
{"ev":"leg_error","events":8216,"flow":710,"leg":0,"so_error":32}
{"age_ms":1,"ev":"flow_closed","flow":710,"kind":2,"reset":true,"why":"leg_error"}
{"ev":"leg_error","events":8216,"flow":712,"leg":0,"so_error":32}
{"age_ms":1,"ev":"flow_closed","flow":712,"kind":2,"reset":true,"why":"leg_error"}
{"ev":"leg_error","events":8216,"flow":714,"leg":0,"so_error":32}
{"age_ms":0,"ev":"flow_closed","flow":714,"kind":2,"reset":true,"why":"leg_error"}
{"ev":"leg_error","events":8216,"flow":716,"leg":0,"so_error":32}
{"age_ms":1,"ev":"flow_closed","flow":716,"kind":2,"reset":true,"why":"leg_error"}
{"ev":"leg_error","events":8216,"flow":718,"leg":0,"so_error":32}
{"age_ms":1,"ev":"flow_closed","flow":718,"kind":2,"reset":true,"why":"leg_error"}
{"ev":"leg_error","events":8216,"flow":720,"leg":0,"so_error":32}
{"age_ms":1,"ev":"flow_closed","flow":720,"kind":2,"reset":true,"why":"leg_error"}
{"ev":"leg_error","events":8216,"flow":722,"leg":0,"so_error":32}
{"age_ms":1,"ev":"flow_closed","flow":722,"kind":2,"reset":true,"why":"leg_error"}
{"ev":"leg_error","events":8216,"flow":724,"leg":0,"so_error":32}
{"age_ms":1,"ev":"flow_closed","flow":724,"kind":2,"reset":true,"why":"leg_error"}
{"ev":"leg_error","events":8216,"flow":726,"leg":0,"so_error":32}
{"age_ms":1,"ev":"flow_closed","flow":726,"kind":2,"reset":true,"why":"leg_error"}
{"ev":"leg_error","events":8216,"flow":728,"leg":0,"so_error":32}
{"age_ms":2,"ev":"flow_closed","flow":728,"kind":2,"reset":true,"why":"leg_error"}
{"ev":"leg_error","events":8216,"flow":730,"leg":0,"so_error":32}
{"age_ms":1,"ev":"flow_closed","flow":730,"kind":2,"reset":true,"why":"leg_error"}
{"ev":"leg_error","events":8216,"flow":732,"leg":0,"so_error":32}
{"age_ms":1,"ev":"flow_closed","flow":732,"kind":2,"reset":true,"why":"leg_error"}
{"ev":"leg_error","events":8216,"flow":734,"leg":0,"so_error":32}
{"age_ms":1,"ev":"flow_closed","flow":734,"kind":2,"reset":true,"why":"leg_error"}
{"ev":"leg_error","events":8216,"flow":736,"leg":0,"so_error":32}
{"age_ms":1,"ev":"flow_closed","flow":736,"kind":2,"reset":true,"why":"leg_error"}
{"ev":"leg_error","events":8216,"flow":738,"leg":0,"so_error":32}
{"age_ms":2,"ev":"flow_closed","flow":738,"kind":2,"reset":true,"why":"leg_error"}
{"ev":"d23_close","gport":7300,"t_us":4520409338053,"why":"listen_state"}
{"addr":"<metal-address>:2730","bind_us":71,"ev":"d23_bind","gport":7300,"t_us":4520410338265,"why":"listen_state"}
{"ev":"leg_error","events":8216,"flow":740,"leg":0,"so_error":32}
{"age_ms":1,"ev":"flow_closed","flow":740,"kind":2,"reset":true,"why":"leg_error"}
{"ev":"leg_error","events":8216,"flow":742,"leg":0,"so_error":32}
{"age_ms":1,"ev":"flow_closed","flow":742,"kind":2,"reset":true,"why":"leg_error"}
{"ev":"leg_error","events":8216,"flow":744,"leg":0,"so_error":32}
{"age_ms":1,"ev":"flow_closed","flow":744,"kind":2,"reset":true,"why":"leg_error"}
{"ev":"leg_error","events":8216,"flow":746,"leg":0,"so_error":32}
{"age_ms":1,"ev":"flow_closed","flow":746,"kind":2,"reset":true,"why":"leg_error"}
{"ev":"leg_error","events":8216,"flow":748,"leg":0,"so_error":32}
{"age_ms":1,"ev":"flow_closed","flow":748,"kind":2,"reset":true,"why":"leg_error"}
{"ev":"leg_error","events":8216,"flow":750,"leg":0,"so_error":32}
{"age_ms":0,"ev":"flow_closed","flow":750,"kind":2,"reset":true,"why":"leg_error"}
{"ev":"leg_error","events":8216,"flow":752,"leg":0,"so_error":32}
{"age_ms":1,"ev":"flow_closed","flow":752,"kind":2,"reset":true,"why":"leg_error"}
{"ev":"leg_error","events":8216,"flow":754,"leg":0,"so_error":32}
{"age_ms":2,"ev":"flow_closed","flow":754,"kind":2,"reset":true,"why":"leg_error"}
{"ev":"leg_error","events":8216,"flow":756,"leg":0,"so_error":32}
{"age_ms":1,"ev":"flow_closed","flow":756,"kind":2,"reset":true,"why":"leg_error"}
{"ev":"leg_error","events":8216,"flow":758,"leg":0,"so_error":32}
{"age_ms":1,"ev":"flow_closed","flow":758,"kind":2,"reset":true,"why":"leg_error"}
{"ev":"leg_error","events":8216,"flow":760,"leg":0,"so_error":32}
{"age_ms":1,"ev":"flow_closed","flow":760,"kind":2,"reset":true,"why":"leg_error"}
{"ev":"leg_error","events":8216,"flow":762,"leg":0,"so_error":32}
{"age_ms":1,"ev":"flow_closed","flow":762,"kind":2,"reset":true,"why":"leg_error"}
{"ev":"leg_error","events":8216,"flow":764,"leg":0,"so_error":32}
{"age_ms":1,"ev":"flow_closed","flow":764,"kind":2,"reset":true,"why":"leg_error"}
{"ev":"leg_error","events":8216,"flow":766,"leg":0,"so_error":32}
{"age_ms":1,"ev":"flow_closed","flow":766,"kind":2,"reset":true,"why":"leg_error"}
{"ev":"leg_error","events":8216,"flow":768,"leg":0,"so_error":32}
{"age_ms":1,"ev":"flow_closed","flow":768,"kind":2,"reset":true,"why":"leg_error"}
{"ev":"leg_error","events":8216,"flow":770,"leg":0,"so_error":32}
{"age_ms":1,"ev":"flow_closed","flow":770,"kind":2,"reset":true,"why":"leg_error"}
{"ev":"leg_error","events":8216,"flow":772,"leg":0,"so_error":32}
{"age_ms":1,"ev":"flow_closed","flow":772,"kind":2,"reset":true,"why":"leg_error"}
{"ev":"leg_error","events":8216,"flow":774,"leg":0,"so_error":32}
{"age_ms":1,"ev":"flow_closed","flow":774,"kind":2,"reset":true,"why":"leg_error"}
{"ev":"leg_error","events":8216,"flow":776,"leg":0,"so_error":32}
{"age_ms":1,"ev":"flow_closed","flow":776,"kind":2,"reset":true,"why":"leg_error"}
{"ev":"leg_error","events":8216,"flow":778,"leg":0,"so_error":32}
{"age_ms":1,"ev":"flow_closed","flow":778,"kind":2,"reset":true,"why":"leg_error"}
{"ev":"d23_close","gport":7300,"t_us":4520411338674,"why":"listen_state"}
{"addr":"<metal-address>:2731","bind_us":61,"ev":"d23_bind","gport":7301,"t_us":4520412369266,"why":"listen_state"}
{"ev":"d23_close","gport":7301,"t_us":4520412479665,"why":"listen_state"}
{"addr":"<metal-address>:2731","bind_us":75,"ev":"d23_bind","gport":7301,"t_us":4520412482470,"why":"listen_state"}
{"ev":"d23_close","gport":7301,"t_us":4520412592354,"why":"listen_state"}
{"addr":"<metal-address>:2732","bind_us":107,"ev":"d23_bind","gport":7302,"t_us":4520412649017,"why":"listen_state"}
{"ev":"d23_close","gport":7302,"t_us":4520416644745,"why":"listen_state"}
{"addr":"<metal-address>:2732","bind_us":39,"ev":"d23_bind","gport":7302,"t_us":4520417650283,"why":"listen_state"}
{"ev":"leg_error","events":8216,"flow":790,"leg":0,"so_error":32}
{"age_ms":1,"ev":"flow_closed","flow":790,"kind":2,"reset":true,"why":"leg_error"}
{"ev":"leg_error","events":8216,"flow":792,"leg":0,"so_error":32}
{"age_ms":0,"ev":"flow_closed","flow":792,"kind":2,"reset":true,"why":"leg_error"}
{"ev":"leg_error","events":8216,"flow":794,"leg":0,"so_error":32}
{"age_ms":119,"ev":"flow_closed","flow":794,"kind":2,"reset":true,"why":"leg_error"}
{"ev":"leg_error","events":8216,"flow":796,"leg":0,"so_error":32}
{"age_ms":117,"ev":"flow_closed","flow":796,"kind":2,"reset":true,"why":"leg_error"}
{"ev":"leg_error","events":8216,"flow":798,"leg":0,"so_error":32}
{"age_ms":115,"ev":"flow_closed","flow":798,"kind":2,"reset":true,"why":"leg_error"}
{"ev":"leg_error","events":8216,"flow":800,"leg":0,"so_error":32}
{"age_ms":114,"ev":"flow_closed","flow":800,"kind":2,"reset":true,"why":"leg_error"}
{"ev":"leg_error","events":8216,"flow":802,"leg":0,"so_error":32}
{"age_ms":113,"ev":"flow_closed","flow":802,"kind":2,"reset":true,"why":"leg_error"}
{"ev":"leg_error","events":8192,"flow":850,"leg":0,"so_error":32}
{"age_ms":62,"ev":"flow_closed","flow":850,"kind":2,"reset":true,"why":"leg_error"}
{"ev":"leg_error","events":8216,"flow":804,"leg":0,"so_error":32}
{"age_ms":111,"ev":"flow_closed","flow":804,"kind":2,"reset":true,"why":"leg_error"}
{"ev":"leg_error","events":8192,"flow":852,"leg":0,"so_error":32}
{"age_ms":61,"ev":"flow_closed","flow":852,"kind":2,"reset":true,"why":"leg_error"}
{"ev":"leg_error","events":8192,"flow":854,"leg":0,"so_error":32}
{"age_ms":59,"ev":"flow_closed","flow":854,"kind":2,"reset":true,"why":"leg_error"}
{"ev":"leg_error","events":8216,"flow":806,"leg":0,"so_error":32}
{"age_ms":110,"ev":"flow_closed","flow":806,"kind":2,"reset":true,"why":"leg_error"}
{"ev":"leg_error","events":8192,"flow":856,"leg":0,"so_error":32}
{"age_ms":57,"ev":"flow_closed","flow":856,"kind":2,"reset":true,"why":"leg_error"}
{"ev":"leg_error","events":8216,"flow":808,"leg":0,"so_error":32}
{"age_ms":108,"ev":"flow_closed","flow":808,"kind":2,"reset":true,"why":"leg_error"}
{"ev":"leg_error","events":8192,"flow":858,"leg":0,"so_error":32}
{"age_ms":56,"ev":"flow_closed","flow":858,"kind":2,"reset":true,"why":"leg_error"}
{"ev":"leg_error","events":8216,"flow":810,"leg":0,"so_error":32}
{"age_ms":106,"ev":"flow_closed","flow":810,"kind":2,"reset":true,"why":"leg_error"}
{"ev":"leg_error","events":8216,"flow":812,"leg":0,"so_error":32}
{"age_ms":105,"ev":"flow_closed","flow":812,"kind":2,"reset":true,"why":"leg_error"}
{"ev":"leg_error","events":8216,"flow":814,"leg":0,"so_error":32}
{"age_ms":103,"ev":"flow_closed","flow":814,"kind":2,"reset":true,"why":"leg_error"}
{"ev":"leg_error","events":8216,"flow":816,"leg":0,"so_error":32}
{"age_ms":101,"ev":"flow_closed","flow":816,"kind":2,"reset":true,"why":"leg_error"}
{"ev":"leg_error","events":8216,"flow":818,"leg":0,"so_error":32}
{"age_ms":99,"ev":"flow_closed","flow":818,"kind":2,"reset":true,"why":"leg_error"}
{"ev":"leg_error","events":8216,"flow":820,"leg":0,"so_error":32}
{"age_ms":97,"ev":"flow_closed","flow":820,"kind":2,"reset":true,"why":"leg_error"}
{"ev":"leg_error","events":8216,"flow":822,"leg":0,"so_error":32}
{"age_ms":95,"ev":"flow_closed","flow":822,"kind":2,"reset":true,"why":"leg_error"}
{"ev":"leg_error","events":8216,"flow":824,"leg":0,"so_error":32}
{"age_ms":93,"ev":"flow_closed","flow":824,"kind":2,"reset":true,"why":"leg_error"}
{"ev":"leg_error","events":8216,"flow":826,"leg":0,"so_error":32}
{"age_ms":91,"ev":"flow_closed","flow":826,"kind":2,"reset":true,"why":"leg_error"}
{"ev":"leg_error","events":8216,"flow":828,"leg":0,"so_error":32}
{"age_ms":89,"ev":"flow_closed","flow":828,"kind":2,"reset":true,"why":"leg_error"}
{"ev":"leg_error","events":8216,"flow":830,"leg":0,"so_error":32}
{"age_ms":88,"ev":"flow_closed","flow":830,"kind":2,"reset":true,"why":"leg_error"}
{"ev":"leg_error","events":8216,"flow":832,"leg":0,"so_error":32}
{"age_ms":86,"ev":"flow_closed","flow":832,"kind":2,"reset":true,"why":"leg_error"}
{"ev":"leg_error","events":8216,"flow":834,"leg":0,"so_error":32}
{"age_ms":84,"ev":"flow_closed","flow":834,"kind":2,"reset":true,"why":"leg_error"}
{"ev":"leg_error","events":8216,"flow":836,"leg":0,"so_error":32}
{"age_ms":82,"ev":"flow_closed","flow":836,"kind":2,"reset":true,"why":"leg_error"}
{"ev":"leg_error","events":8216,"flow":838,"leg":0,"so_error":32}
{"age_ms":80,"ev":"flow_closed","flow":838,"kind":2,"reset":true,"why":"leg_error"}
{"ev":"leg_error","events":8216,"flow":840,"leg":0,"so_error":32}
{"age_ms":78,"ev":"flow_closed","flow":840,"kind":2,"reset":true,"why":"leg_error"}
{"ev":"leg_error","events":8216,"flow":842,"leg":0,"so_error":32}
{"age_ms":76,"ev":"flow_closed","flow":842,"kind":2,"reset":true,"why":"leg_error"}
{"ev":"leg_error","events":8216,"flow":844,"leg":0,"so_error":32}
{"age_ms":74,"ev":"flow_closed","flow":844,"kind":2,"reset":true,"why":"leg_error"}
{"ev":"leg_error","events":8216,"flow":846,"leg":0,"so_error":32}
{"age_ms":73,"ev":"flow_closed","flow":846,"kind":2,"reset":true,"why":"leg_error"}
{"ev":"leg_error","events":8216,"flow":860,"leg":0,"so_error":32}
{"age_ms":58,"ev":"flow_closed","flow":860,"kind":2,"reset":true,"why":"leg_error"}
{"ev":"leg_error","events":8216,"flow":862,"leg":0,"so_error":32}
{"age_ms":56,"ev":"flow_closed","flow":862,"kind":2,"reset":true,"why":"leg_error"}
{"ev":"leg_error","events":8216,"flow":864,"leg":0,"so_error":32}
{"age_ms":55,"ev":"flow_closed","flow":864,"kind":2,"reset":true,"why":"leg_error"}
{"ev":"leg_error","events":8216,"flow":866,"leg":0,"so_error":32}
{"age_ms":53,"ev":"flow_closed","flow":866,"kind":2,"reset":true,"why":"leg_error"}
{"ev":"leg_error","events":8216,"flow":868,"leg":0,"so_error":32}
{"age_ms":51,"ev":"flow_closed","flow":868,"kind":2,"reset":true,"why":"leg_error"}
{"ev":"leg_error","events":8216,"flow":870,"leg":0,"so_error":32}
{"age_ms":49,"ev":"flow_closed","flow":870,"kind":2,"reset":true,"why":"leg_error"}
{"ev":"leg_error","events":8216,"flow":872,"leg":0,"so_error":32}
{"age_ms":47,"ev":"flow_closed","flow":872,"kind":2,"reset":true,"why":"leg_error"}
{"ev":"leg_error","events":8216,"flow":874,"leg":0,"so_error":32}
{"age_ms":45,"ev":"flow_closed","flow":874,"kind":2,"reset":true,"why":"leg_error"}
{"ev":"leg_error","events":8216,"flow":876,"leg":0,"so_error":32}
{"age_ms":43,"ev":"flow_closed","flow":876,"kind":2,"reset":true,"why":"leg_error"}
{"ev":"leg_error","events":8216,"flow":848,"leg":0,"so_error":32}
{"age_ms":73,"ev":"flow_closed","flow":848,"kind":2,"reset":true,"why":"leg_error"}
{"ev":"leg_error","events":8216,"flow":878,"leg":0,"so_error":32}
{"age_ms":42,"ev":"flow_closed","flow":878,"kind":2,"reset":true,"why":"leg_error"}
{"ev":"leg_error","events":8216,"flow":880,"leg":0,"so_error":32}
{"age_ms":40,"ev":"flow_closed","flow":880,"kind":2,"reset":true,"why":"leg_error"}
{"ev":"leg_error","events":8216,"flow":882,"leg":0,"so_error":32}
{"age_ms":38,"ev":"flow_closed","flow":882,"kind":2,"reset":true,"why":"leg_error"}
{"ev":"leg_error","events":8216,"flow":884,"leg":0,"so_error":32}
{"age_ms":36,"ev":"flow_closed","flow":884,"kind":2,"reset":true,"why":"leg_error"}
{"ev":"leg_error","events":8216,"flow":886,"leg":0,"so_error":32}
{"age_ms":35,"ev":"flow_closed","flow":886,"kind":2,"reset":true,"why":"leg_error"}
{"ev":"leg_error","events":8216,"flow":888,"leg":0,"so_error":32}
{"age_ms":33,"ev":"flow_closed","flow":888,"kind":2,"reset":true,"why":"leg_error"}
{"ev":"leg_error","events":8216,"flow":890,"leg":0,"so_error":32}
{"age_ms":31,"ev":"flow_closed","flow":890,"kind":2,"reset":true,"why":"leg_error"}
{"ev":"leg_error","events":8216,"flow":892,"leg":0,"so_error":32}
{"age_ms":29,"ev":"flow_closed","flow":892,"kind":2,"reset":true,"why":"leg_error"}
{"ev":"leg_error","events":8216,"flow":894,"leg":0,"so_error":32}
{"age_ms":27,"ev":"flow_closed","flow":894,"kind":2,"reset":true,"why":"leg_error"}
{"ev":"leg_error","events":8216,"flow":896,"leg":0,"so_error":32}
{"age_ms":25,"ev":"flow_closed","flow":896,"kind":2,"reset":true,"why":"leg_error"}
{"ev":"leg_error","events":8216,"flow":898,"leg":0,"so_error":32}
{"age_ms":23,"ev":"flow_closed","flow":898,"kind":2,"reset":true,"why":"leg_error"}
{"ev":"leg_error","events":8216,"flow":900,"leg":0,"so_error":32}
{"age_ms":21,"ev":"flow_closed","flow":900,"kind":2,"reset":true,"why":"leg_error"}
{"ev":"leg_error","events":8216,"flow":902,"leg":0,"so_error":32}
{"age_ms":20,"ev":"flow_closed","flow":902,"kind":2,"reset":true,"why":"leg_error"}
{"ev":"leg_error","events":8216,"flow":904,"leg":0,"so_error":32}
{"age_ms":18,"ev":"flow_closed","flow":904,"kind":2,"reset":true,"why":"leg_error"}
{"ev":"leg_error","events":8216,"flow":906,"leg":0,"so_error":32}
{"age_ms":16,"ev":"flow_closed","flow":906,"kind":2,"reset":true,"why":"leg_error"}
{"ev":"leg_error","events":8216,"flow":908,"leg":0,"so_error":32}
{"age_ms":14,"ev":"flow_closed","flow":908,"kind":2,"reset":true,"why":"leg_error"}
{"ev":"leg_error","events":8216,"flow":910,"leg":0,"so_error":32}
{"age_ms":8,"ev":"flow_closed","flow":910,"kind":2,"reset":true,"why":"leg_error"}
{"ev":"leg_error","events":8216,"flow":912,"leg":0,"so_error":32}
{"age_ms":8,"ev":"flow_closed","flow":912,"kind":2,"reset":true,"why":"leg_error"}
{"ev":"leg_error","events":8216,"flow":914,"leg":0,"so_error":32}
{"age_ms":8,"ev":"flow_closed","flow":914,"kind":2,"reset":true,"why":"leg_error"}
{"ev":"leg_error","events":8216,"flow":916,"leg":0,"so_error":32}
{"age_ms":8,"ev":"flow_closed","flow":916,"kind":2,"reset":true,"why":"leg_error"}
{"ev":"leg_error","events":8216,"flow":918,"leg":0,"so_error":32}
{"age_ms":8,"ev":"flow_closed","flow":918,"kind":2,"reset":true,"why":"leg_error"}
{"ev":"leg_error","events":8216,"flow":920,"leg":0,"so_error":32}
{"age_ms":4,"ev":"flow_closed","flow":920,"kind":2,"reset":true,"why":"leg_error"}
{"ev":"leg_error","events":8216,"flow":922,"leg":0,"so_error":32}
{"age_ms":5,"ev":"flow_closed","flow":922,"kind":2,"reset":true,"why":"leg_error"}
{"ev":"leg_error","events":8216,"flow":924,"leg":0,"so_error":32}
{"age_ms":3,"ev":"flow_closed","flow":924,"kind":2,"reset":true,"why":"leg_error"}
{"ev":"leg_error","events":8216,"flow":926,"leg":0,"so_error":32}
{"age_ms":0,"ev":"flow_closed","flow":926,"kind":2,"reset":true,"why":"leg_error"}
{"ev":"leg_error","events":8216,"flow":928,"leg":0,"so_error":32}
{"age_ms":0,"ev":"flow_closed","flow":928,"kind":2,"reset":true,"why":"leg_error"}
{"ev":"leg_error","events":8216,"flow":930,"leg":0,"so_error":32}
{"age_ms":0,"ev":"flow_closed","flow":930,"kind":2,"reset":true,"why":"leg_error"}
{"ev":"leg_error","events":8216,"flow":932,"leg":0,"so_error":32}
{"age_ms":0,"ev":"flow_closed","flow":932,"kind":2,"reset":true,"why":"leg_error"}
{"ev":"leg_error","events":8216,"flow":934,"leg":0,"so_error":32}
{"age_ms":0,"ev":"flow_closed","flow":934,"kind":2,"reset":true,"why":"leg_error"}
{"ev":"leg_error","events":8216,"flow":936,"leg":0,"so_error":32}
{"age_ms":0,"ev":"flow_closed","flow":936,"kind":2,"reset":true,"why":"leg_error"}
{"ev":"leg_error","events":8216,"flow":938,"leg":0,"so_error":32}
{"age_ms":0,"ev":"flow_closed","flow":938,"kind":2,"reset":true,"why":"leg_error"}
{"ev":"leg_error","events":8216,"flow":940,"leg":0,"so_error":32}
{"age_ms":1,"ev":"flow_closed","flow":940,"kind":2,"reset":true,"why":"leg_error"}
{"ev":"leg_error","events":8216,"flow":942,"leg":0,"so_error":32}
{"age_ms":1,"ev":"flow_closed","flow":942,"kind":2,"reset":true,"why":"leg_error"}
{"ev":"leg_error","events":8216,"flow":944,"leg":0,"so_error":32}
{"age_ms":1,"ev":"flow_closed","flow":944,"kind":2,"reset":true,"why":"leg_error"}
{"ev":"leg_error","events":8216,"flow":946,"leg":0,"so_error":32}
{"age_ms":1,"ev":"flow_closed","flow":946,"kind":2,"reset":true,"why":"leg_error"}
{"ev":"leg_error","events":8216,"flow":948,"leg":0,"so_error":32}
{"age_ms":1,"ev":"flow_closed","flow":948,"kind":2,"reset":true,"why":"leg_error"}
{"ev":"leg_error","events":8216,"flow":950,"leg":0,"so_error":32}
{"age_ms":1,"ev":"flow_closed","flow":950,"kind":2,"reset":true,"why":"leg_error"}
{"ev":"leg_error","events":8216,"flow":952,"leg":0,"so_error":32}
{"age_ms":1,"ev":"flow_closed","flow":952,"kind":2,"reset":true,"why":"leg_error"}
{"ev":"leg_error","events":8216,"flow":954,"leg":0,"so_error":32}
{"age_ms":0,"ev":"flow_closed","flow":954,"kind":2,"reset":true,"why":"leg_error"}
{"ev":"leg_error","events":8216,"flow":956,"leg":0,"so_error":32}
{"age_ms":0,"ev":"flow_closed","flow":956,"kind":2,"reset":true,"why":"leg_error"}
{"ev":"leg_error","events":8216,"flow":958,"leg":0,"so_error":32}
{"age_ms":0,"ev":"flow_closed","flow":958,"kind":2,"reset":true,"why":"leg_error"}
{"ev":"leg_error","events":8216,"flow":960,"leg":0,"so_error":32}
{"age_ms":0,"ev":"flow_closed","flow":960,"kind":2,"reset":true,"why":"leg_error"}
{"ev":"leg_error","events":8216,"flow":962,"leg":0,"so_error":32}
{"age_ms":0,"ev":"flow_closed","flow":962,"kind":2,"reset":true,"why":"leg_error"}
{"ev":"leg_error","events":8216,"flow":964,"leg":0,"so_error":32}
{"age_ms":0,"ev":"flow_closed","flow":964,"kind":2,"reset":true,"why":"leg_error"}
{"ev":"leg_error","events":8216,"flow":966,"leg":0,"so_error":32}
{"age_ms":0,"ev":"flow_closed","flow":966,"kind":2,"reset":true,"why":"leg_error"}
{"ev":"leg_error","events":8216,"flow":968,"leg":0,"so_error":32}
{"age_ms":0,"ev":"flow_closed","flow":968,"kind":2,"reset":true,"why":"leg_error"}
{"ev":"leg_error","events":8216,"flow":970,"leg":0,"so_error":32}
{"age_ms":0,"ev":"flow_closed","flow":970,"kind":2,"reset":true,"why":"leg_error"}
{"ev":"leg_error","events":8216,"flow":972,"leg":0,"so_error":32}
{"age_ms":0,"ev":"flow_closed","flow":972,"kind":2,"reset":true,"why":"leg_error"}
{"ev":"leg_error","events":8216,"flow":974,"leg":0,"so_error":32}
{"age_ms":0,"ev":"flow_closed","flow":974,"kind":2,"reset":true,"why":"leg_error"}
{"ev":"leg_error","events":8216,"flow":976,"leg":0,"so_error":32}
{"age_ms":0,"ev":"flow_closed","flow":976,"kind":2,"reset":true,"why":"leg_error"}
{"ev":"leg_error","events":8216,"flow":978,"leg":0,"so_error":32}
{"age_ms":0,"ev":"flow_closed","flow":978,"kind":2,"reset":true,"why":"leg_error"}
{"ev":"leg_error","events":8216,"flow":980,"leg":0,"so_error":32}
{"age_ms":0,"ev":"flow_closed","flow":980,"kind":2,"reset":true,"why":"leg_error"}
{"ev":"leg_error","events":8216,"flow":982,"leg":0,"so_error":32}
{"age_ms":0,"ev":"flow_closed","flow":982,"kind":2,"reset":true,"why":"leg_error"}
{"ev":"leg_error","events":8216,"flow":984,"leg":0,"so_error":32}
{"age_ms":1,"ev":"flow_closed","flow":984,"kind":2,"reset":true,"why":"leg_error"}
{"ev":"leg_error","events":8216,"flow":986,"leg":0,"so_error":32}
{"age_ms":1,"ev":"flow_closed","flow":986,"kind":2,"reset":true,"why":"leg_error"}
{"ev":"leg_error","events":8216,"flow":988,"leg":0,"so_error":32}
{"age_ms":1,"ev":"flow_closed","flow":988,"kind":2,"reset":true,"why":"leg_error"}
{"ev":"leg_error","events":8216,"flow":990,"leg":0,"so_error":32}
{"age_ms":1,"ev":"flow_closed","flow":990,"kind":2,"reset":true,"why":"leg_error"}
{"ev":"leg_error","events":8216,"flow":992,"leg":0,"so_error":32}
{"age_ms":1,"ev":"flow_closed","flow":992,"kind":2,"reset":true,"why":"leg_error"}
{"ev":"leg_error","events":8216,"flow":994,"leg":0,"so_error":32}
{"age_ms":1,"ev":"flow_closed","flow":994,"kind":2,"reset":true,"why":"leg_error"}
{"ev":"leg_error","events":8216,"flow":996,"leg":0,"so_error":32}
{"age_ms":1,"ev":"flow_closed","flow":996,"kind":2,"reset":true,"why":"leg_error"}
{"ev":"leg_error","events":8216,"flow":998,"leg":0,"so_error":32}
{"age_ms":0,"ev":"flow_closed","flow":998,"kind":2,"reset":true,"why":"leg_error"}
{"ev":"leg_error","events":8216,"flow":1000,"leg":0,"so_error":32}
{"age_ms":0,"ev":"flow_closed","flow":1000,"kind":2,"reset":true,"why":"leg_error"}
{"ev":"leg_error","events":8216,"flow":1002,"leg":0,"so_error":32}
{"age_ms":0,"ev":"flow_closed","flow":1002,"kind":2,"reset":true,"why":"leg_error"}
{"ev":"leg_error","events":8216,"flow":1004,"leg":0,"so_error":32}
{"age_ms":0,"ev":"flow_closed","flow":1004,"kind":2,"reset":true,"why":"leg_error"}
{"ev":"leg_error","events":8216,"flow":1006,"leg":0,"so_error":32}
{"age_ms":0,"ev":"flow_closed","flow":1006,"kind":2,"reset":true,"why":"leg_error"}
{"ev":"leg_error","events":8216,"flow":1008,"leg":0,"so_error":32}
{"age_ms":0,"ev":"flow_closed","flow":1008,"kind":2,"reset":true,"why":"leg_error"}
{"ev":"leg_error","events":8216,"flow":1010,"leg":0,"so_error":32}
{"age_ms":0,"ev":"flow_closed","flow":1010,"kind":2,"reset":true,"why":"leg_error"}
{"ev":"leg_error","events":8216,"flow":1012,"leg":0,"so_error":32}
{"age_ms":0,"ev":"flow_closed","flow":1012,"kind":2,"reset":true,"why":"leg_error"}
{"ev":"leg_error","events":8216,"flow":1014,"leg":0,"so_error":32}
{"age_ms":0,"ev":"flow_closed","flow":1014,"kind":2,"reset":true,"why":"leg_error"}
{"ev":"leg_error","events":8216,"flow":1016,"leg":0,"so_error":32}
{"age_ms":0,"ev":"flow_closed","flow":1016,"kind":2,"reset":true,"why":"leg_error"}
{"ev":"leg_error","events":8216,"flow":1018,"leg":0,"so_error":32}
{"age_ms":0,"ev":"flow_closed","flow":1018,"kind":2,"reset":true,"why":"leg_error"}
{"ev":"leg_error","events":8216,"flow":1020,"leg":0,"so_error":32}
{"age_ms":0,"ev":"flow_closed","flow":1020,"kind":2,"reset":true,"why":"leg_error"}
{"ev":"leg_error","events":8216,"flow":1022,"leg":0,"so_error":32}
{"age_ms":0,"ev":"flow_closed","flow":1022,"kind":2,"reset":true,"why":"leg_error"}
{"ev":"leg_error","events":8216,"flow":1024,"leg":0,"so_error":32}
{"age_ms":1,"ev":"flow_closed","flow":1024,"kind":2,"reset":true,"why":"leg_error"}
{"ev":"leg_error","events":8216,"flow":1026,"leg":0,"so_error":32}
{"age_ms":1,"ev":"flow_closed","flow":1026,"kind":2,"reset":true,"why":"leg_error"}
{"ev":"leg_error","events":8216,"flow":1028,"leg":0,"so_error":32}
{"age_ms":1,"ev":"flow_closed","flow":1028,"kind":2,"reset":true,"why":"leg_error"}
{"ev":"leg_error","events":8216,"flow":1030,"leg":0,"so_error":32}
{"age_ms":1,"ev":"flow_closed","flow":1030,"kind":2,"reset":true,"why":"leg_error"}
{"ev":"leg_error","events":8216,"flow":1032,"leg":0,"so_error":32}
{"age_ms":1,"ev":"flow_closed","flow":1032,"kind":2,"reset":true,"why":"leg_error"}
{"ev":"leg_error","events":8216,"flow":1034,"leg":0,"so_error":32}
{"age_ms":1,"ev":"flow_closed","flow":1034,"kind":2,"reset":true,"why":"leg_error"}
{"ev":"leg_error","events":8216,"flow":1036,"leg":0,"so_error":32}
{"age_ms":0,"ev":"flow_closed","flow":1036,"kind":2,"reset":true,"why":"leg_error"}
{"ev":"leg_error","events":8216,"flow":1038,"leg":0,"so_error":32}
{"age_ms":0,"ev":"flow_closed","flow":1038,"kind":2,"reset":true,"why":"leg_error"}
{"ev":"leg_error","events":8216,"flow":1040,"leg":0,"so_error":32}
{"age_ms":0,"ev":"flow_closed","flow":1040,"kind":2,"reset":true,"why":"leg_error"}
{"ev":"leg_error","events":8216,"flow":1042,"leg":0,"so_error":32}
{"age_ms":0,"ev":"flow_closed","flow":1042,"kind":2,"reset":true,"why":"leg_error"}
{"ev":"leg_error","events":8216,"flow":1044,"leg":0,"so_error":32}
{"age_ms":0,"ev":"flow_closed","flow":1044,"kind":2,"reset":true,"why":"leg_error"}
{"ev":"leg_error","events":8216,"flow":1046,"leg":0,"so_error":32}
{"age_ms":0,"ev":"flow_closed","flow":1046,"kind":2,"reset":true,"why":"leg_error"}
{"ev":"leg_error","events":8216,"flow":1048,"leg":0,"so_error":32}
{"age_ms":0,"ev":"flow_closed","flow":1048,"kind":2,"reset":true,"why":"leg_error"}
{"ev":"leg_error","events":8216,"flow":1050,"leg":0,"so_error":32}
{"age_ms":0,"ev":"flow_closed","flow":1050,"kind":2,"reset":true,"why":"leg_error"}
{"ev":"leg_error","events":8216,"flow":1052,"leg":0,"so_error":32}
{"age_ms":0,"ev":"flow_closed","flow":1052,"kind":2,"reset":true,"why":"leg_error"}
{"ev":"leg_error","events":8216,"flow":1054,"leg":0,"so_error":32}
{"age_ms":0,"ev":"flow_closed","flow":1054,"kind":2,"reset":true,"why":"leg_error"}
{"ev":"leg_error","events":8216,"flow":1056,"leg":0,"so_error":32}
{"age_ms":0,"ev":"flow_closed","flow":1056,"kind":2,"reset":true,"why":"leg_error"}
{"ev":"leg_error","events":8216,"flow":1058,"leg":0,"so_error":32}
{"age_ms":0,"ev":"flow_closed","flow":1058,"kind":2,"reset":true,"why":"leg_error"}
{"ev":"leg_error","events":8216,"flow":1060,"leg":0,"so_error":32}
{"age_ms":1,"ev":"flow_closed","flow":1060,"kind":2,"reset":true,"why":"leg_error"}
{"ev":"leg_error","events":8216,"flow":1062,"leg":0,"so_error":32}
{"age_ms":1,"ev":"flow_closed","flow":1062,"kind":2,"reset":true,"why":"leg_error"}
{"ev":"leg_error","events":8216,"flow":1064,"leg":0,"so_error":32}
{"age_ms":1,"ev":"flow_closed","flow":1064,"kind":2,"reset":true,"why":"leg_error"}
{"ev":"leg_error","events":8216,"flow":1066,"leg":0,"so_error":32}
{"age_ms":1,"ev":"flow_closed","flow":1066,"kind":2,"reset":true,"why":"leg_error"}
{"ev":"leg_error","events":8216,"flow":1068,"leg":0,"so_error":32}
{"age_ms":1,"ev":"flow_closed","flow":1068,"kind":2,"reset":true,"why":"leg_error"}
{"ev":"leg_error","events":8216,"flow":1070,"leg":0,"so_error":32}
{"age_ms":1,"ev":"flow_closed","flow":1070,"kind":2,"reset":true,"why":"leg_error"}
{"ev":"leg_error","events":8216,"flow":1072,"leg":0,"so_error":32}
{"age_ms":0,"ev":"flow_closed","flow":1072,"kind":2,"reset":true,"why":"leg_error"}
{"ev":"leg_error","events":8216,"flow":1074,"leg":0,"so_error":32}
{"age_ms":0,"ev":"flow_closed","flow":1074,"kind":2,"reset":true,"why":"leg_error"}
{"ev":"leg_error","events":8216,"flow":1076,"leg":0,"so_error":32}
{"age_ms":0,"ev":"flow_closed","flow":1076,"kind":2,"reset":true,"why":"leg_error"}
{"ev":"leg_error","events":8216,"flow":1078,"leg":0,"so_error":32}
{"age_ms":0,"ev":"flow_closed","flow":1078,"kind":2,"reset":true,"why":"leg_error"}
{"ev":"leg_error","events":8216,"flow":1080,"leg":0,"so_error":32}
{"age_ms":1,"ev":"flow_closed","flow":1080,"kind":2,"reset":true,"why":"leg_error"}
{"ev":"leg_error","events":8216,"flow":1082,"leg":0,"so_error":32}
{"age_ms":1,"ev":"flow_closed","flow":1082,"kind":2,"reset":true,"why":"leg_error"}
{"ev":"leg_error","events":8216,"flow":1084,"leg":0,"so_error":32}
{"age_ms":1,"ev":"flow_closed","flow":1084,"kind":2,"reset":true,"why":"leg_error"}
{"ev":"leg_error","events":8216,"flow":1086,"leg":0,"so_error":32}
{"age_ms":1,"ev":"flow_closed","flow":1086,"kind":2,"reset":true,"why":"leg_error"}
{"ev":"leg_error","events":8216,"flow":1088,"leg":0,"so_error":32}
{"age_ms":0,"ev":"flow_closed","flow":1088,"kind":2,"reset":true,"why":"leg_error"}
{"ev":"leg_error","events":8216,"flow":1090,"leg":0,"so_error":32}
{"age_ms":0,"ev":"flow_closed","flow":1090,"kind":2,"reset":true,"why":"leg_error"}
{"ev":"leg_error","events":8216,"flow":1092,"leg":0,"so_error":32}
{"age_ms":0,"ev":"flow_closed","flow":1092,"kind":2,"reset":true,"why":"leg_error"}
{"ev":"leg_error","events":8216,"flow":1094,"leg":0,"so_error":32}
{"age_ms":0,"ev":"flow_closed","flow":1094,"kind":2,"reset":true,"why":"leg_error"}
{"ev":"leg_error","events":8216,"flow":1096,"leg":0,"so_error":32}
{"age_ms":0,"ev":"flow_closed","flow":1096,"kind":2,"reset":true,"why":"leg_error"}
{"ev":"leg_error","events":8216,"flow":1098,"leg":0,"so_error":32}
{"age_ms":1,"ev":"flow_closed","flow":1098,"kind":2,"reset":true,"why":"leg_error"}
{"ev":"leg_error","events":8216,"flow":1100,"leg":0,"so_error":32}
{"age_ms":1,"ev":"flow_closed","flow":1100,"kind":2,"reset":true,"why":"leg_error"}
{"ev":"leg_error","events":8216,"flow":1102,"leg":0,"so_error":32}
{"age_ms":1,"ev":"flow_closed","flow":1102,"kind":2,"reset":true,"why":"leg_error"}
{"ev":"leg_error","events":8216,"flow":1104,"leg":0,"so_error":32}
{"age_ms":1,"ev":"flow_closed","flow":1104,"kind":2,"reset":true,"why":"leg_error"}
{"ev":"leg_error","events":8216,"flow":1106,"leg":0,"so_error":32}
{"age_ms":1,"ev":"flow_closed","flow":1106,"kind":2,"reset":true,"why":"leg_error"}
{"ev":"leg_error","events":8216,"flow":1108,"leg":0,"so_error":32}
{"age_ms":1,"ev":"flow_closed","flow":1108,"kind":2,"reset":true,"why":"leg_error"}
{"ev":"leg_error","events":8216,"flow":1110,"leg":0,"so_error":32}
{"age_ms":0,"ev":"flow_closed","flow":1110,"kind":2,"reset":true,"why":"leg_error"}
{"ev":"leg_error","events":8216,"flow":1112,"leg":0,"so_error":32}
{"age_ms":0,"ev":"flow_closed","flow":1112,"kind":2,"reset":true,"why":"leg_error"}
{"ev":"leg_error","events":8216,"flow":1114,"leg":0,"so_error":32}
{"age_ms":0,"ev":"flow_closed","flow":1114,"kind":2,"reset":true,"why":"leg_error"}
{"ev":"leg_error","events":8216,"flow":1116,"leg":0,"so_error":32}
{"age_ms":1,"ev":"flow_closed","flow":1116,"kind":2,"reset":true,"why":"leg_error"}
{"ev":"leg_error","events":8216,"flow":1118,"leg":0,"so_error":32}
{"age_ms":1,"ev":"flow_closed","flow":1118,"kind":2,"reset":true,"why":"leg_error"}
{"ev":"leg_error","events":8216,"flow":1120,"leg":0,"so_error":32}
{"age_ms":1,"ev":"flow_closed","flow":1120,"kind":2,"reset":true,"why":"leg_error"}
{"ev":"leg_error","events":8216,"flow":1122,"leg":0,"so_error":32}
{"age_ms":1,"ev":"flow_closed","flow":1122,"kind":2,"reset":true,"why":"leg_error"}
{"ev":"leg_error","events":8216,"flow":1124,"leg":0,"so_error":32}
{"age_ms":1,"ev":"flow_closed","flow":1124,"kind":2,"reset":true,"why":"leg_error"}
{"ev":"leg_error","events":8216,"flow":1126,"leg":0,"so_error":32}
{"age_ms":1,"ev":"flow_closed","flow":1126,"kind":2,"reset":true,"why":"leg_error"}
{"ev":"leg_error","events":8216,"flow":1128,"leg":0,"so_error":32}
{"age_ms":0,"ev":"flow_closed","flow":1128,"kind":2,"reset":true,"why":"leg_error"}
{"ev":"leg_error","events":8216,"flow":1130,"leg":0,"so_error":32}
{"age_ms":0,"ev":"flow_closed","flow":1130,"kind":2,"reset":true,"why":"leg_error"}
{"ev":"leg_error","events":8216,"flow":1132,"leg":0,"so_error":32}
{"age_ms":0,"ev":"flow_closed","flow":1132,"kind":2,"reset":true,"why":"leg_error"}
{"ev":"leg_error","events":8216,"flow":1134,"leg":0,"so_error":32}
{"age_ms":1,"ev":"flow_closed","flow":1134,"kind":2,"reset":true,"why":"leg_error"}
{"ev":"leg_error","events":8216,"flow":1136,"leg":0,"so_error":32}
{"age_ms":1,"ev":"flow_closed","flow":1136,"kind":2,"reset":true,"why":"leg_error"}
{"ev":"leg_error","events":8216,"flow":1138,"leg":0,"so_error":32}
{"age_ms":1,"ev":"flow_closed","flow":1138,"kind":2,"reset":true,"why":"leg_error"}
{"ev":"leg_error","events":8216,"flow":1140,"leg":0,"so_error":32}
{"age_ms":1,"ev":"flow_closed","flow":1140,"kind":2,"reset":true,"why":"leg_error"}
{"ev":"leg_error","events":8216,"flow":1142,"leg":0,"so_error":32}
{"age_ms":1,"ev":"flow_closed","flow":1142,"kind":2,"reset":true,"why":"leg_error"}
{"ev":"leg_error","events":8216,"flow":1144,"leg":0,"so_error":32}
{"age_ms":0,"ev":"flow_closed","flow":1144,"kind":2,"reset":true,"why":"leg_error"}
{"ev":"leg_error","events":8216,"flow":1146,"leg":0,"so_error":32}
{"age_ms":0,"ev":"flow_closed","flow":1146,"kind":2,"reset":true,"why":"leg_error"}
{"ev":"leg_error","events":8216,"flow":1148,"leg":0,"so_error":32}
{"age_ms":0,"ev":"flow_closed","flow":1148,"kind":2,"reset":true,"why":"leg_error"}
{"ev":"leg_error","events":8216,"flow":1150,"leg":0,"so_error":32}
{"age_ms":0,"ev":"flow_closed","flow":1150,"kind":2,"reset":true,"why":"leg_error"}
{"ev":"leg_error","events":8216,"flow":1152,"leg":0,"so_error":32}
{"age_ms":1,"ev":"flow_closed","flow":1152,"kind":2,"reset":true,"why":"leg_error"}
{"ev":"leg_error","events":8216,"flow":1154,"leg":0,"so_error":32}
{"age_ms":1,"ev":"flow_closed","flow":1154,"kind":2,"reset":true,"why":"leg_error"}
{"ev":"leg_error","events":8216,"flow":1156,"leg":0,"so_error":32}
{"age_ms":1,"ev":"flow_closed","flow":1156,"kind":2,"reset":true,"why":"leg_error"}
{"ev":"leg_error","events":8216,"flow":1158,"leg":0,"so_error":32}
{"age_ms":1,"ev":"flow_closed","flow":1158,"kind":2,"reset":true,"why":"leg_error"}
{"ev":"leg_error","events":8216,"flow":1160,"leg":0,"so_error":32}
{"age_ms":1,"ev":"flow_closed","flow":1160,"kind":2,"reset":true,"why":"leg_error"}
{"ev":"leg_error","events":8216,"flow":1162,"leg":0,"so_error":32}
{"age_ms":0,"ev":"flow_closed","flow":1162,"kind":2,"reset":true,"why":"leg_error"}
{"ev":"leg_error","events":8216,"flow":1164,"leg":0,"so_error":32}
{"age_ms":0,"ev":"flow_closed","flow":1164,"kind":2,"reset":true,"why":"leg_error"}
{"ev":"leg_error","events":8216,"flow":1166,"leg":0,"so_error":32}
{"age_ms":0,"ev":"flow_closed","flow":1166,"kind":2,"reset":true,"why":"leg_error"}
{"ev":"leg_error","events":8216,"flow":1168,"leg":0,"so_error":32}
{"age_ms":0,"ev":"flow_closed","flow":1168,"kind":2,"reset":true,"why":"leg_error"}
{"ev":"leg_error","events":8216,"flow":1170,"leg":0,"so_error":32}
{"age_ms":0,"ev":"flow_closed","flow":1170,"kind":2,"reset":true,"why":"leg_error"}
{"ev":"leg_error","events":8216,"flow":1172,"leg":0,"so_error":32}
{"age_ms":1,"ev":"flow_closed","flow":1172,"kind":2,"reset":true,"why":"leg_error"}
{"ev":"leg_error","events":8216,"flow":1174,"leg":0,"so_error":32}
{"age_ms":1,"ev":"flow_closed","flow":1174,"kind":2,"reset":true,"why":"leg_error"}
{"ev":"leg_error","events":8216,"flow":1176,"leg":0,"so_error":32}
{"age_ms":1,"ev":"flow_closed","flow":1176,"kind":2,"reset":true,"why":"leg_error"}
{"ev":"leg_error","events":8216,"flow":1178,"leg":0,"so_error":32}
{"age_ms":1,"ev":"flow_closed","flow":1178,"kind":2,"reset":true,"why":"leg_error"}
{"ev":"leg_error","events":8216,"flow":1180,"leg":0,"so_error":32}
{"age_ms":1,"ev":"flow_closed","flow":1180,"kind":2,"reset":true,"why":"leg_error"}
{"ev":"leg_error","events":8216,"flow":1182,"leg":0,"so_error":32}
{"age_ms":0,"ev":"flow_closed","flow":1182,"kind":2,"reset":true,"why":"leg_error"}
{"ev":"leg_error","events":8216,"flow":1184,"leg":0,"so_error":32}
{"age_ms":0,"ev":"flow_closed","flow":1184,"kind":2,"reset":true,"why":"leg_error"}
{"ev":"leg_error","events":8216,"flow":1186,"leg":0,"so_error":32}
{"age_ms":0,"ev":"flow_closed","flow":1186,"kind":2,"reset":true,"why":"leg_error"}
{"ev":"leg_error","events":8216,"flow":1188,"leg":0,"so_error":32}
{"age_ms":0,"ev":"flow_closed","flow":1188,"kind":2,"reset":true,"why":"leg_error"}
{"ev":"leg_error","events":8216,"flow":1190,"leg":0,"so_error":32}
{"age_ms":1,"ev":"flow_closed","flow":1190,"kind":2,"reset":true,"why":"leg_error"}
{"ev":"leg_error","events":8216,"flow":1192,"leg":0,"so_error":32}
{"age_ms":1,"ev":"flow_closed","flow":1192,"kind":2,"reset":true,"why":"leg_error"}
{"ev":"leg_error","events":8216,"flow":1194,"leg":0,"so_error":32}
{"age_ms":1,"ev":"flow_closed","flow":1194,"kind":2,"reset":true,"why":"leg_error"}
{"ev":"leg_error","events":8216,"flow":1196,"leg":0,"so_error":32}
{"age_ms":1,"ev":"flow_closed","flow":1196,"kind":2,"reset":true,"why":"leg_error"}
{"ev":"leg_error","events":8216,"flow":1198,"leg":0,"so_error":32}
{"age_ms":0,"ev":"flow_closed","flow":1198,"kind":2,"reset":true,"why":"leg_error"}
{"ev":"leg_error","events":8216,"flow":1200,"leg":0,"so_error":32}
{"age_ms":0,"ev":"flow_closed","flow":1200,"kind":2,"reset":true,"why":"leg_error"}
{"ev":"leg_error","events":8216,"flow":1202,"leg":0,"so_error":32}
{"age_ms":0,"ev":"flow_closed","flow":1202,"kind":2,"reset":true,"why":"leg_error"}
{"ev":"leg_error","events":8216,"flow":1204,"leg":0,"so_error":32}
{"age_ms":0,"ev":"flow_closed","flow":1204,"kind":2,"reset":true,"why":"leg_error"}
{"ev":"leg_error","events":8216,"flow":1206,"leg":0,"so_error":32}
{"age_ms":1,"ev":"flow_closed","flow":1206,"kind":2,"reset":true,"why":"leg_error"}
{"ev":"leg_error","events":8216,"flow":1208,"leg":0,"so_error":32}
{"age_ms":1,"ev":"flow_closed","flow":1208,"kind":2,"reset":true,"why":"leg_error"}
{"ev":"leg_error","events":8216,"flow":1210,"leg":0,"so_error":32}
{"age_ms":1,"ev":"flow_closed","flow":1210,"kind":2,"reset":true,"why":"leg_error"}
{"ev":"leg_error","events":8216,"flow":1212,"leg":0,"so_error":32}
{"age_ms":1,"ev":"flow_closed","flow":1212,"kind":2,"reset":true,"why":"leg_error"}
{"ev":"leg_error","events":8216,"flow":1214,"leg":0,"so_error":32}
{"age_ms":1,"ev":"flow_closed","flow":1214,"kind":2,"reset":true,"why":"leg_error"}
{"ev":"leg_error","events":8216,"flow":1216,"leg":0,"so_error":32}
{"age_ms":0,"ev":"flow_closed","flow":1216,"kind":2,"reset":true,"why":"leg_error"}
{"ev":"leg_error","events":8216,"flow":1218,"leg":0,"so_error":32}
{"age_ms":0,"ev":"flow_closed","flow":1218,"kind":2,"reset":true,"why":"leg_error"}
{"ev":"leg_error","events":8216,"flow":1220,"leg":0,"so_error":32}
{"age_ms":0,"ev":"flow_closed","flow":1220,"kind":2,"reset":true,"why":"leg_error"}
{"ev":"leg_error","events":8216,"flow":1222,"leg":0,"so_error":32}
{"age_ms":1,"ev":"flow_closed","flow":1222,"kind":2,"reset":true,"why":"leg_error"}
{"ev":"leg_error","events":8216,"flow":1224,"leg":0,"so_error":32}
{"age_ms":1,"ev":"flow_closed","flow":1224,"kind":2,"reset":true,"why":"leg_error"}
{"ev":"leg_error","events":8216,"flow":1226,"leg":0,"so_error":32}
{"age_ms":1,"ev":"flow_closed","flow":1226,"kind":2,"reset":true,"why":"leg_error"}
{"ev":"leg_error","events":8216,"flow":1228,"leg":0,"so_error":32}
{"age_ms":1,"ev":"flow_closed","flow":1228,"kind":2,"reset":true,"why":"leg_error"}
{"ev":"leg_error","events":8216,"flow":1230,"leg":0,"so_error":32}
{"age_ms":1,"ev":"flow_closed","flow":1230,"kind":2,"reset":true,"why":"leg_error"}
{"ev":"leg_error","events":8216,"flow":1232,"leg":0,"so_error":32}
{"age_ms":0,"ev":"flow_closed","flow":1232,"kind":2,"reset":true,"why":"leg_error"}
{"ev":"leg_error","events":8216,"flow":1234,"leg":0,"so_error":32}
{"age_ms":0,"ev":"flow_closed","flow":1234,"kind":2,"reset":true,"why":"leg_error"}
{"ev":"leg_error","events":8216,"flow":1236,"leg":0,"so_error":32}
{"age_ms":0,"ev":"flow_closed","flow":1236,"kind":2,"reset":true,"why":"leg_error"}
{"ev":"leg_error","events":8216,"flow":1238,"leg":0,"so_error":32}
{"age_ms":0,"ev":"flow_closed","flow":1238,"kind":2,"reset":true,"why":"leg_error"}
{"ev":"leg_error","events":8216,"flow":1240,"leg":0,"so_error":32}
{"age_ms":0,"ev":"flow_closed","flow":1240,"kind":2,"reset":true,"why":"leg_error"}
{"ev":"leg_error","events":8216,"flow":1242,"leg":0,"so_error":32}
{"age_ms":1,"ev":"flow_closed","flow":1242,"kind":2,"reset":true,"why":"leg_error"}
{"ev":"leg_error","events":8216,"flow":1244,"leg":0,"so_error":32}
{"age_ms":1,"ev":"flow_closed","flow":1244,"kind":2,"reset":true,"why":"leg_error"}
{"ev":"leg_error","events":8216,"flow":1246,"leg":0,"so_error":32}
{"age_ms":1,"ev":"flow_closed","flow":1246,"kind":2,"reset":true,"why":"leg_error"}
{"ev":"leg_error","events":8216,"flow":1248,"leg":0,"so_error":32}
{"age_ms":1,"ev":"flow_closed","flow":1248,"kind":2,"reset":true,"why":"leg_error"}
{"ev":"leg_error","events":8216,"flow":1250,"leg":0,"so_error":32}
{"age_ms":1,"ev":"flow_closed","flow":1250,"kind":2,"reset":true,"why":"leg_error"}
{"ev":"leg_error","events":8216,"flow":1252,"leg":0,"so_error":32}
{"age_ms":0,"ev":"flow_closed","flow":1252,"kind":2,"reset":true,"why":"leg_error"}
{"ev":"leg_error","events":8216,"flow":1254,"leg":0,"so_error":32}
{"age_ms":0,"ev":"flow_closed","flow":1254,"kind":2,"reset":true,"why":"leg_error"}
{"ev":"leg_error","events":8216,"flow":1256,"leg":0,"so_error":32}
{"age_ms":0,"ev":"flow_closed","flow":1256,"kind":2,"reset":true,"why":"leg_error"}
{"ev":"leg_error","events":8216,"flow":1258,"leg":0,"so_error":32}
{"age_ms":0,"ev":"flow_closed","flow":1258,"kind":2,"reset":true,"why":"leg_error"}
{"ev":"leg_error","events":8216,"flow":1260,"leg":0,"so_error":32}
{"age_ms":0,"ev":"flow_closed","flow":1260,"kind":2,"reset":true,"why":"leg_error"}
{"ev":"leg_error","events":8216,"flow":1262,"leg":0,"so_error":32}
{"age_ms":1,"ev":"flow_closed","flow":1262,"kind":2,"reset":true,"why":"leg_error"}
{"ev":"leg_error","events":8216,"flow":1264,"leg":0,"so_error":32}
{"age_ms":1,"ev":"flow_closed","flow":1264,"kind":2,"reset":true,"why":"leg_error"}
{"ev":"leg_error","events":8216,"flow":1266,"leg":0,"so_error":32}
{"age_ms":1,"ev":"flow_closed","flow":1266,"kind":2,"reset":true,"why":"leg_error"}
{"ev":"leg_error","events":8216,"flow":1268,"leg":0,"so_error":32}
{"age_ms":1,"ev":"flow_closed","flow":1268,"kind":2,"reset":true,"why":"leg_error"}
{"ev":"leg_error","events":8216,"flow":1270,"leg":0,"so_error":32}
{"age_ms":0,"ev":"flow_closed","flow":1270,"kind":2,"reset":true,"why":"leg_error"}
{"ev":"leg_error","events":8216,"flow":1272,"leg":0,"so_error":32}
{"age_ms":0,"ev":"flow_closed","flow":1272,"kind":2,"reset":true,"why":"leg_error"}
{"ev":"leg_error","events":8216,"flow":1274,"leg":0,"so_error":32}
{"age_ms":0,"ev":"flow_closed","flow":1274,"kind":2,"reset":true,"why":"leg_error"}
{"ev":"leg_error","events":8216,"flow":1276,"leg":0,"so_error":32}
{"age_ms":0,"ev":"flow_closed","flow":1276,"kind":2,"reset":true,"why":"leg_error"}
{"ev":"leg_error","events":8216,"flow":1278,"leg":0,"so_error":32}
{"age_ms":1,"ev":"flow_closed","flow":1278,"kind":2,"reset":true,"why":"leg_error"}
{"ev":"leg_error","events":8216,"flow":1280,"leg":0,"so_error":32}
{"age_ms":1,"ev":"flow_closed","flow":1280,"kind":2,"reset":true,"why":"leg_error"}
{"ev":"leg_error","events":8216,"flow":1282,"leg":0,"so_error":32}
{"age_ms":1,"ev":"flow_closed","flow":1282,"kind":2,"reset":true,"why":"leg_error"}
{"ev":"leg_error","events":8216,"flow":1284,"leg":0,"so_error":32}
{"age_ms":1,"ev":"flow_closed","flow":1284,"kind":2,"reset":true,"why":"leg_error"}
{"ev":"leg_error","events":8216,"flow":1286,"leg":0,"so_error":32}
{"age_ms":1,"ev":"flow_closed","flow":1286,"kind":2,"reset":true,"why":"leg_error"}
{"ev":"leg_error","events":8216,"flow":1288,"leg":0,"so_error":32}
{"age_ms":0,"ev":"flow_closed","flow":1288,"kind":2,"reset":true,"why":"leg_error"}
{"ev":"d23_close","gport":7302,"t_us":4520418185315,"why":"listen_state"}
{"addr":"<metal-address>:2730","bind_us":38,"ev":"d23_bind","gport":7300,"t_us":4520418187201,"why":"listen_state"}
{"ev":"leg_error","events":8216,"flow":1290,"leg":0,"so_error":32}
{"age_ms":1,"ev":"flow_closed","flow":1290,"kind":2,"reset":true,"why":"leg_error"}
{"err":"Connection reset by peer (os error 104)","ev":"vsock_connect_failed"}
{"age_ms":0,"ev":"flow_closed","flow":1298,"kind":2,"reset":true,"why":"vsock_connect_failed"}
{"err":"Connection reset by peer (os error 104)","ev":"vsock_connect_failed"}
{"age_ms":1,"ev":"flow_closed","flow":1300,"kind":2,"reset":true,"why":"vsock_connect_failed"}
{"err":"Connection reset by peer (os error 104)","ev":"vsock_connect_failed"}
{"age_ms":0,"ev":"flow_closed","flow":1302,"kind":2,"reset":true,"why":"vsock_connect_failed"}
{"err":"Connection reset by peer (os error 104)","ev":"vsock_connect_failed"}
{"age_ms":0,"ev":"flow_closed","flow":1304,"kind":2,"reset":true,"why":"vsock_connect_failed"}
{"err":"Connection reset by peer (os error 104)","ev":"vsock_connect_failed"}
{"age_ms":0,"ev":"flow_closed","flow":1306,"kind":2,"reset":true,"why":"vsock_connect_failed"}
{"ev":"ctl_closed","t_us":4520418198654}
{"ev":"d23_close","gport":7300,"t_us":4520418198704,"why":"ctl_lost"}
{"age_ms":8,"ev":"flow_closed","flow":1292,"kind":2,"reset":true,"why":"ctl_lost"}
{"age_ms":7,"ev":"flow_closed","flow":1294,"kind":2,"reset":true,"why":"ctl_lost"}
{"age_ms":6,"ev":"flow_closed","flow":1296,"kind":2,"reset":true,"why":"ctl_lost"}
{"cid":35284,"ev":"hello"}
{"addr":"<metal-address>:2730","bind_us":47,"ev":"d23_bind","gport":7300,"t_us":4520419188095,"why":"listen_state"}
{"ev":"leg_error","events":8216,"flow":1308,"leg":0,"so_error":32}
{"age_ms":1,"ev":"flow_closed","flow":1308,"kind":2,"reset":true,"why":"leg_error"}
{"err":"Connection reset by peer (os error 104)","ev":"vsock_connect_failed"}
{"age_ms":0,"ev":"flow_closed","flow":1316,"kind":2,"reset":true,"why":"vsock_connect_failed"}
{"err":"Connection reset by peer (os error 104)","ev":"vsock_connect_failed"}
{"age_ms":0,"ev":"flow_closed","flow":1318,"kind":2,"reset":true,"why":"vsock_connect_failed"}
{"err":"Connection reset by peer (os error 104)","ev":"vsock_connect_failed"}
{"age_ms":0,"ev":"flow_closed","flow":1320,"kind":2,"reset":true,"why":"vsock_connect_failed"}
{"err":"Connection reset by peer (os error 104)","ev":"vsock_connect_failed"}
{"age_ms":0,"ev":"flow_closed","flow":1322,"kind":2,"reset":true,"why":"vsock_connect_failed"}
{"err":"Connection reset by peer (os error 104)","ev":"vsock_connect_failed"}
{"age_ms":0,"ev":"flow_closed","flow":1324,"kind":2,"reset":true,"why":"vsock_connect_failed"}
{"err":"Connection reset by peer (os error 104)","ev":"vsock_connect_failed"}
{"age_ms":0,"ev":"flow_closed","flow":1326,"kind":2,"reset":true,"why":"vsock_connect_failed"}
{"ev":"ctl_closed","t_us":4520420218398}
{"ev":"d23_close","gport":7300,"t_us":4520420218445,"why":"ctl_lost"}
{"age_ms":8,"ev":"flow_closed","flow":1312,"kind":2,"reset":true,"why":"ctl_lost"}
{"age_ms":7,"ev":"flow_closed","flow":1314,"kind":2,"reset":true,"why":"ctl_lost"}
{"cid":35284,"ev":"hello"}
{"addr":"<metal-address>:2730","bind_us":54,"ev":"d23_bind","gport":7300,"t_us":4520423233397,"why":"listen_state"}
