    Finished `dev` profile [unoptimized + debuginfo] target(s) in 0.19s
     Running `target/debug/xtask metal run -- python3 spike-scratch/netns-density-295-kernel-vs-aya-benchmark/increment-c/run.py --max 16384`
/usr/bin/ssh
xtask: running metal run (one bootstrap lease session)

########## [bootstrap] preflight: ssh to <redacted canonical metal target>

########## [bootstrap] remote user=ubuntu home=/home/ubuntu sudo='sudo -n'

########## [bootstrap] acquire canonical metal lease (/run/lock/overdrive-metal-shared.lock)
OVERDRIVE_METAL_LEASE_ACQUIRED token=763478df32a3a44ef34ea651 pid=879484

########## [bootstrap] sync /Users/marcus/conductor/workspaces/helios/wellington-v2 -> <redacted canonical metal target>:/home/ubuntu/overdrive

sent 571,478 bytes  received 10,150 bytes  68,426.82 bytes/sec
total size is 873,494,795  speedup is 1,501.81

########## [bootstrap] fail-closed native x86_64/KVM preflight
7.0.0-29-generic

   Compiling proc-macro2 v1.0.107
   Compiling unicode-ident v1.0.26
   Compiling quote v1.0.47
   Compiling equivalent v1.0.2
   Compiling crc32fast v1.5.2
   Compiling version_check v0.9.5
   Compiling thiserror v1.0.69
   Compiling object v0.36.7
   Compiling allocator-api2 v0.2.21
   Compiling cfg-if v1.0.5
   Compiling hashbrown v0.17.1
   Compiling memchr v2.8.3
   Compiling foldhash v0.1.5
   Compiling zmij v1.0.23
   Compiling serde_core v1.0.229
   Compiling libc v0.2.190
   Compiling serde_json v1.0.151
   Compiling log v0.4.34
   Compiling bytes v1.12.1
   Compiling assert_matches v1.5.0
   Compiling once_cell v1.21.4
   Compiling bitflags v2.13.2
   Compiling itoa v1.0.18
   Compiling core-error v0.0.0
   Compiling hashbrown v0.15.5
   Compiling indexmap v2.14.2
   Compiling syn v2.0.119
   Compiling thiserror-impl v1.0.69
   Compiling aya-obj v0.2.1
   Compiling aya v0.13.1
   Compiling aya-vsock-probe v0.0.0 (/home/ubuntu/overdrive/spike-scratch/netns-density-295-kernel-vs-aya-benchmark/increment-c)
    Finished `release` profile [optimized] target(s) in 10.00s

   Compiling proc-macro2 v1.0.107
   Compiling unicode-ident v1.0.26
   Compiling quote v1.0.47
   Compiling serde_core v1.0.229
   Compiling zmij v1.0.23
   Compiling thiserror v2.0.21
   Compiling serde_json v1.0.151
   Compiling serde v1.0.229
   Compiling camino v1.2.6
   Compiling anyhow v1.0.104
   Compiling memchr v2.8.3
   Compiling itoa v1.0.18
   Compiling compiler_builtins v0.1.160 (/home/ubuntu/.rustup/toolchains/nightly-x86_64-unknown-linux-gnu/lib/rustlib/src/rust/library/compiler-builtins/compiler-builtins)
   Compiling rustversion v1.0.23
   Compiling version_check v0.9.5
   Compiling core v0.0.0 (/home/ubuntu/.rustup/toolchains/nightly-x86_64-unknown-linux-gnu/lib/rustlib/src/rust/library/core)
   Compiling proc-macro2-diagnostics v0.10.1
   Compiling aya-ebpf v0.1.1
   Compiling syn v3.0.6
   Compiling syn v2.0.119
   Compiling cargo-platform v0.3.3
   Compiling semver v1.0.28
   Compiling serde_derive v1.0.229
   Compiling thiserror-impl v2.0.21
   Compiling aya-ebpf-macros v0.1.2
   Compiling cargo_metadata v0.23.1
   Compiling aya-build v0.1.3
   Compiling aya-ebpf-cty v0.2.3
   Compiling aya-ebpf-bindings v0.1.2
   Compiling aya-vsock-bpf v0.0.0 (/home/ubuntu/overdrive/spike-scratch/netns-density-295-kernel-vs-aya-benchmark/increment-c/tcp-bpf)
    Finished `release` profile [optimized] target(s) in 10.60s

   Compiling proc-macro2 v1.0.107
   Compiling quote v1.0.47
   Compiling unicode-ident v1.0.26
   Compiling serde_core v1.0.229
   Compiling zmij v1.0.23
   Compiling thiserror v2.0.21
   Compiling serde_json v1.0.151
   Compiling camino v1.2.6
   Compiling serde v1.0.229
   Compiling memchr v2.8.3
   Compiling itoa v1.0.18
   Compiling anyhow v1.0.104
   Compiling compiler_builtins v0.1.160 (/home/ubuntu/.rustup/toolchains/nightly-x86_64-unknown-linux-gnu/lib/rustlib/src/rust/library/compiler-builtins/compiler-builtins)
   Compiling rustversion v1.0.23
   Compiling version_check v0.9.5
   Compiling core v0.0.0 (/home/ubuntu/.rustup/toolchains/nightly-x86_64-unknown-linux-gnu/lib/rustlib/src/rust/library/core)
   Compiling proc-macro2-diagnostics v0.10.1
   Compiling aya-ebpf v0.1.1
   Compiling syn v3.0.6
   Compiling syn v2.0.119
   Compiling semver v1.0.28
   Compiling cargo-platform v0.3.3
   Compiling serde_derive v1.0.229
   Compiling thiserror-impl v2.0.21
   Compiling aya-ebpf-macros v0.1.2
   Compiling cargo_metadata v0.23.1
   Compiling aya-build v0.1.3
   Compiling aya-ebpf-cty v0.2.3
   Compiling aya-ebpf-bindings v0.1.2
   Compiling aya-vsock-bpf v0.0.0 (/home/ubuntu/overdrive/spike-scratch/netns-density-295-kernel-vs-aya-benchmark/increment-c/udp-bpf)
    Finished `release` profile [optimized] target(s) in 10.66s

make: Entering directory '/usr/src/linux-headers-7.0.0-29-generic'
make[1]: Entering directory '/home/ubuntu/overdrive/spike-scratch/netns-density-295-kernel-vs-aya-benchmark/out/increment-c/module'
warning: the compiler differs from the one used to build the kernel
  The kernel was built by: x86_64-linux-gnu-gcc (Ubuntu 15.2.0-16ubuntu1) 15.2.0
  You are using:           gcc (Ubuntu 15.2.0-16ubuntu1) 15.2.0
warning: pahole version differs from the one used to build the kernel
  The kernel was built with: 131
  You are using:             0
  CC [M]  shmproxy.o
shmproxy.c: In function ‘serve’:
shmproxy.c:98:4: warning: this ‘if’ clause does not guard... [-Wmisleading-indentation]
   98 |    if (h.kind != 12) atomic64_inc(&rejected); break;
      |    ^~
shmproxy.c:98:47: note: ...this statement, but the latter is misleadingly indented as if it were guarded by the ‘if’
   98 |    if (h.kind != 12) atomic64_inc(&rejected); break;
      |                                               ^~~~~
shmproxy.c:108:3: warning: this ‘if’ clause does not guard... [-Wmisleading-indentation]
  108 |   if (rc) break; atomic64_add(n, &to_net);
      |   ^~
shmproxy.c:108:18: note: ...this statement, but the latter is misleadingly indented as if it were guarded by the ‘if’
  108 |   if (rc) break; atomic64_add(n, &to_net);
      |                  ^~~~~~~~~~~~
  MODPOST Module.symvers
  CC [M]  shmproxy.mod.o
  CC [M]  .module-common.o
  LD [M]  shmproxy.ko
  BTF [M] shmproxy.ko
Skipping BTF generation for shmproxy.ko due to unavailability of vmlinux
make[1]: Leaving directory '/home/ubuntu/overdrive/spike-scratch/netns-density-295-kernel-vs-aya-benchmark/out/increment-c/module'
make: Leaving directory '/usr/src/linux-headers-7.0.0-29-generic'

rustc 1.95.0 (59807616e 2026-04-14)

cargo 1.101.0-nightly (f3865b2a4 2026-09-29)

bpf-linker 0.0.0

Architecture:                            x86_64
CPU op-mode(s):                          32-bit, 64-bit
Address sizes:                           52 bits physical, 57 bits virtual
Byte Order:                              Little Endian
CPU(s):                                  16
On-line CPU(s) list:                     0-15
Vendor ID:                               AuthenticAMD
Model name:                              AMD EPYC 8024P 8-Core Processor
CPU family:                              25
Model:                                   160
Thread(s) per core:                      2
Core(s) per socket:                      8
Socket(s):                               1
Stepping:                                2
Frequency boost:                         enabled
CPU(s) scaling MHz:                      76%
CPU max MHz:                             3001.2500
CPU min MHz:                             1500.0000
BogoMIPS:                                4792.67
Flags:                                   fpu vme de pse tsc msr pae mce cx8 apic sep mtrr pge mca cmov pat pse36 clflush mmx fxsr sse sse2 ht syscall nx mmxext fxsr_opt pdpe1gb rdtscp lm constant_tsc rep_good amd_lbr_v2 nopl xtopology nonstop_tsc cpuid extd_apicid aperfmperf rapl pni pclmulqdq monitor ssse3 fma cx16 pcid sse4_1 sse4_2 x2apic movbe popcnt aes xsave avx f16c rdrand lahf_lm cmp_legacy svm extapic cr8_legacy abm sse4a misalignsse 3dnowprefetch osvw ibs skinit wdt tce topoext perfctr_core perfctr_nb bpext perfctr_llc mwaitx cpuid_fault cpb cat_l3 cdp_l3 hw_pstate ssbd mba perfmon_v2 ibrs ibpb stibp ibrs_enhanced vmmcall fsgsbase bmi1 avx2 smep bmi2 erms invpcid cqm rdt_a avx512f avx512dq rdseed adx smap avx512ifma clflushopt clwb avx512cd sha_ni avx512bw avx512vl xsaveopt xsavec xgetbv1 xsaves cqm_llc cqm_occup_llc cqm_mbm_total cqm_mbm_local user_shstk avx512_bf16 clzero irperf xsaveerptr rdpru wbnoinvd amd_ppin cppc arat npt lbrv svm_lock nrip_save tsc_scale vmcb_clean flushbyasid decodeassists pausefilter pfthreshold avic v_vmsave_vmload vgif x2avic v_spec_ctrl vnmi avx512vbmi umip pku ospke avx512_vbmi2 gfni vaes vpclmulqdq avx512_vnni avx512_bitalg avx512_vpopcntdq la57 rdpid overflow_recov succor smca fsrm flush_l1d debug_swap
Virtualization:                          AMD-V
L1d cache:                               256 KiB (8 instances)
L1i cache:                               256 KiB (8 instances)
L2 cache:                                8 MiB (8 instances)
L3 cache:                                32 MiB (2 instances)
NUMA node(s):                            1
NUMA node0 CPU(s):                       0-15
Vulnerability Gather data sampling:      Not affected
Vulnerability Ghostwrite:                Not affected
Vulnerability Indirect target selection: Not affected
Vulnerability Itlb multihit:             Not affected
Vulnerability L1tf:                      Not affected
Vulnerability Mds:                       Not affected
Vulnerability Meltdown:                  Not affected
Vulnerability Mmio stale data:           Not affected
Vulnerability Old microcode:             Not affected
Vulnerability Reg file data sampling:    Not affected
Vulnerability Retbleed:                  Not affected
Vulnerability Spec rstack overflow:      Mitigation; Safe RET
Vulnerability Spec store bypass:         Mitigation; Speculative Store Bypass disabled via prctl
Vulnerability Spectre v1:                Mitigation; usercopy/swapgs barriers and __user pointer sanitization
Vulnerability Spectre v2:                Mitigation; Enhanced / Automatic IBRS; IBPB conditional; STIBP always-on; PBRSB-eIBRS Not affected; BHI Not affected
Vulnerability Srbds:                     Not affected
Vulnerability Tsa:                       Vulnerable: No microcode
Vulnerability Tsx async abort:           Not affected
Vulnerability Vmscape:                   Mitigation; IBPB before exit to userspace

	linux-vdso.so.1 (0x00007570d4b93000)
	libgcc_s.so.1 => /usr/lib/x86_64-linux-gnu/libgcc_s.so.1 (0x00007570d49f4000)
	libc.so.6 => /usr/lib/x86_64-linux-gnu/libc.so.6 (0x00007570d4600000)
	/lib64/ld-linux-x86-64.so.2 (0x00007570d4b95000)

	linux-vdso.so.1 (0x00007cbc7bfec000)
	libm.so.6 => /usr/lib/x86_64-linux-gnu/libm.so.6 (0x00007cbc7b2d3000)
	libz.so.1 => /usr/lib/x86_64-linux-gnu/libz.so.1 (0x00007cbc7b2b5000)
	libelf.so.1 => /usr/lib/x86_64-linux-gnu/libelf.so.1 (0x00007cbc7b294000)
	libdebuginfod.so.1 => /usr/lib/x86_64-linux-gnu/libdebuginfod.so.1 (0x00007cbc7b288000)
	libdw.so.1 => /usr/lib/x86_64-linux-gnu/libdw.so.1 (0x00007cbc7b1c3000)
	libslang.so.2 => /usr/lib/x86_64-linux-gnu/libslang.so.2 (0x00007cbc7ae00000)
	libpython3.14.so.1.0 => /usr/lib/x86_64-linux-gnu/libpython3.14.so.1.0 (0x00007cbc7a400000)
	libLLVM.so.21.1 => /usr/lib/x86_64-linux-gnu/libLLVM.so.21.1 (0x00007cbc71e00000)
	libstdc++.so.6 => /usr/lib/x86_64-linux-gnu/libstdc++.so.6 (0x00007cbc71a00000)
	liblzma.so.5 => /usr/lib/x86_64-linux-gnu/liblzma.so.5 (0x00007cbc7adcb000)
	libzstd.so.1 => /usr/lib/x86_64-linux-gnu/libzstd.so.1 (0x00007cbc7ad08000)
	libnuma.so.1 => /usr/lib/x86_64-linux-gnu/libnuma.so.1 (0x00007cbc7b1b3000)
	libtraceevent.so.1 => /usr/lib/x86_64-linux-gnu/libtraceevent.so.1 (0x00007cbc7ace7000)
	libgcc_s.so.1 => /usr/lib/x86_64-linux-gnu/libgcc_s.so.1 (0x00007cbc7acb9000)
	libc.so.6 => /usr/lib/x86_64-linux-gnu/libc.so.6 (0x00007cbc71600000)
	/lib64/ld-linux-x86-64.so.2 (0x00007cbc7bfee000)
	libcurl-gnutls.so.4 => /usr/lib/x86_64-linux-gnu/libcurl-gnutls.so.4 (0x00007cbc7a313000)
	libjson-c.so.5 => /usr/lib/x86_64-linux-gnu/libjson-c.so.5 (0x00007cbc7aca4000)
	libbz2.so.1.0 => /usr/lib/x86_64-linux-gnu/libbz2.so.1.0 (0x00007cbc7ac8f000)
	libexpat.so.1 => /usr/lib/x86_64-linux-gnu/libexpat.so.1 (0x00007cbc7ac61000)
	libffi.so.8 => /usr/lib/x86_64-linux-gnu/libffi.so.8 (0x00007cbc7ac50000)
	libedit.so.2 => /usr/lib/x86_64-linux-gnu/libedit.so.2 (0x00007cbc7a2d9000)
	libxml2.so.16 => /usr/lib/x86_64-linux-gnu/libxml2.so.16 (0x00007cbc7189d000)
	libnghttp2.so.14 => /usr/lib/x86_64-linux-gnu/libnghttp2.so.14 (0x00007cbc71dd6000)
	libidn2.so.0 => /usr/lib/x86_64-linux-gnu/libidn2.so.0 (0x00007cbc71db4000)
	librtmp.so.1 => /usr/lib/x86_64-linux-gnu/librtmp.so.1 (0x00007cbc71d94000)
	libldap.so.2 => /usr/lib/x86_64-linux-gnu/libldap.so.2 (0x00007cbc71d31000)
	liblber.so.2 => /usr/lib/x86_64-linux-gnu/liblber.so.2 (0x00007cbc71d1e000)
	libssh2.so.1 => /usr/lib/x86_64-linux-gnu/libssh2.so.1 (0x00007cbc71cd1000)
	libpsl.so.5 => /usr/lib/x86_64-linux-gnu/libpsl.so.5 (0x00007cbc71cbc000)
	libnettle.so.8 => /usr/lib/x86_64-linux-gnu/libnettle.so.8 (0x00007cbc71846000)
	libgnutls.so.30 => /usr/lib/x86_64-linux-gnu/libgnutls.so.30 (0x00007cbc71200000)
	libgssapi_krb5.so.2 => /usr/lib/x86_64-linux-gnu/libgssapi_krb5.so.2 (0x00007cbc715a8000)
	libbrotlidec.so.1 => /usr/lib/x86_64-linux-gnu/libbrotlidec.so.1 (0x00007cbc71cab000)
	libtinfo.so.6 => /usr/lib/x86_64-linux-gnu/libtinfo.so.6 (0x00007cbc71573000)
	libbsd.so.0 => /usr/lib/x86_64-linux-gnu/libbsd.so.0 (0x00007cbc71830000)
	libunistring.so.5 => /usr/lib/x86_64-linux-gnu/libunistring.so.5 (0x00007cbc71019000)
	libhogweed.so.6 => /usr/lib/x86_64-linux-gnu/libhogweed.so.6 (0x00007cbc71528000)
	libgmp.so.10 => /usr/lib/x86_64-linux-gnu/libgmp.so.10 (0x00007cbc714a2000)
	libsasl2.so.2 => /usr/lib/x86_64-linux-gnu/libsasl2.so.2 (0x00007cbc71487000)
	libssl.so.3 => /usr/lib/x86_64-linux-gnu/libssl.so.3 (0x00007cbc70f08000)
	libcrypto.so.3 => /usr/lib/x86_64-linux-gnu/libcrypto.so.3 (0x00007cbc70800000)
	libp11-kit.so.0 => /usr/lib/x86_64-linux-gnu/libp11-kit.so.0 (0x00007cbc70625000)
	libtasn1.so.6 => /usr/lib/x86_64-linux-gnu/libtasn1.so.6 (0x00007cbc71470000)
	libkrb5.so.3 => /usr/lib/x86_64-linux-gnu/libkrb5.so.3 (0x00007cbc70e3c000)
	libk5crypto.so.3 => /usr/lib/x86_64-linux-gnu/libk5crypto.so.3 (0x00007cbc71444000)
	libcom_err.so.2 => /usr/lib/x86_64-linux-gnu/libcom_err.so.2 (0x00007cbc71ca1000)
	libkrb5support.so.0 => /usr/lib/x86_64-linux-gnu/libkrb5support.so.0 (0x00007cbc71823000)
	libbrotlicommon.so.1 => /usr/lib/x86_64-linux-gnu/libbrotlicommon.so.1 (0x00007cbc71421000)
	libmd.so.0 => /usr/lib/x86_64-linux-gnu/libmd.so.0 (0x00007cbc71412000)
	libkeyutils.so.1 => /usr/lib/x86_64-linux-gnu/libkeyutils.so.1 (0x00007cbc70e35000)
	libresolv.so.2 => /usr/lib/x86_64-linux-gnu/libresolv.so.2 (0x00007cbc70e22000)

insmod /lib/modules/7.0.0-29-generic/kernel/net/vmw_vsock/vsock.ko.zst 
insmod /lib/modules/7.0.0-29-generic/kernel/drivers/vhost/vhost_iotlb.ko.zst 
insmod /lib/modules/7.0.0-29-generic/kernel/drivers/vhost/vhost.ko.zst 
insmod /lib/modules/7.0.0-29-generic/kernel/net/vmw_vsock/vmw_vsock_virtio_transport_common.ko.zst 
insmod /lib/modules/7.0.0-29-generic/kernel/drivers/vhost/vhost_vsock.ko.zst 

409733 blocks
qemu-system-x86_64: -accel kvm: warning: Number of hotpluggable cpus requested (64) exceeds the recommended cpus supported by KVM (16)
c[?7l[2J[0mSeaBIOS (version 1.17.0-debian-1.17.0-1ubuntu1)
Booting from ROM...
c[?7l[2J[    0.000000] Linux version 7.0.0-29-generic (buildd@lcy02-amd64-113) (x86_64-linux-gnu-gcc (Ubuntu 15.2.0-16ubuntu1) 15.2.0, GNU ld (GNU Binutils for Ubuntu) 2.46) #29-Ubuntu SMP PREEMPT_DYNAMIC Fri Jul 17 20:52:35 UTC 2026 (Ubuntu 7.0.0-29.29-generic 7.0.12)
[    0.000000] Command line: console=ttyS0 rdinit=/init panic=-1
[    0.000000] KERNEL supported cpus:
[    0.000000]   Intel GenuineIntel
[    0.000000]   AMD AuthenticAMD
[    0.000000]   Hygon HygonGenuine
[    0.000000]   Centaur CentaurHauls
[    0.000000]   zhaoxin   Shanghai  
[    0.000000] BIOS-provided physical RAM map:
[    0.000000] BIOS-e820: [mem 0x0000000000000000-0x000000000009fbff]  System RAM
[    0.000000] BIOS-e820: [mem 0x000000000009fc00-0x000000000009ffff]  device reserved
[    0.000000] BIOS-e820: [gap 0x00000000000a0000-0x00000000000effff]
[    0.000000] BIOS-e820: [mem 0x00000000000f0000-0x00000000000fffff]  device reserved
[    0.000000] BIOS-e820: [mem 0x0000000000100000-0x000000007ffdffff]  System RAM
[    0.000000] BIOS-e820: [mem 0x000000007ffe0000-0x000000007fffffff]  device reserved
[    0.000000] BIOS-e820: [gap 0x0000000080000000-0x00000000afffffff]
[    0.000000] BIOS-e820: [mem 0x00000000b0000000-0x00000000bfffffff]  device reserved
[    0.000000] BIOS-e820: [gap 0x00000000c0000000-0x00000000fed1bfff]
[    0.000000] BIOS-e820: [mem 0x00000000fed1c000-0x00000000fed1ffff]  device reserved
[    0.000000] BIOS-e820: [gap 0x00000000fed20000-0x00000000feffbfff]
[    0.000000] BIOS-e820: [mem 0x00000000feffc000-0x00000000feffffff]  device reserved
[    0.000000] BIOS-e820: [gap 0x00000000ff000000-0x00000000fffbffff]
[    0.000000] BIOS-e820: [mem 0x00000000fffc0000-0x00000000ffffffff]  device reserved
[    0.000000] BIOS-e820: [mem 0x0000000100000000-0x000000047fffffff]  System RAM
[    0.000000] BIOS-e820: [gap 0x0000000480000000-0x000000fcffffffff]
[    0.000000] BIOS-e820: [mem 0x000000fd00000000-0x000000ffffffffff]  device reserved
[    0.000000] NX (Execute Disable) protection: active
[    0.000000] APIC: Static calls initialized
[    0.000000] SMBIOS 2.8 present.
[    0.000000] DMI: QEMU Standard PC (Q35 + ICH9, 2009), BIOS 1.17.0-debian-1.17.0-1ubuntu1 04/01/2014
[    0.000000] DMI: Memory slots populated: 1/1
[    0.000000] Hypervisor detected: KVM
[    0.000000] last_pfn = 0x7ffe0 max_arch_pfn = 0x10000000000
[    0.000000] kvm-clock: Using msrs 4b564d01 and 4b564d00
[    0.000001] kvm-clock: using sched offset of 240102352 cycles
[    0.000003] clocksource: kvm-clock: mask: 0xffffffffffffffff max_cycles: 0x1cd42e4dffb, max_idle_ns: 881590591483 ns
[    0.000006] tsc: Detected 2396.388 MHz processor
[    0.000397] last_pfn = 0x480000 max_arch_pfn = 0x10000000000
[    0.000443] MTRR map: 4 entries (3 fixed + 1 variable; max 19), built from 8 variable MTRRs
[    0.000446] x86/PAT: Configuration [0-7]: WB  WC  UC- UC  WB  WP  UC- WT  
[    0.000509] last_pfn = 0x7ffe0 max_arch_pfn = 0x10000000000
[    0.003295] found SMP MP-table at [mem 0x000f5460-0x000f546f]
[    0.003314] Using GB pages for direct mapping
[    0.003530] RAMDISK: [mem 0x737cf000-0x7ffdffff]
[    0.003610] ACPI: Early table checksum verification disabled
[    0.003613] ACPI: RSDP 0x00000000000F5270 000014 (v00 BOCHS )
[    0.003617] ACPI: RSDT 0x000000007FFE3A02 000038 (v01 BOCHS  BXPC     00000001 BXPC 00000001)
[    0.003623] ACPI: FACP 0x000000007FFE3602 0000F4 (v03 BOCHS  BXPC     00000001 BXPC 00000001)
[    0.003628] ACPI: DSDT 0x000000007FFE0040 0035C2 (v01 BOCHS  BXPC     00000001 BXPC 00000001)
[    0.003630] ACPI: FACS 0x000000007FFE0000 000040
[    0.003632] ACPI: APIC 0x000000007FFE36F6 000270 (v03 BOCHS  BXPC     00000001 BXPC 00000001)
[    0.003635] ACPI: HPET 0x000000007FFE3966 000038 (v01 BOCHS  BXPC     00000001 BXPC 00000001)
[    0.003637] ACPI: MCFG 0x000000007FFE399E 00003C (v01 BOCHS  BXPC     00000001 BXPC 00000001)
[    0.003639] ACPI: WAET 0x000000007FFE39DA 000028 (v01 BOCHS  BXPC     00000001 BXPC 00000001)
[    0.003641] ACPI: Reserving FACP table memory at [mem 0x7ffe3602-0x7ffe36f5]
[    0.003642] ACPI: Reserving DSDT table memory at [mem 0x7ffe0040-0x7ffe3601]
[    0.003643] ACPI: Reserving FACS table memory at [mem 0x7ffe0000-0x7ffe003f]
[    0.003644] ACPI: Reserving APIC table memory at [mem 0x7ffe36f6-0x7ffe3965]
[    0.003645] ACPI: Reserving HPET table memory at [mem 0x7ffe3966-0x7ffe399d]
[    0.003645] ACPI: Reserving MCFG table memory at [mem 0x7ffe399e-0x7ffe39d9]
[    0.003646] ACPI: Reserving WAET table memory at [mem 0x7ffe39da-0x7ffe3a01]
[    0.004230] No NUMA configuration found
[    0.004233] Faking a node at [mem 0x0000000000000000-0x000000047fffffff]
[    0.004245] NODE_DATA(0) allocated [mem 0x47ffd5280-0x47fffffff]
[    0.005114] ACPI: PM-Timer IO Port: 0x608
[    0.005136] ACPI: LAPIC_NMI (acpi_id[0xff] dfl dfl lint[0x1])
[    0.005169] IOAPIC[0]: apic_id 0, version 17, address 0xfec00000, GSI 0-23
[    0.005172] ACPI: INT_SRC_OVR (bus 0 bus_irq 0 global_irq 2 dfl dfl)
[    0.005174] ACPI: INT_SRC_OVR (bus 0 bus_irq 5 global_irq 5 high level)
[    0.005175] ACPI: INT_SRC_OVR (bus 0 bus_irq 9 global_irq 9 high level)
[    0.005176] ACPI: INT_SRC_OVR (bus 0 bus_irq 10 global_irq 10 high level)
[    0.005177] ACPI: INT_SRC_OVR (bus 0 bus_irq 11 global_irq 11 high level)
[    0.005180] ACPI: Using ACPI (MADT) for SMP configuration information
[    0.005181] ACPI: HPET id: 0x8086a201 base: 0xfed00000
[    0.005185] TSC deadline timer available
[    0.005187] CPU topo: Max. logical packages:   1
[    0.005188] CPU topo: Max. logical nodes:      1
[    0.005189] CPU topo: Num. nodes per package:  1
[    0.005191] CPU topo: Max. logical dies:       1
[    0.005192] CPU topo: Max. dies per package:   1
[    0.005196] CPU topo: Max. threads per core:   1
[    0.005197] CPU topo: Num. cores per package:    64
[    0.005198] CPU topo: Num. threads per package:  64
[    0.005198] CPU topo: Allowing 4 present CPUs plus 60 hotplug CPUs
[    0.005217] kvm-guest: APIC: eoi() replaced with kvm_guest_apic_eoi_write()
[    0.005231] kvm-guest: KVM setup pv remote TLB flush
[    0.005235] kvm-guest: setup PV sched yield
[    0.005243] PM: hibernation: Registered nosave memory: [mem 0x00000000-0x00000fff]
[    0.005245] PM: hibernation: Registered nosave memory: [mem 0x0009f000-0x000fffff]
[    0.005246] PM: hibernation: Registered nosave memory: [mem 0x7ffe0000-0xffffffff]
[    0.005248] [gap 0xc0000000-0xfed1bfff] available for PCI devices
[    0.005249] Booting paravirtualized kernel on KVM
[    0.005251] clocksource: refined-jiffies: mask: 0xffffffff max_cycles: 0xffffffff, max_idle_ns: 1910969940391419 ns
[    0.005309] Zone ranges:
[    0.005310]   DMA      [mem 0x0000000000001000-0x0000000000ffffff]
[    0.005312]   DMA32    [mem 0x0000000001000000-0x00000000ffffffff]
[    0.005313]   Normal   [mem 0x0000000100000000-0x000000047fffffff]
[    0.005314]   Device   empty
[    0.005315] Movable zone start for each node
[    0.005318] Early memory node ranges
[    0.005318]   node   0: [mem 0x0000000000001000-0x000000000009efff]
[    0.005319]   node   0: [mem 0x0000000000100000-0x000000007ffdffff]
[    0.005321]   node   0: [mem 0x0000000100000000-0x000000047fffffff]
[    0.005323] Initmem setup node 0 [mem 0x0000000000001000-0x000000047fffffff]
[    0.005414] On node 0, zone DMA: 1 pages in unavailable ranges
[    0.005429] On node 0, zone DMA: 97 pages in unavailable ranges
[    0.029216] On node 0, zone Normal: 32 pages in unavailable ranges
[    0.029236] setup_percpu: NR_CPUS:8192 nr_cpumask_bits:64 nr_cpu_ids:64 nr_node_ids:1
[    0.032013] percpu: Embedded 85 pages/cpu s225280 r8192 d114688 u524288
[    0.032118] kvm-guest: PV spinlocks enabled
[    0.032121] PV qspinlock hash table entries: 256 (order: 0, 4096 bytes, linear)
[    0.032124] Kernel command line: console=ttyS0 rdinit=/init panic=-1
[    0.032165] random: crng init done
[    0.032165] printk: log_buf_len individual max cpu contribution: 4096 bytes
[    0.032166] printk: log_buf_len total cpu_extra contributions: 258048 bytes
[    0.032167] printk: log_buf_len min size: 262144 bytes
[    0.032496] printk: log buffer data + meta data: 524288 + 2228224 = 2752512 bytes
[    0.032498] printk: early log buf free: 253976(96%)
[    0.033526] Dentry cache hash table entries: 2097152 (order: 12, 16777216 bytes, linear)
[    0.034077] Inode-cache hash table entries: 1048576 (order: 11, 8388608 bytes, linear)
[    0.034572] software IO TLB: area num 64.
[    0.040998] Fallback order for Node 0: 0 
[    0.041010] Built 1 zonelists, mobility grouping on.  Total pages: 4194174
[    0.041012] Policy zone: Normal
[    0.041023] mem auto-init: stack:all(zero), heap alloc:on, heap free:off
[    0.068018] SLUB: HWalign=64, Order=0-3, MinObjects=0, CPUs=64, Nodes=1
[    0.081921] ftrace: allocating 63941 entries in 252 pages
[    0.081924] ftrace: allocated 252 pages with 6 groups
[    0.082741] Dynamic Preempt: lazy
[    0.083132] rcu: Preemptible hierarchical RCU implementation.
[    0.083133] rcu: 	RCU restricting CPUs from NR_CPUS=8192 to nr_cpu_ids=64.
[    0.083135] 	Trampoline variant of Tasks RCU enabled.
[    0.083135] 	Rude variant of Tasks RCU enabled.
[    0.083136] 	Tracing variant of Tasks RCU enabled.
[    0.083137] rcu: RCU calculated value of scheduler-enlistment delay is 100 jiffies.
[    0.083138] rcu: Adjusting geometry for rcu_fanout_leaf=16, nr_cpu_ids=64
[    0.083167] RCU Tasks: Setting shift to 6 and lim to 1 rcu_task_cb_adjust=1 rcu_task_cpu_ids=64.
[    0.083171] RCU Tasks Rude: Setting shift to 6 and lim to 1 rcu_task_cb_adjust=1 rcu_task_cpu_ids=64.
[    0.088267] NR_IRQS: 524544, nr_irqs: 936, preallocated irqs: 16
[    0.088541] rcu: srcu_init: Setting srcu_struct sizes based on contention.
[    0.088825] Console: colour *CGA 80x25
[    0.088898] printk: legacy console [ttyS0] enabled
[    0.310965] ACPI: Core revision 20251212
[    0.312273] clocksource: hpet: mask: 0xffffffff max_cycles: 0xffffffff, max_idle_ns: 19112604467 ns
[    0.314824] APIC: Switch to symmetric I/O mode setup
[    0.316392] x2apic enabled
[    0.317474] APIC: Switched APIC routing to: physical x2apic
[    0.318964] kvm-guest: APIC: send_IPI_mask() replaced with kvm_send_ipi_mask()
[    0.320861] kvm-guest: APIC: send_IPI_mask_allbutself() replaced with kvm_send_ipi_mask_allbutself()
[    0.323257] kvm-guest: setup PV IPIs
[    0.325534] ..TIMER: vector=0x30 apic1=0 pin1=2 apic2=-1 pin2=-1
[    0.327148] clocksource: tsc-early: mask: 0xffffffffffffffff max_cycles: 0x228ae3847f6, max_idle_ns: 440795295175 ns
[    0.329890] Calibrating delay loop (skipped) preset value.. 4792.77 BogoMIPS (lpj=2396388)
[    0.331042] x86/cpu: User Mode Instruction Prevention (UMIP) activated
[    0.332087] Last level iTLB entries: 4KB 512, 2MB 255, 4MB 127
[    0.332889] Last level dTLB entries: 4KB 512, 2MB 255, 4MB 127, 1GB 0
[    0.333899] mitigations: Enabled attack vectors: user_kernel, user_user, guest_host, guest_guest, SMT mitigations: auto
[    0.334889] Speculative Store Bypass: Mitigation: Speculative Store Bypass disabled via prctl
[    0.335891] Transient Scheduler Attacks: Vulnerable: No microcode
[    0.336889] Spectre V2 : Mitigation: Enhanced / Automatic IBRS
[    0.337889] Speculative Return Stack Overflow: Mitigation: Safe RET
[    0.338889] Spectre V1 : Mitigation: usercopy/swapgs barriers and __user pointer sanitization
[    0.339896] Spectre V2 : mitigation: Enabling conditional Indirect Branch Prediction Barrier
[    0.340891] active return thunk: srso_alias_return_thunk
[    0.341918] x86/fpu: Supporting XSAVE feature 0x001: 'x87 floating point registers'
[    0.342889] x86/fpu: Supporting XSAVE feature 0x002: 'SSE registers'
[    0.343888] x86/fpu: Supporting XSAVE feature 0x004: 'AVX registers'
[    0.344889] x86/fpu: Supporting XSAVE feature 0x020: 'AVX-512 opmask'
[    0.345889] x86/fpu: Supporting XSAVE feature 0x040: 'AVX-512 Hi256'
[    0.346888] x86/fpu: Supporting XSAVE feature 0x080: 'AVX-512 ZMM_Hi256'
[    0.347889] x86/fpu: Supporting XSAVE feature 0x200: 'Protection Keys User registers'
[    0.348889] x86/fpu: xstate_offset[2]:  576, xstate_sizes[2]:  256
[    0.349889] x86/fpu: xstate_offset[5]:  832, xstate_sizes[5]:   64
[    0.350889] x86/fpu: xstate_offset[6]:  896, xstate_sizes[6]:  512
[    0.351889] x86/fpu: xstate_offset[7]: 1408, xstate_sizes[7]: 1024
[    0.352889] x86/fpu: xstate_offset[9]: 2432, xstate_sizes[9]:    8
[    0.354889] x86/fpu: Enabled xstate features 0x2e7, context size is 2440 bytes, using 'compacted' format.
[    0.395467] Freeing SMP alternatives memory: 56K
[    0.395891] pid_max: default: 65536 minimum: 512
[    0.397190] landlock: Up and running.
[    0.397889] Yama: becoming mindful.
[    0.399067] AppArmor: AppArmor initialized
[    0.399889] AppArmor: AppArmor secmark mediation reserved: ready to be enabled
[    0.401092] Mount-cache hash table entries: 32768 (order: 6, 262144 bytes, linear)
[    0.401900] Mountpoint-cache hash table entries: 32768 (order: 6, 262144 bytes, linear)
[    0.403043] VFS: Finished mounting rootfs on nullfs
[    0.404661] smpboot: CPU0: AMD EPYC 8024P 8-Core Processor (family: 0x19, model: 0xa0, stepping: 0x2)
[    0.405235] Performance Events: Fam17h+ core perfctr, AMD PMU driver.
[    0.405902] ... version:                   2
[    0.406892] ... bit width:                 48
[    0.407891] ... generic counters:          6
[    0.408891] ... generic bitmap:            000000000000003f
[    0.409891] ... fixed-purpose counters:    0
[    0.410901] ... fixed-purpose bitmap:      0000000000000000
[    0.411891] ... value mask:                0000ffffffffffff
[    0.412891] ... max period:                00007fffffffffff
[    0.413891] ... global_ctrl mask:          000000000000003f
[    0.415164] signal: max sigframe size: 3376
[    0.415954] rcu: Hierarchical SRCU implementation.
[    0.416896] rcu: 	Max phase no-delay instances is 400.
[    0.417973] Timer migration: 2 hierarchy levels; 8 children per group; 2 crossnode level
[    0.427327] smp: Bringing up secondary CPUs ...
[    0.428164] smpboot: x86: Booting SMP configuration:
[    0.428903] .... node  #0, CPUs:        #1  #2  #3
[    0.432109] smp: Brought up 1 node, 4 CPUs
[    0.433892] smpboot: Total of 4 processors activated (19171.10 BogoMIPS)
[    0.435562] Memory: 13728108K/16776696K available (23799K kernel code, 4952K rwdata, 16764K rodata, 5292K init, 5856K bss, 3030044K reserved, 0K cma-reserved)
[    0.436394] devtmpfs: initialized
[    0.436991] x86/mm: Memory block size: 128MB
[    0.441018] clocksource: jiffies: mask: 0xffffffff max_cycles: 0xffffffff, max_idle_ns: 1911260446275000 ns
[    0.441908] posixtimers hash table entries: 32768 (order: 7, 524288 bytes, linear)
[    0.443016] futex hash table entries: 16384 (1048576 bytes on 1 NUMA nodes, total 1024 KiB, linear).
[    0.444375] PM: RTC time: 20:51:31, date: 2026-10-04
[    0.445506] NET: Registered PF_NETLINK/PF_ROUTE protocol family
[    0.446221] DMA: preallocated 2048 KiB GFP_KERNEL pool for atomic allocations
[    0.446963] DMA: preallocated 2048 KiB GFP_KERNEL|GFP_DMA pool for atomic allocations
[    0.447966] DMA: preallocated 2048 KiB GFP_KERNEL|GFP_DMA32 pool for atomic allocations
[    0.448905] audit: initializing netlink subsys (disabled)
[    0.449915] audit: type=2000 audit(1791147092.205:1): state=initialized audit_enabled=0 res=1
[    0.450118] thermal_sys: Registered thermal governor 'fair_share'
[    0.450895] thermal_sys: Registered thermal governor 'bang_bang'
[    0.451893] thermal_sys: Registered thermal governor 'step_wise'
[    0.452892] thermal_sys: Registered thermal governor 'user_space'
[    0.453894] thermal_sys: Registered thermal governor 'power_allocator'
[    0.454912] cpuidle: using governor ladder
[    0.456900] cpuidle: using governor menu
[    0.459059] acpiphp: ACPI Hot Plug PCI Controller Driver version: 0.5
[    0.460205] PCI: ECAM [mem 0xb0000000-0xbfffffff] (base 0xb0000000) for domain 0000 [bus 00-ff]
[    0.460896] PCI: ECAM [mem 0xb0000000-0xbfffffff] reserved as E820 entry
[    0.461905] PCI: Using configuration type 1 for base access
[    0.462985] kprobes: kprobe jump-optimization is enabled. All kprobes are optimized if possible.
[    0.464954] HugeTLB: registered 1.00 GiB page size, pre-allocated 0 pages
[    0.465893] HugeTLB: 16380 KiB vmemmap can be freed for a 1.00 GiB page
[    0.466893] HugeTLB: registered 2.00 MiB page size, pre-allocated 0 pages
[    0.467891] HugeTLB: 28 KiB vmemmap can be freed for a 2.00 MiB page
[    0.472266] ACPI: Added _OSI(Module Device)
[    0.474901] ACPI: Added _OSI(Processor Device)
[    0.476898] ACPI: Added _OSI(Processor Aggregator Device)
[    0.489190] ACPI: 1 ACPI AML tables successfully acquired and loaded
[    0.496994] ACPI: \_SB_: platform _OSC: OS support mask [006e7eff]
[    0.501244] ACPI: Interpreter enabled
[    0.502947] ACPI: PM: (supports S0 S3 S4 S5)
[    0.505897] ACPI: Using IOAPIC for interrupt routing
[    0.508822] PCI: Using host bridge windows from ACPI; if necessary, use "pci=nocrs" and report a bug
[    0.513897] PCI: Using E820 reservations for host bridge windows
[    0.517593] ACPI: Enabled 2 GPEs in block 00 to 3F
[    0.542502] ACPI: PCI Root Bridge [PCI0] (domain 0000 [bus 00-ff])
[    0.543900] acpi PNP0A08:00: _OSC: OS supports [ExtendedConfig ASPM ClockPM Segments MSI EDR HPX-Type3]
[    0.547009] acpi PNP0A08:00: _OSC: platform does not support [PCIeHotplug LTR DPC]
[    0.549067] acpi PNP0A08:00: _OSC: OS now controls [SHPCHotplug PME AER PCIeCapability]
[    0.551153] PCI host bridge to bus 0000:00
[    0.551897] pci_bus 0000:00: root bus resource [io  0x0000-0x0cf7 window]
[    0.553892] pci_bus 0000:00: root bus resource [io  0x0d00-0xffff window]
[    0.555892] pci_bus 0000:00: root bus resource [mem 0x000a0000-0x000bffff window]
[    0.557892] pci_bus 0000:00: root bus resource [mem 0x80000000-0xafffffff window]
[    0.559893] pci_bus 0000:00: root bus resource [mem 0xc0000000-0xfebfffff window]
[    0.561892] pci_bus 0000:00: root bus resource [mem 0x480000000-0xc7fffffff window]
[    0.563896] pci_bus 0000:00: root bus resource [bus 00-ff]
[    0.564985] pci 0000:00:00.0: [8086:29c0] type 00 class 0x060000 conventional PCI endpoint
[    0.577408] pci 0000:00:1f.0: [8086:2918] type 00 class 0x060100 conventional PCI endpoint
[    0.580624] pci 0000:00:1f.0: quirk: [io  0x0600-0x067f] claimed by ICH6 ACPI/GPIO/TCO
[    0.583402] pci 0000:00:1f.2: [8086:2922] type 00 class 0x010601 conventional PCI endpoint
[    0.585968] pci 0000:00:1f.2: BAR 4 [io  0xc040-0xc05f]
[    0.587909] pci 0000:00:1f.2: BAR 5 [mem 0xfebff000-0xfebfffff]
[    0.589638] pci 0000:00:1f.3: [8086:2930] type 00 class 0x0c0500 conventional PCI endpoint
[    0.592883] pci 0000:00:1f.3: BAR 4 [io  0x0700-0x073f]
[    0.596752] ACPI: PCI: Interrupt link LNKA configured for IRQ 10
[    0.598084] ACPI: PCI: Interrupt link LNKB configured for IRQ 10
[    0.600080] ACPI: PCI: Interrupt link LNKC configured for IRQ 11
[    0.602097] ACPI: PCI: Interrupt link LNKD configured for IRQ 11
[    0.603094] ACPI: PCI: Interrupt link LNKE configured for IRQ 10
[    0.605080] ACPI: PCI: Interrupt link LNKF configured for IRQ 10
[    0.607082] ACPI: PCI: Interrupt link LNKG configured for IRQ 11
[    0.609080] ACPI: PCI: Interrupt link LNKH configured for IRQ 11
[    0.609964] ACPI: PCI: Interrupt link GSIA configured for IRQ 16
[    0.611913] ACPI: PCI: Interrupt link GSIB configured for IRQ 17
[    0.613912] ACPI: PCI: Interrupt link GSIC configured for IRQ 18
[    0.614912] ACPI: PCI: Interrupt link GSID configured for IRQ 19
[    0.616912] ACPI: PCI: Interrupt link GSIE configured for IRQ 20
[    0.617913] ACPI: PCI: Interrupt link GSIF configured for IRQ 21
[    0.619914] ACPI: PCI: Interrupt link GSIG configured for IRQ 22
[    0.621912] ACPI: PCI: Interrupt link GSIH configured for IRQ 23
[    0.628948] iommu: Default domain type: Translated
[    0.629893] iommu: DMA domain TLB invalidation policy: lazy mode
[    0.632206] SCSI subsystem initialized
[    0.632946] ACPI: bus type USB registered
[    0.633923] usbcore: registered new interface driver usbfs
[    0.635910] usbcore: registered new interface driver hub
[    0.636918] usbcore: registered new device driver usb
[    0.637926] pps_core: LinuxPPS API ver. 1 registered
[    0.639891] pps_core: Software ver. 5.3.6 - Copyright 2005-2007 Rodolfo Giometti <giometti@linux.it>
[    0.641898] PTP clock support registered
[    0.642941] EDAC MC: Ver: 3.0.0
[    0.645382] NetLabel: Initializing
[    0.645892] NetLabel:  domain hash size = 128
[    0.646891] NetLabel:  protocols = UNLABELED CIPSOv4 CALIPSO
[    0.648923] NetLabel:  unlabeled traffic allowed by default
[    0.650015] mctp: management component transport protocol core
[    0.651900] NET: Registered PF_MCTP protocol family
[    0.652912] PCI: Using ACPI for IRQ routing
[    0.851297] e820: register RAM buffer resource [mem 0x0009fc00-0x0009ffff]
[    0.852892] e820: register RAM buffer resource [mem 0x7ffe0000-0x7fffffff]
[    0.854951] vgaarb: loaded
[    0.855956] hpet0: at MMIO 0xfed00000, IRQs 2, 8, 0
[    0.856893] hpet0: 3 comparators, 64-bit 100.000000 MHz counter
[    0.866889] clocksource: Switched to clocksource kvm-clock
[    0.868858] VFS: Disk quotas dquot_6.6.0
[    0.869936] VFS: Dquot-cache hash table entries: 512 (order 0, 4096 bytes)
[    0.872248] AppArmor: AppArmor Filesystem Enabled
[    0.873515] acpi PNP0C01:00: Reserved [mem 0xb0000000-0xbfffffff]
[    0.875145] pnp: PnP ACPI init
[    0.876752] pnp: PnP ACPI: found 4 devices
[    0.886009] clocksource: acpi_pm: mask: 0xffffff max_cycles: 0xffffff, max_idle_ns: 2085701024 ns
[    0.888453] NET: Registered PF_INET protocol family
[    0.889881] IP idents hash table entries: 262144 (order: 9, 2097152 bytes, linear)
[    0.912144] tcp_listen_portaddr_hash hash table entries: 8192 (order: 5, 131072 bytes, linear)
[    0.914408] Table-perturb hash table entries: 65536 (order: 6, 262144 bytes, linear)
[    0.916529] TCP established hash table entries: 131072 (order: 8, 1048576 bytes, linear)
[    0.918764] TCP bind hash table entries: 65536 (order: 9, 2097152 bytes, linear)
[    0.920761] TCP: Hash tables configured (established 131072 bind 65536)
[    0.922676] MPTCP token hash table entries: 16384 (order: 7, 393216 bytes, linear)
[    0.924688] UDP hash table entries: 8192 (order: 7, 524288 bytes, linear)
[    0.926597] UDP-Lite hash table entries: 8192 (order: 7, 524288 bytes, linear)
[    0.928660] NET: Registered PF_UNIX/PF_LOCAL protocol family
[    0.930147] NET: Registered PF_XDP protocol family
[    0.931417] pci_bus 0000:00: resource 4 [io  0x0000-0x0cf7 window]
[    0.933046] pci_bus 0000:00: resource 5 [io  0x0d00-0xffff window]
[    0.934650] pci_bus 0000:00: resource 6 [mem 0x000a0000-0x000bffff window]
[    0.936438] pci_bus 0000:00: resource 7 [mem 0x80000000-0xafffffff window]
[    0.938225] pci_bus 0000:00: resource 8 [mem 0xc0000000-0xfebfffff window]
[    0.940015] pci_bus 0000:00: resource 9 [mem 0x480000000-0xc7fffffff window]
[    0.941945] PCI: CLS 0 bytes, default 64
[    0.943086] PCI-DMA: Using software bounce buffering for IO (SWIOTLB)
[    0.943323] Trying to unpack rootfs image as initramfs...
[    0.944740] software IO TLB: mapped [mem 0x000000006f7cf000-0x00000000737cf000] (64MB)
[    0.944796] clocksource: tsc: mask: 0xffffffffffffffff max_cycles: 0x228ae3847f6, max_idle_ns: 440795295175 ns
[    0.954198] Initialise system trusted keyrings
[    0.955413] Key type blacklist registered
[    0.956654] workingset: timestamp_bits=36 max_order=22 bucket_order=0
[    0.959017] squashfs: version 4.0 (2009/01/31) Phillip Lougher
[    0.960833] fuse: init (API version 7.45)
[    0.962306] integrity: Platform Keyring initialized
[    0.963611] integrity: Machine keyring initialized
[    0.977664] Key type asymmetric registered
[    0.978788] Asymmetric key parser 'x509' registered
[    0.980136] Block layer SCSI generic (bsg) driver version 0.4 loaded (major 242)
[    0.982251] io scheduler mq-deadline registered
[    0.988388] ledtrig-cpu: registered to indicate activity on CPUs
[    0.990239] input: Power Button as /devices/platform/LNXPWRBN:00/input/input0
[    0.992203] ACPI: button: Power Button [PWRF]
[    0.995019] Serial: 8250/16550 driver, 32 ports, IRQ sharing enabled
[    1.022633] 00:02: ttyS0 at I/O 0x3f8 (irq = 4, base_baud = 115200) is a 16550A
[    1.030130] Linux agpgart interface v0.103
[    1.045458] loop: module loaded
[    1.048204] ACPI: bus type drm_connector registered
[    1.051862] tun: Universal TUN/TAP device driver, 1.6
[    1.055006] PPP generic driver version 2.4.2
[    1.057935] i8042: PNP: PS/2 Controller [PNP0303:KBD,PNP0f13:MOU] at 0x60,0x64 irq 1,12
[    1.064166] serio: i8042 KBD port at 0x60,0x64 irq 1
[    1.066765] serio: i8042 AUX port at 0x60,0x64 irq 12
[    1.069754] mousedev: PS/2 mouse device common for all mice
[    1.073139] rtc_cmos 00:03: RTC can wake from S4
[    1.076993] rtc_cmos 00:03: registered as rtc0
[    1.079478] rtc_cmos 00:03: setting system clock to 2026-10-04T20:51:32 UTC (1791147092)
[    1.083453] input: AT Translated Set 2 keyboard as /devices/platform/i8042/serio0/input/input1
[    1.085697] rtc_cmos 00:03: alarms up to one day, y3k, 242 bytes nvram, hpet irqs
[    1.091583] i2c_dev: i2c /dev entries driver
[    1.094006] device-mapper: core: CONFIG_IMA_DISABLE_HTABLE is disabled. Duplicate IMA measurements will not be recorded in the IMA log.
[    1.100437] device-mapper: uevent: version 1.0.3
[    1.103189] device-mapper: ioctl: 4.50.0-ioctl (2025-04-28) initialised: dm-devel@lists.linux.dev
[    1.106760] Freeing initrd memory: 204868K
[    1.107801] amd_pstate: The CPPC feature is supported but currently disabled by the BIOS.
[    1.107801] Please enable it if your BIOS has the CPPC option.
[    1.116089] amd_pstate: the _CPC object is not present in SBIOS or ACPI disabled
[    1.120101] drop_monitor: Initializing network drop monitor service
[    1.123728] NET: Registered PF_INET6 protocol family
[    1.127592] Segment Routing with IPv6
[    1.129609] In-situ OAM (IOAM) with IPv6
[    1.131922] NET: Registered PF_PACKET protocol family
[    1.134732] Key type dns_resolver registered
[    1.138170] IPI shorthand broadcast: enabled
[    1.147183] sched_clock: Marking stable (913007499, 233334217)->(1216360326, -70018610)
[    1.152549] registered taskstats version 1
[    1.156198] Loading compiled-in X.509 certificates
[    1.159874] Loaded X.509 cert 'Build time autogenerated kernel key: 454b3e9802e3c39a997a1e8863aaf8b3df15fbc0'
[    1.165850] Loaded X.509 cert 'Canonical Ltd. Live Patch Signing 2025 Kmod: d541cef61dc7e793b7eb7e899970a2eef0b5dc8c'
[    1.172219] Loaded X.509 cert 'Canonical Ltd. Live Patch Signing: 14df34d1a87cf37625abec039ef2bf521249b969'
[    1.178136] Loaded X.509 cert 'Canonical Ltd. Kernel Module Signing 2025 Kmod: 4627603d2357a2a3f81006370894c221175893e9'
[    1.184636] Loaded X.509 cert 'Canonical Ltd. Kernel Module Signing: 88f752e560a1e0737e31163a466ad7b70a850c19'
[    1.189752] blacklist: Loading compiled-in revocation X.509 certificates
[    1.193317] Loaded X.509 cert 'Canonical Ltd. Secure Boot Signing: 61482aa2830d0ab2ad5af10b7250da9033ddcef0'
[    1.198380] Loaded X.509 cert 'Canonical Ltd. Secure Boot Signing (2017): 242ade75ac4a15e50d50c84b0d45ff3eae707a03'
[    1.203800] Loaded X.509 cert 'Canonical Ltd. Secure Boot Signing (ESM 2018): 365188c1d374d6b07c3c8f240f8ef722433d6a8b'
[    1.209374] Loaded X.509 cert 'Canonical Ltd. Secure Boot Signing (2019): c0746fd6c5da3ae827864651ad66ae47fe24b3e8'
[    1.214141] Loaded X.509 cert 'Canonical Ltd. Secure Boot Signing (2021 v1): a8d54bbb3825cfb94fa13c9f8a594a195c107b8d'
[    1.218983] Loaded X.509 cert 'Canonical Ltd. Secure Boot Signing (2021 v2): 4cf046892d6fd3c9a5b03f98d845f90851dc6a8c'
[    1.223818] Loaded X.509 cert 'Canonical Ltd. Secure Boot Signing (2021 v3): 100437bb6de6e469b581e61cd66bce3ef4ed53af'
[    1.228689] Loaded X.509 cert 'Canonical Ltd. Secure Boot Signing (Ubuntu Core 2019): c1d57b8f6b743f23ee41f4f7ee292f06eecadfb9'
[    1.245113] Demotion targets for Node 0: null
[    1.246620] Key type .fscrypt registered
[    1.247658] Key type fscrypt-provisioning registered
[    1.249100] Key type big_key registered
[    1.251558] Key type encrypted registered
[    1.252619] AppArmor: AppArmor sha256 policy hashing enabled
[    1.254106] ima: No TPM chip found, activating TPM-bypass!
[    1.255533] Loading compiled-in module X.509 certificates
[    1.257421] Loaded X.509 cert 'Build time autogenerated kernel key: 454b3e9802e3c39a997a1e8863aaf8b3df15fbc0'
[    1.259967] ima: Allocated hash algorithm: sha256
[    1.261234] ima: No architecture policies found
[    1.262435] evm: Initialising EVM extended attributes:
[    1.263767] evm: security.selinux
[    1.264634] evm: security.SMACK64
[    1.265524] evm: security.SMACK64EXEC
[    1.266492] evm: security.SMACK64TRANSMUTE
[    1.267570] evm: security.SMACK64MMAP
[    1.268540] evm: security.apparmor
[    1.269444] evm: security.ima
[    1.270226] evm: security.capability
[    1.271178] evm: HMAC attrs: 0x1
[    1.272423] PM:   Magic number: 14:785:901
[    1.273503] PM:   hash matches drivers/base/power/main.c:1128
[    1.275011] clocksource clocksource0: hash matches
[    1.276618] RAS: Correctable Errors collector initialized.
[    1.278452] clk: Disabling unused clocks
[    1.279499] PM: genpd: Disabling unused power domains
[    1.282762] Freeing unused decrypted memory: 2028K
[    1.284384] Freeing unused kernel image (initmem) memory: 5292K
[    1.285477] Write protecting the kernel read-only data: 43008k
[    1.287195] Freeing unused kernel image (text/rodata gap) memory: 776K
[    1.288765] Freeing unused kernel image (rodata/data gap) memory: 1668K
[    1.356287] x86/mm: Checked W+X mappings: passed, no W+X pages found.
[    1.357635] Run /init as init process
Linux (none) 7.0.0-29-generic #29-Ubuntu SMP PREEMPT_DYNAMIC Fri Jul 17 20:52:35 UTC 2026 x86_64 GNU/Linux
65536
107400
0-3
0-63
[    1.374774] NET: Registered PF_VSOCK protocol family
BENCH_PRE_VARIANT_MEMINFO
MemTotal:       16347204 kB
MemFree:        16018092 kB
MemAvailable:   15847688 kB
Buffers:               0 kB
Cached:           204820 kB
SwapCached:            0 kB
Active:           205016 kB
Inactive:              0 kB
Active(anon):     205016 kB
Inactive(anon):        0 kB
Active(file):          0 kB
Inactive(file):        0 kB
Unevictable:           0 kB
Mlocked:               0 kB
SwapTotal:             0 kB
SwapFree:              0 kB
Zswap:                 0 kB
Zswapped:              0 kB
Dirty:                 0 kB
Writeback:             0 kB
AnonPages:           196 kB
Mapped:             1764 kB
Shmem:            204820 kB
KReclaimable:       4252 kB
Slab:              37452 kB
SReclaimable:       4252 kB
SUnreclaim:        33200 kB
KernelStack:        2284 kB
PageTables:          836 kB
SecPageTables:         0 kB
NFS_Unstable:          0 kB
Bounce:                0 kB
WritebackTmp:          0 kB
CommitLimit:     8173600 kB
Committed_AS:     205648 kB
VmallocTotal:   13743895347199 kB
VmallocUsed:        6756 kB
VmallocChunk:          0 kB
Percpu:            21760 kB
HardwareCorrupted:     0 kB
AnonHugePages:         0 kB
ShmemHugePages:        0 kB
ShmemPmdMapped:        0 kB
FileHugePages:         0 kB
FilePmdMapped:         0 kB
CmaTotal:              0 kB
CmaFree:         2377728 kB
Unaccepted:            0 kB
Balloon:               0 kB
HugePages_Total:       0
HugePages_Free:        0
HugePages_Rsvd:        0
HugePages_Surp:        0
Hugepagesize:       2048 kB
Hugetlb:               0 kB
DirectMap4k:       40832 kB
DirectMap2M:     4153344 kB
DirectMap1G:    14680064 kB
BENCH_PRE_VARIANT_SLABINFO
slabinfo - version: 2.1
# name            <active_objs> <num_objs> <objsize> <objperslab> <pagesperslab> : tunables <limit> <batchcount> <sharedfactor> : slabdata <active_slabs> <num_slabs> <sharedavail>
AF_VSOCK               0      0   1280   25    8 : tunables    0    0    0 : slabdata      0      0      0
fsverity_info          0      0    272   30    2 : tunables    0    0    0 : slabdata      0      0      0
fscrypt_inode_info      0      0    128   32    1 : tunables    0    0    0 : slabdata      0      0      0
MPTCPv6                0      0   2176   15    8 : tunables    0    0    0 : slabdata      0      0      0
request_sock_subflow_v6      0      0    400   20    2 : tunables    0    0    0 : slabdata      0      0      0
ip6-frags              0      0    184   22    1 : tunables    0    0    0 : slabdata      0      0      0
ip6_dst_cache          0      0    256   16    1 : tunables    0    0    0 : slabdata      0      0      0
PINGv6                 0      0   1408   23    8 : tunables    0    0    0 : slabdata      0      0      0
RAWv6                132    138   1408   23    8 : tunables    0    0    0 : slabdata      6      6      0
UDPv6                  0      0   1472   22    8 : tunables    0    0    0 : slabdata      0      0      0
tw_sock_TCPv6          0      0    280   29    2 : tunables    0    0    0 : slabdata      0      0      0
request_sock_TCPv6      0      0    328   24    2 : tunables    0    0    0 : slabdata      0      0      0
TCPv6                  0      0   2560   12    8 : tunables    0    0    0 : slabdata      0      0      0
kcopyd_job             0      0   3240   10    8 : tunables    0    0    0 : slabdata      0      0      0
dm_uevent              0      0   2888   11    8 : tunables    0    0    0 : slabdata      0      0      0
bio-136               60     63    192   21    1 : tunables    0    0    0 : slabdata      3      3      0
io_kiocb               0      0    256   16    1 : tunables    0    0    0 : slabdata      0      0      0
bio-264               28     50    320   25    2 : tunables    0    0    0 : slabdata      2      2      0
mqueue_inode_cache     28     34    960   17    4 : tunables    0    0    0 : slabdata      2      2      0
fuse_request           0      0    176   23    1 : tunables    0    0    0 : slabdata      0      0      0
fuse_inode             0      0    896   18    4 : tunables    0    0    0 : slabdata      0      0      0
ecryptfs_inode_cache      0      0   1024   16    4 : tunables    0    0    0 : slabdata      0      0      0
ecryptfs_file_cache      0      0     16  256    1 : tunables    0    0    0 : slabdata      0      0      0
fat_inode_cache        0      0    768   21    4 : tunables    0    0    0 : slabdata      0      0      0
fat_cache              0      0     40  102    1 : tunables    0    0    0 : slabdata      0      0      0
squashfs_inode_cache      0      0    704   23    4 : tunables    0    0    0 : slabdata      0      0      0
jbd2_transaction_s      0      0    192   21    1 : tunables    0    0    0 : slabdata      0      0      0
jbd2_journal_head      0      0    120   34    1 : tunables    0    0    0 : slabdata      0      0      0
jbd2_revoke_table_s      0      0     16  256    1 : tunables    0    0    0 : slabdata      0      0      0
ext4_inode_cache       0      0   1128   29    8 : tunables    0    0    0 : slabdata      0      0      0
ext4_allocation_context      0      0    168   24    1 : tunables    0    0    0 : slabdata      0      0      0
ext4_prealloc_space      0      0    112   36    1 : tunables    0    0    0 : slabdata      0      0      0
ext4_io_end_vec        0      0     32  128    1 : tunables    0    0    0 : slabdata      0      0      0
ext4_io_end            0      0     64   64    1 : tunables    0    0    0 : slabdata      0      0      0
pending_reservation      0      0     32  128    1 : tunables    0    0    0 : slabdata      0      0      0
extent_status          0      0     40  102    1 : tunables    0    0    0 : slabdata      0      0      0
mb_cache_entry       180    219     56   73    1 : tunables    0    0    0 : slabdata      3      3      0
kioctx                 0      0    576   28    4 : tunables    0    0    0 : slabdata      0      0      0
userfaultfd_ctx_cache      0      0    192   21    1 : tunables    0    0    0 : slabdata      0      0      0
fanotify_perm_event      0      0    112   36    1 : tunables    0    0    0 : slabdata      0      0      0
dnotify_struct         0      0     32  128    1 : tunables    0    0    0 : slabdata      0      0      0
dio                    0      0    640   25    4 : tunables    0    0    0 : slabdata      0      0      0
zs_handle              0      0      8  512    1 : tunables    0    0    0 : slabdata      0      0      0
pid_namespace          0      0    576   28    4 : tunables    0    0    0 : slabdata      0      0      0
ip4-frags              0      0    200   20    1 : tunables    0    0    0 : slabdata      0      0      0
MPTCP                  0      0   2048   16    8 : tunables    0    0    0 : slabdata      0      0      0
request_sock_subflow_v4      0      0    400   20    2 : tunables    0    0    0 : slabdata      0      0      0
xfrm_dst               0      0    320   25    2 : tunables    0    0    0 : slabdata      0      0      0
xfrm_state             0      0    832   19    4 : tunables    0    0    0 : slabdata      0      0      0
ip_fib_trie           60     85     48   85    1 : tunables    0    0    0 : slabdata      1      1      0
ip_fib_alias          60     73     56   73    1 : tunables    0    0    0 : slabdata      1      1      0
PING                   0      0   1088   30    8 : tunables    0    0    0 : slabdata      0      0      0
RAW                  192    208   1216   26    8 : tunables    0    0    0 : slabdata      8      8      0
UDP                   24     24   1344   24    8 : tunables    0    0    0 : slabdata      1      1      0
tw_sock_TCP            0      0    280   29    2 : tunables    0    0    0 : slabdata      0      0      0
request_sock_TCP       0      0    328   24    2 : tunables    0    0    0 : slabdata      0      0      0
TCP                    0      0   2432   13    8 : tunables    0    0    0 : slabdata      0      0      0
hugetlbfs_inode_cache     28     52    624   26    4 : tunables    0    0    0 : slabdata      2      2      0
dquot                  0      0    256   16    1 : tunables    0    0    0 : slabdata      0      0      0
bio-280               56     75    320   25    2 : tunables    0    0    0 : slabdata      3      3      0
ep_head                0      0     16  256    1 : tunables    0    0    0 : slabdata      0      0      0
eventpoll_epi         60     64    128   32    1 : tunables    0    0    0 : slabdata      2      2      0
dax_cache             28     42    768   21    4 : tunables    0    0    0 : slabdata      2      2      0
bio_integrity_data     60     64    128   32    1 : tunables    0    0    0 : slabdata      2      2      0
request_queue         28     32    992   16    4 : tunables    0    0    0 : slabdata      2      2      0
bio-200               28     32    256   16    1 : tunables    0    0    0 : slabdata      2      2      0
biovec-max            44     48   4096    8    8 : tunables    0    0    0 : slabdata      6      6      0
biovec-128            12     16   2048   16    8 : tunables    0    0    0 : slabdata      1      1      0
msg_msg-8k             0      0   8192    4    8 : tunables    0    0    0 : slabdata      0      0      0
msg_msg-4k             0      0   4096    8    8 : tunables    0    0    0 : slabdata      0      0      0
msg_msg-2k             0      0   2048   16    8 : tunables    0    0    0 : slabdata      0      0      0
msg_msg-1k             0      0   1024   16    4 : tunables    0    0    0 : slabdata      0      0      0
msg_msg-512            0      0    512   16    2 : tunables    0    0    0 : slabdata      0      0      0
msg_msg-256            0      0    256   16    1 : tunables    0    0    0 : slabdata      0      0      0
msg_msg-128            0      0    128   32    1 : tunables    0    0    0 : slabdata      0      0      0
msg_msg-64             0      0     64   64    1 : tunables    0    0    0 : slabdata      0      0      0
msg_msg-32             0      0     32  128    1 : tunables    0    0    0 : slabdata      0      0      0
msg_msg-16             0      0     16  256    1 : tunables    0    0    0 : slabdata      0      0      0
msg_msg-8              0      0      8  512    1 : tunables    0    0    0 : slabdata      0      0      0
msg_msg-192            0      0    192   21    1 : tunables    0    0    0 : slabdata      0      0      0
msg_msg-96             0      0     96   42    1 : tunables    0    0    0 : slabdata      0      0      0
memdup_user-8k         0      0   8192    4    8 : tunables    0    0    0 : slabdata      0      0      0
memdup_user-4k         0      0   4096    8    8 : tunables    0    0    0 : slabdata      0      0      0
memdup_user-2k         0      0   2048   16    8 : tunables    0    0    0 : slabdata      0      0      0
memdup_user-1k         0      0   1024   16    4 : tunables    0    0    0 : slabdata      0      0      0
memdup_user-512        0      0    512   16    2 : tunables    0    0    0 : slabdata      0      0      0
memdup_user-256        0      0    256   16    1 : tunables    0    0    0 : slabdata      0      0      0
memdup_user-128        0      0    128   32    1 : tunables    0    0    0 : slabdata      0      0      0
memdup_user-64         0      0     64   64    1 : tunables    0    0    0 : slabdata      0      0      0
memdup_user-32         0      0     32  128    1 : tunables    0    0    0 : slabdata      0      0      0
memdup_user-16        60    256     16  256    1 : tunables    0    0    0 : slabdata      1      1      0
memdup_user-8        180    512      8  512    1 : tunables    0    0    0 : slabdata      1      1      0
memdup_user-192        0      0    192   21    1 : tunables    0    0    0 : slabdata      0      0      0
memdup_user-96         0      0     96   42    1 : tunables    0    0    0 : slabdata      0      0      0
user_namespace         0      0    896   18    4 : tunables    0    0    0 : slabdata      0      0      0
iommu_iova_magazine     12     16   1024   16    4 : tunables    0    0    0 : slabdata      1      1      0
dmaengine-unmap-256     12     15   2112   15    8 : tunables    0    0    0 : slabdata      1      1      0
dmaengine-unmap-128     12     30   1088   30    8 : tunables    0    0    0 : slabdata      1      1      0
dmaengine-unmap-2     60     64     64   64    1 : tunables    0    0    0 : slabdata      1      1      0
sock_inode_cache     364    380    832   19    4 : tunables    0    0    0 : slabdata     20     20      0
skbuff_small_head     84     92    704   23    4 : tunables    0    0    0 : slabdata      4      4      0
skbuff_head_cache     87     96    256   16    1 : tunables    0    0    0 : slabdata      6      6      0
tracefs_inode_cache    896    900    648   25    4 : tunables    0    0    0 : slabdata     36     36      0
debugfs_inode_cache   2940   2950    632   25    4 : tunables    0    0    0 : slabdata    118    118      0
configfs_dir_cache     60     92     88   46    1 : tunables    0    0    0 : slabdata      2      2      0
file_lease_cache       0      0    160   25    1 : tunables    0    0    0 : slabdata      0      0      0
file_lock_cache      180    189    192   21    1 : tunables    0    0    0 : slabdata      9      9      0
fsnotify_mark_connector      0      0     24  170    1 : tunables    0    0    0 : slabdata      0      0      0
buffer_head            0      0    104   39    1 : tunables    0    0    0 : slabdata      0      0      0
task_delay_info        0      0    368   22    2 : tunables    0    0    0 : slabdata      0      0      0
taskstats              0      0    688   23    4 : tunables    0    0    0 : slabdata      0      0      0
mem_cgroup_per_node     12     17   1920   17    8 : tunables    0    0    0 : slabdata      1      1      0
mem_cgroup            12     18   1728   18    8 : tunables    0    0    0 : slabdata      1      1      0
pidfs_xattr_cache      0      0     16  256    1 : tunables    0    0    0 : slabdata      0      0      0
pidfs_attr_cache       0      0     64   64    1 : tunables    0    0    0 : slabdata      0      0      0
proc_dir_entry       420    420    192   21    1 : tunables    0    0    0 : slabdata     20     20      0
pde_opener             0      0     40  102    1 : tunables    0    0    0 : slabdata      0      0      0
proc_inode_cache      84     92    688   23    4 : tunables    0    0    0 : slabdata      4      4      0
seq_file             120    136    120   34    1 : tunables    0    0    0 : slabdata      4      4      0
sigqueue             180    204     80   51    1 : tunables    0    0    0 : slabdata      4      4      0
bdev_cache            24     38   1664   19    8 : tunables    0    0    0 : slabdata      2      2      0
shmem_inode_cache    308    315    768   21    4 : tunables    0    0    0 : slabdata     15     15      0
kernfs_node_cache  29040  29040    136   30    1 : tunables    0    0    0 : slabdata    968    968      0
mnt_cache            112    126    384   21    2 : tunables    0    0    0 : slabdata      6      6      0
bfilp                  0      0    256   16    1 : tunables    0    0    0 : slabdata      0      0      0
filp                 240    252    192   21    1 : tunables    0    0    0 : slabdata     12     12      0
inode_cache          224    234    616   26    4 : tunables    0    0    0 : slabdata      9      9      0
dentry              4320   4326    192   21    1 : tunables    0    0    0 : slabdata    206    206      0
names_cache          240    252    192   21    1 : tunables    0    0    0 : slabdata     12     12      0
net_namespace          0      0   6336    5    8 : tunables    0    0    0 : slabdata      0      0      0
ima_iint_cache         0      0    104   39    1 : tunables    0    0    0 : slabdata      0      0      0
apparmor_auditcache      0      0    344   23    2 : tunables    0    0    0 : slabdata      0      0      0
lsm_file_cache       360    408     40  102    1 : tunables    0    0    0 : slabdata      4      4      0
key_jar               84     96    256   16    1 : tunables    0    0    0 : slabdata      6      6      0
uts_namespace          0      0    704   23    4 : tunables    0    0    0 : slabdata      0      0      0
nsproxy               60    112     72   56    1 : tunables    0    0    0 : slabdata      2      2      0
vm_area_struct       300    315    192   21    1 : tunables    0    0    0 : slabdata     15     15      0
files_cache          112    115    704   23    4 : tunables    0    0    0 : slabdata      5      5      0
signal_cache         192    196   1152   28    8 : tunables    0    0    0 : slabdata      7      7      0
sighand_cache        180    180   2112   15    8 : tunables    0    0    0 : slabdata     12     12      0
task_struct          168    168  12544    2    8 : tunables    0    0    0 : slabdata     84     84      0
anon_vma_chain       360    384     64   64    1 : tunables    0    0    0 : slabdata      6      6      0
anon_vma             240    273    104   39    1 : tunables    0    0    0 : slabdata      7      7      0
pid                  420    420    192   21    1 : tunables    0    0    0 : slabdata     20     20      0
Acpi-ParseExt         60     78    104   39    1 : tunables    0    0    0 : slabdata      2      2      0
Acpi-State            60    102     80   51    1 : tunables    0    0    0 : slabdata      2      2      0
shared_policy_node    660    680     48   85    1 : tunables    0    0    0 : slabdata      8      8      0
numa_policy           84     84    288   28    2 : tunables    0    0    0 : slabdata      3      3      0
perf_event            12     24   1352   24    8 : tunables    0    0    0 : slabdata      1      1      0
trace_event_file    6420   6426     96   42    1 : tunables    0    0    0 : slabdata    153    153      0
ftrace_event_field   5100   5110     56   73    1 : tunables    0    0    0 : slabdata     70     70      0
pool_workqueue      3920   3920    512   16    2 : tunables    0    0    0 : slabdata    245    245      0
radix_tree_node     1540   1540    584   28    4 : tunables    0    0    0 : slabdata     55     55      0
task_group             0      0    704   23    4 : tunables    0    0    0 : slabdata      0      0      0
maple_node           286    288    256   16    1 : tunables    0    0    0 : slabdata     18     18      0
mm_struct             60     72   1792   18    8 : tunables    0    0    0 : slabdata      4      4      0
vmap_area           2512   2520     72   56    1 : tunables    0    0    0 : slabdata     45     45      0
kmalloc_buckets       60     72    112   36    1 : tunables    0    0    0 : slabdata      2      2      0
kmalloc-cg-8k          4      4   8192    4    8 : tunables    0    0    0 : slabdata      1      1      0
kmalloc-cg-4k         84     88   4096    8    8 : tunables    0    0    0 : slabdata     11     11      0
kmalloc-cg-2k        180    192   2048   16    8 : tunables    0    0    0 : slabdata     12     12      0
kmalloc-cg-1k        108    112   1024   16    4 : tunables    0    0    0 : slabdata      7      7      0
kmalloc-cg-512       168    176    512   16    2 : tunables    0    0    0 : slabdata     11     11      0
kmalloc-cg-256       364    368    256   16    1 : tunables    0    0    0 : slabdata     23     23      0
kmalloc-cg-128       480    480    128   32    1 : tunables    0    0    0 : slabdata     15     15      0
kmalloc-cg-64        360    384     64   64    1 : tunables    0    0    0 : slabdata      6      6      0
kmalloc-cg-32        600    640     32  128    1 : tunables    0    0    0 : slabdata      5      5      0
kmalloc-cg-16        420    512     16  256    1 : tunables    0    0    0 : slabdata      2      2      0
kmalloc-cg-8         240    512      8  512    1 : tunables    0    0    0 : slabdata      1      1      0
kmalloc-cg-192       480    483    192   21    1 : tunables    0    0    0 : slabdata     23     23      0
kmalloc-cg-96        360    378     96   42    1 : tunables    0    0    0 : slabdata      9      9      0
dma-kmalloc-8k         0      0   8192    4    8 : tunables    0    0    0 : slabdata      0      0      0
dma-kmalloc-4k         0      0   4096    8    8 : tunables    0    0    0 : slabdata      0      0      0
dma-kmalloc-2k         0      0   2048   16    8 : tunables    0    0    0 : slabdata      0      0      0
dma-kmalloc-1k         0      0   1024   16    4 : tunables    0    0    0 : slabdata      0      0      0
dma-kmalloc-512        0      0    512   16    2 : tunables    0    0    0 : slabdata      0      0      0
dma-kmalloc-256        0      0    256   16    1 : tunables    0    0    0 : slabdata      0      0      0
dma-kmalloc-128        0      0    128   32    1 : tunables    0    0    0 : slabdata      0      0      0
dma-kmalloc-64         0      0     64   64    1 : tunables    0    0    0 : slabdata      0      0      0
dma-kmalloc-32         0      0     32  128    1 : tunables    0    0    0 : slabdata      0      0      0
dma-kmalloc-16         0      0     16  256    1 : tunables    0    0    0 : slabdata      0      0      0
dma-kmalloc-8          0      0      8  512    1 : tunables    0    0    0 : slabdata      0      0      0
dma-kmalloc-192        0      0    192   21    1 : tunables    0    0    0 : slabdata      0      0      0
dma-kmalloc-96         0      0     96   42    1 : tunables    0    0    0 : slabdata      0      0      0
kmalloc-rcl-8k         0      0   8192    4    8 : tunables    0    0    0 : slabdata      0      0      0
kmalloc-rcl-4k         0      0   4096    8    8 : tunables    0    0    0 : slabdata      0      0      0
kmalloc-rcl-2k         0      0   2048   16    8 : tunables    0    0    0 : slabdata      0      0      0
kmalloc-rcl-1k         0      0   1024   16    4 : tunables    0    0    0 : slabdata      0      0      0
kmalloc-rcl-512        0      0    512   16    2 : tunables    0    0    0 : slabdata      0      0      0
kmalloc-rcl-256        0      0    256   16    1 : tunables    0    0    0 : slabdata      0      0      0
kmalloc-rcl-128        0      0    128   32    1 : tunables    0    0    0 : slabdata      0      0      0
kmalloc-rcl-64         0      0     64   64    1 : tunables    0    0    0 : slabdata      0      0      0
kmalloc-rcl-32         0      0     32  128    1 : tunables    0    0    0 : slabdata      0      0      0
kmalloc-rcl-16         0      0     16  256    1 : tunables    0    0    0 : slabdata      0      0      0
kmalloc-rcl-8          0      0      8  512    1 : tunables    0    0    0 : slabdata      0      0      0
kmalloc-rcl-192        0      0    192   21    1 : tunables    0    0    0 : slabdata      0      0      0
kmalloc-rcl-96         0      0     96   42    1 : tunables    0    0    0 : slabdata      0      0      0
kmalloc-rnd-15-8k      4      4   8192    4    8 : tunables    0    0    0 : slabdata      1      1      0
kmalloc-rnd-15-4k      0      0   4096    8    8 : tunables    0    0    0 : slabdata      0      0      0
kmalloc-rnd-15-2k     36     48   2048   16    8 : tunables    0    0    0 : slabdata      3      3      0
kmalloc-rnd-15-1k     36     48   1024   16    4 : tunables    0    0    0 : slabdata      3      3      0
kmalloc-rnd-15-512    112    112    512   16    2 : tunables    0    0    0 : slabdata      7      7      0
kmalloc-rnd-15-256    112    112    256   16    1 : tunables    0    0    0 : slabdata      7      7      0
kmalloc-rnd-15-128    180    192    128   32    1 : tunables    0    0    0 : slabdata      6      6      0
kmalloc-rnd-15-64    480    512     64   64    1 : tunables    0    0    0 : slabdata      8      8      0
kmalloc-rnd-15-32    780    896     32  128    1 : tunables    0    0    0 : slabdata      7      7      0
kmalloc-rnd-15-16    120    256     16  256    1 : tunables    0    0    0 : slabdata      1      1      0
kmalloc-rnd-15-8     180    512      8  512    1 : tunables    0    0    0 : slabdata      1      1      0
kmalloc-rnd-15-192    180    189    192   21    1 : tunables    0    0    0 : slabdata      9      9      0
kmalloc-rnd-15-96    240    252     96   42    1 : tunables    0    0    0 : slabdata      6      6      0
kmalloc-rnd-14-8k      0      0   8192    4    8 : tunables    0    0    0 : slabdata      0      0      0
kmalloc-rnd-14-4k      4      8   4096    8    8 : tunables    0    0    0 : slabdata      1      1      0
kmalloc-rnd-14-2k     12     16   2048   16    8 : tunables    0    0    0 : slabdata      1      1      0
kmalloc-rnd-14-1k     48     48   1024   16    4 : tunables    0    0    0 : slabdata      3      3      0
kmalloc-rnd-14-512     84     96    512   16    2 : tunables    0    0    0 : slabdata      6      6      0
kmalloc-rnd-14-256     56     64    256   16    1 : tunables    0    0    0 : slabdata      4      4      0
kmalloc-rnd-14-128    240    256    128   32    1 : tunables    0    0    0 : slabdata      8      8      0
kmalloc-rnd-14-64    240    256     64   64    1 : tunables    0    0    0 : slabdata      4      4      0
kmalloc-rnd-14-32    240    256     32  128    1 : tunables    0    0    0 : slabdata      2      2      0
kmalloc-rnd-14-16    120    256     16  256    1 : tunables    0    0    0 : slabdata      1      1      0
kmalloc-rnd-14-8     180    512      8  512    1 : tunables    0    0    0 : slabdata      1      1      0
kmalloc-rnd-14-192    120    126    192   21    1 : tunables    0    0    0 : slabdata      6      6      0
kmalloc-rnd-14-96   2040   2058     96   42    1 : tunables    0    0    0 : slabdata     49     49      0
kmalloc-rnd-13-8k      0      0   8192    4    8 : tunables    0    0    0 : slabdata      0      0      0
kmalloc-rnd-13-4k      4      8   4096    8    8 : tunables    0    0    0 : slabdata      1      1      0
kmalloc-rnd-13-2k     24     32   2048   16    8 : tunables    0    0    0 : slabdata      2      2      0
kmalloc-rnd-13-1k     48     48   1024   16    4 : tunables    0    0    0 : slabdata      3      3      0
kmalloc-rnd-13-512    140    144    512   16    2 : tunables    0    0    0 : slabdata      9      9      0
kmalloc-rnd-13-256    196    208    256   16    1 : tunables    0    0    0 : slabdata     13     13      0
kmalloc-rnd-13-128    180    192    128   32    1 : tunables    0    0    0 : slabdata      6      6      0
kmalloc-rnd-13-64   1560   1600     64   64    1 : tunables    0    0    0 : slabdata     25     25      0
kmalloc-rnd-13-32    240    256     32  128    1 : tunables    0    0    0 : slabdata      2      2      0
kmalloc-rnd-13-16    240    256     16  256    1 : tunables    0    0    0 : slabdata      1      1      0
kmalloc-rnd-13-8     240    512      8  512    1 : tunables    0    0    0 : slabdata      1      1      0
kmalloc-rnd-13-192    480    483    192   21    1 : tunables    0    0    0 : slabdata     23     23      0
kmalloc-rnd-13-96    120    126     96   42    1 : tunables    0    0    0 : slabdata      3      3      0
kmalloc-rnd-12-8k      0      0   8192    4    8 : tunables    0    0    0 : slabdata      0      0      0
kmalloc-rnd-12-4k      4      8   4096    8    8 : tunables    0    0    0 : slabdata      1      1      0
kmalloc-rnd-12-2k    156    160   2048   16    8 : tunables    0    0    0 : slabdata     10     10      0
kmalloc-rnd-12-1k     60     64   1024   16    4 : tunables    0    0    0 : slabdata      4      4      0
kmalloc-rnd-12-512    112    112    512   16    2 : tunables    0    0    0 : slabdata      7      7      0
kmalloc-rnd-12-256     56     64    256   16    1 : tunables    0    0    0 : slabdata      4      4      0
kmalloc-rnd-12-128    120    128    128   32    1 : tunables    0    0    0 : slabdata      4      4      0
kmalloc-rnd-12-64    300    320     64   64    1 : tunables    0    0    0 : slabdata      5      5      0
kmalloc-rnd-12-32    240    256     32  128    1 : tunables    0    0    0 : slabdata      2      2      0
kmalloc-rnd-12-16   1500   1536     16  256    1 : tunables    0    0    0 : slabdata      6      6      0
kmalloc-rnd-12-8    1740   2048      8  512    1 : tunables    0    0    0 : slabdata      4      4      0
kmalloc-rnd-12-192    180    189    192   21    1 : tunables    0    0    0 : slabdata      9      9      0
kmalloc-rnd-12-96    180    210     96   42    1 : tunables    0    0    0 : slabdata      5      5      0
kmalloc-rnd-11-8k      4      4   8192    4    8 : tunables    0    0    0 : slabdata      1      1      0
kmalloc-rnd-11-4k      4      8   4096    8    8 : tunables    0    0    0 : slabdata      1      1      0
kmalloc-rnd-11-2k     48     48   2048   16    8 : tunables    0    0    0 : slabdata      3      3      0
kmalloc-rnd-11-1k    108    112   1024   16    4 : tunables    0    0    0 : slabdata      7      7      0
kmalloc-rnd-11-512     56     64    512   16    2 : tunables    0    0    0 : slabdata      4      4      0
kmalloc-rnd-11-256    112    112    256   16    1 : tunables    0    0    0 : slabdata      7      7      0
kmalloc-rnd-11-128    240    256    128   32    1 : tunables    0    0    0 : slabdata      8      8      0
kmalloc-rnd-11-64    339    384     64   64    1 : tunables    0    0    0 : slabdata      6      6      0
kmalloc-rnd-11-32    960   1408     32  128    1 : tunables    0    0    0 : slabdata     11     11      0
kmalloc-rnd-11-16    300    512     16  256    1 : tunables    0    0    0 : slabdata      2      2      0
kmalloc-rnd-11-8     180    512      8  512    1 : tunables    0    0    0 : slabdata      1      1      0
kmalloc-rnd-11-192    181    189    192   21    1 : tunables    0    0    0 : slabdata      9      9      0
kmalloc-rnd-11-96    480    504     96   42    1 : tunables    0    0    0 : slabdata     12     12      0
kmalloc-rnd-10-8k      8      8   8192    4    8 : tunables    0    0    0 : slabdata      2      2      0
kmalloc-rnd-10-4k     12     16   4096    8    8 : tunables    0    0    0 : slabdata      2      2      0
kmalloc-rnd-10-2k     48     48   2048   16    8 : tunables    0    0    0 : slabdata      3      3      0
kmalloc-rnd-10-1k    168    176   1024   16    4 : tunables    0    0    0 : slabdata     11     11      0
kmalloc-rnd-10-512    112    112    512   16    2 : tunables    0    0    0 : slabdata      7      7      0
kmalloc-rnd-10-256    168    176    256   16    1 : tunables    0    0    0 : slabdata     11     11      0
kmalloc-rnd-10-128    180    192    128   32    1 : tunables    0    0    0 : slabdata      6      6      0
kmalloc-rnd-10-64    240    256     64   64    1 : tunables    0    0    0 : slabdata      4      4      0
kmalloc-rnd-10-32    360    384     32  128    1 : tunables    0    0    0 : slabdata      3      3      0
kmalloc-rnd-10-16    240    256     16  256    1 : tunables    0    0    0 : slabdata      1      1      0
kmalloc-rnd-10-8     240    512      8  512    1 : tunables    0    0    0 : slabdata      1      1      0
kmalloc-rnd-10-192    180    189    192   21    1 : tunables    0    0    0 : slabdata      9      9      0
kmalloc-rnd-10-96    240    252     96   42    1 : tunables    0    0    0 : slabdata      6      6      0
kmalloc-rnd-09-8k      8      8   8192    4    8 : tunables    0    0    0 : slabdata      2      2      0
kmalloc-rnd-09-4k     12     16   4096    8    8 : tunables    0    0    0 : slabdata      2      2      0
kmalloc-rnd-09-2k     12     16   2048   16    8 : tunables    0    0    0 : slabdata      1      1      0
kmalloc-rnd-09-1k     72     80   1024   16    4 : tunables    0    0    0 : slabdata      5      5      0
kmalloc-rnd-09-512    112    112    512   16    2 : tunables    0    0    0 : slabdata      7      7      0
kmalloc-rnd-09-256    168    176    256   16    1 : tunables    0    0    0 : slabdata     11     11      0
kmalloc-rnd-09-128    120    128    128   32    1 : tunables    0    0    0 : slabdata      4      4      0
kmalloc-rnd-09-64    240    256     64   64    1 : tunables    0    0    0 : slabdata      4      4      0
kmalloc-rnd-09-32    240    256     32  128    1 : tunables    0    0    0 : slabdata      2      2      0
kmalloc-rnd-09-16    240    256     16  256    1 : tunables    0    0    0 : slabdata      1      1      0
kmalloc-rnd-09-8     300    512      8  512    1 : tunables    0    0    0 : slabdata      1      1      0
kmalloc-rnd-09-192      0      0    192   21    1 : tunables    0    0    0 : slabdata      0      0      0
kmalloc-rnd-09-96    240    252     96   42    1 : tunables    0    0    0 : slabdata      6      6      0
kmalloc-rnd-08-8k      4      4   8192    4    8 : tunables    0    0    0 : slabdata      1      1      0
kmalloc-rnd-08-4k      8      8   4096    8    8 : tunables    0    0    0 : slabdata      1      1      0
kmalloc-rnd-08-2k     60     64   2048   16    8 : tunables    0    0    0 : slabdata      4      4      0
kmalloc-rnd-08-1k    108    112   1024   16    4 : tunables    0    0    0 : slabdata      7      7      0
kmalloc-rnd-08-512   1456   1456    512   16    2 : tunables    0    0    0 : slabdata     91     91      0
kmalloc-rnd-08-256    608    608    256   16    1 : tunables    0    0    0 : slabdata     38     38      0
kmalloc-rnd-08-128    624    640    128   32    1 : tunables    0    0    0 : slabdata     20     20      0
kmalloc-rnd-08-64    684    704     64   64    1 : tunables    0    0    0 : slabdata     11     11      0
kmalloc-rnd-08-32    240    256     32  128    1 : tunables    0    0    0 : slabdata      2      2      0
kmalloc-rnd-08-16    120    256     16  256    1 : tunables    0    0    0 : slabdata      1      1      0
kmalloc-rnd-08-8      60    512      8  512    1 : tunables    0    0    0 : slabdata      1      1      0
kmalloc-rnd-08-192    120    126    192   21    1 : tunables    0    0    0 : slabdata      6      6      0
kmalloc-rnd-08-96    300    336     96   42    1 : tunables    0    0    0 : slabdata      8      8      0
kmalloc-rnd-07-8k      0      0   8192    4    8 : tunables    0    0    0 : slabdata      0      0      0
kmalloc-rnd-07-4k      4      8   4096    8    8 : tunables    0    0    0 : slabdata      1      1      0
kmalloc-rnd-07-2k     36     48   2048   16    8 : tunables    0    0    0 : slabdata      3      3      0
kmalloc-rnd-07-1k     36     48   1024   16    4 : tunables    0    0    0 : slabdata      3      3      0
kmalloc-rnd-07-512     84     96    512   16    2 : tunables    0    0    0 : slabdata      6      6      0
kmalloc-rnd-07-256    224    224    256   16    1 : tunables    0    0    0 : slabdata     14     14      0
kmalloc-rnd-07-128    240    256    128   32    1 : tunables    0    0    0 : slabdata      8      8      0
kmalloc-rnd-07-64    240    256     64   64    1 : tunables    0    0    0 : slabdata      4      4      0
kmalloc-rnd-07-32    240    256     32  128    1 : tunables    0    0    0 : slabdata      2      2      0
kmalloc-rnd-07-16    180    256     16  256    1 : tunables    0    0    0 : slabdata      1      1      0
kmalloc-rnd-07-8     180    512      8  512    1 : tunables    0    0    0 : slabdata      1      1      0
kmalloc-rnd-07-192    180    189    192   21    1 : tunables    0    0    0 : slabdata      9      9      0
kmalloc-rnd-07-96    240    252     96   42    1 : tunables    0    0    0 : slabdata      6      6      0
kmalloc-rnd-06-8k     16     16   8192    4    8 : tunables    0    0    0 : slabdata      4      4      0
kmalloc-rnd-06-4k      4      8   4096    8    8 : tunables    0    0    0 : slabdata      1      1      0
kmalloc-rnd-06-2k     24     32   2048   16    8 : tunables    0    0    0 : slabdata      2      2      0
kmalloc-rnd-06-1k     36     48   1024   16    4 : tunables    0    0    0 : slabdata      3      3      0
kmalloc-rnd-06-512  12290  12304    512   16    2 : tunables    0    0    0 : slabdata    769    769      0
kmalloc-rnd-06-256   5506   5520    256   16    1 : tunables    0    0    0 : slabdata    345    345      0
kmalloc-rnd-06-128   4270   4288    128   32    1 : tunables    0    0    0 : slabdata    134    134      0
kmalloc-rnd-06-64   3070   3072     64   64    1 : tunables    0    0    0 : slabdata     48     48      0
kmalloc-rnd-06-32    240    256     32  128    1 : tunables    0    0    0 : slabdata      2      2      0
kmalloc-rnd-06-16    180    256     16  256    1 : tunables    0    0    0 : slabdata      1      1      0
kmalloc-rnd-06-8     120    512      8  512    1 : tunables    0    0    0 : slabdata      1      1      0
kmalloc-rnd-06-192     60     63    192   21    1 : tunables    0    0    0 : slabdata      3      3      0
kmalloc-rnd-06-96    180    210     96   42    1 : tunables    0    0    0 : slabdata      5      5      0
kmalloc-rnd-05-8k      4      4   8192    4    8 : tunables    0    0    0 : slabdata      1      1      0
kmalloc-rnd-05-4k     16     16   4096    8    8 : tunables    0    0    0 : slabdata      2      2      0
kmalloc-rnd-05-2k     24     32   2048   16    8 : tunables    0    0    0 : slabdata      2      2      0
kmalloc-rnd-05-1k     96     96   1024   16    4 : tunables    0    0    0 : slabdata      6      6      0
kmalloc-rnd-05-512     84     96    512   16    2 : tunables    0    0    0 : slabdata      6      6      0
kmalloc-rnd-05-256    140    144    256   16    1 : tunables    0    0    0 : slabdata      9      9      0
kmalloc-rnd-05-128    120    128    128   32    1 : tunables    0    0    0 : slabdata      4      4      0
kmalloc-rnd-05-64    431    448     64   64    1 : tunables    0    0    0 : slabdata      7      7      0
kmalloc-rnd-05-32    660    768     32  128    1 : tunables    0    0    0 : slabdata      6      6      0
kmalloc-rnd-05-16    240    256     16  256    1 : tunables    0    0    0 : slabdata      1      1      0
kmalloc-rnd-05-8    2460   2560      8  512    1 : tunables    0    0    0 : slabdata      5      5      0
kmalloc-rnd-05-192    420    420    192   21    1 : tunables    0    0    0 : slabdata     20     20      0
kmalloc-rnd-05-96    240    252     96   42    1 : tunables    0    0    0 : slabdata      6      6      0
kmalloc-rnd-04-8k      0      0   8192    4    8 : tunables    0    0    0 : slabdata      0      0      0
kmalloc-rnd-04-4k      0      0   4096    8    8 : tunables    0    0    0 : slabdata      0      0      0
kmalloc-rnd-04-2k     60     64   2048   16    8 : tunables    0    0    0 : slabdata      4      4      0
kmalloc-rnd-04-1k     24     32   1024   16    4 : tunables    0    0    0 : slabdata      2      2      0
kmalloc-rnd-04-512    112    112    512   16    2 : tunables    0    0    0 : slabdata      7      7      0
kmalloc-rnd-04-256    168    176    256   16    1 : tunables    0    0    0 : slabdata     11     11      0
kmalloc-rnd-04-128    180    192    128   32    1 : tunables    0    0    0 : slabdata      6      6      0
kmalloc-rnd-04-64    480    512     64   64    1 : tunables    0    0    0 : slabdata      8      8      0
kmalloc-rnd-04-32    300    384     32  128    1 : tunables    0    0    0 : slabdata      3      3      0
kmalloc-rnd-04-16    180    256     16  256    1 : tunables    0    0    0 : slabdata      1      1      0
kmalloc-rnd-04-8      60    512      8  512    1 : tunables    0    0    0 : slabdata      1      1      0
kmalloc-rnd-04-192     60     63    192   21    1 : tunables    0    0    0 : slabdata      3      3      0
kmalloc-rnd-04-96    240    252     96   42    1 : tunables    0    0    0 : slabdata      6      6      0
kmalloc-rnd-03-8k      0      0   8192    4    8 : tunables    0    0    0 : slabdata      0      0      0
kmalloc-rnd-03-4k      0      0   4096    8    8 : tunables    0    0    0 : slabdata      0      0      0
kmalloc-rnd-03-2k     12     16   2048   16    8 : tunables    0    0    0 : slabdata      1      1      0
kmalloc-rnd-03-1k     48     48   1024   16    4 : tunables    0    0    0 : slabdata      3      3      0
kmalloc-rnd-03-512    112    112    512   16    2 : tunables    0    0    0 : slabdata      7      7      0
kmalloc-rnd-03-256    420    432    256   16    1 : tunables    0    0    0 : slabdata     27     27      0
kmalloc-rnd-03-128    120    128    128   32    1 : tunables    0    0    0 : slabdata      4      4      0
kmalloc-rnd-03-64    180    192     64   64    1 : tunables    0    0    0 : slabdata      3      3      0
kmalloc-rnd-03-32    240    256     32  128    1 : tunables    0    0    0 : slabdata      2      2      0
kmalloc-rnd-03-16    540    768     16  256    1 : tunables    0    0    0 : slabdata      3      3      0
kmalloc-rnd-03-8     720   1024      8  512    1 : tunables    0    0    0 : slabdata      2      2      0
kmalloc-rnd-03-192    240    252    192   21    1 : tunables    0    0    0 : slabdata     12     12      0
kmalloc-rnd-03-96    180    210     96   42    1 : tunables    0    0    0 : slabdata      5      5      0
kmalloc-rnd-02-8k      0      0   8192    4    8 : tunables    0    0    0 : slabdata      0      0      0
kmalloc-rnd-02-4k      4      8   4096    8    8 : tunables    0    0    0 : slabdata      1      1      0
kmalloc-rnd-02-2k     36     48   2048   16    8 : tunables    0    0    0 : slabdata      3      3      0
kmalloc-rnd-02-1k     60     64   1024   16    4 : tunables    0    0    0 : slabdata      4      4      0
kmalloc-rnd-02-512    112    112    512   16    2 : tunables    0    0    0 : slabdata      7      7      0
kmalloc-rnd-02-256    168    176    256   16    1 : tunables    0    0    0 : slabdata     11     11      0
kmalloc-rnd-02-128    240    256    128   32    1 : tunables    0    0    0 : slabdata      8      8      0
kmalloc-rnd-02-64    240    256     64   64    1 : tunables    0    0    0 : slabdata      4      4      0
kmalloc-rnd-02-32    240    256     32  128    1 : tunables    0    0    0 : slabdata      2      2      0
kmalloc-rnd-02-16    180    256     16  256    1 : tunables    0    0    0 : slabdata      1      1      0
kmalloc-rnd-02-8     180    512      8  512    1 : tunables    0    0    0 : slabdata      1      1      0
kmalloc-rnd-02-192    240    252    192   21    1 : tunables    0    0    0 : slabdata     12     12      0
kmalloc-rnd-02-96    360    378     96   42    1 : tunables    0    0    0 : slabdata      9      9      0
kmalloc-rnd-01-8k      4      4   8192    4    8 : tunables    0    0    0 : slabdata      1      1      0
kmalloc-rnd-01-4k      4      8   4096    8    8 : tunables    0    0    0 : slabdata      1      1      0
kmalloc-rnd-01-2k     36     48   2048   16    8 : tunables    0    0    0 : slabdata      3      3      0
kmalloc-rnd-01-1k     48     48   1024   16    4 : tunables    0    0    0 : slabdata      3      3      0
kmalloc-rnd-01-512    112    112    512   16    2 : tunables    0    0    0 : slabdata      7      7      0
kmalloc-rnd-01-256     84     96    256   16    1 : tunables    0    0    0 : slabdata      6      6      0
kmalloc-rnd-01-128     60     64    128   32    1 : tunables    0    0    0 : slabdata      2      2      0
kmalloc-rnd-01-64    240    256     64   64    1 : tunables    0    0    0 : slabdata      4      4      0
kmalloc-rnd-01-32    420    512     32  128    1 : tunables    0    0    0 : slabdata      4      4      0
kmalloc-rnd-01-16    180    256     16  256    1 : tunables    0    0    0 : slabdata      1      1      0
kmalloc-rnd-01-8     120    512      8  512    1 : tunables    0    0    0 : slabdata      1      1      0
kmalloc-rnd-01-192    180    189    192   21    1 : tunables    0    0    0 : slabdata      9      9      0
kmalloc-rnd-01-96    240    252     96   42    1 : tunables    0    0    0 : slabdata      6      6      0
kmalloc-8k             4      4   8192    4    8 : tunables    0    0    0 : slabdata      1      1      0
kmalloc-4k            12     16   4096    8    8 : tunables    0    0    0 : slabdata      2      2      0
kmalloc-2k           120    128   2048   16    8 : tunables    0    0    0 : slabdata      8      8      0
kmalloc-1k            24     32   1024   16    4 : tunables    0    0    0 : slabdata      2      2      0
kmalloc-512          112    112    512   16    2 : tunables    0    0    0 : slabdata      7      7      0
kmalloc-256           56     64    256   16    1 : tunables    0    0    0 : slabdata      4      4      0
kmalloc-128          120    128    128   32    1 : tunables    0    0    0 : slabdata      4      4      0
kmalloc-64           541    576     64   64    1 : tunables    0    0    0 : slabdata      9      9      0
kmalloc-32           240    256     32  128    1 : tunables    0    0    0 : slabdata      2      2      0
kmalloc-16           360    512     16  256    1 : tunables    0    0    0 : slabdata      2      2      0
kmalloc-8            120    512      8  512    1 : tunables    0    0    0 : slabdata      1      1      0
kmalloc-192           60     63    192   21    1 : tunables    0    0    0 : slabdata      3      3      0
kmalloc-96           180    210     96   42    1 : tunables    0    0    0 : slabdata      5      5      0
kmem_cache_node      407    416    128   32    1 : tunables    0    0    0 : slabdata     13     13      0
kmem_cache           407    416    256   16    1 : tunables    0    0    0 : slabdata     26     26      0
BENCH_PRE_VARIANT_END
[    2.304220] shmproxy: loading out-of-tree module taints kernel.
[    2.305356] shmproxy: module verification failed: signature and/or required key missing - tainting kernel
[    2.307815] shmproxy: kernel AF_VSOCK listener CID2:29500 loaded
BENCH_PERF_PMU_PROBE

 Performance counter stats for 'system wide':

           7097398      cycles                                                                
           4718162      instructions                                                          

       0.101752155 seconds time elapsed

BENCH_PERF_SOFTWARE_PROBE

 Performance counter stats for 'system wide':

            404.73 msec cpu-clock                                                             
            404.74 msec task-clock                                                            
               204      context-switches                                                      
                 5      cpu-migrations                                                        

       0.101221386 seconds time elapsed

{"event": "begin"}
{"event": "loaded"}
[    4.496728] clocksource: Long readout interval, skipping watchdog check: cs_nsec: 1663382494 wd_nsec: 1663381677
{"event": "preflight_message"}
{"event": "preflight_message"}
{"event": "preflight_message"}
{"event": "preflight_message"}
{"event": "preflight_message"}
{"event": "preflight_message"}
{"event": "preflight_backpressure_hold"}
{"event": "preflight_tcp_backpressure_halfclose"}
{"event": "preflight_owned_mapping_fail_closed"}
{"event": "correctness_gate_passed"}
{"event": "setup", "population": 1, "duration_s": 0.001189159}
{"event": "audit"}
{"event": "correctness_size"}
{"event": "correctness_size"}
{"event": "correctness_size"}
{"event": "idle", "population": 1, "duration_s": 2}
{"event": "window_begin", "id": "kernel-tcp-1-1-64-0-99"}
{"event": "window_end", "id": "kernel-tcp-1-1-64-0-99"}
{"event": "window", "id": "kernel-tcp-1-1-64-0-99", "population": 1, "duration_s": 0.150197544, "delivered_roundtrips": 540}
{"event": "window_begin", "id": "kernel-tcp-1-1-64-100-0"}
{"event": "window_end", "id": "kernel-tcp-1-1-64-100-0"}
{"event": "window", "id": "kernel-tcp-1-1-64-100-0", "population": 1, "duration_s": 1.000241747, "delivered_roundtrips": 100}
{"event": "window_begin", "id": "kernel-tcp-1-1-64-1000-0"}
{"event": "window_end", "id": "kernel-tcp-1-1-64-1000-0"}
{"event": "window", "id": "kernel-tcp-1-1-64-1000-0", "population": 1, "duration_s": 1.000178151, "delivered_roundtrips": 1000}
{"event": "window_begin", "id": "kernel-tcp-1-1-64-0-0"}
{"event": "window_end", "id": "kernel-tcp-1-1-64-0-0"}
{"event": "window", "id": "kernel-tcp-1-1-64-0-0", "population": 1, "duration_s": 1.000180935, "delivered_roundtrips": 4097}
{"event": "window_begin", "id": "kernel-tcp-1-1-64-0-1"}
{"event": "window_end", "id": "kernel-tcp-1-1-64-0-1"}
{"event": "window", "id": "kernel-tcp-1-1-64-0-1", "population": 1, "duration_s": 1.000194325, "delivered_roundtrips": 4372}
{"event": "window_begin", "id": "kernel-tcp-1-1-64-1000-1"}
{"event": "window_end", "id": "kernel-tcp-1-1-64-1000-1"}
{"event": "window", "id": "kernel-tcp-1-1-64-1000-1", "population": 1, "duration_s": 1.000250039, "delivered_roundtrips": 1000}
{"event": "window_begin", "id": "kernel-tcp-1-1-64-100-1"}
{"event": "window_end", "id": "kernel-tcp-1-1-64-100-1"}
{"event": "window", "id": "kernel-tcp-1-1-64-100-1", "population": 1, "duration_s": 1.000296099, "delivered_roundtrips": 100}
{"event": "window_begin", "id": "kernel-tcp-1-1-64-100-2"}
{"event": "window_end", "id": "kernel-tcp-1-1-64-100-2"}
{"event": "window", "id": "kernel-tcp-1-1-64-100-2", "population": 1, "duration_s": 1.000279203, "delivered_roundtrips": 100}
{"event": "window_begin", "id": "kernel-tcp-1-1-64-1000-2"}
{"event": "window_end", "id": "kernel-tcp-1-1-64-1000-2"}
{"event": "window", "id": "kernel-tcp-1-1-64-1000-2", "population": 1, "duration_s": 1.000211041, "delivered_roundtrips": 1000}
{"event": "window_begin", "id": "kernel-tcp-1-1-64-0-2"}
{"event": "window_end", "id": "kernel-tcp-1-1-64-0-2"}
{"event": "window", "id": "kernel-tcp-1-1-64-0-2", "population": 1, "duration_s": 1.00021028, "delivered_roundtrips": 4249}
{"event": "window_begin", "id": "kernel-tcp-1-1-1024-0-99"}
{"event": "window_end", "id": "kernel-tcp-1-1-1024-0-99"}
{"event": "window", "id": "kernel-tcp-1-1-1024-0-99", "population": 1, "duration_s": 0.150065626, "delivered_roundtrips": 517}
{"event": "window_begin", "id": "kernel-tcp-1-1-1024-100-0"}
{"event": "window_end", "id": "kernel-tcp-1-1-1024-100-0"}
{"event": "window", "id": "kernel-tcp-1-1-1024-100-0", "population": 1, "duration_s": 1.000157891, "delivered_roundtrips": 100}
{"event": "window_begin", "id": "kernel-tcp-1-1-1024-1000-0"}
{"event": "window_end", "id": "kernel-tcp-1-1-1024-1000-0"}
{"event": "window", "id": "kernel-tcp-1-1-1024-1000-0", "population": 1, "duration_s": 1.000229178, "delivered_roundtrips": 1000}
{"event": "window_begin", "id": "kernel-tcp-1-1-1024-0-0"}
{"event": "window_end", "id": "kernel-tcp-1-1-1024-0-0"}
{"event": "window", "id": "kernel-tcp-1-1-1024-0-0", "population": 1, "duration_s": 1.000273885, "delivered_roundtrips": 4128}
{"event": "window_begin", "id": "kernel-tcp-1-1-1024-0-1"}
{"event": "window_end", "id": "kernel-tcp-1-1-1024-0-1"}
{"event": "window", "id": "kernel-tcp-1-1-1024-0-1", "population": 1, "duration_s": 1.000306164, "delivered_roundtrips": 4304}
{"event": "window_begin", "id": "kernel-tcp-1-1-1024-1000-1"}
{"event": "window_end", "id": "kernel-tcp-1-1-1024-1000-1"}
{"event": "window", "id": "kernel-tcp-1-1-1024-1000-1", "population": 1, "duration_s": 1.000196699, "delivered_roundtrips": 1000}
{"event": "window_begin", "id": "kernel-tcp-1-1-1024-100-1"}
{"event": "window_end", "id": "kernel-tcp-1-1-1024-100-1"}
{"event": "window", "id": "kernel-tcp-1-1-1024-100-1", "population": 1, "duration_s": 1.000198783, "delivered_roundtrips": 100}
{"event": "window_begin", "id": "kernel-tcp-1-1-1024-100-2"}
{"event": "window_end", "id": "kernel-tcp-1-1-1024-100-2"}
{"event": "window", "id": "kernel-tcp-1-1-1024-100-2", "population": 1, "duration_s": 1.000211592, "delivered_roundtrips": 100}
{"event": "window_begin", "id": "kernel-tcp-1-1-1024-1000-2"}
{"event": "window_end", "id": "kernel-tcp-1-1-1024-1000-2"}
{"event": "window", "id": "kernel-tcp-1-1-1024-1000-2", "population": 1, "duration_s": 1.00018432, "delivered_roundtrips": 1000}
{"event": "window_begin", "id": "kernel-tcp-1-1-1024-0-2"}
{"event": "window_end", "id": "kernel-tcp-1-1-1024-0-2"}
{"event": "window", "id": "kernel-tcp-1-1-1024-0-2", "population": 1, "duration_s": 1.00026373, "delivered_roundtrips": 4222}
{"event": "window_begin", "id": "kernel-tcp-1-1-65536-0-99"}
{"event": "window_end", "id": "kernel-tcp-1-1-65536-0-99"}
{"event": "window", "id": "kernel-tcp-1-1-65536-0-99", "population": 1, "duration_s": 0.191695421, "delivered_roundtrips": 5}
{"event": "window_begin", "id": "kernel-tcp-1-1-65536-100-0"}
{"event": "window_end", "id": "kernel-tcp-1-1-65536-100-0"}
{"event": "window", "id": "kernel-tcp-1-1-65536-100-0", "population": 1, "duration_s": 1.007413267, "delivered_roundtrips": 24}
{"event": "window_begin", "id": "kernel-tcp-1-1-65536-1000-0"}
{"event": "window_end", "id": "kernel-tcp-1-1-65536-1000-0"}
{"event": "window", "id": "kernel-tcp-1-1-65536-1000-0", "population": 1, "duration_s": 1.002282418, "delivered_roundtrips": 24}
{"event": "window_begin", "id": "kernel-tcp-1-1-65536-0-0"}
{"event": "window_end", "id": "kernel-tcp-1-1-65536-0-0"}
{"event": "window", "id": "kernel-tcp-1-1-65536-0-0", "population": 1, "duration_s": 1.010547233, "delivered_roundtrips": 24}
{"event": "window_begin", "id": "kernel-tcp-1-1-65536-0-1"}
{"event": "window_end", "id": "kernel-tcp-1-1-65536-0-1"}
{"event": "window", "id": "kernel-tcp-1-1-65536-0-1", "population": 1, "duration_s": 1.003464867, "delivered_roundtrips": 24}
{"event": "window_begin", "id": "kernel-tcp-1-1-65536-1000-1"}
{"event": "window_end", "id": "kernel-tcp-1-1-65536-1000-1"}
{"event": "window", "id": "kernel-tcp-1-1-65536-1000-1", "population": 1, "duration_s": 1.000714438, "delivered_roundtrips": 24}
{"event": "window_begin", "id": "kernel-tcp-1-1-65536-100-1"}
{"event": "window_end", "id": "kernel-tcp-1-1-65536-100-1"}
{"event": "window", "id": "kernel-tcp-1-1-65536-100-1", "population": 1, "duration_s": 1.002635378, "delivered_roundtrips": 24}
{"event": "window_begin", "id": "kernel-tcp-1-1-65536-100-2"}
{"event": "window_end", "id": "kernel-tcp-1-1-65536-100-2"}
{"event": "window", "id": "kernel-tcp-1-1-65536-100-2", "population": 1, "duration_s": 1.006575717, "delivered_roundtrips": 24}
{"event": "window_begin", "id": "kernel-tcp-1-1-65536-1000-2"}
{"event": "window_end", "id": "kernel-tcp-1-1-65536-1000-2"}
{"event": "window", "id": "kernel-tcp-1-1-65536-1000-2", "population": 1, "duration_s": 1.001315182, "delivered_roundtrips": 24}
{"event": "window_begin", "id": "kernel-tcp-1-1-65536-0-2"}
{"event": "window_end", "id": "kernel-tcp-1-1-65536-0-2"}
{"event": "window", "id": "kernel-tcp-1-1-65536-0-2", "population": 1, "duration_s": 1.006665021, "delivered_roundtrips": 24}
{"event": "traffic_resources", "population": 1}
{"event": "audit"}
{"event": "setup", "population": 64, "duration_s": 0.131095865}
{"event": "audit"}
{"event": "idle", "population": 64, "duration_s": 2}
{"event": "window_begin", "id": "kernel-tcp-64-64-64-0-99"}
{"event": "window_end", "id": "kernel-tcp-64-64-64-0-99"}
{"event": "window", "id": "kernel-tcp-64-64-64-0-99", "population": 64, "duration_s": 0.150236654, "delivered_roundtrips": 2210}
{"event": "window_begin", "id": "kernel-tcp-64-64-64-100-0"}
{"event": "window_end", "id": "kernel-tcp-64-64-64-100-0"}
{"event": "window", "id": "kernel-tcp-64-64-64-100-0", "population": 64, "duration_s": 1.000387185, "delivered_roundtrips": 100}
{"event": "window_begin", "id": "kernel-tcp-64-64-64-1000-0"}
{"event": "window_end", "id": "kernel-tcp-64-64-64-1000-0"}
{"event": "window", "id": "kernel-tcp-64-64-64-1000-0", "population": 64, "duration_s": 1.000241236, "delivered_roundtrips": 1000}
{"event": "window_begin", "id": "kernel-tcp-64-64-64-0-0"}
{"event": "window_end", "id": "kernel-tcp-64-64-64-0-0"}
{"event": "window", "id": "kernel-tcp-64-64-64-0-0", "population": 64, "duration_s": 1.000455118, "delivered_roundtrips": 38651}
{"event": "window_begin", "id": "kernel-tcp-64-64-64-0-1"}
[   61.681024] clocksource: Long readout interval, skipping watchdog check: cs_nsec: 4374679865 wd_nsec: 4374678057
{"event": "window_end", "id": "kernel-tcp-64-64-64-0-1"}
{"event": "window", "id": "kernel-tcp-64-64-64-0-1", "population": 64, "duration_s": 1.000351382, "delivered_roundtrips": 20760}
{"event": "window_begin", "id": "kernel-tcp-64-64-64-1000-1"}
{"event": "window_end", "id": "kernel-tcp-64-64-64-1000-1"}
{"event": "window", "id": "kernel-tcp-64-64-64-1000-1", "population": 64, "duration_s": 1.000508338, "delivered_roundtrips": 1000}
{"event": "window_begin", "id": "kernel-tcp-64-64-64-100-1"}
{"event": "window_end", "id": "kernel-tcp-64-64-64-100-1"}
{"event": "window", "id": "kernel-tcp-64-64-64-100-1", "population": 64, "duration_s": 1.000296109, "delivered_roundtrips": 100}
{"event": "window_begin", "id": "kernel-tcp-64-64-64-100-2"}
{"event": "window_end", "id": "kernel-tcp-64-64-64-100-2"}
{"event": "window", "id": "kernel-tcp-64-64-64-100-2", "population": 64, "duration_s": 1.000295257, "delivered_roundtrips": 100}
{"event": "window_begin", "id": "kernel-tcp-64-64-64-1000-2"}
{"event": "window_end", "id": "kernel-tcp-64-64-64-1000-2"}
{"event": "window", "id": "kernel-tcp-64-64-64-1000-2", "population": 64, "duration_s": 1.000235758, "delivered_roundtrips": 1000}
{"event": "window_begin", "id": "kernel-tcp-64-64-64-0-2"}
{"event": "window_end", "id": "kernel-tcp-64-64-64-0-2"}
{"event": "window", "id": "kernel-tcp-64-64-64-0-2", "population": 64, "duration_s": 1.000373875, "delivered_roundtrips": 19788}
{"event": "window_begin", "id": "kernel-tcp-64-64-1024-0-99"}
{"event": "window_end", "id": "kernel-tcp-64-64-1024-0-99"}
{"event": "window", "id": "kernel-tcp-64-64-1024-0-99", "population": 64, "duration_s": 0.150239739, "delivered_roundtrips": 2400}
{"event": "window_begin", "id": "kernel-tcp-64-64-1024-100-0"}
{"event": "window_end", "id": "kernel-tcp-64-64-1024-100-0"}
{"event": "window", "id": "kernel-tcp-64-64-1024-100-0", "population": 64, "duration_s": 1.00047637, "delivered_roundtrips": 100}
{"event": "window_begin", "id": "kernel-tcp-64-64-1024-1000-0"}
{"event": "window_end", "id": "kernel-tcp-64-64-1024-1000-0"}
{"event": "window", "id": "kernel-tcp-64-64-1024-1000-0", "population": 64, "duration_s": 1.00028396, "delivered_roundtrips": 1000}
{"event": "window_begin", "id": "kernel-tcp-64-64-1024-0-0"}
{"event": "window_end", "id": "kernel-tcp-64-64-1024-0-0"}
{"event": "window", "id": "kernel-tcp-64-64-1024-0-0", "population": 64, "duration_s": 1.000319303, "delivered_roundtrips": 19484}
{"event": "window_begin", "id": "kernel-tcp-64-64-1024-0-1"}
{"event": "window_end", "id": "kernel-tcp-64-64-1024-0-1"}
{"event": "window", "id": "kernel-tcp-64-64-1024-0-1", "population": 64, "duration_s": 1.000128707, "delivered_roundtrips": 25896}
{"event": "window_begin", "id": "kernel-tcp-64-64-1024-1000-1"}
{"event": "window_end", "id": "kernel-tcp-64-64-1024-1000-1"}
{"event": "window", "id": "kernel-tcp-64-64-1024-1000-1", "population": 64, "duration_s": 1.000341517, "delivered_roundtrips": 1000}
{"event": "window_begin", "id": "kernel-tcp-64-64-1024-100-1"}
{"event": "window_end", "id": "kernel-tcp-64-64-1024-100-1"}
{"event": "window", "id": "kernel-tcp-64-64-1024-100-1", "population": 64, "duration_s": 1.00033053, "delivered_roundtrips": 100}
{"event": "window_begin", "id": "kernel-tcp-64-64-1024-100-2"}
{"event": "window_end", "id": "kernel-tcp-64-64-1024-100-2"}
{"event": "window", "id": "kernel-tcp-64-64-1024-100-2", "population": 64, "duration_s": 1.000278763, "delivered_roundtrips": 100}
{"event": "window_begin", "id": "kernel-tcp-64-64-1024-1000-2"}
{"event": "window_end", "id": "kernel-tcp-64-64-1024-1000-2"}
{"event": "window", "id": "kernel-tcp-64-64-1024-1000-2", "population": 64, "duration_s": 1.000275888, "delivered_roundtrips": 1000}
{"event": "window_begin", "id": "kernel-tcp-64-64-1024-0-2"}
{"event": "window_end", "id": "kernel-tcp-64-64-1024-0-2"}
{"event": "window", "id": "kernel-tcp-64-64-1024-0-2", "population": 64, "duration_s": 1.000161586, "delivered_roundtrips": 19253}
{"event": "window_begin", "id": "kernel-tcp-64-64-65536-0-99"}
{"event": "window_end", "id": "kernel-tcp-64-64-65536-0-99"}
{"event": "window", "id": "kernel-tcp-64-64-65536-0-99", "population": 64, "duration_s": 0.159648455, "delivered_roundtrips": 132}
{"event": "window_begin", "id": "kernel-tcp-64-64-65536-100-0"}
{"event": "window_end", "id": "kernel-tcp-64-64-65536-100-0"}
{"event": "window", "id": "kernel-tcp-64-64-65536-100-0", "population": 64, "duration_s": 1.00031654, "delivered_roundtrips": 100}
{"event": "window_begin", "id": "kernel-tcp-64-64-65536-1000-0"}
{"event": "window_end", "id": "kernel-tcp-64-64-65536-1000-0"}
{"event": "window", "id": "kernel-tcp-64-64-65536-1000-0", "population": 64, "duration_s": 1.000374977, "delivered_roundtrips": 1000}
{"event": "window_begin", "id": "kernel-tcp-64-64-65536-0-0"}
{"event": "window_end", "id": "kernel-tcp-64-64-65536-0-0"}
{"event": "window", "id": "kernel-tcp-64-64-65536-0-0", "population": 64, "duration_s": 1.028607035, "delivered_roundtrips": 848}
{"event": "window_begin", "id": "kernel-tcp-64-64-65536-0-1"}
{"event": "window_end", "id": "kernel-tcp-64-64-65536-0-1"}
{"event": "window", "id": "kernel-tcp-64-64-65536-0-1", "population": 64, "duration_s": 1.037352853, "delivered_roundtrips": 846}
{"event": "window_begin", "id": "kernel-tcp-64-64-65536-1000-1"}
{"event": "window_end", "id": "kernel-tcp-64-64-65536-1000-1"}
{"event": "window", "id": "kernel-tcp-64-64-65536-1000-1", "population": 64, "duration_s": 1.000248227, "delivered_roundtrips": 1000}
{"event": "window_begin", "id": "kernel-tcp-64-64-65536-100-1"}
{"event": "window_end", "id": "kernel-tcp-64-64-65536-100-1"}
{"event": "window", "id": "kernel-tcp-64-64-65536-100-1", "population": 64, "duration_s": 1.000397121, "delivered_roundtrips": 100}
{"event": "window_begin", "id": "kernel-tcp-64-64-65536-100-2"}
{"event": "window_end", "id": "kernel-tcp-64-64-65536-100-2"}
{"event": "window", "id": "kernel-tcp-64-64-65536-100-2", "population": 64, "duration_s": 1.00035054, "delivered_roundtrips": 100}
{"event": "window_begin", "id": "kernel-tcp-64-64-65536-1000-2"}
{"event": "window_end", "id": "kernel-tcp-64-64-65536-1000-2"}
{"event": "window", "id": "kernel-tcp-64-64-65536-1000-2", "population": 64, "duration_s": 1.000284802, "delivered_roundtrips": 1000}
{"event": "window_begin", "id": "kernel-tcp-64-64-65536-0-2"}
{"event": "window_end", "id": "kernel-tcp-64-64-65536-0-2"}
{"event": "window", "id": "kernel-tcp-64-64-65536-0-2", "population": 64, "duration_s": 1.01913903, "delivered_roundtrips": 845}
{"event": "window_begin", "id": "kernel-tcp-64-64-64-0-100"}
{"event": "window_end", "id": "kernel-tcp-64-64-64-0-100"}
{"event": "window", "id": "kernel-tcp-64-64-64-0-100", "population": 64, "duration_s": 2.000525076, "delivered_roundtrips": 40759}
{"event": "profile", "population": 64}
{"event": "traffic_resources", "population": 64}
{"event": "audit"}
{"event": "setup", "population": 1024, "duration_s": 1.997637122}
{"event": "audit"}
{"event": "idle", "population": 1024, "duration_s": 2}
{"event": "window_begin", "id": "kernel-tcp-1024-64-64-0-99"}
{"event": "window_end", "id": "kernel-tcp-1024-64-64-0-99"}
{"event": "window", "id": "kernel-tcp-1024-64-64-0-99", "population": 1024, "duration_s": 0.150322613, "delivered_roundtrips": 2229}
{"event": "window_begin", "id": "kernel-tcp-1024-64-64-100-0"}
{"event": "window_end", "id": "kernel-tcp-1024-64-64-100-0"}
{"event": "window", "id": "kernel-tcp-1024-64-64-100-0", "population": 1024, "duration_s": 1.00031677, "delivered_roundtrips": 100}
{"event": "window_begin", "id": "kernel-tcp-1024-64-64-1000-0"}
{"event": "window_end", "id": "kernel-tcp-1024-64-64-1000-0"}
{"event": "window", "id": "kernel-tcp-1024-64-64-1000-0", "population": 1024, "duration_s": 1.000424923, "delivered_roundtrips": 1000}
{"event": "window_begin", "id": "kernel-tcp-1024-64-64-0-0"}
{"event": "window_end", "id": "kernel-tcp-1024-64-64-0-0"}
{"event": "window", "id": "kernel-tcp-1024-64-64-0-0", "population": 1024, "duration_s": 1.000362188, "delivered_roundtrips": 17733}
{"event": "window_begin", "id": "kernel-tcp-1024-64-64-0-1"}
{"event": "window_end", "id": "kernel-tcp-1024-64-64-0-1"}
{"event": "window", "id": "kernel-tcp-1024-64-64-0-1", "population": 1024, "duration_s": 1.000263419, "delivered_roundtrips": 21341}
{"event": "window_begin", "id": "kernel-tcp-1024-64-64-1000-1"}
{"event": "window_end", "id": "kernel-tcp-1024-64-64-1000-1"}
{"event": "window", "id": "kernel-tcp-1024-64-64-1000-1", "population": 1024, "duration_s": 1.000411002, "delivered_roundtrips": 1000}
{"event": "window_begin", "id": "kernel-tcp-1024-64-64-100-1"}
{"event": "window_end", "id": "kernel-tcp-1024-64-64-100-1"}
{"event": "window", "id": "kernel-tcp-1024-64-64-100-1", "population": 1024, "duration_s": 1.000394617, "delivered_roundtrips": 100}
{"event": "window_begin", "id": "kernel-tcp-1024-64-64-100-2"}
{"event": "window_end", "id": "kernel-tcp-1024-64-64-100-2"}
{"event": "window", "id": "kernel-tcp-1024-64-64-100-2", "population": 1024, "duration_s": 1.000281887, "delivered_roundtrips": 100}
{"event": "window_begin", "id": "kernel-tcp-1024-64-64-1000-2"}
{"event": "window_end", "id": "kernel-tcp-1024-64-64-1000-2"}
{"event": "window", "id": "kernel-tcp-1024-64-64-1000-2", "population": 1024, "duration_s": 1.000321036, "delivered_roundtrips": 1000}
{"event": "window_begin", "id": "kernel-tcp-1024-64-64-0-2"}
{"event": "window_end", "id": "kernel-tcp-1024-64-64-0-2"}
{"event": "window", "id": "kernel-tcp-1024-64-64-0-2", "population": 1024, "duration_s": 1.000395728, "delivered_roundtrips": 24897}
{"event": "window_begin", "id": "kernel-tcp-1024-64-1024-0-99"}
{"event": "window_end", "id": "kernel-tcp-1024-64-1024-0-99"}
{"event": "window", "id": "kernel-tcp-1024-64-1024-0-99", "population": 1024, "duration_s": 0.150243153, "delivered_roundtrips": 2226}
{"event": "window_begin", "id": "kernel-tcp-1024-64-1024-100-0"}
{"event": "window_end", "id": "kernel-tcp-1024-64-1024-100-0"}
{"event": "window", "id": "kernel-tcp-1024-64-1024-100-0", "population": 1024, "duration_s": 1.000373225, "delivered_roundtrips": 100}
{"event": "window_begin", "id": "kernel-tcp-1024-64-1024-1000-0"}
{"event": "window_end", "id": "kernel-tcp-1024-64-1024-1000-0"}
{"event": "window", "id": "kernel-tcp-1024-64-1024-1000-0", "population": 1024, "duration_s": 1.000362669, "delivered_roundtrips": 1000}
{"event": "window_begin", "id": "kernel-tcp-1024-64-1024-0-0"}
{"event": "window_end", "id": "kernel-tcp-1024-64-1024-0-0"}
{"event": "window", "id": "kernel-tcp-1024-64-1024-0-0", "population": 1024, "duration_s": 1.000248757, "delivered_roundtrips": 18370}
{"event": "window_begin", "id": "kernel-tcp-1024-64-1024-0-1"}
{"event": "window_end", "id": "kernel-tcp-1024-64-1024-0-1"}
{"event": "window", "id": "kernel-tcp-1024-64-1024-0-1", "population": 1024, "duration_s": 1.000366225, "delivered_roundtrips": 23064}
{"event": "window_begin", "id": "kernel-tcp-1024-64-1024-1000-1"}
{"event": "window_end", "id": "kernel-tcp-1024-64-1024-1000-1"}
{"event": "window", "id": "kernel-tcp-1024-64-1024-1000-1", "population": 1024, "duration_s": 1.000344161, "delivered_roundtrips": 1000}
{"event": "window_begin", "id": "kernel-tcp-1024-64-1024-100-1"}
{"event": "window_end", "id": "kernel-tcp-1024-64-1024-100-1"}
{"event": "window", "id": "kernel-tcp-1024-64-1024-100-1", "population": 1024, "duration_s": 1.000314887, "delivered_roundtrips": 100}
{"event": "window_begin", "id": "kernel-tcp-1024-64-1024-100-2"}
{"event": "window_end", "id": "kernel-tcp-1024-64-1024-100-2"}
{"event": "window", "id": "kernel-tcp-1024-64-1024-100-2", "population": 1024, "duration_s": 1.000333154, "delivered_roundtrips": 100}
{"event": "window_begin", "id": "kernel-tcp-1024-64-1024-1000-2"}
{"event": "window_end", "id": "kernel-tcp-1024-64-1024-1000-2"}
{"event": "window", "id": "kernel-tcp-1024-64-1024-1000-2", "population": 1024, "duration_s": 1.000261227, "delivered_roundtrips": 1000}
{"event": "window_begin", "id": "kernel-tcp-1024-64-1024-0-2"}
{"event": "window_end", "id": "kernel-tcp-1024-64-1024-0-2"}
{"event": "window", "id": "kernel-tcp-1024-64-1024-0-2", "population": 1024, "duration_s": 1.000233124, "delivered_roundtrips": 17181}
{"event": "window_begin", "id": "kernel-tcp-1024-64-65536-0-99"}
{"event": "window_end", "id": "kernel-tcp-1024-64-65536-0-99"}
{"event": "window", "id": "kernel-tcp-1024-64-65536-0-99", "population": 1024, "duration_s": 0.151545503, "delivered_roundtrips": 117}
{"event": "window_begin", "id": "kernel-tcp-1024-64-65536-100-0"}
{"event": "window_end", "id": "kernel-tcp-1024-64-65536-100-0"}
{"event": "window", "id": "kernel-tcp-1024-64-65536-100-0", "population": 1024, "duration_s": 1.000320205, "delivered_roundtrips": 100}
{"event": "window_begin", "id": "kernel-tcp-1024-64-65536-1000-0"}
{"event": "window_end", "id": "kernel-tcp-1024-64-65536-1000-0"}
{"event": "window", "id": "kernel-tcp-1024-64-65536-1000-0", "population": 1024, "duration_s": 1.000385563, "delivered_roundtrips": 1000}
{"event": "window_begin", "id": "kernel-tcp-1024-64-65536-0-0"}
{"event": "window_end", "id": "kernel-tcp-1024-64-65536-0-0"}
{"event": "window", "id": "kernel-tcp-1024-64-65536-0-0", "population": 1024, "duration_s": 1.017394034, "delivered_roundtrips": 849}
{"event": "window_begin", "id": "kernel-tcp-1024-64-65536-0-1"}
{"event": "window_end", "id": "kernel-tcp-1024-64-65536-0-1"}
{"event": "window", "id": "kernel-tcp-1024-64-65536-0-1", "population": 1024, "duration_s": 1.03523711, "delivered_roundtrips": 847}
{"event": "window_begin", "id": "kernel-tcp-1024-64-65536-1000-1"}
{"event": "window_end", "id": "kernel-tcp-1024-64-65536-1000-1"}
{"event": "window", "id": "kernel-tcp-1024-64-65536-1000-1", "population": 1024, "duration_s": 1.000291512, "delivered_roundtrips": 1000}
{"event": "window_begin", "id": "kernel-tcp-1024-64-65536-100-1"}
{"event": "window_end", "id": "kernel-tcp-1024-64-65536-100-1"}
{"event": "window", "id": "kernel-tcp-1024-64-65536-100-1", "population": 1024, "duration_s": 1.000440917, "delivered_roundtrips": 100}
{"event": "window_begin", "id": "kernel-tcp-1024-64-65536-100-2"}
{"event": "window_end", "id": "kernel-tcp-1024-64-65536-100-2"}
{"event": "window", "id": "kernel-tcp-1024-64-65536-100-2", "population": 1024, "duration_s": 1.000366355, "delivered_roundtrips": 100}
{"event": "window_begin", "id": "kernel-tcp-1024-64-65536-1000-2"}
{"event": "window_end", "id": "kernel-tcp-1024-64-65536-1000-2"}
{"event": "window", "id": "kernel-tcp-1024-64-65536-1000-2", "population": 1024, "duration_s": 1.000259093, "delivered_roundtrips": 1000}
{"event": "window_begin", "id": "kernel-tcp-1024-64-65536-0-2"}
{"event": "window_end", "id": "kernel-tcp-1024-64-65536-0-2"}
{"event": "window", "id": "kernel-tcp-1024-64-65536-0-2", "population": 1024, "duration_s": 1.029089751, "delivered_roundtrips": 841}
{"event": "window_begin", "id": "kernel-tcp-1024-1024-64-0-99"}
{"event": "window_end", "id": "kernel-tcp-1024-1024-64-0-99"}
{"event": "window", "id": "kernel-tcp-1024-1024-64-0-99", "population": 1024, "duration_s": 0.150329614, "delivered_roundtrips": 2186}
{"event": "window_begin", "id": "kernel-tcp-1024-1024-64-100-0"}
{"event": "window_end", "id": "kernel-tcp-1024-1024-64-100-0"}
{"event": "window", "id": "kernel-tcp-1024-1024-64-100-0", "population": 1024, "duration_s": 1.000309719, "delivered_roundtrips": 100}
{"event": "window_begin", "id": "kernel-tcp-1024-1024-64-1000-0"}
{"event": "window_end", "id": "kernel-tcp-1024-1024-64-1000-0"}
{"event": "window", "id": "kernel-tcp-1024-1024-64-1000-0", "population": 1024, "duration_s": 1.000421547, "delivered_roundtrips": 1000}
{"event": "window_begin", "id": "kernel-tcp-1024-1024-64-0-0"}
{"event": "window_end", "id": "kernel-tcp-1024-1024-64-0-0"}
{"event": "window", "id": "kernel-tcp-1024-1024-64-0-0", "population": 1024, "duration_s": 1.000314086, "delivered_roundtrips": 13904}
{"event": "window_begin", "id": "kernel-tcp-1024-1024-64-0-1"}
{"event": "window_end", "id": "kernel-tcp-1024-1024-64-0-1"}
{"event": "window", "id": "kernel-tcp-1024-1024-64-0-1", "population": 1024, "duration_s": 1.000272724, "delivered_roundtrips": 14139}
{"event": "window_begin", "id": "kernel-tcp-1024-1024-64-1000-1"}
{"event": "window_end", "id": "kernel-tcp-1024-1024-64-1000-1"}
{"event": "window", "id": "kernel-tcp-1024-1024-64-1000-1", "population": 1024, "duration_s": 1.000349449, "delivered_roundtrips": 1000}
{"event": "window_begin", "id": "kernel-tcp-1024-1024-64-100-1"}
{"event": "window_end", "id": "kernel-tcp-1024-1024-64-100-1"}
{"event": "window", "id": "kernel-tcp-1024-1024-64-100-1", "population": 1024, "duration_s": 1.000497131, "delivered_roundtrips": 100}
{"event": "window_begin", "id": "kernel-tcp-1024-1024-64-100-2"}
{"event": "window_end", "id": "kernel-tcp-1024-1024-64-100-2"}
{"event": "window", "id": "kernel-tcp-1024-1024-64-100-2", "population": 1024, "duration_s": 1.000321787, "delivered_roundtrips": 100}
{"event": "window_begin", "id": "kernel-tcp-1024-1024-64-1000-2"}
{"event": "window_end", "id": "kernel-tcp-1024-1024-64-1000-2"}
{"event": "window", "id": "kernel-tcp-1024-1024-64-1000-2", "population": 1024, "duration_s": 1.000310781, "delivered_roundtrips": 1000}
{"event": "window_begin", "id": "kernel-tcp-1024-1024-64-0-2"}
{"event": "window_end", "id": "kernel-tcp-1024-1024-64-0-2"}
{"event": "window", "id": "kernel-tcp-1024-1024-64-0-2", "population": 1024, "duration_s": 1.000357, "delivered_roundtrips": 13567}
{"event": "window_begin", "id": "kernel-tcp-1024-1024-1024-0-99"}
{"event": "window_end", "id": "kernel-tcp-1024-1024-1024-0-99"}
{"event": "window", "id": "kernel-tcp-1024-1024-1024-0-99", "population": 1024, "duration_s": 0.150375152, "delivered_roundtrips": 1907}
{"event": "window_begin", "id": "kernel-tcp-1024-1024-1024-100-0"}
{"event": "window_end", "id": "kernel-tcp-1024-1024-1024-100-0"}
{"event": "window", "id": "kernel-tcp-1024-1024-1024-100-0", "population": 1024, "duration_s": 1.000328437, "delivered_roundtrips": 100}
{"event": "window_begin", "id": "kernel-tcp-1024-1024-1024-1000-0"}
{"event": "window_end", "id": "kernel-tcp-1024-1024-1024-1000-0"}
{"event": "window", "id": "kernel-tcp-1024-1024-1024-1000-0", "population": 1024, "duration_s": 1.000358072, "delivered_roundtrips": 1000}
{"event": "window_begin", "id": "kernel-tcp-1024-1024-1024-0-0"}
{"event": "window_end", "id": "kernel-tcp-1024-1024-1024-0-0"}
{"event": "window", "id": "kernel-tcp-1024-1024-1024-0-0", "population": 1024, "duration_s": 1.000314577, "delivered_roundtrips": 13359}
{"event": "window_begin", "id": "kernel-tcp-1024-1024-1024-0-1"}
{"event": "window_end", "id": "kernel-tcp-1024-1024-1024-0-1"}
{"event": "window", "id": "kernel-tcp-1024-1024-1024-0-1", "population": 1024, "duration_s": 1.000421267, "delivered_roundtrips": 13910}
{"event": "window_begin", "id": "kernel-tcp-1024-1024-1024-1000-1"}
{"event": "window_end", "id": "kernel-tcp-1024-1024-1024-1000-1"}
{"event": "window", "id": "kernel-tcp-1024-1024-1024-1000-1", "population": 1024, "duration_s": 1.000404141, "delivered_roundtrips": 1000}
{"event": "window_begin", "id": "kernel-tcp-1024-1024-1024-100-1"}
{"event": "window_end", "id": "kernel-tcp-1024-1024-1024-100-1"}
{"event": "window", "id": "kernel-tcp-1024-1024-1024-100-1", "population": 1024, "duration_s": 1.000279093, "delivered_roundtrips": 100}
{"event": "window_begin", "id": "kernel-tcp-1024-1024-1024-100-2"}
{"event": "window_end", "id": "kernel-tcp-1024-1024-1024-100-2"}
{"event": "window", "id": "kernel-tcp-1024-1024-1024-100-2", "population": 1024, "duration_s": 1.000445503, "delivered_roundtrips": 100}
{"event": "window_begin", "id": "kernel-tcp-1024-1024-1024-1000-2"}
{"event": "window_end", "id": "kernel-tcp-1024-1024-1024-1000-2"}
{"event": "window", "id": "kernel-tcp-1024-1024-1024-1000-2", "population": 1024, "duration_s": 1.000279954, "delivered_roundtrips": 1000}
{"event": "window_begin", "id": "kernel-tcp-1024-1024-1024-0-2"}
{"event": "window_end", "id": "kernel-tcp-1024-1024-1024-0-2"}
{"event": "window", "id": "kernel-tcp-1024-1024-1024-0-2", "population": 1024, "duration_s": 1.000396149, "delivered_roundtrips": 13697}
{"event": "window_begin", "id": "kernel-tcp-1024-1024-65536-0-99"}
{"event": "window_end", "id": "kernel-tcp-1024-1024-65536-0-99"}
{"event": "window", "id": "kernel-tcp-1024-1024-65536-0-99", "population": 1024, "duration_s": 0.153022645, "delivered_roundtrips": 251}
{"event": "window_begin", "id": "kernel-tcp-1024-1024-65536-100-0"}
{"event": "window_end", "id": "kernel-tcp-1024-1024-65536-100-0"}
{"event": "window", "id": "kernel-tcp-1024-1024-65536-100-0", "population": 1024, "duration_s": 1.000394727, "delivered_roundtrips": 100}
{"event": "window_begin", "id": "kernel-tcp-1024-1024-65536-1000-0"}
{"event": "window_end", "id": "kernel-tcp-1024-1024-65536-1000-0"}
{"event": "window", "id": "kernel-tcp-1024-1024-65536-1000-0", "population": 1024, "duration_s": 1.00052311, "delivered_roundtrips": 1000}
{"event": "window_begin", "id": "kernel-tcp-1024-1024-65536-0-0"}
{"event": "window_end", "id": "kernel-tcp-1024-1024-65536-0-0"}
{"event": "window", "id": "kernel-tcp-1024-1024-65536-0-0", "population": 1024, "duration_s": 1.001311998, "delivered_roundtrips": 1776}
{"event": "window_begin", "id": "kernel-tcp-1024-1024-65536-0-1"}
{"event": "window_end", "id": "kernel-tcp-1024-1024-65536-0-1"}
{"event": "window", "id": "kernel-tcp-1024-1024-65536-0-1", "population": 1024, "duration_s": 1.001733652, "delivered_roundtrips": 1802}
{"event": "window_begin", "id": "kernel-tcp-1024-1024-65536-1000-1"}
{"event": "window_end", "id": "kernel-tcp-1024-1024-65536-1000-1"}
{"event": "window", "id": "kernel-tcp-1024-1024-65536-1000-1", "population": 1024, "duration_s": 1.000280345, "delivered_roundtrips": 1000}
{"event": "window_begin", "id": "kernel-tcp-1024-1024-65536-100-1"}
{"event": "window_end", "id": "kernel-tcp-1024-1024-65536-100-1"}
{"event": "window", "id": "kernel-tcp-1024-1024-65536-100-1", "population": 1024, "duration_s": 1.000326274, "delivered_roundtrips": 100}
{"event": "window_begin", "id": "kernel-tcp-1024-1024-65536-100-2"}
{"event": "window_end", "id": "kernel-tcp-1024-1024-65536-100-2"}
{"event": "window", "id": "kernel-tcp-1024-1024-65536-100-2", "population": 1024, "duration_s": 1.000360586, "delivered_roundtrips": 100}
{"event": "window_begin", "id": "kernel-tcp-1024-1024-65536-1000-2"}
{"event": "window_end", "id": "kernel-tcp-1024-1024-65536-1000-2"}
{"event": "window", "id": "kernel-tcp-1024-1024-65536-1000-2", "population": 1024, "duration_s": 1.000292783, "delivered_roundtrips": 1000}
{"event": "window_begin", "id": "kernel-tcp-1024-1024-65536-0-2"}
{"event": "window_end", "id": "kernel-tcp-1024-1024-65536-0-2"}
{"event": "window", "id": "kernel-tcp-1024-1024-65536-0-2", "population": 1024, "duration_s": 1.001147359, "delivered_roundtrips": 1625}
{"event": "traffic_resources", "population": 1024}
{"event": "audit"}
{"event": "setup", "population": 4096, "duration_s": 6.672075473}
{"event": "audit"}
{"event": "idle", "population": 4096, "duration_s": 2}
{"event": "window_begin", "id": "kernel-tcp-4096-64-64-0-99"}
{"event": "window_end", "id": "kernel-tcp-4096-64-64-0-99"}
{"event": "window", "id": "kernel-tcp-4096-64-64-0-99", "population": 4096, "duration_s": 0.150938019, "delivered_roundtrips": 1759}
{"event": "window_begin", "id": "kernel-tcp-4096-64-64-100-0"}
{"event": "window_end", "id": "kernel-tcp-4096-64-64-100-0"}
{"event": "window", "id": "kernel-tcp-4096-64-64-100-0", "population": 4096, "duration_s": 1.000333215, "delivered_roundtrips": 100}
{"event": "window_begin", "id": "kernel-tcp-4096-64-64-1000-0"}
{"event": "window_end", "id": "kernel-tcp-4096-64-64-1000-0"}
{"event": "window", "id": "kernel-tcp-4096-64-64-1000-0", "population": 4096, "duration_s": 1.000326604, "delivered_roundtrips": 1000}
{"event": "window_begin", "id": "kernel-tcp-4096-64-64-0-0"}
{"event": "window_end", "id": "kernel-tcp-4096-64-64-0-0"}
{"event": "window", "id": "kernel-tcp-4096-64-64-0-0", "population": 4096, "duration_s": 1.000274256, "delivered_roundtrips": 16632}
{"event": "window_begin", "id": "kernel-tcp-4096-64-64-0-1"}
{"event": "window_end", "id": "kernel-tcp-4096-64-64-0-1"}
{"event": "window", "id": "kernel-tcp-4096-64-64-0-1", "population": 4096, "duration_s": 1.000301527, "delivered_roundtrips": 19913}
{"event": "window_begin", "id": "kernel-tcp-4096-64-64-1000-1"}
{"event": "window_end", "id": "kernel-tcp-4096-64-64-1000-1"}
{"event": "window", "id": "kernel-tcp-4096-64-64-1000-1", "population": 4096, "duration_s": 1.000371182, "delivered_roundtrips": 1000}
{"event": "window_begin", "id": "kernel-tcp-4096-64-64-100-1"}
{"event": "window_end", "id": "kernel-tcp-4096-64-64-100-1"}
{"event": "window", "id": "kernel-tcp-4096-64-64-100-1", "population": 4096, "duration_s": 1.000420376, "delivered_roundtrips": 100}
{"event": "window_begin", "id": "kernel-tcp-4096-64-64-100-2"}
{"event": "window_end", "id": "kernel-tcp-4096-64-64-100-2"}
{"event": "window", "id": "kernel-tcp-4096-64-64-100-2", "population": 4096, "duration_s": 1.000376059, "delivered_roundtrips": 100}
{"event": "window_begin", "id": "kernel-tcp-4096-64-64-1000-2"}
{"event": "window_end", "id": "kernel-tcp-4096-64-64-1000-2"}
{"event": "window", "id": "kernel-tcp-4096-64-64-1000-2", "population": 4096, "duration_s": 1.000366905, "delivered_roundtrips": 1000}
{"event": "window_begin", "id": "kernel-tcp-4096-64-64-0-2"}
{"event": "window_end", "id": "kernel-tcp-4096-64-64-0-2"}
{"event": "window", "id": "kernel-tcp-4096-64-64-0-2", "population": 4096, "duration_s": 1.000453946, "delivered_roundtrips": 14202}
{"event": "window_begin", "id": "kernel-tcp-4096-64-1024-0-99"}
{"event": "window_end", "id": "kernel-tcp-4096-64-1024-0-99"}
{"event": "window", "id": "kernel-tcp-4096-64-1024-0-99", "population": 4096, "duration_s": 0.15024733, "delivered_roundtrips": 2400}
{"event": "window_begin", "id": "kernel-tcp-4096-64-1024-100-0"}
{"event": "window_end", "id": "kernel-tcp-4096-64-1024-100-0"}
{"event": "window", "id": "kernel-tcp-4096-64-1024-100-0", "population": 4096, "duration_s": 1.000466104, "delivered_roundtrips": 100}
{"event": "window_begin", "id": "kernel-tcp-4096-64-1024-1000-0"}
{"event": "window_end", "id": "kernel-tcp-4096-64-1024-1000-0"}
{"event": "window", "id": "kernel-tcp-4096-64-1024-1000-0", "population": 4096, "duration_s": 1.000541978, "delivered_roundtrips": 1000}
{"event": "window_begin", "id": "kernel-tcp-4096-64-1024-0-0"}
{"event": "window_end", "id": "kernel-tcp-4096-64-1024-0-0"}
{"event": "window", "id": "kernel-tcp-4096-64-1024-0-0", "population": 4096, "duration_s": 1.000356049, "delivered_roundtrips": 17352}
{"event": "window_begin", "id": "kernel-tcp-4096-64-1024-0-1"}
{"event": "window_end", "id": "kernel-tcp-4096-64-1024-0-1"}
{"event": "window", "id": "kernel-tcp-4096-64-1024-0-1", "population": 4096, "duration_s": 1.00034353, "delivered_roundtrips": 22868}
{"event": "window_begin", "id": "kernel-tcp-4096-64-1024-1000-1"}
{"event": "window_end", "id": "kernel-tcp-4096-64-1024-1000-1"}
{"event": "window", "id": "kernel-tcp-4096-64-1024-1000-1", "population": 4096, "duration_s": 1.000417983, "delivered_roundtrips": 1000}
{"event": "window_begin", "id": "kernel-tcp-4096-64-1024-100-1"}
{"event": "window_end", "id": "kernel-tcp-4096-64-1024-100-1"}
{"event": "window", "id": "kernel-tcp-4096-64-1024-100-1", "population": 4096, "duration_s": 1.000464532, "delivered_roundtrips": 100}
{"event": "window_begin", "id": "kernel-tcp-4096-64-1024-100-2"}
{"event": "window_end", "id": "kernel-tcp-4096-64-1024-100-2"}
{"event": "window", "id": "kernel-tcp-4096-64-1024-100-2", "population": 4096, "duration_s": 1.000406465, "delivered_roundtrips": 100}
{"event": "window_begin", "id": "kernel-tcp-4096-64-1024-1000-2"}
{"event": "window_end", "id": "kernel-tcp-4096-64-1024-1000-2"}
{"event": "window", "id": "kernel-tcp-4096-64-1024-1000-2", "population": 4096, "duration_s": 1.000444572, "delivered_roundtrips": 1000}
{"event": "window_begin", "id": "kernel-tcp-4096-64-1024-0-2"}
{"event": "window_end", "id": "kernel-tcp-4096-64-1024-0-2"}
{"event": "window", "id": "kernel-tcp-4096-64-1024-0-2", "population": 4096, "duration_s": 1.00039665, "delivered_roundtrips": 16282}
{"event": "window_begin", "id": "kernel-tcp-4096-64-65536-0-99"}
{"event": "window_end", "id": "kernel-tcp-4096-64-65536-0-99"}
{"event": "window", "id": "kernel-tcp-4096-64-65536-0-99", "population": 4096, "duration_s": 0.166469067, "delivered_roundtrips": 132}
{"event": "window_begin", "id": "kernel-tcp-4096-64-65536-100-0"}
{"event": "window_end", "id": "kernel-tcp-4096-64-65536-100-0"}
{"event": "window", "id": "kernel-tcp-4096-64-65536-100-0", "population": 4096, "duration_s": 1.000477903, "delivered_roundtrips": 100}
{"event": "window_begin", "id": "kernel-tcp-4096-64-65536-1000-0"}
{"event": "window_end", "id": "kernel-tcp-4096-64-65536-1000-0"}
{"event": "window", "id": "kernel-tcp-4096-64-65536-1000-0", "population": 4096, "duration_s": 1.000374427, "delivered_roundtrips": 1000}
{"event": "window_begin", "id": "kernel-tcp-4096-64-65536-0-0"}
{"event": "window_end", "id": "kernel-tcp-4096-64-65536-0-0"}
{"event": "window", "id": "kernel-tcp-4096-64-65536-0-0", "population": 4096, "duration_s": 1.030813865, "delivered_roundtrips": 853}
{"event": "window_begin", "id": "kernel-tcp-4096-64-65536-0-1"}
{"event": "window_end", "id": "kernel-tcp-4096-64-65536-0-1"}
{"event": "window", "id": "kernel-tcp-4096-64-65536-0-1", "population": 4096, "duration_s": 1.02849739, "delivered_roundtrips": 846}
{"event": "window_begin", "id": "kernel-tcp-4096-64-65536-1000-1"}
{"event": "window_end", "id": "kernel-tcp-4096-64-65536-1000-1"}
{"event": "window", "id": "kernel-tcp-4096-64-65536-1000-1", "population": 4096, "duration_s": 1.000367997, "delivered_roundtrips": 1000}
{"event": "window_begin", "id": "kernel-tcp-4096-64-65536-100-1"}
{"event": "window_end", "id": "kernel-tcp-4096-64-65536-100-1"}
{"event": "window", "id": "kernel-tcp-4096-64-65536-100-1", "population": 4096, "duration_s": 1.000377682, "delivered_roundtrips": 100}
{"event": "window_begin", "id": "kernel-tcp-4096-64-65536-100-2"}
{"event": "window_end", "id": "kernel-tcp-4096-64-65536-100-2"}
{"event": "window", "id": "kernel-tcp-4096-64-65536-100-2", "population": 4096, "duration_s": 1.000526366, "delivered_roundtrips": 100}
{"event": "window_begin", "id": "kernel-tcp-4096-64-65536-1000-2"}
{"event": "window_end", "id": "kernel-tcp-4096-64-65536-1000-2"}
{"event": "window", "id": "kernel-tcp-4096-64-65536-1000-2", "population": 4096, "duration_s": 1.018931367, "delivered_roundtrips": 959}
{"event": "window_begin", "id": "kernel-tcp-4096-64-65536-0-2"}
{"event": "window_end", "id": "kernel-tcp-4096-64-65536-0-2"}
{"event": "window", "id": "kernel-tcp-4096-64-65536-0-2", "population": 4096, "duration_s": 1.002458572, "delivered_roundtrips": 831}
{"event": "window_begin", "id": "kernel-tcp-4096-4096-64-0-99"}
{"event": "window_end", "id": "kernel-tcp-4096-4096-64-0-99"}
{"event": "window", "id": "kernel-tcp-4096-4096-64-0-99", "population": 4096, "duration_s": 0.150576345, "delivered_roundtrips": 1961}
{"event": "window_begin", "id": "kernel-tcp-4096-4096-64-100-0"}
{"event": "window_end", "id": "kernel-tcp-4096-4096-64-100-0"}
{"event": "window", "id": "kernel-tcp-4096-4096-64-100-0", "population": 4096, "duration_s": 1.000457762, "delivered_roundtrips": 100}
{"event": "window_begin", "id": "kernel-tcp-4096-4096-64-1000-0"}
{"event": "window_end", "id": "kernel-tcp-4096-4096-64-1000-0"}
{"event": "window", "id": "kernel-tcp-4096-4096-64-1000-0", "population": 4096, "duration_s": 1.000401127, "delivered_roundtrips": 1000}
{"event": "window_begin", "id": "kernel-tcp-4096-4096-64-0-0"}
{"event": "window_end", "id": "kernel-tcp-4096-4096-64-0-0"}
{"event": "window", "id": "kernel-tcp-4096-4096-64-0-0", "population": 4096, "duration_s": 1.000349399, "delivered_roundtrips": 14503}
{"event": "window_begin", "id": "kernel-tcp-4096-4096-64-0-1"}
{"event": "window_end", "id": "kernel-tcp-4096-4096-64-0-1"}
{"event": "window", "id": "kernel-tcp-4096-4096-64-0-1", "population": 4096, "duration_s": 1.0003241410000001, "delivered_roundtrips": 14451}
{"event": "window_begin", "id": "kernel-tcp-4096-4096-64-1000-1"}
{"event": "window_end", "id": "kernel-tcp-4096-4096-64-1000-1"}
{"event": "window", "id": "kernel-tcp-4096-4096-64-1000-1", "population": 4096, "duration_s": 1.000492934, "delivered_roundtrips": 1000}
{"event": "window_begin", "id": "kernel-tcp-4096-4096-64-100-1"}
{"event": "window_end", "id": "kernel-tcp-4096-4096-64-100-1"}
{"event": "window", "id": "kernel-tcp-4096-4096-64-100-1", "population": 4096, "duration_s": 1.000574227, "delivered_roundtrips": 100}
{"event": "window_begin", "id": "kernel-tcp-4096-4096-64-100-2"}
{"event": "window_end", "id": "kernel-tcp-4096-4096-64-100-2"}
{"event": "window", "id": "kernel-tcp-4096-4096-64-100-2", "population": 4096, "duration_s": 1.000419955, "delivered_roundtrips": 100}
{"event": "window_begin", "id": "kernel-tcp-4096-4096-64-1000-2"}
{"event": "window_end", "id": "kernel-tcp-4096-4096-64-1000-2"}
{"event": "window", "id": "kernel-tcp-4096-4096-64-1000-2", "population": 4096, "duration_s": 1.00037664, "delivered_roundtrips": 1000}
{"event": "window_begin", "id": "kernel-tcp-4096-4096-64-0-2"}
{"event": "window_end", "id": "kernel-tcp-4096-4096-64-0-2"}
{"event": "window", "id": "kernel-tcp-4096-4096-64-0-2", "population": 4096, "duration_s": 1.00041694, "delivered_roundtrips": 13128}
{"event": "window_begin", "id": "kernel-tcp-4096-4096-1024-0-99"}
{"event": "window_end", "id": "kernel-tcp-4096-4096-1024-0-99"}
{"event": "window", "id": "kernel-tcp-4096-4096-1024-0-99", "population": 4096, "duration_s": 0.150494251, "delivered_roundtrips": 1819}
{"event": "window_begin", "id": "kernel-tcp-4096-4096-1024-100-0"}
{"event": "window_end", "id": "kernel-tcp-4096-4096-1024-100-0"}
{"event": "window", "id": "kernel-tcp-4096-4096-1024-100-0", "population": 4096, "duration_s": 1.000424602, "delivered_roundtrips": 100}
{"event": "window_begin", "id": "kernel-tcp-4096-4096-1024-1000-0"}
{"event": "window_end", "id": "kernel-tcp-4096-4096-1024-1000-0"}
{"event": "window", "id": "kernel-tcp-4096-4096-1024-1000-0", "population": 4096, "duration_s": 1.000473997, "delivered_roundtrips": 1000}
{"event": "window_begin", "id": "kernel-tcp-4096-4096-1024-0-0"}
{"event": "window_end", "id": "kernel-tcp-4096-4096-1024-0-0"}
{"event": "window", "id": "kernel-tcp-4096-4096-1024-0-0", "population": 4096, "duration_s": 1.000668209, "delivered_roundtrips": 13135}
{"event": "window_begin", "id": "kernel-tcp-4096-4096-1024-0-1"}
{"event": "window_end", "id": "kernel-tcp-4096-4096-1024-0-1"}
{"event": "window", "id": "kernel-tcp-4096-4096-1024-0-1", "population": 4096, "duration_s": 1.00027033, "delivered_roundtrips": 13940}
{"event": "window_begin", "id": "kernel-tcp-4096-4096-1024-1000-1"}
{"event": "window_end", "id": "kernel-tcp-4096-4096-1024-1000-1"}
{"event": "window", "id": "kernel-tcp-4096-4096-1024-1000-1", "population": 4096, "duration_s": 1.002705564, "delivered_roundtrips": 996}
{"event": "window_begin", "id": "kernel-tcp-4096-4096-1024-100-1"}
{"event": "window_end", "id": "kernel-tcp-4096-4096-1024-100-1"}
{"event": "window", "id": "kernel-tcp-4096-4096-1024-100-1", "population": 4096, "duration_s": 1.000482919, "delivered_roundtrips": 100}
{"event": "window_begin", "id": "kernel-tcp-4096-4096-1024-100-2"}
{"event": "window_end", "id": "kernel-tcp-4096-4096-1024-100-2"}
{"event": "window", "id": "kernel-tcp-4096-4096-1024-100-2", "population": 4096, "duration_s": 1.00050293, "delivered_roundtrips": 100}
{"event": "window_begin", "id": "kernel-tcp-4096-4096-1024-1000-2"}
{"event": "window_end", "id": "kernel-tcp-4096-4096-1024-1000-2"}
{"event": "window", "id": "kernel-tcp-4096-4096-1024-1000-2", "population": 4096, "duration_s": 1.000435939, "delivered_roundtrips": 1000}
{"event": "window_begin", "id": "kernel-tcp-4096-4096-1024-0-2"}
{"event": "window_end", "id": "kernel-tcp-4096-4096-1024-0-2"}
{"event": "window", "id": "kernel-tcp-4096-4096-1024-0-2", "population": 4096, "duration_s": 1.000419915, "delivered_roundtrips": 13278}
{"event": "window_begin", "id": "kernel-tcp-4096-4096-65536-0-99"}
{"event": "window_end", "id": "kernel-tcp-4096-4096-65536-0-99"}
{"event": "window", "id": "kernel-tcp-4096-4096-65536-0-99", "population": 4096, "duration_s": 0.152641562, "delivered_roundtrips": 245}
{"event": "window_begin", "id": "kernel-tcp-4096-4096-65536-100-0"}
{"event": "window_end", "id": "kernel-tcp-4096-4096-65536-100-0"}
{"event": "window", "id": "kernel-tcp-4096-4096-65536-100-0", "population": 4096, "duration_s": 1.000505083, "delivered_roundtrips": 100}
{"event": "window_begin", "id": "kernel-tcp-4096-4096-65536-1000-0"}
{"event": "window_end", "id": "kernel-tcp-4096-4096-65536-1000-0"}
{"event": "window", "id": "kernel-tcp-4096-4096-65536-1000-0", "population": 4096, "duration_s": 1.000380977, "delivered_roundtrips": 1000}
{"event": "window_begin", "id": "kernel-tcp-4096-4096-65536-0-0"}
{"event": "window_end", "id": "kernel-tcp-4096-4096-65536-0-0"}
{"event": "window", "id": "kernel-tcp-4096-4096-65536-0-0", "population": 4096, "duration_s": 1.003055471, "delivered_roundtrips": 1702}
{"event": "window_begin", "id": "kernel-tcp-4096-4096-65536-0-1"}
{"event": "window_end", "id": "kernel-tcp-4096-4096-65536-0-1"}
{"event": "window", "id": "kernel-tcp-4096-4096-65536-0-1", "population": 4096, "duration_s": 1.002271201, "delivered_roundtrips": 1765}
{"event": "window_begin", "id": "kernel-tcp-4096-4096-65536-1000-1"}
{"event": "window_end", "id": "kernel-tcp-4096-4096-65536-1000-1"}
{"event": "window", "id": "kernel-tcp-4096-4096-65536-1000-1", "population": 4096, "duration_s": 1.000285332, "delivered_roundtrips": 1000}
{"event": "window_begin", "id": "kernel-tcp-4096-4096-65536-100-1"}
{"event": "window_end", "id": "kernel-tcp-4096-4096-65536-100-1"}
{"event": "window", "id": "kernel-tcp-4096-4096-65536-100-1", "population": 4096, "duration_s": 1.000368347, "delivered_roundtrips": 100}
{"event": "window_begin", "id": "kernel-tcp-4096-4096-65536-100-2"}
{"event": "window_end", "id": "kernel-tcp-4096-4096-65536-100-2"}
{"event": "window", "id": "kernel-tcp-4096-4096-65536-100-2", "population": 4096, "duration_s": 1.000329469, "delivered_roundtrips": 100}
{"event": "window_begin", "id": "kernel-tcp-4096-4096-65536-1000-2"}
{"event": "window_end", "id": "kernel-tcp-4096-4096-65536-1000-2"}
{"event": "window", "id": "kernel-tcp-4096-4096-65536-1000-2", "population": 4096, "duration_s": 1.000362739, "delivered_roundtrips": 1000}
{"event": "window_begin", "id": "kernel-tcp-4096-4096-65536-0-2"}
{"event": "window_end", "id": "kernel-tcp-4096-4096-65536-0-2"}
{"event": "window", "id": "kernel-tcp-4096-4096-65536-0-2", "population": 4096, "duration_s": 1.002734488, "delivered_roundtrips": 1593}
{"event": "traffic_resources", "population": 4096}
{"event": "audit"}
{"event": "setup", "population": 16384, "duration_s": 73.629191887}
{"event": "audit"}
{"event": "idle", "population": 16384, "duration_s": 2}
{"event": "window_begin", "id": "kernel-tcp-16384-64-64-0-99"}
{"event": "window_end", "id": "kernel-tcp-16384-64-64-0-99"}
{"event": "window", "id": "kernel-tcp-16384-64-64-0-99", "population": 16384, "duration_s": 0.153401986, "delivered_roundtrips": 845}
{"event": "window_begin", "id": "kernel-tcp-16384-64-64-100-0"}
{"event": "window_end", "id": "kernel-tcp-16384-64-64-100-0"}
{"event": "window", "id": "kernel-tcp-16384-64-64-100-0", "population": 16384, "duration_s": 1.004217929, "delivered_roundtrips": 100}
{"event": "window_begin", "id": "kernel-tcp-16384-64-64-1000-0"}
{"event": "window_end", "id": "kernel-tcp-16384-64-64-1000-0"}
{"event": "window", "id": "kernel-tcp-16384-64-64-1000-0", "population": 16384, "duration_s": 1.004266633, "delivered_roundtrips": 1000}
{"event": "window_begin", "id": "kernel-tcp-16384-64-64-0-0"}
{"event": "window_end", "id": "kernel-tcp-16384-64-64-0-0"}
{"event": "window", "id": "kernel-tcp-16384-64-64-0-0", "population": 16384, "duration_s": 1.002319283, "delivered_roundtrips": 12116}
{"event": "window_begin", "id": "kernel-tcp-16384-64-64-0-1"}
{"event": "window_end", "id": "kernel-tcp-16384-64-64-0-1"}
{"event": "window", "id": "kernel-tcp-16384-64-64-0-1", "population": 16384, "duration_s": 1.010912803, "delivered_roundtrips": 12286}
{"event": "window_begin", "id": "kernel-tcp-16384-64-64-1000-1"}
{"event": "window_end", "id": "kernel-tcp-16384-64-64-1000-1"}
{"event": "window", "id": "kernel-tcp-16384-64-64-1000-1", "population": 16384, "duration_s": 1.002075496, "delivered_roundtrips": 1000}
{"event": "window_begin", "id": "kernel-tcp-16384-64-64-100-1"}
{"event": "window_end", "id": "kernel-tcp-16384-64-64-100-1"}
{"event": "window", "id": "kernel-tcp-16384-64-64-100-1", "population": 16384, "duration_s": 1.000793167, "delivered_roundtrips": 100}
{"event": "window_begin", "id": "kernel-tcp-16384-64-64-100-2"}
{"event": "window_end", "id": "kernel-tcp-16384-64-64-100-2"}
{"event": "window", "id": "kernel-tcp-16384-64-64-100-2", "population": 16384, "duration_s": 1.006172861, "delivered_roundtrips": 100}
{"event": "window_begin", "id": "kernel-tcp-16384-64-64-1000-2"}
{"event": "window_end", "id": "kernel-tcp-16384-64-64-1000-2"}
{"event": "window", "id": "kernel-tcp-16384-64-64-1000-2", "population": 16384, "duration_s": 1.00107466, "delivered_roundtrips": 998}
{"event": "window_begin", "id": "kernel-tcp-16384-64-64-0-2"}
{"event": "window_end", "id": "kernel-tcp-16384-64-64-0-2"}
{"event": "window", "id": "kernel-tcp-16384-64-64-0-2", "population": 16384, "duration_s": 1.000589651, "delivered_roundtrips": 12735}
{"event": "window_begin", "id": "kernel-tcp-16384-64-1024-0-99"}
{"event": "window_end", "id": "kernel-tcp-16384-64-1024-0-99"}
{"event": "window", "id": "kernel-tcp-16384-64-1024-0-99", "population": 16384, "duration_s": 0.151990823, "delivered_roundtrips": 1703}
{"event": "window_begin", "id": "kernel-tcp-16384-64-1024-100-0"}
{"event": "window_end", "id": "kernel-tcp-16384-64-1024-100-0"}
{"event": "window", "id": "kernel-tcp-16384-64-1024-100-0", "population": 16384, "duration_s": 1.000795861, "delivered_roundtrips": 100}
{"event": "window_begin", "id": "kernel-tcp-16384-64-1024-1000-0"}
{"event": "window_end", "id": "kernel-tcp-16384-64-1024-1000-0"}
{"event": "window", "id": "kernel-tcp-16384-64-1024-1000-0", "population": 16384, "duration_s": 1.006848778, "delivered_roundtrips": 1000}
{"event": "window_begin", "id": "kernel-tcp-16384-64-1024-0-0"}
{"event": "window_end", "id": "kernel-tcp-16384-64-1024-0-0"}
{"event": "window", "id": "kernel-tcp-16384-64-1024-0-0", "population": 16384, "duration_s": 1.000507297, "delivered_roundtrips": 12750}
{"event": "window_begin", "id": "kernel-tcp-16384-64-1024-0-1"}
{"event": "window_end", "id": "kernel-tcp-16384-64-1024-0-1"}
{"event": "window", "id": "kernel-tcp-16384-64-1024-0-1", "population": 16384, "duration_s": 1.002119051, "delivered_roundtrips": 12696}
{"event": "window_begin", "id": "kernel-tcp-16384-64-1024-1000-1"}
{"event": "window_end", "id": "kernel-tcp-16384-64-1024-1000-1"}
{"event": "window", "id": "kernel-tcp-16384-64-1024-1000-1", "population": 16384, "duration_s": 1.002006312, "delivered_roundtrips": 1000}
{"event": "window_begin", "id": "kernel-tcp-16384-64-1024-100-1"}
{"event": "window_end", "id": "kernel-tcp-16384-64-1024-100-1"}
{"event": "window", "id": "kernel-tcp-16384-64-1024-100-1", "population": 16384, "duration_s": 1.000530642, "delivered_roundtrips": 100}
{"event": "window_begin", "id": "kernel-tcp-16384-64-1024-100-2"}
{"event": "window_end", "id": "kernel-tcp-16384-64-1024-100-2"}
{"event": "window", "id": "kernel-tcp-16384-64-1024-100-2", "population": 16384, "duration_s": 1.000580307, "delivered_roundtrips": 100}
{"event": "window_begin", "id": "kernel-tcp-16384-64-1024-1000-2"}
{"event": "window_end", "id": "kernel-tcp-16384-64-1024-1000-2"}
{"event": "window", "id": "kernel-tcp-16384-64-1024-1000-2", "population": 16384, "duration_s": 1.00058221, "delivered_roundtrips": 1000}
{"event": "window_begin", "id": "kernel-tcp-16384-64-1024-0-2"}
{"event": "window_end", "id": "kernel-tcp-16384-64-1024-0-2"}
{"event": "window", "id": "kernel-tcp-16384-64-1024-0-2", "population": 16384, "duration_s": 1.000694187, "delivered_roundtrips": 13366}
{"event": "window_begin", "id": "kernel-tcp-16384-64-65536-0-99"}
{"event": "window_end", "id": "kernel-tcp-16384-64-65536-0-99"}
{"event": "window", "id": "kernel-tcp-16384-64-65536-0-99", "population": 16384, "duration_s": 0.193425435, "delivered_roundtrips": 157}
{"event": "window_begin", "id": "kernel-tcp-16384-64-65536-100-0"}
{"event": "window_end", "id": "kernel-tcp-16384-64-65536-100-0"}
{"event": "window", "id": "kernel-tcp-16384-64-65536-100-0", "population": 16384, "duration_s": 1.000774198, "delivered_roundtrips": 100}
{"event": "window_begin", "id": "kernel-tcp-16384-64-65536-1000-0"}
{"event": "window_end", "id": "kernel-tcp-16384-64-65536-1000-0"}
{"event": "window", "id": "kernel-tcp-16384-64-65536-1000-0", "population": 16384, "duration_s": 1.000526956, "delivered_roundtrips": 1000}
{"event": "window_begin", "id": "kernel-tcp-16384-64-65536-0-0"}
{"event": "window_end", "id": "kernel-tcp-16384-64-65536-0-0"}
{"event": "window", "id": "kernel-tcp-16384-64-65536-0-0", "population": 16384, "duration_s": 1.01209425, "delivered_roundtrips": 838}
{"event": "window_begin", "id": "kernel-tcp-16384-64-65536-0-1"}
{"event": "window_end", "id": "kernel-tcp-16384-64-65536-0-1"}
{"event": "window", "id": "kernel-tcp-16384-64-65536-0-1", "population": 16384, "duration_s": 1.042551556, "delivered_roundtrips": 879}
{"event": "window_begin", "id": "kernel-tcp-16384-64-65536-1000-1"}
{"event": "window_end", "id": "kernel-tcp-16384-64-65536-1000-1"}
{"event": "window", "id": "kernel-tcp-16384-64-65536-1000-1", "population": 16384, "duration_s": 1.000541347, "delivered_roundtrips": 1000}
{"event": "window_begin", "id": "kernel-tcp-16384-64-65536-100-1"}
{"event": "window_end", "id": "kernel-tcp-16384-64-65536-100-1"}
{"event": "window", "id": "kernel-tcp-16384-64-65536-100-1", "population": 16384, "duration_s": 1.000688609, "delivered_roundtrips": 100}
{"event": "window_begin", "id": "kernel-tcp-16384-64-65536-100-2"}
{"event": "window_end", "id": "kernel-tcp-16384-64-65536-100-2"}
{"event": "window", "id": "kernel-tcp-16384-64-65536-100-2", "population": 16384, "duration_s": 1.000627036, "delivered_roundtrips": 100}
{"event": "window_begin", "id": "kernel-tcp-16384-64-65536-1000-2"}
{"event": "window_end", "id": "kernel-tcp-16384-64-65536-1000-2"}
{"event": "window", "id": "kernel-tcp-16384-64-65536-1000-2", "population": 16384, "duration_s": 1.016724837, "delivered_roundtrips": 913}
{"event": "window_begin", "id": "kernel-tcp-16384-64-65536-0-2"}
{"event": "window_end", "id": "kernel-tcp-16384-64-65536-0-2"}
{"event": "window", "id": "kernel-tcp-16384-64-65536-0-2", "population": 16384, "duration_s": 1.042606307, "delivered_roundtrips": 835}
{"event": "window_begin", "id": "kernel-tcp-16384-16384-64-0-99"}
{"event": "window_end", "id": "kernel-tcp-16384-16384-64-0-99"}
{"event": "window", "id": "kernel-tcp-16384-16384-64-0-99", "population": 16384, "duration_s": 0.150532328, "delivered_roundtrips": 1542}
{"event": "window_begin", "id": "kernel-tcp-16384-16384-64-100-0"}
{"event": "window_end", "id": "kernel-tcp-16384-16384-64-100-0"}
{"event": "window", "id": "kernel-tcp-16384-16384-64-100-0", "population": 16384, "duration_s": 1.00066893, "delivered_roundtrips": 100}
{"event": "window_begin", "id": "kernel-tcp-16384-16384-64-1000-0"}
{"event": "window_end", "id": "kernel-tcp-16384-16384-64-1000-0"}
{"event": "window", "id": "kernel-tcp-16384-16384-64-1000-0", "population": 16384, "duration_s": 1.00050329, "delivered_roundtrips": 1000}
{"event": "window_begin", "id": "kernel-tcp-16384-16384-64-0-0"}
{"event": "window_end", "id": "kernel-tcp-16384-16384-64-0-0"}
{"event": "window", "id": "kernel-tcp-16384-16384-64-0-0", "population": 16384, "duration_s": 1.000584242, "delivered_roundtrips": 11734}
{"event": "window_begin", "id": "kernel-tcp-16384-16384-64-0-1"}
{"event": "window_end", "id": "kernel-tcp-16384-16384-64-0-1"}
{"event": "window", "id": "kernel-tcp-16384-16384-64-0-1", "population": 16384, "duration_s": 1.002155416, "delivered_roundtrips": 12397}
{"event": "window_begin", "id": "kernel-tcp-16384-16384-64-1000-1"}
{"event": "window_end", "id": "kernel-tcp-16384-16384-64-1000-1"}
{"event": "window", "id": "kernel-tcp-16384-16384-64-1000-1", "population": 16384, "duration_s": 1.003281681, "delivered_roundtrips": 997}
{"event": "window_begin", "id": "kernel-tcp-16384-16384-64-100-1"}
{"event": "window_end", "id": "kernel-tcp-16384-16384-64-100-1"}
{"event": "window", "id": "kernel-tcp-16384-16384-64-100-1", "population": 16384, "duration_s": 1.026925024, "delivered_roundtrips": 100}
{"event": "window_begin", "id": "kernel-tcp-16384-16384-64-100-2"}
{"event": "window_end", "id": "kernel-tcp-16384-16384-64-100-2"}
{"event": "window", "id": "kernel-tcp-16384-16384-64-100-2", "population": 16384, "duration_s": 1.000738634, "delivered_roundtrips": 100}
{"event": "window_begin", "id": "kernel-tcp-16384-16384-64-1000-2"}
{"event": "window_end", "id": "kernel-tcp-16384-16384-64-1000-2"}
{"event": "window", "id": "kernel-tcp-16384-16384-64-1000-2", "population": 16384, "duration_s": 1.000799506, "delivered_roundtrips": 1000}
{"event": "window_begin", "id": "kernel-tcp-16384-16384-64-0-2"}
{"event": "window_end", "id": "kernel-tcp-16384-16384-64-0-2"}
{"event": "window", "id": "kernel-tcp-16384-16384-64-0-2", "population": 16384, "duration_s": 1.000575158, "delivered_roundtrips": 11901}
{"event": "window_begin", "id": "kernel-tcp-16384-16384-1024-0-99"}
{"event": "window_end", "id": "kernel-tcp-16384-16384-1024-0-99"}
{"event": "window", "id": "kernel-tcp-16384-16384-1024-0-99", "population": 16384, "duration_s": 0.15571091, "delivered_roundtrips": 1666}
{"event": "window_begin", "id": "kernel-tcp-16384-16384-1024-100-0"}
{"event": "window_end", "id": "kernel-tcp-16384-16384-1024-100-0"}
{"event": "window", "id": "kernel-tcp-16384-16384-1024-100-0", "population": 16384, "duration_s": 1.000664243, "delivered_roundtrips": 100}
{"event": "window_begin", "id": "kernel-tcp-16384-16384-1024-1000-0"}
{"event": "window_end", "id": "kernel-tcp-16384-16384-1024-1000-0"}
{"event": "window", "id": "kernel-tcp-16384-16384-1024-1000-0", "population": 16384, "duration_s": 1.000736912, "delivered_roundtrips": 1000}
{"event": "window_begin", "id": "kernel-tcp-16384-16384-1024-0-0"}
{"event": "window_end", "id": "kernel-tcp-16384-16384-1024-0-0"}
{"event": "window", "id": "kernel-tcp-16384-16384-1024-0-0", "population": 16384, "duration_s": 1.002268426, "delivered_roundtrips": 11332}
{"event": "window_begin", "id": "kernel-tcp-16384-16384-1024-0-1"}
{"event": "window_end", "id": "kernel-tcp-16384-16384-1024-0-1"}
{"event": "window", "id": "kernel-tcp-16384-16384-1024-0-1", "population": 16384, "duration_s": 1.002027854, "delivered_roundtrips": 11761}
{"event": "window_begin", "id": "kernel-tcp-16384-16384-1024-1000-1"}
{"event": "window_end", "id": "kernel-tcp-16384-16384-1024-1000-1"}
{"event": "window", "id": "kernel-tcp-16384-16384-1024-1000-1", "population": 16384, "duration_s": 1.000745575, "delivered_roundtrips": 1000}
{"event": "window_begin", "id": "kernel-tcp-16384-16384-1024-100-1"}
{"event": "window_end", "id": "kernel-tcp-16384-16384-1024-100-1"}
{"event": "window", "id": "kernel-tcp-16384-16384-1024-100-1", "population": 16384, "duration_s": 1.003385958, "delivered_roundtrips": 100}
{"event": "window_begin", "id": "kernel-tcp-16384-16384-1024-100-2"}
{"event": "window_end", "id": "kernel-tcp-16384-16384-1024-100-2"}
{"event": "window", "id": "kernel-tcp-16384-16384-1024-100-2", "population": 16384, "duration_s": 1.003315592, "delivered_roundtrips": 100}
{"event": "window_begin", "id": "kernel-tcp-16384-16384-1024-1000-2"}
{"event": "window_end", "id": "kernel-tcp-16384-16384-1024-1000-2"}
{"event": "window", "id": "kernel-tcp-16384-16384-1024-1000-2", "population": 16384, "duration_s": 1.003312307, "delivered_roundtrips": 1000}
{"event": "window_begin", "id": "kernel-tcp-16384-16384-1024-0-2"}
{"event": "window_end", "id": "kernel-tcp-16384-16384-1024-0-2"}
{"event": "window", "id": "kernel-tcp-16384-16384-1024-0-2", "population": 16384, "duration_s": 1.003353028, "delivered_roundtrips": 11602}
{"event": "window_begin", "id": "kernel-tcp-16384-16384-65536-0-99"}
{"event": "window_end", "id": "kernel-tcp-16384-16384-65536-0-99"}
{"event": "window", "id": "kernel-tcp-16384-16384-65536-0-99", "population": 16384, "duration_s": 0.156327718, "delivered_roundtrips": 207}
{"event": "window_begin", "id": "kernel-tcp-16384-16384-65536-100-0"}
{"event": "window_end", "id": "kernel-tcp-16384-16384-65536-100-0"}
{"event": "window", "id": "kernel-tcp-16384-16384-65536-100-0", "population": 16384, "duration_s": 1.003350625, "delivered_roundtrips": 100}
{"event": "window_begin", "id": "kernel-tcp-16384-16384-65536-1000-0"}
{"event": "window_end", "id": "kernel-tcp-16384-16384-65536-1000-0"}
{"event": "window", "id": "kernel-tcp-16384-16384-65536-1000-0", "population": 16384, "duration_s": 1.002048836, "delivered_roundtrips": 1000}
{"event": "window_begin", "id": "kernel-tcp-16384-16384-65536-0-0"}
{"event": "window_end", "id": "kernel-tcp-16384-16384-65536-0-0"}
{"event": "window", "id": "kernel-tcp-16384-16384-65536-0-0", "population": 16384, "duration_s": 1.003251486, "delivered_roundtrips": 1583}
{"event": "window_begin", "id": "kernel-tcp-16384-16384-65536-0-1"}
{"event": "window_end", "id": "kernel-tcp-16384-16384-65536-0-1"}
{"event": "window", "id": "kernel-tcp-16384-16384-65536-0-1", "population": 16384, "duration_s": 1.016956946, "delivered_roundtrips": 1685}
{"event": "window_begin", "id": "kernel-tcp-16384-16384-65536-1000-1"}
{"event": "window_end", "id": "kernel-tcp-16384-16384-65536-1000-1"}
{"event": "window", "id": "kernel-tcp-16384-16384-65536-1000-1", "population": 16384, "duration_s": 1.002813887, "delivered_roundtrips": 1000}
{"event": "window_begin", "id": "kernel-tcp-16384-16384-65536-100-1"}
{"event": "window_end", "id": "kernel-tcp-16384-16384-65536-100-1"}
{"event": "window", "id": "kernel-tcp-16384-16384-65536-100-1", "population": 16384, "duration_s": 1.003427259, "delivered_roundtrips": 100}
{"event": "window_begin", "id": "kernel-tcp-16384-16384-65536-100-2"}
{"event": "window_end", "id": "kernel-tcp-16384-16384-65536-100-2"}
{"event": "window", "id": "kernel-tcp-16384-16384-65536-100-2", "population": 16384, "duration_s": 1.003218356, "delivered_roundtrips": 100}
{"event": "window_begin", "id": "kernel-tcp-16384-16384-65536-1000-2"}
{"event": "window_end", "id": "kernel-tcp-16384-16384-65536-1000-2"}
{"event": "window", "id": "kernel-tcp-16384-16384-65536-1000-2", "population": 16384, "duration_s": 1.002731603, "delivered_roundtrips": 1000}
{"event": "window_begin", "id": "kernel-tcp-16384-16384-65536-0-2"}
{"event": "window_end", "id": "kernel-tcp-16384-16384-65536-0-2"}
{"event": "window", "id": "kernel-tcp-16384-16384-65536-0-2", "population": 16384, "duration_s": 1.00342048, "delivered_roundtrips": 1600}
{"event": "traffic_resources", "population": 16384}
{"event": "audit"}
{"event": "owned_retirement", "duration_s": 258.490599799}
{"event": "transport_drain_live_kernel", "confirmed_zero": true, "usage": 0}
{"event": "complete"}
BENCH_HARNESS_EXIT=0
shmproxy 1200128 0 - Live 0xffffffffc0617000 (OE)
vhost_vsock 28672 0 - Live 0xffffffffc0615000
vmw_vsock_virtio_transport_common 57344 1 vhost_vsock, Live 0xffffffffc0611000
vhost 69632 1 vhost_vsock, Live 0xffffffffc0609000
vhost_iotlb 16384 1 vhost, Live 0xffffffffc0608000
vsock 73728 4 vhost_vsock,vmw_vsock_virtio_transport_common, Live 0xffffffffc0600000
[  766.847623] shmproxy: drained accepted=16386 closed=16386
BENCH_MODULE_UNLOAD_EXIT=0
BENCH_LIVE_MODULES_AFTER_UNLOAD
vhost_vsock 28672 0 - Live 0xffffffffc0615000
vmw_vsock_virtio_transport_common 57344 1 vhost_vsock, Live 0xffffffffc0611000
vhost 69632 1 vhost_vsock, Live 0xffffffffc0609000
vhost_iotlb 16384 1 vhost, Live 0xffffffffc0608000
vsock 73728 2 vhost_vsock,vmw_vsock_virtio_transport_common, Live 0xffffffffc0600000
1
[    0.000000] Linux version 7.0.0-29-generic (buildd@lcy02-amd64-113) (x86_64-linux-gnu-gcc (Ubuntu 15.2.0-16ubuntu1) 15.2.0, GNU ld (GNU Binutils for Ubuntu) 2.46) #29-Ubuntu SMP PREEMPT_DYNAMIC Fri Jul 17 20:52:35 UTC 2026 (Ubuntu 7.0.0-29.29-generic 7.0.12)
[    0.000000] Command line: console=ttyS0 rdinit=/init panic=-1
[    0.000000] KERNEL supported cpus:
[    0.000000]   Intel GenuineIntel
[    0.000000]   AMD AuthenticAMD
[    0.000000]   Hygon HygonGenuine
[    0.000000]   Centaur CentaurHauls
[    0.000000]   zhaoxin   Shanghai  
[    0.000000] BIOS-provided physical RAM map:
[    0.000000] BIOS-e820: [mem 0x0000000000000000-0x000000000009fbff]  System RAM
[    0.000000] BIOS-e820: [mem 0x000000000009fc00-0x000000000009ffff]  device reserved
[    0.000000] BIOS-e820: [gap 0x00000000000a0000-0x00000000000effff]
[    0.000000] BIOS-e820: [mem 0x00000000000f0000-0x00000000000fffff]  device reserved
[    0.000000] BIOS-e820: [mem 0x0000000000100000-0x000000007ffdffff]  System RAM
[    0.000000] BIOS-e820: [mem 0x000000007ffe0000-0x000000007fffffff]  device reserved
[    0.000000] BIOS-e820: [gap 0x0000000080000000-0x00000000afffffff]
[    0.000000] BIOS-e820: [mem 0x00000000b0000000-0x00000000bfffffff]  device reserved
[    0.000000] BIOS-e820: [gap 0x00000000c0000000-0x00000000fed1bfff]
[    0.000000] BIOS-e820: [mem 0x00000000fed1c000-0x00000000fed1ffff]  device reserved
[    0.000000] BIOS-e820: [gap 0x00000000fed20000-0x00000000feffbfff]
[    0.000000] BIOS-e820: [mem 0x00000000feffc000-0x00000000feffffff]  device reserved
[    0.000000] BIOS-e820: [gap 0x00000000ff000000-0x00000000fffbffff]
[    0.000000] BIOS-e820: [mem 0x00000000fffc0000-0x00000000ffffffff]  device reserved
[    0.000000] BIOS-e820: [mem 0x0000000100000000-0x000000047fffffff]  System RAM
[    0.000000] BIOS-e820: [gap 0x0000000480000000-0x000000fcffffffff]
[    0.000000] BIOS-e820: [mem 0x000000fd00000000-0x000000ffffffffff]  device reserved
[    0.000000] NX (Execute Disable) protection: active
[    0.000000] APIC: Static calls initialized
[    0.000000] SMBIOS 2.8 present.
[    0.000000] DMI: QEMU Standard PC (Q35 + ICH9, 2009), BIOS 1.17.0-debian-1.17.0-1ubuntu1 04/01/2014
[    0.000000] DMI: Memory slots populated: 1/1
[    0.000000] Hypervisor detected: KVM
[    0.000000] last_pfn = 0x7ffe0 max_arch_pfn = 0x10000000000
[    0.000000] kvm-clock: Using msrs 4b564d01 and 4b564d00
[    0.000001] kvm-clock: using sched offset of 240102352 cycles
[    0.000003] clocksource: kvm-clock: mask: 0xffffffffffffffff max_cycles: 0x1cd42e4dffb, max_idle_ns: 881590591483 ns
[    0.000006] tsc: Detected 2396.388 MHz processor
[    0.000388] e820: update [mem 0x00000000-0x00000fff] System RAM ==> device reserved
[    0.000391] e820: remove [mem 0x000a0000-0x000fffff] System RAM
[    0.000397] last_pfn = 0x480000 max_arch_pfn = 0x10000000000
[    0.000443] MTRR map: 4 entries (3 fixed + 1 variable; max 19), built from 8 variable MTRRs
[    0.000446] x86/PAT: Configuration [0-7]: WB  WC  UC- UC  WB  WP  UC- WT  
[    0.000509] last_pfn = 0x7ffe0 max_arch_pfn = 0x10000000000
[    0.003295] found SMP MP-table at [mem 0x000f5460-0x000f546f]
[    0.003314] Using GB pages for direct mapping
[    0.003530] RAMDISK: [mem 0x737cf000-0x7ffdffff]
[    0.003610] ACPI: Early table checksum verification disabled
[    0.003613] ACPI: RSDP 0x00000000000F5270 000014 (v00 BOCHS )
[    0.003617] ACPI: RSDT 0x000000007FFE3A02 000038 (v01 BOCHS  BXPC     00000001 BXPC 00000001)
[    0.003623] ACPI: FACP 0x000000007FFE3602 0000F4 (v03 BOCHS  BXPC     00000001 BXPC 00000001)
[    0.003628] ACPI: DSDT 0x000000007FFE0040 0035C2 (v01 BOCHS  BXPC     00000001 BXPC 00000001)
[    0.003630] ACPI: FACS 0x000000007FFE0000 000040
[    0.003632] ACPI: APIC 0x000000007FFE36F6 000270 (v03 BOCHS  BXPC     00000001 BXPC 00000001)
[    0.003635] ACPI: HPET 0x000000007FFE3966 000038 (v01 BOCHS  BXPC     00000001 BXPC 00000001)
[    0.003637] ACPI: MCFG 0x000000007FFE399E 00003C (v01 BOCHS  BXPC     00000001 BXPC 00000001)
[    0.003639] ACPI: WAET 0x000000007FFE39DA 000028 (v01 BOCHS  BXPC     00000001 BXPC 00000001)
[    0.003641] ACPI: Reserving FACP table memory at [mem 0x7ffe3602-0x7ffe36f5]
[    0.003642] ACPI: Reserving DSDT table memory at [mem 0x7ffe0040-0x7ffe3601]
[    0.003643] ACPI: Reserving FACS table memory at [mem 0x7ffe0000-0x7ffe003f]
[    0.003644] ACPI: Reserving APIC table memory at [mem 0x7ffe36f6-0x7ffe3965]
[    0.003645] ACPI: Reserving HPET table memory at [mem 0x7ffe3966-0x7ffe399d]
[    0.003645] ACPI: Reserving MCFG table memory at [mem 0x7ffe399e-0x7ffe39d9]
[    0.003646] ACPI: Reserving WAET table memory at [mem 0x7ffe39da-0x7ffe3a01]
[    0.004230] No NUMA configuration found
[    0.004233] Faking a node at [mem 0x0000000000000000-0x000000047fffffff]
[    0.004245] NODE_DATA(0) allocated [mem 0x47ffd5280-0x47fffffff]
[    0.005114] ACPI: PM-Timer IO Port: 0x608
[    0.005136] ACPI: LAPIC_NMI (acpi_id[0xff] dfl dfl lint[0x1])
[    0.005169] IOAPIC[0]: apic_id 0, version 17, address 0xfec00000, GSI 0-23
[    0.005172] ACPI: INT_SRC_OVR (bus 0 bus_irq 0 global_irq 2 dfl dfl)
[    0.005174] ACPI: INT_SRC_OVR (bus 0 bus_irq 5 global_irq 5 high level)
[    0.005175] ACPI: INT_SRC_OVR (bus 0 bus_irq 9 global_irq 9 high level)
[    0.005176] ACPI: INT_SRC_OVR (bus 0 bus_irq 10 global_irq 10 high level)
[    0.005177] ACPI: INT_SRC_OVR (bus 0 bus_irq 11 global_irq 11 high level)
[    0.005180] ACPI: Using ACPI (MADT) for SMP configuration information
[    0.005181] ACPI: HPET id: 0x8086a201 base: 0xfed00000
[    0.005185] TSC deadline timer available
[    0.005187] CPU topo: Max. logical packages:   1
[    0.005188] CPU topo: Max. logical nodes:      1
[    0.005189] CPU topo: Num. nodes per package:  1
[    0.005191] CPU topo: Max. logical dies:       1
[    0.005192] CPU topo: Max. dies per package:   1
[    0.005196] CPU topo: Max. threads per core:   1
[    0.005197] CPU topo: Num. cores per package:    64
[    0.005198] CPU topo: Num. threads per package:  64
[    0.005198] CPU topo: Allowing 4 present CPUs plus 60 hotplug CPUs
[    0.005217] kvm-guest: APIC: eoi() replaced with kvm_guest_apic_eoi_write()
[    0.005231] kvm-guest: KVM setup pv remote TLB flush
[    0.005235] kvm-guest: setup PV sched yield
[    0.005243] PM: hibernation: Registered nosave memory: [mem 0x00000000-0x00000fff]
[    0.005245] PM: hibernation: Registered nosave memory: [mem 0x0009f000-0x000fffff]
[    0.005246] PM: hibernation: Registered nosave memory: [mem 0x7ffe0000-0xffffffff]
[    0.005248] [gap 0xc0000000-0xfed1bfff] available for PCI devices
[    0.005249] Booting paravirtualized kernel on KVM
[    0.005251] clocksource: refined-jiffies: mask: 0xffffffff max_cycles: 0xffffffff, max_idle_ns: 1910969940391419 ns
[    0.005309] Zone ranges:
[    0.005310]   DMA      [mem 0x0000000000001000-0x0000000000ffffff]
[    0.005312]   DMA32    [mem 0x0000000001000000-0x00000000ffffffff]
[    0.005313]   Normal   [mem 0x0000000100000000-0x000000047fffffff]
[    0.005314]   Device   empty
[    0.005315] Movable zone start for each node
[    0.005318] Early memory node ranges
[    0.005318]   node   0: [mem 0x0000000000001000-0x000000000009efff]
[    0.005319]   node   0: [mem 0x0000000000100000-0x000000007ffdffff]
[    0.005321]   node   0: [mem 0x0000000100000000-0x000000047fffffff]
[    0.005323] Initmem setup node 0 [mem 0x0000000000001000-0x000000047fffffff]
[    0.005414] On node 0, zone DMA: 1 pages in unavailable ranges
[    0.005429] On node 0, zone DMA: 97 pages in unavailable ranges
[    0.029216] On node 0, zone Normal: 32 pages in unavailable ranges
[    0.029236] setup_percpu: NR_CPUS:8192 nr_cpumask_bits:64 nr_cpu_ids:64 nr_node_ids:1
[    0.032013] percpu: Embedded 85 pages/cpu s225280 r8192 d114688 u524288
[    0.032023] pcpu-alloc: s225280 r8192 d114688 u524288 alloc=1*2097152
[    0.032025] pcpu-alloc: [0] 00 01 02 03 [0] 04 05 06 07 
[    0.032030] pcpu-alloc: [0] 08 09 10 11 [0] 12 13 14 15 
[    0.032034] pcpu-alloc: [0] 16 17 18 19 [0] 20 21 22 23 
[    0.032038] pcpu-alloc: [0] 24 25 26 27 [0] 28 29 30 31 
[    0.032042] pcpu-alloc: [0] 32 33 34 35 [0] 36 37 38 39 
[    0.032046] pcpu-alloc: [0] 40 41 42 43 [0] 44 45 46 47 
[    0.032050] pcpu-alloc: [0] 48 49 50 51 [0] 52 53 54 55 
[    0.032068] pcpu-alloc: [0] 56 57 58 59 [0] 60 61 62 63 
[    0.032118] kvm-guest: PV spinlocks enabled
[    0.032121] PV qspinlock hash table entries: 256 (order: 0, 4096 bytes, linear)
[    0.032124] Kernel command line: console=ttyS0 rdinit=/init panic=-1
[    0.032165] random: crng init done
[    0.032165] printk: log_buf_len individual max cpu contribution: 4096 bytes
[    0.032166] printk: log_buf_len total cpu_extra contributions: 258048 bytes
[    0.032167] printk: log_buf_len min size: 262144 bytes
[    0.032496] printk: log buffer data + meta data: 524288 + 2228224 = 2752512 bytes
[    0.032498] printk: early log buf free: 253976(96%)
[    0.033526] Dentry cache hash table entries: 2097152 (order: 12, 16777216 bytes, linear)
[    0.034077] Inode-cache hash table entries: 1048576 (order: 11, 8388608 bytes, linear)
[    0.034572] software IO TLB: area num 64.
[    0.040998] Fallback order for Node 0: 0 
[    0.041010] Built 1 zonelists, mobility grouping on.  Total pages: 4194174
[    0.041012] Policy zone: Normal
[    0.041023] mem auto-init: stack:all(zero), heap alloc:on, heap free:off
[    0.068018] SLUB: HWalign=64, Order=0-3, MinObjects=0, CPUs=64, Nodes=1
[    0.081921] ftrace: allocating 63941 entries in 252 pages
[    0.081924] ftrace: allocated 252 pages with 6 groups
[    0.082741] Dynamic Preempt: lazy
[    0.083132] rcu: Preemptible hierarchical RCU implementation.
[    0.083133] rcu: 	RCU restricting CPUs from NR_CPUS=8192 to nr_cpu_ids=64.
[    0.083135] 	Trampoline variant of Tasks RCU enabled.
[    0.083135] 	Rude variant of Tasks RCU enabled.
[    0.083136] 	Tracing variant of Tasks RCU enabled.
[    0.083137] rcu: RCU calculated value of scheduler-enlistment delay is 100 jiffies.
[    0.083138] rcu: Adjusting geometry for rcu_fanout_leaf=16, nr_cpu_ids=64
[    0.083167] RCU Tasks: Setting shift to 6 and lim to 1 rcu_task_cb_adjust=1 rcu_task_cpu_ids=64.
[    0.083171] RCU Tasks Rude: Setting shift to 6 and lim to 1 rcu_task_cb_adjust=1 rcu_task_cpu_ids=64.
[    0.088267] NR_IRQS: 524544, nr_irqs: 936, preallocated irqs: 16
[    0.088541] rcu: srcu_init: Setting srcu_struct sizes based on contention.
[    0.088825] Console: colour *CGA 80x25
[    0.088898] printk: legacy console [ttyS0] enabled
[    0.310965] ACPI: Core revision 20251212
[    0.312273] clocksource: hpet: mask: 0xffffffff max_cycles: 0xffffffff, max_idle_ns: 19112604467 ns
[    0.314824] APIC: Switch to symmetric I/O mode setup
[    0.316392] x2apic enabled
[    0.317474] APIC: Switched APIC routing to: physical x2apic
[    0.318964] kvm-guest: APIC: send_IPI_mask() replaced with kvm_send_ipi_mask()
[    0.320861] kvm-guest: APIC: send_IPI_mask_allbutself() replaced with kvm_send_ipi_mask_allbutself()
[    0.323257] kvm-guest: setup PV IPIs
[    0.325534] ..TIMER: vector=0x30 apic1=0 pin1=2 apic2=-1 pin2=-1
[    0.327148] clocksource: tsc-early: mask: 0xffffffffffffffff max_cycles: 0x228ae3847f6, max_idle_ns: 440795295175 ns
[    0.329890] Calibrating delay loop (skipped) preset value.. 4792.77 BogoMIPS (lpj=2396388)
[    0.331042] x86/cpu: User Mode Instruction Prevention (UMIP) activated
[    0.332087] Last level iTLB entries: 4KB 512, 2MB 255, 4MB 127
[    0.332889] Last level dTLB entries: 4KB 512, 2MB 255, 4MB 127, 1GB 0
[    0.333899] mitigations: Enabled attack vectors: user_kernel, user_user, guest_host, guest_guest, SMT mitigations: auto
[    0.334889] Speculative Store Bypass: Mitigation: Speculative Store Bypass disabled via prctl
[    0.335891] Transient Scheduler Attacks: Vulnerable: No microcode
[    0.336889] Spectre V2 : Mitigation: Enhanced / Automatic IBRS
[    0.337889] Speculative Return Stack Overflow: Mitigation: Safe RET
[    0.338889] Spectre V1 : Mitigation: usercopy/swapgs barriers and __user pointer sanitization
[    0.339896] Spectre V2 : mitigation: Enabling conditional Indirect Branch Prediction Barrier
[    0.340891] active return thunk: srso_alias_return_thunk
[    0.341918] x86/fpu: Supporting XSAVE feature 0x001: 'x87 floating point registers'
[    0.342889] x86/fpu: Supporting XSAVE feature 0x002: 'SSE registers'
[    0.343888] x86/fpu: Supporting XSAVE feature 0x004: 'AVX registers'
[    0.344889] x86/fpu: Supporting XSAVE feature 0x020: 'AVX-512 opmask'
[    0.345889] x86/fpu: Supporting XSAVE feature 0x040: 'AVX-512 Hi256'
[    0.346888] x86/fpu: Supporting XSAVE feature 0x080: 'AVX-512 ZMM_Hi256'
[    0.347889] x86/fpu: Supporting XSAVE feature 0x200: 'Protection Keys User registers'
[    0.348889] x86/fpu: xstate_offset[2]:  576, xstate_sizes[2]:  256
[    0.349889] x86/fpu: xstate_offset[5]:  832, xstate_sizes[5]:   64
[    0.350889] x86/fpu: xstate_offset[6]:  896, xstate_sizes[6]:  512
[    0.351889] x86/fpu: xstate_offset[7]: 1408, xstate_sizes[7]: 1024
[    0.352889] x86/fpu: xstate_offset[9]: 2432, xstate_sizes[9]:    8
[    0.354889] x86/fpu: Enabled xstate features 0x2e7, context size is 2440 bytes, using 'compacted' format.
[    0.395467] Freeing SMP alternatives memory: 56K
[    0.395891] pid_max: default: 65536 minimum: 512
[    0.397190] landlock: Up and running.
[    0.397889] Yama: becoming mindful.
[    0.399067] AppArmor: AppArmor initialized
[    0.399889] AppArmor: AppArmor secmark mediation reserved: ready to be enabled
[    0.401092] Mount-cache hash table entries: 32768 (order: 6, 262144 bytes, linear)
[    0.401900] Mountpoint-cache hash table entries: 32768 (order: 6, 262144 bytes, linear)
[    0.403043] VFS: Finished mounting rootfs on nullfs
[    0.404661] smpboot: CPU0: AMD EPYC 8024P 8-Core Processor (family: 0x19, model: 0xa0, stepping: 0x2)
[    0.405235] Performance Events: Fam17h+ core perfctr, AMD PMU driver.
[    0.405902] ... version:                   2
[    0.406892] ... bit width:                 48
[    0.407891] ... generic counters:          6
[    0.408891] ... generic bitmap:            000000000000003f
[    0.409891] ... fixed-purpose counters:    0
[    0.410901] ... fixed-purpose bitmap:      0000000000000000
[    0.411891] ... value mask:                0000ffffffffffff
[    0.412891] ... max period:                00007fffffffffff
[    0.413891] ... global_ctrl mask:          000000000000003f
[    0.415164] signal: max sigframe size: 3376
[    0.415954] rcu: Hierarchical SRCU implementation.
[    0.416896] rcu: 	Max phase no-delay instances is 400.
[    0.417973] Timer migration: 2 hierarchy levels; 8 children per group; 2 crossnode level
[    0.427327] smp: Bringing up secondary CPUs ...
[    0.428164] smpboot: x86: Booting SMP configuration:
[    0.428903] .... node  #0, CPUs:        #1  #2  #3
[    0.432109] smp: Brought up 1 node, 4 CPUs
[    0.433892] smpboot: Total of 4 processors activated (19171.10 BogoMIPS)
[    0.435562] Memory: 13728108K/16776696K available (23799K kernel code, 4952K rwdata, 16764K rodata, 5292K init, 5856K bss, 3030044K reserved, 0K cma-reserved)
[    0.436394] devtmpfs: initialized
[    0.436991] x86/mm: Memory block size: 128MB
[    0.441018] clocksource: jiffies: mask: 0xffffffff max_cycles: 0xffffffff, max_idle_ns: 1911260446275000 ns
[    0.441908] posixtimers hash table entries: 32768 (order: 7, 524288 bytes, linear)
[    0.443016] futex hash table entries: 16384 (1048576 bytes on 1 NUMA nodes, total 1024 KiB, linear).
[    0.444375] PM: RTC time: 20:51:31, date: 2026-10-04
[    0.445506] NET: Registered PF_NETLINK/PF_ROUTE protocol family
[    0.446221] DMA: preallocated 2048 KiB GFP_KERNEL pool for atomic allocations
[    0.446963] DMA: preallocated 2048 KiB GFP_KERNEL|GFP_DMA pool for atomic allocations
[    0.447966] DMA: preallocated 2048 KiB GFP_KERNEL|GFP_DMA32 pool for atomic allocations
[    0.448905] audit: initializing netlink subsys (disabled)
[    0.449915] audit: type=2000 audit(1791147092.205:1): state=initialized audit_enabled=0 res=1
[    0.450118] thermal_sys: Registered thermal governor 'fair_share'
[    0.450895] thermal_sys: Registered thermal governor 'bang_bang'
[    0.451893] thermal_sys: Registered thermal governor 'step_wise'
[    0.452892] thermal_sys: Registered thermal governor 'user_space'
[    0.453894] thermal_sys: Registered thermal governor 'power_allocator'
[    0.454912] cpuidle: using governor ladder
[    0.456900] cpuidle: using governor menu
[    0.459059] acpiphp: ACPI Hot Plug PCI Controller Driver version: 0.5
[    0.460205] PCI: ECAM [mem 0xb0000000-0xbfffffff] (base 0xb0000000) for domain 0000 [bus 00-ff]
[    0.460896] PCI: ECAM [mem 0xb0000000-0xbfffffff] reserved as E820 entry
[    0.461905] PCI: Using configuration type 1 for base access
[    0.462985] kprobes: kprobe jump-optimization is enabled. All kprobes are optimized if possible.
[    0.464954] HugeTLB: registered 1.00 GiB page size, pre-allocated 0 pages
[    0.465893] HugeTLB: 16380 KiB vmemmap can be freed for a 1.00 GiB page
[    0.466893] HugeTLB: registered 2.00 MiB page size, pre-allocated 0 pages
[    0.467891] HugeTLB: 28 KiB vmemmap can be freed for a 2.00 MiB page
[    0.472266] ACPI: Added _OSI(Module Device)
[    0.474901] ACPI: Added _OSI(Processor Device)
[    0.476898] ACPI: Added _OSI(Processor Aggregator Device)
[    0.489190] ACPI: 1 ACPI AML tables successfully acquired and loaded
[    0.496994] ACPI: \_SB_: platform _OSC: OS support mask [006e7eff]
[    0.501244] ACPI: Interpreter enabled
[    0.502947] ACPI: PM: (supports S0 S3 S4 S5)
[    0.505897] ACPI: Using IOAPIC for interrupt routing
[    0.508822] PCI: Using host bridge windows from ACPI; if necessary, use "pci=nocrs" and report a bug
[    0.513897] PCI: Using E820 reservations for host bridge windows
[    0.517593] ACPI: Enabled 2 GPEs in block 00 to 3F
[    0.542502] ACPI: PCI Root Bridge [PCI0] (domain 0000 [bus 00-ff])
[    0.543900] acpi PNP0A08:00: _OSC: OS supports [ExtendedConfig ASPM ClockPM Segments MSI EDR HPX-Type3]
[    0.547009] acpi PNP0A08:00: _OSC: platform does not support [PCIeHotplug LTR DPC]
[    0.549067] acpi PNP0A08:00: _OSC: OS now controls [SHPCHotplug PME AER PCIeCapability]
[    0.551153] PCI host bridge to bus 0000:00
[    0.551897] pci_bus 0000:00: root bus resource [io  0x0000-0x0cf7 window]
[    0.553892] pci_bus 0000:00: root bus resource [io  0x0d00-0xffff window]
[    0.555892] pci_bus 0000:00: root bus resource [mem 0x000a0000-0x000bffff window]
[    0.557892] pci_bus 0000:00: root bus resource [mem 0x80000000-0xafffffff window]
[    0.559893] pci_bus 0000:00: root bus resource [mem 0xc0000000-0xfebfffff window]
[    0.561892] pci_bus 0000:00: root bus resource [mem 0x480000000-0xc7fffffff window]
[    0.563896] pci_bus 0000:00: root bus resource [bus 00-ff]
[    0.564985] pci 0000:00:00.0: [8086:29c0] type 00 class 0x060000 conventional PCI endpoint
[    0.577408] pci 0000:00:1f.0: [8086:2918] type 00 class 0x060100 conventional PCI endpoint
[    0.580624] pci 0000:00:1f.0: quirk: [io  0x0600-0x067f] claimed by ICH6 ACPI/GPIO/TCO
[    0.583402] pci 0000:00:1f.2: [8086:2922] type 00 class 0x010601 conventional PCI endpoint
[    0.585968] pci 0000:00:1f.2: BAR 4 [io  0xc040-0xc05f]
[    0.587909] pci 0000:00:1f.2: BAR 5 [mem 0xfebff000-0xfebfffff]
[    0.589638] pci 0000:00:1f.3: [8086:2930] type 00 class 0x0c0500 conventional PCI endpoint
[    0.592883] pci 0000:00:1f.3: BAR 4 [io  0x0700-0x073f]
[    0.596752] ACPI: PCI: Interrupt link LNKA configured for IRQ 10
[    0.598084] ACPI: PCI: Interrupt link LNKB configured for IRQ 10
[    0.600080] ACPI: PCI: Interrupt link LNKC configured for IRQ 11
[    0.602097] ACPI: PCI: Interrupt link LNKD configured for IRQ 11
[    0.603094] ACPI: PCI: Interrupt link LNKE configured for IRQ 10
[    0.605080] ACPI: PCI: Interrupt link LNKF configured for IRQ 10
[    0.607082] ACPI: PCI: Interrupt link LNKG configured for IRQ 11
[    0.609080] ACPI: PCI: Interrupt link LNKH configured for IRQ 11
[    0.609964] ACPI: PCI: Interrupt link GSIA configured for IRQ 16
[    0.611913] ACPI: PCI: Interrupt link GSIB configured for IRQ 17
[    0.613912] ACPI: PCI: Interrupt link GSIC configured for IRQ 18
[    0.614912] ACPI: PCI: Interrupt link GSID configured for IRQ 19
[    0.616912] ACPI: PCI: Interrupt link GSIE configured for IRQ 20
[    0.617913] ACPI: PCI: Interrupt link GSIF configured for IRQ 21
[    0.619914] ACPI: PCI: Interrupt link GSIG configured for IRQ 22
[    0.621912] ACPI: PCI: Interrupt link GSIH configured for IRQ 23
[    0.628948] iommu: Default domain type: Translated
[    0.629893] iommu: DMA domain TLB invalidation policy: lazy mode
[    0.632206] SCSI subsystem initialized
[    0.632920] libata version 3.00 loaded.
[    0.632946] ACPI: bus type USB registered
[    0.633923] usbcore: registered new interface driver usbfs
[    0.635910] usbcore: registered new interface driver hub
[    0.636918] usbcore: registered new device driver usb
[    0.637926] pps_core: LinuxPPS API ver. 1 registered
[    0.639891] pps_core: Software ver. 5.3.6 - Copyright 2005-2007 Rodolfo Giometti <giometti@linux.it>
[    0.641898] PTP clock support registered
[    0.642941] EDAC MC: Ver: 3.0.0
[    0.645382] NetLabel: Initializing
[    0.645892] NetLabel:  domain hash size = 128
[    0.646891] NetLabel:  protocols = UNLABELED CIPSOv4 CALIPSO
[    0.648923] NetLabel:  unlabeled traffic allowed by default
[    0.650015] mctp: management component transport protocol core
[    0.651900] NET: Registered PF_MCTP protocol family
[    0.652912] PCI: Using ACPI for IRQ routing
[    0.851161] PCI: pci_cache_line_size set to 64 bytes
[    0.851297] e820: register RAM buffer resource [mem 0x0009fc00-0x0009ffff]
[    0.852892] e820: register RAM buffer resource [mem 0x7ffe0000-0x7fffffff]
[    0.854951] vgaarb: loaded
[    0.855956] hpet0: at MMIO 0xfed00000, IRQs 2, 8, 0
[    0.856893] hpet0: 3 comparators, 64-bit 100.000000 MHz counter
[    0.866889] clocksource: Switched to clocksource kvm-clock
[    0.868858] VFS: Disk quotas dquot_6.6.0
[    0.869936] VFS: Dquot-cache hash table entries: 512 (order 0, 4096 bytes)
[    0.872248] AppArmor: AppArmor Filesystem Enabled
[    0.873515] acpi PNP0C01:00: Reserved [mem 0xb0000000-0xbfffffff]
[    0.875145] pnp: PnP ACPI init
[    0.876752] pnp: PnP ACPI: found 4 devices
[    0.886009] clocksource: acpi_pm: mask: 0xffffff max_cycles: 0xffffff, max_idle_ns: 2085701024 ns
[    0.888453] NET: Registered PF_INET protocol family
[    0.889881] IP idents hash table entries: 262144 (order: 9, 2097152 bytes, linear)
[    0.912144] tcp_listen_portaddr_hash hash table entries: 8192 (order: 5, 131072 bytes, linear)
[    0.914408] Table-perturb hash table entries: 65536 (order: 6, 262144 bytes, linear)
[    0.916529] TCP established hash table entries: 131072 (order: 8, 1048576 bytes, linear)
[    0.918764] TCP bind hash table entries: 65536 (order: 9, 2097152 bytes, linear)
[    0.920761] TCP: Hash tables configured (established 131072 bind 65536)
[    0.922676] MPTCP token hash table entries: 16384 (order: 7, 393216 bytes, linear)
[    0.924688] UDP hash table entries: 8192 (order: 7, 524288 bytes, linear)
[    0.926597] UDP-Lite hash table entries: 8192 (order: 7, 524288 bytes, linear)
[    0.928660] NET: Registered PF_UNIX/PF_LOCAL protocol family
[    0.930147] NET: Registered PF_XDP protocol family
[    0.931417] pci_bus 0000:00: resource 4 [io  0x0000-0x0cf7 window]
[    0.933046] pci_bus 0000:00: resource 5 [io  0x0d00-0xffff window]
[    0.934650] pci_bus 0000:00: resource 6 [mem 0x000a0000-0x000bffff window]
[    0.936438] pci_bus 0000:00: resource 7 [mem 0x80000000-0xafffffff window]
[    0.938225] pci_bus 0000:00: resource 8 [mem 0xc0000000-0xfebfffff window]
[    0.940015] pci_bus 0000:00: resource 9 [mem 0x480000000-0xc7fffffff window]
[    0.941945] PCI: CLS 0 bytes, default 64
[    0.943086] PCI-DMA: Using software bounce buffering for IO (SWIOTLB)
[    0.943323] Trying to unpack rootfs image as initramfs...
[    0.944740] software IO TLB: mapped [mem 0x000000006f7cf000-0x00000000737cf000] (64MB)
[    0.944796] clocksource: tsc: mask: 0xffffffffffffffff max_cycles: 0x228ae3847f6, max_idle_ns: 440795295175 ns
[    0.954198] Initialise system trusted keyrings
[    0.955413] Key type blacklist registered
[    0.956654] workingset: timestamp_bits=36 max_order=22 bucket_order=0
[    0.959017] squashfs: version 4.0 (2009/01/31) Phillip Lougher
[    0.960833] fuse: init (API version 7.45)
[    0.962306] integrity: Platform Keyring initialized
[    0.963611] integrity: Machine keyring initialized
[    0.977664] Key type asymmetric registered
[    0.978788] Asymmetric key parser 'x509' registered
[    0.980136] Block layer SCSI generic (bsg) driver version 0.4 loaded (major 242)
[    0.982251] io scheduler mq-deadline registered
[    0.988388] ledtrig-cpu: registered to indicate activity on CPUs
[    0.990239] input: Power Button as /devices/platform/LNXPWRBN:00/input/input0
[    0.992203] ACPI: button: Power Button [PWRF]
[    0.995019] Serial: 8250/16550 driver, 32 ports, IRQ sharing enabled
[    1.022633] 00:02: ttyS0 at I/O 0x3f8 (irq = 4, base_baud = 115200) is a 16550A
[    1.030130] Linux agpgart interface v0.103
[    1.045458] loop: module loaded
[    1.048204] ACPI: bus type drm_connector registered
[    1.051862] tun: Universal TUN/TAP device driver, 1.6
[    1.055006] PPP generic driver version 2.4.2
[    1.057935] i8042: PNP: PS/2 Controller [PNP0303:KBD,PNP0f13:MOU] at 0x60,0x64 irq 1,12
[    1.064166] serio: i8042 KBD port at 0x60,0x64 irq 1
[    1.066765] serio: i8042 AUX port at 0x60,0x64 irq 12
[    1.069754] mousedev: PS/2 mouse device common for all mice
[    1.073139] rtc_cmos 00:03: RTC can wake from S4
[    1.076993] rtc_cmos 00:03: registered as rtc0
[    1.079478] rtc_cmos 00:03: setting system clock to 2026-10-04T20:51:32 UTC (1791147092)
[    1.083453] input: AT Translated Set 2 keyboard as /devices/platform/i8042/serio0/input/input1
[    1.085697] rtc_cmos 00:03: alarms up to one day, y3k, 242 bytes nvram, hpet irqs
[    1.091583] i2c_dev: i2c /dev entries driver
[    1.094006] device-mapper: core: CONFIG_IMA_DISABLE_HTABLE is disabled. Duplicate IMA measurements will not be recorded in the IMA log.
[    1.100437] device-mapper: uevent: version 1.0.3
[    1.103189] device-mapper: ioctl: 4.50.0-ioctl (2025-04-28) initialised: dm-devel@lists.linux.dev
[    1.106760] Freeing initrd memory: 204868K
[    1.107801] amd_pstate: The CPPC feature is supported but currently disabled by the BIOS.
[    1.107801] Please enable it if your BIOS has the CPPC option.
[    1.116089] amd_pstate: the _CPC object is not present in SBIOS or ACPI disabled
[    1.120101] drop_monitor: Initializing network drop monitor service
[    1.123728] NET: Registered PF_INET6 protocol family
[    1.127592] Segment Routing with IPv6
[    1.129609] In-situ OAM (IOAM) with IPv6
[    1.131922] NET: Registered PF_PACKET protocol family
[    1.134732] Key type dns_resolver registered
[    1.138170] IPI shorthand broadcast: enabled
[    1.147183] sched_clock: Marking stable (913007499, 233334217)->(1216360326, -70018610)
[    1.152549] registered taskstats version 1
[    1.156198] Loading compiled-in X.509 certificates
[    1.159874] Loaded X.509 cert 'Build time autogenerated kernel key: 454b3e9802e3c39a997a1e8863aaf8b3df15fbc0'
[    1.165850] Loaded X.509 cert 'Canonical Ltd. Live Patch Signing 2025 Kmod: d541cef61dc7e793b7eb7e899970a2eef0b5dc8c'
[    1.172219] Loaded X.509 cert 'Canonical Ltd. Live Patch Signing: 14df34d1a87cf37625abec039ef2bf521249b969'
[    1.178136] Loaded X.509 cert 'Canonical Ltd. Kernel Module Signing 2025 Kmod: 4627603d2357a2a3f81006370894c221175893e9'
[    1.184636] Loaded X.509 cert 'Canonical Ltd. Kernel Module Signing: 88f752e560a1e0737e31163a466ad7b70a850c19'
[    1.189752] blacklist: Loading compiled-in revocation X.509 certificates
[    1.193317] Loaded X.509 cert 'Canonical Ltd. Secure Boot Signing: 61482aa2830d0ab2ad5af10b7250da9033ddcef0'
[    1.198380] Loaded X.509 cert 'Canonical Ltd. Secure Boot Signing (2017): 242ade75ac4a15e50d50c84b0d45ff3eae707a03'
[    1.203800] Loaded X.509 cert 'Canonical Ltd. Secure Boot Signing (ESM 2018): 365188c1d374d6b07c3c8f240f8ef722433d6a8b'
[    1.209374] Loaded X.509 cert 'Canonical Ltd. Secure Boot Signing (2019): c0746fd6c5da3ae827864651ad66ae47fe24b3e8'
[    1.214141] Loaded X.509 cert 'Canonical Ltd. Secure Boot Signing (2021 v1): a8d54bbb3825cfb94fa13c9f8a594a195c107b8d'
[    1.218983] Loaded X.509 cert 'Canonical Ltd. Secure Boot Signing (2021 v2): 4cf046892d6fd3c9a5b03f98d845f90851dc6a8c'
[    1.223818] Loaded X.509 cert 'Canonical Ltd. Secure Boot Signing (2021 v3): 100437bb6de6e469b581e61cd66bce3ef4ed53af'
[    1.228689] Loaded X.509 cert 'Canonical Ltd. Secure Boot Signing (Ubuntu Core 2019): c1d57b8f6b743f23ee41f4f7ee292f06eecadfb9'
[    1.245113] Demotion targets for Node 0: null
[    1.246620] Key type .fscrypt registered
[    1.247658] Key type fscrypt-provisioning registered
[    1.249100] Key type big_key registered
[    1.251558] Key type encrypted registered
[    1.252619] AppArmor: AppArmor sha256 policy hashing enabled
[    1.254106] ima: No TPM chip found, activating TPM-bypass!
[    1.255533] Loading compiled-in module X.509 certificates
[    1.257421] Loaded X.509 cert 'Build time autogenerated kernel key: 454b3e9802e3c39a997a1e8863aaf8b3df15fbc0'
[    1.259967] ima: Allocated hash algorithm: sha256
[    1.261234] ima: No architecture policies found
[    1.262435] evm: Initialising EVM extended attributes:
[    1.263767] evm: security.selinux
[    1.264634] evm: security.SMACK64
[    1.265524] evm: security.SMACK64EXEC
[    1.266492] evm: security.SMACK64TRANSMUTE
[    1.267570] evm: security.SMACK64MMAP
[    1.268540] evm: security.apparmor
[    1.269444] evm: security.ima
[    1.270226] evm: security.capability
[    1.271178] evm: HMAC attrs: 0x1
[    1.272423] PM:   Magic number: 14:785:901
[    1.273503] PM:   hash matches drivers/base/power/main.c:1128
[    1.275011] clocksource clocksource0: hash matches
[    1.276618] RAS: Correctable Errors collector initialized.
[    1.278452] clk: Disabling unused clocks
[    1.279499] PM: genpd: Disabling unused power domains
[    1.282762] Freeing unused decrypted memory: 2028K
[    1.284384] Freeing unused kernel image (initmem) memory: 5292K
[    1.285477] Write protecting the kernel read-only data: 43008k
[    1.287195] Freeing unused kernel image (text/rodata gap) memory: 776K
[    1.288765] Freeing unused kernel image (rodata/data gap) memory: 1668K
[    1.356287] x86/mm: Checked W+X mappings: passed, no W+X pages found.
[    1.357635] Run /init as init process
[    1.358431]   with arguments:
[    1.358435]     /init
[    1.358438]   with environment:
[    1.358441]     HOME=/
[    1.358444]     TERM=linux
[    1.374774] NET: Registered PF_VSOCK protocol family
[    2.304220] shmproxy: loading out-of-tree module taints kernel.
[    2.305356] shmproxy: module verification failed: signature and/or required key missing - tainting kernel
[    2.307815] shmproxy: kernel AF_VSOCK listener CID2:29500 loaded
[    4.496728] clocksource: Long readout interval, skipping watchdog check: cs_nsec: 1663382494 wd_nsec: 1663381677
[   61.681024] clocksource: Long readout interval, skipping watchdog check: cs_nsec: 4374679865 wd_nsec: 4374678057
[  766.847623] shmproxy: drained accepted=16386 closed=16386
BENCH_COMPLETE_EXIT=0
[  767.535396] ACPI: PM: Preparing to enter system sleep state S5
[  767.536661] reboot: Power down
409733 blocks
qemu-system-x86_64: -accel kvm: warning: Number of hotpluggable cpus requested (64) exceeds the recommended cpus supported by KVM (16)
c[?7l[2J[0mSeaBIOS (version 1.17.0-debian-1.17.0-1ubuntu1)
Booting from ROM...
c[?7l[2J[    0.000000] Linux version 7.0.0-29-generic (buildd@lcy02-amd64-113) (x86_64-linux-gnu-gcc (Ubuntu 15.2.0-16ubuntu1) 15.2.0, GNU ld (GNU Binutils for Ubuntu) 2.46) #29-Ubuntu SMP PREEMPT_DYNAMIC Fri Jul 17 20:52:35 UTC 2026 (Ubuntu 7.0.0-29.29-generic 7.0.12)
[    0.000000] Command line: console=ttyS0 rdinit=/init panic=-1
[    0.000000] KERNEL supported cpus:
[    0.000000]   Intel GenuineIntel
[    0.000000]   AMD AuthenticAMD
[    0.000000]   Hygon HygonGenuine
[    0.000000]   Centaur CentaurHauls
[    0.000000]   zhaoxin   Shanghai  
[    0.000000] BIOS-provided physical RAM map:
[    0.000000] BIOS-e820: [mem 0x0000000000000000-0x000000000009fbff]  System RAM
[    0.000000] BIOS-e820: [mem 0x000000000009fc00-0x000000000009ffff]  device reserved
[    0.000000] BIOS-e820: [gap 0x00000000000a0000-0x00000000000effff]
[    0.000000] BIOS-e820: [mem 0x00000000000f0000-0x00000000000fffff]  device reserved
[    0.000000] BIOS-e820: [mem 0x0000000000100000-0x000000007ffdffff]  System RAM
[    0.000000] BIOS-e820: [mem 0x000000007ffe0000-0x000000007fffffff]  device reserved
[    0.000000] BIOS-e820: [gap 0x0000000080000000-0x00000000afffffff]
[    0.000000] BIOS-e820: [mem 0x00000000b0000000-0x00000000bfffffff]  device reserved
[    0.000000] BIOS-e820: [gap 0x00000000c0000000-0x00000000fed1bfff]
[    0.000000] BIOS-e820: [mem 0x00000000fed1c000-0x00000000fed1ffff]  device reserved
[    0.000000] BIOS-e820: [gap 0x00000000fed20000-0x00000000feffbfff]
[    0.000000] BIOS-e820: [mem 0x00000000feffc000-0x00000000feffffff]  device reserved
[    0.000000] BIOS-e820: [gap 0x00000000ff000000-0x00000000fffbffff]
[    0.000000] BIOS-e820: [mem 0x00000000fffc0000-0x00000000ffffffff]  device reserved
[    0.000000] BIOS-e820: [mem 0x0000000100000000-0x000000047fffffff]  System RAM
[    0.000000] BIOS-e820: [gap 0x0000000480000000-0x000000fcffffffff]
[    0.000000] BIOS-e820: [mem 0x000000fd00000000-0x000000ffffffffff]  device reserved
[    0.000000] NX (Execute Disable) protection: active
[    0.000000] APIC: Static calls initialized
[    0.000000] SMBIOS 2.8 present.
[    0.000000] DMI: QEMU Standard PC (Q35 + ICH9, 2009), BIOS 1.17.0-debian-1.17.0-1ubuntu1 04/01/2014
[    0.000000] DMI: Memory slots populated: 1/1
[    0.000000] Hypervisor detected: KVM
[    0.000000] last_pfn = 0x7ffe0 max_arch_pfn = 0x10000000000
[    0.000000] kvm-clock: Using msrs 4b564d01 and 4b564d00
[    0.000001] kvm-clock: using sched offset of 226009298 cycles
[    0.000003] clocksource: kvm-clock: mask: 0xffffffffffffffff max_cycles: 0x1cd42e4dffb, max_idle_ns: 881590591483 ns
[    0.000006] tsc: Detected 2396.388 MHz processor
[    0.000403] last_pfn = 0x480000 max_arch_pfn = 0x10000000000
[    0.000449] MTRR map: 4 entries (3 fixed + 1 variable; max 19), built from 8 variable MTRRs
[    0.000452] x86/PAT: Configuration [0-7]: WB  WC  UC- UC  WB  WP  UC- WT  
[    0.000515] last_pfn = 0x7ffe0 max_arch_pfn = 0x10000000000
[    0.003305] found SMP MP-table at [mem 0x000f5460-0x000f546f]
[    0.003325] Using GB pages for direct mapping
[    0.003463] RAMDISK: [mem 0x737cf000-0x7ffdffff]
[    0.003540] ACPI: Early table checksum verification disabled
[    0.003544] ACPI: RSDP 0x00000000000F5270 000014 (v00 BOCHS )
[    0.003548] ACPI: RSDT 0x000000007FFE3A02 000038 (v01 BOCHS  BXPC     00000001 BXPC 00000001)
[    0.003553] ACPI: FACP 0x000000007FFE3602 0000F4 (v03 BOCHS  BXPC     00000001 BXPC 00000001)
[    0.003558] ACPI: DSDT 0x000000007FFE0040 0035C2 (v01 BOCHS  BXPC     00000001 BXPC 00000001)
[    0.003561] ACPI: FACS 0x000000007FFE0000 000040
[    0.003563] ACPI: APIC 0x000000007FFE36F6 000270 (v03 BOCHS  BXPC     00000001 BXPC 00000001)
[    0.003565] ACPI: HPET 0x000000007FFE3966 000038 (v01 BOCHS  BXPC     00000001 BXPC 00000001)
[    0.003568] ACPI: MCFG 0x000000007FFE399E 00003C (v01 BOCHS  BXPC     00000001 BXPC 00000001)
[    0.003570] ACPI: WAET 0x000000007FFE39DA 000028 (v01 BOCHS  BXPC     00000001 BXPC 00000001)
[    0.003572] ACPI: Reserving FACP table memory at [mem 0x7ffe3602-0x7ffe36f5]
[    0.003573] ACPI: Reserving DSDT table memory at [mem 0x7ffe0040-0x7ffe3601]
[    0.003574] ACPI: Reserving FACS table memory at [mem 0x7ffe0000-0x7ffe003f]
[    0.003575] ACPI: Reserving APIC table memory at [mem 0x7ffe36f6-0x7ffe3965]
[    0.003576] ACPI: Reserving HPET table memory at [mem 0x7ffe3966-0x7ffe399d]
[    0.003576] ACPI: Reserving MCFG table memory at [mem 0x7ffe399e-0x7ffe39d9]
[    0.003577] ACPI: Reserving WAET table memory at [mem 0x7ffe39da-0x7ffe3a01]
[    0.004155] No NUMA configuration found
[    0.004157] Faking a node at [mem 0x0000000000000000-0x000000047fffffff]
[    0.004170] NODE_DATA(0) allocated [mem 0x47ffd5280-0x47fffffff]
[    0.005027] ACPI: PM-Timer IO Port: 0x608
[    0.005056] ACPI: LAPIC_NMI (acpi_id[0xff] dfl dfl lint[0x1])
[    0.005088] IOAPIC[0]: apic_id 0, version 17, address 0xfec00000, GSI 0-23
[    0.005091] ACPI: INT_SRC_OVR (bus 0 bus_irq 0 global_irq 2 dfl dfl)
[    0.005093] ACPI: INT_SRC_OVR (bus 0 bus_irq 5 global_irq 5 high level)
[    0.005094] ACPI: INT_SRC_OVR (bus 0 bus_irq 9 global_irq 9 high level)
[    0.005095] ACPI: INT_SRC_OVR (bus 0 bus_irq 10 global_irq 10 high level)
[    0.005096] ACPI: INT_SRC_OVR (bus 0 bus_irq 11 global_irq 11 high level)
[    0.005100] ACPI: Using ACPI (MADT) for SMP configuration information
[    0.005101] ACPI: HPET id: 0x8086a201 base: 0xfed00000
[    0.005104] TSC deadline timer available
[    0.005106] CPU topo: Max. logical packages:   1
[    0.005107] CPU topo: Max. logical nodes:      1
[    0.005108] CPU topo: Num. nodes per package:  1
[    0.005110] CPU topo: Max. logical dies:       1
[    0.005111] CPU topo: Max. dies per package:   1
[    0.005115] CPU topo: Max. threads per core:   1
[    0.005116] CPU topo: Num. cores per package:    64
[    0.005117] CPU topo: Num. threads per package:  64
[    0.005117] CPU topo: Allowing 4 present CPUs plus 60 hotplug CPUs
[    0.005137] kvm-guest: APIC: eoi() replaced with kvm_guest_apic_eoi_write()
[    0.005150] kvm-guest: KVM setup pv remote TLB flush
[    0.005155] kvm-guest: setup PV sched yield
[    0.005163] PM: hibernation: Registered nosave memory: [mem 0x00000000-0x00000fff]
[    0.005164] PM: hibernation: Registered nosave memory: [mem 0x0009f000-0x000fffff]
[    0.005166] PM: hibernation: Registered nosave memory: [mem 0x7ffe0000-0xffffffff]
[    0.005167] [gap 0xc0000000-0xfed1bfff] available for PCI devices
[    0.005169] Booting paravirtualized kernel on KVM
[    0.005170] clocksource: refined-jiffies: mask: 0xffffffff max_cycles: 0xffffffff, max_idle_ns: 1910969940391419 ns
[    0.005229] Zone ranges:
[    0.005229]   DMA      [mem 0x0000000000001000-0x0000000000ffffff]
[    0.005231]   DMA32    [mem 0x0000000001000000-0x00000000ffffffff]
[    0.005233]   Normal   [mem 0x0000000100000000-0x000000047fffffff]
[    0.005234]   Device   empty
[    0.005235] Movable zone start for each node
[    0.005237] Early memory node ranges
[    0.005238]   node   0: [mem 0x0000000000001000-0x000000000009efff]
[    0.005239]   node   0: [mem 0x0000000000100000-0x000000007ffdffff]
[    0.005240]   node   0: [mem 0x0000000100000000-0x000000047fffffff]
[    0.005243] Initmem setup node 0 [mem 0x0000000000001000-0x000000047fffffff]
[    0.005336] On node 0, zone DMA: 1 pages in unavailable ranges
[    0.005351] On node 0, zone DMA: 97 pages in unavailable ranges
[    0.029128] On node 0, zone Normal: 32 pages in unavailable ranges
[    0.029147] setup_percpu: NR_CPUS:8192 nr_cpumask_bits:64 nr_cpu_ids:64 nr_node_ids:1
[    0.031923] percpu: Embedded 85 pages/cpu s225280 r8192 d114688 u524288
[    0.032019] kvm-guest: PV spinlocks enabled
[    0.032022] PV qspinlock hash table entries: 256 (order: 0, 4096 bytes, linear)
[    0.032026] Kernel command line: console=ttyS0 rdinit=/init panic=-1
[    0.032077] random: crng init done
[    0.032077] printk: log_buf_len individual max cpu contribution: 4096 bytes
[    0.032078] printk: log_buf_len total cpu_extra contributions: 258048 bytes
[    0.032079] printk: log_buf_len min size: 262144 bytes
[    0.032408] printk: log buffer data + meta data: 524288 + 2228224 = 2752512 bytes
[    0.032410] printk: early log buf free: 253976(96%)
[    0.033443] Dentry cache hash table entries: 2097152 (order: 12, 16777216 bytes, linear)
[    0.033968] Inode-cache hash table entries: 1048576 (order: 11, 8388608 bytes, linear)
[    0.034475] software IO TLB: area num 64.
[    0.040813] Fallback order for Node 0: 0 
[    0.040825] Built 1 zonelists, mobility grouping on.  Total pages: 4194174
[    0.040826] Policy zone: Normal
[    0.040838] mem auto-init: stack:all(zero), heap alloc:on, heap free:off
[    0.067826] SLUB: HWalign=64, Order=0-3, MinObjects=0, CPUs=64, Nodes=1
[    0.081638] ftrace: allocating 63941 entries in 252 pages
[    0.081641] ftrace: allocated 252 pages with 6 groups
[    0.082449] Dynamic Preempt: lazy
[    0.082823] rcu: Preemptible hierarchical RCU implementation.
[    0.082825] rcu: 	RCU restricting CPUs from NR_CPUS=8192 to nr_cpu_ids=64.
[    0.082827] 	Trampoline variant of Tasks RCU enabled.
[    0.082828] 	Rude variant of Tasks RCU enabled.
[    0.082828] 	Tracing variant of Tasks RCU enabled.
[    0.082829] rcu: RCU calculated value of scheduler-enlistment delay is 100 jiffies.
[    0.082830] rcu: Adjusting geometry for rcu_fanout_leaf=16, nr_cpu_ids=64
[    0.082860] RCU Tasks: Setting shift to 6 and lim to 1 rcu_task_cb_adjust=1 rcu_task_cpu_ids=64.
[    0.082864] RCU Tasks Rude: Setting shift to 6 and lim to 1 rcu_task_cb_adjust=1 rcu_task_cpu_ids=64.
[    0.087940] NR_IRQS: 524544, nr_irqs: 936, preallocated irqs: 16
[    0.088205] rcu: srcu_init: Setting srcu_struct sizes based on contention.
[    0.088481] Console: colour *CGA 80x25
[    0.088553] printk: legacy console [ttyS0] enabled
[    0.310360] ACPI: Core revision 20251212
[    0.311659] clocksource: hpet: mask: 0xffffffff max_cycles: 0xffffffff, max_idle_ns: 19112604467 ns
[    0.314193] APIC: Switch to symmetric I/O mode setup
[    0.315743] x2apic enabled
[    0.316825] APIC: Switched APIC routing to: physical x2apic
[    0.318321] kvm-guest: APIC: send_IPI_mask() replaced with kvm_send_ipi_mask()
[    0.320214] kvm-guest: APIC: send_IPI_mask_allbutself() replaced with kvm_send_ipi_mask_allbutself()
[    0.322591] kvm-guest: setup PV IPIs
[    0.324882] ..TIMER: vector=0x30 apic1=0 pin1=2 apic2=-1 pin2=-1
[    0.326490] clocksource: tsc-early: mask: 0xffffffffffffffff max_cycles: 0x228ae3847f6, max_idle_ns: 440795295175 ns
[    0.329241] Calibrating delay loop (skipped) preset value.. 4792.77 BogoMIPS (lpj=2396388)
[    0.330384] x86/cpu: User Mode Instruction Prevention (UMIP) activated
[    0.331344] Last level iTLB entries: 4KB 512, 2MB 255, 4MB 127
[    0.332241] Last level dTLB entries: 4KB 512, 2MB 255, 4MB 127, 1GB 0
[    0.333251] mitigations: Enabled attack vectors: user_kernel, user_user, guest_host, guest_guest, SMT mitigations: auto
[    0.334240] Speculative Store Bypass: Mitigation: Speculative Store Bypass disabled via prctl
[    0.335239] Transient Scheduler Attacks: Vulnerable: No microcode
[    0.336239] Spectre V2 : Mitigation: Enhanced / Automatic IBRS
[    0.337239] Speculative Return Stack Overflow: Mitigation: Safe RET
[    0.338241] Spectre V1 : Mitigation: usercopy/swapgs barriers and __user pointer sanitization
[    0.339248] Spectre V2 : mitigation: Enabling conditional Indirect Branch Prediction Barrier
[    0.340241] active return thunk: srso_alias_return_thunk
[    0.341269] x86/fpu: Supporting XSAVE feature 0x001: 'x87 floating point registers'
[    0.342239] x86/fpu: Supporting XSAVE feature 0x002: 'SSE registers'
[    0.343239] x86/fpu: Supporting XSAVE feature 0x004: 'AVX registers'
[    0.344242] x86/fpu: Supporting XSAVE feature 0x020: 'AVX-512 opmask'
[    0.345239] x86/fpu: Supporting XSAVE feature 0x040: 'AVX-512 Hi256'
[    0.346239] x86/fpu: Supporting XSAVE feature 0x080: 'AVX-512 ZMM_Hi256'
[    0.347239] x86/fpu: Supporting XSAVE feature 0x200: 'Protection Keys User registers'
[    0.348240] x86/fpu: xstate_offset[2]:  576, xstate_sizes[2]:  256
[    0.349239] x86/fpu: xstate_offset[5]:  832, xstate_sizes[5]:   64
[    0.350239] x86/fpu: xstate_offset[6]:  896, xstate_sizes[6]:  512
[    0.351239] x86/fpu: xstate_offset[7]: 1408, xstate_sizes[7]: 1024
[    0.352239] x86/fpu: xstate_offset[9]: 2432, xstate_sizes[9]:    8
[    0.353239] x86/fpu: Enabled xstate features 0x2e7, context size is 2440 bytes, using 'compacted' format.
[    0.393864] Freeing SMP alternatives memory: 56K
[    0.394242] pid_max: default: 65536 minimum: 512
[    0.395639] landlock: Up and running.
[    0.396240] Yama: becoming mindful.
[    0.397403] AppArmor: AppArmor initialized
[    0.398239] AppArmor: AppArmor secmark mediation reserved: ready to be enabled
[    0.399422] Mount-cache hash table entries: 32768 (order: 6, 262144 bytes, linear)
[    0.400246] Mountpoint-cache hash table entries: 32768 (order: 6, 262144 bytes, linear)
[    0.402253] VFS: Finished mounting rootfs on nullfs
[    0.403998] smpboot: CPU0: AMD EPYC 8024P 8-Core Processor (family: 0x19, model: 0xa0, stepping: 0x2)
[    0.404605] Performance Events: Fam17h+ core perfctr, AMD PMU driver.
[    0.405254] ... version:                   2
[    0.406242] ... bit width:                 48
[    0.407241] ... generic counters:          6
[    0.408241] ... generic bitmap:            000000000000003f
[    0.409242] ... fixed-purpose counters:    0
[    0.410241] ... fixed-purpose bitmap:      0000000000000000
[    0.411242] ... value mask:                0000ffffffffffff
[    0.412244] ... max period:                00007fffffffffff
[    0.413241] ... global_ctrl mask:          000000000000003f
[    0.414507] signal: max sigframe size: 3376
[    0.415301] rcu: Hierarchical SRCU implementation.
[    0.416247] rcu: 	Max phase no-delay instances is 400.
[    0.417324] Timer migration: 2 hierarchy levels; 8 children per group; 2 crossnode level
[    0.426688] smp: Bringing up secondary CPUs ...
[    0.427525] smpboot: x86: Booting SMP configuration:
[    0.428269] .... node  #0, CPUs:        #1  #2  #3
[    0.432323] smp: Brought up 1 node, 4 CPUs
[    0.434245] smpboot: Total of 4 processors activated (19171.10 BogoMIPS)
[    0.435945] Memory: 13728608K/16776696K available (23799K kernel code, 4952K rwdata, 16764K rodata, 5292K init, 5856K bss, 3030032K reserved, 0K cma-reserved)
[    0.436771] devtmpfs: initialized
[    0.437346] x86/mm: Memory block size: 128MB
[    0.441441] clocksource: jiffies: mask: 0xffffffff max_cycles: 0xffffffff, max_idle_ns: 1911260446275000 ns
[    0.442259] posixtimers hash table entries: 32768 (order: 7, 524288 bytes, linear)
[    0.443292] futex hash table entries: 16384 (1048576 bytes on 1 NUMA nodes, total 1024 KiB, linear).
[    0.444750] PM: RTC time: 21:04:20, date: 2026-10-04
[    0.445836] NET: Registered PF_NETLINK/PF_ROUTE protocol family
[    0.446663] DMA: preallocated 2048 KiB GFP_KERNEL pool for atomic allocations
[    0.447334] DMA: preallocated 2048 KiB GFP_KERNEL|GFP_DMA pool for atomic allocations
[    0.448315] DMA: preallocated 2048 KiB GFP_KERNEL|GFP_DMA32 pool for atomic allocations
[    0.449259] audit: initializing netlink subsys (disabled)
[    0.450264] audit: type=2000 audit(1791147861.396:1): state=initialized audit_enabled=0 res=1
[    0.450473] thermal_sys: Registered thermal governor 'fair_share'
[    0.451252] thermal_sys: Registered thermal governor 'bang_bang'
[    0.452243] thermal_sys: Registered thermal governor 'step_wise'
[    0.453242] thermal_sys: Registered thermal governor 'user_space'
[    0.454242] thermal_sys: Registered thermal governor 'power_allocator'
[    0.455260] cpuidle: using governor ladder
[    0.457258] cpuidle: using governor menu
[    0.459412] acpiphp: ACPI Hot Plug PCI Controller Driver version: 0.5
[    0.460542] PCI: ECAM [mem 0xb0000000-0xbfffffff] (base 0xb0000000) for domain 0000 [bus 00-ff]
[    0.461245] PCI: ECAM [mem 0xb0000000-0xbfffffff] reserved as E820 entry
[    0.462256] PCI: Using configuration type 1 for base access
[    0.463443] kprobes: kprobe jump-optimization is enabled. All kprobes are optimized if possible.
[    0.465311] HugeTLB: registered 1.00 GiB page size, pre-allocated 0 pages
[    0.466243] HugeTLB: 16380 KiB vmemmap can be freed for a 1.00 GiB page
[    0.467243] HugeTLB: registered 2.00 MiB page size, pre-allocated 0 pages
[    0.468242] HugeTLB: 28 KiB vmemmap can be freed for a 2.00 MiB page
[    0.472910] ACPI: Added _OSI(Module Device)
[    0.475250] ACPI: Added _OSI(Processor Device)
[    0.477249] ACPI: Added _OSI(Processor Aggregator Device)
[    0.489602] ACPI: 1 ACPI AML tables successfully acquired and loaded
[    0.497274] ACPI: \_SB_: platform _OSC: OS support mask [006e7eff]
[    0.502742] ACPI: Interpreter enabled
[    0.504320] ACPI: PM: (supports S0 S3 S4 S5)
[    0.507250] ACPI: Using IOAPIC for interrupt routing
[    0.511285] PCI: Using host bridge windows from ACPI; if necessary, use "pci=nocrs" and report a bug
[    0.516248] PCI: Using E820 reservations for host bridge windows
[    0.519946] ACPI: Enabled 2 GPEs in block 00 to 3F
[    0.545039] ACPI: PCI Root Bridge [PCI0] (domain 0000 [bus 00-ff])
[    0.547249] acpi PNP0A08:00: _OSC: OS supports [ExtendedConfig ASPM ClockPM Segments MSI EDR HPX-Type3]
[    0.549361] acpi PNP0A08:00: _OSC: platform does not support [PCIeHotplug LTR DPC]
[    0.551417] acpi PNP0A08:00: _OSC: OS now controls [SHPCHotplug PME AER PCIeCapability]
[    0.553491] PCI host bridge to bus 0000:00
[    0.555249] pci_bus 0000:00: root bus resource [io  0x0000-0x0cf7 window]
[    0.556243] pci_bus 0000:00: root bus resource [io  0x0d00-0xffff window]
[    0.558243] pci_bus 0000:00: root bus resource [mem 0x000a0000-0x000bffff window]
[    0.560246] pci_bus 0000:00: root bus resource [mem 0x80000000-0xafffffff window]
[    0.562243] pci_bus 0000:00: root bus resource [mem 0xc0000000-0xfebfffff window]
[    0.564242] pci_bus 0000:00: root bus resource [mem 0x480000000-0xc7fffffff window]
[    0.566244] pci_bus 0000:00: root bus resource [bus 00-ff]
[    0.567336] pci 0000:00:00.0: [8086:29c0] type 00 class 0x060000 conventional PCI endpoint
[    0.579761] pci 0000:00:1f.0: [8086:2918] type 00 class 0x060100 conventional PCI endpoint
[    0.582978] pci 0000:00:1f.0: quirk: [io  0x0600-0x067f] claimed by ICH6 ACPI/GPIO/TCO
[    0.585745] pci 0000:00:1f.2: [8086:2922] type 00 class 0x010601 conventional PCI endpoint
[    0.588326] pci 0000:00:1f.2: BAR 4 [io  0xc040-0xc05f]
[    0.590259] pci 0000:00:1f.2: BAR 5 [mem 0xfebff000-0xfebfffff]
[    0.591994] pci 0000:00:1f.3: [8086:2930] type 00 class 0x0c0500 conventional PCI endpoint
[    0.595224] pci 0000:00:1f.3: BAR 4 [io  0x0700-0x073f]
[    0.599082] ACPI: PCI: Interrupt link LNKA configured for IRQ 10
[    0.600438] ACPI: PCI: Interrupt link LNKB configured for IRQ 10
[    0.602432] ACPI: PCI: Interrupt link LNKC configured for IRQ 11
[    0.603435] ACPI: PCI: Interrupt link LNKD configured for IRQ 11
[    0.605442] ACPI: PCI: Interrupt link LNKE configured for IRQ 10
[    0.607430] ACPI: PCI: Interrupt link LNKF configured for IRQ 10
[    0.609431] ACPI: PCI: Interrupt link LNKG configured for IRQ 11
[    0.610430] ACPI: PCI: Interrupt link LNKH configured for IRQ 11
[    0.612321] ACPI: PCI: Interrupt link GSIA configured for IRQ 16
[    0.614267] ACPI: PCI: Interrupt link GSIB configured for IRQ 17
[    0.615263] ACPI: PCI: Interrupt link GSIC configured for IRQ 18
[    0.617263] ACPI: PCI: Interrupt link GSID configured for IRQ 19
[    0.618263] ACPI: PCI: Interrupt link GSIE configured for IRQ 20
[    0.620263] ACPI: PCI: Interrupt link GSIF configured for IRQ 21
[    0.622263] ACPI: PCI: Interrupt link GSIG configured for IRQ 22
[    0.623263] ACPI: PCI: Interrupt link GSIH configured for IRQ 23
[    0.630841] iommu: Default domain type: Translated
[    0.632243] iommu: DMA domain TLB invalidation policy: lazy mode
[    0.633563] SCSI subsystem initialized
[    0.635298] ACPI: bus type USB registered
[    0.636270] usbcore: registered new interface driver usbfs
[    0.637261] usbcore: registered new interface driver hub
[    0.639267] usbcore: registered new device driver usb
[    0.640281] pps_core: LinuxPPS API ver. 1 registered
[    0.641242] pps_core: Software ver. 5.3.6 - Copyright 2005-2007 Rodolfo Giometti <giometti@linux.it>
[    0.644249] PTP clock support registered
[    0.645292] EDAC MC: Ver: 3.0.0
[    0.646726] NetLabel: Initializing
[    0.647243] NetLabel:  domain hash size = 128
[    0.649242] NetLabel:  protocols = UNLABELED CIPSOv4 CALIPSO
[    0.650267] NetLabel:  unlabeled traffic allowed by default
[    0.652257] mctp: management component transport protocol core
[    0.653252] NET: Registered PF_MCTP protocol family
[    0.655267] PCI: Using ACPI for IRQ routing
[    0.853967] e820: register RAM buffer resource [mem 0x0009fc00-0x0009ffff]
[    0.855253] e820: register RAM buffer resource [mem 0x7ffe0000-0x7fffffff]
[    0.857301] vgaarb: loaded
[    0.858280] hpet0: at MMIO 0xfed00000, IRQs 2, 8, 0
[    0.859242] hpet0: 3 comparators, 64-bit 100.000000 MHz counter
[    0.869238] clocksource: Switched to clocksource kvm-clock
[    0.871210] VFS: Disk quotas dquot_6.6.0
[    0.872300] VFS: Dquot-cache hash table entries: 512 (order 0, 4096 bytes)
[    0.874602] AppArmor: AppArmor Filesystem Enabled
[    0.875870] acpi PNP0C01:00: Reserved [mem 0xb0000000-0xbfffffff]
[    0.877497] pnp: PnP ACPI init
[    0.879130] pnp: PnP ACPI: found 4 devices
[    0.888699] clocksource: acpi_pm: mask: 0xffffff max_cycles: 0xffffff, max_idle_ns: 2085701024 ns
[    0.891155] NET: Registered PF_INET protocol family
[    0.892614] IP idents hash table entries: 262144 (order: 9, 2097152 bytes, linear)
[    0.914919] tcp_listen_portaddr_hash hash table entries: 8192 (order: 5, 131072 bytes, linear)
[    0.917185] Table-perturb hash table entries: 65536 (order: 6, 262144 bytes, linear)
[    0.919306] TCP established hash table entries: 131072 (order: 8, 1048576 bytes, linear)
[    0.921562] TCP bind hash table entries: 65536 (order: 9, 2097152 bytes, linear)
[    0.923583] TCP: Hash tables configured (established 131072 bind 65536)
[    0.925516] MPTCP token hash table entries: 16384 (order: 7, 393216 bytes, linear)
[    0.927549] UDP hash table entries: 8192 (order: 7, 524288 bytes, linear)
[    0.929361] UDP-Lite hash table entries: 8192 (order: 7, 524288 bytes, linear)
[    0.931405] NET: Registered PF_UNIX/PF_LOCAL protocol family
[    0.932893] NET: Registered PF_XDP protocol family
[    0.934178] pci_bus 0000:00: resource 4 [io  0x0000-0x0cf7 window]
[    0.935776] pci_bus 0000:00: resource 5 [io  0x0d00-0xffff window]
[    0.937402] pci_bus 0000:00: resource 6 [mem 0x000a0000-0x000bffff window]
[    0.939178] pci_bus 0000:00: resource 7 [mem 0x80000000-0xafffffff window]
[    0.940961] pci_bus 0000:00: resource 8 [mem 0xc0000000-0xfebfffff window]
[    0.942741] pci_bus 0000:00: resource 9 [mem 0x480000000-0xc7fffffff window]
[    0.944676] PCI: CLS 0 bytes, default 64
[    0.945812] PCI-DMA: Using software bounce buffering for IO (SWIOTLB)
[    0.946064] Trying to unpack rootfs image as initramfs...
[    0.947508] software IO TLB: mapped [mem 0x000000006f7cf000-0x00000000737cf000] (64MB)
[    0.952444] clocksource: tsc: mask: 0xffffffffffffffff max_cycles: 0x228ae3847f6, max_idle_ns: 440795295175 ns
[    0.956793] Initialise system trusted keyrings
[    0.957981] Key type blacklist registered
[    0.959227] workingset: timestamp_bits=36 max_order=22 bucket_order=0
[    0.961669] squashfs: version 4.0 (2009/01/31) Phillip Lougher
[    0.963509] fuse: init (API version 7.45)
[    0.964987] integrity: Platform Keyring initialized
[    0.966311] integrity: Machine keyring initialized
[    0.980355] Key type asymmetric registered
[    0.981436] Asymmetric key parser 'x509' registered
[    0.982737] Block layer SCSI generic (bsg) driver version 0.4 loaded (major 242)
[    0.984935] io scheduler mq-deadline registered
[    0.991074] ledtrig-cpu: registered to indicate activity on CPUs
[    0.992895] input: Power Button as /devices/platform/LNXPWRBN:00/input/input0
[    0.994841] ACPI: button: Power Button [PWRF]
[    0.997628] Serial: 8250/16550 driver, 32 ports, IRQ sharing enabled
[    1.025277] 00:02: ttyS0 at I/O 0x3f8 (irq = 4, base_baud = 115200) is a 16550A
[    1.031415] Linux agpgart interface v0.103
[    1.039862] loop: module loaded
[    1.041144] ACPI: bus type drm_connector registered
[    1.042738] tun: Universal TUN/TAP device driver, 1.6
[    1.044181] PPP generic driver version 2.4.2
[    1.045555] i8042: PNP: PS/2 Controller [PNP0303:KBD,PNP0f13:MOU] at 0x60,0x64 irq 1,12
[    1.048778] serio: i8042 KBD port at 0x60,0x64 irq 1
[    1.050087] serio: i8042 AUX port at 0x60,0x64 irq 12
[    1.051618] mousedev: PS/2 mouse device common for all mice
[    1.053668] input: AT Translated Set 2 keyboard as /devices/platform/i8042/serio0/input/input1
[    1.056142] rtc_cmos 00:03: RTC can wake from S4
[    1.058716] rtc_cmos 00:03: registered as rtc0
[    1.060217] rtc_cmos 00:03: setting system clock to 2026-10-04T21:04:21 UTC (1791147861)
[    1.062783] rtc_cmos 00:03: alarms up to one day, y3k, 242 bytes nvram, hpet irqs
[    1.065055] i2c_dev: i2c /dev entries driver
[    1.066453] device-mapper: core: CONFIG_IMA_DISABLE_HTABLE is disabled. Duplicate IMA measurements will not be recorded in the IMA log.
[    1.070127] device-mapper: uevent: version 1.0.3
[    1.071734] device-mapper: ioctl: 4.50.0-ioctl (2025-04-28) initialised: dm-devel@lists.linux.dev
[    1.074429] amd_pstate: The CPPC feature is supported but currently disabled by the BIOS.
[    1.074429] Please enable it if your BIOS has the CPPC option.
[    1.078546] amd_pstate: the _CPC object is not present in SBIOS or ACPI disabled
[    1.080915] drop_monitor: Initializing network drop monitor service
[    1.083124] NET: Registered PF_INET6 protocol family
[    1.085687] Segment Routing with IPv6
[    1.087418] In-situ OAM (IOAM) with IPv6
[    1.088600] NET: Registered PF_PACKET protocol family
[    1.090111] Key type dns_resolver registered
[    1.092715] IPI shorthand broadcast: enabled
[    1.097315] sched_clock: Marking stable (864026579, 233021477)->(1167985161, -70937105)
[    1.100287] registered taskstats version 1
[    1.104059] Loading compiled-in X.509 certificates
[    1.106938] Loaded X.509 cert 'Build time autogenerated kernel key: 454b3e9802e3c39a997a1e8863aaf8b3df15fbc0'
[    1.109288] Freeing initrd memory: 204868K
[    1.110090] Loaded X.509 cert 'Canonical Ltd. Live Patch Signing 2025 Kmod: d541cef61dc7e793b7eb7e899970a2eef0b5dc8c'
[    1.113884] Loaded X.509 cert 'Canonical Ltd. Live Patch Signing: 14df34d1a87cf37625abec039ef2bf521249b969'
[    1.116889] Loaded X.509 cert 'Canonical Ltd. Kernel Module Signing 2025 Kmod: 4627603d2357a2a3f81006370894c221175893e9'
[    1.120192] Loaded X.509 cert 'Canonical Ltd. Kernel Module Signing: 88f752e560a1e0737e31163a466ad7b70a850c19'
[    1.122824] blacklist: Loading compiled-in revocation X.509 certificates
[    1.124638] Loaded X.509 cert 'Canonical Ltd. Secure Boot Signing: 61482aa2830d0ab2ad5af10b7250da9033ddcef0'
[    1.127225] Loaded X.509 cert 'Canonical Ltd. Secure Boot Signing (2017): 242ade75ac4a15e50d50c84b0d45ff3eae707a03'
[    1.129977] Loaded X.509 cert 'Canonical Ltd. Secure Boot Signing (ESM 2018): 365188c1d374d6b07c3c8f240f8ef722433d6a8b'
[    1.132816] Loaded X.509 cert 'Canonical Ltd. Secure Boot Signing (2019): c0746fd6c5da3ae827864651ad66ae47fe24b3e8'
[    1.135571] Loaded X.509 cert 'Canonical Ltd. Secure Boot Signing (2021 v1): a8d54bbb3825cfb94fa13c9f8a594a195c107b8d'
[    1.138404] Loaded X.509 cert 'Canonical Ltd. Secure Boot Signing (2021 v2): 4cf046892d6fd3c9a5b03f98d845f90851dc6a8c'
[    1.141223] Loaded X.509 cert 'Canonical Ltd. Secure Boot Signing (2021 v3): 100437bb6de6e469b581e61cd66bce3ef4ed53af'
[    1.144058] Loaded X.509 cert 'Canonical Ltd. Secure Boot Signing (Ubuntu Core 2019): c1d57b8f6b743f23ee41f4f7ee292f06eecadfb9'
[    1.155782] Demotion targets for Node 0: null
[    1.157244] Key type .fscrypt registered
[    1.158307] Key type fscrypt-provisioning registered
[    1.159756] Key type big_key registered
[    1.161922] Key type encrypted registered
[    1.163007] AppArmor: AppArmor sha256 policy hashing enabled
[    1.164537] ima: No TPM chip found, activating TPM-bypass!
[    1.165991] Loading compiled-in module X.509 certificates
[    1.167871] Loaded X.509 cert 'Build time autogenerated kernel key: 454b3e9802e3c39a997a1e8863aaf8b3df15fbc0'
[    1.170459] ima: Allocated hash algorithm: sha256
[    1.171750] ima: No architecture policies found
[    1.172988] evm: Initialising EVM extended attributes:
[    1.174371] evm: security.selinux
[    1.175264] evm: security.SMACK64
[    1.176151] evm: security.SMACK64EXEC
[    1.177137] evm: security.SMACK64TRANSMUTE
[    1.178219] evm: security.SMACK64MMAP
[    1.179207] evm: security.apparmor
[    1.180134] evm: security.ima
[    1.180933] evm: security.capability
[    1.181914] evm: HMAC attrs: 0x1
[    1.183177] PM:   Magic number: 14:67:95
[    1.184605] RAS: Correctable Errors collector initialized.
[    1.186464] clk: Disabling unused clocks
[    1.187532] PM: genpd: Disabling unused power domains
[    1.190854] Freeing unused decrypted memory: 2028K
[    1.192571] Freeing unused kernel image (initmem) memory: 5292K
[    1.193714] Write protecting the kernel read-only data: 43008k
[    1.195483] Freeing unused kernel image (text/rodata gap) memory: 776K
[    1.197123] Freeing unused kernel image (rodata/data gap) memory: 1668K
[    1.264531] x86/mm: Checked W+X mappings: passed, no W+X pages found.
[    1.265802] Run /init as init process
Linux (none) 7.0.0-29-generic #29-Ubuntu SMP PREEMPT_DYNAMIC Fri Jul 17 20:52:35 UTC 2026 x86_64 GNU/Linux
65536
107400
0-3
0-63
[    1.283400] NET: Registered PF_VSOCK protocol family
BENCH_PRE_VARIANT_MEMINFO
MemTotal:       16347216 kB
MemFree:        16026532 kB
MemAvailable:   15856140 kB
Buffers:               0 kB
Cached:           204820 kB
SwapCached:            0 kB
Active:           205016 kB
Inactive:              0 kB
Active(anon):     205016 kB
Inactive(anon):        0 kB
Active(file):          0 kB
Inactive(file):        0 kB
Unevictable:           0 kB
Mlocked:               0 kB
SwapTotal:             0 kB
SwapFree:              0 kB
Zswap:                 0 kB
Zswapped:              0 kB
Dirty:                 0 kB
Writeback:             0 kB
AnonPages:           196 kB
Mapped:             1764 kB
Shmem:            204820 kB
KReclaimable:       4276 kB
Slab:              36812 kB
SReclaimable:       4276 kB
SUnreclaim:        32536 kB
KernelStack:        2284 kB
PageTables:          640 kB
SecPageTables:         0 kB
NFS_Unstable:          0 kB
Bounce:                0 kB
WritebackTmp:          0 kB
CommitLimit:     8173608 kB
Committed_AS:     205648 kB
VmallocTotal:   13743895347199 kB
VmallocUsed:        6704 kB
VmallocChunk:          0 kB
Percpu:            21760 kB
HardwareCorrupted:     0 kB
AnonHugePages:         0 kB
ShmemHugePages:        0 kB
ShmemPmdMapped:        0 kB
FileHugePages:         0 kB
FilePmdMapped:         0 kB
CmaTotal:              0 kB
CmaFree:         2377728 kB
Unaccepted:            0 kB
Balloon:               0 kB
HugePages_Total:       0
HugePages_Free:        0
HugePages_Rsvd:        0
HugePages_Surp:        0
Hugepagesize:       2048 kB
Hugetlb:               0 kB
DirectMap4k:       38784 kB
DirectMap2M:     4155392 kB
DirectMap1G:    14680064 kB
BENCH_PRE_VARIANT_SLABINFO
slabinfo - version: 2.1
# name            <active_objs> <num_objs> <objsize> <objperslab> <pagesperslab> : tunables <limit> <batchcount> <sharedfactor> : slabdata <active_slabs> <num_slabs> <sharedavail>
AF_VSOCK               0      0   1280   25    8 : tunables    0    0    0 : slabdata      0      0      0
fsverity_info          0      0    272   30    2 : tunables    0    0    0 : slabdata      0      0      0
fscrypt_inode_info      0      0    128   32    1 : tunables    0    0    0 : slabdata      0      0      0
MPTCPv6                0      0   2176   15    8 : tunables    0    0    0 : slabdata      0      0      0
request_sock_subflow_v6      0      0    400   20    2 : tunables    0    0    0 : slabdata      0      0      0
ip6-frags              0      0    184   22    1 : tunables    0    0    0 : slabdata      0      0      0
ip6_dst_cache          0      0    256   16    1 : tunables    0    0    0 : slabdata      0      0      0
PINGv6                 0      0   1408   23    8 : tunables    0    0    0 : slabdata      0      0      0
RAWv6                132    138   1408   23    8 : tunables    0    0    0 : slabdata      6      6      0
UDPv6                  0      0   1472   22    8 : tunables    0    0    0 : slabdata      0      0      0
tw_sock_TCPv6          0      0    280   29    2 : tunables    0    0    0 : slabdata      0      0      0
request_sock_TCPv6      0      0    328   24    2 : tunables    0    0    0 : slabdata      0      0      0
TCPv6                  0      0   2560   12    8 : tunables    0    0    0 : slabdata      0      0      0
kcopyd_job             0      0   3240   10    8 : tunables    0    0    0 : slabdata      0      0      0
dm_uevent              0      0   2888   11    8 : tunables    0    0    0 : slabdata      0      0      0
bio-136               60     63    192   21    1 : tunables    0    0    0 : slabdata      3      3      0
io_kiocb               0      0    256   16    1 : tunables    0    0    0 : slabdata      0      0      0
bio-264               28     50    320   25    2 : tunables    0    0    0 : slabdata      2      2      0
mqueue_inode_cache     28     34    960   17    4 : tunables    0    0    0 : slabdata      2      2      0
fuse_request           0      0    176   23    1 : tunables    0    0    0 : slabdata      0      0      0
fuse_inode             0      0    896   18    4 : tunables    0    0    0 : slabdata      0      0      0
ecryptfs_inode_cache      0      0   1024   16    4 : tunables    0    0    0 : slabdata      0      0      0
ecryptfs_file_cache      0      0     16  256    1 : tunables    0    0    0 : slabdata      0      0      0
fat_inode_cache        0      0    768   21    4 : tunables    0    0    0 : slabdata      0      0      0
fat_cache              0      0     40  102    1 : tunables    0    0    0 : slabdata      0      0      0
squashfs_inode_cache      0      0    704   23    4 : tunables    0    0    0 : slabdata      0      0      0
jbd2_transaction_s      0      0    192   21    1 : tunables    0    0    0 : slabdata      0      0      0
jbd2_journal_head      0      0    120   34    1 : tunables    0    0    0 : slabdata      0      0      0
jbd2_revoke_table_s      0      0     16  256    1 : tunables    0    0    0 : slabdata      0      0      0
ext4_inode_cache       0      0   1128   29    8 : tunables    0    0    0 : slabdata      0      0      0
ext4_allocation_context      0      0    168   24    1 : tunables    0    0    0 : slabdata      0      0      0
ext4_prealloc_space      0      0    112   36    1 : tunables    0    0    0 : slabdata      0      0      0
ext4_io_end_vec        0      0     32  128    1 : tunables    0    0    0 : slabdata      0      0      0
ext4_io_end            0      0     64   64    1 : tunables    0    0    0 : slabdata      0      0      0
pending_reservation      0      0     32  128    1 : tunables    0    0    0 : slabdata      0      0      0
extent_status          0      0     40  102    1 : tunables    0    0    0 : slabdata      0      0      0
mb_cache_entry       180    219     56   73    1 : tunables    0    0    0 : slabdata      3      3      0
kioctx                 0      0    576   28    4 : tunables    0    0    0 : slabdata      0      0      0
userfaultfd_ctx_cache      0      0    192   21    1 : tunables    0    0    0 : slabdata      0      0      0
fanotify_perm_event      0      0    112   36    1 : tunables    0    0    0 : slabdata      0      0      0
dnotify_struct         0      0     32  128    1 : tunables    0    0    0 : slabdata      0      0      0
dio                    0      0    640   25    4 : tunables    0    0    0 : slabdata      0      0      0
zs_handle              0      0      8  512    1 : tunables    0    0    0 : slabdata      0      0      0
pid_namespace          0      0    576   28    4 : tunables    0    0    0 : slabdata      0      0      0
ip4-frags              0      0    200   20    1 : tunables    0    0    0 : slabdata      0      0      0
MPTCP                  0      0   2048   16    8 : tunables    0    0    0 : slabdata      0      0      0
request_sock_subflow_v4      0      0    400   20    2 : tunables    0    0    0 : slabdata      0      0      0
xfrm_dst               0      0    320   25    2 : tunables    0    0    0 : slabdata      0      0      0
xfrm_state             0      0    832   19    4 : tunables    0    0    0 : slabdata      0      0      0
ip_fib_trie           60     85     48   85    1 : tunables    0    0    0 : slabdata      1      1      0
ip_fib_alias          60     73     56   73    1 : tunables    0    0    0 : slabdata      1      1      0
PING                   0      0   1088   30    8 : tunables    0    0    0 : slabdata      0      0      0
RAW                  192    208   1216   26    8 : tunables    0    0    0 : slabdata      8      8      0
UDP                   12     24   1344   24    8 : tunables    0    0    0 : slabdata      1      1      0
tw_sock_TCP            0      0    280   29    2 : tunables    0    0    0 : slabdata      0      0      0
request_sock_TCP       0      0    328   24    2 : tunables    0    0    0 : slabdata      0      0      0
TCP                    0      0   2432   13    8 : tunables    0    0    0 : slabdata      0      0      0
hugetlbfs_inode_cache     28     52    624   26    4 : tunables    0    0    0 : slabdata      2      2      0
dquot                  0      0    256   16    1 : tunables    0    0    0 : slabdata      0      0      0
bio-280               56     75    320   25    2 : tunables    0    0    0 : slabdata      3      3      0
ep_head                0      0     16  256    1 : tunables    0    0    0 : slabdata      0      0      0
eventpoll_epi         60     64    128   32    1 : tunables    0    0    0 : slabdata      2      2      0
dax_cache             28     42    768   21    4 : tunables    0    0    0 : slabdata      2      2      0
bio_integrity_data     60     64    128   32    1 : tunables    0    0    0 : slabdata      2      2      0
request_queue         28     32    992   16    4 : tunables    0    0    0 : slabdata      2      2      0
bio-200               28     32    256   16    1 : tunables    0    0    0 : slabdata      2      2      0
biovec-max            44     48   4096    8    8 : tunables    0    0    0 : slabdata      6      6      0
biovec-128            12     16   2048   16    8 : tunables    0    0    0 : slabdata      1      1      0
msg_msg-8k             0      0   8192    4    8 : tunables    0    0    0 : slabdata      0      0      0
msg_msg-4k             0      0   4096    8    8 : tunables    0    0    0 : slabdata      0      0      0
msg_msg-2k             0      0   2048   16    8 : tunables    0    0    0 : slabdata      0      0      0
msg_msg-1k             0      0   1024   16    4 : tunables    0    0    0 : slabdata      0      0      0
msg_msg-512            0      0    512   16    2 : tunables    0    0    0 : slabdata      0      0      0
msg_msg-256            0      0    256   16    1 : tunables    0    0    0 : slabdata      0      0      0
msg_msg-128            0      0    128   32    1 : tunables    0    0    0 : slabdata      0      0      0
msg_msg-64             0      0     64   64    1 : tunables    0    0    0 : slabdata      0      0      0
msg_msg-32             0      0     32  128    1 : tunables    0    0    0 : slabdata      0      0      0
msg_msg-16             0      0     16  256    1 : tunables    0    0    0 : slabdata      0      0      0
msg_msg-8              0      0      8  512    1 : tunables    0    0    0 : slabdata      0      0      0
msg_msg-192            0      0    192   21    1 : tunables    0    0    0 : slabdata      0      0      0
msg_msg-96             0      0     96   42    1 : tunables    0    0    0 : slabdata      0      0      0
memdup_user-8k         0      0   8192    4    8 : tunables    0    0    0 : slabdata      0      0      0
memdup_user-4k         0      0   4096    8    8 : tunables    0    0    0 : slabdata      0      0      0
memdup_user-2k         0      0   2048   16    8 : tunables    0    0    0 : slabdata      0      0      0
memdup_user-1k         0      0   1024   16    4 : tunables    0    0    0 : slabdata      0      0      0
memdup_user-512        0      0    512   16    2 : tunables    0    0    0 : slabdata      0      0      0
memdup_user-256        0      0    256   16    1 : tunables    0    0    0 : slabdata      0      0      0
memdup_user-128        0      0    128   32    1 : tunables    0    0    0 : slabdata      0      0      0
memdup_user-64         0      0     64   64    1 : tunables    0    0    0 : slabdata      0      0      0
memdup_user-32         0      0     32  128    1 : tunables    0    0    0 : slabdata      0      0      0
memdup_user-16        60    256     16  256    1 : tunables    0    0    0 : slabdata      1      1      0
memdup_user-8        180    512      8  512    1 : tunables    0    0    0 : slabdata      1      1      0
memdup_user-192        0      0    192   21    1 : tunables    0    0    0 : slabdata      0      0      0
memdup_user-96         0      0     96   42    1 : tunables    0    0    0 : slabdata      0      0      0
user_namespace         0      0    896   18    4 : tunables    0    0    0 : slabdata      0      0      0
iommu_iova_magazine     12     16   1024   16    4 : tunables    0    0    0 : slabdata      1      1      0
dmaengine-unmap-256     12     15   2112   15    8 : tunables    0    0    0 : slabdata      1      1      0
dmaengine-unmap-128     12     30   1088   30    8 : tunables    0    0    0 : slabdata      1      1      0
dmaengine-unmap-2     60     64     64   64    1 : tunables    0    0    0 : slabdata      1      1      0
sock_inode_cache     392    399    832   19    4 : tunables    0    0    0 : slabdata     21     21      0
skbuff_small_head     84     92    704   23    4 : tunables    0    0    0 : slabdata      4      4      0
skbuff_head_cache     60     64    256   16    1 : tunables    0    0    0 : slabdata      4      4      0
tracefs_inode_cache    896    900    648   25    4 : tunables    0    0    0 : slabdata     36     36      0
debugfs_inode_cache   2940   2950    632   25    4 : tunables    0    0    0 : slabdata    118    118      0
configfs_dir_cache     60     92     88   46    1 : tunables    0    0    0 : slabdata      2      2      0
file_lease_cache       0      0    160   25    1 : tunables    0    0    0 : slabdata      0      0      0
file_lock_cache      180    189    192   21    1 : tunables    0    0    0 : slabdata      9      9      0
fsnotify_mark_connector      0      0     24  170    1 : tunables    0    0    0 : slabdata      0      0      0
buffer_head            0      0    104   39    1 : tunables    0    0    0 : slabdata      0      0      0
task_delay_info        0      0    368   22    2 : tunables    0    0    0 : slabdata      0      0      0
taskstats              0      0    688   23    4 : tunables    0    0    0 : slabdata      0      0      0
mem_cgroup_per_node     12     17   1920   17    8 : tunables    0    0    0 : slabdata      1      1      0
mem_cgroup            12     18   1728   18    8 : tunables    0    0    0 : slabdata      1      1      0
pidfs_xattr_cache      0      0     16  256    1 : tunables    0    0    0 : slabdata      0      0      0
pidfs_attr_cache       0      0     64   64    1 : tunables    0    0    0 : slabdata      0      0      0
proc_dir_entry       360    378    192   21    1 : tunables    0    0    0 : slabdata     18     18      0
pde_opener             0      0     40  102    1 : tunables    0    0    0 : slabdata      0      0      0
proc_inode_cache      84     92    688   23    4 : tunables    0    0    0 : slabdata      4      4      0
seq_file              60     68    120   34    1 : tunables    0    0    0 : slabdata      2      2      0
sigqueue             180    204     80   51    1 : tunables    0    0    0 : slabdata      4      4      0
bdev_cache            24     38   1664   19    8 : tunables    0    0    0 : slabdata      2      2      0
shmem_inode_cache    308    315    768   21    4 : tunables    0    0    0 : slabdata     15     15      0
kernfs_node_cache  29100  29100    136   30    1 : tunables    0    0    0 : slabdata    970    970      0
mnt_cache            112    126    384   21    2 : tunables    0    0    0 : slabdata      6      6      0
bfilp                  0      0    256   16    1 : tunables    0    0    0 : slabdata      0      0      0
filp                 240    252    192   21    1 : tunables    0    0    0 : slabdata     12     12      0
inode_cache          196    208    616   26    4 : tunables    0    0    0 : slabdata      8      8      0
dentry              4320   4326    192   21    1 : tunables    0    0    0 : slabdata    206    206      0
names_cache          240    252    192   21    1 : tunables    0    0    0 : slabdata     12     12      0
net_namespace          0      0   6336    5    8 : tunables    0    0    0 : slabdata      0      0      0
ima_iint_cache         0      0    104   39    1 : tunables    0    0    0 : slabdata      0      0      0
apparmor_auditcache      0      0    344   23    2 : tunables    0    0    0 : slabdata      0      0      0
lsm_file_cache       360    408     40  102    1 : tunables    0    0    0 : slabdata      4      4      0
key_jar               56     64    256   16    1 : tunables    0    0    0 : slabdata      4      4      0
uts_namespace          0      0    704   23    4 : tunables    0    0    0 : slabdata      0      0      0
nsproxy               60    112     72   56    1 : tunables    0    0    0 : slabdata      2      2      0
vm_area_struct       360    378    192   21    1 : tunables    0    0    0 : slabdata     18     18      0
files_cache          112    115    704   23    4 : tunables    0    0    0 : slabdata      5      5      0
signal_cache         180    196   1152   28    8 : tunables    0    0    0 : slabdata      7      7      0
sighand_cache        168    180   2112   15    8 : tunables    0    0    0 : slabdata     12     12      0
task_struct          160    160  12544    2    8 : tunables    0    0    0 : slabdata     80     80      0
anon_vma_chain       360    384     64   64    1 : tunables    0    0    0 : slabdata      6      6      0
anon_vma             300    312    104   39    1 : tunables    0    0    0 : slabdata      8      8      0
pid                  420    420    192   21    1 : tunables    0    0    0 : slabdata     20     20      0
Acpi-ParseExt         60     78    104   39    1 : tunables    0    0    0 : slabdata      2      2      0
Acpi-State            60    102     80   51    1 : tunables    0    0    0 : slabdata      2      2      0
shared_policy_node    660    680     48   85    1 : tunables    0    0    0 : slabdata      8      8      0
numa_policy           84     84    288   28    2 : tunables    0    0    0 : slabdata      3      3      0
perf_event            12     24   1352   24    8 : tunables    0    0    0 : slabdata      1      1      0
trace_event_file    6420   6426     96   42    1 : tunables    0    0    0 : slabdata    153    153      0
ftrace_event_field   5040   5110     56   73    1 : tunables    0    0    0 : slabdata     70     70      0
pool_workqueue      3920   3920    512   16    2 : tunables    0    0    0 : slabdata    245    245      0
radix_tree_node     1512   1512    584   28    4 : tunables    0    0    0 : slabdata     54     54      0
task_group             0      0    704   23    4 : tunables    0    0    0 : slabdata      0      0      0
maple_node           222    224    256   16    1 : tunables    0    0    0 : slabdata     14     14      0
mm_struct             60     72   1792   18    8 : tunables    0    0    0 : slabdata      4      4      0
vmap_area           2512   2520     72   56    1 : tunables    0    0    0 : slabdata     45     45      0
kmalloc_buckets       60     72    112   36    1 : tunables    0    0    0 : slabdata      2      2      0
kmalloc-cg-8k          4      4   8192    4    8 : tunables    0    0    0 : slabdata      1      1      0
kmalloc-cg-4k         80     80   4096    8    8 : tunables    0    0    0 : slabdata     10     10      0
kmalloc-cg-2k        168    176   2048   16    8 : tunables    0    0    0 : slabdata     11     11      0
kmalloc-cg-1k         96     96   1024   16    4 : tunables    0    0    0 : slabdata      6      6      0
kmalloc-cg-512       168    176    512   16    2 : tunables    0    0    0 : slabdata     11     11      0
kmalloc-cg-256       336    336    256   16    1 : tunables    0    0    0 : slabdata     21     21      0
kmalloc-cg-128       420    448    128   32    1 : tunables    0    0    0 : slabdata     14     14      0
kmalloc-cg-64        360    384     64   64    1 : tunables    0    0    0 : slabdata      6      6      0
kmalloc-cg-32        600    640     32  128    1 : tunables    0    0    0 : slabdata      5      5      0
kmalloc-cg-16        480    512     16  256    1 : tunables    0    0    0 : slabdata      2      2      0
kmalloc-cg-8         240    512      8  512    1 : tunables    0    0    0 : slabdata      1      1      0
kmalloc-cg-192       480    483    192   21    1 : tunables    0    0    0 : slabdata     23     23      0
kmalloc-cg-96        420    420     96   42    1 : tunables    0    0    0 : slabdata     10     10      0
dma-kmalloc-8k         0      0   8192    4    8 : tunables    0    0    0 : slabdata      0      0      0
dma-kmalloc-4k         0      0   4096    8    8 : tunables    0    0    0 : slabdata      0      0      0
dma-kmalloc-2k         0      0   2048   16    8 : tunables    0    0    0 : slabdata      0      0      0
dma-kmalloc-1k         0      0   1024   16    4 : tunables    0    0    0 : slabdata      0      0      0
dma-kmalloc-512        0      0    512   16    2 : tunables    0    0    0 : slabdata      0      0      0
dma-kmalloc-256        0      0    256   16    1 : tunables    0    0    0 : slabdata      0      0      0
dma-kmalloc-128        0      0    128   32    1 : tunables    0    0    0 : slabdata      0      0      0
dma-kmalloc-64         0      0     64   64    1 : tunables    0    0    0 : slabdata      0      0      0
dma-kmalloc-32         0      0     32  128    1 : tunables    0    0    0 : slabdata      0      0      0
dma-kmalloc-16         0      0     16  256    1 : tunables    0    0    0 : slabdata      0      0      0
dma-kmalloc-8          0      0      8  512    1 : tunables    0    0    0 : slabdata      0      0      0
dma-kmalloc-192        0      0    192   21    1 : tunables    0    0    0 : slabdata      0      0      0
dma-kmalloc-96         0      0     96   42    1 : tunables    0    0    0 : slabdata      0      0      0
kmalloc-rcl-8k         0      0   8192    4    8 : tunables    0    0    0 : slabdata      0      0      0
kmalloc-rcl-4k         0      0   4096    8    8 : tunables    0    0    0 : slabdata      0      0      0
kmalloc-rcl-2k         0      0   2048   16    8 : tunables    0    0    0 : slabdata      0      0      0
kmalloc-rcl-1k         0      0   1024   16    4 : tunables    0    0    0 : slabdata      0      0      0
kmalloc-rcl-512        0      0    512   16    2 : tunables    0    0    0 : slabdata      0      0      0
kmalloc-rcl-256        0      0    256   16    1 : tunables    0    0    0 : slabdata      0      0      0
kmalloc-rcl-128        0      0    128   32    1 : tunables    0    0    0 : slabdata      0      0      0
kmalloc-rcl-64         0      0     64   64    1 : tunables    0    0    0 : slabdata      0      0      0
kmalloc-rcl-32         0      0     32  128    1 : tunables    0    0    0 : slabdata      0      0      0
kmalloc-rcl-16         0      0     16  256    1 : tunables    0    0    0 : slabdata      0      0      0
kmalloc-rcl-8          0      0      8  512    1 : tunables    0    0    0 : slabdata      0      0      0
kmalloc-rcl-192        0      0    192   21    1 : tunables    0    0    0 : slabdata      0      0      0
kmalloc-rcl-96         0      0     96   42    1 : tunables    0    0    0 : slabdata      0      0      0
kmalloc-rnd-15-8k      0      0   8192    4    8 : tunables    0    0    0 : slabdata      0      0      0
kmalloc-rnd-15-4k      4      8   4096    8    8 : tunables    0    0    0 : slabdata      1      1      0
kmalloc-rnd-15-2k     36     48   2048   16    8 : tunables    0    0    0 : slabdata      3      3      0
kmalloc-rnd-15-1k     48     48   1024   16    4 : tunables    0    0    0 : slabdata      3      3      0
kmalloc-rnd-15-512  12290  12304    512   16    2 : tunables    0    0    0 : slabdata    769    769      0
kmalloc-rnd-15-256   5534   5536    256   16    1 : tunables    0    0    0 : slabdata    346    346      0
kmalloc-rnd-15-128   4210   4224    128   32    1 : tunables    0    0    0 : slabdata    132    132      0
kmalloc-rnd-15-64   2710   2752     64   64    1 : tunables    0    0    0 : slabdata     43     43      0
kmalloc-rnd-15-32    660    768     32  128    1 : tunables    0    0    0 : slabdata      6      6      0
kmalloc-rnd-15-16    240    256     16  256    1 : tunables    0    0    0 : slabdata      1      1      0
kmalloc-rnd-15-8     240    512      8  512    1 : tunables    0    0    0 : slabdata      1      1      0
kmalloc-rnd-15-192    240    252    192   21    1 : tunables    0    0    0 : slabdata     12     12      0
kmalloc-rnd-15-96    240    252     96   42    1 : tunables    0    0    0 : slabdata      6      6      0
kmalloc-rnd-14-8k      0      0   8192    4    8 : tunables    0    0    0 : slabdata      0      0      0
kmalloc-rnd-14-4k      0      0   4096    8    8 : tunables    0    0    0 : slabdata      0      0      0
kmalloc-rnd-14-2k    108    112   2048   16    8 : tunables    0    0    0 : slabdata      7      7      0
kmalloc-rnd-14-1k    120    128   1024   16    4 : tunables    0    0    0 : slabdata      8      8      0
kmalloc-rnd-14-512    112    112    512   16    2 : tunables    0    0    0 : slabdata      7      7      0
kmalloc-rnd-14-256    196    208    256   16    1 : tunables    0    0    0 : slabdata     13     13      0
kmalloc-rnd-14-128    180    192    128   32    1 : tunables    0    0    0 : slabdata      6      6      0
kmalloc-rnd-14-64    361    384     64   64    1 : tunables    0    0    0 : slabdata      6      6      0
kmalloc-rnd-14-32    840   1280     32  128    1 : tunables    0    0    0 : slabdata     10     10      0
kmalloc-rnd-14-16    240    256     16  256    1 : tunables    0    0    0 : slabdata      1      1      0
kmalloc-rnd-14-8     180    512      8  512    1 : tunables    0    0    0 : slabdata      1      1      0
kmalloc-rnd-14-192    480    483    192   21    1 : tunables    0    0    0 : slabdata     23     23      0
kmalloc-rnd-14-96    300    336     96   42    1 : tunables    0    0    0 : slabdata      8      8      0
kmalloc-rnd-13-8k      4      4   8192    4    8 : tunables    0    0    0 : slabdata      1      1      0
kmalloc-rnd-13-4k     16     16   4096    8    8 : tunables    0    0    0 : slabdata      2      2      0
kmalloc-rnd-13-2k     84     96   2048   16    8 : tunables    0    0    0 : slabdata      6      6      0
kmalloc-rnd-13-1k    108    112   1024   16    4 : tunables    0    0    0 : slabdata      7      7      0
kmalloc-rnd-13-512     56     64    512   16    2 : tunables    0    0    0 : slabdata      4      4      0
kmalloc-rnd-13-256     84     96    256   16    1 : tunables    0    0    0 : slabdata      6      6      0
kmalloc-rnd-13-128    120    128    128   32    1 : tunables    0    0    0 : slabdata      4      4      0
kmalloc-rnd-13-64    240    256     64   64    1 : tunables    0    0    0 : slabdata      4      4      0
kmalloc-rnd-13-32    180    256     32  128    1 : tunables    0    0    0 : slabdata      2      2      0
kmalloc-rnd-13-16    120    256     16  256    1 : tunables    0    0    0 : slabdata      1      1      0
kmalloc-rnd-13-8      60    512      8  512    1 : tunables    0    0    0 : slabdata      1      1      0
kmalloc-rnd-13-192      0      0    192   21    1 : tunables    0    0    0 : slabdata      0      0      0
kmalloc-rnd-13-96    240    252     96   42    1 : tunables    0    0    0 : slabdata      6      6      0
kmalloc-rnd-12-8k      0      0   8192    4    8 : tunables    0    0    0 : slabdata      0      0      0
kmalloc-rnd-12-4k      8      8   4096    8    8 : tunables    0    0    0 : slabdata      1      1      0
kmalloc-rnd-12-2k     24     32   2048   16    8 : tunables    0    0    0 : slabdata      2      2      0
kmalloc-rnd-12-1k     24     32   1024   16    4 : tunables    0    0    0 : slabdata      2      2      0
kmalloc-rnd-12-512     84     96    512   16    2 : tunables    0    0    0 : slabdata      6      6      0
kmalloc-rnd-12-256    112    112    256   16    1 : tunables    0    0    0 : slabdata      7      7      0
kmalloc-rnd-12-128    240    256    128   32    1 : tunables    0    0    0 : slabdata      8      8      0
kmalloc-rnd-12-64    180    192     64   64    1 : tunables    0    0    0 : slabdata      3      3      0
kmalloc-rnd-12-32    480    512     32  128    1 : tunables    0    0    0 : slabdata      4      4      0
kmalloc-rnd-12-16    240    256     16  256    1 : tunables    0    0    0 : slabdata      1      1      0
kmalloc-rnd-12-8     180    512      8  512    1 : tunables    0    0    0 : slabdata      1      1      0
kmalloc-rnd-12-192     60     63    192   21    1 : tunables    0    0    0 : slabdata      3      3      0
kmalloc-rnd-12-96    120    126     96   42    1 : tunables    0    0    0 : slabdata      3      3      0
kmalloc-rnd-11-8k      4      4   8192    4    8 : tunables    0    0    0 : slabdata      1      1      0
kmalloc-rnd-11-4k     12     16   4096    8    8 : tunables    0    0    0 : slabdata      2      2      0
kmalloc-rnd-11-2k     24     32   2048   16    8 : tunables    0    0    0 : slabdata      2      2      0
kmalloc-rnd-11-1k     60     64   1024   16    4 : tunables    0    0    0 : slabdata      4      4      0
kmalloc-rnd-11-512     84     96    512   16    2 : tunables    0    0    0 : slabdata      6      6      0
kmalloc-rnd-11-256    140    144    256   16    1 : tunables    0    0    0 : slabdata      9      9      0
kmalloc-rnd-11-128    120    128    128   32    1 : tunables    0    0    0 : slabdata      4      4      0
kmalloc-rnd-11-64    480    512     64   64    1 : tunables    0    0    0 : slabdata      8      8      0
kmalloc-rnd-11-32    360    384     32  128    1 : tunables    0    0    0 : slabdata      3      3      0
kmalloc-rnd-11-16    360    512     16  256    1 : tunables    0    0    0 : slabdata      2      2      0
kmalloc-rnd-11-8     240    512      8  512    1 : tunables    0    0    0 : slabdata      1      1      0
kmalloc-rnd-11-192    120    126    192   21    1 : tunables    0    0    0 : slabdata      6      6      0
kmalloc-rnd-11-96   1920   1932     96   42    1 : tunables    0    0    0 : slabdata     46     46      0
kmalloc-rnd-10-8k      8      8   8192    4    8 : tunables    0    0    0 : slabdata      2      2      0
kmalloc-rnd-10-4k      0      0   4096    8    8 : tunables    0    0    0 : slabdata      0      0      0
kmalloc-rnd-10-2k     36     48   2048   16    8 : tunables    0    0    0 : slabdata      3      3      0
kmalloc-rnd-10-1k     48     48   1024   16    4 : tunables    0    0    0 : slabdata      3      3      0
kmalloc-rnd-10-512     56     64    512   16    2 : tunables    0    0    0 : slabdata      4      4      0
kmalloc-rnd-10-256    196    208    256   16    1 : tunables    0    0    0 : slabdata     13     13      0
kmalloc-rnd-10-128    240    256    128   32    1 : tunables    0    0    0 : slabdata      8      8      0
kmalloc-rnd-10-64    240    256     64   64    1 : tunables    0    0    0 : slabdata      4      4      0
kmalloc-rnd-10-32    240    256     32  128    1 : tunables    0    0    0 : slabdata      2      2      0
kmalloc-rnd-10-16    120    256     16  256    1 : tunables    0    0    0 : slabdata      1      1      0
kmalloc-rnd-10-8     120    512      8  512    1 : tunables    0    0    0 : slabdata      1      1      0
kmalloc-rnd-10-192    180    189    192   21    1 : tunables    0    0    0 : slabdata      9      9      0
kmalloc-rnd-10-96    360    378     96   42    1 : tunables    0    0    0 : slabdata      9      9      0
kmalloc-rnd-09-8k      4      4   8192    4    8 : tunables    0    0    0 : slabdata      1      1      0
kmalloc-rnd-09-4k     12     16   4096    8    8 : tunables    0    0    0 : slabdata      2      2      0
kmalloc-rnd-09-2k     24     32   2048   16    8 : tunables    0    0    0 : slabdata      2      2      0
kmalloc-rnd-09-1k     60     64   1024   16    4 : tunables    0    0    0 : slabdata      4      4      0
kmalloc-rnd-09-512     84     96    512   16    2 : tunables    0    0    0 : slabdata      6      6      0
kmalloc-rnd-09-256    112    112    256   16    1 : tunables    0    0    0 : slabdata      7      7      0
kmalloc-rnd-09-128    180    192    128   32    1 : tunables    0    0    0 : slabdata      6      6      0
kmalloc-rnd-09-64   1440   1472     64   64    1 : tunables    0    0    0 : slabdata     23     23      0
kmalloc-rnd-09-32    780    896     32  128    1 : tunables    0    0    0 : slabdata      7      7      0
kmalloc-rnd-09-16    240    256     16  256    1 : tunables    0    0    0 : slabdata      1      1      0
kmalloc-rnd-09-8     120    512      8  512    1 : tunables    0    0    0 : slabdata      1      1      0
kmalloc-rnd-09-192    120    126    192   21    1 : tunables    0    0    0 : slabdata      6      6      0
kmalloc-rnd-09-96    180    210     96   42    1 : tunables    0    0    0 : slabdata      5      5      0
kmalloc-rnd-08-8k      0      0   8192    4    8 : tunables    0    0    0 : slabdata      0      0      0
kmalloc-rnd-08-4k      0      0   4096    8    8 : tunables    0    0    0 : slabdata      0      0      0
kmalloc-rnd-08-2k     48     48   2048   16    8 : tunables    0    0    0 : slabdata      3      3      0
kmalloc-rnd-08-1k     36     48   1024   16    4 : tunables    0    0    0 : slabdata      3      3      0
kmalloc-rnd-08-512     84     96    512   16    2 : tunables    0    0    0 : slabdata      6      6      0
kmalloc-rnd-08-256    168    176    256   16    1 : tunables    0    0    0 : slabdata     11     11      0
kmalloc-rnd-08-128    120    128    128   32    1 : tunables    0    0    0 : slabdata      4      4      0
kmalloc-rnd-08-64    240    256     64   64    1 : tunables    0    0    0 : slabdata      4      4      0
kmalloc-rnd-08-32    180    256     32  128    1 : tunables    0    0    0 : slabdata      2      2      0
kmalloc-rnd-08-16     60    256     16  256    1 : tunables    0    0    0 : slabdata      1      1      0
kmalloc-rnd-08-8       0      0      8  512    1 : tunables    0    0    0 : slabdata      0      0      0
kmalloc-rnd-08-192    120    126    192   21    1 : tunables    0    0    0 : slabdata      6      6      0
kmalloc-rnd-08-96     60     84     96   42    1 : tunables    0    0    0 : slabdata      2      2      0
kmalloc-rnd-07-8k      0      0   8192    4    8 : tunables    0    0    0 : slabdata      0      0      0
kmalloc-rnd-07-4k      8      8   4096    8    8 : tunables    0    0    0 : slabdata      1      1      0
kmalloc-rnd-07-2k     24     32   2048   16    8 : tunables    0    0    0 : slabdata      2      2      0
kmalloc-rnd-07-1k    144    144   1024   16    4 : tunables    0    0    0 : slabdata      9      9      0
kmalloc-rnd-07-512    112    112    512   16    2 : tunables    0    0    0 : slabdata      7      7      0
kmalloc-rnd-07-256     56     64    256   16    1 : tunables    0    0    0 : slabdata      4      4      0
kmalloc-rnd-07-128    120    128    128   32    1 : tunables    0    0    0 : slabdata      4      4      0
kmalloc-rnd-07-64    240    256     64   64    1 : tunables    0    0    0 : slabdata      4      4      0
kmalloc-rnd-07-32    180    256     32  128    1 : tunables    0    0    0 : slabdata      2      2      0
kmalloc-rnd-07-16    180    256     16  256    1 : tunables    0    0    0 : slabdata      1      1      0
kmalloc-rnd-07-8     120    512      8  512    1 : tunables    0    0    0 : slabdata      1      1      0
kmalloc-rnd-07-192    300    315    192   21    1 : tunables    0    0    0 : slabdata     15     15      0
kmalloc-rnd-07-96    240    252     96   42    1 : tunables    0    0    0 : slabdata      6      6      0
kmalloc-rnd-06-8k      8      8   8192    4    8 : tunables    0    0    0 : slabdata      2      2      0
kmalloc-rnd-06-4k      8      8   4096    8    8 : tunables    0    0    0 : slabdata      1      1      0
kmalloc-rnd-06-2k     48     48   2048   16    8 : tunables    0    0    0 : slabdata      3      3      0
kmalloc-rnd-06-1k     48     48   1024   16    4 : tunables    0    0    0 : slabdata      3      3      0
kmalloc-rnd-06-512    112    112    512   16    2 : tunables    0    0    0 : slabdata      7      7      0
kmalloc-rnd-06-256    168    176    256   16    1 : tunables    0    0    0 : slabdata     11     11      0
kmalloc-rnd-06-128     60     64    128   32    1 : tunables    0    0    0 : slabdata      2      2      0
kmalloc-rnd-06-64    240    256     64   64    1 : tunables    0    0    0 : slabdata      4      4      0
kmalloc-rnd-06-32    240    256     32  128    1 : tunables    0    0    0 : slabdata      2      2      0
kmalloc-rnd-06-16   1500   1536     16  256    1 : tunables    0    0    0 : slabdata      6      6      0
kmalloc-rnd-06-8    1740   2048      8  512    1 : tunables    0    0    0 : slabdata      4      4      0
kmalloc-rnd-06-192    120    126    192   21    1 : tunables    0    0    0 : slabdata      6      6      0
kmalloc-rnd-06-96    180    210     96   42    1 : tunables    0    0    0 : slabdata      5      5      0
kmalloc-rnd-05-8k      0      0   8192    4    8 : tunables    0    0    0 : slabdata      0      0      0
kmalloc-rnd-05-4k      0      0   4096    8    8 : tunables    0    0    0 : slabdata      0      0      0
kmalloc-rnd-05-2k     36     48   2048   16    8 : tunables    0    0    0 : slabdata      3      3      0
kmalloc-rnd-05-1k     72     80   1024   16    4 : tunables    0    0    0 : slabdata      5      5      0
kmalloc-rnd-05-512     84     96    512   16    2 : tunables    0    0    0 : slabdata      6      6      0
kmalloc-rnd-05-256     84     96    256   16    1 : tunables    0    0    0 : slabdata      6      6      0
kmalloc-rnd-05-128    120    128    128   32    1 : tunables    0    0    0 : slabdata      4      4      0
kmalloc-rnd-05-64    371    384     64   64    1 : tunables    0    0    0 : slabdata      6      6      0
kmalloc-rnd-05-32    180    256     32  128    1 : tunables    0    0    0 : slabdata      2      2      0
kmalloc-rnd-05-16    120    256     16  256    1 : tunables    0    0    0 : slabdata      1      1      0
kmalloc-rnd-05-8     180    512      8  512    1 : tunables    0    0    0 : slabdata      1      1      0
kmalloc-rnd-05-192    240    252    192   21    1 : tunables    0    0    0 : slabdata     12     12      0
kmalloc-rnd-05-96    360    378     96   42    1 : tunables    0    0    0 : slabdata      9      9      0
kmalloc-rnd-04-8k      0      0   8192    4    8 : tunables    0    0    0 : slabdata      0      0      0
kmalloc-rnd-04-4k      4      8   4096    8    8 : tunables    0    0    0 : slabdata      1      1      0
kmalloc-rnd-04-2k     24     32   2048   16    8 : tunables    0    0    0 : slabdata      2      2      0
kmalloc-rnd-04-1k     72     80   1024   16    4 : tunables    0    0    0 : slabdata      5      5      0
kmalloc-rnd-04-512     84     96    512   16    2 : tunables    0    0    0 : slabdata      6      6      0
kmalloc-rnd-04-256    168    176    256   16    1 : tunables    0    0    0 : slabdata     11     11      0
kmalloc-rnd-04-128    120    128    128   32    1 : tunables    0    0    0 : slabdata      4      4      0
kmalloc-rnd-04-64    819    832     64   64    1 : tunables    0    0    0 : slabdata     13     13      0
kmalloc-rnd-04-32    240    256     32  128    1 : tunables    0    0    0 : slabdata      2      2      0
kmalloc-rnd-04-16    240    256     16  256    1 : tunables    0    0    0 : slabdata      1      1      0
kmalloc-rnd-04-8      60    512      8  512    1 : tunables    0    0    0 : slabdata      1      1      0
kmalloc-rnd-04-192    360    378    192   21    1 : tunables    0    0    0 : slabdata     18     18      0
kmalloc-rnd-04-96    240    252     96   42    1 : tunables    0    0    0 : slabdata      6      6      0
kmalloc-rnd-03-8k      8      8   8192    4    8 : tunables    0    0    0 : slabdata      2      2      0
kmalloc-rnd-03-4k     16     16   4096    8    8 : tunables    0    0    0 : slabdata      2      2      0
kmalloc-rnd-03-2k     60     64   2048   16    8 : tunables    0    0    0 : slabdata      4      4      0
kmalloc-rnd-03-1k     12     16   1024   16    4 : tunables    0    0    0 : slabdata      1      1      0
kmalloc-rnd-03-512    112    112    512   16    2 : tunables    0    0    0 : slabdata      7      7      0
kmalloc-rnd-03-256    168    176    256   16    1 : tunables    0    0    0 : slabdata     11     11      0
kmalloc-rnd-03-128    240    256    128   32    1 : tunables    0    0    0 : slabdata      8      8      0
kmalloc-rnd-03-64    240    256     64   64    1 : tunables    0    0    0 : slabdata      4      4      0
kmalloc-rnd-03-32    180    256     32  128    1 : tunables    0    0    0 : slabdata      2      2      0
kmalloc-rnd-03-16    540    768     16  256    1 : tunables    0    0    0 : slabdata      3      3      0
kmalloc-rnd-03-8     840   1024      8  512    1 : tunables    0    0    0 : slabdata      2      2      0
kmalloc-rnd-03-192    120    126    192   21    1 : tunables    0    0    0 : slabdata      6      6      0
kmalloc-rnd-03-96    120    126     96   42    1 : tunables    0    0    0 : slabdata      3      3      0
kmalloc-rnd-02-8k     16     16   8192    4    8 : tunables    0    0    0 : slabdata      4      4      0
kmalloc-rnd-02-4k      8      8   4096    8    8 : tunables    0    0    0 : slabdata      1      1      0
kmalloc-rnd-02-2k    108    112   2048   16    8 : tunables    0    0    0 : slabdata      7      7      0
kmalloc-rnd-02-1k     72     80   1024   16    4 : tunables    0    0    0 : slabdata      5      5      0
kmalloc-rnd-02-512    112    112    512   16    2 : tunables    0    0    0 : slabdata      7      7      0
kmalloc-rnd-02-256    476    480    256   16    1 : tunables    0    0    0 : slabdata     30     30      0
kmalloc-rnd-02-128    240    256    128   32    1 : tunables    0    0    0 : slabdata      8      8      0
kmalloc-rnd-02-64    720    768     64   64    1 : tunables    0    0    0 : slabdata     12     12      0
kmalloc-rnd-02-32    240    256     32  128    1 : tunables    0    0    0 : slabdata      2      2      0
kmalloc-rnd-02-16    120    256     16  256    1 : tunables    0    0    0 : slabdata      1      1      0
kmalloc-rnd-02-8     120    512      8  512    1 : tunables    0    0    0 : slabdata      1      1      0
kmalloc-rnd-02-192    181    189    192   21    1 : tunables    0    0    0 : slabdata      9      9      0
kmalloc-rnd-02-96    300    336     96   42    1 : tunables    0    0    0 : slabdata      8      8      0
kmalloc-rnd-01-8k      4      4   8192    4    8 : tunables    0    0    0 : slabdata      1      1      0
kmalloc-rnd-01-4k      4      8   4096    8    8 : tunables    0    0    0 : slabdata      1      1      0
kmalloc-rnd-01-2k     36     48   2048   16    8 : tunables    0    0    0 : slabdata      3      3      0
kmalloc-rnd-01-1k     36     48   1024   16    4 : tunables    0    0    0 : slabdata      3      3      0
kmalloc-rnd-01-512   1428   1440    512   16    2 : tunables    0    0    0 : slabdata     90     90      0
kmalloc-rnd-01-256    468    480    256   16    1 : tunables    0    0    0 : slabdata     30     30      0
kmalloc-rnd-01-128    564    576    128   32    1 : tunables    0    0    0 : slabdata     18     18      0
kmalloc-rnd-01-64    624    640     64   64    1 : tunables    0    0    0 : slabdata     10     10      0
kmalloc-rnd-01-32    300    384     32  128    1 : tunables    0    0    0 : slabdata      3      3      0
kmalloc-rnd-01-16    240    256     16  256    1 : tunables    0    0    0 : slabdata      1      1      0
kmalloc-rnd-01-8    2640   3072      8  512    1 : tunables    0    0    0 : slabdata      6      6      0
kmalloc-rnd-01-192     60     63    192   21    1 : tunables    0    0    0 : slabdata      3      3      0
kmalloc-rnd-01-96    240    252     96   42    1 : tunables    0    0    0 : slabdata      6      6      0
kmalloc-8k             4      4   8192    4    8 : tunables    0    0    0 : slabdata      1      1      0
kmalloc-4k             0      0   4096    8    8 : tunables    0    0    0 : slabdata      0      0      0
kmalloc-2k            24     32   2048   16    8 : tunables    0    0    0 : slabdata      2      2      0
kmalloc-1k            48     48   1024   16    4 : tunables    0    0    0 : slabdata      3      3      0
kmalloc-512           84     96    512   16    2 : tunables    0    0    0 : slabdata      6      6      0
kmalloc-256          112    112    256   16    1 : tunables    0    0    0 : slabdata      7      7      0
kmalloc-128          120    128    128   32    1 : tunables    0    0    0 : slabdata      4      4      0
kmalloc-64           180    192     64   64    1 : tunables    0    0    0 : slabdata      3      3      0
kmalloc-32           180    256     32  128    1 : tunables    0    0    0 : slabdata      2      2      0
kmalloc-16           240    256     16  256    1 : tunables    0    0    0 : slabdata      1      1      0
kmalloc-8            240    512      8  512    1 : tunables    0    0    0 : slabdata      1      1      0
kmalloc-192          120    126    192   21    1 : tunables    0    0    0 : slabdata      6      6      0
kmalloc-96           180    210     96   42    1 : tunables    0    0    0 : slabdata      5      5      0
kmem_cache_node      407    416    128   32    1 : tunables    0    0    0 : slabdata     13     13      0
kmem_cache           407    416    256   16    1 : tunables    0    0    0 : slabdata     26     26      0
BENCH_PRE_VARIANT_END
BENCH_PERF_PMU_PROBE

 Performance counter stats for 'system wide':

           3874714      cycles                                                                
           2769873      instructions                                                          

       0.102070824 seconds time elapsed

BENCH_PERF_SOFTWARE_PROBE

 Performance counter stats for 'system wide':

            409.71 msec cpu-clock                                                             
            409.71 msec task-clock                                                            
                28      context-switches                                                      
                 4      cpu-migrations                                                        

       0.102450456 seconds time elapsed

{"event": "begin"}
{"event": "program", "id": 8}
{"event": "loaded"}
{"event": "preflight_message"}
{"event": "preflight_message"}
{"event": "preflight_message"}
{"event": "preflight_message"}
{"event": "preflight_message"}
{"event": "preflight_message"}
{"event": "preflight_backpressure_hold"}
{"event": "preflight_tcp_backpressure_halfclose"}

thread 'main' (108) panicked at src/main.rs:687:63:
called `Result::unwrap()` on an `Err` value: Os { code: 32, kind: BrokenPipe, message: "Broken pipe" }
note: run with `RUST_BACKTRACE=1` environment variable to display a backtrace
BENCH_HARNESS_EXIT=101
vhost_vsock 28672 1 - Live 0xffffffffc0415000
vmw_vsock_virtio_transport_common 57344 1 vhost_vsock, Live 0xffffffffc0411000
vhost 69632 1 vhost_vsock, Live 0xffffffffc0409000
vhost_iotlb 16384 1 vhost, Live 0xffffffffc0408000
vsock 73728 3 vhost_vsock,vmw_vsock_virtio_transport_common, Live 0xffffffffc0400000
BENCH_LIVE_MODULES_AFTER_UNLOAD
vhost_vsock 28672 0 - Live 0xffffffffc0415000
vmw_vsock_virtio_transport_common 57344 1 vhost_vsock, Live 0xffffffffc0411000
vhost 69632 1 vhost_vsock, Live 0xffffffffc0409000
vhost_iotlb 16384 1 vhost, Live 0xffffffffc0408000
vsock 73728 2 vhost_vsock,vmw_vsock_virtio_transport_common, Live 0xffffffffc0400000
1
[    0.000000] Linux version 7.0.0-29-generic (buildd@lcy02-amd64-113) (x86_64-linux-gnu-gcc (Ubuntu 15.2.0-16ubuntu1) 15.2.0, GNU ld (GNU Binutils for Ubuntu) 2.46) #29-Ubuntu SMP PREEMPT_DYNAMIC Fri Jul 17 20:52:35 UTC 2026 (Ubuntu 7.0.0-29.29-generic 7.0.12)
[    0.000000] Command line: console=ttyS0 rdinit=/init panic=-1
[    0.000000] KERNEL supported cpus:
[    0.000000]   Intel GenuineIntel
[    0.000000]   AMD AuthenticAMD
[    0.000000]   Hygon HygonGenuine
[    0.000000]   Centaur CentaurHauls
[    0.000000]   zhaoxin   Shanghai  
[    0.000000] BIOS-provided physical RAM map:
[    0.000000] BIOS-e820: [mem 0x0000000000000000-0x000000000009fbff]  System RAM
[    0.000000] BIOS-e820: [mem 0x000000000009fc00-0x000000000009ffff]  device reserved
[    0.000000] BIOS-e820: [gap 0x00000000000a0000-0x00000000000effff]
[    0.000000] BIOS-e820: [mem 0x00000000000f0000-0x00000000000fffff]  device reserved
[    0.000000] BIOS-e820: [mem 0x0000000000100000-0x000000007ffdffff]  System RAM
[    0.000000] BIOS-e820: [mem 0x000000007ffe0000-0x000000007fffffff]  device reserved
[    0.000000] BIOS-e820: [gap 0x0000000080000000-0x00000000afffffff]
[    0.000000] BIOS-e820: [mem 0x00000000b0000000-0x00000000bfffffff]  device reserved
[    0.000000] BIOS-e820: [gap 0x00000000c0000000-0x00000000fed1bfff]
[    0.000000] BIOS-e820: [mem 0x00000000fed1c000-0x00000000fed1ffff]  device reserved
[    0.000000] BIOS-e820: [gap 0x00000000fed20000-0x00000000feffbfff]
[    0.000000] BIOS-e820: [mem 0x00000000feffc000-0x00000000feffffff]  device reserved
[    0.000000] BIOS-e820: [gap 0x00000000ff000000-0x00000000fffbffff]
[    0.000000] BIOS-e820: [mem 0x00000000fffc0000-0x00000000ffffffff]  device reserved
[    0.000000] BIOS-e820: [mem 0x0000000100000000-0x000000047fffffff]  System RAM
[    0.000000] BIOS-e820: [gap 0x0000000480000000-0x000000fcffffffff]
[    0.000000] BIOS-e820: [mem 0x000000fd00000000-0x000000ffffffffff]  device reserved
[    0.000000] NX (Execute Disable) protection: active
[    0.000000] APIC: Static calls initialized
[    0.000000] SMBIOS 2.8 present.
[    0.000000] DMI: QEMU Standard PC (Q35 + ICH9, 2009), BIOS 1.17.0-debian-1.17.0-1ubuntu1 04/01/2014
[    0.000000] DMI: Memory slots populated: 1/1
[    0.000000] Hypervisor detected: KVM
[    0.000000] last_pfn = 0x7ffe0 max_arch_pfn = 0x10000000000
[    0.000000] kvm-clock: Using msrs 4b564d01 and 4b564d00
[    0.000001] kvm-clock: using sched offset of 226009298 cycles
[    0.000003] clocksource: kvm-clock: mask: 0xffffffffffffffff max_cycles: 0x1cd42e4dffb, max_idle_ns: 881590591483 ns
[    0.000006] tsc: Detected 2396.388 MHz processor
[    0.000394] e820: update [mem 0x00000000-0x00000fff] System RAM ==> device reserved
[    0.000397] e820: remove [mem 0x000a0000-0x000fffff] System RAM
[    0.000403] last_pfn = 0x480000 max_arch_pfn = 0x10000000000
[    0.000449] MTRR map: 4 entries (3 fixed + 1 variable; max 19), built from 8 variable MTRRs
[    0.000452] x86/PAT: Configuration [0-7]: WB  WC  UC- UC  WB  WP  UC- WT  
[    0.000515] last_pfn = 0x7ffe0 max_arch_pfn = 0x10000000000
[    0.003305] found SMP MP-table at [mem 0x000f5460-0x000f546f]
[    0.003325] Using GB pages for direct mapping
[    0.003463] RAMDISK: [mem 0x737cf000-0x7ffdffff]
[    0.003540] ACPI: Early table checksum verification disabled
[    0.003544] ACPI: RSDP 0x00000000000F5270 000014 (v00 BOCHS )
[    0.003548] ACPI: RSDT 0x000000007FFE3A02 000038 (v01 BOCHS  BXPC     00000001 BXPC 00000001)
[    0.003553] ACPI: FACP 0x000000007FFE3602 0000F4 (v03 BOCHS  BXPC     00000001 BXPC 00000001)
[    0.003558] ACPI: DSDT 0x000000007FFE0040 0035C2 (v01 BOCHS  BXPC     00000001 BXPC 00000001)
[    0.003561] ACPI: FACS 0x000000007FFE0000 000040
[    0.003563] ACPI: APIC 0x000000007FFE36F6 000270 (v03 BOCHS  BXPC     00000001 BXPC 00000001)
[    0.003565] ACPI: HPET 0x000000007FFE3966 000038 (v01 BOCHS  BXPC     00000001 BXPC 00000001)
[    0.003568] ACPI: MCFG 0x000000007FFE399E 00003C (v01 BOCHS  BXPC     00000001 BXPC 00000001)
[    0.003570] ACPI: WAET 0x000000007FFE39DA 000028 (v01 BOCHS  BXPC     00000001 BXPC 00000001)
[    0.003572] ACPI: Reserving FACP table memory at [mem 0x7ffe3602-0x7ffe36f5]
[    0.003573] ACPI: Reserving DSDT table memory at [mem 0x7ffe0040-0x7ffe3601]
[    0.003574] ACPI: Reserving FACS table memory at [mem 0x7ffe0000-0x7ffe003f]
[    0.003575] ACPI: Reserving APIC table memory at [mem 0x7ffe36f6-0x7ffe3965]
[    0.003576] ACPI: Reserving HPET table memory at [mem 0x7ffe3966-0x7ffe399d]
[    0.003576] ACPI: Reserving MCFG table memory at [mem 0x7ffe399e-0x7ffe39d9]
[    0.003577] ACPI: Reserving WAET table memory at [mem 0x7ffe39da-0x7ffe3a01]
[    0.004155] No NUMA configuration found
[    0.004157] Faking a node at [mem 0x0000000000000000-0x000000047fffffff]
[    0.004170] NODE_DATA(0) allocated [mem 0x47ffd5280-0x47fffffff]
[    0.005027] ACPI: PM-Timer IO Port: 0x608
[    0.005056] ACPI: LAPIC_NMI (acpi_id[0xff] dfl dfl lint[0x1])
[    0.005088] IOAPIC[0]: apic_id 0, version 17, address 0xfec00000, GSI 0-23
[    0.005091] ACPI: INT_SRC_OVR (bus 0 bus_irq 0 global_irq 2 dfl dfl)
[    0.005093] ACPI: INT_SRC_OVR (bus 0 bus_irq 5 global_irq 5 high level)
[    0.005094] ACPI: INT_SRC_OVR (bus 0 bus_irq 9 global_irq 9 high level)
[    0.005095] ACPI: INT_SRC_OVR (bus 0 bus_irq 10 global_irq 10 high level)
[    0.005096] ACPI: INT_SRC_OVR (bus 0 bus_irq 11 global_irq 11 high level)
[    0.005100] ACPI: Using ACPI (MADT) for SMP configuration information
[    0.005101] ACPI: HPET id: 0x8086a201 base: 0xfed00000
[    0.005104] TSC deadline timer available
[    0.005106] CPU topo: Max. logical packages:   1
[    0.005107] CPU topo: Max. logical nodes:      1
[    0.005108] CPU topo: Num. nodes per package:  1
[    0.005110] CPU topo: Max. logical dies:       1
[    0.005111] CPU topo: Max. dies per package:   1
[    0.005115] CPU topo: Max. threads per core:   1
[    0.005116] CPU topo: Num. cores per package:    64
[    0.005117] CPU topo: Num. threads per package:  64
[    0.005117] CPU topo: Allowing 4 present CPUs plus 60 hotplug CPUs
[    0.005137] kvm-guest: APIC: eoi() replaced with kvm_guest_apic_eoi_write()
[    0.005150] kvm-guest: KVM setup pv remote TLB flush
[    0.005155] kvm-guest: setup PV sched yield
[    0.005163] PM: hibernation: Registered nosave memory: [mem 0x00000000-0x00000fff]
[    0.005164] PM: hibernation: Registered nosave memory: [mem 0x0009f000-0x000fffff]
[    0.005166] PM: hibernation: Registered nosave memory: [mem 0x7ffe0000-0xffffffff]
[    0.005167] [gap 0xc0000000-0xfed1bfff] available for PCI devices
[    0.005169] Booting paravirtualized kernel on KVM
[    0.005170] clocksource: refined-jiffies: mask: 0xffffffff max_cycles: 0xffffffff, max_idle_ns: 1910969940391419 ns
[    0.005229] Zone ranges:
[    0.005229]   DMA      [mem 0x0000000000001000-0x0000000000ffffff]
[    0.005231]   DMA32    [mem 0x0000000001000000-0x00000000ffffffff]
[    0.005233]   Normal   [mem 0x0000000100000000-0x000000047fffffff]
[    0.005234]   Device   empty
[    0.005235] Movable zone start for each node
[    0.005237] Early memory node ranges
[    0.005238]   node   0: [mem 0x0000000000001000-0x000000000009efff]
[    0.005239]   node   0: [mem 0x0000000000100000-0x000000007ffdffff]
[    0.005240]   node   0: [mem 0x0000000100000000-0x000000047fffffff]
[    0.005243] Initmem setup node 0 [mem 0x0000000000001000-0x000000047fffffff]
[    0.005336] On node 0, zone DMA: 1 pages in unavailable ranges
[    0.005351] On node 0, zone DMA: 97 pages in unavailable ranges
[    0.029128] On node 0, zone Normal: 32 pages in unavailable ranges
[    0.029147] setup_percpu: NR_CPUS:8192 nr_cpumask_bits:64 nr_cpu_ids:64 nr_node_ids:1
[    0.031923] percpu: Embedded 85 pages/cpu s225280 r8192 d114688 u524288
[    0.031934] pcpu-alloc: s225280 r8192 d114688 u524288 alloc=1*2097152
[    0.031937] pcpu-alloc: [0] 00 01 02 03 [0] 04 05 06 07 
[    0.031942] pcpu-alloc: [0] 08 09 10 11 [0] 12 13 14 15 
[    0.031946] pcpu-alloc: [0] 16 17 18 19 [0] 20 21 22 23 
[    0.031950] pcpu-alloc: [0] 24 25 26 27 [0] 28 29 30 31 
[    0.031954] pcpu-alloc: [0] 32 33 34 35 [0] 36 37 38 39 
[    0.031958] pcpu-alloc: [0] 40 41 42 43 [0] 44 45 46 47 
[    0.031961] pcpu-alloc: [0] 48 49 50 51 [0] 52 53 54 55 
[    0.031965] pcpu-alloc: [0] 56 57 58 59 [0] 60 61 62 63 
[    0.032019] kvm-guest: PV spinlocks enabled
[    0.032022] PV qspinlock hash table entries: 256 (order: 0, 4096 bytes, linear)
[    0.032026] Kernel command line: console=ttyS0 rdinit=/init panic=-1
[    0.032077] random: crng init done
[    0.032077] printk: log_buf_len individual max cpu contribution: 4096 bytes
[    0.032078] printk: log_buf_len total cpu_extra contributions: 258048 bytes
[    0.032079] printk: log_buf_len min size: 262144 bytes
[    0.032408] printk: log buffer data + meta data: 524288 + 2228224 = 2752512 bytes
[    0.032410] printk: early log buf free: 253976(96%)
[    0.033443] Dentry cache hash table entries: 2097152 (order: 12, 16777216 bytes, linear)
[    0.033968] Inode-cache hash table entries: 1048576 (order: 11, 8388608 bytes, linear)
[    0.034475] software IO TLB: area num 64.
[    0.040813] Fallback order for Node 0: 0 
[    0.040825] Built 1 zonelists, mobility grouping on.  Total pages: 4194174
[    0.040826] Policy zone: Normal
[    0.040838] mem auto-init: stack:all(zero), heap alloc:on, heap free:off
[    0.067826] SLUB: HWalign=64, Order=0-3, MinObjects=0, CPUs=64, Nodes=1
[    0.081638] ftrace: allocating 63941 entries in 252 pages
[    0.081641] ftrace: allocated 252 pages with 6 groups
[    0.082449] Dynamic Preempt: lazy
[    0.082823] rcu: Preemptible hierarchical RCU implementation.
[    0.082825] rcu: 	RCU restricting CPUs from NR_CPUS=8192 to nr_cpu_ids=64.
[    0.082827] 	Trampoline variant of Tasks RCU enabled.
[    0.082828] 	Rude variant of Tasks RCU enabled.
[    0.082828] 	Tracing variant of Tasks RCU enabled.
[    0.082829] rcu: RCU calculated value of scheduler-enlistment delay is 100 jiffies.
[    0.082830] rcu: Adjusting geometry for rcu_fanout_leaf=16, nr_cpu_ids=64
[    0.082860] RCU Tasks: Setting shift to 6 and lim to 1 rcu_task_cb_adjust=1 rcu_task_cpu_ids=64.
[    0.082864] RCU Tasks Rude: Setting shift to 6 and lim to 1 rcu_task_cb_adjust=1 rcu_task_cpu_ids=64.
[    0.087940] NR_IRQS: 524544, nr_irqs: 936, preallocated irqs: 16
[    0.088205] rcu: srcu_init: Setting srcu_struct sizes based on contention.
[    0.088481] Console: colour *CGA 80x25
[    0.088553] printk: legacy console [ttyS0] enabled
[    0.310360] ACPI: Core revision 20251212
[    0.311659] clocksource: hpet: mask: 0xffffffff max_cycles: 0xffffffff, max_idle_ns: 19112604467 ns
[    0.314193] APIC: Switch to symmetric I/O mode setup
[    0.315743] x2apic enabled
[    0.316825] APIC: Switched APIC routing to: physical x2apic
[    0.318321] kvm-guest: APIC: send_IPI_mask() replaced with kvm_send_ipi_mask()
[    0.320214] kvm-guest: APIC: send_IPI_mask_allbutself() replaced with kvm_send_ipi_mask_allbutself()
[    0.322591] kvm-guest: setup PV IPIs
[    0.324882] ..TIMER: vector=0x30 apic1=0 pin1=2 apic2=-1 pin2=-1
[    0.326490] clocksource: tsc-early: mask: 0xffffffffffffffff max_cycles: 0x228ae3847f6, max_idle_ns: 440795295175 ns
[    0.329241] Calibrating delay loop (skipped) preset value.. 4792.77 BogoMIPS (lpj=2396388)
[    0.330384] x86/cpu: User Mode Instruction Prevention (UMIP) activated
[    0.331344] Last level iTLB entries: 4KB 512, 2MB 255, 4MB 127
[    0.332241] Last level dTLB entries: 4KB 512, 2MB 255, 4MB 127, 1GB 0
[    0.333251] mitigations: Enabled attack vectors: user_kernel, user_user, guest_host, guest_guest, SMT mitigations: auto
[    0.334240] Speculative Store Bypass: Mitigation: Speculative Store Bypass disabled via prctl
[    0.335239] Transient Scheduler Attacks: Vulnerable: No microcode
[    0.336239] Spectre V2 : Mitigation: Enhanced / Automatic IBRS
[    0.337239] Speculative Return Stack Overflow: Mitigation: Safe RET
[    0.338241] Spectre V1 : Mitigation: usercopy/swapgs barriers and __user pointer sanitization
[    0.339248] Spectre V2 : mitigation: Enabling conditional Indirect Branch Prediction Barrier
[    0.340241] active return thunk: srso_alias_return_thunk
[    0.341269] x86/fpu: Supporting XSAVE feature 0x001: 'x87 floating point registers'
[    0.342239] x86/fpu: Supporting XSAVE feature 0x002: 'SSE registers'
[    0.343239] x86/fpu: Supporting XSAVE feature 0x004: 'AVX registers'
[    0.344242] x86/fpu: Supporting XSAVE feature 0x020: 'AVX-512 opmask'
[    0.345239] x86/fpu: Supporting XSAVE feature 0x040: 'AVX-512 Hi256'
[    0.346239] x86/fpu: Supporting XSAVE feature 0x080: 'AVX-512 ZMM_Hi256'
[    0.347239] x86/fpu: Supporting XSAVE feature 0x200: 'Protection Keys User registers'
[    0.348240] x86/fpu: xstate_offset[2]:  576, xstate_sizes[2]:  256
[    0.349239] x86/fpu: xstate_offset[5]:  832, xstate_sizes[5]:   64
[    0.350239] x86/fpu: xstate_offset[6]:  896, xstate_sizes[6]:  512
[    0.351239] x86/fpu: xstate_offset[7]: 1408, xstate_sizes[7]: 1024
[    0.352239] x86/fpu: xstate_offset[9]: 2432, xstate_sizes[9]:    8
[    0.353239] x86/fpu: Enabled xstate features 0x2e7, context size is 2440 bytes, using 'compacted' format.
[    0.393864] Freeing SMP alternatives memory: 56K
[    0.394242] pid_max: default: 65536 minimum: 512
[    0.395639] landlock: Up and running.
[    0.396240] Yama: becoming mindful.
[    0.397403] AppArmor: AppArmor initialized
[    0.398239] AppArmor: AppArmor secmark mediation reserved: ready to be enabled
[    0.399422] Mount-cache hash table entries: 32768 (order: 6, 262144 bytes, linear)
[    0.400246] Mountpoint-cache hash table entries: 32768 (order: 6, 262144 bytes, linear)
[    0.402253] VFS: Finished mounting rootfs on nullfs
[    0.403998] smpboot: CPU0: AMD EPYC 8024P 8-Core Processor (family: 0x19, model: 0xa0, stepping: 0x2)
[    0.404605] Performance Events: Fam17h+ core perfctr, AMD PMU driver.
[    0.405254] ... version:                   2
[    0.406242] ... bit width:                 48
[    0.407241] ... generic counters:          6
[    0.408241] ... generic bitmap:            000000000000003f
[    0.409242] ... fixed-purpose counters:    0
[    0.410241] ... fixed-purpose bitmap:      0000000000000000
[    0.411242] ... value mask:                0000ffffffffffff
[    0.412244] ... max period:                00007fffffffffff
[    0.413241] ... global_ctrl mask:          000000000000003f
[    0.414507] signal: max sigframe size: 3376
[    0.415301] rcu: Hierarchical SRCU implementation.
[    0.416247] rcu: 	Max phase no-delay instances is 400.
[    0.417324] Timer migration: 2 hierarchy levels; 8 children per group; 2 crossnode level
[    0.426688] smp: Bringing up secondary CPUs ...
[    0.427525] smpboot: x86: Booting SMP configuration:
[    0.428269] .... node  #0, CPUs:        #1  #2  #3
[    0.432323] smp: Brought up 1 node, 4 CPUs
[    0.434245] smpboot: Total of 4 processors activated (19171.10 BogoMIPS)
[    0.435945] Memory: 13728608K/16776696K available (23799K kernel code, 4952K rwdata, 16764K rodata, 5292K init, 5856K bss, 3030032K reserved, 0K cma-reserved)
[    0.436771] devtmpfs: initialized
[    0.437346] x86/mm: Memory block size: 128MB
[    0.441441] clocksource: jiffies: mask: 0xffffffff max_cycles: 0xffffffff, max_idle_ns: 1911260446275000 ns
[    0.442259] posixtimers hash table entries: 32768 (order: 7, 524288 bytes, linear)
[    0.443292] futex hash table entries: 16384 (1048576 bytes on 1 NUMA nodes, total 1024 KiB, linear).
[    0.444750] PM: RTC time: 21:04:20, date: 2026-10-04
[    0.445836] NET: Registered PF_NETLINK/PF_ROUTE protocol family
[    0.446663] DMA: preallocated 2048 KiB GFP_KERNEL pool for atomic allocations
[    0.447334] DMA: preallocated 2048 KiB GFP_KERNEL|GFP_DMA pool for atomic allocations
[    0.448315] DMA: preallocated 2048 KiB GFP_KERNEL|GFP_DMA32 pool for atomic allocations
[    0.449259] audit: initializing netlink subsys (disabled)
[    0.450264] audit: type=2000 audit(1791147861.396:1): state=initialized audit_enabled=0 res=1
[    0.450473] thermal_sys: Registered thermal governor 'fair_share'
[    0.451252] thermal_sys: Registered thermal governor 'bang_bang'
[    0.452243] thermal_sys: Registered thermal governor 'step_wise'
[    0.453242] thermal_sys: Registered thermal governor 'user_space'
[    0.454242] thermal_sys: Registered thermal governor 'power_allocator'
[    0.455260] cpuidle: using governor ladder
[    0.457258] cpuidle: using governor menu
[    0.459412] acpiphp: ACPI Hot Plug PCI Controller Driver version: 0.5
[    0.460542] PCI: ECAM [mem 0xb0000000-0xbfffffff] (base 0xb0000000) for domain 0000 [bus 00-ff]
[    0.461245] PCI: ECAM [mem 0xb0000000-0xbfffffff] reserved as E820 entry
[    0.462256] PCI: Using configuration type 1 for base access
[    0.463443] kprobes: kprobe jump-optimization is enabled. All kprobes are optimized if possible.
[    0.465311] HugeTLB: registered 1.00 GiB page size, pre-allocated 0 pages
[    0.466243] HugeTLB: 16380 KiB vmemmap can be freed for a 1.00 GiB page
[    0.467243] HugeTLB: registered 2.00 MiB page size, pre-allocated 0 pages
[    0.468242] HugeTLB: 28 KiB vmemmap can be freed for a 2.00 MiB page
[    0.472910] ACPI: Added _OSI(Module Device)
[    0.475250] ACPI: Added _OSI(Processor Device)
[    0.477249] ACPI: Added _OSI(Processor Aggregator Device)
[    0.489602] ACPI: 1 ACPI AML tables successfully acquired and loaded
[    0.497274] ACPI: \_SB_: platform _OSC: OS support mask [006e7eff]
[    0.502742] ACPI: Interpreter enabled
[    0.504320] ACPI: PM: (supports S0 S3 S4 S5)
[    0.507250] ACPI: Using IOAPIC for interrupt routing
[    0.511285] PCI: Using host bridge windows from ACPI; if necessary, use "pci=nocrs" and report a bug
[    0.516248] PCI: Using E820 reservations for host bridge windows
[    0.519946] ACPI: Enabled 2 GPEs in block 00 to 3F
[    0.545039] ACPI: PCI Root Bridge [PCI0] (domain 0000 [bus 00-ff])
[    0.547249] acpi PNP0A08:00: _OSC: OS supports [ExtendedConfig ASPM ClockPM Segments MSI EDR HPX-Type3]
[    0.549361] acpi PNP0A08:00: _OSC: platform does not support [PCIeHotplug LTR DPC]
[    0.551417] acpi PNP0A08:00: _OSC: OS now controls [SHPCHotplug PME AER PCIeCapability]
[    0.553491] PCI host bridge to bus 0000:00
[    0.555249] pci_bus 0000:00: root bus resource [io  0x0000-0x0cf7 window]
[    0.556243] pci_bus 0000:00: root bus resource [io  0x0d00-0xffff window]
[    0.558243] pci_bus 0000:00: root bus resource [mem 0x000a0000-0x000bffff window]
[    0.560246] pci_bus 0000:00: root bus resource [mem 0x80000000-0xafffffff window]
[    0.562243] pci_bus 0000:00: root bus resource [mem 0xc0000000-0xfebfffff window]
[    0.564242] pci_bus 0000:00: root bus resource [mem 0x480000000-0xc7fffffff window]
[    0.566244] pci_bus 0000:00: root bus resource [bus 00-ff]
[    0.567336] pci 0000:00:00.0: [8086:29c0] type 00 class 0x060000 conventional PCI endpoint
[    0.579761] pci 0000:00:1f.0: [8086:2918] type 00 class 0x060100 conventional PCI endpoint
[    0.582978] pci 0000:00:1f.0: quirk: [io  0x0600-0x067f] claimed by ICH6 ACPI/GPIO/TCO
[    0.585745] pci 0000:00:1f.2: [8086:2922] type 00 class 0x010601 conventional PCI endpoint
[    0.588326] pci 0000:00:1f.2: BAR 4 [io  0xc040-0xc05f]
[    0.590259] pci 0000:00:1f.2: BAR 5 [mem 0xfebff000-0xfebfffff]
[    0.591994] pci 0000:00:1f.3: [8086:2930] type 00 class 0x0c0500 conventional PCI endpoint
[    0.595224] pci 0000:00:1f.3: BAR 4 [io  0x0700-0x073f]
[    0.599082] ACPI: PCI: Interrupt link LNKA configured for IRQ 10
[    0.600438] ACPI: PCI: Interrupt link LNKB configured for IRQ 10
[    0.602432] ACPI: PCI: Interrupt link LNKC configured for IRQ 11
[    0.603435] ACPI: PCI: Interrupt link LNKD configured for IRQ 11
[    0.605442] ACPI: PCI: Interrupt link LNKE configured for IRQ 10
[    0.607430] ACPI: PCI: Interrupt link LNKF configured for IRQ 10
[    0.609431] ACPI: PCI: Interrupt link LNKG configured for IRQ 11
[    0.610430] ACPI: PCI: Interrupt link LNKH configured for IRQ 11
[    0.612321] ACPI: PCI: Interrupt link GSIA configured for IRQ 16
[    0.614267] ACPI: PCI: Interrupt link GSIB configured for IRQ 17
[    0.615263] ACPI: PCI: Interrupt link GSIC configured for IRQ 18
[    0.617263] ACPI: PCI: Interrupt link GSID configured for IRQ 19
[    0.618263] ACPI: PCI: Interrupt link GSIE configured for IRQ 20
[    0.620263] ACPI: PCI: Interrupt link GSIF configured for IRQ 21
[    0.622263] ACPI: PCI: Interrupt link GSIG configured for IRQ 22
[    0.623263] ACPI: PCI: Interrupt link GSIH configured for IRQ 23
[    0.630841] iommu: Default domain type: Translated
[    0.632243] iommu: DMA domain TLB invalidation policy: lazy mode
[    0.633563] SCSI subsystem initialized
[    0.635267] libata version 3.00 loaded.
[    0.635298] ACPI: bus type USB registered
[    0.636270] usbcore: registered new interface driver usbfs
[    0.637261] usbcore: registered new interface driver hub
[    0.639267] usbcore: registered new device driver usb
[    0.640281] pps_core: LinuxPPS API ver. 1 registered
[    0.641242] pps_core: Software ver. 5.3.6 - Copyright 2005-2007 Rodolfo Giometti <giometti@linux.it>
[    0.644249] PTP clock support registered
[    0.645292] EDAC MC: Ver: 3.0.0
[    0.646726] NetLabel: Initializing
[    0.647243] NetLabel:  domain hash size = 128
[    0.649242] NetLabel:  protocols = UNLABELED CIPSOv4 CALIPSO
[    0.650267] NetLabel:  unlabeled traffic allowed by default
[    0.652257] mctp: management component transport protocol core
[    0.653252] NET: Registered PF_MCTP protocol family
[    0.655267] PCI: Using ACPI for IRQ routing
[    0.853832] PCI: pci_cache_line_size set to 64 bytes
[    0.853967] e820: register RAM buffer resource [mem 0x0009fc00-0x0009ffff]
[    0.855253] e820: register RAM buffer resource [mem 0x7ffe0000-0x7fffffff]
[    0.857301] vgaarb: loaded
[    0.858280] hpet0: at MMIO 0xfed00000, IRQs 2, 8, 0
[    0.859242] hpet0: 3 comparators, 64-bit 100.000000 MHz counter
[    0.869238] clocksource: Switched to clocksource kvm-clock
[    0.871210] VFS: Disk quotas dquot_6.6.0
[    0.872300] VFS: Dquot-cache hash table entries: 512 (order 0, 4096 bytes)
[    0.874602] AppArmor: AppArmor Filesystem Enabled
[    0.875870] acpi PNP0C01:00: Reserved [mem 0xb0000000-0xbfffffff]
[    0.877497] pnp: PnP ACPI init
[    0.879130] pnp: PnP ACPI: found 4 devices
[    0.888699] clocksource: acpi_pm: mask: 0xffffff max_cycles: 0xffffff, max_idle_ns: 2085701024 ns
[    0.891155] NET: Registered PF_INET protocol family
[    0.892614] IP idents hash table entries: 262144 (order: 9, 2097152 bytes, linear)
[    0.914919] tcp_listen_portaddr_hash hash table entries: 8192 (order: 5, 131072 bytes, linear)
[    0.917185] Table-perturb hash table entries: 65536 (order: 6, 262144 bytes, linear)
[    0.919306] TCP established hash table entries: 131072 (order: 8, 1048576 bytes, linear)
[    0.921562] TCP bind hash table entries: 65536 (order: 9, 2097152 bytes, linear)
[    0.923583] TCP: Hash tables configured (established 131072 bind 65536)
[    0.925516] MPTCP token hash table entries: 16384 (order: 7, 393216 bytes, linear)
[    0.927549] UDP hash table entries: 8192 (order: 7, 524288 bytes, linear)
[    0.929361] UDP-Lite hash table entries: 8192 (order: 7, 524288 bytes, linear)
[    0.931405] NET: Registered PF_UNIX/PF_LOCAL protocol family
[    0.932893] NET: Registered PF_XDP protocol family
[    0.934178] pci_bus 0000:00: resource 4 [io  0x0000-0x0cf7 window]
[    0.935776] pci_bus 0000:00: resource 5 [io  0x0d00-0xffff window]
[    0.937402] pci_bus 0000:00: resource 6 [mem 0x000a0000-0x000bffff window]
[    0.939178] pci_bus 0000:00: resource 7 [mem 0x80000000-0xafffffff window]
[    0.940961] pci_bus 0000:00: resource 8 [mem 0xc0000000-0xfebfffff window]
[    0.942741] pci_bus 0000:00: resource 9 [mem 0x480000000-0xc7fffffff window]
[    0.944676] PCI: CLS 0 bytes, default 64
[    0.945812] PCI-DMA: Using software bounce buffering for IO (SWIOTLB)
[    0.946064] Trying to unpack rootfs image as initramfs...
[    0.947508] software IO TLB: mapped [mem 0x000000006f7cf000-0x00000000737cf000] (64MB)
[    0.952444] clocksource: tsc: mask: 0xffffffffffffffff max_cycles: 0x228ae3847f6, max_idle_ns: 440795295175 ns
[    0.956793] Initialise system trusted keyrings
[    0.957981] Key type blacklist registered
[    0.959227] workingset: timestamp_bits=36 max_order=22 bucket_order=0
[    0.961669] squashfs: version 4.0 (2009/01/31) Phillip Lougher
[    0.963509] fuse: init (API version 7.45)
[    0.964987] integrity: Platform Keyring initialized
[    0.966311] integrity: Machine keyring initialized
[    0.980355] Key type asymmetric registered
[    0.981436] Asymmetric key parser 'x509' registered
[    0.982737] Block layer SCSI generic (bsg) driver version 0.4 loaded (major 242)
[    0.984935] io scheduler mq-deadline registered
[    0.991074] ledtrig-cpu: registered to indicate activity on CPUs
[    0.992895] input: Power Button as /devices/platform/LNXPWRBN:00/input/input0
[    0.994841] ACPI: button: Power Button [PWRF]
[    0.997628] Serial: 8250/16550 driver, 32 ports, IRQ sharing enabled
[    1.025277] 00:02: ttyS0 at I/O 0x3f8 (irq = 4, base_baud = 115200) is a 16550A
[    1.031415] Linux agpgart interface v0.103
[    1.039862] loop: module loaded
[    1.041144] ACPI: bus type drm_connector registered
[    1.042738] tun: Universal TUN/TAP device driver, 1.6
[    1.044181] PPP generic driver version 2.4.2
[    1.045555] i8042: PNP: PS/2 Controller [PNP0303:KBD,PNP0f13:MOU] at 0x60,0x64 irq 1,12
[    1.048778] serio: i8042 KBD port at 0x60,0x64 irq 1
[    1.050087] serio: i8042 AUX port at 0x60,0x64 irq 12
[    1.051618] mousedev: PS/2 mouse device common for all mice
[    1.053668] input: AT Translated Set 2 keyboard as /devices/platform/i8042/serio0/input/input1
[    1.056142] rtc_cmos 00:03: RTC can wake from S4
[    1.058716] rtc_cmos 00:03: registered as rtc0
[    1.060217] rtc_cmos 00:03: setting system clock to 2026-10-04T21:04:21 UTC (1791147861)
[    1.062783] rtc_cmos 00:03: alarms up to one day, y3k, 242 bytes nvram, hpet irqs
[    1.065055] i2c_dev: i2c /dev entries driver
[    1.066453] device-mapper: core: CONFIG_IMA_DISABLE_HTABLE is disabled. Duplicate IMA measurements will not be recorded in the IMA log.
[    1.070127] device-mapper: uevent: version 1.0.3
[    1.071734] device-mapper: ioctl: 4.50.0-ioctl (2025-04-28) initialised: dm-devel@lists.linux.dev
[    1.074429] amd_pstate: The CPPC feature is supported but currently disabled by the BIOS.
[    1.074429] Please enable it if your BIOS has the CPPC option.
[    1.078546] amd_pstate: the _CPC object is not present in SBIOS or ACPI disabled
[    1.080915] drop_monitor: Initializing network drop monitor service
[    1.083124] NET: Registered PF_INET6 protocol family
[    1.085687] Segment Routing with IPv6
[    1.087418] In-situ OAM (IOAM) with IPv6
[    1.088600] NET: Registered PF_PACKET protocol family
[    1.090111] Key type dns_resolver registered
[    1.092715] IPI shorthand broadcast: enabled
[    1.097315] sched_clock: Marking stable (864026579, 233021477)->(1167985161, -70937105)
[    1.100287] registered taskstats version 1
[    1.104059] Loading compiled-in X.509 certificates
[    1.106938] Loaded X.509 cert 'Build time autogenerated kernel key: 454b3e9802e3c39a997a1e8863aaf8b3df15fbc0'
[    1.109288] Freeing initrd memory: 204868K
[    1.110090] Loaded X.509 cert 'Canonical Ltd. Live Patch Signing 2025 Kmod: d541cef61dc7e793b7eb7e899970a2eef0b5dc8c'
[    1.113884] Loaded X.509 cert 'Canonical Ltd. Live Patch Signing: 14df34d1a87cf37625abec039ef2bf521249b969'
[    1.116889] Loaded X.509 cert 'Canonical Ltd. Kernel Module Signing 2025 Kmod: 4627603d2357a2a3f81006370894c221175893e9'
[    1.120192] Loaded X.509 cert 'Canonical Ltd. Kernel Module Signing: 88f752e560a1e0737e31163a466ad7b70a850c19'
[    1.122824] blacklist: Loading compiled-in revocation X.509 certificates
[    1.124638] Loaded X.509 cert 'Canonical Ltd. Secure Boot Signing: 61482aa2830d0ab2ad5af10b7250da9033ddcef0'
[    1.127225] Loaded X.509 cert 'Canonical Ltd. Secure Boot Signing (2017): 242ade75ac4a15e50d50c84b0d45ff3eae707a03'
[    1.129977] Loaded X.509 cert 'Canonical Ltd. Secure Boot Signing (ESM 2018): 365188c1d374d6b07c3c8f240f8ef722433d6a8b'
[    1.132816] Loaded X.509 cert 'Canonical Ltd. Secure Boot Signing (2019): c0746fd6c5da3ae827864651ad66ae47fe24b3e8'
[    1.135571] Loaded X.509 cert 'Canonical Ltd. Secure Boot Signing (2021 v1): a8d54bbb3825cfb94fa13c9f8a594a195c107b8d'
[    1.138404] Loaded X.509 cert 'Canonical Ltd. Secure Boot Signing (2021 v2): 4cf046892d6fd3c9a5b03f98d845f90851dc6a8c'
[    1.141223] Loaded X.509 cert 'Canonical Ltd. Secure Boot Signing (2021 v3): 100437bb6de6e469b581e61cd66bce3ef4ed53af'
[    1.144058] Loaded X.509 cert 'Canonical Ltd. Secure Boot Signing (Ubuntu Core 2019): c1d57b8f6b743f23ee41f4f7ee292f06eecadfb9'
[    1.155782] Demotion targets for Node 0: null
[    1.157244] Key type .fscrypt registered
[    1.158307] Key type fscrypt-provisioning registered
[    1.159756] Key type big_key registered
[    1.161922] Key type encrypted registered
[    1.163007] AppArmor: AppArmor sha256 policy hashing enabled
[    1.164537] ima: No TPM chip found, activating TPM-bypass!
[    1.165991] Loading compiled-in module X.509 certificates
[    1.167871] Loaded X.509 cert 'Build time autogenerated kernel key: 454b3e9802e3c39a997a1e8863aaf8b3df15fbc0'
[    1.170459] ima: Allocated hash algorithm: sha256
[    1.171750] ima: No architecture policies found
[    1.172988] evm: Initialising EVM extended attributes:
[    1.174371] evm: security.selinux
[    1.175264] evm: security.SMACK64
[    1.176151] evm: security.SMACK64EXEC
[    1.177137] evm: security.SMACK64TRANSMUTE
[    1.178219] evm: security.SMACK64MMAP
[    1.179207] evm: security.apparmor
[    1.180134] evm: security.ima
[    1.180933] evm: security.capability
[    1.181914] evm: HMAC attrs: 0x1
[    1.183177] PM:   Magic number: 14:67:95
[    1.184605] RAS: Correctable Errors collector initialized.
[    1.186464] clk: Disabling unused clocks
[    1.187532] PM: genpd: Disabling unused power domains
[    1.190854] Freeing unused decrypted memory: 2028K
[    1.192571] Freeing unused kernel image (initmem) memory: 5292K
[    1.193714] Write protecting the kernel read-only data: 43008k
[    1.195483] Freeing unused kernel image (text/rodata gap) memory: 776K
[    1.197123] Freeing unused kernel image (rodata/data gap) memory: 1668K
[    1.264531] x86/mm: Checked W+X mappings: passed, no W+X pages found.
[    1.265802] Run /init as init process
[    1.266527]   with arguments:
[    1.266530]     /init
[    1.266533]   with environment:
[    1.266534]     HOME=/
[    1.266536]     TERM=linux
[    1.283400] NET: Registered PF_VSOCK protocol family
BENCH_COMPLETE_EXIT=101
[    5.661707] ACPI: PM: Preparing to enter system sleep state S5
[    5.662959] reboot: Power down
xtask failed: 
   0: [91mmetal run (one bootstrap lease session) failed with exit status: 1[0m

Location:
   [35mxtask/src/main.rs[0m:[35m1300[0m

Backtrace omitted. Run with RUST_BACKTRACE=1 environment variable to display it.
Run with RUST_BACKTRACE=full to include source snippets.
{"launcher_rc": 1, "wall_s": 852.1335143749893}
