/usr/bin/ssh

########## [bootstrap] preflight: ssh to <redacted-metal-target>

########## [bootstrap] remote user=ubuntu home=<metal-home> sudo='sudo -n'

########## [bootstrap] acquire canonical metal lease (/run/lock/overdrive-metal-shared.lock)
OVERDRIVE_METAL_LEASE_ACQUIRED token=1d348d7ccfb760a3df8e6441 pid=284531

########## [bootstrap] sync /Users/marcus/conductor/workspaces/helios/bordeaux-v2 -> <redacted-metal-target>:<metal-home>/overdrive
cannot delete non-empty directory: spike-scratch/increment-u-netns-density-295-default-offload-20260913T2302
cannot delete non-empty directory: spike-scratch/increment-t-netns-density-295-bridge-local-20260913T2259
cannot delete non-empty directory: spike-scratch/increment-s-netns-density-295-bridge-dns-20260913T2257
cannot delete non-empty directory: spike-scratch/increment-r-netns-density-295-offload-20260913T2254
cannot delete non-empty directory: spike-scratch/increment-q-netns-density-295-broute-host-20260913T2252
cannot delete non-empty directory: spike-scratch/increment-p-netns-density-295-metal-20260913T2237

sent 161,192 bytes  received 2,156 bytes  65,339.20 bytes/sec
total size is 158,093,810  speedup is 967.83

########## [bootstrap] fail-closed native x86_64/KVM preflight

===== pre-run host state =====
links: eno12399np0 eno12409np1 eno8303 lo 
firecracker processes: []

===== versions / artifacts =====
7.0.0-29-generic
Firecracker v1.17.0
eb8fa2368618cea11c9bde196f79e6e6b9caeed5
 lib/posix-socket/exportsyms.uk       |  2 ++
 lib/posix-socket/include/uk/socket.h | 24 ++++++++++++++++++++++++
 lib/posix-socket/socket.c            | 23 +++++++++++++++++++++++
 3 files changed, 49 insertions(+)
ec55ae17618feeb57c8c10109bcf5c42723e8e95
 include/uk/lwip_readiness.h | 19 +++++++++++++++++++
 sockets.c                   | 25 +++++++++++++++++++++++--
 2 files changed, 42 insertions(+), 2 deletions(-)
99ad0f5cd0514a88aad0e9ae8cfdb3cc3b4ab9d190e1194602406c786b5de7a5  <metal-home>/igkm-spike-a/firecracker/v1.17.0/release-v1.17.0-x86_64/firecracker-v1.17.0-x86_64
a1d09df7938d0d9147a5a99574fdd4712d0967ff97db8b9b2d7c630352fb33b4  <metal-home>/igkm-spike-a/unikraft/out-igkme/igkme_fc-x86_64
660d3df09d06788fb62d80f8515886f3165de977dc0d9b23aec3c0da8ae347db  <metal-home>/igkm-spike-a/igkme-host-target/release/peer
ad9c0b483db3702f6be04d1ce394d50b6e1b94633c560f460e626e9873b5cad4  <metal-home>/igkm-spike-a/igkme-host-target/release/relay
da30d240aac45c2dad035b67ec6ebc2e39ca6ed469f86ffd829667fa179083b4  <metal-home>/igkm-spike-a/igkme-host-target/release/inclient
a4857fcef29d354dce2c55d6d4d019098cf4c9cfd3414cfe5aa521cd952302ff  <metal-home>/overdrive/spike-scratch/in-guest-kernel-mtls/increment-e/patches/0003-lib-lwip-readiness-interposition.patch
e3b35083cba6adf3def8328105dfbe3cd289714f34df61814ae852600969dfae  <metal-home>/overdrive/spike-scratch/in-guest-kernel-mtls/increment-e/../increment-d/patches/0001-posix-socket-connect-post-hook.patch
9c798cce6ffca36e6d379f7a6463c9d7f5cb31fd3ac2c46228860c0ee13b10f4  <metal-home>/overdrive/spike-scratch/in-guest-kernel-mtls/increment-e/../increment-d/patches/0002-posix-socket-accept-post-hook.patch
preset=mesh boot_args="igkme netdev.ip=192.168.204.2/24:192.168.204.1 mtlsguard.mesh=192.168.204.1:6443-6450 mtlsguard.mesh_in=192.168.204.2:7443 mtlsguard.agent_port=7100 -- run"

===== create tap igke29101928 (the only host network change) =====
igke29101928     DOWN           192.168.204.1/24 

===== start capture, peer, relay =====
tcpdump: listening on igke29101928, link-type EN10MB (Ethernet), snapshot length 262144 bytes
tcpdump pid=284927 peer pid=284936 relay pid=284948 t+0.234253s
LISTEN 0      128    192.168.204.1:6443 0.0.0.0:* users:(("peer",pid=284936,fd=3))                          
LISTEN 0      128    192.168.204.1:6446 0.0.0.0:* users:(("peer",pid=284936,fd=8))                          
LISTEN 0      128    192.168.204.1:6447 0.0.0.0:* users:(("peer",pid=284936,fd=9))                          
LISTEN 0      128    192.168.204.1:6444 0.0.0.0:* users:(("peer",pid=284936,fd=4))                          
LISTEN 0      128    192.168.204.1:6445 0.0.0.0:* users:(("peer",pid=284936,fd=6))                          
LISTEN 0      128    192.168.204.1:6450 0.0.0.0:* users:(("peer",pid=284936,fd=16))                         
LISTEN 0      128    192.168.204.1:6448 0.0.0.0:* users:(("peer",pid=284936,fd=11))                         
LISTEN 0      128    192.168.204.1:6449 0.0.0.0:* users:(("peer",pid=284936,fd=14))                         
LISTEN 0      128    192.168.204.1:5001 0.0.0.0:* users:(("peer",pid=284936,fd=17))                         
u_str LISTEN 0      4096   <metal-home>/igkm-spike-a/runs-igkme/20260929T101928Z-284881/vsock.sock_7100 52285080 * 0 users:(("relay",pid=284948,fd=3))                                                                                                    

===== firecracker config =====
{
  "boot-source": {
    "kernel_image_path": "<metal-home>/igkm-spike-a/unikraft/out-igkme/igkme_fc-x86_64",
    "boot_args": "igkme netdev.ip=192.168.204.2/24:192.168.204.1 mtlsguard.mesh=192.168.204.1:6443-6450 mtlsguard.mesh_in=192.168.204.2:7443 mtlsguard.agent_port=7100 -- run"
  },
  "drives": [],
  "machine-config": { "vcpu_count": 1, "mem_size_mib": 512 },
  "network-interfaces": [
    { "iface_id": "net0", "guest_mac": "52:54:00:1a:04:05", "host_dev_name": "igke29101928" }
  ],
  "vsock": { "vsock_id": "vsock0", "guest_cid": 3, "uds_path": "<metal-home>/igkm-spike-a/runs-igkme/20260929T101928Z-284881/vsock.sock" },
  "logger": { "log_path": "<metal-home>/igkm-spike-a/runs-igkme/20260929T101928Z-284881/fc.log", "level": "Info", "show_level": true, "show_log_origin": true },
  "metrics": { "metrics_path": "<metal-home>/igkm-spike-a/runs-igkme/20260929T101928Z-284881/fc.metrics" }
}

===== launch =====
firecracker pid=284959 t+0.352942s
RUNNER: guest listening on :7443 (READY-FOR-INBOUND t=) -> inbound mTLS callers (peer-client, then peer-client-denied) t+0.828113s
RUNNER: client-first exchange 1 answered and relay connection c13 finished -> SIGKILL relay pid 284948 t+2.481993s
RUNNER: relay killed t+2.495663s; kill -0: gone
RUNNER: relay processes now: []
RUNNER: unix listeners on the agent path now: []
RUNNER: stale socket file left by the killed relay: srwxr-xr-x 1 root root 0 Sep 29 10:19 <metal-home>/igkm-spike-a/runs-igkme/20260929T101928Z-284881/vsock.sock_7100
firecracker exited on its own: exit=0 t+10.716967s
tcpdump pid 284927 still running -> SIGINT
peer pid 284936 still running -> SIGTERM

===== inbound caller log =====
INCLIENT[peer-client] tcp connected to 192.168.204.2:7443 presenting spiffe://overdrive.test/ns/default/sa/peer-client t+0.833794s
INCLIENT[peer-client] client-side handshake done version=TLSv1_3 suite=TLS13_AES_128_GCM_SHA256 server SPIFFE ID=spiffe://overdrive.test/ns/default/sa/guest-server t+0.846562s
INCLIENT[peer-client] wrote 32 bytes: IGKM-E-REQI inbound peer->guest\n t+0.846576s
INCLIENT[peer-client] read 33 bytes: IGKM-E-RESPI inbound guest->peer\n t+1.032846s
INCLIENT[peer-client] EOF (close_notify) after 33 bytes t+1.044770s
INCLIENT[peer-client-denied] tcp connected to 192.168.204.2:7443 presenting spiffe://overdrive.test/ns/default/sa/peer-client-denied t+1.047582s
INCLIENT[peer-client-denied] client-side handshake done version=TLSv1_3 suite=TLS13_AES_128_GCM_SHA256 server SPIFFE ID=spiffe://overdrive.test/ns/default/sa/guest-server t+1.074987s
INCLIENT[peer-client-denied] wrote 32 bytes: IGKM-E-REQI inbound peer->guest\n t+1.075001s
INCLIENT[peer-client-denied] read ended: peer closed connection without sending TLS close_notify: https://docs.rs/rustls/latest/rustls/manual/_03_howto/index.html#unexpected-eof; received 0 bytes t+1.099303s

===== relay log =====
RELAY listening on unix <metal-home>/igkm-spike-a/runs-igkme/20260929T101928Z-284881/vsock.sock_7100 pid=284948 client identity=spiffe://overdrive.test/ns/default/sa/guest-client server identity=spiffe://overdrive.test/ns/default/sa/guest-server (keys: client PKCS#8 138 B, guest-server PKCS#8 138 B, P-256 scalars 32 B, held in this process only; one thread per vsock connection) t+0.221730s
RELAY[c1] vsock connection accepted t+0.537881s
RELAY[c1] vsock rx OPEN payload=7 dst=192.168.204.1:6444 role=TLS client, local identity=spiffe://overdrive.test/ns/default/sa/guest-client t+0.539303s
RELAY[c1] vsock tx TO_PEER payload=194 wire=199 records[0x16/189] t+0.539567s
RELAY[c1] vsock tx NEED_PEER payload=0 wire=5  t+0.539577s
RELAY[c1] vsock rx FROM_PEER payload=127 records[0x16/122] t+0.544657s
RELAY[c1] vsock tx TO_PEER payload=6 wire=11 records[0x14/1] t+0.544790s
RELAY[c1] vsock tx NEED_PEER payload=0 wire=5  t+0.544798s
RELAY[c1] vsock rx FROM_PEER payload=6 records[0x14/1] t+0.549969s
RELAY[c1] vsock tx NEED_PEER payload=0 wire=5  t+0.549981s
RELAY[c1] vsock rx FROM_PEER payload=692 records[0x17/687] t+0.553399s
RELAY[c1] handshake NOT completed: policy deny: local spiffe://overdrive.test/ns/default/sa/guest-client <-> peer spiffe://overdrive.test/ns/default/sa/peer-denied (handshake aborted: invalid peer certificate: ApplicationVerificationFailure) t+0.553601s
RELAY[c1] vsock tx DENY payload=206 wire=211  t+0.553611s
RELAY[c1] guest closed the vsock connection (agent out of the data path) t+0.561780s
RELAY[c1] tally guest->host FROM_PEER: frames=3 wire_bytes=840
RELAY[c1] tally guest->host OPEN: frames=1 wire_bytes=12
RELAY[c1] tally host->guest DENY: frames=1 wire_bytes=211
RELAY[c1] tally host->guest NEED_PEER: frames=3 wire_bytes=15
RELAY[c1] tally host->guest TO_PEER: frames=2 wire_bytes=210
RELAY[c1] custody: host->guest total 436 bytes; client SVID key occurrences PKCS#8 DER=0 PEM=0 private scalar=0; guest-server SVID key occurrences PKCS#8 DER=0 PEM=0 private scalar=0; application traffic secrets sent (changed vs Spike B: expected 1 each when ALLOW) = []
RELAY[c2] vsock connection accepted t+0.577586s
RELAY[c2] vsock rx OPEN payload=7 dst=192.168.204.1:6445 role=TLS client, local identity=spiffe://overdrive.test/ns/default/sa/guest-client t+0.578919s
RELAY[c2] vsock tx TO_PEER payload=194 wire=199 records[0x16/189] t+0.579106s
RELAY[c2] vsock tx NEED_PEER payload=0 wire=5  t+0.579114s
RELAY[c2] vsock rx FROM_PEER payload=127 records[0x16/122] t+0.584272s
RELAY[c2] vsock tx TO_PEER payload=6 wire=11 records[0x14/1] t+0.584395s
RELAY[c2] vsock tx NEED_PEER payload=0 wire=5  t+0.584403s
RELAY[c2] vsock rx FROM_PEER payload=6 records[0x14/1] t+0.589597s
RELAY[c2] vsock tx NEED_PEER payload=0 wire=5  t+0.589609s
RELAY[c2] vsock rx FROM_PEER payload=693 records[0x17/688] t+0.593053s
RELAY[c2] vsock tx TO_PEER payload=610 wire=615 records[0x17/605] t+0.593425s
RELAY[c2] handshake complete: policy ALLOW local spiffe://overdrive.test/ns/default/sa/guest-client <-> peer spiffe://overdrive.test/ns/default/sa/peer-allowed; suite=TLS13_AES_128_GCM_SHA256 tx_seq=0 rx_seq=0 buffered_plaintext=false; traffic secrets from rustls KeyLog tx=CLIENT_TRAFFIC_SECRET_0 rx=SERVER_TRAFFIC_SECRET_0 (32 B each), host check HKDF(secret)==rustls key/iv tx=true rx=true t+0.593442s
RELAY[c2] vsock tx SECRETS payload=194 wire=199 (v2 suite=0x1301 tx: seq 0 secret 32B key 16B iv 12B; rx: seq 0 secret 32B key 16B iv 12B; peer id 50B) t+0.593454s
RELAY[c2] guest closed the vsock connection (agent out of the data path) t+0.605483s
RELAY[c2] tally guest->host FROM_PEER: frames=3 wire_bytes=841
RELAY[c2] tally guest->host OPEN: frames=1 wire_bytes=12
RELAY[c2] tally host->guest NEED_PEER: frames=3 wire_bytes=15
RELAY[c2] tally host->guest SECRETS: frames=1 wire_bytes=199
RELAY[c2] tally host->guest TO_PEER: frames=3 wire_bytes=825
RELAY[c2] custody: host->guest total 1039 bytes; client SVID key occurrences PKCS#8 DER=0 PEM=0 private scalar=0; guest-server SVID key occurrences PKCS#8 DER=0 PEM=0 private scalar=0; application traffic secrets sent (changed vs Spike B: expected 1 each when ALLOW) = [1,1]
RELAY[c3] vsock connection accepted t+0.839273s
RELAY[c3] vsock rx ACCEPT payload=13 local=192.168.204.2:7443 remote=192.168.204.1:51440 role=TLS server, local identity=spiffe://overdrive.test/ns/default/sa/guest-server t+0.840620s
RELAY[c3] vsock tx NEED_PEER payload=0 wire=5  t+0.840760s
RELAY[c3] vsock rx FROM_PEER payload=194 records[0x16/189] t+0.844036s
RELAY[c3] vsock tx TO_PEER payload=826 wire=831 records[0x16/122 0x14/1 0x17/688] t+0.844357s
RELAY[c3] vsock tx NEED_PEER payload=0 wire=5  t+0.844371s
RELAY[c3] vsock rx FROM_PEER payload=6 records[0x14/1] t+0.849535s
RELAY[c3] vsock tx NEED_PEER payload=0 wire=5  t+0.849560s
RELAY[c3] vsock rx FROM_PEER payload=610 records[0x17/605] t+0.852986s
RELAY[c3] handshake complete: policy ALLOW local spiffe://overdrive.test/ns/default/sa/guest-server <-> peer spiffe://overdrive.test/ns/default/sa/peer-client; suite=TLS13_AES_128_GCM_SHA256 tx_seq=0 rx_seq=0 buffered_plaintext=false; traffic secrets from rustls KeyLog tx=SERVER_TRAFFIC_SECRET_0 rx=CLIENT_TRAFFIC_SECRET_0 (32 B each), host check HKDF(secret)==rustls key/iv tx=true rx=true t+0.853285s
RELAY[c3] vsock tx SECRETS payload=193 wire=198 (v2 suite=0x1301 tx: seq 0 secret 32B key 16B iv 12B; rx: seq 0 secret 32B key 16B iv 12B; peer id 49B) t+0.853302s
RELAY[c3] guest closed the vsock connection (agent out of the data path) t+0.863472s
RELAY[c3] tally guest->host ACCEPT: frames=1 wire_bytes=18
RELAY[c3] tally guest->host FROM_PEER: frames=3 wire_bytes=825
RELAY[c3] tally host->guest NEED_PEER: frames=3 wire_bytes=15
RELAY[c3] tally host->guest SECRETS: frames=1 wire_bytes=198
RELAY[c3] tally host->guest TO_PEER: frames=1 wire_bytes=831
RELAY[c3] custody: host->guest total 1044 bytes; client SVID key occurrences PKCS#8 DER=0 PEM=0 private scalar=0; guest-server SVID key occurrences PKCS#8 DER=0 PEM=0 private scalar=0; application traffic secrets sent (changed vs Spike B: expected 1 each when ALLOW) = [1,1]
RELAY[c4] vsock connection accepted t+1.059660s
RELAY[c4] vsock rx ACCEPT payload=13 local=192.168.204.2:7443 remote=192.168.204.1:51446 role=TLS server, local identity=spiffe://overdrive.test/ns/default/sa/guest-server t+1.062632s
RELAY[c4] vsock tx NEED_PEER payload=0 wire=5  t+1.062779s
RELAY[c4] vsock rx FROM_PEER payload=194 records[0x16/189] t+1.070179s
RELAY[c4] vsock tx TO_PEER payload=827 wire=832 records[0x16/122 0x14/1 0x17/689] t+1.070462s
RELAY[c4] vsock tx NEED_PEER payload=0 wire=5  t+1.070473s
RELAY[c4] vsock rx FROM_PEER payload=6 records[0x14/1] t+1.081177s
RELAY[c4] vsock tx NEED_PEER payload=0 wire=5  t+1.081203s
RELAY[c4] vsock rx FROM_PEER payload=622 records[0x17/617] t+1.087019s
RELAY[c4] handshake NOT completed: policy deny: local spiffe://overdrive.test/ns/default/sa/guest-server <-> peer spiffe://overdrive.test/ns/default/sa/peer-client-denied (handshake aborted: invalid peer certificate: ApplicationVerificationFailure) t+1.087208s
RELAY[c4] vsock tx DENY payload=213 wire=218  t+1.087223s
RELAY[c4] guest closed the vsock connection (agent out of the data path) t+1.099253s
RELAY[c4] tally guest->host ACCEPT: frames=1 wire_bytes=18
RELAY[c4] tally guest->host FROM_PEER: frames=3 wire_bytes=837
RELAY[c4] tally host->guest DENY: frames=1 wire_bytes=218
RELAY[c4] tally host->guest NEED_PEER: frames=3 wire_bytes=15
RELAY[c4] tally host->guest TO_PEER: frames=1 wire_bytes=832
RELAY[c4] custody: host->guest total 1065 bytes; client SVID key occurrences PKCS#8 DER=0 PEM=0 private scalar=0; guest-server SVID key occurrences PKCS#8 DER=0 PEM=0 private scalar=0; application traffic secrets sent (changed vs Spike B: expected 1 each when ALLOW) = []
RELAY[c5] vsock connection accepted t+1.128890s
RELAY[c5] vsock rx OPEN payload=7 dst=192.168.204.1:6443 role=TLS client, local identity=spiffe://overdrive.test/ns/default/sa/guest-client t+1.130271s
RELAY[c5] vsock tx TO_PEER payload=194 wire=199 records[0x16/189] t+1.130506s
RELAY[c5] vsock tx NEED_PEER payload=0 wire=5  t+1.130517s
RELAY[c5] vsock rx FROM_PEER payload=127 records[0x16/122] t+1.135607s
RELAY[c5] vsock tx TO_PEER payload=6 wire=11 records[0x14/1] t+1.135739s
RELAY[c5] vsock tx NEED_PEER payload=0 wire=5  t+1.135758s
RELAY[c5] vsock rx FROM_PEER payload=6 records[0x14/1] t+1.140914s
RELAY[c5] vsock tx NEED_PEER payload=0 wire=5  t+1.140937s
RELAY[c5] vsock rx FROM_PEER payload=693 records[0x17/688] t+1.144358s
RELAY[c5] vsock tx TO_PEER payload=611 wire=616 records[0x17/606] t+1.144734s
RELAY[c5] handshake complete: policy ALLOW local spiffe://overdrive.test/ns/default/sa/guest-client <-> peer spiffe://overdrive.test/ns/default/sa/peer-allowed; suite=TLS13_AES_128_GCM_SHA256 tx_seq=0 rx_seq=0 buffered_plaintext=false; traffic secrets from rustls KeyLog tx=CLIENT_TRAFFIC_SECRET_0 rx=SERVER_TRAFFIC_SECRET_0 (32 B each), host check HKDF(secret)==rustls key/iv tx=true rx=true t+1.144750s
RELAY[c5] vsock tx SECRETS payload=194 wire=199 (v2 suite=0x1301 tx: seq 0 secret 32B key 16B iv 12B; rx: seq 0 secret 32B key 16B iv 12B; peer id 50B) t+1.144762s
RELAY[c5] guest closed the vsock connection (agent out of the data path) t+1.156745s
RELAY[c5] tally guest->host FROM_PEER: frames=3 wire_bytes=841
RELAY[c5] tally guest->host OPEN: frames=1 wire_bytes=12
RELAY[c5] tally host->guest NEED_PEER: frames=3 wire_bytes=15
RELAY[c5] tally host->guest SECRETS: frames=1 wire_bytes=199
RELAY[c5] tally host->guest TO_PEER: frames=3 wire_bytes=826
RELAY[c5] custody: host->guest total 1040 bytes; client SVID key occurrences PKCS#8 DER=0 PEM=0 private scalar=0; guest-server SVID key occurrences PKCS#8 DER=0 PEM=0 private scalar=0; application traffic secrets sent (changed vs Spike B: expected 1 each when ALLOW) = [1,1]
RELAY[c6] vsock connection accepted t+1.313551s
RELAY[c6] vsock rx OPEN payload=7 dst=192.168.204.1:6445 role=TLS client, local identity=spiffe://overdrive.test/ns/default/sa/guest-client t+1.314948s
RELAY[c6] vsock tx TO_PEER payload=194 wire=199 records[0x16/189] t+1.315179s
RELAY[c6] vsock tx NEED_PEER payload=0 wire=5  t+1.315191s
RELAY[c6] vsock rx FROM_PEER payload=127 records[0x16/122] t+1.320261s
RELAY[c6] vsock tx TO_PEER payload=6 wire=11 records[0x14/1] t+1.320406s
RELAY[c6] vsock tx NEED_PEER payload=0 wire=5  t+1.320415s
RELAY[c6] vsock rx FROM_PEER payload=6 records[0x14/1] t+1.325568s
RELAY[c6] vsock tx NEED_PEER payload=0 wire=5  t+1.325583s
RELAY[c6] vsock rx FROM_PEER payload=694 records[0x17/689] t+1.329010s
RELAY[c6] vsock tx TO_PEER payload=610 wire=615 records[0x17/605] t+1.329428s
RELAY[c6] handshake complete: policy ALLOW local spiffe://overdrive.test/ns/default/sa/guest-client <-> peer spiffe://overdrive.test/ns/default/sa/peer-allowed; suite=TLS13_AES_128_GCM_SHA256 tx_seq=0 rx_seq=0 buffered_plaintext=false; traffic secrets from rustls KeyLog tx=CLIENT_TRAFFIC_SECRET_0 rx=SERVER_TRAFFIC_SECRET_0 (32 B each), host check HKDF(secret)==rustls key/iv tx=true rx=true t+1.329447s
RELAY[c6] vsock tx SECRETS payload=194 wire=199 (v2 suite=0x1301 tx: seq 0 secret 32B key 16B iv 12B; rx: seq 0 secret 32B key 16B iv 12B; peer id 50B) t+1.329460s
RELAY[c6] guest closed the vsock connection (agent out of the data path) t+1.341465s
RELAY[c6] tally guest->host FROM_PEER: frames=3 wire_bytes=842
RELAY[c6] tally guest->host OPEN: frames=1 wire_bytes=12
RELAY[c6] tally host->guest NEED_PEER: frames=3 wire_bytes=15
RELAY[c6] tally host->guest SECRETS: frames=1 wire_bytes=199
RELAY[c6] tally host->guest TO_PEER: frames=3 wire_bytes=825
RELAY[c6] custody: host->guest total 1039 bytes; client SVID key occurrences PKCS#8 DER=0 PEM=0 private scalar=0; guest-server SVID key occurrences PKCS#8 DER=0 PEM=0 private scalar=0; application traffic secrets sent (changed vs Spike B: expected 1 each when ALLOW) = [1,1]
RELAY[c7] vsock connection accepted t+1.590178s
RELAY[c7] vsock rx OPEN payload=7 dst=192.168.204.1:6447 role=TLS client, local identity=spiffe://overdrive.test/ns/default/sa/guest-client t+1.591541s
RELAY[c7] vsock tx TO_PEER payload=194 wire=199 records[0x16/189] t+1.591752s
RELAY[c7] vsock tx NEED_PEER payload=0 wire=5  t+1.591762s
RELAY[c7] vsock rx FROM_PEER payload=127 records[0x16/122] t+1.596892s
RELAY[c7] vsock tx TO_PEER payload=6 wire=11 records[0x14/1] t+1.597032s
RELAY[c7] vsock tx NEED_PEER payload=0 wire=5  t+1.597053s
RELAY[c7] vsock rx FROM_PEER payload=6 records[0x14/1] t+1.602203s
RELAY[c7] vsock tx NEED_PEER payload=0 wire=5  t+1.602216s
RELAY[c7] vsock rx FROM_PEER payload=694 records[0x17/689] t+1.605630s
RELAY[c7] vsock tx TO_PEER payload=611 wire=616 records[0x17/606] t+1.606010s
RELAY[c7] handshake complete: policy ALLOW local spiffe://overdrive.test/ns/default/sa/guest-client <-> peer spiffe://overdrive.test/ns/default/sa/peer-allowed; suite=TLS13_AES_128_GCM_SHA256 tx_seq=0 rx_seq=0 buffered_plaintext=false; traffic secrets from rustls KeyLog tx=CLIENT_TRAFFIC_SECRET_0 rx=SERVER_TRAFFIC_SECRET_0 (32 B each), host check HKDF(secret)==rustls key/iv tx=true rx=true t+1.606030s
RELAY[c7] vsock tx SECRETS payload=194 wire=199 (v2 suite=0x1301 tx: seq 0 secret 32B key 16B iv 12B; rx: seq 0 secret 32B key 16B iv 12B; peer id 50B) t+1.606042s
RELAY[c7] guest closed the vsock connection (agent out of the data path) t+1.618030s
RELAY[c7] tally guest->host FROM_PEER: frames=3 wire_bytes=842
RELAY[c7] tally guest->host OPEN: frames=1 wire_bytes=12
RELAY[c7] tally host->guest NEED_PEER: frames=3 wire_bytes=15
RELAY[c7] tally host->guest SECRETS: frames=1 wire_bytes=199
RELAY[c7] tally host->guest TO_PEER: frames=3 wire_bytes=826
RELAY[c7] custody: host->guest total 1040 bytes; client SVID key occurrences PKCS#8 DER=0 PEM=0 private scalar=0; guest-server SVID key occurrences PKCS#8 DER=0 PEM=0 private scalar=0; application traffic secrets sent (changed vs Spike B: expected 1 each when ALLOW) = [1,1]
RELAY[c8] vsock connection accepted t+1.693148s
RELAY[c8] vsock rx OPEN payload=7 dst=192.168.204.1:6445 role=TLS client, local identity=spiffe://overdrive.test/ns/default/sa/guest-client t+1.694506s
RELAY[c8] vsock tx TO_PEER payload=194 wire=199 records[0x16/189] t+1.694728s
RELAY[c8] vsock tx NEED_PEER payload=0 wire=5  t+1.694738s
RELAY[c8] vsock rx FROM_PEER payload=127 records[0x16/122] t+1.699865s
RELAY[c8] vsock tx TO_PEER payload=6 wire=11 records[0x14/1] t+1.700022s
RELAY[c8] vsock tx NEED_PEER payload=0 wire=5  t+1.700034s
RELAY[c8] vsock rx FROM_PEER payload=6 records[0x14/1] t+1.705189s
RELAY[c8] vsock tx NEED_PEER payload=0 wire=5  t+1.705202s
RELAY[c8] vsock rx FROM_PEER payload=693 records[0x17/688] t+1.708628s
RELAY[c8] vsock tx TO_PEER payload=611 wire=616 records[0x17/606] t+1.709058s
RELAY[c8] handshake complete: policy ALLOW local spiffe://overdrive.test/ns/default/sa/guest-client <-> peer spiffe://overdrive.test/ns/default/sa/peer-allowed; suite=TLS13_AES_128_GCM_SHA256 tx_seq=0 rx_seq=0 buffered_plaintext=false; traffic secrets from rustls KeyLog tx=CLIENT_TRAFFIC_SECRET_0 rx=SERVER_TRAFFIC_SECRET_0 (32 B each), host check HKDF(secret)==rustls key/iv tx=true rx=true t+1.709079s
RELAY[c8] vsock tx SECRETS payload=194 wire=199 (v2 suite=0x1301 tx: seq 0 secret 32B key 16B iv 12B; rx: seq 0 secret 32B key 16B iv 12B; peer id 50B) t+1.709092s
RELAY[c8] guest closed the vsock connection (agent out of the data path) t+1.721023s
RELAY[c8] tally guest->host FROM_PEER: frames=3 wire_bytes=841
RELAY[c8] tally guest->host OPEN: frames=1 wire_bytes=12
RELAY[c8] tally host->guest NEED_PEER: frames=3 wire_bytes=15
RELAY[c8] tally host->guest SECRETS: frames=1 wire_bytes=199
RELAY[c8] tally host->guest TO_PEER: frames=3 wire_bytes=826
RELAY[c8] custody: host->guest total 1040 bytes; client SVID key occurrences PKCS#8 DER=0 PEM=0 private scalar=0; guest-server SVID key occurrences PKCS#8 DER=0 PEM=0 private scalar=0; application traffic secrets sent (changed vs Spike B: expected 1 each when ALLOW) = [1,1]
RELAY[c9] vsock connection accepted t+1.806086s
RELAY[c9] vsock rx OPEN payload=7 dst=192.168.204.1:6446 role=TLS client, local identity=spiffe://overdrive.test/ns/default/sa/guest-client t+1.807453s
RELAY[c9] vsock tx TO_PEER payload=194 wire=199 records[0x16/189] t+1.807678s
RELAY[c9] vsock tx NEED_PEER payload=0 wire=5  t+1.807689s
RELAY[c9] vsock rx FROM_PEER payload=127 records[0x16/122] t+1.812805s
RELAY[c9] vsock tx TO_PEER payload=6 wire=11 records[0x14/1] t+1.812964s
RELAY[c9] vsock tx NEED_PEER payload=0 wire=5  t+1.812986s
RELAY[c9] vsock rx FROM_PEER payload=6 records[0x14/1] t+1.818129s
RELAY[c9] vsock tx NEED_PEER payload=0 wire=5  t+1.818143s
RELAY[c9] vsock rx FROM_PEER payload=693 records[0x17/688] t+1.821567s
RELAY[c9] vsock tx TO_PEER payload=610 wire=615 records[0x17/605] t+1.821995s
RELAY[c9] handshake complete: policy ALLOW local spiffe://overdrive.test/ns/default/sa/guest-client <-> peer spiffe://overdrive.test/ns/default/sa/peer-allowed; suite=TLS13_AES_128_GCM_SHA256 tx_seq=0 rx_seq=0 buffered_plaintext=false; traffic secrets from rustls KeyLog tx=CLIENT_TRAFFIC_SECRET_0 rx=SERVER_TRAFFIC_SECRET_0 (32 B each), host check HKDF(secret)==rustls key/iv tx=true rx=true t+1.822016s
RELAY[c9] vsock tx SECRETS payload=194 wire=199 (v2 suite=0x1301 tx: seq 0 secret 32B key 16B iv 12B; rx: seq 0 secret 32B key 16B iv 12B; peer id 50B) t+1.822030s
RELAY[c9] guest closed the vsock connection (agent out of the data path) t+1.833977s
RELAY[c9] tally guest->host FROM_PEER: frames=3 wire_bytes=841
RELAY[c9] tally guest->host OPEN: frames=1 wire_bytes=12
RELAY[c9] tally host->guest NEED_PEER: frames=3 wire_bytes=15
RELAY[c9] tally host->guest SECRETS: frames=1 wire_bytes=199
RELAY[c9] tally host->guest TO_PEER: frames=3 wire_bytes=825
RELAY[c9] custody: host->guest total 1039 bytes; client SVID key occurrences PKCS#8 DER=0 PEM=0 private scalar=0; guest-server SVID key occurrences PKCS#8 DER=0 PEM=0 private scalar=0; application traffic secrets sent (changed vs Spike B: expected 1 each when ALLOW) = [1,1]
RELAY[c10] vsock connection accepted t+2.157862s
RELAY[c10] vsock rx OPEN payload=7 dst=192.168.204.1:6448 role=TLS client, local identity=spiffe://overdrive.test/ns/default/sa/guest-client t+2.159259s
RELAY[c10] vsock tx TO_PEER payload=194 wire=199 records[0x16/189] t+2.159483s
RELAY[c10] vsock tx NEED_PEER payload=0 wire=5  t+2.159494s
RELAY[c10] vsock rx FROM_PEER payload=127 records[0x16/122] t+2.164693s
RELAY[c10] vsock tx TO_PEER payload=6 wire=11 records[0x14/1] t+2.164823s
RELAY[c10] vsock tx NEED_PEER payload=0 wire=5  t+2.164831s
RELAY[c10] vsock rx FROM_PEER payload=6 records[0x14/1] t+2.170087s
RELAY[c10] vsock tx NEED_PEER payload=0 wire=5  t+2.170099s
RELAY[c10] vsock rx FROM_PEER payload=693 records[0x17/688] t+2.173561s
RELAY[c10] vsock tx TO_PEER payload=611 wire=616 records[0x17/606] t+2.173953s
RELAY[c10] handshake complete: policy ALLOW local spiffe://overdrive.test/ns/default/sa/guest-client <-> peer spiffe://overdrive.test/ns/default/sa/peer-allowed; suite=TLS13_AES_128_GCM_SHA256 tx_seq=0 rx_seq=0 buffered_plaintext=false; traffic secrets from rustls KeyLog tx=CLIENT_TRAFFIC_SECRET_0 rx=SERVER_TRAFFIC_SECRET_0 (32 B each), host check HKDF(secret)==rustls key/iv tx=true rx=true t+2.173972s
RELAY[c10] vsock tx SECRETS payload=194 wire=199 (v2 suite=0x1301 tx: seq 0 secret 32B key 16B iv 12B; rx: seq 0 secret 32B key 16B iv 12B; peer id 50B) t+2.173984s
RELAY[c10] guest closed the vsock connection (agent out of the data path) t+2.186136s
RELAY[c10] tally guest->host FROM_PEER: frames=3 wire_bytes=841
RELAY[c10] tally guest->host OPEN: frames=1 wire_bytes=12
RELAY[c10] tally host->guest NEED_PEER: frames=3 wire_bytes=15
RELAY[c10] tally host->guest SECRETS: frames=1 wire_bytes=199
RELAY[c10] tally host->guest TO_PEER: frames=3 wire_bytes=826
RELAY[c10] custody: host->guest total 1040 bytes; client SVID key occurrences PKCS#8 DER=0 PEM=0 private scalar=0; guest-server SVID key occurrences PKCS#8 DER=0 PEM=0 private scalar=0; application traffic secrets sent (changed vs Spike B: expected 1 each when ALLOW) = [1,1]
RELAY[c11] vsock connection accepted t+2.271896s
RELAY[c11] vsock rx OPEN payload=7 dst=192.168.204.1:6449 role=TLS client, local identity=spiffe://overdrive.test/ns/default/sa/guest-client t+2.273302s
RELAY[c11] vsock tx TO_PEER payload=194 wire=199 records[0x16/189] t+2.273523s
RELAY[c11] vsock tx NEED_PEER payload=0 wire=5  t+2.273534s
RELAY[c11] vsock rx FROM_PEER payload=127 records[0x16/122] t+2.278703s
RELAY[c11] vsock tx TO_PEER payload=6 wire=11 records[0x14/1] t+2.278842s
RELAY[c11] vsock tx NEED_PEER payload=0 wire=5  t+2.278851s
RELAY[c11] vsock rx FROM_PEER payload=6 records[0x14/1] t+2.284105s
RELAY[c11] vsock tx NEED_PEER payload=0 wire=5  t+2.284117s
RELAY[c11] vsock rx FROM_PEER payload=693 records[0x17/688] t+2.287579s
RELAY[c11] vsock tx TO_PEER payload=610 wire=615 records[0x17/605] t+2.287954s
RELAY[c11] handshake complete: policy ALLOW local spiffe://overdrive.test/ns/default/sa/guest-client <-> peer spiffe://overdrive.test/ns/default/sa/peer-allowed; suite=TLS13_AES_128_GCM_SHA256 tx_seq=0 rx_seq=0 buffered_plaintext=false; traffic secrets from rustls KeyLog tx=CLIENT_TRAFFIC_SECRET_0 rx=SERVER_TRAFFIC_SECRET_0 (32 B each), host check HKDF(secret)==rustls key/iv tx=true rx=true t+2.287973s
RELAY[c11] vsock tx SECRETS payload=194 wire=199 (v2 suite=0x1301 tx: seq 0 secret 32B key 16B iv 12B; rx: seq 0 secret 32B key 16B iv 12B; peer id 50B) t+2.287985s
RELAY[c11] guest closed the vsock connection (agent out of the data path) t+2.300137s
RELAY[c11] tally guest->host FROM_PEER: frames=3 wire_bytes=841
RELAY[c11] tally guest->host OPEN: frames=1 wire_bytes=12
RELAY[c11] tally host->guest NEED_PEER: frames=3 wire_bytes=15
RELAY[c11] tally host->guest SECRETS: frames=1 wire_bytes=199
RELAY[c11] tally host->guest TO_PEER: frames=3 wire_bytes=825
RELAY[c11] custody: host->guest total 1039 bytes; client SVID key occurrences PKCS#8 DER=0 PEM=0 private scalar=0; guest-server SVID key occurrences PKCS#8 DER=0 PEM=0 private scalar=0; application traffic secrets sent (changed vs Spike B: expected 1 each when ALLOW) = [1,1]
RELAY[c12] vsock connection accepted t+2.355018s
RELAY[c12] vsock rx OPEN payload=7 dst=192.168.204.1:6444 role=TLS client, local identity=spiffe://overdrive.test/ns/default/sa/guest-client t+2.356422s
RELAY[c12] vsock tx TO_PEER payload=194 wire=199 records[0x16/189] t+2.356621s
RELAY[c12] vsock tx NEED_PEER payload=0 wire=5  t+2.356629s
RELAY[c12] vsock rx FROM_PEER payload=127 records[0x16/122] t+2.361848s
RELAY[c12] vsock tx TO_PEER payload=6 wire=11 records[0x14/1] t+2.362009s
RELAY[c12] vsock tx NEED_PEER payload=0 wire=5  t+2.362020s
RELAY[c12] vsock rx FROM_PEER payload=6 records[0x14/1] t+2.367249s
RELAY[c12] vsock tx NEED_PEER payload=0 wire=5  t+2.367262s
RELAY[c12] vsock rx FROM_PEER payload=692 records[0x17/687] t+2.370735s
RELAY[c12] handshake NOT completed: policy deny: local spiffe://overdrive.test/ns/default/sa/guest-client <-> peer spiffe://overdrive.test/ns/default/sa/peer-denied (handshake aborted: invalid peer certificate: ApplicationVerificationFailure) t+2.370954s
RELAY[c12] vsock tx DENY payload=206 wire=211  t+2.370968s
RELAY[c12] guest closed the vsock connection (agent out of the data path) t+2.379222s
RELAY[c12] tally guest->host FROM_PEER: frames=3 wire_bytes=840
RELAY[c12] tally guest->host OPEN: frames=1 wire_bytes=12
RELAY[c12] tally host->guest DENY: frames=1 wire_bytes=211
RELAY[c12] tally host->guest NEED_PEER: frames=3 wire_bytes=15
RELAY[c12] tally host->guest TO_PEER: frames=2 wire_bytes=210
RELAY[c12] custody: host->guest total 436 bytes; client SVID key occurrences PKCS#8 DER=0 PEM=0 private scalar=0; guest-server SVID key occurrences PKCS#8 DER=0 PEM=0 private scalar=0; application traffic secrets sent (changed vs Spike B: expected 1 each when ALLOW) = []
RELAY[c13] vsock connection accepted t+2.395788s
RELAY[c13] vsock rx OPEN payload=7 dst=192.168.204.1:6450 role=TLS client, local identity=spiffe://overdrive.test/ns/default/sa/guest-client t+2.397179s
RELAY[c13] vsock tx TO_PEER payload=194 wire=199 records[0x16/189] t+2.397376s
RELAY[c13] vsock tx NEED_PEER payload=0 wire=5  t+2.397386s
RELAY[c13] vsock rx FROM_PEER payload=127 records[0x16/122] t+2.402586s
RELAY[c13] vsock tx TO_PEER payload=6 wire=11 records[0x14/1] t+2.402723s
RELAY[c13] vsock tx NEED_PEER payload=0 wire=5  t+2.402732s
RELAY[c13] vsock rx FROM_PEER payload=6 records[0x14/1] t+2.408059s
RELAY[c13] vsock tx NEED_PEER payload=0 wire=5  t+2.408082s
RELAY[c13] vsock rx FROM_PEER payload=694 records[0x17/689] t+2.411544s
RELAY[c13] vsock tx TO_PEER payload=612 wire=617 records[0x17/607] t+2.411980s
RELAY[c13] handshake complete: policy ALLOW local spiffe://overdrive.test/ns/default/sa/guest-client <-> peer spiffe://overdrive.test/ns/default/sa/peer-allowed; suite=TLS13_AES_128_GCM_SHA256 tx_seq=0 rx_seq=0 buffered_plaintext=false; traffic secrets from rustls KeyLog tx=CLIENT_TRAFFIC_SECRET_0 rx=SERVER_TRAFFIC_SECRET_0 (32 B each), host check HKDF(secret)==rustls key/iv tx=true rx=true t+2.412003s
RELAY[c13] vsock tx SECRETS payload=194 wire=199 (v2 suite=0x1301 tx: seq 0 secret 32B key 16B iv 12B; rx: seq 0 secret 32B key 16B iv 12B; peer id 50B) t+2.412016s
RELAY[c13] guest closed the vsock connection (agent out of the data path) t+2.424042s
RELAY[c13] tally guest->host FROM_PEER: frames=3 wire_bytes=842
RELAY[c13] tally guest->host OPEN: frames=1 wire_bytes=12
RELAY[c13] tally host->guest NEED_PEER: frames=3 wire_bytes=15
RELAY[c13] tally host->guest SECRETS: frames=1 wire_bytes=199
RELAY[c13] tally host->guest TO_PEER: frames=3 wire_bytes=827
RELAY[c13] custody: host->guest total 1041 bytes; client SVID key occurrences PKCS#8 DER=0 PEM=0 private scalar=0; guest-server SVID key occurrences PKCS#8 DER=0 PEM=0 private scalar=0; application traffic secrets sent (changed vs Spike B: expected 1 each when ALLOW) = [1,1]

===== peer log =====
PEER listening tls 192.168.204.1:6443 identity=spiffe://overdrive.test/ns/default/sa/peer-allowed mode=Echo tickets=2 (rustls default) t+0.215293s
PEER listening tls 192.168.204.1:6444 identity=spiffe://overdrive.test/ns/default/sa/peer-denied mode=Echo tickets=2 (rustls default) t+0.215448s
PEER listening tls 192.168.204.1:6445 identity=spiffe://overdrive.test/ns/default/sa/peer-allowed mode=ServerFirst tickets=2 (rustls default) t+0.215555s
PEER listening tls 192.168.204.1:6446 identity=spiffe://overdrive.test/ns/default/sa/peer-allowed mode=KeyUpdateEcho tickets=2 (rustls default) t+0.215653s
PEER listening tls 192.168.204.1:6447 identity=spiffe://overdrive.test/ns/default/sa/peer-allowed mode=Bulk tickets=2 (rustls default) t+0.215743s
PEER listening tls 192.168.204.1:6448 identity=spiffe://overdrive.test/ns/default/sa/peer-allowed mode=RawOk tickets=0 via rustls (crafted by the raw record layer) t+0.215833s
PEER listening tls 192.168.204.1:6449 identity=spiffe://overdrive.test/ns/default/sa/peer-allowed mode=RawBad tickets=0 via rustls (crafted by the raw record layer) t+0.215934s
PEER listening tls 192.168.204.1:6450 identity=spiffe://overdrive.test/ns/default/sa/peer-allowed mode=Echo tickets=2 (rustls default) t+0.216030s
PEER listening plain 192.168.204.1:5001 (non-mesh pass-through) t+0.216068s
PEER ready t+0.216099s
PEER[5001#1] accepted tcp from 192.168.204.2:54374 t+0.517214s
PEER[5001#1] rx plaintext line 1 (42 bytes): IGKM-E-PLAIN-REQ pass-through guest->host\n t+0.528452s
PEER[5001#1] tx plaintext line 1 (43 bytes): IGKM-E-PLAIN-RESP pass-through host->guest\n t+0.528503s
PEER[5001#1] EOF t+0.531163s
PEER[6444#1] accepted tcp from 192.168.204.2:54375 t+0.532979s
PEER[6444#1] handshake FAILED: unexpected end of file; application plaintext bytes received=0 t+0.561821s
PEER[6445#1] accepted tcp from 192.168.204.2:54376 t+0.572733s
PEER[6445#1] handshake OK version=TLSv1_3 suite=TLS13_AES_128_GCM_SHA256 verified client SPIFFE ID=spiffe://overdrive.test/ns/default/sa/guest-client mode=ServerFirst send_tls13_tickets=2 t+0.627486s
PEER[6445#1] sent greeting first (41 bytes): IGKM-E-GREETING server-first peer->guest\n t+0.627513s
PEER[6445#1] rx plaintext line 1 (37 bytes): IGKM-E-REQS server-first guest->peer\n t+0.774029s
PEER[6445#1] tx plaintext line 1 (38 bytes): IGKM-E-RESPS server-first peer->guest\n t+0.774092s
PEER[6445#1] clean close (close_notify received); application plaintext bytes received=37 t+0.784402s
PEER[6443#1] accepted tcp from 192.168.204.2:54377 t+1.126645s
PEER[6443#1] handshake OK version=TLSv1_3 suite=TLS13_AES_128_GCM_SHA256 verified client SPIFFE ID=spiffe://overdrive.test/ns/default/sa/guest-client mode=Echo send_tls13_tickets=2 t+1.179437s
PEER[6443#1] rx plaintext line 1 (40 bytes): IGKM-E-REQ1 nb-client-first guest->peer\n t+1.179460s
PEER[6443#1] tx plaintext line 1 (41 bytes): IGKM-E-RESP1 nb-client-first peer->guest\n t+1.179474s
PEER[6443#1] clean close (close_notify received); application plaintext bytes received=40 t+1.283478s
PEER[6445#2] accepted tcp from 192.168.204.2:54378 t+1.311146s
PEER[6445#2] handshake OK version=TLSv1_3 suite=TLS13_AES_128_GCM_SHA256 verified client SPIFFE ID=spiffe://overdrive.test/ns/default/sa/guest-client mode=ServerFirst send_tls13_tickets=2 t+1.363504s
PEER[6445#2] sent greeting first (41 bytes): IGKM-E-GREETING server-first peer->guest\n t+1.363535s
PEER[6445#2] rx plaintext line 1 (37 bytes): IGKM-E-REQS server-first guest->peer\n t+1.531760s
PEER[6445#2] tx plaintext line 1 (38 bytes): IGKM-E-RESPS server-first peer->guest\n t+1.531824s
PEER[6445#2] clean close (close_notify received); application plaintext bytes received=37 t+1.554572s
PEER[6447#1] accepted tcp from 192.168.204.2:54379 t+1.586761s
PEER[6447#1] handshake OK version=TLSv1_3 suite=TLS13_AES_128_GCM_SHA256 verified client SPIFFE ID=spiffe://overdrive.test/ns/default/sa/guest-client mode=Bulk send_tls13_tickets=2 t+1.640506s
PEER[6447#1] rx plaintext line 1 (32 bytes): IGKM-E-REQB et-bulk guest->peer\n t+1.640533s
PEER[6447#1] tx plaintext line 1 (33 bytes): IGKM-E-RESPB et-bulk peer->guest\n t+1.640548s
PEER[6447#1] tx bulk 40000 bytes (pattern (i*7+3)%251, fnv1a32=0xccf62e40; rustls splits it into 16384-byte records) t+1.640899s
PEER[6447#1] clean close (close_notify received); application plaintext bytes received=32 t+1.672803s
PEER[6445#3] accepted tcp from 192.168.204.2:54380 t+1.690868s
PEER[6445#3] handshake OK version=TLSv1_3 suite=TLS13_AES_128_GCM_SHA256 verified client SPIFFE ID=spiffe://overdrive.test/ns/default/sa/guest-client mode=ServerFirst send_tls13_tickets=2 t+1.743498s
PEER[6445#3] sent greeting first (41 bytes): IGKM-E-GREETING server-first peer->guest\n t+1.743528s
PEER[6445#3] rx plaintext line 1 (35 bytes): IGKM-E-REQP poll-1byte guest->peer\n t+1.774198s
PEER[6445#3] tx plaintext line 1 (36 bytes): IGKM-E-RESPP poll-1byte peer->guest\n t+1.774236s
PEER[6445#3] clean close (close_notify received); application plaintext bytes received=35 t+1.786753s
PEER[6446#1] accepted tcp from 192.168.204.2:54381 t+1.803830s
PEER[6446#1] handshake OK version=TLSv1_3 suite=TLS13_AES_128_GCM_SHA256 verified client SPIFFE ID=spiffe://overdrive.test/ns/default/sa/guest-client mode=KeyUpdateEcho send_tls13_tickets=2 t+1.856508s
PEER[6446#1] rx plaintext line 1 (35 bytes): IGKM-E-REQK1 keyupdate guest->peer\n t+1.856532s
PEER[6446#1] refresh_traffic_keys(): KeyUpdate(update_requested) queued ahead of response 1; peer tx keys advance t+1.856543s
PEER[6446#1] tx plaintext line 1 (36 bytes): IGKM-E-RESPK1 keyupdate peer->guest\n t+1.856560s
PEER[6446#1] rx plaintext line 2 (35 bytes): IGKM-E-REQK2 keyupdate guest->peer\n t+2.073296s
PEER[6446#1] refresh_traffic_keys(): KeyUpdate(update_requested) queued ahead of response 2; peer tx keys advance t+2.073344s
PEER[6446#1] tx plaintext line 2 (36 bytes): IGKM-E-RESPK2 keyupdate peer->guest\n t+2.073395s
PEER[6446#1] rx plaintext line 3 (35 bytes): IGKM-E-REQK3 keyupdate guest->peer\n t+2.104997s
PEER[6446#1] refresh_traffic_keys(): KeyUpdate(update_requested) queued ahead of response 3; peer tx keys advance t+2.105016s
PEER[6446#1] tx plaintext line 3 (36 bytes): IGKM-E-RESPK3 keyupdate peer->guest\n t+2.105057s
PEER[6446#1] clean close (close_notify received); application plaintext bytes received=105 t+2.136449s
PEER[6448#1] accepted tcp from 192.168.204.2:54382 t+2.155574s
PEER[6448#1] handshake OK verified client SPIFFE ID=spiffe://overdrive.test/ns/default/sa/guest-client mode=RawOk; rustls tickets=0; switched to a hand-rolled record layer (tx_seq=0 rx_seq=0, KeyLog secret matches rustls tx key=true) t+2.207474s
PEER[6448#1] raw tx ONE write of 352 bytes = records [0x17/94 0x17/54 0x17/131 0x17/53] = [inner 0x16 77B, inner 0x16 37B, inner 0x16 114B, inner 0x17 36B]: NST1 (57 B) + first 20 B of NST2 | remaining 37 B of NST2 | NST3 + NST4 | greeting IGKM-E-GREETING raw-nst peer->guest\n t+2.207525s
PEER[6448#1] raw rx record rx_seq=0 wire=54 inner 0x17 plaintext (32 bytes): IGKM-E-REQR raw-nst guest->peer\n t+2.228379s
PEER[6448#1] raw tx ONE write: KeyUpdate(update_not_requested) record 0x17/22 under tx generation 0, then tx keys -> generation 1 (seq 0), then response record 0x17/50 under the NEW key: IGKM-E-RESPR raw-nst peer->guest\n t+2.228424s
PEER[6448#1] raw rx record rx_seq=1 wire=63 inner 0x17 plaintext (41 bytes): IGKM-E-REQR2 after-keyupdate guest->peer\n t+2.240877s
PEER[6448#1] raw tx response 2 under tx generation 1 seq 1: IGKM-E-RESPR2 after-keyupdate peer->guest\n t+2.240956s
PEER[6448#1] raw rx alert 0100 (close_notify = 0100) t+2.251980s
PEER[6448#1] raw tx close_notify; done t+2.252005s
PEER[6449#1] accepted tcp from 192.168.204.2:54383 t+2.269600s
PEER[6449#1] handshake OK verified client SPIFFE ID=spiffe://overdrive.test/ns/default/sa/guest-client mode=RawBad; rustls tickets=0; switched to a hand-rolled record layer (tx_seq=0 rx_seq=0, KeyLog secret matches rustls tx key=true) t+2.321456s
PEER[6449#1] raw tx ONE write of 175 bytes = records [0x17/74 0x17/24 0x17/62] = [inner 0x16 57B, inner 0x16 7B, inner 0x17 45B]: NST | CertificateRequest(13) | IGKM-E-SHOULD-NOT-ARRIVE raw-bad peer->guest\n t+2.321506s
PEER[6449#1] raw rx record inner 0x15: 020a (0x15 0232 = fatal unexpected_message) t+2.330946s
PEER[6449#1] raw read ended: Connection reset by peer (os error 104) (guest closed the connection) t+2.330969s
PEER[6444#2] accepted tcp from 192.168.204.2:54384 t+2.352707s
PEER[6444#2] handshake FAILED: unexpected end of file; application plaintext bytes received=0 t+2.379281s
PEER[6450#1] accepted tcp from 192.168.204.2:54385 t+2.390898s
PEER[6450#1] handshake OK version=TLSv1_3 suite=TLS13_AES_128_GCM_SHA256 verified client SPIFFE ID=spiffe://overdrive.test/ns/default/sa/guest-client mode=Echo send_tls13_tickets=2 t+2.445505s
PEER[6450#1] rx plaintext line 1 (37 bytes): IGKM-E-REQ1 client-first guest->peer\n t+2.445529s
PEER[6450#1] tx plaintext line 1 (38 bytes): IGKM-E-RESP1 client-first peer->guest\n t+2.445545s
PEER[6450#1] rx plaintext line 2 (41 bytes): IGKM-E-REQ2 after-relay-kill guest->peer\n t+10.532406s
PEER[6450#1] tx plaintext line 2 (42 bytes): IGKM-E-RESP2 after-relay-kill peer->guest\n t+10.532482s
PEER[6450#1] clean close (close_notify received); application plaintext bytes received=78 t+10.553732s
PEER[6443#2] accepted tcp from 192.168.204.2:54386 t+10.559857s
PEER[6443#2] handshake FAILED: unexpected end of file; application plaintext bytes received=0 t+10.577759s
PEER[6443#3] accepted tcp from 192.168.204.2:54387 t+10.612415s
PEER[6443#3] handshake FAILED: unexpected end of file; application plaintext bytes received=0 t+10.618802s

===== guest serial console (Unikraft) =====
2026-09-29T10:19:28.461493681 [igkm-e:main] Running Firecracker v1.17.0
[    0.000000] Info: [libukrandom] <swrand.c @  111> Initializing the random number generator...
[    0.000000] Info: [libukrandom] <random.c @  108> CSPRNG seed source: CPU
[    0.000000] Info: [libkvmplat] <setup.c @  179> Switch from bootstrap stack to stack @0x11000
[    0.000000] Info: [libukboot] <boot.c @  279> Unikraft constructor table at 0x1a0000 - 0x1a0040
[    0.000000] Info: [libukboot] <boot.c @  288> Initialize memory allocator...
[    0.000000] Info: [libukallocbbuddy] <bbuddy.c @  659> Initialize binary buddy allocator 11000
[    0.000000] Info: [libukboot] <boot.c @  347> Initialize the IRQ subsystem...
[    0.000000] Info: [libukboot] <boot.c @  354> Initialize platform time...
[    0.000000] Info: [libkvmplat] <tscclock.c @  258> Calibrating TSC clock against i8254 timer
[    0.100001] Info: [libkvmplat] <tscclock.c @  279> Clock source: TSC, frequency estimate is 2396516400 Hz
[    0.101839] Info: [libukboot] <boot.c @  358> Initialize scheduling...
[    0.103079] Info: [libukschedcoop] <schedcoop.c @  289> Initializing cooperative scheduler
[    0.104807] Info: [libukboot] <boot.c @  391> Init Table @ 0x1a0040 - 0x1a00c0
[    0.106215] Info: [libukbus] <bus.c @  133> Initialize bus handlers...
[    0.107445] Info: [libukbus] <bus.c @  135> Probe buses...
[    0.108477] Info: [libvirtio_mmio] <virtio_mmio_cmdl.c @   93> virtio-mmio device 4K@0xc0001000:5
[    0.110246] Info: [libvirtio_bus] <virtio_bus.c @  128> Virtio device 0x232020 initialized
[    0.111822] Info: [libuknetdev] <netdev.c @  198> Registered netdev0: 0x233030 (virtio-net)
[    0.113395] Info: [libvirtio_mmio] <virtio_mmio.c @  548> finish probing a virtio mmio dev
[    0.114956] Info: [libvirtio_mmio] <virtio_mmio_cmdl.c @   93> virtio-mmio device 4K@0xc0002000:6
[    0.116705] Info: [libvirtio_bus] <virtio_bus.c @  128> Virtio device 0x73020 initialized
[    0.122187] Info: [libukvsockdev] <vsockdev.c @  176> vsockdev: Configured event queue
[    0.123751] Info: [libukvsockdev] <vsockdev.c @  152> vsockdev: Configured receive queue
[    0.125379] Info: [libvirtio_vsock] <virtio_vsock.c @ 2073> Started virtio-vsock device
[    0.126897] Info: [libvirtio_mmio] <virtio_mmio.c @  548> finish probing a virtio mmio dev
[    0.128519] Info: [liblwip] <init.c @  174> Initializing lwip
[    0.129783] Info: [liblwip] <init.c @  225> Attach network device 0 to lwIP...
  1: Set IPv4 address 192.168.204.2 mask 255.255.255.0 gw 192.168.204.1
[    0.132572] Warn: [libvirtio_mmio] <virtio_mmio.c @  173> Unaligned io read: 6 bytes
[    0.134111] Info: [libuknetdev] <netdev.c @  407> netdev0: Configured interface
[    0.137858] Info: [libuknetdev] <netdev.c @  554> netdev0: Configured receive queue 0
[    0.139440] Info: [libuknetdev] <netdev.c @  587> netdev0: Configured transmit queue 0
[    0.141029] Info: [libvirtio_net] <virtio_net.c @ 1403> virtio-net: 0 started
[    0.142368] Info: [libuknetdev] <netdev.c @  606> netdev0: Started interface
en1: Added
[    0.143902] Info: [liblwip] <init.c @  345> en1: Hardware address: 52:54:00:1a:04:05
[    0.145356] Info: [liblwip] <init.c @  352> en1: Check checksums:
[    0.146504] Info: [liblwip] <init.c @  371> en1: Generate checksums: IP UDP TCP ICMP ICMP6
[    0.148071] Info: [liblwip] <init.c @  442> en1: Set as default interface
en1: Interface is up
Powered by
o.   .o       _ _               __ _
Oo   Oo  ___ (_) | __ __  __ _ ' _) :_
oO   oO ' _ `| | |/ /  _)' _` | |_|  _)
oOo oOO| | | | |   (| | | (_) |  _) :_
 OoOoO ._, ._:_:_,\_._,  .__,_:_, \___)
          Ijiraq 0.21.0~eb8fa236-custom
[    0.153922] Info: [libukboot] <boot.c @  470> Pre-init table at 0x1a0168 - 0x1a0168
[    0.155361] Info: [libukboot] <boot.c @  481> Constructor table at 0x1a0168 - 0x1a0168
[    0.156868] Info: [libukboot] <boot.c @  504> Calling main(2, ['igkme', 'run'])
IGKM-E: BOOT-MARKER app started t=0.158244
IGKM-E: guest wall clock ukplat_wall_clock()=946598400.056412 s since 1970-01-01
IGKM-E: argv[0]="igkme"
IGKM-E: argv[1]="run"
IGKM-E: A pass-through blocking connect(192.168.204.1:5001) t=0.161145
MTLSGUARD: self test: Mbed TLS 3.6.7 gcm=0 sha256=0 AES-NI=yes; HKDF-Expand-Label RFC 8448 key=OK iv=OK, traffic upd (python vector)=OK
MTLSGUARD: config mesh="192.168.204.1:6443-6450" mesh_in="192.168.204.2:7443" agent vsock port=7100
MTLSGUARD: connect 192.168.204.1:5001: not a mesh destination -> pass-through, driver untouched t=0.170768
IGKM-E: A pass-through connect() returned 0 errno=0 (-) after 10228 us t=0.172552
IGKM-E: A pass-through wrote 42 bytes: IGKM-E-PLAIN-REQ pass-through guest->host
IGKM-E: A pass-through read 43 bytes: IGKM-E-PLAIN-RESP pass-through host->guest
IGKM-E: VERDICT A pass-through=PASS
IGKM-E: B deny blocking connect(192.168.204.1:6444) t=0.177322
MTLSGUARD: [c1] connect 192.168.204.1:6444: mesh destination, BLOCKING connect (lwIP connect returned 0) t=0.178619
MTLSGUARD: [c1] guard driver installed on 192.168.204.1:6444: lwIP raw readiness 0x104, app readiness 0x0 (withheld until the record layer is installed) t=0.180545
MTLSGUARD: [c1] vsock connected to host relay (cid 2 port 7100) t=0.183607
MTLSGUARD: [c1] vsock tx OPEN payload=7 wire=12 t=0.184864
MTLSGUARD: [c1] vsock rx TO_PEER payload=194 wire=199 t=0.185879
MTLSGUARD: [c1] tcp tx 194 handshake bytes to peer
MTLSGUARD: [c1] vsock rx NEED_PEER payload=0 wire=5 t=0.187861
MTLSGUARD: [c1] tcp rx one handshake record from peer: 127 bytes (type 0x16)
MTLSGUARD: [c1] vsock tx FROM_PEER payload=127 wire=132 t=0.190224
MTLSGUARD: [c1] vsock rx TO_PEER payload=6 wire=11 t=0.191363
MTLSGUARD: [c1] tcp tx 6 handshake bytes to peer
MTLSGUARD: [c1] vsock rx NEED_PEER payload=0 wire=5 t=0.193231
MTLSGUARD: [c1] tcp rx one handshake record from peer: 6 bytes (type 0x14)
MTLSGUARD: [c1] vsock tx FROM_PEER payload=6 wire=11 t=0.195540
MTLSGUARD: [c1] vsock rx NEED_PEER payload=0 wire=5 t=0.196632
MTLSGUARD: [c1] tcp rx one handshake record from peer: 692 bytes (type 0x17)
MTLSGUARD: [c1] vsock tx FROM_PEER payload=692 wire=697 t=0.198968
MTLSGUARD: [c1] vsock rx DENY payload=206 wire=211 t=0.200108
MTLSGUARD: [c1] host DENY: policy deny: local spiffe://overdrive.test/ns/default/sa/guest-client <-> peer spiffe://overdrive.test/ns/default/sa/peer-denied (handshake aborted: invalid peer certificate: ApplicationVerificationFailure)
MTLSGUARD: [c1] vsock summary: rx TO_PEER x2 (200 B), NEED_PEER x3; tx FROM_PEER 825 B; closing vsock (agent leaves the data path) t=0.205000
MTLSGUARD: [c1] connect 192.168.204.1:6444: FAIL closed (-13), TCP shut down, no application data sent (after 28754 us) t=0.207373
[    0.209602] Info: [libvirtio_vsock] <virtio_vsock.c @ 1021> Got packet to port 0 without socket
MTLSGUARD: [c1] connect 192.168.204.1:6444: blocking hold released: connect() = -13 after 32631 us t=0.211249
IGKM-E: B deny connect() returned -1 errno=13 (Permission denied) after 34705 us t=0.213076
MTLSGUARD: [c1] close: state=failed tx records=0 rx records=0 NewSessionTickets discarded=0 KeyUpdates rx=0 tx=0
IGKM-E: VERDICT B deny=PASS
IGKM-E: D server-first blocking connect(192.168.204.1:6445) t=0.216965
MTLSGUARD: [c2] connect 192.168.204.1:6445: mesh destination, BLOCKING connect (lwIP connect returned 0) t=0.218384
MTLSGUARD: [c2] guard driver installed on 192.168.204.1:6445: lwIP raw readiness 0x104, app readiness 0x0 (withheld until the record layer is installed) t=0.220306
MTLSGUARD: [c2] vsock connected to host relay (cid 2 port 7100) t=0.223226
MTLSGUARD: [c2] vsock tx OPEN payload=7 wire=12 t=0.224484
MTLSGUARD: [c2] vsock rx TO_PEER payload=194 wire=199 t=0.225493
MTLSGUARD: [c2] tcp tx 194 handshake bytes to peer
MTLSGUARD: [c2] vsock rx NEED_PEER payload=0 wire=5 t=0.227461
MTLSGUARD: [c2] tcp rx one handshake record from peer: 127 bytes (type 0x16)
MTLSGUARD: [c2] vsock tx FROM_PEER payload=127 wire=132 t=0.229839
MTLSGUARD: [c2] vsock rx TO_PEER payload=6 wire=11 t=0.230979
MTLSGUARD: [c2] tcp tx 6 handshake bytes to peer
MTLSGUARD: [c2] vsock rx NEED_PEER payload=0 wire=5 t=0.232844
MTLSGUARD: [c2] tcp rx one handshake record from peer: 6 bytes (type 0x14)
MTLSGUARD: [c2] vsock tx FROM_PEER payload=6 wire=11 t=0.235167
MTLSGUARD: [c2] vsock rx NEED_PEER payload=0 wire=5 t=0.236268
MTLSGUARD: [c2] tcp rx one handshake record from peer: 693 bytes (type 0x17)
MTLSGUARD: [c2] vsock tx FROM_PEER payload=693 wire=698 t=0.238621
MTLSGUARD: [c2] vsock rx TO_PEER payload=610 wire=615 t=0.239760
MTLSGUARD: [c2] tcp tx 610 handshake bytes to peer
MTLSGUARD: [c2] vsock rx SECRETS payload=194 wire=199 t=0.241701
MTLSGUARD: [c2] record layer installed: TLS_AES_128_GCM_SHA256 tx_seq=0 rx_seq=0; key/iv derived in the guest by HKDF-Expand-Label(SHA-256) from the traffic secrets and equal to rustls' key/iv (tx and rx); peer identity (from host) spiffe://overdrive.test/ns/default/sa/peer-allowed; app write() EAGAINs during the handshake=0, read() EAGAINs=0 t=0.242799
MTLSGUARD: [c2] vsock summary: rx TO_PEER x3 (810 B), NEED_PEER x3; tx FROM_PEER 826 B; closing vsock (agent leaves the data path) t=0.248667
MTLSGUARD: [c2] app readiness none-> OUT (published by the guard) t=0.251039
MTLSGUARD: [c2] connect 192.168.204.1:6445: handshake done after 33962 us; RX pump running t=0.252346
[    0.254051] Info: [libvirtio_vsock] <virtio_vsock.c @ 1021> Got packet to port 1 without socket
MTLSGUARD: [c2] connect 192.168.204.1:6445: blocking hold released: connect() = 0 after 37318 us t=0.255702
IGKM-E: D server-first connect() returned 0 errno=0 (-) after 39342 us t=0.257487
MTLSGUARD: [c2] rx record gen=0 seq=0 wire=184 inner=0x16 plaintext=162 t=0.273126
MTLSGUARD: [c2] rx post-handshake NewSessionTicket #1 (77 B body) in record seq=0 -> discarded (no resumption) t=0.274510
MTLSGUARD: [c2] rx post-handshake NewSessionTicket #2 (77 B body) in record seq=0 -> discarded (no resumption) t=0.276541
MTLSGUARD: [c2] rx record gen=0 seq=1 wire=63 inner=0x17 plaintext=41 t=0.412384
MTLSGUARD: [c2] app readiness OUT -> IN OUT (published by the guard) t=0.413771
MTLSGUARD: [c2] app readiness IN OUT -> OUT (published by the guard) t=0.415103
IGKM-E: D server-first read 41 bytes: IGKM-E-GREETING server-first peer->guest
MTLSGUARD: [c2] tx record gen=0 seq=0 appdata plaintext=37 wire=59 (outer 0x17, inner 0x17) t=0.417771
IGKM-E: D server-first wrote 37 bytes: IGKM-E-REQS server-first guest->peer
MTLSGUARD: [c2] rx record gen=0 seq=2 wire=60 inner=0x17 plaintext=38 t=0.420854
MTLSGUARD: [c2] app readiness OUT -> IN OUT (published by the guard) t=0.422199
MTLSGUARD: [c2] app readiness IN OUT -> OUT (published by the guard) t=0.423537
IGKM-E: D server-first read 38 bytes: IGKM-E-RESPS server-first peer->guest
MTLSGUARD: [c2] close: state=established tx records=1 rx records=2 NewSessionTickets discarded=2 KeyUpdates rx=0 tx=0
MTLSGUARD: [c2] tx record gen=0 seq=1 close_notify plaintext=2 wire=24 (outer 0x17, inner 0x15) t=0.428091
IGKM-E: VERDICT D server-first=PASS
IGKM-E: S blocking listen on 0.0.0.0:7443 READY-FOR-INBOUND t=0.431537
MTLSGUARD: [c3] accept 192.168.204.2:7443 <- 192.168.204.1:51440: mesh listener, BLOCKING accept (new fd blocking) t=0.479456
MTLSGUARD: [c3] guard driver installed on 192.168.204.2:7443 <- 192.168.204.1:51440: lwIP raw readiness 0x145, app readiness 0x0 (withheld until the record layer is installed) t=0.481565
MTLSGUARD: [c3] vsock connected to host relay (cid 2 port 7100) t=0.484888
MTLSGUARD: [c3] vsock tx ACCEPT payload=13 wire=18 t=0.486145
MTLSGUARD: [c3] vsock rx NEED_PEER payload=0 wire=5 t=0.487208
MTLSGUARD: [c3] tcp rx one handshake record from peer: 194 bytes (type 0x16)
MTLSGUARD: [c3] vsock tx FROM_PEER payload=194 wire=199 t=0.489559
MTLSGUARD: [c3] vsock rx TO_PEER payload=826 wire=831 t=0.490705
MTLSGUARD: [c3] tcp tx 826 handshake bytes to peer
MTLSGUARD: [c3] vsock rx NEED_PEER payload=0 wire=5 t=0.492689
MTLSGUARD: [c3] tcp rx one handshake record from peer: 6 bytes (type 0x14)
MTLSGUARD: [c3] vsock tx FROM_PEER payload=6 wire=11 t=0.495054
MTLSGUARD: [c3] vsock rx NEED_PEER payload=0 wire=5 t=0.496148
MTLSGUARD: [c3] tcp rx one handshake record from peer: 610 bytes (type 0x17)
MTLSGUARD: [c3] vsock tx FROM_PEER payload=610 wire=615 t=0.498497
MTLSGUARD: [c3] vsock rx SECRETS payload=193 wire=198 t=0.499653
MTLSGUARD: [c3] record layer installed: TLS_AES_128_GCM_SHA256 tx_seq=0 rx_seq=0; key/iv derived in the guest by HKDF-Expand-Label(SHA-256) from the traffic secrets and equal to rustls' key/iv (tx and rx); peer identity (from host) spiffe://overdrive.test/ns/default/sa/peer-client; app write() EAGAINs during the handshake=0, read() EAGAINs=0 t=0.500754
MTLSGUARD: [c3] vsock summary: rx TO_PEER x1 (826 B), NEED_PEER x3; tx FROM_PEER 810 B; closing vsock (agent leaves the data path) t=0.506616
MTLSGUARD: [c3] app readiness none-> OUT (published by the guard) t=0.508999
MTLSGUARD: [c3] accept 192.168.204.2:7443 <- 192.168.204.1:51440: handshake done after 30846 us; RX pump running t=0.510303
[    0.512362] Info: [libvirtio_vsock] <virtio_vsock.c @ 1021> Got packet to port 2 without socket
MTLSGUARD: [c3] accept 192.168.204.2:7443 <- 192.168.204.1:51440: blocking hold released: accept() gets the socket after 34558 us t=0.514014
IGKM-E: S1 accept() returned 1 errno=0 t=0.516345
MTLSGUARD: [c3] rx record gen=0 seq=0 wire=54 inner=0x17 plaintext=32 t=0.663249
MTLSGUARD: [c3] app readiness OUT -> IN OUT (published by the guard) t=0.666288
MTLSGUARD: [c3] app readiness IN OUT -> OUT (published by the guard) t=0.669267
IGKM-E: S1 read 32 bytes: IGKM-E-REQI inbound peer->guest
MTLSGUARD: [c3] tx record gen=0 seq=0 appdata plaintext=33 wire=55 (outer 0x17, inner 0x17) t=0.674405
IGKM-E: S1 inbound wrote 33 bytes: IGKM-E-RESPI inbound guest->peer
MTLSGUARD: [c3] close: state=established tx records=1 rx records=1 NewSessionTickets discarded=0 KeyUpdates rx=0 tx=0
MTLSGUARD: [c3] tx record gen=0 seq=1 close_notify plaintext=2 wire=24 (outer 0x17, inner 0x15) t=0.685138
MTLSGUARD: [c4] accept 192.168.204.2:7443 <- 192.168.204.1:51446: mesh listener, BLOCKING accept (new fd blocking) t=0.693285
MTLSGUARD: [c4] guard driver installed on 192.168.204.2:7443 <- 192.168.204.1:51446: lwIP raw readiness 0x145, app readiness 0x0 (withheld until the record layer is installed) t=0.697961
MTLSGUARD: [c4] vsock connected to host relay (cid 2 port 7100) t=0.705319
MTLSGUARD: [c4] vsock tx ACCEPT payload=13 wire=18 t=0.708129
MTLSGUARD: [c4] vsock rx NEED_PEER payload=0 wire=5 t=0.710523
MTLSGUARD: [c4] tcp rx one handshake record from peer: 194 bytes (type 0x16)
MTLSGUARD: [c4] vsock tx FROM_PEER payload=194 wire=199 t=0.715683
MTLSGUARD: [c4] vsock rx TO_PEER payload=827 wire=832 t=0.718003
MTLSGUARD: [c4] tcp tx 827 handshake bytes to peer
MTLSGUARD: [c4] vsock rx NEED_PEER payload=0 wire=5 t=0.721972
MTLSGUARD: [c4] tcp rx one handshake record from peer: 6 bytes (type 0x14)
MTLSGUARD: [c4] vsock tx FROM_PEER payload=6 wire=11 t=0.726683
MTLSGUARD: [c4] vsock rx NEED_PEER payload=0 wire=5 t=0.728808
MTLSGUARD: [c4] tcp rx one handshake record from peer: 622 bytes (type 0x17)
MTLSGUARD: [c4] vsock tx FROM_PEER payload=622 wire=627 t=0.732525
MTLSGUARD: [c4] vsock rx DENY payload=213 wire=218 t=0.734329
MTLSGUARD: [c4] host DENY: policy deny: local spiffe://overdrive.test/ns/default/sa/guest-server <-> peer spiffe://overdrive.test/ns/default/sa/peer-client-denied (handshake aborted: invalid peer certificate: ApplicationVerificationFailure)
MTLSGUARD: [c4] vsock summary: rx TO_PEER x1 (827 B), NEED_PEER x3; tx FROM_PEER 822 B; closing vsock (agent leaves the data path) t=0.742266
MTLSGUARD: [c4] accept 192.168.204.2:7443 <- 192.168.204.1:51446: FAIL closed (-103), TCP shut down, no application data sent (after 51463 us) t=0.744748
[    0.747336] Info: [libvirtio_vsock] <virtio_vsock.c @ 1021> Got packet to port 3 without socket
MTLSGUARD: [c4] accept 192.168.204.2:7443 <- 192.168.204.1:51446: blocking hold released: accept() fails after 55712 us t=0.748997
MTLSGUARD: [c4] close: state=failed tx records=0 rx records=0 NewSessionTickets discarded=0 KeyUpdates rx=0 tx=0
IGKM-E: S2 accept() returned -1 errno=103 (Software caused connection abort) t=0.753049
IGKM-E: VERDICT S1 inbound-allowed=PASS
IGKM-E: VERDICT S2 inbound-denied=PASS
IGKM-E: N1 epoll-LT client-first non-blocking connect(192.168.204.1:6443) t=0.755863
MTLSGUARD: [c5] connect 192.168.204.1:6443: mesh destination, NON-BLOCKING connect (lwIP connect returned -115) t=0.757443
MTLSGUARD: [c5] guard driver installed on 192.168.204.1:6443: lwIP raw readiness 0x0, app readiness 0x0 (withheld until the record layer is installed) t=0.759480
MTLSGUARD: [c5] connect 192.168.204.1:6443: returning EINPROGRESS now; the guard thread drives TCP + handshake t=0.762229
IGKM-E: N1 epoll-LT client-first connect() returned -1 errno=115 (Operation now in progress) after 6970 us t=0.764248
IGKM-E: N1 epoll-LT client-first poll(POLLIN|POLLOUT, 0 ms) right after connect() = 0 revents=0x0 t=0.766252
MTLSGUARD: [c5] write() of 40 B before the record layer is installed -> EAGAIN, 0 bytes to lwIP t=0.768061
IGKM-E: N1 epoll-LT client-first write(40 bytes) before EPOLLOUT returned -1 errno=11 (Resource temporarily unavailable) t=0.769836
MTLSGUARD: [c5] TCP connected after 14591 us (lwIP raw EPOLLOUT at t=0.772021); the app still sees no EPOLLOUT -> relay the handshake
MTLSGUARD: [c5] vsock connected to host relay (cid 2 port 7100) t=0.774514
MTLSGUARD: [c5] vsock tx OPEN payload=7 wire=12 t=0.775788
MTLSGUARD: [c5] vsock rx TO_PEER payload=194 wire=199 t=0.776797
MTLSGUARD: [c5] tcp tx 194 handshake bytes to peer
MTLSGUARD: [c5] vsock rx NEED_PEER payload=0 wire=5 t=0.778779
MTLSGUARD: [c5] tcp rx one handshake record from peer: 127 bytes (type 0x16)
MTLSGUARD: [c5] vsock tx FROM_PEER payload=127 wire=132 t=0.781140
MTLSGUARD: [c5] vsock rx TO_PEER payload=6 wire=11 t=0.782283
MTLSGUARD: [c5] tcp tx 6 handshake bytes to peer
MTLSGUARD: [c5] vsock rx NEED_PEER payload=0 wire=5 t=0.784147
MTLSGUARD: [c5] tcp rx one handshake record from peer: 6 bytes (type 0x14)
MTLSGUARD: [c5] vsock tx FROM_PEER payload=6 wire=11 t=0.786450
MTLSGUARD: [c5] vsock rx NEED_PEER payload=0 wire=5 t=0.787560
MTLSGUARD: [c5] tcp rx one handshake record from peer: 693 bytes (type 0x17)
MTLSGUARD: [c5] vsock tx FROM_PEER payload=693 wire=698 t=0.789896
MTLSGUARD: [c5] vsock rx TO_PEER payload=611 wire=616 t=0.791036
MTLSGUARD: [c5] tcp tx 611 handshake bytes to peer
MTLSGUARD: [c5] vsock rx SECRETS payload=194 wire=199 t=0.792973
MTLSGUARD: [c5] record layer installed: TLS_AES_128_GCM_SHA256 tx_seq=0 rx_seq=0; key/iv derived in the guest by HKDF-Expand-Label(SHA-256) from the traffic secrets and equal to rustls' key/iv (tx and rx); peer identity (from host) spiffe://overdrive.test/ns/default/sa/peer-allowed; app write() EAGAINs during the handshake=2, read() EAGAINs=0 t=0.794070
MTLSGUARD: [c5] vsock summary: rx TO_PEER x3 (811 B), NEED_PEER x3; tx FROM_PEER 826 B; closing vsock (agent leaves the data path) t=0.799920
MTLSGUARD: [c5] app readiness none-> OUT (published by the guard) t=0.802293
MTLSGUARD: [c5] connect 192.168.204.1:6443: handshake done after 46161 us; RX pump running t=0.803604
IGKM-E: N1 epoll-LT client-first epoll_wait -> OUT (LT) after 7 empty 1-ms probes t=0.805291
IGKM-E: N1 epoll-LT client-first EPOLLOUT observed 42588 us after connect() returned; during the wait: 7 empty epoll_wait probes, early write() -> EAGAIN x2, other results x0, EPOLLIN-before-EPOLLOUT x0 t=0.806837
IGKM-E: N1 SO_ERROR after EPOLLOUT = 0
MTLSGUARD: [c5] tx record gen=0 seq=0 appdata plaintext=40 wire=62 (outer 0x17, inner 0x17) t=0.811026
IGKM-E: N1 epoll-LT client-first wrote 40 bytes: IGKM-E-REQ1 nb-client-first guest->peer
[    0.814211] Info: [libvirtio_vsock] <virtio_vsock.c @ 1021> Got packet to port 4 without socket
MTLSGUARD: [c5] rx record gen=0 seq=0 wire=184 inner=0x16 plaintext=162 t=0.825046
MTLSGUARD: [c5] rx post-handshake NewSessionTicket #1 (77 B body) in record seq=0 -> discarded (no resumption) t=0.826427
MTLSGUARD: [c5] rx post-handshake NewSessionTicket #2 (77 B body) in record seq=0 -> discarded (no resumption) t=0.828441
MTLSGUARD: [c5] rx record gen=0 seq=1 wire=63 inner=0x17 plaintext=41 t=0.912400
MTLSGUARD: [c5] app readiness OUT -> IN OUT (published by the guard) t=0.914359
MTLSGUARD: [c5] app readiness IN OUT -> OUT (published by the guard) t=0.916484
IGKM-E: N1 epoll-LT client-first read 41 bytes: IGKM-E-RESP1 nb-client-first peer->guest
IGKM-E: N1 EPOLLIN wakeups=1 spurious (EPOLLIN but first read() = EAGAIN)=0
MTLSGUARD: [c5] close: state=established tx records=1 rx records=1 NewSessionTickets discarded=2 KeyUpdates rx=0 tx=0
MTLSGUARD: [c5] tx record gen=0 seq=1 close_notify plaintext=2 wire=24 (outer 0x17, inner 0x15) t=0.926050
IGKM-E: VERDICT N1 nb-epoll-LT-client-first=PASS
IGKM-E: N2 epoll-LT server-first non-blocking connect(192.168.204.1:6445) t=0.931271
MTLSGUARD: [c6] connect 192.168.204.1:6445: mesh destination, NON-BLOCKING connect (lwIP connect returned -115) t=0.933546
MTLSGUARD: [c6] guard driver installed on 192.168.204.1:6445: lwIP raw readiness 0x0, app readiness 0x0 (withheld until the record layer is installed) t=0.936804
MTLSGUARD: [c6] connect 192.168.204.1:6445: returning EINPROGRESS now; the guard thread drives TCP + handshake t=0.941044
IGKM-E: N2 epoll-LT server-first connect() returned -1 errno=115 (Operation now in progress) after 10720 us t=0.944245
IGKM-E: N2 epoll-LT server-first poll(POLLIN|POLLOUT, 0 ms) right after connect() = 0 revents=0x0 t=0.947412
MTLSGUARD: [c6] write() of 40 B before the record layer is installed -> EAGAIN, 0 bytes to lwIP t=0.950277
IGKM-E: N2 epoll-LT server-first write(40 bytes) before EPOLLOUT returned -1 errno=11 (Resource temporarily unavailable) t=0.953094
MTLSGUARD: [c6] TCP connected after 23040 us (lwIP raw EPOLLOUT at t=0.956570); the app still sees no EPOLLOUT -> relay the handshake
MTLSGUARD: [c6] vsock connected to host relay (cid 2 port 7100) t=0.959164
MTLSGUARD: [c6] vsock tx OPEN payload=7 wire=12 t=0.960423
MTLSGUARD: [c6] vsock rx TO_PEER payload=194 wire=199 t=0.961432
MTLSGUARD: [c6] tcp tx 194 handshake bytes to peer
MTLSGUARD: [c6] vsock rx NEED_PEER payload=0 wire=5 t=0.963410
MTLSGUARD: [c6] tcp rx one handshake record from peer: 127 bytes (type 0x16)
MTLSGUARD: [c6] vsock tx FROM_PEER payload=127 wire=132 t=0.965783
MTLSGUARD: [c6] vsock rx TO_PEER payload=6 wire=11 t=0.966922
MTLSGUARD: [c6] tcp tx 6 handshake bytes to peer
MTLSGUARD: [c6] vsock rx NEED_PEER payload=0 wire=5 t=0.968792
MTLSGUARD: [c6] tcp rx one handshake record from peer: 6 bytes (type 0x14)
MTLSGUARD: [c6] vsock tx FROM_PEER payload=6 wire=11 t=0.971093
MTLSGUARD: [c6] vsock rx NEED_PEER payload=0 wire=5 t=0.972184
MTLSGUARD: [c6] tcp rx one handshake record from peer: 694 bytes (type 0x17)
MTLSGUARD: [c6] vsock tx FROM_PEER payload=694 wire=699 t=0.974532
MTLSGUARD: [c6] vsock rx TO_PEER payload=610 wire=615 t=0.975673
MTLSGUARD: [c6] tcp tx 610 handshake bytes to peer
MTLSGUARD: [c6] vsock rx SECRETS payload=194 wire=199 t=0.977611
MTLSGUARD: [c6] record layer installed: TLS_AES_128_GCM_SHA256 tx_seq=0 rx_seq=0; key/iv derived in the guest by HKDF-Expand-Label(SHA-256) from the traffic secrets and equal to rustls' key/iv (tx and rx); peer identity (from host) spiffe://overdrive.test/ns/default/sa/peer-allowed; app write() EAGAINs during the handshake=2, read() EAGAINs=0 t=0.978709
MTLSGUARD: [c6] vsock summary: rx TO_PEER x3 (810 B), NEED_PEER x3; tx FROM_PEER 827 B; closing vsock (agent leaves the data path) t=0.984569
MTLSGUARD: [c6] app readiness none-> OUT (published by the guard) t=0.986943
MTLSGUARD: [c6] connect 192.168.204.1:6445: handshake done after 54701 us; RX pump running t=0.988247
IGKM-E: N2 epoll-LT server-first epoll_wait -> OUT (LT) after 7 empty 1-ms probes t=0.989945
IGKM-E: N2 epoll-LT server-first EPOLLOUT observed 47244 us after connect() returned; during the wait: 7 empty epoll_wait probes, early write() -> EAGAIN x2, other results x0, EPOLLIN-before-EPOLLOUT x0 t=0.991490
[    0.995017] Info: [libvirtio_vsock] <virtio_vsock.c @ 1021> Got packet to port 5 without socket
MTLSGUARD: [c6] rx record gen=0 seq=0 wire=184 inner=0x16 plaintext=162 t=1.009103
MTLSGUARD: [c6] rx post-handshake NewSessionTicket #1 (77 B body) in record seq=0 -> discarded (no resumption) t=1.010493
MTLSGUARD: [c6] rx post-handshake NewSessionTicket #2 (77 B body) in record seq=0 -> discarded (no resumption) t=1.012534
MTLSGUARD: [c6] rx record gen=0 seq=1 wire=63 inner=0x17 plaintext=41 t=1.162676
MTLSGUARD: [c6] app readiness OUT -> IN OUT (published by the guard) t=1.165405
MTLSGUARD: [c6] app readiness IN OUT -> OUT (published by the guard) t=1.168101
IGKM-E: N2 epoll-LT server-first read 41 bytes: IGKM-E-GREETING server-first peer->guest
MTLSGUARD: [c6] tx record gen=0 seq=0 appdata plaintext=37 wire=59 (outer 0x17, inner 0x17) t=1.173773
IGKM-E: N2 epoll-LT server-first wrote 37 bytes: IGKM-E-REQS server-first guest->peer
MTLSGUARD: [c6] rx record gen=0 seq=2 wire=60 inner=0x17 plaintext=38 t=1.180196
MTLSGUARD: [c6] app readiness OUT -> IN OUT (published by the guard) t=1.182914
MTLSGUARD: [c6] app readiness IN OUT -> OUT (published by the guard) t=1.185606
IGKM-E: N2 epoll-LT server-first read 38 bytes: IGKM-E-RESPS server-first peer->guest
IGKM-E: N2 EPOLLIN wakeups=2 spurious=0
MTLSGUARD: [c6] close: state=established tx records=1 rx records=2 NewSessionTickets discarded=2 KeyUpdates rx=0 tx=0
MTLSGUARD: [c6] tx record gen=0 seq=1 close_notify plaintext=2 wire=24 (outer 0x17, inner 0x15) t=1.196457
IGKM-E: VERDICT N2 nb-epoll-LT-server-first=PASS
IGKM-E: N3 epoll-ET 1-byte-reads non-blocking connect(192.168.204.1:6447) t=1.202827
MTLSGUARD: [c7] connect 192.168.204.1:6447: mesh destination, NON-BLOCKING connect (lwIP connect returned -115) t=1.205713
MTLSGUARD: [c7] guard driver installed on 192.168.204.1:6447: lwIP raw readiness 0x0, app readiness 0x0 (withheld until the record layer is installed) t=1.209858
MTLSGUARD: [c7] connect 192.168.204.1:6447: returning EINPROGRESS now; the guard thread drives TCP + handshake t=1.215400
IGKM-E: N3 epoll-ET 1-byte-reads connect() returned -1 errno=115 (Operation now in progress) after 13800 us t=1.219487
IGKM-E: N3 epoll-ET 1-byte-reads poll(POLLIN|POLLOUT, 0 ms) right after connect() = 0 revents=0x0 t=1.223041
MTLSGUARD: [c7] write() of 40 B before the record layer is installed -> EAGAIN, 0 bytes to lwIP t=1.225906
IGKM-E: N3 epoll-ET 1-byte-reads write(40 bytes) before EPOLLOUT returned -1 errno=11 (Resource temporarily unavailable) t=1.228724
MTLSGUARD: [c7] TCP connected after 26495 us (lwIP raw EPOLLOUT at t=1.232190); the app still sees no EPOLLOUT -> relay the handshake
MTLSGUARD: [c7] vsock connected to host relay (cid 2 port 7100) t=1.235778
MTLSGUARD: [c7] vsock tx OPEN payload=7 wire=12 t=1.237040
MTLSGUARD: [c7] vsock rx TO_PEER payload=194 wire=199 t=1.238052
MTLSGUARD: [c7] tcp tx 194 handshake bytes to peer
MTLSGUARD: [c7] vsock rx NEED_PEER payload=0 wire=5 t=1.240039
MTLSGUARD: [c7] tcp rx one handshake record from peer: 127 bytes (type 0x16)
MTLSGUARD: [c7] vsock tx FROM_PEER payload=127 wire=132 t=1.242398
MTLSGUARD: [c7] vsock rx TO_PEER payload=6 wire=11 t=1.243549
MTLSGUARD: [c7] tcp tx 6 handshake bytes to peer
MTLSGUARD: [c7] vsock rx NEED_PEER payload=0 wire=5 t=1.245406
MTLSGUARD: [c7] tcp rx one handshake record from peer: 6 bytes (type 0x14)
MTLSGUARD: [c7] vsock tx FROM_PEER payload=6 wire=11 t=1.247717
MTLSGUARD: [c7] vsock rx NEED_PEER payload=0 wire=5 t=1.248806
MTLSGUARD: [c7] tcp rx one handshake record from peer: 694 bytes (type 0x17)
MTLSGUARD: [c7] vsock tx FROM_PEER payload=694 wire=699 t=1.251143
MTLSGUARD: [c7] vsock rx TO_PEER payload=611 wire=616 t=1.252281
MTLSGUARD: [c7] tcp tx 611 handshake bytes to peer
MTLSGUARD: [c7] vsock rx SECRETS payload=194 wire=199 t=1.254221
MTLSGUARD: [c7] record layer installed: TLS_AES_128_GCM_SHA256 tx_seq=0 rx_seq=0; key/iv derived in the guest by HKDF-Expand-Label(SHA-256) from the traffic secrets and equal to rustls' key/iv (tx and rx); peer identity (from host) spiffe://overdrive.test/ns/default/sa/peer-allowed; app write() EAGAINs during the handshake=2, read() EAGAINs=0 t=1.255321
MTLSGUARD: [c7] vsock summary: rx TO_PEER x3 (811 B), NEED_PEER x3; tx FROM_PEER 827 B; closing vsock (agent leaves the data path) t=1.261171
MTLSGUARD: [c7] app readiness none-> OUT (published by the guard) t=1.263559
MTLSGUARD: [c7] connect 192.168.204.1:6447: handshake done after 59146 us; RX pump running t=1.264859
IGKM-E: N3 epoll-ET 1-byte-reads epoll_wait -> OUT (ET) after 7 empty 1-ms probes t=1.266553
IGKM-E: N3 epoll-ET 1-byte-reads EPOLLOUT observed 48602 us after connect() returned; during the wait: 7 empty epoll_wait probes, early write() -> EAGAIN x2, other results x0, EPOLLIN-before-EPOLLOUT x0 t=1.268089
MTLSGUARD: [c7] tx record gen=0 seq=0 appdata plaintext=32 wire=54 (outer 0x17, inner 0x17) t=1.271620
IGKM-E: N3 epoll-ET 1-byte-reads wrote 32 bytes: IGKM-E-REQB et-bulk guest->peer
[    1.274674] Info: [libvirtio_vsock] <virtio_vsock.c @ 1021> Got packet to port 6 without socket
MTLSGUARD: [c7] rx record gen=0 seq=0 wire=184 inner=0x16 plaintext=162 t=1.286086
MTLSGUARD: [c7] rx post-handshake NewSessionTicket #1 (77 B body) in record seq=0 -> discarded (no resumption) t=1.287502
MTLSGUARD: [c7] rx post-handshake NewSessionTicket #2 (77 B body) in record seq=0 -> discarded (no resumption) t=1.289518
MTLSGUARD: [c7] rx record gen=0 seq=1 wire=55 inner=0x17 plaintext=33 t=1.291562
MTLSGUARD: [c7] app readiness OUT -> IN OUT (published by the guard) t=1.292924
MTLSGUARD: [c7] app readiness IN OUT -> OUT (published by the guard) t=1.294368
MTLSGUARD: [c7] rx record gen=0 seq=2 wire=16406 inner=0x17 plaintext=16384 t=1.295785
MTLSGUARD: [c7] app readiness OUT -> IN OUT (published by the guard) t=1.297225
MTLSGUARD: [c7] app readiness IN OUT -> OUT (published by the guard) t=1.299579
MTLSGUARD: [c7] rx record gen=0 seq=3 wire=16406 inner=0x17 plaintext=16384 t=1.300980
MTLSGUARD: [c7] app readiness OUT -> IN OUT (published by the guard) t=1.302421
MTLSGUARD: [c7] app readiness IN OUT -> OUT (published by the guard) t=1.304766
MTLSGUARD: [c7] rx record gen=0 seq=4 wire=7254 inner=0x17 plaintext=7232 t=1.306134
MTLSGUARD: [c7] app readiness OUT -> IN OUT (published by the guard) t=1.307551
MTLSGUARD: [c7] app readiness IN OUT -> OUT (published by the guard) t=1.309311
IGKM-E: N3 read IGKM-E-RESPB et-bulk peer->guest
IGKM-E: N3 received 40033 bytes in 40033 one-byte read()s over 4 EPOLLIN (ET) wakeups, spurious=0, in 36 ms; bulk 40000 bytes fnv1a32=0xccf62e40, bytes differing from the pattern=0
MTLSGUARD: [c7] close: state=established tx records=1 rx records=4 NewSessionTickets discarded=2 KeyUpdates rx=0 tx=0
MTLSGUARD: [c7] tx record gen=0 seq=1 close_notify plaintext=2 wire=24 (outer 0x17, inner 0x15) t=1.316520
IGKM-E: VERDICT N3 nb-epoll-ET-1byte-bulk=PASS
IGKM-E: N4 poll 1-byte-per-wakeup non-blocking connect(192.168.204.1:6445) t=1.320163
MTLSGUARD: [c8] connect 192.168.204.1:6445: mesh destination, NON-BLOCKING connect (lwIP connect returned -115) t=1.321734
MTLSGUARD: [c8] guard driver installed on 192.168.204.1:6445: lwIP raw readiness 0x0, app readiness 0x0 (withheld until the record layer is installed) t=1.323768
MTLSGUARD: [c8] connect 192.168.204.1:6445: returning EINPROGRESS now; the guard thread drives TCP + handshake t=1.326507
IGKM-E: N4 poll 1-byte-per-wakeup connect() returned -1 errno=115 (Operation now in progress) after 6934 us t=1.328530
IGKM-E: N4 poll 1-byte-per-wakeup poll(POLLIN|POLLOUT, 0 ms) right after connect() = 0 revents=0x0 t=1.330535
MTLSGUARD: [c8] write() of 40 B before the record layer is installed -> EAGAIN, 0 bytes to lwIP t=1.332351
IGKM-E: N4 poll 1-byte-per-wakeup write(40 bytes) before EPOLLOUT returned -1 errno=11 (Resource temporarily unavailable) t=1.334128
MTLSGUARD: [c8] TCP connected after 14608 us (lwIP raw EPOLLOUT at t=1.336330); the app still sees no EPOLLOUT -> relay the handshake
MTLSGUARD: [c8] vsock connected to host relay (cid 2 port 7100) t=1.338736
MTLSGUARD: [c8] vsock tx OPEN payload=7 wire=12 t=1.340001
MTLSGUARD: [c8] vsock rx TO_PEER payload=194 wire=199 t=1.341022
MTLSGUARD: [c8] tcp tx 194 handshake bytes to peer
MTLSGUARD: [c8] vsock rx NEED_PEER payload=0 wire=5 t=1.343000
MTLSGUARD: [c8] tcp rx one handshake record from peer: 127 bytes (type 0x16)
MTLSGUARD: [c8] vsock tx FROM_PEER payload=127 wire=132 t=1.345366
MTLSGUARD: [c8] vsock rx TO_PEER payload=6 wire=11 t=1.346519
MTLSGUARD: [c8] tcp tx 6 handshake bytes to peer
MTLSGUARD: [c8] vsock rx NEED_PEER payload=0 wire=5 t=1.348375
MTLSGUARD: [c8] tcp rx one handshake record from peer: 6 bytes (type 0x14)
MTLSGUARD: [c8] vsock tx FROM_PEER payload=6 wire=11 t=1.350695
MTLSGUARD: [c8] vsock rx NEED_PEER payload=0 wire=5 t=1.351787
MTLSGUARD: [c8] tcp rx one handshake record from peer: 693 bytes (type 0x17)
MTLSGUARD: [c8] vsock tx FROM_PEER payload=693 wire=698 t=1.354133
MTLSGUARD: [c8] vsock rx TO_PEER payload=611 wire=616 t=1.355272
MTLSGUARD: [c8] tcp tx 611 handshake bytes to peer
MTLSGUARD: [c8] vsock rx SECRETS payload=194 wire=199 t=1.357211
MTLSGUARD: [c8] record layer installed: TLS_AES_128_GCM_SHA256 tx_seq=0 rx_seq=0; key/iv derived in the guest by HKDF-Expand-Label(SHA-256) from the traffic secrets and equal to rustls' key/iv (tx and rx); peer identity (from host) spiffe://overdrive.test/ns/default/sa/peer-allowed; app write() EAGAINs during the handshake=2, read() EAGAINs=0 t=1.358308
MTLSGUARD: [c8] vsock summary: rx TO_PEER x3 (811 B), NEED_PEER x3; tx FROM_PEER 826 B; closing vsock (agent leaves the data path) t=1.364167
MTLSGUARD: [c8] app readiness none-> OUT (published by the guard) t=1.366544
MTLSGUARD: [c8] connect 192.168.204.1:6445: handshake done after 46119 us; RX pump running t=1.367853
IGKM-E: N4 poll -> revents=0x4 after 7 empty 1-ms polls, 41020 us after connect(); early write() -> EAGAIN x2 t=1.369550
[    1.371557] Info: [libvirtio_vsock] <virtio_vsock.c @ 1021> Got packet to port 7 without socket
MTLSGUARD: [c8] rx record gen=0 seq=0 wire=184 inner=0x16 plaintext=162 t=1.389077
MTLSGUARD: [c8] rx post-handshake NewSessionTicket #1 (77 B body) in record seq=0 -> discarded (no resumption) t=1.390459
MTLSGUARD: [c8] rx post-handshake NewSessionTicket #2 (77 B body) in record seq=0 -> discarded (no resumption) t=1.392485
MTLSGUARD: [c8] rx record gen=0 seq=1 wire=63 inner=0x17 plaintext=41 t=1.412398
MTLSGUARD: [c8] app readiness OUT -> IN OUT (published by the guard) t=1.413767
MTLSGUARD: [c8] app readiness IN OUT -> OUT (published by the guard) t=1.415110
IGKM-E: N4 read 41 bytes one per poll() wakeup: IGKM-E-GREETING server-first peer->guest
MTLSGUARD: [c8] tx record gen=0 seq=0 appdata plaintext=35 wire=57 (outer 0x17, inner 0x17) t=1.417918
IGKM-E: N4 poll 1-byte-per-wakeup wrote 35 bytes: IGKM-E-REQP poll-1byte guest->peer
MTLSGUARD: [c8] rx record gen=0 seq=2 wire=58 inner=0x17 plaintext=36 t=1.421081
MTLSGUARD: [c8] app readiness OUT -> IN OUT (published by the guard) t=1.422424
MTLSGUARD: [c8] app readiness IN OUT -> OUT (published by the guard) t=1.423774
IGKM-E: N4 read 36 bytes one per poll() wakeup: IGKM-E-RESPP poll-1byte peer->guest
IGKM-E: N4 POLLIN wakeups=77 for 77 bytes (level-triggered readiness kept while plaintext stays buffered), spurious=0
MTLSGUARD: [c8] close: state=established tx records=1 rx records=2 NewSessionTickets discarded=2 KeyUpdates rx=0 tx=0
MTLSGUARD: [c8] tx record gen=0 seq=1 close_notify plaintext=2 wire=24 (outer 0x17, inner 0x15) t=1.430388
IGKM-E: VERDICT N4 nb-poll-1byte-server-first=PASS
IGKM-E: K keyupdate non-blocking connect(192.168.204.1:6446) t=1.434095
MTLSGUARD: [c9] connect 192.168.204.1:6446: mesh destination, NON-BLOCKING connect (lwIP connect returned -115) t=1.435304
MTLSGUARD: [c9] guard driver installed on 192.168.204.1:6446: lwIP raw readiness 0x0, app readiness 0x0 (withheld until the record layer is installed) t=1.437362
MTLSGUARD: [c9] connect 192.168.204.1:6446: returning EINPROGRESS now; the guard thread drives TCP + handshake t=1.440100
IGKM-E: K keyupdate connect() returned -1 errno=115 (Operation now in progress) after 6828 us t=1.442119
IGKM-E: K keyupdate poll(POLLIN|POLLOUT, 0 ms) right after connect() = 0 revents=0x0 t=1.443888
MTLSGUARD: [c9] write() of 40 B before the record layer is installed -> EAGAIN, 0 bytes to lwIP t=1.445485
IGKM-E: K keyupdate write(40 bytes) before EPOLLOUT returned -1 errno=11 (Resource temporarily unavailable) t=1.447260
MTLSGUARD: [c9] TCP connected after 13943 us (lwIP raw EPOLLOUT at t=1.449237); the app still sees no EPOLLOUT -> relay the handshake
MTLSGUARD: [c9] vsock connected to host relay (cid 2 port 7100) t=1.451676
MTLSGUARD: [c9] vsock tx OPEN payload=7 wire=12 t=1.452938
MTLSGUARD: [c9] vsock rx TO_PEER payload=194 wire=199 t=1.453948
MTLSGUARD: [c9] tcp tx 194 handshake bytes to peer
MTLSGUARD: [c9] vsock rx NEED_PEER payload=0 wire=5 t=1.455935
MTLSGUARD: [c9] tcp rx one handshake record from peer: 127 bytes (type 0x16)
MTLSGUARD: [c9] vsock tx FROM_PEER payload=127 wire=132 t=1.458297
MTLSGUARD: [c9] vsock rx TO_PEER payload=6 wire=11 t=1.459443
MTLSGUARD: [c9] tcp tx 6 handshake bytes to peer
MTLSGUARD: [c9] vsock rx NEED_PEER payload=0 wire=5 t=1.461307
MTLSGUARD: [c9] tcp rx one handshake record from peer: 6 bytes (type 0x14)
MTLSGUARD: [c9] vsock tx FROM_PEER payload=6 wire=11 t=1.463629
MTLSGUARD: [c9] vsock rx NEED_PEER payload=0 wire=5 t=1.464722
MTLSGUARD: [c9] tcp rx one handshake record from peer: 693 bytes (type 0x17)
MTLSGUARD: [c9] vsock tx FROM_PEER payload=693 wire=698 t=1.467063
MTLSGUARD: [c9] vsock rx TO_PEER payload=610 wire=615 t=1.468204
MTLSGUARD: [c9] tcp tx 610 handshake bytes to peer
MTLSGUARD: [c9] vsock rx SECRETS payload=194 wire=199 t=1.470147
MTLSGUARD: [c9] record layer installed: TLS_AES_128_GCM_SHA256 tx_seq=0 rx_seq=0; key/iv derived in the guest by HKDF-Expand-Label(SHA-256) from the traffic secrets and equal to rustls' key/iv (tx and rx); peer identity (from host) spiffe://overdrive.test/ns/default/sa/peer-allowed; app write() EAGAINs during the handshake=2, read() EAGAINs=0 t=1.471248
MTLSGUARD: [c9] vsock summary: rx TO_PEER x3 (810 B), NEED_PEER x3; tx FROM_PEER 826 B; closing vsock (agent leaves the data path) t=1.477113
MTLSGUARD: [c9] app readiness none-> OUT (published by the guard) t=1.479490
MTLSGUARD: [c9] connect 192.168.204.1:6446: handshake done after 45491 us; RX pump running t=1.480795
IGKM-E: K keyupdate epoll_wait -> OUT (LT) after 7 empty 1-ms probes t=1.482491
IGKM-E: K keyupdate EPOLLOUT observed 41699 us after connect() returned; during the wait: 7 empty epoll_wait probes, early write() -> EAGAIN x2, other results x0, EPOLLIN-before-EPOLLOUT x0 t=1.483818
MTLSGUARD: [c9] tx record gen=0 seq=0 appdata plaintext=35 wire=57 (outer 0x17, inner 0x17) t=1.487134
IGKM-E: K keyupdate wrote 35 bytes: IGKM-E-REQK1 keyupdate guest->peer
[    1.490027] Info: [libvirtio_vsock] <virtio_vsock.c @ 1021> Got packet to port 8 without socket
MTLSGUARD: [c9] rx record gen=0 seq=0 wire=184 inner=0x16 plaintext=162 t=1.502077
MTLSGUARD: [c9] rx post-handshake NewSessionTicket #1 (77 B body) in record seq=0 -> discarded (no resumption) t=1.503464
MTLSGUARD: [c9] rx post-handshake NewSessionTicket #2 (77 B body) in record seq=0 -> discarded (no resumption) t=1.505485
MTLSGUARD: [c9] rx record gen=0 seq=1 wire=27 inner=0x16 plaintext=5 t=1.662426
MTLSGUARD: [c9] rx KeyUpdate(update_requested) in record seq=1 -> rx traffic secret N+1 = HKDF-Expand-Label(secret_N, "traffic upd"), rx keys now generation 1, rx seq 0 t=1.664338
MTLSGUARD: [c9] tx record gen=0 seq=1 KeyUpdate(update_not_requested) plaintext=5 wire=27 (outer 0x17, inner 0x16) t=1.669084
MTLSGUARD: [c9] sent KeyUpdate(update_not_requested) under the old tx keys, then tx keys -> generation 1, tx seq 0 t=1.672416
MTLSGUARD: [c9] rx record gen=1 seq=0 wire=58 inner=0x17 plaintext=36 t=1.675745
MTLSGUARD: [c9] app readiness OUT -> IN OUT (published by the guard) t=1.677910
MTLSGUARD: [c9] app readiness IN OUT -> OUT (published by the guard) t=1.680022
IGKM-E: K keyupdate read 36 bytes: IGKM-E-RESPK1 keyupdate peer->guest
MTLSGUARD: [c9] tx record gen=1 seq=0 appdata plaintext=35 wire=57 (outer 0x17, inner 0x17) t=1.684030
IGKM-E: K keyupdate wrote 35 bytes: IGKM-E-REQK2 keyupdate guest->peer
MTLSGUARD: [c9] rx record gen=1 seq=1 wire=27 inner=0x16 plaintext=5 t=1.719003
MTLSGUARD: [c9] rx KeyUpdate(update_requested) in record seq=1 -> rx traffic secret N+1 = HKDF-Expand-Label(secret_N, "traffic upd"), rx keys now generation 2, rx seq 0 t=1.721750
MTLSGUARD: [c9] tx record gen=1 seq=1 KeyUpdate(update_not_requested) plaintext=5 wire=27 (outer 0x17, inner 0x16) t=1.727755
MTLSGUARD: [c9] sent KeyUpdate(update_not_requested) under the old tx keys, then tx keys -> generation 2, tx seq 0 t=1.731965
MTLSGUARD: [c9] rx record gen=2 seq=0 wire=58 inner=0x17 plaintext=36 t=1.736473
MTLSGUARD: [c9] app readiness OUT -> IN OUT (published by the guard) t=1.739177
MTLSGUARD: [c9] app readiness IN OUT -> OUT (published by the guard) t=1.741875
IGKM-E: K keyupdate read 36 bytes: IGKM-E-RESPK2 keyupdate peer->guest
MTLSGUARD: [c9] tx record gen=2 seq=0 appdata plaintext=35 wire=57 (outer 0x17, inner 0x17) t=1.746951
IGKM-E: K keyupdate wrote 35 bytes: IGKM-E-REQK3 keyupdate guest->peer
MTLSGUARD: [c9] rx record gen=2 seq=1 wire=27 inner=0x16 plaintext=5 t=1.752887
MTLSGUARD: [c9] rx KeyUpdate(update_requested) in record seq=1 -> rx traffic secret N+1 = HKDF-Expand-Label(secret_N, "traffic upd"), rx keys now generation 3, rx seq 0 t=1.755236
MTLSGUARD: [c9] tx record gen=2 seq=1 KeyUpdate(update_not_requested) plaintext=5 wire=27 (outer 0x17, inner 0x16) t=1.759951
MTLSGUARD: [c9] sent KeyUpdate(update_not_requested) under the old tx keys, then tx keys -> generation 3, tx seq 0 t=1.763260
MTLSGUARD: [c9] rx record gen=3 seq=0 wire=58 inner=0x17 plaintext=36 t=1.766797
MTLSGUARD: [c9] app readiness OUT -> IN OUT (published by the guard) t=1.768934
MTLSGUARD: [c9] app readiness IN OUT -> OUT (published by the guard) t=1.771052
IGKM-E: K keyupdate read 36 bytes: IGKM-E-RESPK3 keyupdate peer->guest
IGKM-E: K 3 exchanges, EPOLLIN wakeups=3 spurious=0
MTLSGUARD: [c9] close: state=established tx records=3 rx records=3 NewSessionTickets discarded=2 KeyUpdates rx=3 tx=3
MTLSGUARD: [c9] tx record gen=3 seq=0 close_notify plaintext=2 wire=24 (outer 0x17, inner 0x15) t=1.779534
IGKM-E: VERDICT K keyupdate=PASS
IGKM-E: R1 raw-nst non-blocking connect(192.168.204.1:6448) t=1.783512
MTLSGUARD: [c10] connect 192.168.204.1:6448: mesh destination, NON-BLOCKING connect (lwIP connect returned -115) t=1.785110
MTLSGUARD: [c10] guard driver installed on 192.168.204.1:6448: lwIP raw readiness 0x0, app readiness 0x0 (withheld until the record layer is installed) t=1.788406
MTLSGUARD: [c10] connect 192.168.204.1:6448: returning EINPROGRESS now; the guard thread drives TCP + handshake t=1.791775
IGKM-E: R1 raw-nst connect() returned -1 errno=115 (Operation now in progress) after 8729 us t=1.793817
IGKM-E: R1 raw-nst poll(POLLIN|POLLOUT, 0 ms) right after connect() = 0 revents=0x0 t=1.795571
MTLSGUARD: [c10] write() of 40 B before the record layer is installed -> EAGAIN, 0 bytes to lwIP t=1.797144
IGKM-E: R1 raw-nst write(40 bytes) before EPOLLOUT returned -1 errno=11 (Resource temporarily unavailable) t=1.799022
MTLSGUARD: [c10] TCP connected after 15894 us (lwIP raw EPOLLOUT at t=1.800986); the app still sees no EPOLLOUT -> relay the handshake
MTLSGUARD: [c10] vsock connected to host relay (cid 2 port 7100) t=1.803436
MTLSGUARD: [c10] vsock tx OPEN payload=7 wire=12 t=1.804727
MTLSGUARD: [c10] vsock rx TO_PEER payload=194 wire=199 t=1.805756
MTLSGUARD: [c10] tcp tx 194 handshake bytes to peer
MTLSGUARD: [c10] vsock rx NEED_PEER payload=0 wire=5 t=1.807763
MTLSGUARD: [c10] tcp rx one handshake record from peer: 127 bytes (type 0x16)
MTLSGUARD: [c10] vsock tx FROM_PEER payload=127 wire=132 t=1.810168
MTLSGUARD: [c10] vsock rx TO_PEER payload=6 wire=11 t=1.811326
MTLSGUARD: [c10] tcp tx 6 handshake bytes to peer
MTLSGUARD: [c10] vsock rx NEED_PEER payload=0 wire=5 t=1.813224
MTLSGUARD: [c10] tcp rx one handshake record from peer: 6 bytes (type 0x14)
MTLSGUARD: [c10] vsock tx FROM_PEER payload=6 wire=11 t=1.815570
MTLSGUARD: [c10] vsock rx NEED_PEER payload=0 wire=5 t=1.816676
MTLSGUARD: [c10] tcp rx one handshake record from peer: 693 bytes (type 0x17)
MTLSGUARD: [c10] vsock tx FROM_PEER payload=693 wire=698 t=1.819044
MTLSGUARD: [c10] vsock rx TO_PEER payload=611 wire=616 t=1.820211
MTLSGUARD: [c10] tcp tx 611 handshake bytes to peer
MTLSGUARD: [c10] vsock rx SECRETS payload=194 wire=199 t=1.822188
MTLSGUARD: [c10] record layer installed: TLS_AES_128_GCM_SHA256 tx_seq=0 rx_seq=0; key/iv derived in the guest by HKDF-Expand-Label(SHA-256) from the traffic secrets and equal to rustls' key/iv (tx and rx); peer identity (from host) spiffe://overdrive.test/ns/default/sa/peer-allowed; app write() EAGAINs during the handshake=2, read() EAGAINs=0 t=1.823303
MTLSGUARD: [c10] vsock summary: rx TO_PEER x3 (811 B), NEED_PEER x3; tx FROM_PEER 826 B; closing vsock (agent leaves the data path) t=1.829185
MTLSGUARD: [c10] app readiness none-> OUT (published by the guard) t=1.831592
MTLSGUARD: [c10] connect 192.168.204.1:6448: handshake done after 47798 us; RX pump running t=1.832908
IGKM-E: R1 raw-nst epoll_wait -> OUT (LT) after 7 empty 1-ms probes t=1.834629
IGKM-E: R1 raw-nst EPOLLOUT observed 42121 us after connect() returned; during the wait: 7 empty epoll_wait probes, early write() -> EAGAIN x2, other results x0, EPOLLIN-before-EPOLLOUT x0 t=1.835939
[    1.839242] Info: [libvirtio_vsock] <virtio_vsock.c @ 1021> Got packet to port 9 without socket
MTLSGUARD: [c10] rx record gen=0 seq=0 wire=99 inner=0x16 plaintext=77 t=1.853105
MTLSGUARD: [c10] rx post-handshake NewSessionTicket #1 (53 B body) in record seq=0 -> discarded (no resumption) t=1.854478
MTLSGUARD: [c10] rx handshake message continues in the next record (20 B buffered)
MTLSGUARD: [c10] rx record gen=0 seq=1 wire=59 inner=0x16 plaintext=37 t=1.857882
MTLSGUARD: [c10] rx post-handshake NewSessionTicket #2 (53 B body) in record seq=1 -> discarded (no resumption) t=1.859241
MTLSGUARD: [c10] rx record gen=0 seq=2 wire=136 inner=0x16 plaintext=114 t=1.861274
MTLSGUARD: [c10] rx post-handshake NewSessionTicket #3 (53 B body) in record seq=2 -> discarded (no resumption) t=1.862723
MTLSGUARD: [c10] rx post-handshake NewSessionTicket #4 (53 B body) in record seq=2 -> discarded (no resumption) t=1.864753
MTLSGUARD: [c10] rx record gen=0 seq=3 wire=58 inner=0x17 plaintext=36 t=1.866787
MTLSGUARD: [c10] app readiness OUT -> IN OUT (published by the guard) t=1.868150
MTLSGUARD: [c10] app readiness IN OUT -> OUT (published by the guard) t=1.869524
IGKM-E: R1 raw-nst read 36 bytes: IGKM-E-GREETING raw-nst peer->guest
MTLSGUARD: [c10] tx record gen=0 seq=0 appdata plaintext=32 wire=54 (outer 0x17, inner 0x17) t=1.872032
IGKM-E: R1 raw-nst wrote 32 bytes: IGKM-E-REQR raw-nst guest->peer
MTLSGUARD: [c10] rx record gen=0 seq=4 wire=27 inner=0x16 plaintext=5 t=1.874942
MTLSGUARD: [c10] rx KeyUpdate(update_not_requested) in record seq=4 -> rx traffic secret N+1 = HKDF-Expand-Label(secret_N, "traffic upd"), rx keys now generation 1, rx seq 0 t=1.876293
MTLSGUARD: [c10] rx record gen=1 seq=0 wire=55 inner=0x17 plaintext=33 t=1.879356
MTLSGUARD: [c10] app readiness OUT -> IN OUT (published by the guard) t=1.880729
MTLSGUARD: [c10] app readiness IN OUT -> OUT (published by the guard) t=1.882074
IGKM-E: R1 raw-nst read 33 bytes: IGKM-E-RESPR raw-nst peer->guest
MTLSGUARD: [c10] tx record gen=0 seq=1 appdata plaintext=41 wire=63 (outer 0x17, inner 0x17) t=1.884555
IGKM-E: R1 raw-nst wrote 41 bytes: IGKM-E-REQR2 after-keyupdate guest->peer
MTLSGUARD: [c10] rx record gen=1 seq=1 wire=64 inner=0x17 plaintext=42 t=1.887601
MTLSGUARD: [c10] app readiness OUT -> IN OUT (published by the guard) t=1.888960
MTLSGUARD: [c10] app readiness IN OUT -> OUT (published by the guard) t=1.890302
IGKM-E: R1 raw-nst read 42 bytes: IGKM-E-RESPR2 after-keyupdate peer->guest
IGKM-E: R1 EPOLLIN wakeups=3 spurious=0
MTLSGUARD: [c10] close: state=established tx records=2 rx records=3 NewSessionTickets discarded=4 KeyUpdates rx=1 tx=0
MTLSGUARD: [c10] tx record gen=0 seq=2 close_notify plaintext=2 wire=24 (outer 0x17, inner 0x15) t=1.895588
IGKM-E: VERDICT R1 raw-nst-keyupdate-not-requested=PASS
IGKM-E: R2 raw-unexpected non-blocking connect(192.168.204.1:6449) t=1.899384
MTLSGUARD: [c11] connect 192.168.204.1:6449: mesh destination, NON-BLOCKING connect (lwIP connect returned -115) t=1.900716
MTLSGUARD: [c11] guard driver installed on 192.168.204.1:6449: lwIP raw readiness 0x0, app readiness 0x0 (withheld until the record layer is installed) t=1.902795
MTLSGUARD: [c11] connect 192.168.204.1:6449: returning EINPROGRESS now; the guard thread drives TCP + handshake t=1.905531
IGKM-E: R2 raw-unexpected connect() returned -1 errno=115 (Operation now in progress) after 6861 us t=1.907563
IGKM-E: R2 raw-unexpected poll(POLLIN|POLLOUT, 0 ms) right after connect() = 0 revents=0x0 t=1.909419
MTLSGUARD: [c11] write() of 40 B before the record layer is installed -> EAGAIN, 0 bytes to lwIP t=1.911115
IGKM-E: R2 raw-unexpected write(40 bytes) before EPOLLOUT returned -1 errno=11 (Resource temporarily unavailable) t=1.912906
MTLSGUARD: [c11] TCP connected after 14274 us (lwIP raw EPOLLOUT at t=1.914978); the app still sees no EPOLLOUT -> relay the handshake
MTLSGUARD: [c11] vsock connected to host relay (cid 2 port 7100) t=1.917465
MTLSGUARD: [c11] vsock tx OPEN payload=7 wire=12 t=1.918744
MTLSGUARD: [c11] vsock rx TO_PEER payload=194 wire=199 t=1.919771
MTLSGUARD: [c11] tcp tx 194 handshake bytes to peer
MTLSGUARD: [c11] vsock rx NEED_PEER payload=0 wire=5 t=1.921783
MTLSGUARD: [c11] tcp rx one handshake record from peer: 127 bytes (type 0x16)
MTLSGUARD: [c11] vsock tx FROM_PEER payload=127 wire=132 t=1.924175
MTLSGUARD: [c11] vsock rx TO_PEER payload=6 wire=11 t=1.925335
MTLSGUARD: [c11] tcp tx 6 handshake bytes to peer
MTLSGUARD: [c11] vsock rx NEED_PEER payload=0 wire=5 t=1.927235
MTLSGUARD: [c11] tcp rx one handshake record from peer: 6 bytes (type 0x14)
MTLSGUARD: [c11] vsock tx FROM_PEER payload=6 wire=11 t=1.929581
MTLSGUARD: [c11] vsock rx NEED_PEER payload=0 wire=5 t=1.930689
MTLSGUARD: [c11] tcp rx one handshake record from peer: 693 bytes (type 0x17)
MTLSGUARD: [c11] vsock tx FROM_PEER payload=693 wire=698 t=1.933056
MTLSGUARD: [c11] vsock rx TO_PEER payload=610 wire=615 t=1.934210
MTLSGUARD: [c11] tcp tx 610 handshake bytes to peer
MTLSGUARD: [c11] vsock rx SECRETS payload=194 wire=199 t=1.936182
MTLSGUARD: [c11] record layer installed: TLS_AES_128_GCM_SHA256 tx_seq=0 rx_seq=0; key/iv derived in the guest by HKDF-Expand-Label(SHA-256) from the traffic secrets and equal to rustls' key/iv (tx and rx); peer identity (from host) spiffe://overdrive.test/ns/default/sa/peer-allowed; app write() EAGAINs during the handshake=2, read() EAGAINs=0 t=1.937302
MTLSGUARD: [c11] vsock summary: rx TO_PEER x3 (810 B), NEED_PEER x3; tx FROM_PEER 826 B; closing vsock (agent leaves the data path) t=1.943186
MTLSGUARD: [c11] app readiness none-> OUT (published by the guard) t=1.945589
MTLSGUARD: [c11] connect 192.168.204.1:6449: handshake done after 46192 us; RX pump running t=1.946908
IGKM-E: R2 raw-unexpected epoll_wait -> OUT (LT) after 7 empty 1-ms probes t=1.948624
IGKM-E: R2 raw-unexpected EPOLLOUT observed 42487 us after connect() returned; during the wait: 7 empty epoll_wait probes, early write() -> EAGAIN x2, other results x0, EPOLLIN-before-EPOLLOUT x0 t=1.950050
[    1.953478] Info: [libvirtio_vsock] <virtio_vsock.c @ 1021> Got packet to port 10 without socket
MTLSGUARD: [c11] rx record gen=0 seq=0 wire=79 inner=0x16 plaintext=57 t=1.967077
MTLSGUARD: [c11] rx post-handshake NewSessionTicket #1 (53 B body) in record seq=0 -> discarded (no resumption) t=1.968449
MTLSGUARD: [c11] rx record gen=0 seq=1 wire=29 inner=0x16 plaintext=7 t=1.970489
MTLSGUARD: [c11] FAIL CLOSED: unexpected post-handshake handshake message type 13 (CertificateRequest) -> read()/write() now return -71, fatal alert sent t=1.971837
MTLSGUARD: [c11] tx record gen=0 seq=0 fatal alert plaintext=2 wire=24 (outer 0x17, inner 0x15) t=1.974563
MTLSGUARD: [c11] TX drained -> lwIP shutdown(SHUT_RDWR) t=1.976351
IGKM-E: R2 epoll events=IN ERR  read result=1 n=-71 (Protocol error); application bytes delivered=0
MTLSGUARD: [c11] close: state=established tx records=0 rx records=0 NewSessionTickets discarded=1 KeyUpdates rx=0 tx=0
IGKM-E: VERDICT R2 raw-unexpected-message=PASS
IGKM-E: N5 nb-deny non-blocking connect(192.168.204.1:6444) t=1.982992
MTLSGUARD: [c12] connect 192.168.204.1:6444: mesh destination, NON-BLOCKING connect (lwIP connect returned -115) t=1.984187
MTLSGUARD: [c12] guard driver installed on 192.168.204.1:6444: lwIP raw readiness 0x0, app readiness 0x0 (withheld until the record layer is installed) t=1.986261
MTLSGUARD: [c12] connect 192.168.204.1:6444: returning EINPROGRESS now; the guard thread drives TCP + handshake t=1.988986
IGKM-E: N5 nb-deny connect() returned -1 errno=115 (Operation now in progress) after 6846 us t=1.991018
IGKM-E: N5 nb-deny poll(POLLIN|POLLOUT, 0 ms) right after connect() = 0 revents=0x0 t=1.992766
MTLSGUARD: [c12] write() of 40 B before the record layer is installed -> EAGAIN, 0 bytes to lwIP t=1.994338
IGKM-E: N5 nb-deny write(40 bytes) before EPOLLOUT returned -1 errno=11 (Resource temporarily unavailable) t=1.996134
MTLSGUARD: [c12] TCP connected after 13920 us (lwIP raw EPOLLOUT at t=1.998096); the app still sees no EPOLLOUT -> relay the handshake
MTLSGUARD: [c12] vsock connected to host relay (cid 2 port 7100) t=2.000575
MTLSGUARD: [c12] vsock tx OPEN payload=7 wire=12 t=2.001860
MTLSGUARD: [c12] vsock rx TO_PEER payload=194 wire=199 t=2.002894
MTLSGUARD: [c12] tcp tx 194 handshake bytes to peer
MTLSGUARD: [c12] vsock rx NEED_PEER payload=0 wire=5 t=2.004915
MTLSGUARD: [c12] tcp rx one handshake record from peer: 127 bytes (type 0x16)
MTLSGUARD: [c12] vsock tx FROM_PEER payload=127 wire=132 t=2.007313
MTLSGUARD: [c12] vsock rx TO_PEER payload=6 wire=11 t=2.008480
MTLSGUARD: [c12] tcp tx 6 handshake bytes to peer
MTLSGUARD: [c12] vsock rx NEED_PEER payload=0 wire=5 t=2.010368
MTLSGUARD: [c12] tcp rx one handshake record from peer: 6 bytes (type 0x14)
MTLSGUARD: [c12] vsock tx FROM_PEER payload=6 wire=11 t=2.012720
MTLSGUARD: [c12] vsock rx NEED_PEER payload=0 wire=5 t=2.013828
MTLSGUARD: [c12] tcp rx one handshake record from peer: 692 bytes (type 0x17)
MTLSGUARD: [c12] vsock tx FROM_PEER payload=692 wire=697 t=2.016205
MTLSGUARD: [c12] vsock rx DENY payload=206 wire=211 t=2.017360
MTLSGUARD: [c12] host DENY: policy deny: local spiffe://overdrive.test/ns/default/sa/guest-client <-> peer spiffe://overdrive.test/ns/default/sa/peer-denied (handshake aborted: invalid peer certificate: ApplicationVerificationFailure)
MTLSGUARD: [c12] vsock summary: rx TO_PEER x2 (200 B), NEED_PEER x3; tx FROM_PEER 825 B; closing vsock (agent leaves the data path) t=2.022283
MTLSGUARD: [c12] connect 192.168.204.1:6444: FAIL closed (-13), TCP shut down, no application data sent (after 40495 us) t=2.024682
IGKM-E: N5 nb-deny epoll_wait -> ERR HUP (LT) after 7 empty 1-ms probes t=2.026914
IGKM-E: N5 nb-deny wait result=1 events=ERR HUP  SO_ERROR=13 (Permission denied), SO_ERROR again=0, write() afterwards=-1 errno=13 (Permission denied) t=2.028292
MTLSGUARD: [c12] close: state=failed tx records=0 rx records=0 NewSessionTickets discarded=0 KeyUpdates rx=0 tx=0
IGKM-E: VERDICT N5 nb-deny=PASS
IGKM-E: E client-first blocking connect(192.168.204.1:6450) t=2.033403
[    2.034605] Info: [libvirtio_vsock] <virtio_vsock.c @ 1021> Got packet to port 11 without socket
MTLSGUARD: [c13] connect 192.168.204.1:6450: mesh destination, BLOCKING connect (lwIP connect returned 0) t=2.036389
MTLSGUARD: [c13] guard driver installed on 192.168.204.1:6450: lwIP raw readiness 0x104, app readiness 0x0 (withheld until the record layer is installed) t=2.038328
MTLSGUARD: [c13] vsock connected to host relay (cid 2 port 7100) t=2.041338
MTLSGUARD: [c13] vsock tx OPEN payload=7 wire=12 t=2.042621
MTLSGUARD: [c13] vsock rx TO_PEER payload=194 wire=199 t=2.043647
MTLSGUARD: [c13] tcp tx 194 handshake bytes to peer
MTLSGUARD: [c13] vsock rx NEED_PEER payload=0 wire=5 t=2.045656
MTLSGUARD: [c13] tcp rx one handshake record from peer: 127 bytes (type 0x16)
MTLSGUARD: [c13] vsock tx FROM_PEER payload=127 wire=132 t=2.048047
MTLSGUARD: [c13] vsock rx TO_PEER payload=6 wire=11 t=2.049203
MTLSGUARD: [c13] tcp tx 6 handshake bytes to peer
MTLSGUARD: [c13] vsock rx NEED_PEER payload=0 wire=5 t=2.051124
MTLSGUARD: [c13] tcp rx one handshake record from peer: 6 bytes (type 0x14)
MTLSGUARD: [c13] vsock tx FROM_PEER payload=6 wire=11 t=2.053483
MTLSGUARD: [c13] vsock rx NEED_PEER payload=0 wire=5 t=2.054602
MTLSGUARD: [c13] tcp rx one handshake record from peer: 694 bytes (type 0x17)
MTLSGUARD: [c13] vsock tx FROM_PEER payload=694 wire=699 t=2.056973
MTLSGUARD: [c13] vsock rx TO_PEER payload=612 wire=617 t=2.058132
MTLSGUARD: [c13] tcp tx 612 handshake bytes to peer
MTLSGUARD: [c13] vsock rx SECRETS payload=194 wire=199 t=2.060110
MTLSGUARD: [c13] record layer installed: TLS_AES_128_GCM_SHA256 tx_seq=0 rx_seq=0; key/iv derived in the guest by HKDF-Expand-Label(SHA-256) from the traffic secrets and equal to rustls' key/iv (tx and rx); peer identity (from host) spiffe://overdrive.test/ns/default/sa/peer-allowed; app write() EAGAINs during the handshake=0, read() EAGAINs=0 t=2.061232
MTLSGUARD: [c13] vsock summary: rx TO_PEER x3 (812 B), NEED_PEER x3; tx FROM_PEER 827 B; closing vsock (agent leaves the data path) t=2.067121
MTLSGUARD: [c13] app readiness none-> OUT (published by the guard) t=2.069518
MTLSGUARD: [c13] connect 192.168.204.1:6450: handshake done after 34447 us; RX pump running t=2.070836
[    2.072549] Info: [libvirtio_vsock] <virtio_vsock.c @ 1021> Got packet to port 12 without socket
MTLSGUARD: [c13] connect 192.168.204.1:6450: blocking hold released: connect() = 0 after 37817 us t=2.074205
IGKM-E: E client-first connect() returned 0 errno=0 (-) after 41422 us t=2.076012
MTLSGUARD: [c13] tx record gen=0 seq=0 appdata plaintext=37 wire=59 (outer 0x17, inner 0x17) t=2.077373
IGKM-E: E client-first wrote 37 bytes: IGKM-E-REQ1 client-first guest->peer
MTLSGUARD: [c13] rx record gen=0 seq=0 wire=184 inner=0x16 plaintext=162 t=2.091044
MTLSGUARD: [c13] rx post-handshake NewSessionTicket #1 (77 B body) in record seq=0 -> discarded (no resumption) t=2.092452
MTLSGUARD: [c13] rx post-handshake NewSessionTicket #2 (77 B body) in record seq=0 -> discarded (no resumption) t=2.094484
MTLSGUARD: [c13] rx record gen=0 seq=1 wire=60 inner=0x17 plaintext=38 t=2.164415
MTLSGUARD: [c13] app readiness OUT -> IN OUT (published by the guard) t=2.165799
MTLSGUARD: [c13] app readiness IN OUT -> OUT (published by the guard) t=2.167146
IGKM-E: E client-first read 38 bytes: IGKM-E-RESP1 client-first peer->guest
IGKM-E: E exchange 1 done; sleeping 8 s on the open connection (host kills the relay now) t=2.169762
IGKM-E: E woke; exchange 2 on the SAME connection t=10.171614
MTLSGUARD: [c13] tx record gen=0 seq=1 appdata plaintext=41 wire=63 (outer 0x17, inner 0x17) t=10.173753
IGKM-E: E client-first wrote 41 bytes: IGKM-E-REQ2 after-relay-kill guest->peer
MTLSGUARD: [c13] rx record gen=0 seq=2 wire=64 inner=0x17 plaintext=42 t=10.180066
MTLSGUARD: [c13] app readiness OUT -> IN OUT (published by the guard) t=10.182833
MTLSGUARD: [c13] app readiness IN OUT -> OUT (published by the guard) t=10.185591
IGKM-E: E client-first read 42 bytes: IGKM-E-RESP2 after-relay-kill peer->guest
MTLSGUARD: [c13] close: state=established tx records=2 rx records=2 NewSessionTickets discarded=2 KeyUpdates rx=0 tx=0
MTLSGUARD: [c13] tx record gen=0 seq=2 close_notify plaintext=2 wire=24 (outer 0x17, inner 0x15) t=10.195021
IGKM-E: VERDICT E client-first=PASS
IGKM-E: VERDICT E after-relay-kill=PASS
IGKM-E: F agent-down blocking connect(192.168.204.1:6443) t=10.202333
MTLSGUARD: [c14] connect 192.168.204.1:6443: mesh destination, BLOCKING connect (lwIP connect returned 0) t=10.204878
MTLSGUARD: [c14] guard driver installed on 192.168.204.1:6443: lwIP raw readiness 0x104, app readiness 0x0 (withheld until the record layer is installed) t=10.208820
MTLSGUARD: [c14] host relay unreachable on vsock cid 2 port 7100 (-111) -> fail closed t=10.214701
MTLSGUARD: [c14] vsock summary: rx TO_PEER x0 (0 B), NEED_PEER x0; tx FROM_PEER 0 B; closing vsock (agent leaves the data path) t=10.218073
MTLSGUARD: [c14] connect 192.168.204.1:6443: FAIL closed (-103), TCP shut down, no application data sent (after 17908 us) t=10.222785
[   10.227317] Info: [libvirtio_vsock] <virtio_vsock.c @ 1021> Got packet to port 13 without socket
MTLSGUARD: [c14] connect 192.168.204.1:6443: blocking hold released: connect() = -103 after 25760 us t=10.230638
IGKM-E: F agent-down connect() returned -1 errno=103 (Software caused connection abort) after 28934 us t=10.233609
MTLSGUARD: [c14] close: state=failed tx records=0 rx records=0 NewSessionTickets discarded=0 KeyUpdates rx=0 tx=0
IGKM-E: VERDICT F agent-down=PASS
IGKM-E: N6 nb-agent-down non-blocking connect(192.168.204.1:6443) t=10.240551
MTLSGUARD: [c15] connect 192.168.204.1:6443: mesh destination, NON-BLOCKING connect (lwIP connect returned -115) t=10.242808
MTLSGUARD: [c15] guard driver installed on 192.168.204.1:6443: lwIP raw readiness 0x0, app readiness 0x0 (withheld until the record layer is installed) t=10.245115
MTLSGUARD: [c15] connect 192.168.204.1:6443: returning EINPROGRESS now; the guard thread drives TCP + handshake t=10.247871
IGKM-E: N6 nb-agent-down connect() returned -1 errno=115 (Operation now in progress) after 7316 us t=10.249922
IGKM-E: N6 nb-agent-down poll(POLLIN|POLLOUT, 0 ms) right after connect() = 0 revents=0x0 t=10.251800
MTLSGUARD: [c15] write() of 40 B before the record layer is installed -> EAGAIN, 0 bytes to lwIP t=10.253496
IGKM-E: N6 nb-agent-down write(40 bytes) before EPOLLOUT returned -1 errno=11 (Resource temporarily unavailable) t=10.255303
MTLSGUARD: [c15] TCP connected after 14579 us (lwIP raw EPOLLOUT at t=10.257376); the app still sees no EPOLLOUT -> relay the handshake
MTLSGUARD: [c15] host relay unreachable on vsock cid 2 port 7100 (-111) -> fail closed t=10.259803
MTLSGUARD: [c15] vsock summary: rx TO_PEER x0 (0 B), NEED_PEER x0; tx FROM_PEER 0 B; closing vsock (agent leaves the data path) t=10.261477
MTLSGUARD: [c15] connect 192.168.204.1:6443: FAIL closed (-103), TCP shut down, no application data sent (after 20990 us) t=10.263798
[   10.266045] Info: [libvirtio_vsock] <virtio_vsock.c @ 1021> Got packet to port 14 without socket
IGKM-E: N6 nb-agent-down epoll_wait -> ERR HUP (LT) after 2 empty 1-ms probes t=10.267700
IGKM-E: N6 nb-agent-down wait result=1 events=ERR HUP  SO_ERROR=103 (Software caused connection abort), SO_ERROR again=0, write() afterwards=-1 errno=103 (Software caused connection abort) t=10.269204
MTLSGUARD: [c15] close: state=failed tx records=0 rx records=0 NewSessionTickets discarded=0 KeyUpdates rx=0 tx=0
IGKM-E: VERDICT N6 nb-agent-down=PASS
IGKM-E: app returning t=10.275060
[   10.275629] Info: [libukboot] <boot.c @  514> main returned 0
[   10.276717] Info: [libukboot] <shutdown_req.c @   50> Shutdown requested (0)
[   10.278071] Info: [libukboot] <boot.c @  430> Shutting down system (0)
[  
===== firecracker stderr =====

===== firecracker log =====
2026-09-29T10:19:28.464344723 [igkm-e:main:INFO:src/vmm/src/device_manager/mod.rs:387] Artificially kick devices
2026-09-29T10:19:28.464589211 [igkm-e:fc_vcpu 0:WARN:src/vmm/src/vstate/vcpu.rs:323] Received a VcpuEvent::Resume message with immediate_exit enabled. immediate_exit was disabled before proceeding
2026-09-29T10:19:28.464656993 [igkm-e:main:INFO:src/firecracker/src/main.rs:610] Successfully started microvm that was configured from one single json
2026-09-29T10:19:28.477798953 [igkm-e:fc_vcpu 0:WARN:src/vmm/src/arch/x86_64/vcpu.rs:774] vcpu: IO write @ 0x70:0x1 failed: Failed to find address range.
2026-09-29T10:19:28.477854116 [igkm-e:fc_vcpu 0:WARN:src/vmm/src/arch/x86_64/vcpu.rs:764] vcpu: IO read @ 0x71:0x1 failed: Failed to find address range.
2026-09-29T10:19:28.477897020 [igkm-e:fc_vcpu 0:WARN:src/vmm/src/arch/x86_64/vcpu.rs:774] vcpu: IO write @ 0x70:0x1 failed: Failed to find address range.
2026-09-29T10:19:28.477939204 [igkm-e:fc_vcpu 0:WARN:src/vmm/src/arch/x86_64/vcpu.rs:764] vcpu: IO read @ 0x71:0x1 failed: Failed to find address range.
2026-09-29T10:19:28.477981387 [igkm-e:fc_vcpu 0:WARN:src/vmm/src/arch/x86_64/vcpu.rs:774] vcpu: IO write @ 0x70:0x1 failed: Failed to find address range.
2026-09-29T10:19:28.478023090 [igkm-e:fc_vcpu 0:WARN:src/vmm/src/arch/x86_64/vcpu.rs:764] vcpu: IO read @ 0x71:0x1 failed: Failed to find address range.
2026-09-29T10:19:28.478065474 [igkm-e:fc_vcpu 0:WARN:src/vmm/src/arch/x86_64/vcpu.rs:774] vcpu: IO write @ 0x70:0x1 failed: Failed to find address range.
2026-09-29T10:19:28.478107617 [igkm-e:fc_vcpu 0:WARN:src/vmm/src/arch/x86_64/vcpu.rs:764] vcpu: IO read @ 0x71:0x1 failed: Failed to find address range.
2026-09-29T10:19:28.478159536 [igkm-e:fc_vcpu 0:WARN:src/vmm/src/arch/x86_64/vcpu.rs:774] vcpu: IO write @ 0x70:0x1 failed: Failed to find address range.
2026-09-29T10:19:28.478200758 [igkm-e:fc_vcpu 0:WARN:src/vmm/src/arch/x86_64/vcpu.rs:764] vcpu: IO read @ 0x71:0x1 failed: Failed to find address range.
2026-09-29T10:19:28.478242681 [igkm-e:fc_vcpu 0:WARN:src/vmm/src/arch/x86_64/vcpu.rs:774] vcpu: IO write @ 0x70:0x1 failed: Failed to find address range.
2026-09-29T10:19:28.478284424 [igkm-e:fc_vcpu 0:WARN:src/vmm/src/arch/x86_64/vcpu.rs:764] vcpu: IO read @ 0x71:0x1 failed: Failed to find address range.
2026-09-29T10:19:28.478325886 [igkm-e:fc_vcpu 0:WARN:src/vmm/src/arch/x86_64/vcpu.rs:774] vcpu: IO write @ 0x70:0x1 failed: Failed to find address range.
2026-09-29T10:19:28.478367469 [igkm-e:fc_vcpu 0:WARN:src/vmm/src/arch/x86_64/vcpu.rs:764] vcpu: IO read @ 0x71:0x1 failed: Failed to find address range.
2026-09-29T10:19:28.605329091 [igkm-e:fc_vcpu 0:INFO:src/vmm/src/devices/virtio/device.rs:228] [Vsock:vsock] notifying queues
2026-09-29T10:19:28.612512332 [igkm-e:fc_vcpu 0:WARN:src/vmm/src/devices/virtio/device.rs:159] Received acknowledge request for unknown feature: 0x202089a3
2026-09-29T10:19:28.621032186 [igkm-e:fc_vcpu 0:INFO:src/vmm/src/devices/virtio/device.rs:228] [Net:net0] notifying queues
2026-09-29T10:19:38.759889733 [igkm-e:main:INFO:src/vmm/src/lib.rs:693] Vmm is stopping.
2026-09-29T10:19:38.759913229 [igkm-e:main:INFO:src/vmm/src/lib.rs:768] Killing vCPU threads
2026-09-29T10:19:38.759925777 [igkm-e:fc_vcpu 0:WARN:src/vmm/src/vstate/vcpu.rs:409] Requested a vCPU run with immediate_exit enabled. The operation was skipped
2026-09-29T10:19:38.778978704 [igkm-e:main:INFO:src/firecracker/src/main.rs:116] Firecracker exiting successfully. exit_code=0

===== firecracker metrics (non-zero vsock/net/i8042 counters) =====
   line2 i8042.missed_write_count = 1
   line2 i8042.read_count = 2
   line2 i8042.reset_count = 1
   line2 i8042.write_count = 4
   line2 net.no_tx_avail_buffer = 1
   line2 net.rx_queue_event_count = 109
   line2 net.rx_tap_event_count = 120
   line2 net.rx_bytes_count = 63799
   line2 net.rx_packets_count = 143
   line2 net.rx_count = 143
   line2 net.tap_write_agg.sum_us = 3952
   line2 net.tx_bytes_count = 19614
   line2 net.tx_count = 137
   line2 net.tx_packets_count = 137
   line2 net.tx_queue_event_count = 126
   line2 net.tx_remaining_reqs_count = 23
   line2 vsock.tx_queue_event_count = 83
   line2 vsock.rx_bytes_count = 12338
   line2 vsock.tx_bytes_count = 11082
   line2 vsock.rx_packets_count = 152
   line2 vsock.tx_packets_count = 117
   line2 vsock.conns_added = 13
   line2 vsock.conns_removed = 13

===== tcpdump =====
tcpdump: listening on igke29101928, link-type EN10MB (Ethernet), snapshot length 262144 bytes
280 packets captured
280 packets received by filter
0 packets dropped by kernel
-rw-r--r-- 1 root root 84557 Sep 29 10:19 <metal-home>/igkm-spike-a/runs-igkme/20260929T101928Z-284881/tap.pcap
723e2f96b17de520e52f771016f316ddc6eb4ac0e40184f37930fb069b9da97e  <metal-home>/igkm-spike-a/runs-igkme/20260929T101928Z-284881/tap.pcap

===== tap capture scan =====
SCAN conn client guest:54374 -> server peer:5001 (PLAIN) first packet t+0.516991s
SCAN   guest->peer: 42 bytes flags[FIN,SYN] marker(IGKM-E-)=1
SCAN     contains plaintext b'IGKM-E-PLAIN-REQ pass-through guest->host\n'
SCAN   peer->guest: 43 bytes flags[FIN,SYN] marker(IGKM-E-)=1
SCAN     contains plaintext b'IGKM-E-PLAIN-RESP pass-through host->guest\n'
SCAN conn client guest:54375 -> server peer:6444 (TLS) first packet t+0.532790s
SCAN   guest->peer: 200 bytes flags[FIN,SYN] marker(IGKM-E-)=0 records=2 (0x17 count=0) unframed_bytes=0
SCAN     records: 0x16/189 0x14/1
SCAN       seg#1 t+0.541401s: 0x16/189
SCAN       seg#2 t+0.546819s: 0x14/1
SCAN   peer->guest: 825 bytes flags[FIN,SYN] marker(IGKM-E-)=0 records=3 (0x17 count=1) unframed_bytes=0
SCAN     records: 0x16/122 0x14/1 0x17/687
SCAN       seg#1 t+0.541715s: 0x16/122 0x14/1 0x17/687 COALESCED
SCAN conn client guest:54376 -> server peer:6445 (TLS) first packet t+0.572570s
SCAN   guest->peer: 893 bytes flags[RST,SYN] marker(IGKM-E-)=0 records=5 (0x17 count=3) unframed_bytes=0
SCAN     records: 0x16/189 0x14/1 0x17/605 0x17/54 0x17/19
SCAN       seg#1 t+0.581010s: 0x16/189
SCAN       seg#2 t+0.586436s: 0x14/1
SCAN       seg#3 t+0.627075s: 0x17/605
SCAN       seg#4 t+0.773959s: 0x17/54
SCAN       seg#5 t+0.784337s: 0x17/19
SCAN   peer->guest: 1157 bytes flags[FIN,SYN] marker(IGKM-E-)=0 records=7 (0x17 count=5) unframed_bytes=0
SCAN     records: 0x16/122 0x14/1 0x17/688 0x17/179 0x17/58 0x17/55 0x17/19
SCAN       seg#1 t+0.581302s: 0x16/122 0x14/1 0x17/688 COALESCED
SCAN       seg#2 t+0.627447s: 0x17/179
SCAN       seg#3 t+0.766689s: 0x17/58
SCAN       seg#4 t+0.774080s: 0x17/55
SCAN       seg#5 t+0.784443s: 0x17/19
SCAN conn client peer:51440 -> server guest:7443 (TLS) first packet t+0.833580s
SCAN   guest->peer: 905 bytes flags[FIN,SYN] marker(IGKM-E-)=0 records=5 (0x17 count=3) unframed_bytes=0
SCAN     records: 0x16/122 0x14/1 0x17/688 0x17/50 0x17/19
SCAN       seg#1 t+0.846236s: 0x16/122 0x14/1 0x17/688 COALESCED
SCAN       seg#2 t+1.032735s: 0x17/50
SCAN       seg#3 t+1.044680s: 0x17/19
SCAN   peer->guest: 864 bytes flags[FIN,SYN] marker(IGKM-E-)=0 records=4 (0x17 count=2) unframed_bytes=0
SCAN     records: 0x16/189 0x14/1 0x17/605 0x17/49
SCAN       seg#1 t+0.833830s: 0x16/189
SCAN       seg#2 t+0.846541s: 0x14/1 0x17/605 COALESCED
SCAN       seg#3 t+1.017463s: 0x17/49
SCAN conn client peer:51446 -> server guest:7443 (TLS) first packet t+1.047358s
SCAN   guest->peer: 827 bytes flags[FIN,RST,SYN] marker(IGKM-E-)=0 records=3 (0x17 count=1) unframed_bytes=0
SCAN     records: 0x16/122 0x14/1 0x17/689
SCAN       seg#1 t+1.074646s: 0x16/122 0x14/1 0x17/689 COALESCED
SCAN   peer->guest: 876 bytes flags[FIN,SYN] marker(IGKM-E-)=0 records=4 (0x17 count=2) unframed_bytes=0
SCAN     records: 0x16/189 0x14/1 0x17/617 0x17/49
SCAN       seg#1 t+1.047608s: 0x16/189
SCAN       seg#2 t+1.074972s: 0x14/1 0x17/617 COALESCED
SCAN       seg#3 t+1.099278s: 0x17/49
SCAN conn client guest:54377 -> server peer:6443 (TLS) first packet t+1.111746s
SCAN   guest->peer: 897 bytes flags[RST,SYN] marker(IGKM-E-)=0 records=5 (0x17 count=3) unframed_bytes=0
SCAN     records: 0x16/189 0x14/1 0x17/606 0x17/57 0x17/19
SCAN       seg#1 t+1.132350s: 0x16/189
SCAN       seg#2 t+1.137768s: 0x14/1
SCAN       seg#3 t+1.179047s: 0x17/606 0x17/57 COALESCED
SCAN       seg#4 t+1.283389s: 0x17/19
SCAN   peer->guest: 1097 bytes flags[FIN,SYN] marker(IGKM-E-)=0 records=6 (0x17 count=4) unframed_bytes=0
SCAN     records: 0x16/122 0x14/1 0x17/688 0x17/179 0x17/58 0x17/19
SCAN       seg#1 t+1.132694s: 0x16/122 0x14/1 0x17/688 COALESCED
SCAN       seg#2 t+1.179403s: 0x17/179
SCAN       seg#3 t+1.266700s: 0x17/58
SCAN       seg#4 t+1.283531s: 0x17/19
SCAN conn client guest:54378 -> server peer:6445 (TLS) first packet t+1.287994s
SCAN   guest->peer: 893 bytes flags[RST,SYN] marker(IGKM-E-)=0 records=5 (0x17 count=3) unframed_bytes=0
SCAN     records: 0x16/189 0x14/1 0x17/605 0x17/54 0x17/19
SCAN       seg#1 t+1.317004s: 0x16/189
SCAN       seg#2 t+1.322424s: 0x14/1
SCAN       seg#3 t+1.363068s: 0x17/605
SCAN       seg#4 t+1.531700s: 0x17/54
SCAN       seg#5 t+1.554541s: 0x17/19
SCAN   peer->guest: 1158 bytes flags[FIN,SYN] marker(IGKM-E-)=0 records=7 (0x17 count=5) unframed_bytes=0
SCAN     records: 0x16/122 0x14/1 0x17/689 0x17/179 0x17/58 0x17/55 0x17/19
SCAN       seg#1 t+1.317331s: 0x16/122 0x14/1 0x17/689 COALESCED
SCAN       seg#2 t+1.363468s: 0x17/179
SCAN       seg#3 t+1.516934s: 0x17/58
SCAN       seg#4 t+1.531810s: 0x17/55
SCAN       seg#5 t+1.554599s: 0x17/19
SCAN conn client guest:54379 -> server peer:6447 (TLS) first packet t+1.560170s
SCAN   guest->peer: 889 bytes flags[RST,SYN] marker(IGKM-E-)=0 records=5 (0x17 count=3) unframed_bytes=0
SCAN     records: 0x16/189 0x14/1 0x17/606 0x17/49 0x17/19
SCAN       seg#1 t+1.593625s: 0x16/189
SCAN       seg#2 t+1.599063s: 0x14/1
SCAN       seg#3 t+1.640064s: 0x17/606 0x17/49 COALESCED
SCAN       seg#4 t+1.672770s: 0x17/19
SCAN   peer->guest: 41156 bytes flags[FIN,SYN] marker(IGKM-E-)=0 records=9 (0x17 count=7) unframed_bytes=0
SCAN     records: 0x16/122 0x14/1 0x17/689 0x17/179 0x17/50 0x17/16401 0x17/16401 0x17/7249 0x17/19
SCAN       seg#1 t+1.593942s: 0x16/122 0x14/1 0x17/689 COALESCED
SCAN       seg#2 t+1.640469s: 0x17/179
SCAN       seg#3 t+1.640765s: 0x17/50 0x17/16401 COALESCED
SCAN       seg#9 t+1.646045s: 0x17/16401
SCAN       seg#14 t+1.646079s: 0x17/7249
SCAN       seg#18 t+1.672828s: 0x17/19
SCAN conn client guest:54380 -> server peer:6445 (TLS) first packet t+1.676078s
SCAN   guest->peer: 892 bytes flags[RST,SYN] marker(IGKM-E-)=0 records=5 (0x17 count=3) unframed_bytes=0
SCAN     records: 0x16/189 0x14/1 0x17/606 0x17/52 0x17/19
SCAN       seg#1 t+1.696597s: 0x16/189
SCAN       seg#2 t+1.702040s: 0x14/1
SCAN       seg#3 t+1.743066s: 0x17/606
SCAN       seg#4 t+1.774153s: 0x17/52
SCAN       seg#5 t+1.786685s: 0x17/19
SCAN   peer->guest: 1155 bytes flags[FIN,SYN] marker(IGKM-E-)=0 records=7 (0x17 count=5) unframed_bytes=0
SCAN     records: 0x16/122 0x14/1 0x17/688 0x17/179 0x17/58 0x17/53 0x17/19
SCAN       seg#1 t+1.696904s: 0x16/122 0x14/1 0x17/688 COALESCED
SCAN       seg#2 t+1.743459s: 0x17/179
SCAN       seg#3 t+1.766745s: 0x17/58
SCAN       seg#4 t+1.774223s: 0x17/53
SCAN       seg#5 t+1.786796s: 0x17/19
SCAN conn client guest:54381 -> server peer:6446 (TLS) first packet t+1.789779s
SCAN   guest->peer: 1086 bytes flags[RST,SYN] marker(IGKM-E-)=0 records=10 (0x17 count=8) unframed_bytes=0
SCAN     records: 0x16/189 0x14/1 0x17/605 0x17/52 0x17/22 0x17/52 0x17/22 0x17/52 0x17/22 0x17/19
SCAN       seg#1 t+1.809534s: 0x16/189
SCAN       seg#2 t+1.814976s: 0x14/1
SCAN       seg#3 t+1.856056s: 0x17/605 0x17/52 COALESCED
SCAN       seg#4 t+2.032442s: 0x17/22
SCAN       seg#5 t+2.073232s: 0x17/52
SCAN       seg#6 t+2.090772s: 0x17/22
SCAN       seg#7 t+2.104954s: 0x17/52
SCAN       seg#8 t+2.121133s: 0x17/22
SCAN       seg#9 t+2.136412s: 0x17/19
SCAN   peer->guest: 1289 bytes flags[FIN,SYN] marker(IGKM-E-)=0 records=11 (0x17 count=9) unframed_bytes=0
SCAN     records: 0x16/122 0x14/1 0x17/688 0x17/179 0x17/22 0x17/53 0x17/22 0x17/53 0x17/22 0x17/53 0x17/19
SCAN       seg#1 t+1.809889s: 0x16/122 0x14/1 0x17/688 COALESCED
SCAN       seg#2 t+1.856466s: 0x17/179
SCAN       seg#3 t+2.016770s: 0x17/22 0x17/53 COALESCED
SCAN       seg#4 t+2.073373s: 0x17/22
SCAN       seg#5 t+2.090800s: 0x17/53
SCAN       seg#6 t+2.105038s: 0x17/22
SCAN       seg#7 t+2.121158s: 0x17/53
SCAN       seg#8 t+2.136483s: 0x17/19
SCAN conn client guest:54382 -> server peer:6448 (TLS) first packet t+2.139604s
SCAN   guest->peer: 952 bytes flags[RST,SYN] marker(IGKM-E-)=0 records=6 (0x17 count=4) unframed_bytes=0
SCAN     records: 0x16/189 0x14/1 0x17/606 0x17/49 0x17/58 0x17/19
SCAN       seg#1 t+2.161368s: 0x16/189
SCAN       seg#2 t+2.166884s: 0x14/1
SCAN       seg#3 t+2.207110s: 0x17/606
SCAN       seg#4 t+2.228334s: 0x17/49
SCAN       seg#5 t+2.240823s: 0x17/58
SCAN       seg#6 t+2.251936s: 0x17/19
SCAN   peer->guest: 1348 bytes flags[FIN,SYN] marker(IGKM-E-)=0 records=11 (0x17 count=9) unframed_bytes=0
SCAN     records: 0x16/122 0x14/1 0x17/688 0x17/94 0x17/54 0x17/131 0x17/53 0x17/22 0x17/50 0x17/59 0x17/19
SCAN       seg#1 t+2.161675s: 0x16/122 0x14/1 0x17/688 COALESCED
SCAN       seg#2 t+2.207513s: 0x17/94 0x17/54 0x17/131 0x17/53 COALESCED
SCAN       seg#3 t+2.228412s: 0x17/22 0x17/50 COALESCED
SCAN       seg#4 t+2.240944s: 0x17/59
SCAN       seg#5 t+2.251997s: 0x17/19
SCAN conn client guest:54383 -> server peer:6449 (TLS) first packet t+2.255214s
SCAN   guest->peer: 834 bytes flags[RST,SYN] marker(IGKM-E-)=0 records=4 (0x17 count=2) unframed_bytes=0
SCAN     records: 0x16/189 0x14/1 0x17/605 0x17/19
SCAN       seg#1 t+2.275399s: 0x16/189
SCAN       seg#2 t+2.280898s: 0x14/1
SCAN       seg#3 t+2.321099s: 0x17/605
SCAN       seg#4 t+2.330893s: 0x17/19
SCAN   peer->guest: 1001 bytes flags[SYN] marker(IGKM-E-)=0 records=6 (0x17 count=4) unframed_bytes=0
SCAN     records: 0x16/122 0x14/1 0x17/688 0x17/74 0x17/24 0x17/62
SCAN       seg#1 t+2.275708s: 0x16/122 0x14/1 0x17/688 COALESCED
SCAN       seg#2 t+2.321495s: 0x17/74 0x17/24 0x17/62 COALESCED
SCAN conn client guest:54384 -> server peer:6444 (TLS) first packet t+2.338726s
SCAN   guest->peer: 200 bytes flags[FIN,SYN] marker(IGKM-E-)=0 records=2 (0x17 count=0) unframed_bytes=0
SCAN     records: 0x16/189 0x14/1
SCAN       seg#1 t+2.358534s: 0x16/189
SCAN       seg#2 t+2.364051s: 0x14/1
SCAN   peer->guest: 825 bytes flags[FIN,SYN] marker(IGKM-E-)=0 records=3 (0x17 count=1) unframed_bytes=0
SCAN     records: 0x16/122 0x14/1 0x17/687
SCAN       seg#1 t+2.358848s: 0x16/122 0x14/1 0x17/687 COALESCED
SCAN conn client guest:54385 -> server peer:6450 (TLS) first packet t+2.389149s
SCAN   guest->peer: 958 bytes flags[RST,SYN] marker(IGKM-E-)=0 records=6 (0x17 count=4) unframed_bytes=0
SCAN     records: 0x16/189 0x14/1 0x17/607 0x17/54 0x17/58 0x17/19
SCAN       seg#1 t+2.399280s: 0x16/189
SCAN       seg#2 t+2.404797s: 0x14/1
SCAN       seg#3 t+2.445059s: 0x17/607 0x17/54 COALESCED
SCAN       seg#4 t+10.532295s: 0x17/58
SCAN       seg#5 t+10.553647s: 0x17/19
SCAN   peer->guest: 1159 bytes flags[FIN,SYN] marker(IGKM-E-)=0 records=7 (0x17 count=5) unframed_bytes=0
SCAN     records: 0x16/122 0x14/1 0x17/689 0x17/179 0x17/55 0x17/59 0x17/19
SCAN       seg#1 t+2.399621s: 0x16/122 0x14/1 0x17/689 COALESCED
SCAN       seg#2 t+2.445468s: 0x17/179
SCAN       seg#3 t+2.518793s: 0x17/55
SCAN       seg#4 t+10.532466s: 0x17/59
SCAN       seg#5 t+10.553777s: 0x17/19
SCAN conn client guest:54386 -> server peer:6443 (TLS) first packet t+10.559655s
SCAN   guest->peer: 0 bytes flags[FIN,SYN] marker(IGKM-E-)=0 records=0 (0x17 count=0) unframed_bytes=0
SCAN     records: (none)
SCAN   peer->guest: 0 bytes flags[FIN,SYN] marker(IGKM-E-)=0 records=0 (0x17 count=0) unframed_bytes=0
SCAN     records: (none)
SCAN conn client guest:54387 -> server peer:6443 (TLS) first packet t+10.597585s
SCAN   guest->peer: 0 bytes flags[FIN,SYN] marker(IGKM-E-)=0 records=0 (0x17 count=0) unframed_bytes=0
SCAN     records: (none)
SCAN   peer->guest: 0 bytes flags[FIN,SYN] marker(IGKM-E-)=0 records=0 (0x17 count=0) unframed_bytes=0
SCAN     records: (none)
SCAN totals:
SCAN   tls streams: 64336 bytes, marker(IGKM-E-) occurrences=0
SCAN     tls: b'IGKM-E-EARLY must-not-leave guest->peer\n' occurrences=0
SCAN     tls: b'IGKM-E-PLAIN-REQ pass-through guest->host\n' occurrences=0
SCAN     tls: b'IGKM-E-PLAIN-RESP pass-through host->guest\n' occurrences=0
SCAN     tls: b'IGKM-E-GREETING server-first peer->guest\n' occurrences=0
SCAN     tls: b'IGKM-E-REQS server-first guest->peer\n' occurrences=0
SCAN     tls: b'IGKM-E-RESPS server-first peer->guest\n' occurrences=0
SCAN     tls: b'IGKM-E-REQI inbound peer->guest\n' occurrences=0
SCAN     tls: b'IGKM-E-RESPI inbound guest->peer\n' occurrences=0
SCAN     tls: b'IGKM-E-REQ1 nb-client-first guest->peer\n' occurrences=0
SCAN     tls: b'IGKM-E-RESP1 nb-client-first peer->guest\n' occurrences=0
SCAN     tls: b'IGKM-E-REQB et-bulk guest->peer\n' occurrences=0
SCAN     tls: b'IGKM-E-RESPB et-bulk peer->guest\n' occurrences=0
SCAN     tls: b'IGKM-E-REQP poll-1byte guest->peer\n' occurrences=0
SCAN     tls: b'IGKM-E-RESPP poll-1byte peer->guest\n' occurrences=0
SCAN     tls: b'IGKM-E-REQK1 keyupdate guest->peer\n' occurrences=0
SCAN     tls: b'IGKM-E-RESPK1 keyupdate peer->guest\n' occurrences=0
SCAN     tls: b'IGKM-E-REQK3 keyupdate guest->peer\n' occurrences=0
SCAN     tls: b'IGKM-E-RESPK3 keyupdate peer->guest\n' occurrences=0
SCAN     tls: b'IGKM-E-GREETING raw-nst peer->guest\n' occurrences=0
SCAN     tls: b'IGKM-E-REQR raw-nst guest->peer\n' occurrences=0
SCAN     tls: b'IGKM-E-RESPR raw-nst peer->guest\n' occurrences=0
SCAN     tls: b'IGKM-E-REQR2 after-keyupdate guest->peer\n' occurrences=0
SCAN     tls: b'IGKM-E-RESPR2 after-keyupdate peer->guest\n' occurrences=0
SCAN     tls: b'IGKM-E-SHOULD-NOT-ARRIVE raw-bad peer->guest\n' occurrences=0
SCAN     tls: b'IGKM-E-REQ1 client-first guest->peer\n' occurrences=0
SCAN     tls: b'IGKM-E-RESP1 client-first peer->guest\n' occurrences=0
SCAN     tls: b'IGKM-E-REQ2 after-relay-kill guest->peer\n' occurrences=0
SCAN     tls: b'IGKM-E-RESP2 after-relay-kill peer->guest\n' occurrences=0
SCAN   plain streams: 85 bytes, marker(IGKM-E-) occurrences=2
SCAN     plain: b'IGKM-E-PLAIN-REQ pass-through guest->host\n' occurrences=1
SCAN     plain: b'IGKM-E-PLAIN-RESP pass-through host->guest\n' occurrences=1

===== tap capture (base64, for the evidence tree) =====
----- BEGIN tap.pcap base64 -----
1MOyoQIABAAAAAAAAAAAAAAABAABAAAAsJC7ajMbBwBaAAAAWgAAADMzAAAAFvZZ66zwMobdYAAA
AAAkAAEAAAAAAAAAAAAAAAAAAAAA/wIAAAAAAAAAAAAAAAAAFjoABQIAAAEAjwB+qwAAAAEEAAAA
/wIAAAAAAAAAAAAB/6zwMrCQu2pKnAkAKgAAACoAAAD///////9SVAAaBAUIBgABCAAGBAABUlQA
GgQFwKjMAgAAAAAAAMCozAKwkLtqmM0JACoAAAAqAAAA////////UlQAGgQFCAYAAQgABgQAAVJU
ABoEBcCozAIAAAAAAADAqMwBsJC7aq/NCQAqAAAAKgAAAFJUABoEBfZZ66zwMggGAAEIAAYEAAL2
Weus8DLAqMwBUlQAGgQFwKjMArCQu2o3zgkAPgAAAD4AAAD2Weus8DJSVAAaBAUIAEUAADAAAAAA
/waicsCozALAqMwB1GYTiQAAGW0AAAAAcAL//2lpAAACBAW0AQMDBLCQu2pXzgkAPgAAAD4AAABS
VAAaBAX2Weus8DIIAEUAADAAAEAAQAYhc8CozAHAqMwCE4nUZs7xKXgAABlucBL68Bl4AAACBAW0
AQMDCrCQu2q1zgkANgAAADYAAAD2Weus8DJSVAAaBAUIAEUAACgAAQAA/waiecCozALAqMwB1GYT
iQAAGW7O8Sl5UBA//1y3AACwkLtqvfoJAGAAAABgAAAA9lnrrPAyUlQAGgQFCABFAABSAAIAAP8G
ok7AqMwCwKjMAdRmE4kAABluzvEpeVAYP/9IuwAASUdLTS1FLVBMQUlOLVJFUSBwYXNzLXRocm91
Z2ggZ3Vlc3QtPmhvc3QKsJC7atf6CQA2AAAANgAAAFJUABoEBfZZ66zwMggARQAAKD1LQABABuQv
wKjMAcCozAITidRmzvEpeQAAGZhQEAA/GXAAALCQu2oj+wkAYQAAAGEAAABSVAAaBAX2Weus8DII
AEUAAFM9TEAAQAbkA8CozAHAqMwCE4nUZs7xKXkAABmYUBgAPxmbAABJR0tNLUUtUExBSU4tUkVT
UCBwYXNzLXRocm91Z2ggaG9zdC0+Z3Vlc3QKsJC7al0FCgA2AAAANgAAAPZZ66zwMlJUABoEBQgA
RQAAKAADAAD/BqJ3wKjMAsCozAHUZhOJAAAZmM7xKaRQET/9XGMAALCQu2qyBQoANgAAADYAAABS
VAAaBAX2Weus8DIIAEUAACg9TUAAQAbkLcCozAHAqMwCE4nUZs7xKaQAABmZUBEAPxlwAACwkLtq
7gsKAD4AAAA+AAAA9lnrrPAyUlQAGgQFCABFAAAwAAQAAP8Gom7AqMwCwKjMAdRnGSwAABltAAAA
AHAC//9jxQAAAgQFtAEDAwSwkLtqAwwKAD4AAAA+AAAAUlQAGgQF9lnrrPAyCABFAAAwAABAAEAG
IXPAqMwBwKjMAhks1Gd3Pwy5AAAZbnAS+vAZeAAAAgQFtAEDAwqwkLtqCwwKADYAAAA2AAAA9lnr
rPAyUlQAGgQFCABFAAAoAAUAAP8GonXAqMwCwKjMAdRmE4kAABmZzvEppVAQP/1cYgAAsJC7amYM
CgA2AAAANgAAAPZZ66zwMlJUABoEBQgARQAAKAAGAAD/BqJ0wKjMAsCozAHUZxksAAAZbnc/DLpQ
ED//y4QAALCQu2qRLQoA+AAAAPgAAAD2Weus8DJSVAAaBAUIAEUAAOoABwAA/wahscCozALAqMwB
1GcZLAAAGW53Pwy6UBg//8PUAAAWAwEAvQEAALkDA2lvvgis8lzV17K4LZd5Ct+eSDbf7cBXbU8k
4bVwJR0/IEaYjY3j7CyTpX5j6L7k0932rWMYiuQF5iSpGdhrm7xZAAITAQEAAG4ABQAFAQAAAAAA
LQACAQEAMwAmACQAHQAggAnxbaX3TXxhYgwZMn18umviQKr8JZUiw0nwrBHGaFsAFwAAAAoACAAG
AB0AFwAYAAsAAgEAAA0AFAASBQMEAwgHCAYIBQgEBgEFAQQBACsAAwIDBLCQu2qhLQoANgAAADYA
AABSVAAaBAX2Weus8DIIAEUAACjuFEAAQAYzZsCozAHAqMwCGSzUZ3c/DLoAABowUBAAPxlwAACw
kLtqyy4KAG8DAABvAwAAUlQAGgQF9lnrrPAyCABFAANh7hVAAEAGMCzAqMwBwKjMAhks1Gd3Pwy6
AAAaMFAYAD8cqQAAFgMDAHoCAAB2AwMbnUBxYuO9jaE/urPufVTp/yLafYuRTnAPSzJ9McLd4SBG
mI2N4+wsk6V+Y+i+5NPd9q1jGIrkBeYkqRnYa5u8WRMBAAAuADMAJAAdACCIF1pA6Zs8mW0gkmjR
2AW4V4bFI5oPaRpsyMCdsyf8OQArAAIDBBQDAwABARcDAwKvKXqT+VB8mmP11Gx2lGSuzc/ooONh
xHE9vcKWf+Olua1dtDA96iCOpT4tnlHEvbYg1S2ENPqi4pf7ovWQbaaHIpN7omYkpi1x0x3DRKNU
jYw9kGEWo4Ymk0c6W5NVGt0eqLwa6mqQK+w5RXXZz8bdrk7x2pM0q/xGGI1mGTR/23jAycbNNnED
1cQR3P7XaigsqKN6+a9bXVhZS/mM4F/ayYo4z1yZNQIj7xTyn0+HxbLt+7/UsRIX2CVCEtwGvqSI
xppq1TVI/+2csEQZAwBYSaaxhnMWrTl8+ZHIBt7GGrjSSedKGItZcLOTSLgMW7NVqbF/m8PdB4U5
LWjOhwmddy2DAHRi5Zmu6PU5bSJ/bWpGzUDJRvihk3/DyILZOC5Hx33WEW5Y5WFMwe+JsLJn0BCv
Hp+UA5c74l3AFC2+MG7iKLg6EJ2sZDTYczzCAYxd75jGMKsMQKcPlP8vNlFf3S2YNvs1vyoUog/k
tEVGeow95MVsooAFZX0Gn3nKhHEG9DV6/+0CMWhcCgFmM/S3ynHykQVY1g7/o2ueMla8uL8C10ma
ZeNoDdaJAzPZxDg3g6Jqu1NmsF3b20FHy8QRIrmNcteB2un0AnVwomTiQi0/7Vr7e5CFpol0eeOl
m43iWSblzs7mzJxnOVNsDeQIfseee+Ujskf3eR82/B+dhO/I034vFZ57q0DZzOkyNtM8ljXRSn81
AtkenQb0IwjZFiAwDNS9Meuj2zlAXCWzaIwTUie7B1eI8FQ7I8TteIYw1MnvYovXnfafsu2g5Uqa
0TqT2ZDa5YJAkheMaopUcktnUi7PZN+vTZN9OlapwwDs0yfbxPdw3dwvUqLwxPsw+ONOJUKPT+29
oFSMzrqzmB08x64kX2AbkUtOmVwxibBIB4O7gOvVQ4fmndTwKKxysJC7artCCgA8AAAAPAAAAPZZ
66zwMlJUABoEBQgARQAALgAIAAD/BqJswKjMAsCozAHUZxksAAAaMHc/D/NQGD/Mr6oAABQDAwAB
AbCQu2o9fQoANgAAADYAAAD2Weus8DJSVAAaBAUIAEUAACgACQAA/waiccCozALAqMwB1GcZLAAA
GjZ3Pw/zUBE/zMe1AACwkLtqcX0KADYAAAA2AAAAUlQAGgQF9lnrrPAyCABFAAAo7hZAAEAGM2TA
qMwBwKjMAhks1Gd3Pw/zAAAaN1ARAD8ZcAAAsJC7alKnCgA+AAAAPgAAAPZZ66zwMlJUABoEBQgA
RQAAMAAKAAD/BqJowKjMAsCozAHUaBktAAAZbQAAAABwAv//Y8MAAAIEBbQBAwMEsJC7amunCgA+
AAAAPgAAAFJUABoEBfZZ66zwMggARQAAMAAAQABABiFzwKjMAcCozAIZLdRof0BbFAAAGW5wEvrw
GXgAAAIEBbQBAwMKsJC7anOnCgA2AAAANgAAAPZZ66zwMlJUABoEBQgARQAAKAALAAD/BqJvwKjM
AsCozAHUZxksAAAaN3c/D/RQED/Mx7QAALCQu2rJpwoANgAAADYAAAD2Weus8DJSVAAaBAUIAEUA
ACgADAAA/waibsCozALAqMwB1GgZLQAAGW5/QFsVUBA//3UmAACwkLtqSsgKAPgAAAD4AAAA9lnr
rPAyUlQAGgQFCABFAADqAA0AAP8GoavAqMwCwKjMAdRoGS0AABluf0BbFVAYP/+mzAAAFgMBAL0B
AAC5AwPiVPL2GH8tu/Ykit07P4a6ZmWgDBWeujde3eW0z3GSciBcIHbVHUjoeikdcdZD/YD/LABO
QApyy/pGYoCHepv0OQACEwEBAABuACsAAwIDBAAzACYAJAAdACD1MQvDWtFDOiMlRlNhE8ZWCjsW
cCHpqUEMJB8aCNZ4VgAFAAUBAAAAAAALAAIBAAAtAAIBAQANABQAEgUDBAMIBwgGCAUIBAYBBQEE
AQAKAAgABgAdABcAGAAXAACwkLtqVsgKADYAAAA2AAAAUlQAGgQF9lnrrPAyCABFAAAo99BAAEAG
KarAqMwBwKjMAhkt1Gh/QFsVAAAaMFAQAD8ZcAAAsJC7am7JCgBwAwAAcAMAAFJUABoEBfZZ66zw
MggARQADYvfRQABABiZvwKjMAcCozAIZLdRof0BbFQAAGjBQGAA/HKoAABYDAwB6AgAAdgMDAfB9
vC/6Hk3Dm5PtNkoacrTaQ7obztbc5/bY7EB9wBogXCB21R1I6HopHXHWQ/2A/ywATkAKcsv6RmKA
h3qb9DkTAQAALgAzACQAHQAgBZ06Ow1BBFzfLqHNpAduzH5+R1ye/38W5e7Wk3QWynMAKwACAwQU
AwMAAQEXAwMCsJmaAHkHbgg1jNCCw0L5EgDcFt4yfYwQQWa5me1MkBvB/ipJHhXMsrF1N6u2W9xr
Vj9YuFAcXhMEHl/Fj1gasMnMCcUr3VUjKWBzcxaulMa62YnI/aAB/vvUdhID4lbg7kVuYH4iw+rP
aevTo26AOukSmWL3dxNeJsS4rwpGRl3xJKkBuCT1NFi/3q+2bUj/ADpGqpy/xyaTZOrlqi2u49r7
AjOT5oo6YvFxu34hqRrpjL7IAVu0a9sNWm2TWqJY4hAyjlFyKFBbhqOiEASU3MZPVoTq8eXuK59z
8rVQEJVTwXQzfMFys5P3H6rV3IFcTRrJT+9xRvtoQTLzpXXMGhCLHYpqsDCYP5BQX9rzG+C1Bze0
M/AyyTKoSAuUYY4spOeoaGHo0+THN885FZWGiAcIEcDPC06KBu9eqQFVGchbH/SHg1J+y9Fyr9Dd
RtVdC/m4Uc2ZHxoM0SJnBYRsa8yEUBE543GxCGMy81/0iKjwl3duI1tmgUs+AA3ELMZZ5/hrTTRT
pebRxLza8gKuvb9SDLZ4h0U4IZ8uku9FCqS7bPFvxhWhSrGuXnICwBaHFstLwLf5gx99dtUCqfUs
aTFLMyy1ShTmYdnwXJm7ts8gqXJmgUcjZAPbYRbLwIZpirAL6gT++9So5MLHo2VRqDG4pRqKiJYu
obfGsXhiYOkrz7iL/96W6r1I7MOvJZkiwma1KXYXEB9CTo1ZzfqoeOqFTOdBxDbAbSoVUMbWT05H
QOMxGj6LPdLZfIlelnxS+fFxo8a0Qi1ERsqvH5PvkocHQe7/zQ2FCQngLsHhF4Bj+ZmiaVZSk2Ui
9ZKIQ1ZXMDVM7cJ3cbbLQ5IRcA11aDvYK7DzicwaRfravvdNIsaeXD2aQ1yGAGgFPz/lB2eKHZ4S
JU/VvmNR6gyQF/L0JiOwkLtqfN0KADwAAAA8AAAA9lnrrPAyUlQAGgQFCABFAAAuAA4AAP8GombA
qMwCwKjMAdRoGS0AABowf0BeT1AYP8xZSwAAFAMDAAEBsJC7arZ7CwA2AAAANgAAAFJUABoEBfZZ
66zwMggARQAAKPfSQABABimowKjMAcCozAIZLdRof0BeTwAAGjZQEAA/GXAAALCQu2o7fAsAmAIA
AJgCAAD2Weus8DJSVAAaBAUIAEUAAooADwAA/wagCcCozALAqMwB1GgZLQAAGjZ/QF5PUBg/zMMM
AAAXAwMCXX6736+0+kVhY5J2Q57CzGebvQwwgDcVNH4MLyvzCXMLd6EV3LehPjg56Hfc1U8a8iOf
taAs9tZN2YiQtwS5HDugm0vPHgF2MuO+S6OhUjNqtYShpX8BzfHNttzaDdMIX7OtbhU9iy/AKSBf
GyWOEP05A1FYBna4h9LvKsepyBC7j7zuAbRoPxgrCJjUT9sEpYdyLDN23mwfV/U3kHHDI41yVj1A
JPXOOgFGSstamAO6KdRoJggNR3RBYIsmAFNWgClXLntD4K0LCveN8S9hUMkSO2HjIa76ciKsxR9z
VPORxplDwOYVcCqDRiTzthTJoS/AfeQODe2fcVzgLdLqCsBcKiYfMfDAq1XCAA4JeUUrUYIMF2BT
FfGXiIMklhFymVL5dRcBp18BBdXCdvp9ZaTl7e9hPA6viiq6hJ0Q4MJuH/aTdac28Us0qzG4Y8PU
qJnJUO08IfIDlMbNwCF3Chuu4avCD3Q5xtGIRgD09jaw0OymFgQzbAZxdUE+IAlkBufK9Xb/vJMf
kqzvhTOluC1Jkcx3ivnD91BjP99AecQm4UDnM8jL8MhggF9FChJzfhtVWKmcSi/3HOzdmDOTKLZn
BkhYqDpdf1YzY5eeqavmeCHimF8HtgiMweE00PmYt3wLDku09fpEpYANvaaDrPFfbzYLjwkAEO+p
YKjLEcRPBNG4lMHWI22abZBCxzzY2Eggpor6fo+0K4iIpsTT0zTZDr21ynguf3nSE4Vtce50SlLZ
QYsgSmkFGZRmHSgkKWxt1q5Tn3LG7bf+VNrTZbTRDUZB7w6uCdpcG4fesJC7alB8CwA2AAAANgAA
AFJUABoEBfZZ66zwMggARQAAKPfTQABABimnwKjMAcCozAIZLdRof0BeTwAAHJhQEAA/GXAAALCQ
u2qvfQsA7gAAAO4AAABSVAAaBAX2Weus8DIIAEUAAOD31EAAQAYo7sCozAHAqMwCGS3UaH9AXk8A
AByYUBgAPxooAAAXAwMAs+ETbZaEAHs14CaZr7Fd+AqCs8gqEcLxhT+LRCCIrL020Od1U2Aus6/1
gZ2vW392LXFglxAOMko170vBZHKerPGCa4diA3x493bTSkZIca+CTzRWr3XnRg7WltBCtlZWSpzd
oS3sze5gbTkMJY/m5AIEj5FZA+FA19BNUmUuGPRkWw/eoKaH8axzN049Ib39a8qMqqXab4mf1N36
AgzblvCW9ujHo2HLLn2t8uZFEw2BiuBbsJC7anedDQA2AAAANgAAAPZZ66zwMlJUABoEBQgARQAA
KAAQAAD/BqJqwKjMAsCozAHUaBktAAAcmH9AXwdQED/AbkkAALCQu2qZnQ0AdQAAAHUAAABSVAAa
BAX2Weus8DIIAEUAAGf31UAAQAYpZsCozAHAqMwCGS3UaH9AXwcAAByYUBgAPxmvAAAXAwMAOin1
dtcPgA+li/M110aYsRJ9rMjN9J0nXIVwba9dUbY65GF2xI4/6D0kBfwykFjSwrKAYS7Q1MKd+Yqw
kLtq/7kNAHEAAABxAAAA9lnrrPAyUlQAGgQFCABFAABjABEAAP8Goi7AqMwCwKjMAdRoGS0AAByY
f0BfRlAYP7z7AgAAFwMDADY/7XCZ+gVVZ+3M0qK0oKA2OrfDM4y5Gf7/6ximSwiT2xe86SjVHQ+W
OcTcN3K91RyF3XI92ESwkLtqeLoNAHIAAAByAAAAUlQAGgQF9lnrrPAyCABFAABk99ZAAEAGKWjA
qMwBwKjMAhkt1Gh/QF9GAAAc01AYAD8ZrAAAFwMDADfHdNwdB5Elg0IGcXBgMQYGAxoX7gQRay3M
2PsngKC3iVmCSNM1+BDAGDPwaEHAWK4QHtVJwT99sJC7aoniDQBOAAAATgAAAPZZ66zwMlJUABoE
BQgARQAAQAASAAD/BqJQwKjMAsCozAHUaBktAAAc039AX4JQGD+5cBIAABcDAwATBvO+rnG8pieN
NvMdaJcgRA0acbCQu2rz4g0ATgAAAE4AAABSVAAaBAX2Weus8DIIAEUAAED310AAQAYpi8CozAHA
qMwCGS3UaH9AX4IAABzrUBgAPxmIAAAXAwMAExOo0kfPkj9kC+RW9wn5jafZ8i+wkLtqA+MNADYA
AAA2AAAAUlQAGgQF9lnrrPAyCABFAAAo99hAAEAGKaLAqMwBwKjMAhkt1Gh/QF+aAAAc61ARAD8Z
cAAAsJC7aoLjDQA2AAAANgAAAPZZ66zwMlJUABoEBQgARQAAKAATAAD/BqJnwKjMAsCozAHUaBkt
AAAc639AX5tQED+3bWsAALCQu2pr5g0ANgAAADYAAAD2Weus8DJSVAAaBAUIAEUAACgAFAAA/wai
ZsCozALAqMwB1GgZLQAAHOt/QF+bUBT/P63eAACwkLtq5KIOAEoAAABKAAAAUlQAGgQF9lnrrPAy
CABFAAA8BHlAAEAGHO7AqMwBwKjMAsjwHRO5i88aAAAAAKAC+vAZhAAAAgQFtAQCCAre/2GDAAAA
AAEDAwqwkLtqlqMOAD4AAAA+AAAA9lnrrPAyUlQAGgQFCABFAAAwABUAAP8Gol3AqMwCwKjMAR0T
yPAAABlvuYvPG3AS///imwAAAgQFtAEDAwSwkLtqtaMOADYAAAA2AAAAUlQAGgQF9lnrrPAyCABF
AAAoBHpAAEAGHQHAqMwBwKjMAsjwHRO5i88bAAAZcFAQAD8ZcAAAsJC7at6jDgD4AAAA+AAAAFJU
ABoEBfZZ66zwMggARQAA6gR7QABABhw+wKjMAcCozALI8B0TuYvPGwAAGXBQGAA/GjIAABYDAQC9
AQAAuQMD9KgMLzQEDs1j1j3GzoDsVzRSe+CUIIlCoCgFSmAhDwIgSLkrLdOKnFSdZxv3gaT7SYwA
DcLFowVm7J/ytAbyHQMAAhMBAQAAbgAFAAUBAAAAAAALAAIBAAArAAMCAwQACgAIAAYAHQAXABgA
FwAAAA0AFAASBQMEAwgHCAYIBQgEBgEFAQQBAC0AAgEBADMAJgAkAB0AIMjwCst7w9a8ZMH2+XaV
S3zMJ9KL6/vPPqqZGW428aIVsJC7alTUDgBwAwAAcAMAAPZZ66zwMlJUABoEBQgARQADYgAWAAD/
Bp8qwKjMAsCozAEdE8jwAAAZcLmLz91QGD/zQQYAABYDAwB6AgAAdgMDtF3WpDb5mXk647cNRqvq
Q3/88O1D9YZSD3Fb8BE+YNggSLkrLdOKnFSdZxv3gaT7SYwADcLFowVm7J/ytAbyHQMTAQAALgAz
ACQAHQAgEhC83xcV6KuUmJ+dFMAFM+JuktPIay8rScxE9NHONE0AKwACAwQUAwMAAQEXAwMCsNE6
poUaqx/mEQMGYRyzGI/u20ooxnpG8l/VffouLla4M1POR1zmMcl5Wuesg4kFJrp0LdwvBnMuita2
ECNWy8YHRymQ7MzbgvOM7g1BBjFH9WuFMObyWZq4nM4IJhvHgk/JyUnBuxALtmHx36AbZfdHePUq
PKX5GZrHD0zHCZj0VZcTipF53S8mis0271qBgjW9BqShQIg3FyYj8Mxp4UjJ5xip88vbOoNeHW5h
y88uXyiA5Jx5gJ7uao+aE2KA4PB7VPefilCuG41L//TiIk0iLi6HSFx2m3Osk8w+Q3mDfVT9Y4qE
UxWBnlcYywNp5id44LrsdGYoIP4KTTXIfTIwj4d4Kl1NNhhciZtIN7eY9Ah21UVRHbNmMGhZZEMu
1HRr0cGCB2/UCrxSMAUkcO/rnpuzP1gmRL5dujTVBBSiT2nEPkfyJpYzgrWHxnBRsb6wXN0hNT8S
7UShG1LpVvM6pS6P+iiYHHaa0HWdONLA07SU/XLnmPmySQw20BTjszpj1OhjxuCArAq8LxyA/AYL
mFMA272Ooc3VZACFPB7gB1RY0ivKgkIVbFNFL127yzXGaCQUbzI2mo9Df9AflWZOpAq+6hxzerGe
kw596XV4qyWU2AWEZZfhuTSMWSAFkgQ5ynAwHWl4gQp1LxaQj4Z1FWy0XSyKqhcb3mCwHli/MguW
C9wugnRKt3NuvN35EPNuNGbTRfUTfOajRjLYK50JDPI3GAWBsH86DqMm0ElKybCni4ckE996iEFp
Nmnb9t9zFiEZsTQ94pzDwM0oD/nLxYxE9nKbAtRRflyRmA8LjAAuItGn0A0QIwvHUnxeXdISiPHS
M563TRFuwqX2LG0ieBNkZHv11faJOwWRPeQeriQFVan0n4bsltFJKNEXGetUue3nNAQdg8sD+/wp
w12wkLtqY9QOADYAAAA2AAAAUlQAGgQF9lnrrPAyCABFAAAoBHxAAEAGHP/AqMwBwKjMAsjwHRO5
i8/dAAAcqlAQAEIZcAAAsJC7aoXVDgCeAgAAngIAAFJUABoEBfZZ66zwMggARQACkAR9QABABhqW
wKjMAcCozALI8B0TuYvP3QAAHKpQGABCG9gAABQDAwABARcDAwJd+veplGC0dPC4XltKqGcs2zbC
+f2HoPzEa7T92BOphGsoARDtHjT37wfGKUDAY7Ds89qw4Hlh19YHze/hmhrScw/fM+GyfP7wlpFb
QTdJA/m/ZV5e2JOWtF2/qgsgAEBTusMJ+eNN2KlpvhiGwWH82fhoXglYSbM+81vu35n4a22pNY+h
XSbxlNUqAHes3a7baNT5v2JSgJrLMN52Be1d3DilMssukKPasD5IXJP2xdCOHZx5eBeF2zCUR4OK
nDmgY6ERpAM0DCBq3UmnSYYHvpxwFeJghyFIH2riJj+HleDRK7lW8BU4h58P5xjrMDA/vqFf3ePC
hd5RZzJ1Ucfsvi8NcFQ3wFa27NzbAsEUE7er89jB7u7bPZ8qmjTyYrL+HPUpeXNFIhOnunYweCPA
hYcU+0jJx32qI6cStcDBUShtXRXYehByiwQIcMWyVET/s8VwrZ4sBzYh4q20KLTchgR0Hfip/YWe
cwXA8fImeG6Fq9lKozlF0ZWnuZPFZExfJty/ZfGPEk3mK2aOXAkgLylXZKfHRBXDjDYdh3tXMxJm
r4QjX8AkR9NhllzhhqWtTwGt9T8p2nwOI1RDmb2Hu6W8fbufqT+3wUM6bA0Cu6KsJ9uMHxNaku5p
JV56Ckw/ggSv7UEV8wN21UiMg/9l7TtjtDmgMvaD142zkvkCNgL3T/2oTdWczu8Skor/bZiEd6wR
pp1Q75DNASiWQebiSOXZKme/n083GVU2Ck4eNDUKfplrrR05uaVTN7TN8iEiD37rgJbkW0TumRpX
GXjZZsUABIS3kqOu/eJtKoixkLtqyy4CADYAAAA2AAAA9lnrrPAyUlQAGgQFCABFAAAoABcAAP8G
omPAqMwCwKjMAR0TyPAAAByquYvSRVAQP83IMgAAsZC7au8uAgBsAAAAbAAAAFJUABoEBfZZ66zw
MggARQAAXgR+QABABhzHwKjMAcCozALI8B0TuYvSRQAAHKpQGABCGaYAABcDAwAxqpbX1e34Kccg
9el6n2we9iEs/iCB0fjysHuKRn2F9YZjci5SXaPDvIF/lffFt3UOsbGQu2qXagIAbQAAAG0AAAD2
Weus8DJSVAAaBAUIAEUAAF8AGAAA/waiK8CozALAqMwBHRPI8AAAHKq5i9J7UBg/yZk1AAAXAwMA
MrjrJKmyw+xWRxNyNxn99X8fvzkS/1v/+g1RU902zRWQPgTv0Q9jU+oO1YWoFYakBl6JsZC7akCZ
AgBOAAAATgAAAPZZ66zwMlJUABoEBQgARQAAQAAZAAD/BqJJwKjMAsCozAEdE8jwAAAc4bmL0ntQ
GT/JbLkAABcDAwATfeHmfvkZBQQ5e/r5d8Ik/oF5N7GQu2qCmQIANgAAADYAAABSVAAaBAX2Weus
8DIIAEUAACgEf0AAQAYc/MCozAHAqMwCyPAdE7mL0nsAABz6UBAAQhlwAACxkLtqvJkCADYAAAA2
AAAAUlQAGgQF9lnrrPAyCABFAAAoBIBAAEAGHPvAqMwBwKjMAsjwHRO5i9J7AAAc+lARAEIZcAAA
sZC7ai+aAgA2AAAANgAAAPZZ66zwMlJUABoEBQgARQAAKAAaAAD/BqJgwKjMAsCozAEdE8jwAAAc
+rmL0nxQED/Jx68AALGQu2q2owIASgAAAEoAAABSVAAaBAX2Weus8DIIAEUAADzDFEAAQAZeUsCo
zAHAqMwCyPYdE0mYW4sAAAAAoAL68BmEAAACBAW0BAIICmDnQEMAAAAAAQMDCrGQu2pvpAIAPgAA
AD4AAAD2Weus8DJSVAAaBAUIAEUAADAAGwAA/waiV8CozALAqMwBHRPI9gAAGXBJmFuMcBL//8YX
AAACBAW0AQMDBLGQu2qJpAIANgAAADYAAABSVAAaBAX2Weus8DIIAEUAACjDFUAAQAZeZcCozAHA
qMwCyPYdE0mYW4wAABlxUBAAPxlwAACxkLtqsKQCAPgAAAD4AAAAUlQAGgQF9lnrrPAyCABFAADq
wxZAAEAGXaLAqMwBwKjMAsj2HRNJmFuMAAAZcVAYAD8aMgAAFgMBAL0BAAC5AwOR+BsdjDO8w4bn
5V3wrVeLkSIv/vbBjTKVvmIx5b2gdyD+huJWM64bDqmOLLLYi+NyljosvEreE2KUeoBFd4CF5QAC
EwEBAABuACsAAwIDBAAXAAAADQAUABIFAwQDCAcIBggFCAQGAQUBBAEAMwAmACQAHQAg8OHomnu0
C2nsEWE5xjJOsEX0cj8QSDB2TihRg2YxoQsACwACAQAACgAIAAYAHQAXABgABQAFAQAAAAAALQAC
AQGxkLtqZOgCAFoAAABaAAAAMzMAAAAW9lnrrPAyht1gAAAAACQAAQAAAAAAAAAAAAAAAAAAAAD/
AgAAAAAAAAAAAAAAAAAWOgAFAgAAAQCPAH6rAAAAAQQAAAD/AgAAAAAAAAAAAAH/rPAysZC7ak4O
AwBxAwAAcQMAAPZZ66zwMlJUABoEBQgARQADYwAcAAD/Bp8jwKjMAsCozAEdE8j2AAAZcUmYXE5Q
GD/zb0oAABYDAwB6AgAAdgMDuPBK8KQ9EFpjHOPrbyqSTpCXs3Tr0U9JV5oIitCAK/0g/obiVjOu
Gw6pjiyy2IvjcpY6LLxK3hNilHqARXeAheUTAQAALgAzACQAHQAgQIqWVfomLrG+09uC9HyeZjS+
PhlsVGINhW/Kdkuwg2sAKwACAwQUAwMAAQEXAwMCsQ4EEzRd3mshINqPY+7l3I1exCchv8HNd1HG
Ll44kLH+u9kWZhdFcjNYBtghVxVEyVJhfvDpEcbQzqw9Qj6yXV96xRtYPpMfBRvsTcOdUEzJsUk1
26lm4FQsb6H+agvlIl5u95Rf/jVpZ0aGqkjZnwUHft9mFogqttDjlWL7RukvQEkkP4K4uyx8Kxlz
mialaUu7cfo6iCtFSbsg/LHUJ6sScSnOgtYs3Ne7iDmO5Bn6sSF7lX57Vt3RQklV4CVVxAH2US/p
QiRZa6qsK/ByzcU4EK/NSu4+I0bMCAs8W9aYsem0uec4zIPssLTdpg+EcC2deizIJInUO4hCVwnB
OoEa2jPl07QhjmWixDUx7jJPUbs18tcmw2Kdq0eDkpSuCj84xEMOYo8Sk5Fc90AP6dKLOjui3gEr
UqLsq+x6A061WRApJvvpTU1kgQo7FLHFix7MtJH2Njbepnnn00kfSJJsgrD1SyybCOYE7xfFKgKR
Lc38Ke/Iga688jNVkXOK5dYMgjp8d2HWvvv601lqFgs4f8JJl9fB8qWiVbwJU9iyaoACeNMMT67p
WrNSq3zos6ui6/Z+oXd0Apirn7Oj5q1pasDT51+pGqzW0NAL3620Im+Bmzb1mgw54pv9DM0Hih9O
vnbsZkc/aBwDM0+Icu1WX+xYanmWkxxEuLcyXOJsw52aFIm6mWl/yXq5QPgJkp1N1KwSvKNBUw1k
XKf57tmNvhi9/SR1VICIAyhYpPGdCrwn3v+Oaor8ODoyeMdCaZ+yFfZvlM8T0iufRbtRqkUoX9Ne
/IHMFwgWhLcajoAmIicEKv0JlmYHNmpBOwXuW15BM61eh7Nse6mC5InaHNPgvqGUApG+ljaLadrA
2yJJSIMUAWisRRiqquDaAMZRhFYtvsx3s35ULgFSAPRN3a73sZC7amkOAwA2AAAANgAAAFJUABoE
BfZZ66zwMggARQAAKMMXQABABl5jwKjMAcCozALI9h0TSZhcTgAAHKxQEABCGXAAALGQu2qUDwMA
qgIAAKoCAABSVAAaBAX2Weus8DIIAEUAApzDGEAAQAZb7sCozAHAqMwCyPYdE0mYXE4AABysUBgA
QhvkAAAUAwMAAQEXAwMCaQMRrH8loI5C+mOs6HNrbpwHRwdLFoYL4lfM3zPwFY10SCcvZhrrFQJ7
/jbyfd3gCDI9Ur/TiSGMvZs+ZhYddRL6cXcE3KDxf/HC/QQIWP7zoAEcIFxm7FJlO6UukCm8c0D2
ikZ0cKFTaYmfFyu9t9qfLbpXUZ00r7ROqsDAEJpq4roU0P/WCzUmBWccafIQN5GTuHUG5gPdjLgV
PGoAGs4OEaJZzY1C2wNaWWVnSaa6VTyP9KwuFaPpGB11SU43SqVknvzZMeWwkQD/THk0IC2jLiey
z+2c9HJss+bEqtS16e+wDKAJ9unnxfUVRguboW+mZcMiCvRdHGzmvLeUnVRkQOHX5umZ9zd2oqyg
0r3t1AhCwD92+0lgnhaO7kO8l0DP+pO08N0x/MvoQ5LIrikgP1X/zhU33rVBWLJn0i0Rn3kTIhOQ
Lcj0DwvOA/6OTAlyIB/hqhJizIFhPM9U5a0JGQTQ+UsEBjMuf5NwvkrWKW3IZuqDD+zqPbFUR3pR
+HrNvD61/UUvNI4Drnm6SRefLcg2Q9c0Z6TNophDo/BADStGkiMrQvYcHrwU0rHXva6oUaXsxFnR
1KUHHw0PWP6ZxAvjbEXqCwOFJ8VbfI3hMVbnAAMLHOcxoBJdfLm57YfofkZbOYQtX+PunrF8ww/P
ajfmPDSW0W38MDh3GIVdZNgGvERvV7mURMhAEJSIS/1dSjVS+RJiwU5Bjj4qoZMoXCuSbWQ8xcqu
XpoG7uRkXUK8Z+MHK350UAWmXoivroqSAAjNEWMVuMl5KV5+QO/kbyU/AE30cyYfLAR3DTBGk4P0
056GWdvYsZC7anJuAwA2AAAANgAAAPZZ66zwMlJUABoEBQgARQAAKAAdAAD/BqJdwKjMAsCozAEd
E8j2AAAcrEmYXsJQET/Mq6EAALGQu2qGbgMAbAAAAGwAAABSVAAaBAX2Weus8DIIAEUAAF7DGUAA
QAZeK8CozAHAqMwCyPYdE0mYXsIAABytUBgAQhmmAAAXAwMAMSdZYMiqafsWOiyMWX7FbGRYgZcV
tzimGTTgQ1a5BMqwwXsWiNdwLr6R/lK3nu6aeNuxkLtqtm4DADYAAAA2AAAAUlQAGgQF9lnrrPAy
CABFAAAowxpAAEAGXmDAqMwBwKjMAsj2HRNJmF74AAAcrVARAEIZcAAAsZC7ajqfAwA+AAAAPgAA
APZZ66zwMlJUABoEBQgARQAAMAAeAAD/BqJUwKjMAsCozAHUaRkrAAAZcAAAAABwAv//Y8EAAAIE
BbQBAwMEsZC7almfAwA+AAAAPgAAAFJUABoEBfZZ66zwMggARQAAMAAAQABABiFzwKjMAcCozAIZ
K9Rpe1hANwAAGXFwEvrwGXgAAAIEBbQBAwMKsZC7alDCAwA2AAAANgAAAPZZ66zwMlJUABoEBQgA
RQAAKAAfAAD/BqJbwKjMAsCozAEdE8j2AAAcrUmYXvhQFP8/6/MAALGQu2pzwgMANgAAADYAAAD2
Weus8DJSVAAaBAUIAEUAACgAIAAA/waiWsCozALAqMwBHRPI9gAAHK1JmF75UBT/P+vyAACxkLtq
8dgDADYAAAA2AAAA9lnrrPAyUlQAGgQFCABFAAAoACEAAP8GolnAqMwCwKjMAdRpGSsAABlxe1hA
OFAQP/+T6QAAsZC7aqveAwBWAAAAVgAAADMz/6zwMvZZ66zwMobdYAAAAAAgOv8AAAAAAAAAAAAA
AAAAAAAA/wIAAAAAAAAAAAAB/6zwMocAsOAAAAAA/oAAAAAAAAD0Wev//qzwMg4BU2OymvcmsZC7
arbvAwD4AAAA+AAAAPZZ66zwMlJUABoEBQgARQAA6gAiAAD/BqGWwKjMAsCozAHUaRkrAAAZcXtY
QDhQGD//71IAABYDAQC9AQAAuQMDl4cuQO0ILllr81GnYXB+bzcQqG6caeMCrObPviyIOKAgVbgC
Vs7qs4daR4HdXa65hbTzTmIUZ5Jxqtx/i852zOwAAhMBAQAAbgAKAAgABgAdABcAGAANABQAEgUD
BAMIBwgGCAUIBAYBBQEEAQAFAAUBAAAAAAAzACYAJAAdACBMGo6LMBq5VHVluGRr0N8WpoicrJdN
E65h0eqS4MMsHQArAAMCAwQACwACAQAALQACAQEAFwAAsZC7atXvAwA2AAAANgAAAFJUABoEBfZZ
66zwMggARQAAKGCvQABABsDLwKjMAcCozAIZK9Rpe1hAOAAAGjNQEAA/GXAAALGQu2oO8QMAcAMA
AHADAABSVAAaBAX2Weus8DIIAEUAA2JgsEAAQAa9kMCozAHAqMwCGSvUaXtYQDgAABozUBgAPxyq
AAAWAwMAegIAAHYDA+M6XL8rynXuSIGmtPzd+NqQjEkmM1qGKLiO6QopIJtrIFW4AlbO6rOHWkeB
3V2uuYW0805iFGeScarcf4vOdszsEwEAAC4AMwAkAB0AIFdAl3XJBx2cUyWaQd3goEm+gwHnc0Tw
lYFgwoYjHNtjACsAAgMEFAMDAAEBFwMDArCdFwW9TeyOlmRSRUm70YWc6c/Pfk6CkUiBXCE3fNcc
YCYdGVuKYXQuOD6uwPAFZm2QVClv9T+KNosOr3tdOMyaF5dCkj+7kddAgGBlBERamrQBp7qUPnqw
02WNhfJkU7mg6R0lPZUHU17MO6Gz/bLCAulr+0N+c9VwLGR9VbkXptY0YgHm3uoQWx2lRVSL/aFk
o0FP0RFPWJHR3Mxui2uOutW4Yw1Z9MYrut+X1E5MpDjaURGt+MmzeXipLkYXYxVRfXmPFO/7SYHx
Ds/hQ8PkFLbda/xXFJhzMGD7Ndb7bTJklD1aAah9n/CXWyzlUH6xQBwTw/p3jTlWKc3C8cswn2pr
r4qI8j0ZRPO4v7Mt8I7zK3IMtTUG5ErW2omZQmTpoR+YF+qnaxbljPeEoJakVnZx4D1Fl5cAEZY0
OUk0HJIkqE34P2MelBMJe2B6zg+4jsnI8GGmqRolrKGuzBdLn/E0UAI8kwS9pOlHTMMPAm9s3Naf
GDB70MCIzI2Z0jf2fNJdLstoPx0h6qY34sAopT6HXMUu9YEqwd0Dd2kufLbxbGvQ3Lbu9BUnNU2z
rKtFV89oyVxOYW2RUT372iEB7qNz+EQIdE1/gWWGbX74dD6pOg6Fivfx9X3tRb1HmMFfV2ZO06/D
q6mMyXlWIYNGZTPZhCYk8AKlHhZD2MrnVHNn+P9KFsMaj8Jo8Nwuy2nE+aNfMtWuYQgDwiMd+6da
M0hJJ1GTUa9jDMTmpThZGdMdzsb657wYS0lZswqkblbwhntS/ovKW2krwFK/7RtexAU8rMU6Wuze
R3nku2UpWDPucGEq/0SaumyY4PP/ZjYXbN85qMcZJbPURMy+zS+3mSQu844NAHSg+xb+1GpebZBZ
RYIQqPPV6C+qjWNiD6pBr5Z4n8KXpBQZb983TATAsZC7auAEBAA8AAAAPAAAAPZZ66zwMlJUABoE
BQgARQAALgAjAAD/BqJRwKjMAsCozAHUaRkrAAAaM3tYQ3JQGD/MeA4AABQDAwABAbGQu2qupQQA
NgAAADYAAABSVAAaBAX2Weus8DIIAEUAAChgsUAAQAbAycCozAHAqMwCGSvUaXtYQ3IAABo5UBAA
PxlwAACxkLtqH6YEANcCAADXAgAA9lnrrPAyUlQAGgQFCABFAALJACQAAP8Gn7XAqMwCwKjMAdRp
GSsAABo5e1hDclAYP8ylEAAAFwMDAl5v3MBlgoArcC2MSijp3SwKq/9N6VkQl01AT7jhKWLU51PD
Qn3G/JDTIT3DsdhsicC/OSGZjFg9kX8lFyBC+0G+ktxIhmFf4OiMYW/hdipmnHPgJ7j0jBR/f7ra
5I/Qm803GtXY4mNjExw7WJ4Hd3b38iith5gNrh3q9vm/FFKDXEVeL6O5fpaHFXnYL03rfe5GKeoi
Xgz94DQEhalJnuprkNHYaeVH5xvmYwyQ2blA7Ax0AUoky1+2RGNpLQqsZ2Gp+monbJrssaIHY49F
fV/7uYILP61dH/KaZ8UHpfb2FXp0y+1VwhcL/mVToQSjUL6z5AQDowrXt9GXNgwRgFgqxIQL6Q6B
Kp/1Xvmnlv00Z5nXFDugpxtBdC5aCJxxIkBVPRRRddqyUidHWQevlKhAxtxbGnWUSmy4g86Qmh1Q
UH8hCy4RxUqIg6Td8ZJsKIDb0PeAvMnPxOcAQhP4SPua0SeOTmeJ254dY0wwmk0cPSgM+8M+A3Cl
ADZXD+q8Gw4ZxkhpANXP8IB7tlYdDhxwAnjGqbNUx6YMvBdx40poZALGyEjvLuT/XYFL6KmXUiZl
3EYXOCkXiKD/rZmzP3CiNDFVzGCaF32kcHhN34v1f8yN7cb0ocLWksKHqQFds6l3InxVqL3F545P
7WQBHclWl6A1QkD7qhRJr9pY9gkB6gX5FFDHd0VdeN49fR/HeCzBgV9bLIsnf4mFrTqEfdig+skA
ucXC7+f88xa+dEAovYpDv9Uv4i+2pVYtlNjBQivQM5yj84XRYfDl6eKUFrL7auoDc/TMn4se7JVk
HIwXAwMAOXiAvqLl0jz/O2u+UpWLnJ7XE/yKtWk1EbEMDF+D/NCIrOfTa3FKuIP63EFjyU4sL+zs
sUUT5aQ/WrGQu2otpgQANgAAADYAAABSVAAaBAX2Weus8DIIAEUAAChgskAAQAbAyMCozAHAqMwC
GSvUaXtYQ3IAABzaUBAAPxlwAACxkLtqg6cEAO4AAADuAAAAUlQAGgQF9lnrrPAyCABFAADgYLNA
AEAGwA/AqMwBwKjMAhkr1Gl7WENyAAAc2lAYAD8aKAAAFwMDALOuPOSG7ztRi7wxQfxNoMyOCbty
UzvfQauSb6UUFNf7w7UXthgEeJ4YaFxYJlcWk/B1IaAAS0hpYiyVkIhKchd2e8LgzvS1HAnaOXr6
+vhJ331BPO0IbITX4hYpA67UHxE+jbYOhRXGV3G+/6xxqkRxibZerjrzIbikoTfV7C8tNr1Fq6Oj
6UuF+e72zWD3Wg3N25gHF/kc2vFQhvloqqmJ8ssxnUNFBbsmRhYocNJ5d1epzrGQu2pi/AUANgAA
ADYAAAD2Weus8DJSVAAaBAUIAEUAACgAJQAA/waiVcCozALAqMwB1GkZKwAAHNp7WEQqUBA/wIzN
AACxkLtqhPwFAHUAAAB1AAAAUlQAGgQF9lnrrPAyCABFAABnYLRAAEAGwIfAqMwBwKjMAhkr1Gl7
WEQqAAAc2lAYAD8ZrwAAFwMDADocTz5BwCH+Sa/4gq5vmq9l00UPB06B/GL9PSNUjM3aFyX7ZiI5
7ZhFfah9MrQHN7Agl4JmpvXJx7uYsZC7arU9BgBOAAAATgAAAPZZ66zwMlJUABoEBQgARQAAQAAm
AAD/BqI8wKjMAsCozAHUaRkrAAAc2ntYRGlQGD+8vQsAABcDAwATv2AQfNAByDCttvdqXiGsETw+
ELGQu2pDPgYATgAAAE4AAABSVAAaBAX2Weus8DIIAEUAAEBgtUAAQAbArcCozAHAqMwCGSvUaXtY
RGkAABzyUBgAPxmIAAAXAwMAE33W1JHYSz1DSgS9XjvfCtUGB4mxkLtqVD4GADYAAAA2AAAAUlQA
GgQF9lnrrPAyCABFAAAoYLZAAEAGwMTAqMwBwKjMAhkr1Gl7WESBAAAc8lARAD8ZcAAAsZC7avc+
BgA2AAAANgAAAPZZ66zwMlJUABoEBQgARQAAKAAnAAD/BqJTwKjMAsCozAHUaRkrAAAc8ntYRIJQ
ED+7jGIAALGQu2q2QQYANgAAADYAAAD2Weus8DJSVAAaBAUIAEUAACgAKAAA/waiUsCozALAqMwB
1GkZKwAAHPJ7WESCUBT/P8zZAACxkLtqsk8GAD4AAAA+AAAA9lnrrPAyUlQAGgQFCABFAAAwACkA
AP8GoknAqMwCwKjMAdRqGS0AABlyAAAAAHAC//9jvAAAAgQFtAEDAwSxkLtqyk8GAD4AAAA+AAAA
UlQAGgQF9lnrrPAyCABFAAAwAABAAEAGIXPAqMwBwKjMAhkt1GpEA18rAAAZc3AS+vAZeAAAAgQF
tAEDAwqxkLtq3qkGADYAAAA2AAAA9lnrrPAyUlQAGgQFCABFAAAoACoAAP8GolDAqMwCwKjMAdRq
GS0AABlzRANfLFAQP/+sRQAAsZC7agTBBgD4AAAA+AAAAPZZ66zwMlJUABoEBQgARQAA6gArAAD/
BqGNwKjMAsCozAHUahktAAAZc0QDXyxQGD//iQUAABYDAQC9AQAAuQMDjLBO23Hym4Y0fRhuKBm/
UguAP8O+0biXSIGLO0PoYrcgtQE3yFuje+lJxYdemb5Iw9Uj3fEF6MLe1gi3dMKkKisAAhMBAQAA
bgAFAAUBAAAAAAALAAIBAAArAAMCAwQADQAUABIFAwQDCAcIBggFCAQGAQUBBAEACgAIAAYAHQAX
ABgALQACAQEAFwAAADMAJgAkAB0AIN6x4fu8SBF8/XKlmwPwAevmOHGf00RLG0bcq234k5ggsZC7
ahfBBgA2AAAANgAAAFJUABoEBfZZ66zwMggARQAAKOVtQABABjwNwKjMAcCozAIZLdRqRANfLAAA
GjVQEAA/GXAAALGQu2pLwgYAcQMAAHEDAABSVAAaBAX2Weus8DIIAEUAA2PlbkAAQAY40cCozAHA
qMwCGS3UakQDXywAABo1UBgAPxyrAAAWAwMAegIAAHYDAy48XTBW4R58F4w61ttst7uxJaIjwSCJ
oLMtFdDfpp3ZILUBN8hbo3vpScWHXpm+SMPVI93xBejC3tYIt3TCpCorEwEAAC4AMwAkAB0AICKX
bpbOTX/tqmf3pdY0+PTT0pHVCBUOe3X/0LS1k/sxACsAAgMEFAMDAAEBFwMDArE5ZAMOJrkWdM96
0pXj+L78lz4+aUkMhfUS135gE2MdI004qMqHoExkZq/+cOCchZVqasDIEP7n9oOhdNzWHwPlGAi9
+poFEpOo6NcxhEIr73iqvbFQsAJLZ6MNUtuaJ/eX9Y+dtg6DiN8wvY2/UBpfIQgV9zthuH1NOvZX
nY2Unf0obo+CXK96BxLUsC+rxgaA95vdzc8Yi8bT6Rj+TvLQ9nEMC+MKFMOFIRSnUa5/1rq9BDn9
skSrg6N+Bj+YEfNKRsY7PMpcds8aOR4iRqx1QWIL6MUK/kg1EAwF/X0rCK6dzVlFVkEEIA6QS4cn
EvoI8IpZyraFTS9mRaCZsfdNo4kkBs5KCmQhu093f9Uv+FbHfegE9E5nnz7vJ+8d9EPZ5GRqU4TB
EySPOmjF46rPajKSUFVtQkLZj/8vG5s7irgW7PeGsvEwCd1WvLbn+aNTHZPAq6MfNxA2YmGzKt4w
kWkbdb508A/EV6nGwtHb2b1gBVAVW9J3s8yZOM9GM2lh3cAW407IAITBFlMYe1WDqLaCB/swXhdR
c+rNdjvOPI0yTEnvj/AD6ykpijyjRmplfveGcTJOiZHVFFZdAnnUdalajS2M8R59OLTqrA/9ZmX9
uRJdsEAtd3UxeIvtHN6UOyg0fAexqlDdc6AxusmC6ITe4abwm83TjFvN+1UrPouucn/keo0rnmfp
bD3CzHRj45aztb25Dt2quQ/WO57z7DenqrwziEEyn5lpAYuoywl/j8v1Gwp+HfOxc1xpMHwrvFVW
+PZkjTjwj7T0YlXBPYCwEXKHjnOT/FvZl5bgrFHZuKLM5RjBtuAeA3xm05mjEQo3OWGUGUaIAMSv
D/f1OMCqWCvfLQS7EiX+MXgch0bPUTWXqWBmjXxp2p0VLBEPgSvi11FVVZitqIefflMYT7GQu2ow
1gYAPAAAADwAAAD2Weus8DJSVAAaBAUIAEUAAC4ALAAA/waiSMCozALAqMwB1GoZLQAAGjVEA2Jn
UBg/zJBpAAAUAwMAAQGxkLtqc3QHADYAAAA2AAAAUlQAGgQF9lnrrPAyCABFAAAo5W9AAEAGPAvA
qMwBwKjMAhkt1GpEA2JnAAAaO1AQAD8ZcAAAsZC7avR0BwCYAgAAmAIAAPZZ66zwMlJUABoEBQgA
RQACigAtAAD/Bp/rwKjMAsCozAHUahktAAAaO0QDYmdQGD/Mj6wAABcDAwJdVn2SlECzwRgZJCxG
YA+efd84LyuS3rxEDuM6uvAQoJ+Q9ms+ZYOnPt05omqp3CflsK9kWVXjewTSw7J8KXJzAKusCyW5
y7CqosQliMQlQ+rjsOH57J9MDP5bIPOUUcZODPEl8CkOepNJJOZmHW6bn3tMootT5dRkj5D0fqgK
3ARdLItg1OD0/6g5De+oSz1i7/8Cf3cEZmXQusG0mWVkA4v57RHxEUp4+/WSW/cAtBRTEdFb1sG4
uYkaqQeMAeGfj8E2v5Pi0C8UfyG7kd/TwCvdQQKDhzXW+o/bA8x4DHGH8mwOhrf7/p4WKoabPtEo
8j9RwQh5ZkZuh0/vyOsIPz+vklhZx8keB+9OI9MOerk1fJH6qWpHUIl2/Zw5ecURkJhuYWfXEgGW
bZJ+1iqD8qBSe6hZfn3bldtsLyTM9w9dyMuz4glfdnBA6xppzee4N5EjelpThBhQ77/zuf7Vq/g9
R7PDzpxlqDwlbMbdG4+ZkMgv9TSjHEA2DYFsLzfxa4fifdqSoprFJdTfmhvuFdLaUq32nbQHavFU
w7C8t8ZHAeH+VW/OA+K7orY9N0Blz+2iAfRqv1m+2m1GrWuS0TwILzP/PXPxG5ukZhz/wZnUHNQQ
1u2TDjgJVK14eHdhAAK/MRXjSrttRsHI+hK7IS5Xyi7VxEfACRWFoE8fRYc0FiGKHXYqA/KR5El9
kiHFHqwfxduQga88IrfE/tDpyIQDVWFl4YI3LH0zdNK2N5tmyP7NFagzwvauzZ2iiOz5CKys+XTI
CHYASWbT16U6MyVN9AP94W9WUxA21gixkLtqCXUHADYAAAA2AAAAUlQAGgQF9lnrrPAyCABFAAAo
5XBAAEAGPArAqMwBwKjMAhkt1GpEA2JnAAAcnVAQAD8ZcAAAsZC7aoR2BwDuAAAA7gAAAFJUABoE
BfZZ66zwMggARQAA4OVxQABABjtRwKjMAcCozAIZLdRqRANiZwAAHJ1QGAA/GigAABcDAwCzQ/RZ
Nj4VMfjaGfzoU2rOdIvKiFFdNqXyIw4ocd6Va/b5PhnawcjdtF7tWNPMS6nl4WvQAK0EsQIgJP8f
6rbn3EpHulv4/IH4hW2pbsepFNHKK/ejPDTjcL2Du5qej/8Wv3xWNUtNW1beIGKQRxBMnnb9grng
0KEV5hM6+AnRuRSpjwkR4n9LNqIErcDWrwaRhzPrD8QngsveRRrXmd/MKwOTsL1hW+0W/jsXbWTw
cm0A5SaxkLtqy80JADYAAAA2AAAA9lnrrPAyUlQAGgQFCABFAAAoAC4AAP8GokzAqMwCwKjMAdRq
GS0AABydRANjH1AQP8ClZwAAsZC7av7NCQB1AAAAdQAAAFJUABoEBfZZ66zwMggARQAAZ+VyQABA
BjvJwKjMAcCozAIZLdRqRANjHwAAHJ1QGAA/Ga8AABcDAwA6mT+q9P26VDfcY6pE1BydH7NhX0j4
Ldh6MgL0NPTFt7i0W0HWyNUsobPJDpZBcojawhFHNjou9eUq0rGQu2qsBwoAcQAAAHEAAAD2Weus
8DJSVAAaBAUIAEUAAGMALwAA/waiEMCozALAqMwB1GoZLQAAHJ1EA2NeUBg/vABnAAAXAwMANvE2
Nou4ysPt1SvBpy2Bl0mukwoaRm4+ulzisqxjb8Sy4NYkNqFe6R7FbHqqVgaJVsZ4IYlys7GQu2oa
CAoAcgAAAHIAAABSVAAaBAX2Weus8DIIAEUAAGTlc0AAQAY7y8CozAHAqMwCGS3UakQDY14AABzY
UBgAPxmsAAAXAwMAN0W/Hebxb4e8wkkh8/a1IlJcFLmfo75xegl71xjdyb5gG5hqbLsAdEAFHJb1
0dV2XR78ap83SkCxkLtq5WAKAE4AAABOAAAA9lnrrPAyUlQAGgQFCABFAABAADAAAP8GojLAqMwC
wKjMAdRqGS0AABzYRANjmlAYP7kUFQAAFwMDABO4U1aMwLD66NEH2S0xtrqxw0tcsZC7ah9hCgBO
AAAATgAAAFJUABoEBfZZ66zwMggARQAAQOV0QABABjvuwKjMAcCozAIZLdRqRANjmgAAHPBQGAA/
GYgAABcDAwATCRk1IyoM9O783kaU0GP9nho9sLGQu2ouYQoANgAAADYAAABSVAAaBAX2Weus8DII
AEUAACjldUAAQAY8BcCozAHAqMwCGS3UakQDY7IAABzwUBEAPxlwAACxkLtqsGEKADYAAAA2AAAA
9lnrrPAyUlQAGgQFCABFAAAoADEAAP8GoknAqMwCwKjMAdRqGS0AABzwRANjs1AQP7ekiQAAsZC7
ahhlCgA2AAAANgAAAPZZ66zwMlJUABoEBQgARQAAKAAyAAD/BqJIwKjMAsCozAHUahktAAAc8EQD
Y7NQFP8/5PwAALGQu2ridgoAPgAAAD4AAAD2Weus8DJSVAAaBAUIAEUAADAAMwAA/waiP8CozALA
qMwB1GsZLwAAGXQAAAAAcAL//2O3AAACBAW0AQMDBLGQu2r+dgoAPgAAAD4AAABSVAAaBAX2Weus
8DIIAEUAADAAAEAAQAYhc8CozAHAqMwCGS/Ua0IZlEMAABl1cBL68Bl4AAACBAW0AQMDCrGQu2ps
3goANgAAADYAAAD2Weus8DJSVAAaBAUIAEUAACgANAAA/waiRsCozALAqMwB1GsZLwAAGXVCGZRE
UBA//3kSAACxkLtqkfkKAPgAAAD4AAAA9lnrrPAyUlQAGgQFCABFAADqADUAAP8GoYPAqMwCwKjM
AdRrGS8AABl1QhmURFAYP/9YYQAAFgMBAL0BAAC5AwOftJnFj/bElimriMWBSE4TmtTFh6HoNhnk
oq8iiDxOqyDa3il8b9+JH+wNvhtuUmdkshrB/iw0ENJX1cg9pO20YQACEwEBAABuACsAAwIDBAAN
ABQAEgUDBAMIBwgGCAUIBAYBBQEEAQAKAAgABgAdABcAGAALAAIBAAAzACYAJAAdACBXaRe8OemB
EZ6p5z+RB6VsK38pxXrmgJ5jedxUHxarIgAXAAAABQAFAQAAAAAALQACAQGxkLtqofkKADYAAAA2
AAAAUlQAGgQF9lnrrPAyCABFAAAoCqxAAEAGFs/AqMwBwKjMAhkv1GtCGZREAAAaN1AQAD8ZcAAA
sZC7as76CgBxAwAAcQMAAFJUABoEBfZZ66zwMggARQADYwqtQABABhOTwKjMAcCozAIZL9RrQhmU
RAAAGjdQGAA/HKsAABYDAwB6AgAAdgMDjRGXZAFCXX1wGUrvypiO+Cbo48D+3+1LjxKGEBIdesgg
2t4pfG/fiR/sDb4bblJnZLIawf4sNBDSV9XIPaTttGETAQAALgAzACQAHQAg0tW0m9EB2FBF7o/z
4XsZxdUXmihyIrMxaitErXG8kxEAKwACAwQUAwMAAQEXAwMCsWiXtx941I7Ufe5NabZKr2BmXmp0
u8stuAd6rnAHTFBUOCus/Y06vuJ3K/YFk8OMNetgIllu8EKzCS8btU2tVE9JsxfXHchEKhWe6nRS
atP3kjaeKu97+Pjd+Zv899fDTcnqSNj+R+fwMHKiyqYRgbK56PkOpUjgBS+XUZGUbsoNStQrlru9
cEKCSUJOGSEbdo0E2/rNJ+0IMoMCGfTQO+jdNgcxEmmryHPfb+gvIkUuU+K2EK91Haz5zLw05Uc1
6JnsKHikCDPGuAZfDWEFB8Bf8RmJtUawzw09j/5yoecsRNfFkMW3pkTVyDIP1n4wZu4j9S/aQu0Z
LFeJGvdMioIuiQuAv53kqvqiujIU16ljgjgvhTsi486cbN3pBSDcJVoQ9rxI/s6SQrk2uqYNZgDp
OntStMsg8yiW396Y43PsXI/m/pDcxeOVKNU+wkNQSHyIYUbJq2+VPgpaGKrQgUl6jiNBjQzfLgo6
sgiONZ3/U27M4szcGpoDpiFKjqVvKcSrIf5Y2sr4laQused+wbWDS8q3gp6V6LEd1qCLaKdZLEtr
aEfB7FtUqJIjM1o2d568BCp9B3oHQDPzCD2DZ2k+GKdgdFfA1lIPFBcGD9JAl7eAJS/vVgIHS7hr
oVHatOqej6vidXZF4o97t110G5Sw9/xCBC9J/TGTQjqdoZFgX0Oj8ZbrxpmshgDrMbmWLk5IJH+i
wyjq6ZykWAeVhGddkBGSlMdm6LEVQILFyLjQJ23Qba8nnU9h1X71Kyo0YpDOKKScv1gbr0BUJtNB
8/RUUoVlU95ITW0TZvVbdPaCzDlWdA4QqKoc5wENMQPdQvrK2SD2D7+5tVs41rttw2zo+YO0l82Q
3iClyfYPxeDAaVlUV6gm3nfF9qhFZI9F8jGUVOCcrY7tyg9TM33aFpEPsZC7as8OCwA8AAAAPAAA
APZZ66zwMlJUABoEBQgARQAALgA2AAD/BqI+wKjMAsCozAHUaxkvAAAaN0IZl39QGD/MXTYAABQD
AwABAbGQu2p9rgsANgAAADYAAABSVAAaBAX2Weus8DIIAEUAACgKrkAAQAYWzcCozAHAqMwCGS/U
a0IZl38AABo9UBAAPxlwAACxkLtq+K4LAM8CAADPAgAA9lnrrPAyUlQAGgQFCABFAALBADcAAP8G
n6rAqMwCwKjMAdRrGS8AABo9QhmXf1AYP8xm8QAAFwMDAl49SPkCDfrhnPqy56zeI5KeP8wv1rEr
26yfr/k7vxKg/vac5SjXAGFXUqr06tYl0j+9SniYhmnncZSf77q/MYemVSxo8NEL4wuK8IMKGlp9
90MdOAVQccDE8C51RQogFIi4hAH9ba7hHMfJgBdXZIoIUx8oCIXoPWMs83aq2f8YnC9wcEy1vmjr
qHnMibMmTuzHtHDsYq9KFhEQ/IjcWANZAKIenurBmKQ6IdIld0CqHgS+8mj3tnRqhpVqs5Pi1z5v
JWyESmdOI6orBZ1wP1AVqTMtorEQkcP/HLWrnqKiXwx9cuRPzk2hDhwTVJtLO0a/dpAmMDxEgRBi
ZANreY1kPLqr3vcw+li0/2fSeOIZgVKDn59V9JoXCSZtDV93Yn30yv6ZoCPgrUAG/PhQT9FrdWVX
oq3jWSeJPbnLiNzi8dNxRiZpH5CCj+KZgxAoVDSMkG3xUEwsY7ozXLQx1QapNiDT1U6rT1/Pr3cc
x0+RaGGqznxCymsv9KzC/EFbJRkW7E2THUebCW7DgnQzPxqrlzqRFT3LV1O/u2s2vEEC5gaDVOZq
Ig3Gua3VEHCtONTFAwJxJXeEuYgLfYjw+XSaj38yN4o6HJrUcUliy5zDjIkRiOBr8yfnog/tJYFu
3zfDy9b7MlfwvD8qWbt0U1KMnOft/FwwsrPHNp236YTD6FCan7dsLYPoRgtvVD3OofGVvoXxxXKg
HnHnUfkVKphtng1Lc/uFmdndb6ZHEeJpv9yyWFnE/CZJI62R0oGyFZV/+aHFjs0vNKQD3h/wlIti
MhG/7b4cHBQ8KuVDR8QXAwMAMfFF0BqxnwgdmptoXM6FyFR4vdJ5g4e/yLGDX1Yn/3cR+750NZLj
ZDWH3KghyW0SMxaxkLtqB68LADYAAAA2AAAAUlQAGgQF9lnrrPAyCABFAAAoCq9AAEAGFszAqMwB
wKjMAhkv1GtCGZd/AAAc1lAQAD8ZcAAAsZC7ao2wCwDuAAAA7gAAAFJUABoEBfZZ66zwMggARQAA
4AqwQABABhYTwKjMAcCozAIZL9RrQhmXfwAAHNZQGAA/GigAABcDAwCz1Fe7+jQ0GywfUwIAQ3Kl
yjKBw7bTzfZLPY4poNot9AG4PjqQdYBmKYPE0rX6tSKaKPW+aWTGuZFicDMZiBAfPnPejjoPBee+
oJbEOJ799+Uf4l0uUEpnjer+8ibqqrmBkU0/92vtUwI6pLe6y1ZDElDAsLxwMuqbgoE0iA3gPbRc
t/FaC3VNsVmGo+bwuGEZ2T2wWNFQKVtA7mkNiDnt8qGtF0SgvyFoPtltPkJtF8BLq4yxkLtqtbEL
AJ4LAACeCwAAUlQAGgQF9lnrrPAyCABFAAuQCrFAAEAGC2LAqMwBwKjMAhkv1GtCGZg3AAAc1lAY
AD8k2AAAFwMDADISaVuRtaRw9HutbuhTvqYtx/mdX/Rke9JLVK44SM4GnHBYiSj3PvDgifTItEGT
BuiQzxcDA0ARRqXqpq0TpIBfLidEbHa69M6Xkc+x3duh8hGmV9BdESUbKEBj8zFtL/UEs4LZCX9P
TsSekCs0KT3yvQH5zMWdbmVi8/NChygGEjRoSYBkLWvVvTX3gxFGqJdQVwodedJOQ/oAE8sysde2
25be+DNP5FMMM2YZ9e6wh829j/xC76thmcr8LcTdjuB3d1QRPmrdlb6DyGTn3xXIF4GjlSrcxIWB
vxm7cF2S9tBGvNbQSXpcttn2QeQFt8SZvzPxPBVkmfxThwOedr8A+4mRklXcos8wrgcfekAEBcvq
ITy/M1TDsm/cVzotj5LO+rNTcI+KiNY0QtsX85FbWYjPmvhIrXCFSxTiKIReLRFZ+jrYRoeANITC
sm39VZ6fAjPTrD/lj+Mg8E2+bKOvpRqc4WO00XlGs1FWCfwpo/e1VuZlpu8LuG0hOy53CZLMgENL
87lCOUk4xih+aMtdb9XshjKxbUuyrerbXc/xo6qaR/ZXAbN5spWdVDWRQbM2pAl8knA0B6B+Jkja
1mg8c7NcXW0HX8/C/Y75Z4rWHiPR/uKVdvs0Zyo8mTKRZA0VEzDeMZrVU3Erq2m8fwnCQMDReHAq
slhyXkS0vITfPWFXFJkJv1Di1Yp+breGbeUrUL9AhpR4/VcjOLmrkgWElOsSgdKj1tYhPl6oekZI
Pek15BWFgPrbDZ1cNSIBcss4idMsx8EzIRbE8snzEOv/BncKa+BdDOlscgwQZvOwPFxTHyW005wK
G9trONhunIUJUwdvXB1W1vy48V8ZAfb0iHFVOTU+yDCcTvTwhwTVG6N2xtxmr/1lKFy0ouWU4xiW
a/RLVOWzli2B3qzs9cjBnnz0xohS6RdjOZnNYDQJr820iMu0BlhX/4BVGIlzP/u6dltw0IvF5tlC
4OFzFsA30pOJs/ommoPSKlFGOEdG5zbQaw6hGmIOHqpUTzgyD/jPlfr5BBD3FUQFbvbCIY0sxwho
DMLUxk0kfNyYTWQgLD5rvyjZZuD2KBqOzkb0eVAN2WTwhO+iuWDUyZ6WzzbIeg1IBPMmzQTTlnLj
d+gemekus6QAKINpwZDsKReskG2cCRWeAox/mpNQPjXsIyQMmdcNFJ5DMlIT77BCPasNA6iP+xdv
g4ytCqsC+PGM7BABRl1kt8NYwE1ajQvyS+qMPC2phZn3ntVjwmOsmymD/oULco++GAGd86QXLRhC
Ck/UGjuHdVGvTbPWtUyUD7XIzfdW1IOcqCjm8COmcRxeD0w8QdTbIsvGa/8uTJHIAJG/7fJLGahx
bJpNThDT71iG7YRWcCnkWXySQpfzaT7ujgbWKGuFfcXwWizx1OsBPhfT1NHS2Oj8l685u8eJ0ZLa
89cQCBCbwg9V+DjWgEWqN3yih+Ec66Ck6ppk3mT4JPvPpKzAgTVXqsO/0hNpe4EbqV9HvYqOw34M
RMfAB4AuuTwUH+YzY8NvjJKbt97X28g9FTsGmgH7PpLXpkTPoPXwPDGPqOMNPe+/4vvPwY35WZ3Y
l7uEDXhFMH/ofdA/6t/rGztXSUkqhjQQYth5riAa6sWX4Hh2ZAsklZK4Sd0y65J7tKOoIqvVNQqq
9YSA0qKbFKlEx6+4e9KrURdR6hvzKeDHwpX8wqUPMTOIoRPt07TlFX6Pdpu8Jdg/mPFBAFAetZEE
D8ZbQTXbORJvGz0J8WKITk7JGIuech/LhWuHMesGueJfTl3Oayrc58BDK85h90xUo9F72LXFX08a
RzBXXOpA0fuwgnXcC8EKVQ+TRHNQiiCB0EN2xUM/Vokxmds/ZA39p5OI9i0Qd4LDzX3Gw2rgDnd4
ppKMwMS0spJWlPuhxUXpCL1FonX4LnytvLxAy88//HibONLGBXp2VN/0j5C1k6dJzoQpXxK16p7O
AMpqa7JBYS0fT2cMLE7pKfitYDYhRYrWuuruhD8AR3/A95BZmEbnufPhgaaEzo7rDdrvmZvjwwP1
sjzVtOGyiyTO9Dey/5skT8pjDFr8gsIap4AjJeOnkodpUxstHvcCCu6GViJjEQqUF6SzHjJv5Zro
SWLPn8j/8kb5fLwZi4QIO90SnUX/eR2byw/CetX8xycpuhRE1qBEpuMlyFSko+6+fYhV7DwGI3FF
jo3jcmy283pIhnEFB7baCR591dA1EUtbVSSJQu0zyXmxzV+50U6FQ+Zxz2bSFAm7BwpbuZL1Vcmw
uYySjwcmvRK5Csb5d/7GqwqAg5Da+N/Re1dGes72bkHBH/TG9kxWKX/HaaCSSffCzdjmYbMSX1fL
qs9Kpo7gXsoJoItxyA7sAQmsYcQTb1dLCs4+AGFB5xE+dIwAoSwvzjKeuiWc1HW916n1THu3JVtm
jo6WNrVzMM2MwH2mdjEgAhvHIAxrAvFfXHPEY4k1MY/xb4hYhpeBdiRz9FP2KF3QzG424Ay3wHgc
qsJo0NfkF8zcOk8LvNLq+ltunPJFHVtd9l1TIcOHn7T6fyDA5IrFaxhSR60D2jJ7bLSlkGEDF8/Q
RSV4rrM844FfEhoJYKbuOs/rvIz1tlsML2GRnhDXtVpLTqQdeYgKTNXEnztIibvEVahQgl9ssPjk
6q4kL4Zz4VkOyBF3GLKTFMBiZASYZ/dozO1vhC8RUK9UvQrDkwhH5O03dThHWU2suwpB9tI0I0or
68v4Q7MQ1VOIru5OlfsKsEv7CL4dGNqP6h5Hu1uqX8r5k712jnljC8Un14YqTr0bcM9x7VXaoBC6
IMXHBcgz406sHF7N2Lzkxr/2Ba3oV2m/ubdau34dZaOz0XSBGVwUYdZtG8yjFFME0HDA/dV+ws9J
o1ihH31kQO+8PYscB4XQ8KOeH0+Mh3YcM3KFXiO6fWmZeXEPOMPTQTQ42UeU78FziWE50tSjizjq
fYBEH6uJMazmhr23f7p7BlBqtRah+XdCsuqjuoeBLcHMSwqRRdVXZNlar6UPckQlRYJ1/aWLb5bB
94WF292Duef8iHi9LpF7sVm6wBEYv6feyWBBVajc79bw0DSZ5G3Xu5N95EwtD7ToUu88yXuqn1N8
MbgA/1xIlZ5HzLNHONIAG00TzX/ewh1LghGj4vKFkmDFPnr8mOSplTGI7Jm96vTqg/M5uF4tCYb5
1WQTyxFcjKkyV5Bps45pMZcV+yiz8upO8Y06hKzdSAZdnjS8BmRj7VYlhdoyAy1limZ9G0svuMCs
ipU3e0ncAXjT/M8Pt2rJeu9co5lPqLeIHzbBNApljLhOtT5Use0W5cGfvc9lNS6hUWTeQSb7qT2O
TbfENsUX+M+WhAYYcruKX5Lj5VgKbM4wib3dLpOwE84IR8eZA7hZzPS/YXcI4pQEEYbT70ca+UrK
B+WJicZ2bBMJyGXLMGOk1LjEM3z5WXe9S/7n/t3LoBVBU0LA/NYrMDbpPsWm3OmCapcipdzCy6ql
3NBvS+mOoCa5XmaYC7p9CzHQ3ZINOjj5fy90AZZyRXgJm2NYbjWRezcKdqdvTdIzTJethuCg92Uw
32STW6xGQBeI1M2sVuI6dDpw0k2yEfOshyRHloYMr1AhZUHw1pld2+hVMLv3I3Gj1q5RXgks0uQU
dHBIPiP+piwkJrC6JcOfRT0/B7zjSW9JUfpHuDWroH/oJ5PSU2X/uSjwGoXOv39eyIrEPRJrEpY1
dx7v4e2KODfFXc/NFmcH1dzcoVMwzCrf1DSHMcvZ6LTW9ox/CE17uU4+xf4hbUgKZyVTVypomNgQ
KorY4RWo1cGkWMGu/Vp7CZVrBRVjB0aslbWRS0sVQbjWPht/HF+RcSdiKv8ERb+12vtMY6RGx5YN
RXhhlmYll2LpLEqaDc2MPyaoiLGQu2q8sQsAngsAAJ4LAABSVAAaBAX2Weus8DIIAEUAC5AKs0AA
QAYLYMCozAHAqMwCGS/Ua0IZo58AABzWUBgAPyTYAACrIwZ2w1zJrCJyFAsFOpVVoAbqGygvaTj1
9yshjEUSE2QLUlj2GUmRczkBZxAhy0Eq2h8R7+ZAwIFLyXi4rvW9aguRyv2/iH9Rfrf1ii1DBZ6E
vB3/ufXhzw1svOvwyKS8BzOq4tANQGIlJoRTMAmGw9Kl3pRBK3BM3V9jhty9Vq+MlG0+ghz7Kbwd
sgC0qEKwlDT6Es3kfzTur6GjVc5/OLslW5x4dzXKIJBXkZpXEZkNpvcW10UN+Gh3f2AXxsUlx3ki
o0fHkK9CyhiTDyp2mSNrzUZyUwtghqP8nbXrAMWlr2W9dtuj+vPfuY6E8Bn7Provx6iK8lhYukPH
0O64/PP8JSv2eD85GrOaxnnBy7ivlRgEhXL4iTlRmaQ0v2+e4cvV20lhIsEovLFWS+eBvZFra3cY
QcCEatcXK+EdTVDxThPx4XBdZRZOjZCo1VZ1mL0BA83ZSmDLy6EyxzYqZt6Iz66EORaBFvnVFSpO
cPHl6AEB4Dp2Z4BUOZuAHDkxPS6/EYqRCwvZ6JqbSqQ7upSX+PG7cbegmCNTgvx48+WUtoWxPLyr
R1HTDZBHSmhfVD8z6Lv2DCkIu6f0LQ83b0Wgj+f6NXx9ElTMJx0YPR1amdkjZZqR+pFgz3F3EeIE
5473vOtpNtWXqfiJQGwTixQ7h2bP0YzWYWQ++3Kw0tvwGEo1NXLrllOqvnKXCjuZ5LyFZzeQo/pK
BlqStzkUo9G+ARQaLBf/kbvZsydSC7Gch8dDRKENFYLeebF8LigPlHC8TP4hVYcBZAcsdTRD7l9B
UxPH9P37LEi3dgT8U9QBtuKLmZVjxqQe86VYj3U4/t4qchITEgL9T+A95T3D+Gz0SRONTSrb9Wq/
rlS2hBzosKpO63LNWVnqFGpxHadZwrlFH2rDQI7SbHGFy0C8NeEpnM8i9ImCfo35gMgc2LoGqoxa
I4H6vlP2Kk6rm+/tomZ+OnI1WaVnkRPhhPRTxs7oiQbJqSo/2xIAmQvGA1Bdgn8dlryVYZNPK4XP
EH4AwzzR6xFSWIWYaWAd2/v2qWt0irPE2+Y9B6fI8hWD/C3NFto/YG7KfSSj0vyeIJUP0jbBTm81
UdyGfKrUofon0Lsr+CI7QfYy8noo4uMGdvvdsdHqQBCGFxjogYlMaI4K5UnYeqafE3FucGmNzxdj
ExqqRg+bh83bBl7ZZzXM/gQXGKGS1REOsb4O0jdS2op7/taOS6HdgARHFkCTKSWUcph2Tl1YofhI
Dsy7weN+p8pjPi+0qU6ZxRhR1fdDWRsWbBbe9ufrRYQ9dD0eH09QTMkRe3QPWMYzwzhexsvKi0fn
n/w2J0A9eOAbxVhoiwW3afCsnBEKRPRpuYM4u6Gzg6gO83Y/f4RnW7wUcxpPtD1amn0O5WG6hVkj
DPd42vxX6kGTT2tL+WVLgFOqBoU4XpaGKolQHznzk7Lh5LHfm4u+7P1J5eb3CsrsFFax2NWvZHuG
kyertGbocVWzYmLp7PluB4lZftXaB4gbeCOSy/Rq2uvZJQm3JQekZ5CcxszioGVMhtTVd5DbA82Q
Lcz0HRsSbWFycnT4/wx3sVYZUmvUeuWgLOCtqVmGws/Z7hlmqhLX0/5e8QG0AUi+P6hgv5OZAXUd
Gzz/eP4guBGHh1+19g08I5EDq5wXwNmaxU9mb4v2sTVM2+krk5V1nZtBtOQdQpxuXOO2Zl6UGI1y
5n4blPZFgbcS7betok25NH2y9doXjRN+BLwQSr9tQHSFPJ8YQxtVnrRzHPPqmsnVFk2lSILzgf36
KIiTVnx/7OuBZpKNHpchHDeSr+IYCCa3uuMgm1gWQat4te4pOLLpD/v42m590H844SUyh7CTJV1H
tRBifwLZdek/vos7XhwLOSMCmFqGY/qyAeN3fohYyHBfuTPp6a/UJ/0DeHKquXQ+VQlEKMFobems
b711bzojcQlul7+EkLYnYd0Eyv6P8oqargHHNMZKsswv5iWvsfWKrmAPPPtl0pyw/8GIqT7oQMye
a8slKflhHjFZxG0OpaIF8n9y7/1a1FrFaSG216go/CAk5w1HfkZYlacbUssr3Z9FnTcA/tzGu09S
F6jzf94WT0GZ98jH8ka+GKm1HH3/v7aeORDqWVtrHHgEXG5n3Z7EuBfOtBV7W/2jX1pRGBiaJDyO
sYRi7WcHU0uh0KbzPwXv7WT2jQNWCLxzMCVSLw7eWpbbV4nAM0ZHQT9EjXX6mMC66vJ8RHHi5wr7
0VFG84zmgsYBYbxi6IljrYIcz2FggNSGfenpcbCyHUqy34O606zmOhpqlDN9ngKLmsGcyZaNHyz2
FbRPyFGSeUsQwAOFx8kohTDagISY5FbYqkWyBxbtTPpm4murcJ5+Mltdf+f+NL5AxPWP0xzvOZDj
F5tu2iTi+i5jeI+C9Hg7NfUTZiDixUe0orsMJhOdrfa5j6Mes7M7Np4IOs+AlMed+JLb2dInANPX
lyvwn4dd28+BHJ7AXwajXXuDODxWbTb2a+52CccF82XsplLdQBDMH03kT/PwSOO2E7YAezPTGOgk
dIszPJmqN0nsYa45YjiNgr/vaJ8Nn3y4fweMIGY3TYiynJ3hv0JTZm0NoMma2/oRtqfCzaPAztAc
mUhqYCgyM1fFwhmamut0yga9Kz9/9QBjiyoHmpyMok+shN1PuL7tNw7sKM9m7tBDlaPlEQJ9Rz1/
x99EsB0Vt7lyvwztbFMDaAV16gJtTX6fT+fVezWyODot8RTft0GRFxY0jEk1AQtXjD/xCJ70fQE+
nbo8cozs1nTgm7/dlcZqQXId72vE/Iwbh3zUR+RwomClVEsS26a5uiXEL8R+9TvFRhXCZcpsV8Ya
cv1aisOEBQpGYjKpRqgnOjUnA0tbvrJYYXCPJ/8IHb6SyESYF0eiJES+ADddbg61t9QYl99HOwga
butw408U9AsAGeB4JPp64NnYuIPW2pGzeUOc038P/+2DcYIQPBPRP/NCkZtPQqbHfVhlsIitdsDJ
xAMIbxrWzeSZ/L1XIt5+FOo9c0oNeAzOXflchYBLUl92HQ9zGhdt0SGT0BqQM1TGX7VOL1kUL1x4
7Jsc9C3iTDXtOFs7D8Nvh3uHc+NfDqGd3SKgg4MqAmVrS4FhCtGFoCfZkZNLVlYmYv5hoGVQmgiI
gxwx2x64Aue1wYWDykW4NrKUq7CmurRswPdbXA5zs+OB9igQJuc0jr4aLPfnblp/0lYI5kphV0Gv
3SMEJMU7xndDSO8zmWH5BL3PRSAnROAdEuC88CobpZ/hCHvgLFE0GaUr82mNOeYO1fEyqkwylupM
wFbhyvE9VaIH+0mtpekYi9yrYpMTAVoy2H0cxoP9tdsdDw3orc3vTGx2qzwBtfg2SY5Sx/0PRNrW
4/PyKHyoJTk/AQefm/7kdQNv9Td8FJ7xMNBJF26JR1OUEiR7KKRjRQY32bfV140lDqtZ/94QbKM6
BrYcMEGx8fV23KEBue1tXv9V2Pe9G5w5uouBwMqmvD89rhgdfWM/j1kMVKA+zzPEaCT+99RsmbM1
0gmHiZGTfeNX/U606yUxlb0xsaYpgYgyLW4mQwBUS8d+g/tSbEm7Ce9oUo0uULc/T0g+xj7Jsk+W
QoAyI1b4WMnxyutT61aPFGLHsQvUKUFfQw0VpG4CE5qANEV/T9QI39hFIdgMfLIpqA0j2UmC4Oia
hCQWZ8EG/ITIK2i1vG8/zVd6adj+QFE6/MFgqY+EmqnLLPnLbQfUzH1M8huKzrfpHA4SSVeJFnTG
YcuHpS2P3Yi2Rdxp2O0niXSIF6MSh/b9DqsIg2ELGfS7X+Ih4tlGsnJaS7O05+KIyGjo1+2DxIb0
0L0zNMkOfGZDtzeXqKPKj3r9wTYAUW6GTdqM+pTUA4mZgr67qj2dfZvk1iS2sZC7asGxCwCeCwAA
ngsAAFJUABoEBfZZ66zwMggARQALkAq1QABABgtewKjMAcCozAIZL9RrQhmvBwAAHNZQGAA/JNgA
AAUK9ZeinQpBSNj/ZqjV4VbDt8oETXCoR+jW3l2J0cDABvWf655qD1U75V57kbokpeDd2cGBm5Oi
D8kOlfbRbZIfq3Xr9wS/TduwgITP45j6yGvegDh74qaHbk9GusokTeCm1kem4FT9URal0D8R9aPn
cVZyC2QsAqKRtThnDuIXghwg3yi287WID4GWe0xmXpmpeYuguaVawB5Inyr2CF5n5iUpPGmRaRRs
Edy7fJk4V+DaD1nlxCNFt4e4Gw866hdxno/NbfayuQM6k+1C7oKD4jPAZm1kK5wmw790OBaOqNqX
pRpW+XTsAPHQN+7yniijxNrLGNhAyJbm1cdIR8lWPmRVbX8F5coH3hxJQp/cDyEF5Tl1C3Z1bjHo
doIVUF9Cm587GBV9q0VjCyxYvNqjuX7R1dqAACH/KdAhRU19hEIhpyPSkx2MMimfQSqyVc0BaPA+
pgFZvYjUvjU2YYfhJe2YKxSU1WSLuKgDPTSfOICy3GHip4w9XoBnOsMX4YymkAH7gH/lafFyYb1i
msSE3iUdcY9XkCgoaWeyyZTS5V0i/sIadNaJk9LCIB80RZQkID+5i4CsoSEj4eRpa2vRSMZIlkwM
YR0/55tPWERQAtSAf2Cy0cAtsEVYSnICUwml1IkJ8CzoQGiZXVxR66TW6j7Yn0iUYciNmiQ+v6Wx
pP6+fi8gTodbe/hRV+EbxWcXqyCatpOHdFv8qaiRHY4Smtl71hfOv0RgfcJY4qZqbKN+zSJlfHaQ
fOF3qvdRPgIZc+XeOfOLzmZtsR2v64BY0p7ifuth6F169QZhrZy9ukZ4JzLKKsKHjHE4hsQjHCuu
kTFRBhiF20JKbhZpyoo73RSQnLjiMN52ql1k9de3BQQKJV1M8h2cVO/ftB7hzmAhDXONvoY1s+q2
HNCr/wThvBP0M6nW6eKG4jPdthJ0g9Q02u+XKYadwt3ry1D4/9yTLkcHbuPxE4fhhs2n7QCWTYQV
CX2QJDo6psLmLkFV8Kj38kuHMtA1Ai0K4j72unfTcck8F1Bds7ywmeckyqv83jsJF8QalvFufR9W
Iy9BVakymo7D/WhJ5XYnSYwFH3b233dQYKD0aENfh9ZDhxSZk6S61gVB06QMrGgEw7vupwhLCvjk
mBrp3p8EPKW9k0w078tareq1DIGcGaAPVO/+uInX+gAWvtKyGuFjlk4LahkxDA2UlX9OUs6Wj6/A
grBzqbgDIpLfkviSX0Lm9EoAK0n4w4mycbI8MRgWeToQF7NWG65vFLc/6PIj4GLp4oN9Qm5QLneG
pOieL2jCM8ZFhj3bln8YpjiX1xWWgi83nqqH0LZ29UBU6gPGswd2F+k7QCIWPXaPyh70Oczu0ANE
cx9dmOMiPcMWTjO2kZVhwBaCmPv9gOicHdCdM0nzuMfi5IX6mKiEibMjLWjg6zA5yrn/GYW5t68h
kw6dn414cT9dB75Q2UpO4un6vR2vc7f/xgqgpqL7H+QEjhgLgRikO8vbZzn99IBhN9iHpEmkTR1V
uhTH1SZe6efabGwmyfmZVmcalybMzEcQvriNk31jA6k6Rcdsmh+qNRM0jQpGmzKfly8vpm47Wdtj
ojTrfIwV7uxSk5v6+B9tO/kgEVxMmFjtJGtOHDte0m4FODToEqE7LP0a7bj3Jgvd4pAu1AsT/K4p
ZZRGf3+/cXsgSI2yQ6LOrHiZXtTYhhCanou/ANyh/WaRUO2npT3JpsS7Qil1M0mRiJErD34Vp7U0
R6RX+2f2yHaCOV2nAJCJiZHoZsYiRNPCqg++TrhHRuRXYw1ljjkbAoTaMnCgIG/pdXJBljN8Qjx8
9Qi+c3sVt18e3Q05FBl8JaWF5hE3tDls6eo+zepkjll6NmEOtkElSjZyoQR/FNn03jLu5hT3t/i7
IX3jwWYYtWfGan6N71mIMi+9AMoxjtT3LsTblUDc0gkpGeso5FOVsW82NH6HGrBGlXNvkL2W+/z8
U5TcVIxB7QSBKNIcmH8kGU1zU+tHnA1c6Y68z9GsUaL9ggFl9Ab5Cn6Cj0yrMVxtlgWTwOo8vkSC
fw9ThheoE3yq45QdzD4tPJPYXL+T8Qh4EGy/awfuHnYyiIi5M01y7AeR3uOLhUeVrk9h3MiMJ0mc
aCs9yq/UgFIU/henenNtqU1tSMsOteaLDKlfUYgu9GUYOHiO1l7WDc4MsbKGPW7Nj0zu/AZf0QNT
8hGhkJR9EEeEFyF6N3kwUTF2JBkP2OzpQHcdGDrSUjH+e6nG2VguzJusLl3xeJUauI43JR+zo6eq
b1Ngr6SQuzbCahtf24lu37Csnv9aospJufeECPr/6wHOxsk7RxjkxF38va7ZYQBD/qs3yMdJCDH/
c1J4J1ilqd7jFuQBQfu0aqIUGJVyALkBIz89Kz9znjjZ1+3ktxSfHIShplAFvKN81b+aJHHYQ2KJ
cJ+fXHmHGl/YfW238G8Cr+gKlMNfuMxuBo/TsVK45s8Thx/rkWb/ZLslLhUg0VCeisW9lsA5VWpE
mPuXYATQ1aOZUepyHuZE8YN4WOXwUMaGlghE4vhwbPOrhHXBAbzIXphjHgXPTbyJemnPCJhERax5
e7OljzhgLXmXNIfqBld/QYkI32QLyGampzbTCNxYyBNUioZtAcW/bSbYScoVwDYadxDzwKOaFv9S
oTEqcSFHbBbM1M2oWtzfkG34khbj7Bahq10zqO2cqYSCT7nErBjJkam8iz0phx3QF1eDRbG7T8bc
0pubGV1e6EXzj3W809cfbmXtmHSk7sF/CLcLOv8DJ16b0JnWyyGIQ/9PDC6Rp+yZLsid0sonzI7j
+AxQHhUO65mJycoF2XxYuXA3ZvVogsldWCESrlf6cnauUH91K+gnQuQ/qE4AcIT8+yfofPLWzXCZ
Mdo58NTCQjJMf+qQKSfSHTxkdyNyb4Uujhtz7i6c3z6A2B5ZkEotGXkvbdn0uOu9SHW+ls16ePK6
YbLRalvIo3OadR6nk2L0TdDxhETChOYczyLmkZOBIWv9MLQGyM4ljwFzfSGnicKcG042qaM/+avl
SCqsYvkTniyCq8cFG3vPR0Hgk8pHGhoV5slG8EdqFfJn4mXjNiQSOjuHVC663LQcDjXdgX5KQU/0
VTiXbTT3+VLzAkJSwcAsZnl8E1g/tg86iEAySus5qH4s98rtz4xmn3C4m4yTkBpjstlz6MENN5fy
z/kO1h759k64cPEGL9Y+Iy7Uck/ns/LaIxQlCe57sflPo0zY4UcVIhbFCrc4a1LjN2rDXqu30bl9
2U1BjvYWR5AsCFbVVlhlImbGF0pWxoJsKr2Tqy3VPTVp6YfnBB049Tq22u8QxXzVuDhHCr1r7rJ9
Cr3qmtZycJILbhLusMIruEgVpjtI+zBVKmvpDnXs7FfUb7QttMVAmA07oSZaTh28M/LYqAlUA4sC
/tVOQmqksBBOgtPydKpcoMmuqL6b02e/0fbeGSUyMzuRQbhVeQYTGdpmOnmb4QAm/NqnbfSd5qkc
aZH7jlBY7iZaaDEFZANrjmjhTdkI1/l4NvpF7a/Ipxa8l8bDdW6l2aUT3yIqmDsQrhds+qrQIRY/
hG/gyaT//AmOqbguaUzemsePcuH6Pz4iH/jYuFDgau/gyIBT0tqPhfz1YovHOmEiGOUke/TsPc1x
x+dR6WCia0z8B1y2nxOO0nop8BcTd3o5Xb8CTmnFwJR7z0ohaXrOVw0V/Y4TKvAXTRzH9zf6K83K
yXU8TIek5ccz2IoepJPHItGp1zlElFZoUQtNMAmPtKO20lMBCmdOzX46HZPkH7pe/QOykgVki+CS
kV9/ey4zM1+mBRYSElRrJ26CMsTyTmrn0G6RyEEXW1SspYjhCPY6bq6XcgZmaaALYmtdkgHW4b6U
qSM5m/Koiqwhb6NmuqqxkLtqxrELAJ4LAACeCwAAUlQAGgQF9lnrrPAyCABFAAuQCrdAAEAGC1zA
qMwBwKjMAhkv1GtCGbpvAAAc1lAYAD8k2AAA40Ec1iH6iUIq1yxv7SZkyZ+oFyYDaHR2/DX1SNEw
Fyx2eL/FuCV3Hmgn6lgl0gnSBuTL66Yy+Zl0J5UeHNYYpz4CqrCmMQFIA/K7Fdb8IqqzAmssL+v0
2xoBEw2asoOrKMgaHGCs5FvZud46yJ3YdpYnoQVCX8tBi4PrU/HGRusNIVhvRZfJbH+BzJCC8Gdo
kk4c3Bs9mxKYgvMG39uBj1Iuv2Q4g2qGDtPFc5jij7woloqdeE6btGqNqIa/T29xEaFWp6GONsON
47we8aMatS9eUcFD3R+KMRyHDVtIQUGNTczlDAZd6YLZxwj5Sx8J+mYq5G+8HxJXJmy2/OVpmDt9
DHr+C51QWYuSVM5bFeID6YJJZ+xPFub35kszGA9fQEfyv8Wg0AZSO4BXkCRr0OjSH1x5d3LGwYzF
7IKvqA042JGbEyMCWy8uN3AIHPSOC4xkgJqtkbLrDX7r6zdNgxvHO/wgGmxrnM53qu6vKMGrJKOf
GS7Xr2Oti1hDltevY9MuG1yE8UKuShMKv0g/RI3JwaYt4uoZ/zZYbGpKTMTKf0nkf/+V8pQGhwn/
KbkzyvooPtB++Ou5D2bmdzenUMhLA2HQaUUOcpzAZ2YUVS6Tl2H3UUQzJ2U4oAJg14J15v7e8VAN
p4UgtzH/VA+h6wo/j42ImjjUbzlyp1aOXboGwxoLFjBUkyMqknZ1rksZZNIL6vNb/jjdMAjFgzc7
Ksvmzw5o1rB0rS7KWk7o8Tbra03jNTJAEeI4zG/OCuSNgrAlUdBXuAGJSrsaz/vDmJXKS66w0xJt
JytR5IW108IyYMt6sNbTaNqNFg+zkkzfHRyGBMfBC39/HJOlE7GR9023dwjgKmOd49jGAq3l2/4+
pRJmOXrjiyBHj9OFTM4l/FKRr4QKyVhYPZu2aVoKk3DacO5dj4vZ5QCglUHpb4SUbWt3oXi/iQmU
VroYMDBUnwc3TxgPk9MOi4liqQrmvgydUMx+PKA++174XQJVHBrgEQ039VgsYVYjh7LtGc6lRawq
jkJ6n5URBv/1Uc2iKA19OVC0Muj/DPubathhwZoA9dKjCBhZ1Igo6n+ZE5AXChoSZKUbEODGAqmE
k0sczc4xWGu2aN8t4UXomziz2jphFkqt57BvgbfR8+DvgtcdLus6hpCT67Na/x/jmw1rBjUyPxSX
gf8Rv1r4MoHAZpbO/0j1HZBDowvAw+JAh2qw8jK3xtp+aB8MqZyeV4/OOYwIEiUFJPY80mFGKytc
Zk/4Idsuqic/5c8fPHm4WywMADBiOoZwfb4fpCzNCTNFz+VE+iBL/1r4MhCmuUeF/pr/d/SD6LvD
1igknFvD5O+usAqkM3c2FbDIL5OaYN5da/gKdiLlWh5uJ5Afth6N2JmmWbdutGs6sW/z8ePepOj7
l+PHwWgt+Z5aYFbRDesfcApnvbT1sumOVWhmPz7bfxNBlmLBldpHvlPB3kREDb4dnS7uHpty9RrE
UVjG5qfpM4l+9EGdnsgA6nk1mrWLukAfC7yEP2qzaZuoJJ6kt+DvZOW1DB9l9kOsUcVHsGGHB01S
Lyiq9cTFLkfnaf+sBFZhEGPy6pg0bq2qL5u4KY/J24UVcOJayW6wdhrTlyjr5NVpCcJjwZlWk2nY
Wh9oXieBVxWaJRdTVykQdLpyFBTgQGmVGL+VAPD2CO2Nm53mlJgoyK4xU2+x3dFDx1IiGit+phjm
wai1qgPdzjookz1harF2929U7AMCMpa1VIlDecuUR+DVphcRyMuwQcl4NKPGOetkH2IoY1TSnmyj
Yfe2+w6CCNrzliDhF8REMOBdwPpsCADhAyIH3a5K6+DXrqjjhk2HfDH9+PZvvZ+tQxgnRJpJ/mES
EzpTrdLoyyH+Ew/g/6DOCk6aQxZnloLqkpImuaMtA2RfYcOxyXYRU3+7pptNo8yyGpFLtXlb8H3B
tlMCDdXg8+s8qXw3q5lhudBujCJtQPbRsLZdImFbPLVy7T4LuELt55khbAaCH4ko7N1AzDzHmY0q
K9Y6H/SxrB9Qq6O7OcTqgkv7dAJ4XNDg8Wzi+ehGS4cBS7d2YDa9yPcTmveQQb/+TK9GrvbE+wqF
pchQdExzhj4cff+IXBPNZzTgTG+jJoqnIBuSmXUX/n5C6gkORp9eO9Ju/R/VO3TKgeDkHVtJBHoF
eUl7+RCiI+ZvDdynIA8EkSSR9emXbVDjPn91Ha5fxH3Xtl6cfHXlKK4hGTQIMNIOIIDZ0A3RdixU
IfeW/HPe7F8biWlxzyj3OEK1wUolvOOzNKzbHGqApKUrnN4DVEn1yUjW5HfeLZNMykOCvbT9OAqP
IRRBGvHhYP/bxlM6SwpVX3H1DaZGJ69dxnaQt7pmNq2euSiypFljdYaaTS5LEewbt9T7tOW35qBf
ssFjcObQfH+0xXWgS3XDNqWCkqG58AMnEyWJfcwsnwj0okv6Xj/Qf7qgpInbNZ/Tb4AEk1kDcwY0
bntIdt6uXgw58KojcmTbrKXP8XFRzKAnpYy3fPL9nhMbvxGZuoJmY7xx7Cmmbx7ZAMjZscfwCNf4
fbovliBrhVGi1H5f3elSSVpUEJcoTIJ1g96rpzX0rN76Bathd+3er0fxGud0pWrPXaugiHJ5iqgu
wtS0Nmy51pezqG/glf077BZVrQzD/qn0nHb5LA0nPEVgLwXnD4CMnvXAC6HMAC58/ucffLIwCtcC
rGHC3oJmsm/+QmSbSOkLGlS7XLPgPURjtUVpE9EudOsHPHGgNUCPJvLiRKsdVxetJ2Lf85j528Vp
XmkpO1DqUgreQhc2eNR7oZ59PMPyJypbr52rqshef31H2dotgkKQ5KkLRED6IJKDSCojAiRr9cpi
gkdJoDL/HRH6UL6p4omuLJzsWRePBLSUBazYScgF0MTSxeedXJu3i8DQv+BA//MaTUDJq8OKXMGB
WVOyUKIBpR2dPngP3rFl0VbzXtpySx1Kk3dJnVzBAqN+sykLw4zZoQPMn7Y60acdsYic0n0iiO8I
fJD9Gds8E+4zEfyqy4MNV1Z3uBI3vEScP/eSR0uctKCaiVC7SQr353/aYTAG2PafhQNrBUwJS8B5
Qy+oNjd7a+VhM+M9TDfduKZdN5gMGdWlswGWJw1qCAvxfq+FDpDDcg0V5Xh0H3L3k9m9F14bMVZy
1ebxVBOvA7HhnMTO9j3SqdCB6skvn3UzIFFEZ31MqKt331HJ3myDvtawo6WGFwbnygJ9QhYbl9vo
HZbPl0EykE59/+JJpieEkAhlpb8Msso6RekpnD+Kk0w+YC7xLN9mdLLm+rrKyTmHVTWOo+sc/5SX
YgSCVZANWs/J3YBcT2lLvsNuGahFhMV5M73rvGGTFnaVzkE25yDIotmENsgtgVzAqXzh00pDhRy1
o3X+7/qE+JCnMgCRhmSsBEcjjwLxnoYQNL7iV2w9A4ahsokFp/u3oAzXUkbnXKwGBfIEUCX22FMX
ZZiFdXH6/t+KsPAVP/+Tlle6cvYgFEXiyh/BayGlEg/XCFXo3mkok3LqJFEzyDqQAqicjWh7moJ+
/7lJcJbN07eaMQ4RYC/qYBftyUaWvUBt527m6KUr7nNY1r3kN2s8ehBP45/CxxseBTihkVirLtZP
V3YsP+R2nOtJzkbNS/IDrb4zf9NYTiFnYQcwxBqOZ5et9nQdrkY1Ap+l9sj1xIGslyxqFKZS932M
v2T7ZurWKEvCykU9xdcp2zpYoSeXGmRNHlm9OfE3UMmT+ZNRbhtVkwTu5nOBF8k4NvLzbFjiaTUZ
TZGd08GdhHKCyKfXMbt+xwdFOUWQWV+9ltuCUVG+6te3AIPfovAXZ+nbvo3P7qFBPkUEO4eFLSbd
D+SokEu2a9V1NSNJV5aNEZv+xzg6IACnu95eKxbullXR68P1NsI5VrGQu2rLsQsA6gUAAOoFAABS
VAAaBAX2Weus8DIIAEUABdwKuUAAQAYRDsCozAHAqMwCGS/Ua0IZxdcAABzWUBAAPx8kAADJdbhn
wzOk4rBotXNT1/B014pYh+4nnzKxo3lOhrNKAStFASCyOZKxqX3IefE3VtO5pBDUOqi7MfG3g/9t
mSNdTU1II9J24XNoknGReEHFymWM7GOAIv6DSrqEu1S9IYFuyK8d8kN/gSZAGhLa8WOjd+19zNeH
Zkknq1zbJrFMIxThkDWMOekU9Q65Ybm5IIopY9b8Htvj1/fk81Gw0VSpI1W43QR4ZFJY5m47sjn8
RC8EGHEnQWW5UDS4LM6fVpP46bgl5FK9Rr20spPySTYxuPKTy3EfpKauXL6sc47NcgvbXtwXbC9M
Ej73+bKMz2JQmZPb1coxSxooEX1/SI7bqQZgCT0KyWfwH3gi84DkNtp/Ep3nhPnQAphJX0ai2P2Z
E4p9HmxhjgC7OFkLMBoPrWDqip6DZotBWN9NYenMH3OMC8/YuWcCpL87PJbE1W8rsGxeeQetPg47
K4bOuzJ6rFUunKx29Zu/6oogCv6w7AbZwJ5sVRmIvxy6znawAngtaxp4N2K7QCcEieDB9y8lXv9x
LwWopA43Vbdyz7LluuV+2cnSG4MhsxPZxhf8XMx+h8QwZD799V9JuQspkntatFwWeaCjcOw++0VI
vWxJRpzajGxdgvPEuvJkLM3agjMwaqTwir+gKIMm4fbmOfwyVGmuMqBiYzwDZpNUTkN1q4XNvoCV
7rZOtSdhmp2GrAK1HRexPQyBWvdk4HrHxRBb1c+7EdnrhjOFbVU0XNrmPngUfwON9xSA3ys7mkiF
K7cdhYW4QcaI5Pws5swP5dv9bnvUmuXXFq/ulA6SSYpJhCjdHwyM2GMp/aO21STY5fAXs00/j9NN
DmhVV2KGIUK4o+VgFDjv3OAXMx+LoSLm1+cmqxo2UATFtnSs3aw+xqo46JSDWJAIuQ46iTUrZ2ib
A410G5XJNefMw17kaIAFuDbyBXxx01DtcKEW7Uc79Efy90JCtZ9VouqjoiOGfESCCDoEUz6iu+zf
QFAFrJ2L1PnQspSlkoaJ3vRxavTuRSwt9RMvWQROOg4LxQOPkTvTv4Tzc4ToQBt5934Gyk/oRU5S
ICZZsKjX7Xd+82nwnuYAH9mGUlv+J4mFxat3La+oWHRF5WFfpJHhGvg8iOPBZMpGRUONSXwTOsPR
2XDNY0CLitqxyi42z4YXIL+f2ubnc51d1L7mUbLAjFTA32GhEacSxWwTsjK8IYpsedJ9RGMtaUS+
4d1d1cCpr9b5GRDI7jYUpw1OreVt7MjXg/tIDgqROrT2w/HKtEdw/vC6rhtrMKBGjtq6/TAzKGBw
DdY62bqeWxv52f+iYR23wFACQ9zaoHv1s5D7jL0euBlgSccHHA6P7PPiUWwOloUrA7U5f71GmT9J
bz7GwS7hLiEdvxf0ee/L1rTaf5g+/f7/+7xJKHKuqytNpWtYHnhAE2LsyfmfrxrnJ7TPuLj1MoBz
FKpMzvkN+FMBbdO0cN+E+puUpjODB7aWe0nzjTHsHGAt0lxbmky3xJi2tbCr3SJQnp5GaeqQWAuM
rJHK6W7pRWQ4vO47rdpxv4DPGGYLPno8G6VYYACVjIv5LSE7+X1RW3cOL5+7OjmMhE+CKGckAekG
FIM8MgxFsWRbdRCXha+zH6pccu+RzNJJcoVP456uFjkW7Wtaur7G75pinpcyT/khigs40UkgBiY1
C0ZOK8fC8p+ylXXLFownX/CAYCmMlr6nY2pqaYZj8cgLi0rBd+tu3KvnlzDvwXO+DA2czLXAbvp4
vDil1XU7HtjitZT9l24uixF8rybll2ZfAphpmMLoYXbt+y14bYl9we8+X5QYmeVSIUOV3jn2TatF
0UewV9EADA41vyNQvwTWzFKM91KUvIU6Bl7E58zZQX+o6TXXbLynSb6KJS7tWeqyb1o4ny7GGccf
PWpCvUupXxNEZyIyvYPA/j2fezce4mV5QavhoCFqR7GQu2pAxgsANgAAADYAAAD2Weus8DJSVAAa
BAUIAEUAACgAOAAA/waiQsCozALAqMwB1GsZLwAAHNZCGaOfUBA/CmdLAACxkLtqT8YLAJ4LAACe
CwAAUlQAGgQF9lnrrPAyCABFAAuQCrpAAEAGC1nAqMwBwKjMAhkv1GtCGcuLAAAc1lAYAD8k2AAA
Vc+oa/hz/3MDHYYDp5Av9xiRHAhDPJNHB7FJmT+EtisEJv704uf8KbuVhf0zarh51Vx5CUMOb5qm
2AoQhokhvaOwEsWUYa1vKtFrGZF5Cf3MZ8qkFDL+GuwR8VD2fb0m4Bv/M1NmNsT+DCMx8DHm2Xt6
Ci3M9sfiEV72Qs1fy9ZqzJLkJqbN2/Q1d+iIzEgk2BIZ3w+vtsNfEEtZ6uF9nnvPefXZblzsSDE1
IRtAjsjtZf+f65Th5+Dn+O9ZvZr7gWzsFM55tQJTFxE/Z2nUJ0HN+9R5K3eT5jvtA5XZ1u0ToDAM
RQ6roicVOEgNEWmkOz456ev8CDeywFaoFzdYRqEQ4K6gj1Iru3OHxedjJ8W+RJN3qdRa1SdZ697/
m2lElvvsImfgrbkTj0UYv6uqS+yhparD8yfwo2p7SnQt32O+Tv2kLQe+zZqJ7jpCB1su+g8iFB6c
mfTBKw9EeDaD8Kv6aZVCinB9V1vZ25QB9ZtWVOOVWhcuSRd3WR46XRH0huqIRBVw6dcfSdF1OjUq
y94QwtdAKAOrVhPDywqyCynMLZAdAUDrNvSbg+8fvo722zv8UocljOW76b2BNZLBIoSdgNBV9pbf
qVd/EZB+U2WeqH5CWvqKUQFPnK6iOjCZaXL9X4QasKD+CD7DjRl5Rv07j3c+ExTZ44MMlrGdgxHJ
cozE+ITOCzN2HacEUSeCjUGqfPYzonb/bYC19WqIOzTP5dBwmlG4GakYG9PMobp5CpFkLRq3KcqA
ZiCEwou3cuAVQoVD5CPHUQ+h1QilvFakbrkmQEEz1x/ps2wODuhwOEhIovQuXbB6v7sVwY6dm4Ua
Mvjk9+U8gMr/3VLWDdw6EDUh0df0Vd9bRzkdv2tCMHgsuoiO7o+au6Wk6gmLoEYM7vJPc7DfW3QX
ko8Y3kelhQMxdQ8YS+b3PssrkC+mNa/sT0c3qhi16wYrCFzdZTI1usgR4yOkrx4nGd25gn+0z8LP
R7ITEx/0JZS6xgHMXnnJ5Rg4qqWXQnUXQiMvyd270mVRaGB6A7rL3EhMMED0KsLcvbslN1A3Ded0
6s69XVCM6ewtMPITta8Oj2Ol4LUjcM2dmRcshOn6Q4RZmiwmYcMiDZAg9eeWkiZDHwoS8GmZTo67
G3bX46XAhRyRcHj9nP589IVXmiKK2589H3uLU8rXBrZcmttg1F9YYTtQkTsiKLt2UGIaOQHMdoSB
P0R7Tz9fn50wLnynN1xWNNZXEkHPLSNFnjm5D7jeZtNbXw/bao5wqxoacwMD1Mkw+CoKN6yq+RYt
BmkO2qJsEDECdldpTGbl9sGNmnKdZvcoI96dykV+a9abHEqAZCwcJTgtPkRlxtAIgimF0dozW3tt
xwIqplLGpVIgAPnl1KKRj+kAVNr6o9D2m3BuFrd8uQQgwCPSk1KnaOJNMWdioqDfunfX0v7UnjtI
HwqDZ5572GqFVWyC7zQ8wItMmRke1ESbduHiEA9Izwjt3iCOhtwhgKqGHC/z/MCrd/irFX0Pq7kv
qdMUqUwGLiJ4azPUWcNtktI84HQzzz5mewQoNRHBQmKKf82ydUNhT/WBFoVZ6nvhtExrrvo2K60Y
1cgRVBjOGhdSTMsnWv4s5AHXE/CqtAGdNxb2PH7iXl2rlBN6R12eEpNQfZ1zZQjkS+n929IYg2Jk
RKvZ7PQsxlMBS/lOv35mJeT8ZUPj/NSbSWph2dpGLmw37a5FNCsvxIIdlGnX3gQHuuw1UrbTPSJk
XS+rDBwKnmLrWwwNE260eV8eDCdnM9rwlUgbkuabtAdIh10ItNjdfF2tV+8B4eFZMgV9tnxWQOmu
FkYKN6HKYY2mtt340rC3OHffsKh5fx/ndbCZej3oJPaXeIL80VpwNIgIKRu0xAp4juVbpV6eztKN
JozO1wK0pwEt4pOy4MQjwLhAawNy/rt6llu9JCYFD1hNe97ah5Pxt0x4VEG4mz4K/NOaXSXYRync
//Uu01WvxOW1x5uJ7J6SDWQ9/Za6PmiIlBI//kx07CMD8w2YzC58T0/sgSpTeYlXUNxFJQiE2vms
e6C2FuzbNGKV/m7lx1vgWAu8fSOQP76Y/c/Mdh/pvUcma2GtAa9pq2a02D5lbrIZ1c7znKqGTO+d
+ToW1OnlmGXrWRXdzSo1T5/+TTxj87Xs6hz/+3xd688FQHw/CcDa1x1ncxcicaVN/xrByGvJVVVR
SK4aMWn4JS4p28NjSfkqF2Odsqe4RX71KJiNL6eECtZnAwWSNgeUFISg/pOJgwKb6qOhzDgWZrA4
fBXW1codbyAg3MpWVHR/cymxzklrkhaQk/sdlgfd19aJ5pp3kFyOuOHp7Pjk1GIZZZpJa2fYylcQ
a63rBwRGJqr6VVnypy1iTtHA1l9Y6C5/3bb+FnpqUvFz62OTvVX3oAkVRYZShCjnBqQQKnfYlxnb
h0iqQ2y7CB4t+N59EvHJ+nBFiMNnTX4cR3yqMIqCY+wRFYDO2b9YTYOLLJIFTgdY+S+1YYDrsAOz
Y/PIN8+okHPX+qDda5j+nokB4Jfe8E1v84oM4w/utnmbcqU0jlaLnk6z4KAzIDGrbMxUbx20kqkh
SFr6OEGVynkEyWaj29btjhlDwhMmun9g5ER4EkgxVdCvzGVHhKtouRFJx/55RcxXDALbLPuhiStL
Cxx1nXT7FJNzQNnuZ0K0ajeUkF41UfGHRiCZLnhZLp7kXiCuP6jdIwqjzVbzILLEXZaDHSvVxaCH
jQiUYmwVC8qjm9DGty2H9BKBic0PiRTPacsCvuS91cp/nqUEAduKXL1BDc7STbfOZ+jWIJVFnFwh
l4RkFQ1a/o4O+k2VzC/Q49RFHaEBWZB3Ks9BFfFswu/3KEI2gA+cFNa48kuI0kjys915bAPms0+R
77kItjgEdxJvUeNWTvwBdKF0UQwaOQaGWDK9mpWIEh2Y3G+VlN2SuGA7ez8hDlmOxyp8/TCuFgrC
HVp53FvouvfRQ1DZNh/NlQbHaxrxSVWMhGYlLuTFfNtzPUBC2mqn6s67CSkDm7Wiux4VFu+I9oG+
XsQd0U/h57JFigGJ69iAVcs87b+94w/hd2x4DU13Iugx/0G9xRGlzM7G8Jjm8GS9pnVGaMF/SVbO
i8i7NxfjuejRIJP5A4V7YS9H7X5CFSacwVrQAwM1dty3fEM99Y6a+st2d+WYllbnyrrg6LCst+wH
dVPfWy05Vm0Qp7bZIjjCgsirs/ncwrxHVKv2Q+ARGzrGO6JwiZZ4a80+pLMkXxrG7GmJyUOBatKE
Tkz5eKGTPXNT6pzVwJMPlhPqXY/iQokRk2sFPB259UFBz8bV4yQEdJhhsQNSnfdpEhjBEG8pfkk7
sQI+Fk6R6olhMYr4ldMC9td/7oK7i4Rl9MPlTYxTx5NFr69Y1RcKlgP+sycSJIakKs/ZMssaRMRC
Fi1yre5juPCZLnrhKKv1v4mMCN5AqSBzl2zAwuZbglDemYtZA+/YZZLl7dpczoqDRsJSF1OtHUXT
gdNDy5jucyHowouzaVY6WLwrCaYyOiQfXsr56FyqaFUHWAlBk8yOacs7Hx07oLFF6dM5VSGFhnZF
EzEBZF8jhRHWH3lorhbgi92RHZeH4EAau5nZt+hpGR53BkWMTiljni1npamhEry6N0DYPf+RmtEd
jzOXHiVNhxsBaL8hVjRCkQhrWTuzMulWtxdFFcToFFHL1jJNnbMJMoLUv/VWN7CFmiYnX+/meOst
wr0U0o3MsqMPy/S7gckwmMYn/ApLSsz1Wtew6A5sYaEsd4L8gSy0ihYSIKxZEqSCwdF3m+CWiFHl
LvXtFzFZgvFCQNfEU/gtrr+cFvi7xCB8cSqELAteFuJR2jCx8xP+FejRuxyCwYc7Ah/o7hsM36Zl
U4IdiCHJA5T+OfuF87GQu2pVxgsAngsAAJ4LAABSVAAaBAX2Weus8DIIAEUAC5AKvEAAQAYLV8Co
zAHAqMwCGS/Ua0IZ1vMAABzWUBgAPyTYAADvvC7k5cyZYh5DZm5KyBCXVzXd4qH2PevPOuIhFtfw
+beQKDN0mTMVTW1uj7ydY5oZaoGRXgr8SA3W69qHRhyT6xT0SZRD/YkbJ6SeLZ/lUqex3GBg6Wh1
Oj0HJbyh+aHFGp4f/QjO2pThFdHjxmgwYdAQhZF1Kb1u+WdNGDbd9nNQ4DicqO0UBDpOtZi+MCL8
5OH3A2zIotSpeI7gYPgTAghxbej9nq9Vx0v69WGmUrkv9ilz767gKKIV5s5Ktv0QR3eDvWheKi3k
1BLPkX73SXgsO7DqH/wn33bbjwzLnwahUP0qNAQwZVX9BXRD94NJjN65fWr/J7uP3ppf4EXyjcme
LGbcWYJlXxyWPJbmFkR1/lrD8ZQk/bDf9HO63XRo/uIbZqyQYN6BX4iEPq3CqFv/YymyeC6EXC1R
EI/RFsHUQaOWtmGUicbLkbpka37Y5a46cF/bWKzwk9IZ8JJ9iXLBZMRF0C08u4nn69SClNN2F1nl
giGNx15YYcmXJSy65diB8bQzrww9zvelQpjaCRcDA0AREo6TYhU/vjNPen2Gc+JROWHqgZgjXGYG
Yl/xvJQYxCm89qVbtA5SkknGbTRjewNhoOWIE/zFM11wekKwFQYbuwCDGjbrdxqYT8aICInotBf+
mlKB98m7YsOInqIgq8Ntyd1nDr1H8IwwJjw0iJ5SV7DXCNxqe1mMasVtiQcs2tO3Mih2flQDb78d
zm03l8SYT7t4b5dToMHXRVy/k7HdVeTyIjVL2nvworlx0WvHxC8i9cW91cvZYIP1Ba1hJpePLjHI
Sqx8TNJTz07LbYkIu92U86cePO3ceBoTOBx6jiQKq0d16j1WENRX5pNgdJRwlCTOwNmDr2qMsRJM
clQ8no7rm/MUurda4AQKLVTAtY54Vwcu5m3UCpfdkYPnXcPft3et/JhuP8wrR7QFtU/Y+L4XnNd8
zZ92xYM4tiSS4SQqEHUOwoml6JhedGgmUdFKK+v+KU9u7bns1UqAj8MsZPkwToiCxEsOfuHbFAxX
7R4O2zmXtLhlT2y/HoNGFz9N10JWiXoQH4vedY4kJn8Ou5Zz02+EobQR+5+kt48zc8W9jEs9LkiG
p7yTLNQXdnG2g8lo+RQ4zgdspn7W4X/kgafXjM4w0QFX5LpaIL3xS7aa2seHPyzYvnrDNLqcaAqt
fNKJ/X2+LomTbUA/YkZK0IcxeJAT8pCviO4S2p5UZXQfPtAZcgBFqG1Gqo/0PGn93UPp1mJfQDBg
BBQwNbPI2B84donchqJDCOnFucMU59nmrelT67fb073LKp3WCMTeqtMHs+JyRcR4/N5mOb+CIMNy
Am67UVdJjpvsSpbFGOWim8jjmndFuD1+PQSWIxRhZ411BGnNqzSQY2rlxR63af+kLthXsVoC8aFL
mF1bmph9YTP+0atA/molNT1i/MOXsTB++WVtCV6WzgODpaLAJKyWtGLwJOlnlY7TB1OMxKQWpjUb
kuWieo/GCVfE619TwL6Ms2W0PecDqZ/nB0HFmH5Y/Bu+gohnhUsM4AAjPUS0dl6B623x3Bc8cQHe
pxVm6S+5ittf7Wn0qfTZ/ckuzeoR+xFSckNn/8vJ+8rYMWaSg3SR/Yt7mkmqukJ/Zdav0pF1+FBn
VtVaLvCxqGJTeQS3SoPmYXQN/EbOO6hX3z+Y760SY0TpBqJJY+Yq6zI1miOKy9yVE2hXZg1yKNwL
kumZN/vBxBrCdmfiIRfOgRKjMDDpus19uF5obDVd7NAytIDm8SqIXtUOdtAUPgHnuvBqWeeoEc52
Hfp/wOk9fqk8O0KJ8rCAOBMTiZtWey86ehPy6Ks0Rk6cMeyQvmy2NgfsOqnM49qvWXn3fUWHioLB
2C9WmFEpmt4a6W9+qdJEJ4S0ejjJAv/nnFUTMUM5NAsNdeNyYFdIBOWHwMJbmrqEEe786ABsFAi4
4X34toPbA1n4TGvHUuaz3o+kvDBfL/IC0srT/pGKG8TeAiIRm+Y9UOaneErPUedqJoJ2D/8aj3o9
WXuIvFjB/XqR0I4k12dORzRGknVWLCLdOE3EPegr0PPng7VSPEpbq5Joll7zO1gfSg8jmACqamJP
dSkNoguORh/8CmHz+uIaedI5XhCrZWGLMepbd051o2t0SJd5t8jpVCASjET0SNoaQQHSS43mKrUF
oAs2YAdFO46/H6wtcl6HZEby8wSNa3TocUR/n+MqLWhjodL8HrzcIn956TvpTbINVhP5fetMk+QI
rmxy1u2VPdY4+RawyKHfTumn6QW8WWnDgzYzGN2cm31dn9m7E/7LP1YBarOWDNEO8yse2RetI5CM
LeXJjTtofMKpoH4aUZMMnPKTeokCZV95AymQt7xbNNRKJFij9QQDBkS09o80IqN04WRO3nib7w56
ci1suzRvk7tOCMt4QhyR2479xqFX+TBSZaDkQ5JBNKRsVvzs3astE6/ZOElScMeNvmRSp3P/ki8b
oDdhAuqwjkc3BXL+whKtXoXlfCY4V9crow4qaIBZzzOw5DaCoLRYw7aqveIzz3q1xySurxF1dUdw
dTyv5WkZkyuPc4gRD8RJWXtCuCxOZm+FJbk0AhIS81ErzWJ43grl0S3hAHU9zbNn4cArYYD2yhfg
qNq0ZtmoI6wPZZGdunj0CzrFcoxUyM4NeMIqILKaPo2f5BhzipEUdvJFkm6N6ygjOVstl4nVO1dB
NNTVnJXAhIU624DOssrCkpvzxQdsVO0DOSQZQNiNLDY4q2dy2ghRWhr6t15yyWR29Pfmdd8rvODr
FA1u6ZLJ4vLWsv2Vio3Fh5JHaQaUjbnZRdCqoESUguJ2OOfRJzg2Ndugbhi02x9Garyhjvep+7e7
8H/FPCdguwfA3LivTspOPmCuFFFbvWiM2qyM3pE5t+Qy0mEfZOm+DEZSIEYPXxplCoMbO8PeG0Fv
fJCjQ2yRyjCHa+3NOyAXis6oQMy55hY9p9dttU8I70ToTidg7fpJKyyZT50ylEywn26n+YIiuw8Y
qoZyEpPk7BKe/UEk8NuGQ6kBHSqT47uqZYMaWr7Tz2IEDANQUvxavL5lMceGWg2JhdYgj2AbzydO
DaNRD5hG+3V9seq30MtuJML2FQJA4giyqazQveI01dn9bcrGwGME+GHprHaozDUnvLRbFW2lMUnK
dqRBZIs3Q2Ooid1TqPVK5wWOkKk5ZpE/Ii7gEKrFyGJphSJ0Cb/e+tWVdgG3RK6rFLw3m36bN3st
bi28XSHvVFQs0e/b3wpUzQqRa99qCbfgHKcp5N/nIJ3KOKu0hGtYt/4p9jN/vP6txqicm7gdZoXz
50XwI57ybjDAOs51mc4fsR3fXvxYeeNDnWQOTg0K855z1M/2wCrlVRlLAzsT+mdAOniQ3xqHCkg1
5bqAiYctk5zB7C8EGj34THB5XhllPnHOuwF37fgmEj56l04UasemXZg5qIBKC/g0jvOhdgyigcuU
djHxS9lxAbHIp7tLqcfC16k3XVAMA2XxK/BtaS0xmhEwuJnoNgmcO+6ikccXdxQCMBea4RMiiGVy
glPQ8KiHOuWnIfLBLsRUtiOrjiOCGec27knFTb0RbJkZzzZ/r3OCLjmYQRXCTmzKiZlu20d9p2ly
hYQ3ATIvU/aMLAWmRk4DekoD0WMNIToKt6LyxmaqWtPWsDuoxbcI2eZ2xxfhd1GXBtFFOUk7rroh
LEWcE2yzxnSJKFCG2mREOe2qDdvndtESrcuepvnrQwzv54ZXIDQzUsFygIzMR+jzeMduce8XLFMT
dZbR4Kh5IdT7MLfdSGHkkRXjQBiaL+m4A7E1jwP+lH+CEiRwe7mdJBE2Vu1zK7uQz1Ob11NbzBVa
7HLwNEa51IGoQ3xo2xON4TWOBIYRZdm3lXznqVfJcz2KH2bFr/n0sZC7alrGCwCeCwAAngsAAFJU
ABoEBfZZ66zwMggARQALkAq+QABABgtVwKjMAcCozAIZL9RrQhniWwAAHNZQGAA/JNgAAEoDU9Hp
K6I56S5tOaEkq9CfdItfoT7AcvXELN/8WXXTuMBcJb2jRqJon5b6JZoesV3URybi5wVcq1uODbJb
LEJKsmH5Ll2FSHuP8pb9L0JqiRjmUxMyxIB+TCt0EXiWXX+BF19GnXRgt7DUoQuRahgnzvAeQIHm
Ncu/TA9+24g6uiIAMKQbWMiKf13/s6FKFA9p3xBKPT5v4u2CZ4t4nXNb4xuIm0Dg+gqpKqqS6sAh
2t7DVFIHq985BdS15p7H0hbkuZNI+oJDrVWs75KpccbCPCCnfXWpvQpz3cM5cXpUHPLGyVv/460Q
VL8kj4fd5/2TjVmWVYi89iyZ6UgReAf30QGP+ibUQDvOCblbU1LWWH7vJSiu+2NvIY5vZ+eQFYd+
JFblzc/pRnxmQWX7cguVc1h6vPaE4uQYHbDcMHwn7S7Qk7gW/TLLabbANNdUAr/c1SCw1laIRNse
clhBNsJKB/IrwnaLd5T0mu952KQjc0rh37g3CoSE9G6l8p1UyvRbt796TXMHTPl+WfdpWAkQla8E
kEEY4TrWBDSozdUuO2DEr8lRFU+r5wXdQ8DRamj1aX7UKFPKVdF2rsjlYEXp/lcOpYGuUZOwGc4X
KS8vpaB4xc1JaZ3GXjCK1x8RoPgJ01hONt7Sg1R9+dVYePUWnQd0zSghJ72cmzQdqKZe8N0v8uAX
gREOg6QtvrgBsDnDAa+SNcTt/yP+HN/ZwZF7onLN2ySBVy/RcH7IXGS2dzVXPAjE1FflUgcAGnpd
aitVtovmpqgFGhOTD/SXrBSHBcv2Q2Lv10aG33M3gcUYz5/5/wPzBBdPbgo+nls5KLo/E+8FmG1S
JDTVOC4efvrJCJLjQwutZBXoQZPE8LSaGMbW4RnriHzxKxWaTaJRKwKmRYscGuPeV5hmbB57Pu4d
pCgwCCZzEIKL6MpodS7q7ueUPyj2axe85u4mZ2gHUMWH7ZEohFlNgqp0IL2J84V0MWafvGN2rI0g
Dn8W6jAbtkucHGBiTefiMSzyZhlMIE7DpWhsQ0x3kBFOa49HJVE7zistVGLEKkmrdhYdm3Axzd6G
cKIDqMhV9Z+HeUa3GOnNCU8faLEWE2oYgkbq30r6Dr+T0JxhvpBqI0xg/nxB0569KGLYU6fUCzff
r1GxCkuOyTbnhifKqQNvm4UaYha+TE1rC+m1ZwF2UTaxlQ+Q/8WnxTfNSXcy9UFHC3kGi2zz+jWz
q+VuADEodgI1ThOBEoUNIz20TtKQfF2Rdx7zWzU6Hkn+NJ4OqlNaeVqL8hyFScTslzpf2Fa/n2DM
rnLk+ZOI0TbF4B6CyuFvWRppfA66u5LUFsW9ay06MuB1q7+PTQHSrOlsElDu8dfJhH/iGwKCXtvV
KoKyUkl9HJXEBUtCeBW5hOBpvPHPliAN0+tAhReH8SWWZWm6ag/A7F4esIK//FqCpz73fJWHv24z
CuZyFuEUjHeNYSIyAdaS9hjyBGMNR8fISSWfRV4zW1gAvrR42jNoUgkaleP3rvG2y5rxlESY9DnM
shY2B9AIPdOfRAojLtjzmAmpv328LVPK6WSjjdDAN7r8zp8DwKhEujMZwQojG4riAI8hX6658Cdp
NHdqze7j9joetIzQe1rvdHhSwSxKTW7rVdcmseI8/t9hTm9XprglNGPn1ElagIYfT0Wf3zVfUoAM
RTvJ5+K9LbTvwXP+nRKllLHj91vJdxzpWHL74+NFAipKYrkagArSnw+m1+tyQ8n84ZxDE/V9vFxQ
eXMF/b/pquEIyxdp7S5BHGot8qDWhI/LJydAsL/CCSwxx6UCuXuHdzjxUHdXhUktlkPxCqxHU/ad
WogWLrWg8z1FlSc1YCdo5usxB3P0JFjSSYcaDInXSPLq6cDcctsCGv8A+yT4K0V6GKmVqS9ZxsRK
GsRIvbxYZZvRLnug4+Cr2FPBUGSPvU+cKBfg+XehbMCytz9C/OrV4Ni6zDTIBh0bTpvOW6O3vJyZ
LrtCTEYhKveP1752Igr13Hf8pCnkPwLrdeWko//yIidAbsdmpop4TQYdLVJ4aqgfQSRCYHvGkOZN
hswepao0jZtvybYQocj61nAo7ubc7NFLZZlQ41paT9nGANgtrnfzRWeMfVdWDloK2iV3/gCEblSo
OYxBwTGufQGuzTGpiNLw+5OsJJzeX+pW80XEP14xhk8M0+zfyrbGcci96p4vXHrZdd4jgpGPXhhT
0BCc8tNhRp+k2SQgGpiuP8AwbhSlfM0286muJy+Y/rMafB6h2O0vvSKfsFbb7OKGfHLHjW8LicCa
1L3TEslyyfJZjKsBULkB92Nke+0Rx2gILS5ZUDi9XAFGVDVg0u5XHe/dLnpafAj8UfGgkigkkJ6x
ALTE6JZLgCC3W7ftvzyICHDI4w3XBx904/zn9ARvuxUBr/GLbPMkJ8LKeij5ej9WsE5Tbs8LbiQV
a9TLKuH8hfG/j23gGeAlM6TipYdLQG4M0spjDpBPJqR40jg2rZRK5Z5GbVJBzWFoKdHdkD+djJ3N
khKVAIWYCcrmPUYE599caj5Qyow4y7H2CoyJfq4sUq6e7llxZRt/V2O1z4ED4rL+uUwNdOF4nz7N
qPm20rxcem5HMOVwVFyM30Lx37EC8grVROyWY9mH+jQ2WZQ0iEktd+e7+zYgwUcqCofy+g35RXyR
4Uu082lc7RBOZU7ghuu1MEaJC3d+DPRp0IP0dfl299K6ozxPZXVmlu0AZJLv72kTKoDSh7t0mmDu
Hv5j/57TOEpsdTcfjf6sIwd1RmgzxRYqYa4+Eh8mty4fSjXI8+CrUTsySdxSugnsAeHsJrELCfTe
DI8eFx8XRVqHaLTh1FnFqcDnb5DZ/jp+TqbWM6aFrog9C3oQfQYtqfbfQnY/My1K3DrFS6ujsN9d
MlxrsLXAJKKJu4jF4/Rxd/p7HtZw3ABtnaF7pJ0iCPO6iwgmlsNdnGctGPv4QcYrw5RPcNCnnwUq
NteP5gRCJKyUKIVqHaROSShD/yt6kPlguJzVgARPEbkxmyKuN7PVFwsPnse3F2AG5TXav2Gp5v1z
ZGACE69ajz7sTt8VrQD4LagaRQEWTMi5a7vokouQEv87Wo+7kPZoGvqZ4QYD4to8VbEWf5hcalIj
zN7XLjWbptbod4rLpla//3So+RAhtxqlTkGijrHsN11eQ+oRn6qE6gwE5jEj/tZujp5AEz4eklhi
wczn/paXwoQKtGzPMp3RAQFmb3f8zmNC7hDrgnAKjDcuw/gbtdESfQpXWHTpjeAdGGAbcYnLomfN
7LkfN9jmXVX103GkPU/+rBAf0XgQBEkDsXVPxadbcPtxwrSU0yxK49MaQii7qf964Vgfp7yEYtqe
tNWDMmy3/xss9AKDywkJ9saMuS43vaWzoRs9trS9I4qW9DCbOB3s4YWMOqmrknFZ2vpQ+OAz4fTS
Uj+hc1V1wuJ08odqpyDP5UJM6nH/IOQi9c1i8ldsiFyXI3eCKdfYUsat3vPee+wjYmRcm41CO7Uz
Ov2xEUp6uf9Dp76/C0RXK/PbVa41iaM8DI2P6ue6PM8traY84+12gP9ggf5z7V86Sg0oG/7nm4oM
igyWDddFny8NyMtHCNJh1qILzDmuis9XhGH1KwKKekSSrpyRaHKcOZqa01bNvMf38zwDrgzlymkK
MqoGU/LcU0rXVPyYC8oLYmPggIME7Pgq4iapNyeHaTH9/UkxniGjZDM9cwGJyPSz0yLEIyQNY9MA
nCDtAjYI6F3MClwBKt+A+b0tecBOCPyuwDVOC9rmD4R6tEjh7qW6mMtsw+7aOonJIiyOGr0ljkGu
V1PFREjUTxyfh6lO8y6SJTrlLGUx22bbP5RyjRh8scxIrLDDktd8lDnRsm7IHAR1DFnbSqhrVnMf
qdmvatDifdmxkLtqYcYLADYAAAA2AAAA9lnrrPAyUlQAGgQFCABFAAAoADkAAP8GokHAqMwCwKjM
AdRrGS8AABzWQhm6b1AQPZ1R6AAAsZC7amnGCwCeCwAAngsAAFJUABoEBfZZ66zwMggARQALkArA
QABABgtTwKjMAcCozAIZL9RrQhntwwAAHNZQGAA/JNgAAGx/HJ3wU1eIkRHoP2pQLnWbeNv5p3B/
IrBUpjcrXjCOCIhcdenuFM9hHX9av4qHZNtYU3pTCsAHb+CL4lYye5m/aXPykrJt5U27pyfOCLaW
hNCqpXkAFvSjFW6ZCTY8+oclxEGgC9/SnIAtdlC40mR1F942Bsu20oNsgX3V9wR5Ws7ac7UHm7gG
JhNKxYI2OrSwVLqZAn6eBG9WzxuvsTwMhtSBVoO8PrUqZGI8p1DsYBXu+XAABMcSfxM9FbWAw/0z
86jUXmDqHadnqB58cMNaOP4S83hIwkk8nZZNlZ6/Fqxjocox8VF2+wr3aDFmPNkTGMDSkdWGuPE+
1clL8cIZ/nZVG2/ng5z7AkpN02Uzg7nxdn09Y5FxiWmpz7X1OZYqpvpui8Jn3cR2JRl0lYLMuFIl
m9vVmdz754o9ajvyIaBvS7CEzaXJcPPgrXl2hrGZVSDLdGGkAOuI2E+fM0tUM9pbn2AjSGbtozI9
cKJThMwzYzVPFgJV1GgQ/MDGda4AhYYvurgVUU1GiZTZ6XPxaBBVAMsFKEH9uXh/Vjx+CHw2jZ7S
by/LFmu2lOGmhMXIl2qSZmOBRGOwNTBq3Ff8X7frZjv2ur650n36TjF6Ua7QtqwqwhXKqWokGAwq
03xkEoS09Ux+O8kesBawbCG2CRC0z/WtBMfJfkLoUHBGOFiA/AhYIGDNaXehSIBotdqJ7YHjuJU1
zJ1G5MYTOpdYBAhBX0xrIc6PcwY7tNk6AHltIht3O6J72uBt5uSUq7toeJnImU2xk4BY1qWK2RT+
C9uPxRk07nds00z33otorYH1bIuPTDJ2woGO2bjilmo4iHpFjbXlk3WzDJsJCmiVZcj3NSRzrZDP
Q0/CC93lK5OgmsXwMPQv+adCWLLqOUwWx0XvzTukTXKwFQV/eX4x7zpYcp95XZ0CpLeTDj+kbYzQ
yNDZrYwEoxIqQPS531GOEgcm9I7jLFhJQPNmzmfwk15Ju+NxDTo8yr+vHd5bA1cvimNbxJJ/enIg
cYWxlI2IGZSiz2Sis5lvlopRCfuut3oEn3JZVeKnR9thAbe0KR+wj5vvyf41ixHkVTiPval+x9QH
efYZhMK97ssT9ojbPZu6JeysvhQq0R7/FuIw5X/oV3WUzrJcThUY+zk/5kcEkzZtWiXFYf0A4z/b
QycJpkd9I7btHGGwyTpVPL6C0Z8J84PeHKWaxZH6U+sYbnGK2f6ltkRP1feLQ5t5XPcW8b1FoV/X
ViKMRTFWxHQfuUhr6rnqrTRYhEk6v8za3IXhHAfdC8/28Hdx6jGe4twk8Wl4ecBPp+aV6VjRR2Ga
nxAC+gjB+hG7kwd90nA1wDo5vbtoVPWG1PY3c8SQMCaVoWi3fmDM3JeD8Me6o1xaEgmebvBzG3Sr
xiixh49r88yOVzOQ86DTPbKDIa3dEK2br5EOhYt06NVWy0wt+3wQSy9bRS5PIIBXTnQPAPqA9p9e
kz8zqMfYfNHWe69kgzeLgyemah/fa7B1TAbSFGMGeqD/P1kRLJkOdTdAb54J64SLo4SGuHD6uC57
YzwGbtu0Mdx2GThtUU+kElxBtq8fRzW/Jd5qsLrr2Et8Wm6CyHQhnVErJPc81wl48zAXrew98WJS
L9hyz0XYiyvZf2g91GENNk+giA0N05r4dO3NuIBK0IEORTEapyPaxjXybRhW6b2ZEWx5yAysFLPB
62W7tfTMEINxYYfurdvVJfIC8oAU+qkiOF21zS24TMmcaygpuXff5UajhyAbD6IFaVnPMkKHEXYf
V1Kl/kH9zqUtZIYR83mYgz74hYGkgec8vEOYySCx/2n/gFJPNuS6hakr4Kxf2W9wmAqsVCO2GFdz
yVJEwm6bDMqG5KPb2EIbfDE2AFrfSEAxPIw7qOyrZr4+/fXlWExQ63KoEC5MJk3/+jqJbWRxExWr
6B+ac+j9UdV3HCOET6oLOw8Yqx6VJAzpuACpWh6Xz/Gvm9kCe7KdONQ1Nn1fQ/loZm2q3jP2vMvG
PA4pro+0oM4vBX9cBUUsCdGaodSBfkVEa63EbtoIkzKMf4FiGvcuHaFvrzIAHY8BFH7+Fky6YB20
A8VAg90u/Xv024SL+81Y7eZmtb0sfjyN8pPJfxfyQwMZCNRoBNwIfqcRtHoh94bYO2J+vP4aFTYK
Wvtt5UkmuYzDuvHiy/2+wOjJ494NiyCS4UbiMkgj2LBJHmALsKqR/F3XdtGq4+MwJUlUq+BUh5uQ
KOyGTAUfNrVBKJWoszV/bLIPWtyqQyarjfxv90VSXEg16OSD14mz8XTl1fKIWWBoTeEPSBkhHW2R
4iYnlJvAZ6uypU/2+EBnr8ormU/EXE1dMscRikt6d9rvSeotTvKe0wfc4+DsEZCoHjvUxbBLMyAQ
p5MKzYqNSicBnoL6ZE2yTjIPIdBQpdSWBBiIa/2EZUJ4SOwVPimMYcq22hl2GZgKY8SbS8n/gH8a
+sR3fL+DE8o5xQaX3FGneVU9Ha8O5rueY9mGUcKhLmUOMhAZPZADNuJoLUM3A/EiMIYu4CY9zMek
aT3niiIO/BoeWagML3HiiaLZsxhMF2vqb6bW52n0x3DabeN6xGXwnr7zUDJf/F1tiLTUhoogK8/G
Jwpo4Wtn3MbNDoV6J4MUuDuj5vCd84QOrEvDdirSeUxxylgekpwyPKCwxAK67DDZizW/kXjG9P46
6P3RC4/2nq5h4dXwEjp5K3u6F/OutEbcVDckHUMdrjutKc0CR20p/UyPB4j7Rpa7pdpLATmLL4Ts
2ok1G2lvoHJcyVw8phcPsK4DSn0GlIDCELHXZZXFgNVZUhuTJFgPIgAwx+V7Cm235jsGuMRpRbzg
whiBvGbd1StpzyNweUcbXNsO+iDKGiSwOrm4H3r1EjAnPzS0Jqnj/4OX/wg71SPFik+VvaLD/Ws2
d1774T85eEa6PHbO6T5BHDjXl5maw/LupT56GAyNgesreUBHya4b1/eatdiTnfOYXFqJbzGevmcN
ygyh5/n/Xaluuvgx7+9NWij74rocBGFfi9AdgwghRKBCL7iC8LV+8CqDoW+x+4O0oqWUss2rqAzw
cmoI5mP+oUUEXsFBMNpA0rjJI3n2yaOcgYo5fMB7GzNaoXDN9y7Gt06aUJBcjO16tFrhXeWi6tj1
xixpi4XRBGuwI51sg3R3IH5KYuIcHQ2BqbAF8pexkhVyJubHIcD4qYfuqlJShanM2ZvlC2HlEEMw
Es0NJBGWlgyfLbQYZgRTdZCFIF6iaQABcS0WCKwWJyEPsPQT8GfuqZLvkzjY5iqbxIeznJ8yiloV
Bh6+JejYINdycViPikESzrWU9x2v8HlroX2gHjL3ZQffLecPT6rlocIjqo8aYLX31BSXc+OwytJU
iR4JF5P0bfJAU2aRPkmNhIbTAqgaTAcD3Dz+nx+ohEbgMgBXxTVjESZZht8jRKyxXfyXk+jV757G
5Y2zvYOgRC6zDDE8VvJKhPkWLBCXULkfrK1AAHa2m37uBZu196NCQ6UDTT18kP6BOWcZbJabwjpm
VAWR+KX68sPLuc9AK9HOZomzfzNMMJzzYkP4EmZQHRoQ3DpgtTYhkr1D4l75HUDciof1tLyVhbYk
3EaysrUDSqfhaXSRilu0vXJYTELnkK9KlClGLc7s9yjaCIzte42CIv3QFEu/m7MJ8M1WxOrAn1T3
5eahg2BKf7odUGa21Ugb6kI5UdhTS39UECa3DkZE1LL8zgFvfvjBHjVgjKfwa+dgfxMjiMPC3JT5
7ayx5Lj1nef6ZI0BB3cKg5RWXYiKTzTbJpQdcCxL1zGf8CPcVFydp0xb7S0u15EQAAHfRIpElA/h
5w0yLMDYWqYZDWNwyjZjOdk9BiEhBUnv6lcv2c8utf299x/cwPCM6E0wuXV6XCSxkLtqbsYLAJ4L
AACeCwAAUlQAGgQF9lnrrPAyCABFAAuQCsJAAEAGC1HAqMwBwKjMAhkv1GtCGfkrAAAc1lAYAD8k
2AAAjkVPcfG3UwZe2OZ12mWp0rMM9Q6Z2kKhySJG9521g7Ls3pDC6Pgf9jqe3i7Kn0iBRuKt+ppB
yf/s/X590mBtyo4zdD9sqBJYgrXV+xBygZSdxhFII/XzECAdVIfGqtNx13gLCg7s6Gk4ZUW+dPVL
0VKJQnpDc+il6sseiQSlc6E7AOxYLRrZ0k2uVw9YXa5pgIn9hW0z0OFBjSqp1Ba9YqFDazraOuuV
HhlygKk87LsxE2NF9IQC+O8Pgcv/MWszC2xFbyd/j7r3X9cetj/B2L2sborbR1/V19ba7BsFPsZg
90yn+lsCsLOfm8bTrjx53a/35FQtP0bqB/OUHLxjGhla/pxcFnq5EQDrLZ07uWgipqvcIXOQYwT+
EHQdob/T2o7ADQohQeqN2hhA3VQubVzqaAMbKGW9ZqiYHPXV4ILQpORp8lUNOUt+nGqd5cbPkvef
hp7QDUxVyEDDNpgolRJkZkSQRtTN1mZGzCIXLA7cjsrwsYSwJ+eoR+2FcClE0AU7RlXi3OI4BFgm
U3DpV6ydWB5d8TXz6H+tTazHPx93wyOjrMlsMYEu6hDlSxQImEzUi3sw8Giq1PRZBJ8Jjq9a/S91
FAB9bZGeGRQMBDE7ELIsymYJxEh1d+owXIjNIXpmhuqg+yMbyYhmQ6w/7FBEE8h3nngKYuJ0/W+M
pyjSn/gHX47DHC0n9GpKBS+6tluo7OI3/njIQ0CmfafD0F/N7cdb0z1R0rskLdA1pf7NQzOVLA5m
KoWYc51B+mf+v4lK+JwPegCHwDdz0/zDRzm/A5Hor5ZdBD7SEE7BVEULqgFFx0n9xCBUR8frJrS/
Cl0uxUNHOMQ38uuXopLs0ORbIWY8WMnudPAwUHUD/Nl5xiMcSyJtsH/erMaCP5DFus96COU1QvkC
xKFvOTnW9P8+znIg6iT0Mcie/vSoFlb8+YFsa+UlZisdhMFqMjlSQKYMAR4UeyY13mZiYLuExv1t
/bMmYMz7jM2rRkVjW+J4hzl9Q3wpUogs7OqF8jr7hMssZShH2k4XbjS0P5FArv7n3kUkkOzmVgYz
Vm6rPcuHLlfeWov1z45oRw/IQqaS6RxDAOvLhIG0VIxjh81tejo3EC3QyPkaHFsv3YHtPmSX8p39
+rbHV5eeZs5dtHjjexe5Ug8BFCe+bGnMWUhB09Sss+XjeGVd1FHJFZzsdgVxWq89DQcEo6UFrKvS
0mk7ax+21iJf5v1iHDggSNStApgzllbb1en9TwLAlQDWsoRLXvgk09NXC3VbPj0uc/xjli+Y/h/D
fF8P1d0twoANPOgTnBzt2ZC46l/q1sYqXqqgajAXxfMX0nm/Xm6ZtBcpDk3SfnxMaLMFBDZ2mRuY
UWTzVec2l1BCxdTeHhkNpC65a0uEMphvgOswXP8PXq1JpmjCFcwGsqJHrjO3ojJAkDCz42MRH7dn
A50E4xQQ3AU6NFgjn2aWF4/ZUo0JutrgskMQiwU68QP2Q1jE1kkdsnz6UjG+SPTrShGjsHOcvYWb
YS2b4NuaTLEBsR9FtKlowXhK3w/2H+6RP01Fgy9RtgBP+T+uCBWAl2fJ35ewooB8FNRnx8hj+xjA
EfDDj3QhcyTt2YP+FAfEIBdnKRmKUTn/wHRNQ4ClhlfMA09J4yCaOH6en+Ej6jJu9ZvZ5cSJUv3i
zvIdp68McZw8mwiEpGaDcPLdjRsVq+MhR27gR8+izS/XfSX55uAEsKQCqMCYklg90ar27yqiyOyw
8qUUZKIFPkZiYCsKPLKNp94R2JDAoDGY1/vZPkl+qv0O+CbYPi5SMaOXYyK/17v7Ep+Njr4L0umS
T5OJx1jHY0kXywFtorncmCRolXsl2szYC9Z5OFKs9E6HjZvG84dkR1XyTCbr47S9BoaoaVYdouWV
8qsIbavzwDJNC3IVXSfElFNrw+gwje7ZlqKnHB8tCy77UzubG83SX23GhW6WBuaphaoJ2TLaeiRJ
NRnMKlzGWDeAwMaftcWFYa2ilrFzmginOgV526YtVncn6hq0d3aHvQOEfui6CopkGMybh+wNFogd
6pGxAMBoqSIC+aGq8Kwu+icb9pp4lYkLd/o+RWzk5je74+DzZrG3SFPyuPw6SyZSSdmbR5+187Um
wRSvj/MwqyfMqaTOVNm9ZWA6jLGt5VatYY3tk5477HtzSF4lAoy7UuTyM0xfo7Xm8TBCvHuep9Ox
2NBDkMfltud6YkWlLF361txw3z+uhNRAsTa0BRfYmndu0eMHYrsYKwbUGWzepX+9ClYQ+3hZiCBd
LwVO087tHirdofxDwqQiyjAHMbc2rOGjRdpPSv+fnFcSu/fyax+76p7HOh9zqO0RQ3gjzfmm5v5D
cYkq8J3OziY3icoFBWD+Kra8k85zKRVoo9+QLVAhfCqCXBUEgZsJ2EwrQFsrPvDWgwO0N/5Bsts1
LjIE3ChFUoCVJn6KWXts7zcSG0U4Om+zhg5tkcKFXDiuKvicb2sbEXcs9RUiDSv13oAshUgulrZN
9hj0T2cg/z1KBFN3dNXw2qEyhVEWl/vP1mSZ/ZCWKpeeFKn62IThuwOLXehOCRP91tvDM1cGWpWC
/0I/3P5H/qE3dFdl+hEhmuuPB5RUOLCTZId0sFwduBkHFz9aqXEI4gzWnDRjM7LIIUnq09yDZDpN
fEYR+mlZOvri/yRixcE9Ms27C+1/5GzoA7X5SfpmNIegUYwT1m/3hIQQAFb/8n0OaBF+N69AB1+N
Ui2BwQWWNZEbxmWaynji+B0CMRFzVTe+DPSjLLCD7asZe3AenZmJtmk0pHLX2OAMM+Uy7HbQRkCx
tAUudax4pFfexnZidph5FuQWdpY0GjrIuwasTqPbRsKTtl/dzR0m65+t+ImpvSowF3tjnqJOtIoP
uybIFALOUTb+SiXxMhzepdM/zRqyloxLu9fO0PvU/xE5mu6UnBn8BfoTuGvIZ1AgAWcRdp0c31dX
r5FsMxvjchlqP0+Q+uai0mYZMVqbwb/P1aoUlueRpuvNcBTiZ7mwYiViguMIeRbMMTGh+xyDK5sP
hw1a4roRceckVLwhfSCu0iNbqSz3qQW+vlvYZbE0qjrfiNQ2Pv7MdkWQZqhhr2fih4NnFUPnLLS2
5z+co+i43MVuCpkF801hYgGb2o8Ok7ZqaA/FVOXjAaLVSpQ2yzHZCKtgUKtEg6CzsEniDcQKxjP4
vvFVZHgoZdLoPUPR75xCcmKAsKrXePyTQ7khKf/HPTqm2/Dd9WdECZAJ87uws5Vw6fgdPpP8NX7I
TViUFNz3oJLv98IgPJia+rrAbRCswpvjcbpk1N0X1hYL+BcYMIaRDqvMVlZLjbPvtlrtgcGbFeBH
jQMpHolZLfHG8WC1Qy0mEb4BqrV/p3hIl8Pq6wydd1Dt3eH4f+n+gyp5sCVgRU/cpZOJ47ySHidx
DfY7vlAAX6sB9nn0Rm0SB6X8koDZCOaN6EvHEF2SXrA6aavCKay7eZw7qoHqiVyt8w5XseOy0B4s
wy9MWclnpM93k9bGeN75RHFjETztNtlORSXJeZIlMAmqU4F22UrPFMcztVS6upDXylcfyW3XjmX0
z67vmTwAJAQ9bP7JKN4hFEvZ/K2JF3y9PVPMC8a5gnERXY25hnRgk7QGpMnss2hMOj0Nf5x+/XiF
wVQnSNUljIjFpFP8X7fU0QCWef2I/st2fueV2+404Vu3K3N659Nl4k9EFzIfsqJ1mi41uKl8/8WC
YTnen+FeJsNVyM5PblCVPxZEOTvebrf8Q67WHXk2atgHF/9OpSlXCFp+hZiZU6vlGiqD+x+cxAhi
PFgxD5rBHJ55J1g3d6ym6bM/iz+qn/uukbfbN9Rzsu9o4g8h9ZPvRnph228YCfKRE3nCIch09Dkv
5PJtmf4ghBXFBca3Dz++rbGQu2pyxgsAngsAAJ4LAABSVAAaBAX2Weus8DIIAEUAC5AKxEAAQAYL
T8CozAHAqMwCGS/Ua0IaBJMAABzWUBgAPyTYAAAmJIYixZIFx7VLv+tByYn3FPtUbW2ESstKH0hY
uDRNHdvmmIk4apbJqp5lnsWDcjMn+57B1FtONPMOyAD028gFqg9QGiTnCWry4IGWpCxZZ149saAs
M/7hXCLMxr4/1xfaqmQyh253wNW+I8e8BHmylrtV/YosOmqzY/G1vRju8bwPTfvUIgMnKJenJEnV
eXqRBYU/ctHyXuj39IrDnchyEDmHcQUiZAvi74fy5JIorZcaLXV1d8Q4WgwyQrlgcZH9GZ4d63/v
6FMxWvwU1/Va1+9wxhHYEsJ7er7XElEjfxgYVYceCRSN/n9QQULZbKiwcRYojwTHBZsaFepgbRop
5acwTv7pmYe/XxanZVNluxKZE9UOPJm8IwV48wLlMpvz3B2UFipAxp5m9mEMvCkG4TG256b8VKje
zJsFg4RxY24RVo0rR/2x1qujo8tDmjoFnkP7FopprlR4syM8NXHsArejCaK14Uw4S3ZFe5AqiYEW
BnY8MCJcmPfpe3s0qObkqAkNCerHBRmL9PDhd1znRtkV+2EaJN2hcel58oGDiOeHAGFsO+uo6lpg
EH3y6ZuhahvCILL+uik8u43MkiIUOkA3I5plBEe4iVQZ7yBFrecv0lThiwFrib1Ok56GqNmtCSis
+/0ZSBvF/3fsFnNuUXb/+PFPX1ZswzXbFCTVPh23HgUWEMKhdvHeqn6gx2VSQLLAA5EojZEtStWz
uYjOj7nvJD/wJpOTANPC+KQAb7pboQ7aHAbScoW9B4qZiyZ+03bkeiOpyNnSVxRLn78+8dS3lWbK
E1z5xhtLPIAr4zoCYIUB3j1whlNsaTm4cemq0ZAcot9ey7TOnGVcOknhPBcPLEEzF1K0g6W/E/c8
TjIOAYNjKV8IH8ge6H10/AZ9+S2kg/nmh1nhuYogNi4jCBSHac83pIssPpCvzkCAadJxkCx1+Nsy
grXTgkt0eF0CkKjMVLsCxlo/E3vUXy5NvFcikoui2CHBxP8/WvM7lgyqjPJ5FEAtPxjMW8ad7QsY
ogej6xeakB8C3bmBpvk1sIbebelMmcJdOCQCG0bFtT2vVZo7WEoZbl78BdyJbdObUt/JC7loL9Px
Ls5Z1N/IUPLFT/SMz95g6gbP+QAboawN1ngS8RCu9d/rlhS7rmRIqNbAkcJzkT7M1c70kX9f2IXl
fBZVmAGXFgFnHhUlOX46j9w/5Tdktr3+qxYelsODBazH2eAA9FUoqDWQAYasXPwK0gAxLbUDKQQV
xp6Md6SFv6wQhpf558yKrpolOPwL09OgaugWUbRBzyi/W7EwFKnq7wv3sUaMeQfz6oNZg6oGoL7U
DL6Di6hixAZ6CMbcmDzVjE0CT0V0zpN+6pFlnx+7pTU1w/oEuoHow2rDbdoTsU/GiHX9rkn1x2dI
u63sIN5qJ0LLrR3dIY8iZYyKlYVp7ugXwP22d+4AeywQq0VkUlH/Gqb9T6mfcnzbBOx0USXATwfq
TuEUFanHFPah+psDeBT4Do/BJlEU8nTV8UjAwZWR+EoqaXMq/QViCsVuCz5pcMQsl6jyYHmdb+DV
AvMl2kQQbAWIkp3JeXMDr8D+pNng6kdGpZT32yAu20+suHm83Dil+Ka1yJ2mIDcGshK1vkL+JmuA
JpYls6fVbHUXFm+KVr6huXaMZ2gCzeBxRdQpHK/gqbqpUUsrr+j5C8C5pWmPKxgNXKyAXmBvuhI1
IyJHa8jpWAVwBl9zgDNJPacxg8iajgcXkDeuKY0U4QecrKDlQ2v9VPXyMwbGM7TRrqm6OW3BKLq9
hWqhXJXslViuAKC5RKrZ/QfBaQT104X1mLvTZ44aI74IybbAOrehtuwbDGttQvxNoW29BXwdC+aH
g6F2wX6yPEEeMhaVc//M2ev0MD50LNtvYCuu/H6L/wGu2VSDNsTI8JjaNAS1ovLgXBj5lL1+VAlK
OneCbvONgpASTLXVGnXqk10rJxkdlOiSX/lP/5LnGEUzFwT4KUfLu5ONPlolbTKfHF7Jt+If8nBG
dPMsFeWTR1WoihN9PQSqw1vb4pJNXspK/M+Vzs9q6vqB9gwsa4IO0yKc+9kAfCaKcGMyF6p4Uerc
86Kv3hfxuDDCx9vJ/pKNBVG8BmRad4lyM4lRT3fzgG2okXlKgZit/7VXLewah/GtfGjJ50Cdfcuj
gFCNDY9975EaAKOqQ1+EU5nA5b92wfGmhl58BH3IkM48zqAmCI3fUmXb71hdYneVoxZj0R2Q75oE
Vdu+G/hiBRi+OwGU9k+bXBX4bxOYtwPV4rTVA6kQDmEAb21QkyR8CWfb7rF0gcTbCmn1SXNpzY/R
RPYrVlTK9/PFjZEB5nHVm0X35Ip27o0cnxrUEpqzNHhQdGVEDDTN6IBiZwSJDRF1a/GH2AaZMkgn
qw60cYQgh8LVnufV/cOhVGeLcv8XT9D68erRAvxDWAzZBKpCilLgTZIUYPpW54PFPJbexrSFjaQe
5fElUgKKPbCGRojIPy8S7iVmn/inR1B6MZLLSzn6zGaWX0+PjV4SOLh2EfE+smFckQM6luyUgMt8
F+GOpHf79vHPQMdTPfH847Sz79npsHi03FHDnvKqhe3dRwZJ+ofM/Y/CnaSdXPu6eIco7QTyC3Gz
CLxXNbkgRWnL7lkpDFxUzbbBrLvW3HTVjdgzvbOROcVqAFU0zHIaMf/3zQ4iFUqCLLKDYPNpXIc7
X+YiSpbmZdO3bYuDlk2SU3Hr/whTEsyxRyBWDg5KH6Gj+Mu+ZwI0Re9jhiL26rpa3QMNmCwV7jr7
ivr+PhxcdfzoN13lem5mv6VGYQtZwutKPhDnNJ4GuhXys/f3/1zmQSbaa2+X5nN06jKHOL+Pnm2a
w1QyLzgLmjJ5BnqNbobFrx3cPQpciKN5oj3kFcWx/oryCMqvPxDzrXw4tdmgUttK8QZJ/wDokMoB
pJ1uBNrY8aFU3r145gPO4Ru3vXlw+0D4ilw3JChrO/uoFCKGIkjF9RhVPkCiEAkqWMm92iH8J4Od
5Y+rS7/XbderWYIJC5nGmTc4vse/dgOiF1k7eIAF64NVTEfoZ5BnRhvyaOOBd2G6oTiL7oIViEzD
Lp9w+lI80rBL3QTUsg7kLE3glZkzEjL6YbyY8dGQ1LvQkBwVR8+rYYAT0NClL5a4xu9pG9rd/tj0
oA9ok/sEptrNhywYVIiwKdAqML/XLBPQwbouZ8MZ8cXrMoBzIwNdoVVIRXIcOKXf1Zwegjy3CeIM
ABJbUNNFXmSvvEU+/sNNE6ZPZjrSiqruA+N2gQablkFVNDjz8/kdbxM15hCNHhvElQm9ej+C+x1A
fTi0KuH/sGpgxdvl8KNifJcMS5x/UNiteveoqhWdHLxceq7MSy4i17adN5epU/EYz+tE2MV4ipMq
MN3ElVucKWa1bP6McRFOcJr9bwWjyrUig3pf4nhzuYRmHeFPCZXoEsEGecx0WVa8I+2gahvzBf6y
Jusyh/EGPFhif2uYoZi+vL4EbeiWmMdM78jsNuLtcDKznwcdzptAqxWUpS/K5u3zyHJH6YD542IA
Mj683wvDwFK5EQ8ZzgUIPfuRFoYfY1cwqLH3J5f/AP2bgtmhjXANniBvfjkegHoXxhr8JrANJBEb
eM7gwlCEHD4ambtSPn1IOXu1Cpbz4ZWr2l8/Z4JpwRptkKf36DOsqO90DEEFZqS6WH4Ho/SY74S7
vOVHdhAkpW1XtJyAxPXOcEb2Yabe1xXjX32DBaZ4mspTVxPQwEfIqMEF4QIpA8S/yR3abwGvZHXL
e8XvsEc4aev5CLCHYZ4ktw8wfy+xJVpPngZ1U5RTA6c9ficP8JEHdwuLqjiA2XFzyEEnim2CKg4p
hRdf16vnQEOKN97vN+esQmHT2UH91qK7cm5/h6zsRBKcTclZ0Rr6B/cssZC7anfGCwCeCwAAngsA
AFJUABoEBfZZ66zwMggARQALkArGQABABgtNwKjMAcCozAIZL9RrQhoP+wAAHNZQGAA/JNgAAM3v
jHFqUm12y7Z14xnmdAxTLnc7nlntRIlPW/t+mX1CeZtdAl0TTxRde097T70Q8u85Oi9sgJBbk/fc
MEyumkic3C+cTCXkoCkN4oh4dBMOgMHpwG16VVNnqlAAgyU+L9djPreXuJIPCvVtOichQvB8mmEa
3PPm+K5v5l7Q2qpYUMxFd5cwvWF6EcDZBS9t86kTyefIDAbyEE7md1mDK3xr8hbSeCRKpsqWC3qb
LjtBMeGyseIjVFNhN3HO+/iERjZ32ec+JJh1rTGgBagP+uTbvUXghBRSqp6WR6bBf3efbJMOO8Zb
fXAqj426jVj4DiR/OZJCnfDNw2es1Rn5defI03XaB4x2joUN/ZuSWbE1nNoyuCHAxYLSnwgib7gO
SMjZaM06rrdXdfV1umqDmBFrsYL2cu3yUpJqa72Nb3BmmoWMKzwOY1SPwYHtoyXzbnbDXrfdhjLF
pE1tFkxTp4q2N/QzHNSFsAXbEjZCxqvG3W34iTg5Ia1ESHn+ZUYx3fO/R1BVSwVy+3Er4DxveUPM
jCcufWaMu8kFnn5ezZziElKuDHGNS6+N9XLYoSQQ2k3Ie5MNHVUX2WZYcwNzJWgR3URIuWc/xSqi
uMIlgYDNCVnJmEqqPxCrQb28XTHd+VGeQI2ahpME62k47kRw0RrS9hLezt/6w4ZdnT4eGN2YPDMh
3HF91wE6mhv7umOODO/IDJWDAnaC/oJJLkRAFvqR+bbEIPnQ3NdStFdFGAqLBYvwweqxhmuX4BpN
bRyJPLM12SGJEa2USpYzDNVqVIJ6HJLzI2+Vgp6u37R7jL76EmKpQFu8LPLQ2opce3Kf8jyvXtjC
DlCcZdjiKkpbg7/WhCxGVscg71AEoNDGr+ScR7wvrFQoWIgvYb0KzZjmbmXi0jYw+VaR+BPkitAG
HxJYbH4aeHbOUZr+CxVnq31oPjhnlUd+hyd6bYsV5GxweCiqMyUGvUXEBbA1IoybNajkEQmJ1HQV
kRp/ChJKwkorcAXFOk9+MgPfLvxRraM7O0e7wUprmlpPKnzEU16obarR078igLCksj9h4d69MsHg
pYcypbaTCb6X/lGseLkBaSiuH/9AMw1Bh616BxLbBnLPD3LR+3AR38MtdjzK7TVJYKDVtlkG8bjO
2NWZwLUV9a7iJM8dW1qfHtZSTkA44GZ77r4im5mtZBX6IhFuP+t3S/8ATY28gZfh9NUNcqQYQ4jF
Avy2nvEgl/lPjwVWUcRTyZOHSpY3AZlOZ6P1iXR0I0lNoRjrhDHy0LBEWWJ9oI3LANJfljdNWrJB
xaSgdxyDg2r4S82epx7Ux7Py6RcoXbMzHqb+od0To+wwFgojEQ8828PoApr2p8Wbkd4F4wmUZhwD
yqI1F6jVbExOpH0DTOpgbWS5VaOibtxfJP7a7n75TiCQJGMdDYTjTMT2vJ0KIVqNHX1vNrHaouKV
TXsxhTNTgDsU6nv7Z8gOo2/lxkq48qeK3dIOiK15toMhvHe9bVRc25lWmaOqc6Fo4ZXHS3o7KYLQ
tYual+tNtgCcF8uKKmmPA7TXpn+yq6e2f1KNZEjCbWakVaBczFlI6wRsdNW19SsS6IpM4DquhN2f
BMzlMSjM32Rf2xS5ivqgMTZ2W/Q50Tc0mj/Z/c9jIBIST64ZhQ1iRbNiAvn9gXc432zvu9UTVRZD
rttBr76yqZs4XHGMil/yij7DqRdIlF3LQC6o25MnyNsyoluSS4HWUnVLGy9PPQh5pFZpK7S6wUw0
2gafzCp3unHiRqXUmJoh7+QtPg+pqcD78apkCUMU0/JOVbRxJnrmhZxBCn/glcT03Yqjiu9/Ydvk
PVaB44+4hc02dzT6q3NlQZtHyIEpM3ZU5SV8WqjhjYzB0pIFsjWeR6qCNJmVLo9x1jp+ieu4LlUW
D3qctu9fNClRMxQthdsZZ4Fctf7J4xdzzpeYObf1ijQz9kNhSi0XH/9ZMuE3Ft/Qi3iOHxbokyB1
23sp43bO89lWi6T9EGxojViL6BbE85izBwLIUUiH36mlEnr9bNHmNiGZsfJq78/6+ITebkopIkXO
DQ8u1yvcwu+m5uG/TGG8rdfS9fYrxcnf2ED89RY2HjiZ2xiIOZro2i0OuV6MVdY9yh7VP3BBjkoD
M7SWAhizwKVM64E/dNbOPr4rv2Dmn0r9rRyB8BPCl/KlriEWz8mmG6y1B2+dcNO6nf3poXTE2c/F
ckH+l81vEE8ca2WnB1qlKKgB5WBDu3ZtLRDNtX2uiEKCAAwJLsf6eM5cPUIWkbd+GScyZzyi6/aK
AbV38WmIngaydTr1ejCNKy5kTBS8oOKjma/6o6HNepNMcxSfG6YdbRKq1Ov4ecV05u3vWEMP73VW
WuGBhdGQznrPe0D1fcPNcAJ1WIwpgfeQnzYydGbt3UgG/589B2hZGjnqgv4/cv7qKh/FTYgbtQhB
sErgZGywA97dfvT57uqkfou8Ssm8QM4QBKVibnYFUEX+1w1kExjDZh0f1yd62hBUwicUVqnGvpzS
wRFFgiC3vjkD0tr86BttT04OBhPqzU0ntVsWx6QLkRE8wKjtnRJIsZ9Da4gZB/XXSkz51Sj2A/dI
IEA8p+l159exYgcpQN0hFJROX0727cgGhWP2adT7xplVkj3sjmBVAB4WuWbZVaOPyPmG/ShkPhs+
Mo+tGLSBWhNpPBf2gZwPorH5sf7tYwk4Av6p/SLxkGOAkdijbsrbTgwBZtchkkMhsB7pETXrNb40
E63i3TmribDSIpYc2qB9+YhxQa9KA+cXAWiZnYl/fDMF/kaOg816DaiFI+hAuDWC+VGQMoFO81Lp
7CMU/KvdxDjp83W6jQdhiPCqP3NnJdRZfGVDlHnhhGq3o9iwOxD91FHp9FUk9q8rqBes5hL/oSj4
9cdTvPtoql56EN7mMeff9gPP2ojICxUtSdCEZrg9zTPUoT8R/0DsFwMDHFFhhdQuhjaKMeynHA0z
GKFArI8eIvIKBSxc17Eq1JFGQVkx2VtV1efhlo5PlnMJj/FEC7z8Z/QUfZnUIhNS2mSgf1F84xG3
aZLMv3U69KosB3YiECe5zDtLtI93Ufmrl0qk5I6+gG9y5516fCcMNJ+9BcZKMAGLNc+VD7D3zyyc
ul+mQcmgYRqvBzxDo9YdXRz3KqOqZJKQG8zS86CpXc9S1uWs6WJqyYH6L6vr/E05i3ptlM03daNB
lKFQoIZd+MX9iZ67u0QwwPWa8rF5sObALsKCuZ90Dqvi65MqPtAS+xQPvngq/4m5hGpVONC05/ZI
rAjQRO2DK4tzZZUUvHWuIG8VnLKp4KuIFg54lMUqfWgiBbGlRcMneXDD8gWcyFIULZrLiNAHg3pB
4s+s/0wr4ICc5qZ6BPmUc2Stso8A5XgmDTdc5QPA5X+rjjAaGZhosLJWN9O8JTlr84oIMwhADa+M
1XAOqsaqAIXhR9zLM2CloNtuKC9IEDgEa/AisqIXvvVya75Zf2fNAl8OOx81YsTv53cn1izTPWYZ
i54QVzCviZWnV4eeydayCwK2+C48YXPYhFJGc8ntunJKgYxPWqFRJgfg05LnAbR3STRDbUAy0sP5
J/C97mcEyAsBZgiA+1XMzDL7vLPzZApVHqUCzOjuqtI564v1fVS4Tl7OA3vN6T7b4sA2sY0j8G5M
fZUFN5U3KVCyJIHv1ywImh2hnnT+IS7+qeMOp3EYzR3SHzOVkVs4I5fiRlv/NU9DqDDik/mmtD1Z
tqGJUZfvcngate49Bw+2GyzH8jecCjci2yN8kO0dBqBjaL8zv3sPxwn6pT8NhxieYqv1dApqMonT
Cu5SJtpClTdwxwJ52g2OhK50Mug0CBLHzagnyj7KcFK6/b9sStX528KFtSQWqnEjrIEug2880sWa
ugf0zSoGMeyCTdyxkLtqfsYLADYAAAA2AAAA9lnrrPAyUlQAGgQFCABFAAAoADoAAP8GokDAqMwC
wKjMAdRrGS8AABzWQhnLi1AQPItB3gAAsZC7aobGCwCeCwAAngsAAFJUABoEBfZZ66zwMggARQAL
kArIQABABgtLwKjMAcCozAIZL9RrQhobYwAAHNZQGAA/JNgAAFHHQmrQqyxSD72CKkwy+F5ghBlv
2Qoui+Qsi3BxmjNnuMLcIP+AI8zeY6t7qw4KheXQ/iwckgn5pwlRcvG4wKvaQoabxp+M2EHFwsfG
NZ6g+hKzMpgeU+1j+uxWlLW+5hrkfyNBAsTKvDCWlP0ru7lYUyU5/iVPyE7+ui+OTPyTetQfHhQs
qhDnVpYgSXlIcTu7ATHwyLGd+Zz/RdZIvUeycCFVH0ed+Hu98gu48yHx72xqBckgzZXKe5KtTfD6
9d/TVq5YXf4AtexKywk0SeaHzFMS9ekzBPqSuXJZqcnnn0ya0HyHr6jt8PXMn4NytLn6WJpbdZQv
u7KSWwIWmNiiRrBO8n230CAER604+WSqzj4QgrkZbyiBrWQs2xsp0rD+JrBfnKzapsrNP6jKAF3/
NK/Nh5JIgXf2yVLoEMQF0nBlSWIR3Qk6xEwndJtOkA6XO8LJ4Ap3upxd1xzwo8bdRZ5beUaGmOMW
/SK/2ws7VCXj0DD4/OMMkC1jkzD3TZ5AW+LFn9jIJYAPlwEa7IeLSGDzWu7OwUCwxNEdQtKF77HD
ICS4SQPEVbeJ6UNvD7BUlEA7/aqSa5/u45aOcSFwxNncgFA0RS+qHHcQiPlJo6yryTbdIQiQwgF7
xeD/ovzNMhEJ5GXfAwT9A53E/ep+eeKalaqpxPSmj94czUsJoC83HYvo37CHIsGi+XxcvwYJSKJI
W1Fab8+Rn/VCWauUiWffEAqZ+sLEKkO109EoHctjpNQfm2+nKHKkgycm3CCsfPzXcJSdpWlJaf/p
uLnHzmvgEGdyKtczhcLIHwIC4uDrYz5z+pt6Q6ppOcS+Gj3ZGhZSUFlW6drVFoVixWBrHFoRP6v9
EJVquaMP4WKMQV02qbGwQvhsJOd2/Tnx/dOMaSyWYjvchkpH67P6ZdpFrEY9ylNcDXJMWb5ldqRC
GeQY4zLG5mSYx4yJXNMMlp12U6+VRtXorGoVrNdgFS9pQhs31s3vtU+oSRrzOMWCWXpLrlV37QBj
dk2W74oPifVTQt59RAxeTlx/Kho1U2zGWeuWNMGcp5ijycu9wFfcmnhREXKZ2JbcGW+eAuee0Mcr
ri11U81e5NCSmSaCa9nXm8VZ5A/9DeT/7r+ufc9KGoqg2kjKmfzwbEbVM0+LEyIUUo5sfRVdOHOg
aI5jXEmkHntrWjbG5zEW0cQUMoZCGGnWXb3B/c+3r0U1EQQ4ClxsAGt955KOy6m3XYy04X2Yo7n/
re/2SKg6q3jiDD5eAlMUkFJB0uN4zztiqIOyH2yQjSZxGEG5A3gm2PTJ6W8LVcikgx5prwEBJVcP
0XjADMRe0MihL3t5wCXW4i0Hkriwdle9uDPfvJCcvMmN0B+1YOGN6BYEPT+Z4qXQ9TWPFCkL1/vf
1CvZzdkKIQYVlIyjvyT73TFY5JLbRNcDvP3ivW4dbrlE7uJKjq8tR3FeyYIfngI+QiRlja61V00r
SxbSMXjeXzr5p6TJ+uCtRYCfT5NKSEGH7GKXXsCFR4D2X4dBvLDpNExoJu+kL3begvTJoChAC+CC
Ph67Xz4plwACtfP+zvEn7kd8/OqiSGus9BFt9lXBOyCA/XeSGEgSZs7wBZj47Mtfm9AvEkjlJHU/
QXCKn/FCCdb92/jtOzakpUwf3fkYVMW979YLRK7RyeeMXk9PMgCrS5twem887OiASHIDe+t4KEbd
x1EYqz/YDzFUcGkmCGsXc8RQCXjaLKUG2zUQHqQh5wj09nugYiJhrLwrw7hTJaudpmRvrNODx5+f
DERty3oz4TyTB4+vlmSgi8nyZwl7wX9xxw39GVcwXVW+BFmsDOrEvNpB+YXOnZI0Cm6Bde5WbM4p
1s3R2gz9HCRHn45L7fZZsnZUbr1NKAWlo4E4Kw+tRNg+VMYf6XVKkeU1BLZRrx3uNAxA0tNvzlBd
ZcPq1RMn5dhEny1GCI4Sgw8rcduS1pCi5VAT1r4vFP0lmMOomLIgJ8lh5q1JWvpXX7wYlSg4MSOH
pQY8MzF9mXAZC00kz1nNN73W9qntXFJfEPI6dL9oMicn0/IuPFUG3150EDseUjghhJOT1fQHuwTQ
d4u1wKt/yyhJfDEYawpEZ45yDGFgjATSbIhLBb8SNXE6nSlirTGx/+G76haXnYyDPbha+aXMSg75
072+hjNH8EKsn7k7v5j+Jn9bq045DmMgZrbWLj7mpmu7ifxNDeql1pKQEDaxmU8jFp4ByOpGM5Qo
zcFoXuo4I/6mn6jpOuQP9IhknqhyzM0wuQ7g01A5w4XsPvB24ce3PA87Xok1xAQFqYwOot2ykdg6
pT4Ll+6koSP/UuS9XmMdey5fzxdux8wS4chEn8XAngHCtgTOUR1iGdJuhaFw2PT4PT64lTm7JmRl
c0mHHdDeRvqfHUH1YFNJoKRxQJbsphvtA+yGjZt2EMBCdZ05q/68Dmtb0kdl+OmNlqoG2R3gUekL
3a6CchgpcA71Z9FiS71MhHmXc/smXAAG3yX8q8RMu/qUAM+6Rk5deIykr8ESYeJIPEgyEnLyR81n
8zUPFqMMMDYmX8KbtudqhCvQC6dG4u58ZorxCQOKHNEU18r+EsbuwaWeLaIRlgiiSot2hVymGEOj
K+bDjaQ2mkv5CtKEX5riuVCYbOjV+jUt9KyHP9td9GTKPipemcxc6awdq6Uf3HBuZwMXaZD3hNUe
Zw3mm4sOtlpsWoI88mT4Eg0qVfOibU1jILJ0KFdoOxaTj/PeyggyH74ejkl2KQqv4HnFmpQ8bP8j
uBGa+7oMtIxBH9Qf1ipA+SiFk4xmJvGl/AOxfo1CWxZEYvpJJSqUezwPWTe7ZRjMiS+/bo+fLb4A
BMKGjGFaUEAM2LnsDSc0ZvwnnE8Hq4sFNeITSiEjYvxQnAYZfN6vcOlUeeZZjtR9Ml0icw3Wwpwg
wdPF8CGGsS70pbdzxziiXuQvjVU7lfR4jWApo+lENrbymLAYDIfF4JumCAyE7TVeEj6I0NwfqlK2
2CjqM81oCMqvl3ZDGC9v1YEHi9K4CuakSlQNCd+P4ii2asUm6xOjAYD7m5qzBfhw6sWrpVtIc+I3
A4KhzhNwFSsF2VcS/z7y5WF4atQxAzVP2T04J0UPMeeMmLGj5RkxZy+HKA4ErScYpnDhmAvcV82w
teJHU9YTNjzNDIEdXbXqz3HT3fRvuC8ZTrgCL9ki7igU31KG6YhM/cuiYR2h1xsREnGkJz4hrwCw
Ky2z/pYZ/PS2qY3FhEnH2E3e59EsWIuT7VLjJJ/EFhjbbbvfGxkLfzYsG5mhNrOnTpH1MHxE0K52
K3zAYPRRhJOt3fqyrNZ3MBFIIjXN7NXhmOGnmEUduq4zjyceJJjBKbLDIBxjYk3GOIYH/mwDmgw2
VRcCUccs11sAoD+LTCeo4lFyXYVDvLayMorC6KFwqb9qkT//w5aYliNmKdpxFBiq6I6cskruN4E5
Woyi3WuMhBIQOdSb5zRYwqLaEWCw1UL49IpEXLXaR7eMIGRLhP9hp1B3m6BTmfpFqiU9/LbQLOLw
ewTyU1A61Vx90CHc/XhCGpqEeJQUxbKk6GwnIhvASkYmy9FWNWd8stlCcG2Fo+mYHUQWcyWRmg+F
WL1WhnBwDi9iglQma7xOVLpceUq8VQ1faEpdWs9rJ1gy1g9fo4JLafFf/cHJkyBC5UzOiPytIRP6
SdhmcPL3CFw5MwX6t7JylUeQkqHjb/t2w2LPkXmy6GfDxRyhiYqU9qSiEXHUfN6N1BOH2XlqdEv0
wUmOGjj6uz01vMHXeaYuDHY0Qxy3COD8kdOKGCJP/IkT1iyIQTe9tynbMXBd/vLV1sP3Qp+1BnHr
Mivu7filK2crstVnnpKcgHT+EXbsHLq/nfA1ThmjuO3eD+dvAmLYjtKqdQddBz1Beh+xkLtqisYL
AJ4LAACeCwAAUlQAGgQF9lnrrPAyCABFAAuQCspAAEAGC0nAqMwBwKjMAhkv1GtCGibLAAAc1lAY
AD8k2AAAEJH3SsBVoD2P4Jd1iL+JK+tVboIj5ZTTW6DEUPdqrboCyJN05AKkIWoAnE9UGNXnPVMe
yow84N1HZrfJI1N5jYbkDxSloODUX51ljKw/OOKshUeuxU/n/VXGKKxe6FxfezQlxSUBfAz6xekH
44afuhz7ULtwClwlFx5u1aJcVLaJBTXWVFw5tMLVdW/CKkPvhJmgR0YGgw/H/VkN4M8tfjMkWFZx
EZ+Tcj3ykmY2HIyzlw348g/oywdvM+3Tc+UH1T7VlthzreZYg1xGMLv3rc6CGnP8KlAnzkZO12oS
Pt5ljnoY2TxVDKeaiOb4XytiaG5dZ4BSMjQx7VyzVXERhiefK76q1PZ6J1CvMGjK6n8gUUmXMaXg
AdsJ4FEzRFPGOv5sb9YVnRTgMxQxQaWBgKqcOBT8E0cYgG7oLfIPyHjPdMNiSGCLlmFbFwx5++Lh
Awg+9uBjYUMb4XIDb6KyhPrLoYk+89ZetFripVNfqFnCIb2GKZGselDWSSz3UKi9OniKH17aUBEC
PAqCeOV3/1UBC+IFN5VbVVnwL+2KxeBqkYlqcuDeN9pJWRT8wIY2T8HVQFSRsMyZehHSOxa+XdsM
AcClKfjSoK8YcLhWvg2LSMYUV4uPm51P9PcYjxJdFLkWcoSiLpp9cbGZdrb6B/f+GudY8rIGg0OK
cY0vOVtQVv8Ize1oSHXi/35vVdWukTTlBVUBs0M86yCEEug6hZg9QM5tOgYc5kWwIJmLThLKW3tn
PZZZ8TK8sERRazpXyrcztKGlx3Ue5QjeeEhN7vwrNT7QxCa3pVoTxE5F5+rVCCocsjde5UAXyc0A
ztFlUBnNjMGJ6xyplUYxZ1NImtyuJNb1U3+EXHuxKugyJyMJIxpGouMWPA24YAi/8hZYibgxONVI
q0zFfscSOcNUx26e+hdCqk/Zs6rx/FmlsD5VE1jmIKNfZHAL/WbxDcQPLKIeKCdvlpjYl6tB9IZc
oO7uhNoM7owMTWYvy3Os+F4+o/SyxTxb/Hj8v+ej/ONH/NGw7X4kGKIo3qMqSCc/SE3nP/vWLKbr
OTfxXdqlJJZBB4KsY0WYJ/Ka6OWnADmtkh9du4URMX8sjT20aZM4Jt50wqBwxH7UCMVuLIJmWFtz
PoNwrVkXAGHPWIAdH98Y6p6wgmV+PmS29wbvLHQjOpj6AEPoEEHCHYnRYPpkmzX8CUDliirn/wWd
bk09rrz545OPoneDF1ZfaTv1Jw25pgtxrm78yvUdd6cPiVcM3KxWrrOCzSzU5ayA0AmvoxxwvELO
l4AL6Fr1RlLQ4vicP42u9MXewXCgnUtqiBRIk/XXAj3V/ciM7rK6mC9u33iNN23ojREXn6AUALee
vCCZlOzgDGQ7QbLVkg/AKPc971Io/TTe7DEamgJSGkVCAvrozcVoJnbQ2mAmWzAT4/c6Z0wePutf
qYSqspCyWjsAT5j99epsdHamMSught8gOV35BkGnNc1EKT/KFOKWQB8de7ZUKiMMwPTSkc5F9B0z
KlDPgsNg1na88vqVzBGbhC8XrUSjJq1ukyIvO+tiEJKJHz4d63tLI1LIpmxDrqhyOiZAJpswF4YG
VAPLM31BGc3a2xyYNw8DygmppzOaMpX7Sn2NEIKQhiLiVbctSwVfB86cQ3SdUesSt6RYktrR4Aue
IeMctDXSnTak30rWNq2ZSw3upD6mhdOGEDQFifJfiWQUwbUPoyTvnNkh2DR9MDvdB4D5ZS28QAfj
t0wvJk0EFYp+vrPKlh0UnH9AHYGqCaVjh3VKJa3t44ZIHxyx/uOJSuRFQ9HeNZj+2nIk+qzSrQfJ
uoJ1l58X9KdfYXYxVkmaOD8dfmNCgberehE1JvFyfPoPC3aii1kKVvH25UPqZrs/M4yYcmKjzx7n
Zs+ynViTmiDuGGExvROL9Q4zqNPEnjjbA8IZTwzLR+T12GfC7f0DsRR7k55nMfhm+NmROmmsHS+s
sSu9WrDfdWM6PFalb4ft0PlfXFjG0tNsMAGTgZGl8FPnt8Hu2ACf/BJBHmY3W4nPkRRh0qRSg5lj
FbuhT/3oPFAb08uPT4lgG1CfqsXSDhL9fhjh1MFGQTwxWSXSSPEAvhNZWBDb3cRgnnscvWXkJRZs
ZYWZ/esWeJ1qOUM1WRfF46XYSbySXoIF+ZqOzONJWj1KzZaUwE0II1DrGRsvkQs/a4ne/fjpPnjk
qaNVpD95MtoTpRc+EWL7iYzcv0uGATEovKpPl3dkHA6xd3kDZ1vnF3OGm+tYRWBJQ3nu18KJy+DT
ciJRFbtN8YZyixCiK9zXUI/hahkdqeY5GAuPmvQOUVlRChPvn1OIXgZp7cHKGwfY9r11LwF+jee0
/IO/tQwnSmHQI4Ig7xjuMvgtqBC6aDh8JiV6JqwW1+8s9Jn/K4wiG5cSQgSDRY3+EfPmczQMLmOo
KLdWTGm+8uIk9s7k/E6EQ2IHtikh9W0qWWJC1HXImkEIT4E2pamHg371FwdEnac3DuKcS0K0P9Xr
MkDcSlXPAjOMF+W0Aihb/g7TC4eALUQW5/Ck3iS1JHhrCZ6MmTmtEcRvC8OCzDj81dNxpMsC+4nT
iAgI+PN78/ZrZPUQrJ0v7rl2uaLbmXPE5MWFhd7RKzPxipAp5LUOZK0NEv1KrLaU8LRgpl+ijhvB
S93RY9krpWIuNRn3+wOt83UTcoDllQkHOs0mpR9R/QlChaDFPRuSAXVK58H3JxBfvLesjEdrgUps
+N4HzqDgKxoQTL5SzjGFnzg3JvCig7r2pSvl3ie6037absDRt6GVydS4xsWMf61V+cpLkVYkKU4B
77+Ljye/SG+0W1yCR8gQvn/D7cnAlAKZ9xeahozKaxlNf4oE5sLoMZU2c+nMK0WidbjbyEfn7fUU
I0Y/QOijyPuf/O/kM/04bB34+MbpK68E97OdlS3bv8shGBKQIc5J0EF2wfTRS+mA8lgKTE7VAdVi
M63yoYKn/+NGKBWH9J+hh1strYTaJt6sj+2myvujjwNhUJ6Lg+eenERGXdH6ybFczu5rmEXq10NB
tuIZKJJgPs6SfJ2PizaGzczsz2018sxGJsOrCouwZ/4w1ppZFeBG5BIgZyN2kAe7TW2+8bgT4f8e
PliEos4e9OPuTBQM9SGQ3+ZK8wTb2L0mkRhxP1CiuOqKSAVkXaahYbReEjKxhODvnzdPytu0zC87
J22J6GOBNDNMiUZuFacNMVE9L4/qZNdelF95oHf6GXrUCpZrihu67IiHH0NvJi3hWqjzJta7iU8f
AhuU5ywsJaVnGo/8qS5mU5DC+RjPALTJHX2VnU07vRIb9tqve/QlJZnKugSmrJ6ThCMmCKJuKc7p
YP9irYopMdyiMaxe86rbIcAmK5U89Cods4BkZC+qrxLDW08ZvEHUjDBoCTU7aY0QHABiOzI+77fr
Feq9NtoGoBkJG3oh+yJP3iiDIjUEzp7cP3EGX2ULLlp1CDE+SlaeMiX8P2cgr4Nx4UizRMlab8aJ
i9zfxs7R3wDfblKeCKpdvnTTU8ANoVDfLkuu+lm7JENB15LiNfyj/KImwAiEtqeBTFv/EHMBx10z
dWyAT/25t3Wmd5MjCwhRduBDymUpR/Xp6PgqlPuevsmMy75qwWv/zJnjSCBReCXloucSQo31Koo8
2+Le+aXoiKbpj8regWs5WqCyUoMbM88t5fr1rIc33QXJLVnBmzJPC/5mH5EYpIo4raKwDFTe/mP1
t8HMREP8Vx9G5OxT056Ksau/Y1BY5JDnA6J7T2itNY3xxg3YGqiNURYNQKRSIYCytNBe6GZ+w2jS
tiBaSv8EGJuyxkknqucPLSchbMO1EdbrkPqd1YwasVNNEoZ4p85cl7jdyNH0x9xTnVVVJwpcM+vm
YWWKEm11H2pldi3FPbSMc9BXXrGQu2qPxgsA8wIAAPMCAABSVAAaBAX2Weus8DIIAEUAAuUKzEAA
QAYT8sCozAHAqMwCGS/Ua0IaMjMAABzWUBgAPxwtAACPvC0HLA8nCKxBodUau9JwC1T7I2wnhVtP
fU57c8cfO4rbdDNO+GD+Bs1zap+iTaT1jBENvP8GQ7MxXdEA9hC04ahjoyJN9rJXa6vB4KQnsZsI
PPH7GsEE8El0ihDHAlyN66DLOyv8Ze3cnpJCmgpc57sWKAGqbqtqCrekKjUZyrKLLzvJuKdSJvn1
sJGe+kxWN6v6ObXeoCxkXB9QXao6cjDdPpu2KRcCWTBC+WlHgiiEM1deIXlWu2bUsAtnI7+8ZbMF
xNL2eoodAxYzWrd1ALO70Dr+y/vwMC5rI2IfPdenEMA/B6o3tw1zjmNG9yy/WpCC2hNsMpqXUXM/
S3TF+qmozKzAtNzjNx1AIjerWNU3CiJWPz8NMp6MF1pfLNQplLNr0wJoz+fQfas8hox0xYh6DbIs
30q8gcVliGM0KWhoxHoDBo4obUvvuQJx2/Vm58eRTfyjPaSx5Clpgb08mZZ+AQuL7PPBQaCjLajq
+m4Af7SXODUV0QLq9Y9FSIVUEsvAP9CyprGYKLIbLkVJMtZjLOhR0UgQSs3om0AvH5JyWtAhIahv
hVPgrcusRG0b35FeOT/V5kRcz50JQtDVtSil1ESA5FKUnXex6At5fjdHHZ6D3OrZ9RDZgCN8Tvr3
qEM+eeF2QvsolPPhpVJRAZ0CaHwk0q7ZX2NlCS2ViDU/7/zDo7j7HRd7MzPOllqqMO/Keh+8hUpa
Fq8t85Ne9+ELrQHTXCff7Q7MfQiaFu+bKo8gcv7ZqW/nJNuE+YJh7pkg+d4sAOYgrPF4seCMIpRo
52kPFc/izR30dVe5FdFMNnyuI64iIxqBP6pNjYStY6+0j5yqUDvni/rA/6h1Sf54gOd3ZjOLCYKo
BLq27yFpNHIN/Ucw+DybyRUPJdLy+hT9sHqc4GuwIRMIa0Szbu4qeMoZjLZR4PRlB7GQu2qE1gsA
NgAAADYAAAD2Weus8DJSVAAaBAUIAEUAACgAOwAA/waiP8CozALAqMwB1GsZLwAAHNZCGeJbUBA7
Hix7AACxkLtqjtYLADYAAAA2AAAA9lnrrPAyUlQAGgQFCABFAAAoADwAAP8Goj7AqMwCwKjMAdRr
GS8AABzWQhn5K1AQObEXGAAAsZC7apbWCwA2AAAANgAAAPZZ66zwMlJUABoEBQgARQAAKAA9AAD/
BqI9wKjMAsCozAHUaxkvAAAc1kIaD/tQEDhEAbUAALGQu2qi1gsANgAAADYAAAD2Weus8DJSVAAa
BAUIAEUAACgAPgAA/waiPMCozALAqMwB1GsZLwAAHNZCGibLUBA21+xRAACxkLtqrdYLADYAAAA2
AAAA9lnrrPAyUlQAGgQFCABFAAAoAD8AAP8GojvAqMwCwKjMAdRrGS8AABzWQho08FAQNfXfDgAA
sZC7arXWCwA2AAAANgAAAPZZ66zwMlJUABoEBQgARQAAKABAAAD/BqI6wKjMAsCozAHUaxkvAAAc
1kIaNPBQEDo52soAALGQu2rb6gsANgAAADYAAAD2Weus8DJSVAAaBAUIAEUAACgAQQAA/waiOcCo
zALAqMwB1GsZLwAAHNZCGjTwUBA+OtbJAACxkLtqHf8LADYAAAA2AAAA9lnrrPAyUlQAGgQFCABF
AAAoAEIAAP8GojjAqMwCwKjMAdRrGS8AABzWQho08FAQP//VBAAAsZC7arouDABOAAAATgAAAPZZ
66zwMlJUABoEBQgARQAAQABDAAD/BqIfwKjMAsCozAHUaxkvAAAc1kIaNPBQGD//36cAABcDAwAT
nr2/fooXzU/17puF5B0+W5A2QLGQu2r0LgwATgAAAE4AAABSVAAaBAX2Weus8DIIAEUAAEAKzUAA
QAYWlsCozAHAqMwCGS/Ua0IaNPAAABzuUBgAPxmIAAAXAwMAExC7gFLwTUrn5jR4rbtbN//SLI2x
kLtqAi8MADYAAAA2AAAAUlQAGgQF9lnrrPAyCABFAAAoCs5AAEAGFq3AqMwBwKjMAhkv1GtCGjUI
AAAc7lARAD8ZcAAAsZC7al8vDAA2AAAANgAAAPZZ66zwMlJUABoEBQgARQAAKABEAAD/BqI2wKjM
AsCozAHUaxkvAAAc7kIaNQlQED/+1NQAALGQu2rjMgwANgAAADYAAAD2Weus8DJSVAAaBAUIAEUA
ACgARQAA/waiNcCozALAqMwB1GsZLwAAHO5CGjUJUBT/PxWPAACxkLtqpjsMAD4AAAA+AAAA9lnr
rPAyUlQAGgQFCABFAAAwAEYAAP8GoizAqMwCwKjMAdRsGS0AABl2AAAAAHAC//9jtgAAAgQFtAED
AwSxkLtquDsMAD4AAAA+AAAAUlQAGgQF9lnrrPAyCABFAAAwAABAAEAGIXPAqMwBwKjMAhkt1Gx5
tr3/AAAZd3AS+vAZeAAAAgQFtAEDAwqxkLtqOHUMADYAAAA2AAAA9lnrrPAyUlQAGgQFCABFAAAo
AEcAAP8GojPAqMwCwKjMAdRsGS0AABl3eba+AFAQP/8XuAAAsZC7as2LDAD4AAAA+AAAAPZZ66zw
MlJUABoEBQgARQAA6gBIAAD/BqFwwKjMAsCozAHUbBktAAAZd3m2vgBQGD//QhoAABYDAQC9AQAA
uQMDjO5edjZffQQUGt5C9cyXftsr1v61iuXtITw9s9t/QOMgHYhEjtIb99Yko9lcrjhzLpiqCAqK
7vKO6kHIUg+r3rEAAhMBAQAAbgAXAAAADQAUABIFAwQDCAcIBggFCAQGAQUBBAEACgAIAAYAHQAX
ABgACwACAQAALQACAQEABQAFAQAAAAAAMwAmACQAHQAgVilO2pDdx4aS5zsfhnpZkkjRL/jvEgF5
6f5jHpZHq2EAKwADAgMEsZC7atqLDAA2AAAANgAAAFJUABoEBfZZ66zwMggARQAAKPNBQABABi45
wKjMAcCozAIZLdRseba+AAAAGjlQEAA/GXAAALGQu2oAjQwAcAMAAHADAABSVAAaBAX2Weus8DII
AEUAA2LzQkAAQAYq/sCozAHAqMwCGS3UbHm2vgAAABo5UBgAPxyqAAAWAwMAegIAAHYDA5aQGluE
iPacJDy1Hh0ppsdkMcZTYBG0XbN5m+pXJ1H7IB2IRI7SG/fWJKPZXK44cy6YqggKiu7yjupByFIP
q96xEwEAAC4AMwAkAB0AIOva7T7JwIv8feJhaSrOoem2Mu0HOwswHQtfTnxTUXF4ACsAAgMEFAMD
AAEBFwMDArBduFGKPCovuA728V9UD7a3Cr4i/MH4pT2UrQ/VzmgqFiD4xg/EOaSErBFaeU4zTgZZ
e4hdR6k/TxX9zlNc/cGPf6uZtrIOCCGNyjXXvaGP6FjS3eGqCtsTJMJqMvW9WaiCquBnVbO7WNUu
Y0X+fddycvMfjhkOMQ06g9rjfAnv87STVJkP7J2FV1VypfkmapiUfCovtm82RWhO53e+qEGxbbkZ
61v3qlldR2T/bxmlAavZEsZzVFs1LbKeaONuqh8lCdRTfldZmMcOEMpxs37mBHp0AXUd+w6CLeBg
JZQ7uNbW/SiQY4B1/UH1Gf6d5Dx1LBUPwtWmn5mfXcX6nPV42V0pA8BaJteTpST1/ROKEMidU2A4
hKku5tpsIib6NXZ3EP/aGV1EAIpBTBpNR8d0Ajo4F7Q5bnoWy/fJ4Lw+jrqBVVLTHd0Cb0mFTFrd
hHHT/IxeBIIz+TfcScspLLuiEmhi/XSg4J/YbMxvHNWRhd8tZIV+nqLoZJZ9O9oFqOujlej6QS7v
S0H13bjOND8drk5VmYNbvKoZjTwE/8aNmcGuLroUTZTt1DS/90Vr1Y50Y83TKARsbAI50qzfzgi0
NBPsbePBG7d7clPE+rWe54qeQGFrZrmTLvwcpdhFNP+y0PIzbqihfAXibSjyme0FcwxVurTBOAtQ
narLhSSlVwul2Qk66smhJKyMvZdH4GUs0b9KtcW/kb4jBvtpmS/lvxnMK1d2v5fgagkW3Z43gdgs
Q4aUrD9cT5FgjgkW9id+EwYlsOOmuM6FZwyLeqa840P1ev6fBlo76Bw6yIKG4TkRQb1vK7k6wS99
LtW+jzOfyV9NA/umPQCXxxGTVl9G+MKJlRlnCOxh48rn3Cqs6K7IJDCFdyX5f1RBrPAqmhivfCY9
8dMdB1NczUr8HLKPsZC7ahChDAA8AAAAPAAAAPZZ66zwMlJUABoEBQgARQAALgBJAAD/BqIrwKjM
AsCozAHUbBktAAAaOXm2wTpQGD/M+9wAABQDAwABAbGQu2rRQA0ANgAAADYAAABSVAAaBAX2Weus
8DIIAEUAACjzQ0AAQAYuN8CozAHAqMwCGS3UbHm2wToAABo/UBAAPxlwAACxkLtqUkENAJkCAACZ
AgAA9lnrrPAyUlQAGgQFCABFAAKLAEoAAP8Gn83AqMwCwKjMAdRsGS0AABo/ebbBOlAYP8wM1wAA
FwMDAl5PIrKc+CiFIZmZx0u9WLt4OucDIDIJxKx1JGG+zYqD82jKObW6dnefquUht0lklfiw3eMJ
72fPbPv9X1Wjei0es3PFsLqs8zsgaGCMo8955KaKuyQeelz5vClTgw3J9r5lxKb9TZWQhes+1ZGr
SItYc9jx8CR0OpuSmpy11uh+VX0KSqRL18FbBezoiAD2HbAwuXrzm6quv48LWKP9mN+lU9gyXP3l
yJTrOFh1Sl+8oGEdPeruSsv3ns9r5Z39F7rI2i8c5NDRiB8yUepxRwg826deqeIiQkjVE9VpMonR
fiz8Nt1iU1g6GFIFZaV9LhxUKcoOi3poERDKQoBxmh5DzYhcsHWZssdf2QLXW5RgBEYnfOJnG+1s
HQQjliWO8uwglLG3VfIX+/bfxBK8FI4LbB1ijKs99TVaYzlNBOLO8g6UsclfQLavsERIwG84w991
JguAXMywVf0cFCwQgrrrwq0zSSFVnlIkciA7M41r4VBAZmvH2etUCIAIMMFyJvH0gBUq7KCIY+Lx
txdAonsPL7uvoaoQlvUbWuFuqleBPEzM5n5pTiShN44pZMBRABx2lecNGi+wKj8NOwwcyxPdWvR6
+vbFwklwAkMvhulSSY98UD2OXR4Z6ryZBXmA5JGP+N+oYIB6if4WXwCXhp7GeouXWor7mnURxpcv
ke7UvwtutYFBFySvG9K0sdgSyEQwb2uf8BDYZYt0+LP+JWRlHjhBwkoqjLxdIQBZ8heLwdgkwxnf
xqZ/6Y6xYQPeQWqZ4ypEV3nD64sT4J1ly9DC1nxT0ApKJ9R9AnnuXNixkLtqaUENADYAAAA2AAAA
UlQAGgQF9lnrrPAyCABFAAAo80RAAEAGLjbAqMwBwKjMAhkt1Gx5tsE6AAAcolAQAD8ZcAAAsZC7
attCDQDuAAAA7gAAAFJUABoEBfZZ66zwMggARQAA4PNFQABABi19wKjMAcCozAIZLdRsebbBOgAA
HKJQGAA/GigAABcDAwCz9oVZbpXe0z/mc/W4KTRERLM2e3RTRw/Vjta8Dbov68Fs/KV0A9nlkvXm
86h/NoYpfsrnQo3Huy/uYsAwod44c9917yEek5WRqZ/z0w0g5D7MNksUbd1RyvnumzaCILGxY2fa
XlLELm9vzgOnSeu2cIw2x0Za3ZSBj8R0+j/xKX9UlBZhajuVijtDs7haReWzV8/Lk5asN+i3CSFk
9eLME642q18tpLjZ6hBTOuA6d4Z1QUixkLtquJ0NADYAAAA2AAAA9lnrrPAyUlQAGgQFCABFAAAo
AEsAAP8Goi/AqMwCwKjMAdRsGS0AAByiebbB8lAQP8AQ2gAAsZC7atGdDQB1AAAAdQAAAFJUABoE
BfZZ66zwMggARQAAZ/NGQABABi31wKjMAcCozAIZLdRsebbB8gAAHKJQGAA/Ga8AABcDAwA6uZGX
ajrBY7Pgkw2r1VDiHst52n+//b1fVuR5dcV4/RjH61MALl8qWS6fbKVRdRMOQ+NEwJJgvUKI2LGQ
u2rBug0AbwAAAG8AAAD2Weus8DJSVAAaBAUIAEUAAGEATAAA/wah9cCozALAqMwB1GwZLQAAHKJ5
tsIxUBg/vFlBAAAXAwMANFuqriyJUWY+Xh1jBGBNYIQUvUsdrus6NPiX0ji3dTcAc8o6X27L9gHE
j829vCXN+LNnuQKxkLtqB7sNAHAAAABwAAAAUlQAGgQF9lnrrPAyCABFAABi80dAAEAGLfnAqMwB
wKjMAhkt1Gx5tsIxAAAc21AYAD8ZqgAAFwMDADWUfnfm1/3C6Cbx9D97LcacuAHQnxco88Iqx56d
iXiPZh/Lis8UFrqZJicQJFJZkYAnMDucjrGQu2q16w0ATgAAAE4AAAD2Weus8DJSVAAaBAUIAEUA
AEAATQAA/waiFcCozALAqMwB1GwZLQAAHNt5tsJrUBg/ubGpAAAXAwMAE6TMNqjCHSPL7QTLE8Or
7SKn65CxkLtqJOwNAE4AAABOAAAAUlQAGgQF9lnrrPAyCABFAABA80hAAEAGLhrAqMwBwKjMAhkt
1Gx5tsJrAAAc81AYAD8ZiAAAFwMDABPM+3FfRZFEM95HolEUNsLrCwbtsZC7ajbsDQA2AAAANgAA
AFJUABoEBfZZ66zwMggARQAAKPNJQABABi4xwKjMAcCozAIZLdRsebbCgwAAHPNQEQA/GXAAALGQ
u2rE7A0ANgAAADYAAAD2Weus8DJSVAAaBAUIAEUAACgATgAA/waiLMCozALAqMwB1GwZLQAAHPN5
tsKEUBA/txAAAACxkLtqt+8NADYAAAA2AAAA9lnrrPAyUlQAGgQFCABFAAAoAE8AAP8GoivAqMwC
wKjMAdRsGS0AABzzebbChFAU/z9QcwAAsZC7asv3DQA+AAAAPgAAAPZZ66zwMlJUABoEBQgARQAA
MABQAAD/BqIiwKjMAsCozAHUbRkuAAAZeQAAAABwAv//Y7EAAAIEBbQBAwMEsZC7auD3DQA+AAAA
PgAAAFJUABoEBfZZ66zwMggARQAAMAAAQABABiFzwKjMAcCozAIZLtRtmTZ02wAAGXpwEvrwGXgA
AAIEBbQBAwMKsZC7amouDgA2AAAANgAAAPZZ66zwMlJUABoEBQgARQAAKABRAAD/BqIpwKjMAsCo
zAHUbRkuAAAZepk2dNxQED//QVcAALGQu2r2RA4A+AAAAPgAAAD2Weus8DJSVAAaBAUIAEUAAOoA
UgAA/wahZsCozALAqMwB1G0ZLgAAGXqZNnTcUBg//7NHAAAWAwEAvQEAALkDAw20KCrFbI1lngmU
ctXiIunUE+9L36JKkEZYaODpSmM4IBkyLkgJJJeHviuKNRuvNRJIgCtifr/1WHchto+wfQ2HAAIT
AQEAAG4ADQAUABIFAwQDCAcIBggFCAQGAQUBBAEAKwADAgMEAAsAAgEAABcAAAAFAAUBAAAAAAAK
AAgABgAdABcAGAAzACYAJAAdACCmrQ2uV1ksRysiENpdYRPUjGu1YJAzjwQ4/QXFXzv5EQAtAAIB
AbGQu2oLRQ4ANgAAADYAAABSVAAaBAX2Weus8DIIAEUAACgNrkAAQAYTzcCozAHAqMwCGS7UbZk2
dNwAABo8UBAAPxlwAACxkLtqWUYOAHADAABwAwAAUlQAGgQF9lnrrPAyCABFAANiDa9AAEAGEJLA
qMwBwKjMAhku1G2ZNnTcAAAaPFAYAD8cqgAAFgMDAHoCAAB2AwMvei9sFZ5P0xqA6Bb4UA/Oo3sK
FCfS+SLQPbN0d2QOaiAZMi5ICSSXh74rijUbrzUSSIArYn6/9Vh3IbaPsH0NhxMBAAAuADMAJAAd
ACDReJE+K1OAh/lxaChSPXRUKYsBbpI1pECRXCU5mCl4WgArAAIDBBQDAwABARcDAwKwfHSMoW2P
UT/QMXPKbFRZ7EmfRBpaHnsYjn3VpXNVjs4BGZqZb4c3PURttiEiXvVLpXTIFgMigF1l8WU5o4zI
ZyfHxqNYpjlWbeMadm0mqFLg5TS+uBwZu82R0HTlBSA+Nr+pThzBGaDtNSYqMKYLHNV4MPy8S/jV
qLxc3rOQj/kXY9s1oplPEmPmwFHeW2sqWU/7kqws/MftREYKMGcD+YR1L5DwUMehlyVA8mZQZ6xP
GYnDeAni52yisiJPW0HdlBsOOe5LhVLKTWG0OCfj8U1Ln5P//57TdMQ2QUZXouXtE0fmOFCuQSx2
jktkOGB0EsjaTfce1GWkD2IPEiBRgx5OYVXSxerBqF2qSQOm1uc58GyKwmdpWc/+ROVzHnxNaeuC
VZv+CuUIcKWc9dk++/tNoK3myMgoEGkAO7DoCRVUAVOgmz1Cwe3eDFfCz9gI+wERWHuJvFKjdzrt
3/N1udcdLPIgmQoxjjOaWW7296xwp4v7a+hQrv0kqaqK/bF3G51FYyvcFjtpbA7kJJOlBfnU1m90
HXvH3SZvvIKUXF+8hh+hBCEB36p3gS5UbNznhMhrtVBlpAij0lo8AGy9m179hB3R+sTsay2+Idhq
vlkFEPmXHS+AwHRF7yUfivnZ0y12jLdAlV7MteDI/KFG8KfFfpU1ZIPQU8yAoDXbpj5Gl9z4Twcq
8OSS5Lx68uMnAgaVVK8aCLCMN+BDD87OGTbKnx85n2fisebuJ7Dm4NLhRPJFD3ACbFdhRnOPYWil
HKnZK0Cqmz7YVOLKah3k9kKo75OGTsBW/DdHmY3DTK7ZUgrZDUZ/sSsoSdJOelv/X9FQZlECC85a
6YPpcsopTb4onNUtvZBgWO/8/sP7erhePU93c5JvUukHDitFfLpSudohxFo4HgKmZ98hDlhu/LGQ
u2o4Wg4APAAAADwAAAD2Weus8DJSVAAaBAUIAEUAAC4AUwAA/waiIcCozALAqMwB1G0ZLgAAGjyZ
NngWUBg/zCV8AAAUAwMAAQGxkLtqOvoOADYAAAA2AAAAUlQAGgQF9lnrrPAyCABFAAAoDbBAAEAG
E8vAqMwBwKjMAhku1G2ZNngWAAAaQlAQAD8ZcAAAsZC7arD6DgDRAgAA0QIAAPZZ66zwMlJUABoE
BQgARQACwwBUAAD/Bp+LwKjMAsCozAHUbRkuAAAaQpk2eBZQGD/MmfMAABcDAwJd6+qEHl9dM1cr
yTTOFGCRzO9hcFYc6HuU7izJhL3wLgkvh45nsp7JRjHtaxW4ydAJ2jF3/wiXJ7qPmGWuyfqFCO9T
AS5Pq7p7mwaYmMgCmeZoOeCGOd4TXh7niPaDrXLij1x59MCRymiCXw2b94loBmHVRWyGfCJvy59B
8+Lm6igTshcA+O4fNRBSTRYXrHVKh34ajQOk4Z3NcZUKQeSstS8yVd4A7Vwu5VS+CBfzMB1+ocWV
zlb5lpsBaKlwMrAyJCeeLZkvFf0sdAZn6orzgi+3rbAE9hHkBvqPgwlgW075xhe18GITL/4/mf9x
/7X1/sM5eG8tRy/BXpOpsbgf3wAoKLVFiKYFKXyl8q2WfsxJ/E034OkCxV24MwXXNxaZ9s+7mHMs
edmM6R27dD1Bjov1uI5Gerzw847vb9tt1ASRUb5MZSoqT7z0iGzreDwPPpTZUxg4ySr9El80ZpNp
5RCAvvyhgC4hRJbr6Ref7MopCCXHeppeVthsuwT/y2FZgWLwnyLciiRnKys5IRhf+tqDoo9UvSs9
dhgwKX47qKG1fBreLLP3ZMLqjNOYnUpwU09pua9abp9G6hZi/uUAl1M+zkpf2IY5eHX+l1pdCv/V
F7KWW4roI0XAX2FDNZkNSggLAcen1nl5eFlItIPwDshVhOZqufmNlCEWlNod1STnkZu6Th2SlVxT
1cZfiW44v5iL9A8PNidqc1vAhnlDQZL0eOyn5cSVxkmtj31+KIueLvShdgzgbFRibZcFaPT+6Gnt
kVobhrWW/mylPIkIzVHlXoGt3bUMzwSh/oIXAwMANKQ3bu8yRycUAnkP6HjVItfVU1ul6mfbrmXn
eXjZPZ40k9YDG7aN3JxBVmz0Cz9grCANcdCxkLtqxfoOADYAAAA2AAAAUlQAGgQF9lnrrPAyCABF
AAAoDbFAAEAGE8rAqMwBwKjMAhku1G2ZNngWAAAc3VAQAD8ZcAAAsZC7akr8DgDuAAAA7gAAAFJU
ABoEBfZZ66zwMggARQAA4A2yQABABhMRwKjMAcCozAIZLtRtmTZ4FgAAHN1QGAA/GigAABcDAwCz
+HZA0fVHjzV5On5Zb/XO4BwSH3X489xTPOZlygl3AbaO4BJKEBazG6QYWoRJtvvEiJz5rnS1AVVd
LDxqbtB6BGjvKZc/bzNcQqrg0nTkk8pApPWU1YDVdrT0pByIUlKcgx99FYcTLNujM0/gTcLYds6L
vd+zbNuUgyWUzelCkbfXtdQ54ZsOi+Pj26jTncjxoxDNrIXnERx5SYiLqAPudbIOGLQ+w0ES3m+8
tIjsH3cMHTaykLtqGiwCADYAAAA2AAAA9lnrrPAyUlQAGgQFCABFAAAoAFUAAP8GoiXAqMwCwKjM
AdRtGS4AABzdmTZ4zlAQP8A6QQAAspC7ajosAgCLAAAAiwAAAFJUABoEBfZZ66zwMggARQAAfQ2z
QABABhNzwKjMAcCozAIZLtRtmTZ4zgAAHN1QGAA/GcUAABcDAwAW8cXQFRO1jm/tm/Sy+ixNHHAM
GAo2XxcDAwA1g6avMhMLp9N6lV4vTkIuV3n+o73kJlguLSFqcDQ256aByUhn+iNAHBlvznUjW674
F3Sr0XSykLtqcmkCAFEAAABRAAAA9lnrrPAyUlQAGgQFCABFAABDAFYAAP8GognAqMwCwKjMAdRt
GS4AABzdmTZ5I1AYP7v3zwAAFwMDABZs2P0eLO1Vx89nT+nYYkNuI5QtIYKOspC7aqEHAwA2AAAA
NgAAAFJUABoEBfZZ66zwMggARQAAKA20QABABhPHwKjMAcCozAIZLtRtmTZ5IwAAHPhQEAA/GXAA
ALKQu2rICAMAbwAAAG8AAAD2Weus8DJSVAAaBAUIAEUAAGEAVwAA/wah6sCozALAqMwB1G0ZLgAA
HPiZNnkjUBg/u4djAAAXAwMANEcLF15TpTFVSB12Ank+j+YNLSTQWFWytmjTSWu5B1oXYfpDwk0I
2l1NaxC7m2n36anoGM+ykLtq7AgDADYAAAA2AAAAUlQAGgQF9lnrrPAyCABFAAAoDbVAAEAGE8bA
qMwBwKjMAhku1G2ZNnkjAAAdMVAQAD8ZcAAAspC7alUJAwBRAAAAUQAAAFJUABoEBfZZ66zwMggA
RQAAQw22QABABhOqwKjMAcCozAIZLtRtmTZ5IwAAHTFQGAA/GYsAABcDAwAWGeJRFTzd8/kxYDer
aKWc6hsJ29i0FbKQu2pMTQMAUQAAAFEAAAD2Weus8DJSVAAaBAUIAEUAAEMAWAAA/waiB8CozALA
qMwB1G0ZLgAAHTGZNnk+UBg/ucnPAAAXAwMAFrx5qZkJD7McbmtPB9dV8fwbmsDaCMaykLtqaE0D
AHAAAABwAAAAUlQAGgQF9lnrrPAyCABFAABiDbdAAEAGE4rAqMwBwKjMAhku1G2ZNnk+AAAdTFAY
AD8ZqgAAFwMDADUL6d1DzocZN70K70qxwEoljD2zC+aMJYJ+iFgK2oYxTofW8wlY12+2lWptjart
9bT4OaeydbKQu2qyhAMAbwAAAG8AAAD2Weus8DJSVAAaBAUIAEUAAGEAWQAA/wah6MCozALAqMwB
1G0ZLgAAHUyZNnl4UBg/tqcnAAAXAwMANJWCgMC1AMF24fsi3xRZZ4MQHyV6iNjpy7ZVOQVQNmxa
SCTs81na2Zg7/K/lyGieYKCRCOCykLtqBoUDAFEAAABRAAAAUlQAGgQF9lnrrPAyCABFAABDDbhA
AEAGE6jAqMwBwKjMAhku1G2ZNnl4AAAdhVAYAD8ZiwAAFwMDABbAzJhO7DoQnT1glNUROO5qgFdY
rpDzspC7auXDAwBRAAAAUQAAAPZZ66zwMlJUABoEBQgARQAAQwBaAAD/BqIFwKjMAsCozAHUbRku
AAAdhZk2eZNQGD+017oAABcDAwAWuiujaXuomd/yGRwNkz3StfarTL7UjrKQu2r+wwMAcAAAAHAA
AABSVAAaBAX2Weus8DIIAEUAAGINuUAAQAYTiMCozAHAqMwCGS7UbZk2eZMAAB2gUBgAPxmqAAAX
AwMANcrcZKD8rQwasQGHO93JJs/UWrIJHf/yQN0AXda1pdw9WI6djRy3S8YCf1QfF0jwkDGYHcYz
spC7apT/AwBOAAAATgAAAPZZ66zwMlJUABoEBQgARQAAQABbAAD/BqIHwKjMAsCozAHUbRkuAAAd
oJk2ec1QGD+w+P4AABcDAwATu5D6aFjmNa5unYFT8EfDMREZdLKQu2rb/wMATgAAAE4AAABSVAAa
BAX2Weus8DIIAEUAAEANukAAQAYTqcCozAHAqMwCGS7UbZk2ec0AAB24UBgAPxmIAAAXAwMAEzXB
jgQm0UK/wJ8nKh251wmyoTOykLtq9f8DADYAAAA2AAAAUlQAGgQF9lnrrPAyCABFAAAoDbtAAEAG
E8DAqMwBwKjMAhku1G2ZNnnlAAAduFARAD8ZcAAAspC7alcABAA2AAAANgAAAPZZ66zwMlJUABoE
BQgARQAAKABcAAD/BqIewKjMAsCozAHUbRkuAAAduJk2eeZQED+vOF8AALKQu2qVAwQANgAAADYA
AAD2Weus8DJSVAAaBAUIAEUAACgAXQAA/waiHcCozALAqMwB1G0ZLgAAHbiZNnnmUBT/P3jKAACy
kLtqDAwEAD4AAAA+AAAA9lnrrPAyUlQAGgQFCABFAAAwAF4AAP8GohTAqMwCwKjMAdRuGTAAABl8
AAAAAHAC//9jqwAAAgQFtAEDAwSykLtqIwwEAD4AAAA+AAAAUlQAGgQF9lnrrPAyCABFAAAwAABA
AEAGIXPAqMwBwKjMAhkw1G7ikLCyAAAZfXAS+vAZeAAAAgQFtAEDAwqykLtqizwEAFoAAABaAAAA
MzMAAAAW9lnrrPAyht1gAAAAACQAAf6AAAAAAAAA9Fnr//6s8DL/AgAAAAAAAAAAAAAAAAAWOgAF
AgAAAQCPALDwAAAAAQQAAAD/AgAAAAAAAAAAAAH/rPAyspC7aqM8BABGAAAARgAAADMzAAAAAvZZ
66zwMobdYAAAAAAQOv/+gAAAAAAAAPRZ6//+rPAy/wIAAAAAAAAAAAAAAAAAAoUA2roAAAAAAQH2
Weus8DKykLtqKEoEADYAAAA2AAAA9lnrrPAyUlQAGgQFCABFAAAoAF8AAP8GohvAqMwCwKjMAdRu
GTAAABl94pCws1AQP/+8HwAAspC7ahBhBAD4AAAA+AAAAPZZ66zwMlJUABoEBQgARQAA6gBgAAD/
BqFYwKjMAsCozAHUbhkwAAAZfeKQsLNQGD//6xcAABYDAQC9AQAAuQMD0SolKECWxbWi+8xpHAB5
Pmv5oaJbHcZ8TWcnayXJ8ksgZSpOh/z/IKZRwcATHdpIRqmoQhrjLn6zZc9ME0ejhxMAAhMBAQAA
bgALAAIBAAArAAMCAwQAMwAmACQAHQAg7+JUGgQsxz7jO9tX1/BYUGPNepmhI1120bMJW5ckk3kA
CgAIAAYAHQAXABgADQAUABIFAwQDCAcIBggFCAQGAQUBBAEALQACAQEAFwAAAAUABQEAAAAAspC7
aiNhBAA2AAAANgAAAFJUABoEBfZZ66zwMggARQAAKOtFQABABjY1wKjMAcCozAIZMNRu4pCwswAA
Gj9QEAA/GXAAALKQu2pDYgQAcAMAAHADAABSVAAaBAX2Weus8DIIAEUAA2LrRkAAQAYy+sCozAHA
qMwCGTDUbuKQsLMAABo/UBgAPxyqAAAWAwMAegIAAHYDA/yjNMhHntX4eOW9VOuNxM1c13++HAiA
ipeBkMLUvLCqIGUqTof8/yCmUcHAEx3aSEapqEIa4y5+s2XPTBNHo4cTEwEAAC4AMwAkAB0AIIi2
eT2ZlNH5Wo3qoyAvZf6Yvnk6qyeK58vc3YSzgVoJACsAAgMEFAMDAAEBFwMDArCv19HEnJjCtSG4
yc4uVvIPHk3EVefOKpWXLmDiTYOaSJ7y9f5Y71tvNB4k2gCmNKfx9DprQ+tEEaghEalYp4OfOTpX
HXvdnv+g1WF+z/lINTYGFD9QbTPwp9mvqUkEH5hosaoynuwHmPdnY/FEzU3TRYlfQG/aPrNYmIhD
KwnFNcfGxVYVpxGX24U4BiynXaiPlMeGZWo5hp35YP5lJlluV55m5Fw3JbUYbhy8Di9ne9NWOWiP
qaI7uRPLtTY9HgIfEz6gS8X7eZKYjfzy1pn9vyyr7/oEprz0HtikKukfbYPsSLU2QEote39+OfAF
0dHckVeOd5dIH0tt/qBWGb0RBqsCQGi+hlyP2BA7/5yL+7BEGy7HZSyejOSy0zd3Nzis+6M8bPjm
MoH7rv0A7Casc4MoqeGF8R4GA8+EhEota0CIIbbaI7fWdvCkOxn7pN3O7THhnVb91o9rE+4DW4IC
5VZQl8RyIK3fPyRPrY7yTBdZjOTkkuLhicPqQ/eL61jbfLOBMW92AcAfbeq72PXq2wK4z2XFdmX+
YtmNGmT47Oa6pYZE07Qb87Mfxepde8sd2B7KDWgvFkEVJcREo6ZaAlqNkFEKRdaaWhllmqoGyZ9n
/89zJPk72iEyHRL6NzPhrimEO9+2xe5UAavOl3VW9lk+xiNCRrGcxZUTbx6D2ZojVX+s0xYAEI17
L90VD6T4yGfmr6cP71S6XHahkSYL8fmWWw0Aemo7JWCmdPp7XMVEvLL4Fnolj5TLhccFMvZcBRp/
vlTTFJPBIMqeg4BKm78/FzxN19RC9aM4nLwgCguUiOzde+6HtF3/HUToDFNed9asMoyc9Sg82QsZ
NqyFGC0nvmA9WGZAE0KauHaUyJRj2izEgcrqWvPTgFywHHoAlImwg6l0FSn9dTRV/6JKspC7apx2
BAA8AAAAPAAAAPZZ66zwMlJUABoEBQgARQAALgBhAAD/BqITwKjMAsCozAHUbhkwAAAaP+KQs+1Q
GD/MoEQAABQDAwABAbKQu2oQEwUANgAAADYAAABSVAAaBAX2Weus8DIIAEUAACjrR0AAQAY2M8Co
zAHAqMwCGTDUbuKQs+0AABpFUBAAPxlwAACykLtqvhMFAJkCAACZAgAA9lnrrPAyUlQAGgQFCABF
AAKLAGIAAP8Gn7XAqMwCwKjMAdRuGTAAABpF4pCz7VAYP8ysKQAAFwMDAl5d6s2/2Nl7mlQRIWrk
HW86GE8y1KDDaP7iSmRfV4bozidoUR8tAcCAxyx2o+005uD3kqXS9/eba6AMcLhrShIvhwNDPeAp
xxc2P/TMNBugfa640h5ef6BvdNF6AMMbqpoI0uOZz7kZy+gBcnJn+yCne9oh5wuCNaOFLSYXOVqJ
dcvfzWH1Ld2VBAgxKNPm5eKJc/wZejVku6ZufmaPEdoyBqS8hw21mx2duKKrk3PCiUjHbwiGbLet
7jblttr3p8SjIhiAfu1XU4QY0fAzJsUGLKbeFhNF9ElCFsJJvOLYxcXP8xhUz3A2r3Omxy5aIDAe
TMTNzsCgW36HtE60Gd+IIsZB6KOUccZTwkSHhdyDFffcbGCk6V64tNxw4NjmbmxYMixCw8i3KoCo
HF6FOsBbRPbNfkjLcVgKIXojOGYOSp98QAk9Ya7abrkTHS5fgQRnJzHoyPPrlS3yY1nfyzP2CNNl
YBCAfVGGYQRWHf8NkIb41hnJoZrzsjAkS6diYxMtMTpJyxpIuL4l8c9D5l2wWzaav9L6h4lC1GL4
7319uznm3XnoLlsXmtGNNUckHAPSFERl2wtbXIEQi0mXXW/9MNIMyDFC9l5xkHox4C30cIw/JcDh
kApItiAXlqfHjlSEYEaNZhvoCB4VEQ08jhC0piRWU1VA/RovZdUnM+BzSzAreVnwTxAvFM6uZFl8
aRlxCJpNHbULuZuBl84MH51Vl8FZA/7xkAb8eYlk60EU0evmSx9V/1bMQqJQ5LdcLjeRxPz6Lbsu
6/yYYiBZFEvM2c4P2e6NAi5DZT6jNy+ykLtq0xMFADYAAAA2AAAAUlQAGgQF9lnrrPAyCABFAAAo
60hAAEAGNjLAqMwBwKjMAhkw1G7ikLPtAAAcqFAQAD8ZcAAAspC7alEVBQCWAQAAlgEAAFJUABoE
BfZZ66zwMggARQABiOtJQABABjTRwKjMAcCozAIZMNRu4pCz7QAAHKhQGAA/GtAAABcDAwBe5ReP
2Y3laafbMVHW5rzDHEDqYulHrGxVSkJM1WUUHt9Xe62/PJYPjmVFjJ4EQn/JzsF/ieCtBZs95fr7
Mb7u5DtriPxQF2ccGkP0ptWPxSca4/J+2xWnHiywSqQYNhcDAwA2LaR/zpKVdONkCG++CHHnHHN9
F8mwx4OW1avFGOe+Exfv1CKxqalebcHyHjpiV96nEinkQ8X4FwMDAIPjTeQvoakd+lF+fMs3cMzU
1f1+9DObTF26a18KdFNDv8I3rm2kJW3obZ812GkBGu9ub3aAx5AQkiQmJtUmjA4u4VmK11kMIsmy
5FyjCvHEGhsBzSyQ9BRAFy622d7EYn06FiyvDMEBUPOS3HmLuOAZTKMENeVSJL3ZUGuj37QS6hXG
UhcDAwA1Z86o2Aws9Z6GuxwHPo0sOHUEBy5VJqkIqIdxifUA0fxmRB1NwdOnxtoAWijXROG44pLR
+MOykLtqpmYFAGwAAABsAAAA9lnrrPAyUlQAGgQFCABFAABeAGMAAP8GoeHAqMwCwKjMAdRuGTAA
AByo4pC1TVAYP7Zt2wAAFwMDADFy+u580pDp/7KXjSV4AtgP832oCCaNz2PRC+yhX+vNEzUtuKmG
sXKzRkgILZyWZ7cjspC7avRmBQCIAAAAiAAAAFJUABoEBfZZ66zwMggARQAAeutKQABABjXewKjM
AcCozAIZMNRu4pC1TQAAHN5QGAA/GcIAABcDAwAWlqbb0yNx99aRk90Oidfgs5bzSLVpzRcDAwAy
o5MilqNR6HoVt1pgB0tQlBynu4o43on7bdQngIaVRvMd2CwZ2m8WgnVullnd9MbYwquykLtqb5cF
AHUAAAB1AAAA9lnrrPAyUlQAGgQFCABFAABnAGQAAP8GodfAqMwCwKjMAdRuGTAAABze4pC1n1AY
P7GH5QAAFwMDADqG3MLUZ9pgznBg+IlE+gWG7KD06NzstqlNNTVl2NgCHejjdI41atpC+vR/lnSV
zpoVYo+L5OE8s2cEspC7auiXBQB2AAAAdgAAAFJUABoEBfZZ66zwMggARQAAaOtLQABABjXvwKjM
AcCozAIZMNRu4pC1nwAAHR1QGAA/GbAAABcDAwA7Hbcq224tz4qzPwLgCjMTcegoEfX8ieD9MOFC
mR2ZdUn8Kf4qfAxM11hi2XugqNwa46R877KJtHvYKWuykLtq2MIFAE4AAABOAAAA9lnrrPAyUlQA
GgQFCABFAABAAGUAAP8Gof3AqMwCwKjMAdRuGTAAAB0d4pC131AYP63ydgAAFwMDABMHqUpMye/f
APn0miTiBzr4HZRCspC7ahXDBQBOAAAATgAAAFJUABoEBfZZ66zwMggARQAAQOtMQABABjYWwKjM
AcCozAIZMNRu4pC13wAAHTVQGAA/GYgAABcDAwATctxashu8yGvnBHRrD4th1/oNN7KQu2opwwUA
NgAAADYAAABSVAAaBAX2Weus8DIIAEUAACjrTUAAQAY2LcCozAHAqMwCGTDUbuKQtfcAAB01UBEA
PxlwAACykLtqh8MFADYAAAA2AAAA9lnrrPAyUlQAGgQFCABFAAAoAGYAAP8GohTAqMwCwKjMAdRu
GTAAAB014pC1+FAQP6uzdgAAspC7atXGBQA2AAAANgAAAPZZ66zwMlJUABoEBQgARQAAKABnAAD/
BqITwKjMAsCozAHUbhkwAAAdNeKQtfhQFP8/890AALKQu2qmzwUAPgAAAD4AAAD2Weus8DJSVAAa
BAUIAEUAADAAaAAA/waiCsCozALAqMwB1G8ZMQAAGX8AAAAAcAL//2OmAAACBAW0AQMDBLKQu2q7
zwUAPgAAAD4AAABSVAAaBAX2Weus8DIIAEUAADAAAEAAQAYhc8CozAHAqMwCGTHUb3Fp20oAABmA
cBL68Bl4AAACBAW0AQMDCrKQu2qQBwYANgAAADYAAAD2Weus8DJSVAAaBAUIAEUAACgAaQAA/wai
EcCozALAqMwB1G8ZMQAAGYBxadtLUBA//wKqAACykLtqfx4GAPgAAAD4AAAA9lnrrPAyUlQAGgQF
CABFAADqAGoAAP8GoU7AqMwCwKjMAdRvGTEAABmAcWnbS1AYP//38AAAFgMBAL0BAAC5AwNFl3hu
DNYVL1R6Rob5O4/Foj/i4ZJmlsqzqiBl9jMb5SDN0F8khNTrLcAkHmOjnMALxoYoSf9Kf3kxFN++
wKkyjQACEwEBAABuADMAJgAkAB0AIFCEY29Lg25tmQhvKeKe2G3KUJZxn3aE/Kw56lW+J+NBAAoA
CAAGAB0AFwAYAA0AFAASBQMEAwgHCAYIBQgEBgEFAQQBACsAAwIDBAAXAAAALQACAQEACwACAQAA
BQAFAQAAAACykLtqkh4GADYAAAA2AAAAUlQAGgQF9lnrrPAyCABFAAAoIPZAAEAGAIXAqMwBwKjM
Ahkx1G9xadtLAAAaQlAQAD8ZcAAAspC7arQfBgBwAwAAcAMAAFJUABoEBfZZ66zwMggARQADYiD3
QABABv1JwKjMAcCozAIZMdRvcWnbSwAAGkJQGAA/HKoAABYDAwB6AgAAdgMDSYbGMOePEzV2VmIJ
ua4Z0Ktuw5g6YUxS1gNycoH/rkYgzdBfJITU6y3AJB5jo5zAC8aGKEn/Sn95MRTfvsCpMo0TAQAA
LgAzACQAHQAg/jh0I8oo8mBO1GMGkTGEOSwKM2ZSNzVfRDFVwiVQo0MAKwACAwQUAwMAAQEXAwMC
sNnmMWSfBexCfzskLWNoeJi43mwgeZHMY6PwvPJj633/07g1YbIKwDVHQdnQPOCO3IiUV555eOXE
JnfERRRi1L3+XnbbPsuEUPr8k36nai5TpxPgsGADigo5ElUqFs5owki1aFYKcV4dGXWVM77ww5j9
ktedcXiRf5Tud8W62AnukGMoRc5Iez85hGufTtmTycLLbg/ULpOXiz/ynZ6iY9n1bPf2SRDlqnfF
9Mlyn0eIcmE1XJWkdZ8q6MfQpL9Xm1JJJrxaQ0LaLV98Uq5/OXxaClMPQRmnm5NTLVqpq0BmvasI
PTndc9OefmVumySLmWZr+W0+tTid3k1vHLm1W3F/KTV88+CdIVsx2xpTK8e6BFjmN1LZl82k4CA8
UYOBGRmofAkBkjdOlwqBd9cu5zyVOXFqfDrfa7TKyI9BPkzuVylpeFRHoFgkbCGv4pesU/NVaXfx
83W50oFNSMbWaLvHx4phyV8bD9/z7PCKyUu5BG3zTpEGHKCe0QuyUpqXRLy7qINoZhljQwdwY1UW
WaZmOQ8gwVxt35rQXhLn3JGK0Lf7Qt8rq39rCCRnujqvocosT1Nl75iAGE10EwD37Iyb6WXs8Zpo
GXxIB4o2G5AhNZpJxz7pQWyjzXZqWwaQh0GMfDg7HKH4e9XCed9rtvrB1vNVXB/owburxDex3Ap8
JpSeUBTpmB7QhdNA+uYwQD9eGN4FVWnsRAnZ+/DTQuWVOkMMiJLSis3RBJAl21rh8zGYffC0YIRD
vQwdxdy0nixAMk68muzE2+BfYnXFwbvzU2YHoIxR4J9r5WqCPBBHv0wzZbW+frGJzXWdcQ6XCuUe
fRb14RpQg4d/2Y9EEvNlyMFLPYRh0kQE0Uv7rJRlPTIy2GoV8azqGHiQ0qR5wXSLjaf/zGIHWDYM
eG++1iSykLtq+jMGADwAAAA8AAAA9lnrrPAyUlQAGgQFCABFAAAuAGsAAP8GognAqMwCwKjMAdRv
GTEAABpCcWnehVAYP8zmzgAAFAMDAAEBspC7amDQBgA2AAAANgAAAFJUABoEBfZZ66zwMggARQAA
KCD4QABABgCDwKjMAcCozAIZMdRvcWnehQAAGkhQEAA/GXAAALKQu2oD0QYAmAIAAJgCAAD2Weus
8DJSVAAaBAUIAEUAAooAbAAA/wafrMCozALAqMwB1G8ZMQAAGkhxad6FUBg/zDJoAAAXAwMCXarr
hUVGB9zV2bHYUDKFHyEs0mbTyEHA/PoRJa9jBl3zOMAcvVpS0aiFWWNrcRLmYcmvphfeDUzz+8BL
9S9IasbXOGRwkqRrzMVOC4/HuXzY1H4tfON7EfeGZqYrZEsPuqqcmwcfUGL3gzifCwfj2Wld5VWx
Ia79hLQ7sotFNoxCTz+W+BtO6IJtGEw+YJFC2ex/n70504Ic3mARB/6IzxAXh0qggsJYloSTPxdP
Zr6qQ2nMXseg24hfyaOB0J3N3+qpJ+n0ZfWk7CDUGrDbwDzaC0SoDAbzjwglLbQ5lUdei3CppMhH
2f0GXxdEu5H7VcMVHlSZUW6g9r0/bjWS3Vh/8QlN+HDZx+sOj/M4EnAjScyNKBxSSB6MOjA19YXn
JxfozpyOxP6Wfg7l+PvU3DL4GSG34BPSsTB1Y9qE8AuTunIvq1+y1aKSr8kPqCfS6vognxLmHU7W
dstUXmUWVpSsk0i1OxrU5AFciwkS4TdCGJyrx8tLMfZQJD4f5vcqak3AHot/3UskUlK45TbaIGE9
cz6D4UlgePDmFBgkl/WCearaCpi0QYrS7cSC68cZssnf6kKktk2uu2B5SMdk0RLEIs2fvHhncnSy
HudkbWvtnbSuS1hLID7bR7GNXhoGyojWNh/GVwMBhZn424JDspqJ75CTyOB7dgpCL9WbKCG2RtGq
CcCIyZsxcob+VGxr6E3v+hk8dZ+3Yyl0OfVKz1NMBVZRR1wy8HMsg3sBDfd87gpS9D4N1ifTcal6
pEjTU/iIVz4Gp+xXQpjy6tLY58sX1KW+adcfqwP+AmkEspC7ahrRBgA2AAAANgAAAFJUABoEBfZZ
66zwMggARQAAKCD5QABABgCCwKjMAcCozAIZMdRvcWnehQAAHKpQEAA/GXAAALKQu2qP0gYA5QAA
AOUAAABSVAAaBAX2Weus8DIIAEUAANcg+kAAQAb/0cCozAHAqMwCGTHUb3Fp3oUAAByqUBgAPxof
AAAXAwMASn/TgolYdBtxoTeSirk+GH07+gH8Y+P2+mwZd1TTfTr+kuAnA8JzTuYgd2bsfThOt6bo
tFtKoetFG3SboKljXTx/bnWGaWjGZTXGFwMDABgd7GsShPxZFV+I1Zxe8Pl/9OmGeWeVPWoXAwMA
PkJ3kYS7WQpDkk1OdPut3lGLUnWYNXGtrLaqNueyXsPxmxnb/2DI4Eg2PkumsrBXBhv1cR/auJqe
speQ+ywZspC7akX3BgBOAAAATgAAAPZZ66zwMlJUABoEBQgARQAAQABtAAD/BqH1wKjMAsCozAHU
bxkxAAAcqnFp3zRQGD/BQb8AABcDAwATwhoTBQkETETedcBw5R4/Nx7n5rKQu2pd9wYANgAAADYA
AAD2Weus8DJSVAAaBAUIAEUAACgAbgAA/waiDMCozALAqMwB1G8ZMQAAHMJxad80UBT/Pzw6AACy
kLtq3hUHAD4AAAA+AAAA9lnrrPAyUlQAGgQFCABFAAAwAG8AAP8GogPAqMwCwKjMAdRwGSwAABmD
AAAAAHAC//9jpgAAAgQFtAEDAwSykLtq/xUHAD4AAAA+AAAAUlQAGgQF9lnrrPAyCABFAAAwAABA
AEAGIXPAqMwBwKjMAhks1HBqc58BAAAZhHAS+vAZeAAAAgQFtAEDAwqykLtqQ0wHADYAAAA2AAAA
9lnrrPAyUlQAGgQFCABFAAAoAHAAAP8GogrAqMwCwKjMAdRwGSwAABmEanOfAlAQP/9F6QAAspC7
aj5jBwD4AAAA+AAAAPZZ66zwMlJUABoEBQgARQAA6gBxAAD/BqFHwKjMAsCozAHUcBksAAAZhGpz
nwJQGD//VTsAABYDAQC9AQAAuQMDMrrmYP7Lk51z9bt4coUn6kKr7+vh8s8AhFAOI4aiBUkg151V
++bzIZTjYWBzKkyITP6pBALMdle115QJrpilw7gAAhMBAQAAbgAKAAgABgAdABcAGAArAAMCAwQA
FwAAAAUABQEAAAAAADMAJgAkAB0AIBzyJOwEFlLisZPoi0s6tHPU1MU9rOLHEAz7Nx09I0kFAAsA
AgEAAC0AAgEBAA0AFAASBQMEAwgHCAYIBQgEBgEFAQQBspC7alJjBwA2AAAANgAAAFJUABoEBfZZ
66zwMggARQAAKHMYQABABq5iwKjMAcCozAIZLNRwanOfAgAAGkZQEAA/GXAAALKQu2p4ZAcAbwMA
AG8DAABSVAAaBAX2Weus8DIIAEUAA2FzGUAAQAarKMCozAHAqMwCGSzUcGpznwIAABpGUBgAPxyp
AAAWAwMAegIAAHYDA/AhCoANOAS40pMKtx1ewN8zDBgoPuAG+pSI/2DNLwQ9INedVfvm8yGU42Fg
cypMiEz+qQQCzHZXtdeUCa6YpcO4EwEAAC4AMwAkAB0AIMFMIp/LFlGi1D6GJzVjbd0LSSsYaKzJ
s4etBmnjlhMkACsAAgMEFAMDAAEBFwMDAq8HeMhwt96umJtfjfIpxqyihtwwid8hSrULhcm3W5b5
47hMRlLn9Uaf1MDDxvYQcReuBkW8YUDGbMPyHwJAKGANwosNrpmxBRDRrxKSoJZmBmfClDo92zmV
AxMBiQq5CZqQRCFppZnd81V1haNaGfap/GZPpoNJwN4JwOmKpkA8R5De8qT7cDMGiOYc68KeAtrt
e3Vk9Ie+4uOqe58/8otx4zig+09LmHrppmbUvZMlumizCvAQ4L8RikZJncfDZDY4qvo7Vg/4tISZ
OegO3jrkDvCK0YhZbN4k9LrmMVH/Qi/UJJXyMP7qblOeqOb+I2P1/E+BrAieanKcOQOY/YBMJqYG
qepTSjDE31krM4Sjt/3cqySs4gbqYZcgrbA8Kb2WbC5I+Y6XahhmdkZSf+DcTptmTBNjxZus5K3Y
UoIEP2XfbhK0J3+RMLXp89KPZe75+Y6Wzndi3GJS54yNXNINJCA1UzDXVTrIYGVlMgZUtsHdmEGf
ZA5bxAG4D4lsh79Zb+6jrvtkwYZKTyB6I2G3Jb4t8zOOi/y1LoCZMdQU9ke9NJRvzKC82HQdwaK4
UqcRZ8U/apSa3DGRW3/dsyRCoqOCD7njhqtDZN6iQ3AvxBdFIGdgVWXIDvQTg7g/tVPkK9elro9V
UvkK08kY0p3PeHqptH95N4zGOLk94Obqhf0ASgaOku2U8HAPbPPKdUpB8fPuTFqSi/8+LDniXaus
qfWPXCWeeDhMEMx96r2Hh3iRwxGCj/nRRza+zNCabRUECryqISlCzFCV+XAlreKIox3iNNBhfV3o
cgjrRmnfi7WffVxU3UuKgChx01SMehWZChuB9smt/imqqlrNPz1kFOks4akU+5N3K9lapReFcZmg
JViG3+AFRY64WJ6o/Zz4PO1qYHmr+L9/3V1ZIXqykLtqy3gHADwAAAA8AAAA9lnrrPAyUlQAGgQF
CABFAAAuAHIAAP8GogLAqMwCwKjMAdRwGSwAABpGanOiO1AYP8wqDwAAFAMDAAEBspC7aiy0BwA2
AAAANgAAAPZZ66zwMlJUABoEBQgARQAAKABzAAD/BqIHwKjMAsCozAHUcBksAAAaTGpzojtQET/M
QhoAALKQu2pltAcANgAAADYAAABSVAAaBAX2Weus8DIIAEUAAChzGkAAQAauYMCozAHAqMwCGSzU
cGpzojsAABpNUBEAPxlwAACykLtq1doHAD4AAAA+AAAA9lnrrPAyUlQAGgQFCABFAAAwAHQAAP8G
of7AqMwCwKjMAdRxGTIAABmHAAAAAHAC//9jmwAAAgQFtAEDAwSykLtq8doHAD4AAAA+AAAAUlQA
GgQF9lnrrPAyCABFAAAwAABAAEAGIXPAqMwBwKjMAhky1HHmrIjOAAAZiHAS+vAZeAAAAgQFtAED
AwqykLtqXOEHADYAAAA2AAAA9lnrrPAyUlQAGgQFCABFAAAoAHUAAP8GogXAqMwCwKjMAdRwGSwA
ABpNanOiPFAQP8xCGQAAspC7anfhBwA2AAAANgAAAPZZ66zwMlJUABoEBQgARQAAKAB2AAD/BqIE
wKjMAsCozAHUcRkyAAAZiOasiM9QED//39cAALKQu2poAggA+AAAAPgAAAD2Weus8DJSVAAaBAUI
AEUAAOoAdwAA/wahQcCozALAqMwB1HEZMgAAGYjmrIjPUBg//0YgAAAWAwEAvQEAALkDA+pyuTk/
MQGOenyqM8dRlnpkWZDk5lazaOIYFwEwj+lRIMWFsR9XNPJDnnhmezQSW7/cDANhYsYRcCWHnxUg
r4uYAAITAQEAAG4ADQAUABIFAwQDCAcIBggFCAQGAQUBBAEAMwAmACQAHQAg+wzj8Ju7MpyiaJNy
2sMatOH5gvPLLB82qAel53z/mSIAFwAAAAoACAAGAB0AFwAYAAsAAgEAAAUABQEAAAAAACsAAwID
BAAtAAIBAbKQu2p/AggANgAAADYAAABSVAAaBAX2Weus8DIIAEUAACj0z0AAQAYsq8CozAHAqMwC
GTLUceasiM8AABpKUBAAPxlwAACykLtqvQMIAHEDAABxAwAAUlQAGgQF9lnrrPAyCABFAANj9NBA
AEAGKW/AqMwBwKjMAhky1HHmrIjPAAAaSlAYAD8cqwAAFgMDAHoCAAB2AwPcq0IhHgJPTGyS9KLJ
QgsrKwKVgk7PUftKXNQSrxadbiDFhbEfVzTyQ554Zns0Elu/3AwDYWLGEXAlh58VIK+LmBMBAAAu
ADMAJAAdACDXmRTlukV/EYbpNfJ5ypOlv+oZVa44e3tlOnB+AbC5IQArAAIDBBQDAwABARcDAwKx
zwBvRaR6yt9aLJlf6xQW94u7hraUte4Zs+xGS2kahbuqaHvn+Cf5582AMsRpHb40kkegFwOAiLdY
NtW6Xr0ZK8mF9Tb8q2abkDKHwf2SV3Y2XcJWNyOhaYgHYp3I70/2Arz9xUGO7xbJf1fvYhzlj0M5
KbOnuGJNhTdXhBsQbxm+lWos3pO4BrQsLKRn+hogCWpnXLfRrWuEQGf/NG1nbtsdNIJq+UCH1AWs
QAhV1h2mwZEtx83Nc5p2Sz5bmfgg6hV1VdGGE1KM7myE4z8O5fq5+RqYzcxhy+KuiMate6fA4zHh
eT8FexxD+Du6KbQyfIDSygmO55ECPuRnwiigBfisJb0BkjhSWrWMN6YnQAMgySgZRFVo6LjhM/+a
Rv5tkLwurJCui+/yOp6D1u3ulXE0q6kHm5dQrPIJVFiP6R7p+McfY5urfOyY7RTgGVY3bQUwaG+h
fx1lLwaJHW29bt3CIH0LE8ezdWb68xEPzFKk5DvT25jt48f/XJPISEboo37bOuoASrCglroGEVUM
S77nLxyIrpvBM7E8V3gP4y4GI2IxlYIX4iIPpHD3gNE0CKRv/eFXFf43ODonqwseytbVmaapcrZB
YEg7wmlD4vtm9UI3VJMbEsNif47rBi0SgqfhbYlqJcveXJgIwF1XiwXU49aQIysJTOAy1+0WS0vd
L6I66ZFZMEXQ6k76c5m4zDn9fKbONUVmuBE/xFSrl8+Hg0yAqorYc+Y0QzUgvc23eNXv9v3cADQ9
RNe91XG3wHfc27DZLDDZe4EX3djs+0fJw7zxIHXrbJ38hGweP3HilGKuh3PQdnqXI/LU99VZwAuF
i2Dyb322XmGJRGqshnmkVEzIFbQ5HlB+yY4lOyalmY1ys24xMjI2T2K/8AxUUJLin1wY7ggRZ6m/
JupbwWWykLtq9RcIADwAAAA8AAAA9lnrrPAyUlQAGgQFCABFAAAuAHgAAP8GofzAqMwCwKjMAdRx
GTIAABpK5qyMClAYP8zD+wAAFAMDAAEBspC7asS0CAA2AAAANgAAAFJUABoEBfZZ66zwMggARQAA
KPTRQABABiypwKjMAcCozAIZMtRx5qyMCgAAGlBQEAA/GXAAALKQu2o7tQgA1QIAANUCAAD2Weus
8DJSVAAaBAUIAEUAAscAeQAA/wafYsCozALAqMwB1HEZMgAAGlDmrIwKUBg/zOpTAAAXAwMCX5tL
cY1FntY4+gAkFCSklLnock5uv8wqT1Z4/S9qKK6LNwptJT+tvSaTMJESm4y7SOCxmulGWx71Lehs
4QywS+UFf+BuVGr6x6LtZcLGcwSbQi7wneT7zZi/1DpiZfBNTY9NJlpSdSAshkB/Jkg1nVI4LAPB
asH59TzRDL98Y2vRPm6NVU8Iegv+6kxkFU5XTtV9z5jduyntO9Ztdpl8yC21YNEd+VlSSo6E6cUp
nO/Cy+Trj/uNMwgG0hk8zPbsgio0uV4jdLINkCQDpt+YNVAHTqqOCTPqzKyNUbNLc9/yo7U/9kMl
U32/QlXEoc00M85qzT2vjVcu6a3IiXqIcoZ7KFJezlCnt4oV02m04c7tNonBldM4i0yGcxAwQzt+
H/wXJ1JCwZSz7u43L/lNBduqxBY1AJ0D9buVSNJzS571GdrQkd5wMW+X2v8bDFM90YbkqyXIFFcK
rgb6E41jx3HVndTnp6YxdcmwiGqL+Mgxx6vUpJCWe4tdWkckM4tl16ZPeMTZ2rNSQ5O5LikztcsK
BoFS+lrNacHOQ3rYHLtFfpwSbBczj8wu/NBetAqQSk2QZM14eNukUk1Zd91MWzw4t0AwQSvBvXtw
/8OCAG+97KPoNsUzBvL7zmOKLwMcJnCIJ11TslIy+8Q1L9xDXoY9w9LA+Z8oOe6NHF5R4luN98h8
LDBvIIYERevJUmlkKWZ9a6IIgHh9Y8orgbI3hZ0YYsCyZeRjoSfxKu8dsNh7Y6U0vMzdArsvuwrA
DuwaW1XxA6LMcYumnkelHDaa34PIUOu5BnKEfJ2oUhhu9wAXAwMANreR2rCuoayzgHcovjx4JjAr
tbdwvufSUxPp92IJHm7N4p9GcKWWVQMjL5R/A7agtMN17CxR1rKQu2pTtQgANgAAADYAAABSVAAa
BAX2Weus8DIIAEUAACj00kAAQAYsqMCozAHAqMwCGTLUceasjAoAABzvUBAAPxlwAACykLtq1LYI
AO4AAADuAAAAUlQAGgQF9lnrrPAyCABFAADg9NNAAEAGK+/AqMwBwKjMAhky1HHmrIwKAAAc71AY
AD8aKAAAFwMDALN14Btt0owsnFBH3VILFeF3F5CkyADJtOQ6ut4jDkWbTULHJS/Otl4qqdkHH8rU
5toHOwpvsFeRuR9Tm523wfYB9HQmBaEjVwlP4184ukIvxOoB6q4N0Q2ojS909xUqNUqRT0VNUdpF
9i1tq35rFvo5lc+roZPMUnzJQrR3E0GR1S2HPtbh0Fdg40rk7f4TgU4Iq4zTbgy8NcjpS9lB8VtE
y0P+aBCYXarCGJXar/LuNyvXwLKQu2om1QkANgAAADYAAAD2Weus8DJSVAAaBAUIAEUAACgAegAA
/waiAMCozALAqMwB1HEZMgAAHO/mrIzCUBA/wNi8AACykLtqQdUJAHIAAAByAAAAUlQAGgQF9lnr
rPAyCABFAABk9NRAAEAGLGrAqMwBwKjMAhky1HHmrIzCAAAc71AYAD8ZrAAAFwMDADcj4ff3hI1Z
hJxs0IIcCaFQ6AfKuC02kqnQT5HFJhqa05us5bPJf6vWQtL+QFW9g0RLv36JDMxCspC7alIMDABa
AAAAWgAAADMzAAAAFvZZ66zwMobdYAAAAAAkAAH+gAAAAAAAAPRZ6//+rPAy/wIAAAAAAAAAAAAA
AAAAFjoABQIAAAEAjwCw8AAAAAEEAAAA/wIAAAAAAAAAAAAB/6zwMrKQu2qCJQ0AcgAAAHIAAABS
VAAaBAX2Weus8DIIAEUAAGT01UAAQAYsacCozAHAqMwCGTLUceasjMIAABzvUBgAPxmsAAAXAwMA
NyPh9/eEjVmEnGzQghwJoVDoB8q4LTaSqdBPkcUmGprTm6zls8l/q9ZC0v5AVb2DREu/fokMzEKy
kLtqPCYNADYAAAA2AAAA9lnrrPAyUlQAGgQFCABFAAAoAHsAAP8Gof/AqMwCwKjMAdRxGTIAABzv
5qyM/lAQP7zYhAAAtpC7apnRAABGAAAARgAAADMzAAAAAvZZ66zwMobdYAAAAAAQOv/+gAAAAAAA
APRZ6//+rPAy/wIAAAAAAAAAAAAAAAAAAoUA2roAAAAAAQH2Weus8DK6kLtq/wkKAHUAAAB1AAAA
9lnrrPAyUlQAGgQFCABFAABnAHwAAP8Gob/AqMwCwKjMAdRxGTIAABzv5qyM/lAYP7ykhQAAFwMD
ADoL9Mbr/D6rEZ3+fomj42f+VLi/GDUz/rptdO2STYmzpzFdx82Bmg5GK5k9DwbxOkr7+Jc2r5CB
U3dKupC7aqoKCgB2AAAAdgAAAFJUABoEBfZZ66zwMggARQAAaPTWQABABixkwKjMAcCozAIZMtRx
5qyM/gAAHS5QGAA/GbAAABcDAwA70HgNZrYXVe6BmEhCKPmZkqadJ6vbrYPwYzHS60tIARcRpMGP
8rgIQ+tcPlo23khxVawWrs0JpeI82BK6kLtqZ10KAE4AAABOAAAA9lnrrPAyUlQAGgQFCABFAABA
AH0AAP8GoeXAqMwCwKjMAdRxGTIAAB0u5qyNPlAYP7jrswAAFwMDABOiu+k6hPrJpzuD57+kCSfl
LPQ8upC7auldCgBOAAAATgAAAFJUABoEBfZZ66zwMggARQAAQPTXQABABiyLwKjMAcCozAIZMtRx
5qyNPgAAHUZQGAA/GYgAABcDAwATbI9ZnbGbQ4UfRFBMv7b0tLdEkrqQu2r+XQoANgAAADYAAABS
VAAaBAX2Weus8DIIAEUAACj02EAAQAYsosCozAHAqMwCGTLUceasjVYAAB1GUBEAPxlwAAC6kLtq
kV4KADYAAAA2AAAA9lnrrPAyUlQAGgQFCABFAAAoAH4AAP8GofzAqMwCwKjMAdRxGTIAAB1G5qyN
V1AQP7fX2QAAupC7amFhCgA2AAAANgAAAPZZ66zwMlJUABoEBQgARQAAKAB/AAD/BqH7wKjMAsCo
zAHUcRkyAAAdRuasjVdQFP8/GE0AALqQu2rfdAoAPgAAAD4AAAD2Weus8DJSVAAaBAUIAEUAADAA
gAAA/wah8sCozALAqMwB1HIZKwAAGZsAAAAAcAL//2ONAAACBAW0AQMDBLqQu2r7dAoAPgAAAD4A
AABSVAAaBAX2Weus8DIIAEUAADAAAEAAQAYhc8CozAHAqMwCGSvUcg7G9A0AABmccBL68Bl4AAAC
BAW0AQMDCrqQu2p6dQoANgAAADYAAAD2Weus8DJSVAAaBAUIAEUAACgAgQAA/wah+cCozALAqMwB
1HIZKwAAGZwOxvQOUBA//0xxAAC6kLtqfbsKADYAAAA2AAAA9lnrrPAyUlQAGgQFCABFAAAoAIIA
AP8GofjAqMwCwKjMAdRyGSsAABmcDsb0DlARP/9McAAAupC7aq+7CgA2AAAANgAAAFJUABoEBfZZ
66zwMggARQAAKBlxQABABggKwKjMAcCozAIZK9RyDsb0DgAAGZ1QEQA/GXAAALqQu2oJCQsAPgAA
AD4AAAD2Weus8DJSVAAaBAUIAEUAADAAgwAA/wah78CozALAqMwB1HMZKwAAGa8AAAAAcAL//2N4
AAACBAW0AQMDBLqQu2ohCQsAPgAAAD4AAABSVAAaBAX2Weus8DIIAEUAADAAAEAAQAYhc8CozAHA
qMwCGSvUc6h21vMAABmwcBL68Bl4AAACBAW0AQMDCrqQu2rVLAsANgAAADYAAAD2Weus8DJSVAAa
BAUIAEUAACgAhAAA/wah9sCozALAqMwB1HIZKwAAGZ0OxvQPUBA//0xvAAC6kLtqq0ILADYAAAA2
AAAA9lnrrPAyUlQAGgQFCABFAAAoAIUAAP8GofXAqMwCwKjMAdRzGSsAABmwqHbW9FAQP//PxQAA
upC7arVbCwA2AAAANgAAAPZZ66zwMlJUABoEBQgARQAAKACGAAD/BqH0wKjMAsCozAHUcxkrAAAZ
sKh21vRQET//z8QAALqQu2oMXAsANgAAADYAAABSVAAaBAX2Weus8DIIAEUAACglDkAAQAb8bMCo
zAHAqMwCGSvUc6h21vQAABmxUBEAPxlwAAA=
----- END tap.pcap base64 -----

===== run verdict =====
IGKM-E: VERDICT A pass-through=PASS
IGKM-E: VERDICT B deny=PASS
IGKM-E: VERDICT D server-first=PASS
IGKM-E: VERDICT S1 inbound-allowed=PASS
IGKM-E: VERDICT S2 inbound-denied=PASS
IGKM-E: VERDICT N1 nb-epoll-LT-client-first=PASS
IGKM-E: VERDICT N2 nb-epoll-LT-server-first=PASS
IGKM-E: VERDICT N3 nb-epoll-ET-1byte-bulk=PASS
IGKM-E: VERDICT N4 nb-poll-1byte-server-first=PASS
IGKM-E: VERDICT K keyupdate=PASS
IGKM-E: VERDICT R1 raw-nst-keyupdate-not-requested=PASS
IGKM-E: VERDICT R2 raw-unexpected-message=PASS
IGKM-E: VERDICT N5 nb-deny=PASS
IGKM-E: VERDICT E client-first=PASS
IGKM-E: VERDICT E after-relay-kill=PASS
IGKM-E: VERDICT F agent-down=PASS
IGKM-E: VERDICT N6 nb-agent-down=PASS
RELAY[c1] custody: host->guest total 436 bytes; client SVID key occurrences PKCS#8 DER=0 PEM=0 private scalar=0; guest-server SVID key occurrences PKCS#8 DER=0 PEM=0 private scalar=0; application traffic secrets sent (changed vs Spike B: expected 1 each when ALLOW) = []
RELAY[c2] custody: host->guest total 1039 bytes; client SVID key occurrences PKCS#8 DER=0 PEM=0 private scalar=0; guest-server SVID key occurrences PKCS#8 DER=0 PEM=0 private scalar=0; application traffic secrets sent (changed vs Spike B: expected 1 each when ALLOW) = [1,1]
RELAY[c3] custody: host->guest total 1044 bytes; client SVID key occurrences PKCS#8 DER=0 PEM=0 private scalar=0; guest-server SVID key occurrences PKCS#8 DER=0 PEM=0 private scalar=0; application traffic secrets sent (changed vs Spike B: expected 1 each when ALLOW) = [1,1]
RELAY[c4] custody: host->guest total 1065 bytes; client SVID key occurrences PKCS#8 DER=0 PEM=0 private scalar=0; guest-server SVID key occurrences PKCS#8 DER=0 PEM=0 private scalar=0; application traffic secrets sent (changed vs Spike B: expected 1 each when ALLOW) = []
RELAY[c5] custody: host->guest total 1040 bytes; client SVID key occurrences PKCS#8 DER=0 PEM=0 private scalar=0; guest-server SVID key occurrences PKCS#8 DER=0 PEM=0 private scalar=0; application traffic secrets sent (changed vs Spike B: expected 1 each when ALLOW) = [1,1]
RELAY[c6] custody: host->guest total 1039 bytes; client SVID key occurrences PKCS#8 DER=0 PEM=0 private scalar=0; guest-server SVID key occurrences PKCS#8 DER=0 PEM=0 private scalar=0; application traffic secrets sent (changed vs Spike B: expected 1 each when ALLOW) = [1,1]
RELAY[c7] custody: host->guest total 1040 bytes; client SVID key occurrences PKCS#8 DER=0 PEM=0 private scalar=0; guest-server SVID key occurrences PKCS#8 DER=0 PEM=0 private scalar=0; application traffic secrets sent (changed vs Spike B: expected 1 each when ALLOW) = [1,1]
RELAY[c8] custody: host->guest total 1040 bytes; client SVID key occurrences PKCS#8 DER=0 PEM=0 private scalar=0; guest-server SVID key occurrences PKCS#8 DER=0 PEM=0 private scalar=0; application traffic secrets sent (changed vs Spike B: expected 1 each when ALLOW) = [1,1]
RELAY[c9] custody: host->guest total 1039 bytes; client SVID key occurrences PKCS#8 DER=0 PEM=0 private scalar=0; guest-server SVID key occurrences PKCS#8 DER=0 PEM=0 private scalar=0; application traffic secrets sent (changed vs Spike B: expected 1 each when ALLOW) = [1,1]
RELAY[c10] custody: host->guest total 1040 bytes; client SVID key occurrences PKCS#8 DER=0 PEM=0 private scalar=0; guest-server SVID key occurrences PKCS#8 DER=0 PEM=0 private scalar=0; application traffic secrets sent (changed vs Spike B: expected 1 each when ALLOW) = [1,1]
RELAY[c11] custody: host->guest total 1039 bytes; client SVID key occurrences PKCS#8 DER=0 PEM=0 private scalar=0; guest-server SVID key occurrences PKCS#8 DER=0 PEM=0 private scalar=0; application traffic secrets sent (changed vs Spike B: expected 1 each when ALLOW) = [1,1]
RELAY[c12] custody: host->guest total 436 bytes; client SVID key occurrences PKCS#8 DER=0 PEM=0 private scalar=0; guest-server SVID key occurrences PKCS#8 DER=0 PEM=0 private scalar=0; application traffic secrets sent (changed vs Spike B: expected 1 each when ALLOW) = []
RELAY[c13] custody: host->guest total 1041 bytes; client SVID key occurrences PKCS#8 DER=0 PEM=0 private scalar=0; guest-server SVID key occurrences PKCS#8 DER=0 PEM=0 private scalar=0; application traffic secrets sent (changed vs Spike B: expected 1 each when ALLOW) = [1,1]

===== cleanup =====
deleting tap igke29101928

===== post-run host state (must match pre-run) =====
links added:   
links removed: 
firecracker processes before: [] after: []
tap igke29101928 present: no
192.168.204.x on host: 0
listeners on 5001/6443-6450: []
igkme processes left: []
run dir present: no
