source_increment,run,serial_line,kind,variant,protocol,population,eligible_active,participating_peers,maximum_inflight_datagrams,payload,target_per_s,actual_offered_per_s,actual_sent_per_s,maximum_inflight_peers,actor_user_cpu_s,actor_system_cpu_s,latency_sample_count,repeat,duration_s,delivered_roundtrips,application_bytes_delivered,application_GiB_per_s,delivered_datagrams_per_s,vm_busy_core_seconds,vm_mean_busy_cores,vm_steal_seconds,vm_core_seconds_per_delivered_GiB,vm_cpu_us_per_delivered_datagram,p50_us,p95_us,p99_us,offered,sent,guest_delivered,app_delivered,loss_host_guest,loss_guest_host,qemu_cpu_seconds_approx,corrupt,boundary_violations
increment-c,00-kernel-tcp,959,tcp-rr,kernel,tcp,1,1,,,64,100,99.97583114274873,99.97583114274873,,,,100,0,1.000241747,100,12800,1.1918047802775947e-05,199.95166228549746,0.06,0.05998549868564924,0.0,5033.1648,300.0,522.086,616.307,721.235,100,100,100,100,0,0,0.37718622019314196,0,0
increment-c,00-kernel-tcp,962,tcp-rr,kernel,tcp,1,1,,,64,1000,999.8218807321256,999.8218807321256,,,,1000,0,1.000178151,1000,128000,0.00011918805607940263,1999.6437614642512,1.1,1.0998040688053383,0.0,9227.4688,550.0,519.732,583.588,610.249,1000,1000,1000,1000,0,0,1.6941795487702347,0,0
increment-c,00-kernel-tcp,965,tcp-rr,kernel,tcp,1,1,,,64,0,4096.258843406168,4096.258843406168,,,,4097,0,1.000180935,4097,524416,0.0004883121065385542,8192.517686812336,1.2,1.1997829172778625,0.0,2457.000146448621,146.4486209421528,229.385,366.191,474.013,4097,4097,4097,4097,0,0,3.081603029557469,0,0
increment-c,00-kernel-tcp,968,tcp-rr,kernel,tcp,1,1,,,64,0,4371.150576164287,4371.150576164287,,,,4372,1,1.000194325,4372,559616,0.0005210817547040327,8742.301152328573,1.26,1.2597551980711348,0.0,2417.5768709972554,144.09881061299177,228.204,258.008,277.728,4372,4372,4372,4372,0,0,3.073921584329959,0,0
increment-c,00-kernel-tcp,971,tcp-rr,kernel,tcp,1,1,,,64,1000,999.7500235038731,999.7500235038731,,,,1000,1,1.000250039,1000,128000,0.00011917949003027357,1999.5000470077462,1.04,1.039740024444028,0.0,8724.152320000001,520.0,544.349,590.87,622.457,1000,1000,1000,1000,0,0,1.5810297761427314,0,0
increment-c,00-kernel-tcp,974,tcp-rr,kernel,tcp,1,1,,,64,100,99.97039886486651,99.97039886486651,,,,100,1,1.000296099,100,12800,1.1917400224788965e-05,199.94079772973302,0.07,0.06997927920540656,0.0,5872.025600000001,350.0,524.469,728.777,766.163,100,100,100,100,0,0,0.31619253042282125,0,0
increment-c,00-kernel-tcp,977,tcp-rr,kernel,tcp,1,1,,,64,100,99.97208749325561,99.97208749325561,,,,100,2,1.000279203,100,12800,1.1917601524979545e-05,199.94417498651123,0.0,0.0,0.0,0.0,0.0,566.372,714.475,731.831,100,100,100,100,0,0,0.5972419935597948,0,0
increment-c,00-kernel-tcp,980,tcp-rr,kernel,tcp,1,1,,,64,1000,999.7890035289063,999.7890035289063,,,,1000,2,1.000211041,1000,128000,0.00011918413681136445,1999.5780070578126,0.0,0.0,0.0,0.0,0.0,444.679,500.222,537.278,1000,1000,1000,1000,0,0,1.6976792170668418,0,0
increment-c,00-kernel-tcp,983,tcp-rr,kernel,tcp,1,1,,,64,0,4248.106708121417,4248.106708121417,,,,4249,2,1.00021028,4249,543872,0.0005064137826110622,8496.213416242834,1.2,1.1997477170500588,0.0,2369.105577783008,141.20969639915273,228.994,290.517,375.755,4249,4249,4249,4249,0,0,2.74604893499826,0,0
increment-c,00-kernel-tcp,989,tcp-rr,kernel,tcp,1,1,,,1024,100,99.98421339256323,99.98421339256323,,,,100,0,1.000157891,100,204800,0.00019070475271713874,199.96842678512647,0.01,0.009998421339256325,0.0,52.4288,50.0,478.8,557.649,626.122,100,100,100,100,0,0,0.5694539177735471,0,0
increment-c,00-kernel-tcp,992,tcp-rr,kernel,tcp,1,1,,,1024,1000,999.7708745105214,999.7708745105214,,,,1000,0,1.000229178,1000,2048000,0.0019069116106234004,1999.5417490210427,1.14,1.1397387969419943,0.0,597.68832,570.0,527.163,600.143,629.347,1000,1000,1000,1000,0,0,1.6774757950453747,0,0
increment-c,00-kernel-tcp,995,tcp-rr,kernel,tcp,1,1,,,1024,0,4126.86971228885,4126.86971228885,,,,4128,0,1.000273885,4128,8454144,0.007871379303529453,8253.7394245777,1.2,1.1996714279909448,0.0,152.4093023255814,145.34883720930233,230.567,352.5,433.693,4128,4128,4128,4128,0,0,2.7433469357010054,0,0
increment-c,00-kernel-tcp,998,tcp-rr,kernel,tcp,1,1,,,1024,0,4302.682673461963,4302.682673461963,,,,4304,1,1.000306164,4304,8814592,0.008206715914653707,8605.365346923925,1.24,1.2396204728375542,0.0,151.04951672862452,144.05204460966542,229.435,269.045,313.232,4304,4304,4304,4304,0,0,2.9568526047083807,0,0
increment-c,00-kernel-tcp,1001,tcp-rr,kernel,tcp,1,1,,,1024,1000,999.8033396828878,999.8033396828878,,,,1000,1,1.000196699,1000,2048000,0.0019069735330255275,1999.6066793657756,1.14,1.139775807238492,0.0,597.68832,570.0,488.505,556.577,589.056,1000,1000,1000,1000,0,0,1.6332564045689395,0,0
increment-c,00-kernel-tcp,1004,tcp-rr,kernel,tcp,1,1,,,1024,100,99.98012565068277,99.98012565068277,,,,100,1,1.000198783,100,204800,0.00019069695596825173,199.96025130136553,0.0,0.0,0.0,0.0,0.0,552.772,617.839,632.181,100,100,100,100,0,0,0.5111665991235341,0,0
increment-c,00-kernel-tcp,1007,tcp-rr,kernel,tcp,1,1,,,1024,100,99.97884527617032,99.97884527617032,,,,100,2,1.000211592,100,204800,0.00019069451384767593,199.95769055234064,0.0,0.0,0.0,0.0,0.0,556.517,604.309,639.311,100,100,100,100,0,0,0.4335616227621628,0,0
increment-c,00-kernel-tcp,1010,tcp-rr,kernel,tcp,1,1,,,1024,1000,999.8157139676015,999.8157139676015,,,,1000,2,1.00018432,1000,2048000,0.0019069971351005582,1999.631427935203,1.06,1.0598046568056576,0.0,555.74528,530.0,469.777,560.483,593.493,1000,1000,1000,1000,0,0,1.4873517008532886,0,0
increment-c,00-kernel-tcp,1013,tcp-rr,kernel,tcp,1,1,,,1024,0,4220.886825517507,4220.886825517507,,,,4222,2,1.00026373,4222,8646656,0.00805070271590711,8441.773651035013,1.19,1.1896862440468576,0.0,147.77421127427758,140.92846991946945,230.747,280.432,377.347,4222,4222,4222,4222,0,0,3.1199075009034587,0,0
increment-c,00-kernel-tcp,1019,tcp-rr,kernel,tcp,1,1,,,65536,100,23.823390842836698,23.823390842836698,,,,24,0,1.007413267,24,3145728,0.002908128764994714,47.646781685673396,0.06,0.05955847710709174,0.0,20.48,1250.0,42907.568,43955.995,43989.897,24,24,24,24,0,0,0.2560385336641744,0,0
increment-c,00-kernel-tcp,1022,tcp-rr,kernel,tcp,1,1,,,65536,1000,23.945346709653645,23.945346709653645,,,,24,0,1.002282418,24,3145728,0.002923015955768267,47.89069341930729,0.02,0.019954455591378036,0.0,6.826666666666667,416.6666666666667,42955.721,43910.617,43911.398,24,24,24,24,0,0,0.4460154240854237,0,0
increment-c,00-kernel-tcp,1025,tcp-rr,kernel,tcp,1,1,,,65536,0,23.749508401256488,23.749508401256488,,,,24,0,1.010547233,24,3145728,0.002899109912262755,47.499016802512976,0.03,0.02968688550157061,0.0,10.24,625.0,43858.368,43977.668,44823.391,24,24,24,24,0,0,0.37578303877932484,0,0
increment-c,00-kernel-tcp,1028,tcp-rr,kernel,tcp,1,1,,,65536,0,23.917130324404273,23.917130324404273,,,,24,1,1.003464867,24,3145728,0.002919571572803256,47.834260648808545,0.03,0.02989641290550534,0.0,10.24,625.0,43058.515,43911.448,43926.982,24,24,24,24,0,0,0.3222438075145888,0,0
increment-c,00-kernel-tcp,1031,tcp-rr,kernel,tcp,1,1,,,65536,1000,23.98286572937404,23.98286572937404,,,,24,1,1.000714438,24,3145728,0.0029275959142302296,47.96573145874808,0.02,0.01998572144114503,0.0,6.826666666666667,416.6666666666667,42905.795,43935.695,43975.435,24,24,24,24,0,0,0.43620579425729744,0,0
increment-c,00-kernel-tcp,1034,tcp-rr,kernel,tcp,1,1,,,65536,100,23.93691717508895,23.93691717508895,,,,24,1,1.002635378,24,3145728,0.0029219869598497254,47.8738343501779,0.0,0.0,0.0,0.0,0.0,42926.236,43790.476,43942.024,24,24,24,24,0,0,0.2854402344207969,0,0
increment-c,00-kernel-tcp,1037,tcp-rr,kernel,tcp,1,1,,,65536,100,23.843213773852643,23.843213773852643,,,,24,2,1.006575717,24,3145728,0.0029105485563784964,47.686427547705286,0.02,0.019869344811543867,0.0,6.826666666666667,416.6666666666667,42945.995,43929.956,43940.602,24,24,24,24,0,0,0.3849160916700711,0,0
increment-c,00-kernel-tcp,1040,tcp-rr,kernel,tcp,1,1,,,65536,1000,23.968477090363344,23.968477090363344,,,,24,2,1.001315182,24,3145728,0.002925839488569744,47.93695418072669,0.02,0.01997373090863612,0.0,6.826666666666667,416.6666666666667,42937.754,44057.618,44729.089,24,24,24,24,0,0,0.431377379262166,0,0
increment-c,00-kernel-tcp,1043,tcp-rr,kernel,tcp,1,1,,,65536,0,23.841098577319094,23.841098577319094,,,,24,2,1.006665021,24,3145728,0.0029102903536766473,47.68219715463819,0.03,0.02980137322164887,0.0,10.24,625.0,43844.889,43902.364,43940.903,24,24,24,24,0,0,0.2603012295552105,0,0
increment-c,00-kernel-tcp,1054,tcp-rr,kernel,tcp,64,64,,,64,100,99.9612964854203,99.9612964854203,,,,100,0,1.000387185,100,12800,1.1916315136601961e-05,199.9225929708406,0.0,0.0,0.0,0.0,0.0,417.448,747.185,2918.151,100,100,100,100,0,0,0.18393625876932163,0,0
increment-c,00-kernel-tcp,1057,tcp-rr,kernel,tcp,64,64,,,64,1000,999.7588221807724,999.7588221807724,,,,1000,0,1.000241236,1000,128000,0.00011918053891429572,1999.5176443615449,0.73,0.7298239401919638,0.0,6123.68384,365.0,372.089,660.073,748.125,1000,1000,1000,1000,0,0,0.8392284639997669,0,0
increment-c,00-kernel-tcp,1060,tcp-rr,kernel,tcp,64,64,,,64,0,38633.41723641419,38633.41723641419,,,,38651,0,1.000455118,38651,4947328,0.004605462221671843,77266.83447282838,3.87,3.8682394945777068,0.0,839.9242700059507,50.06338775193397,92.62,145.249,328.434,38651,38651,38651,38651,0,0,3.955094589901613,0,0
increment-c,00-kernel-tcp,1064,tcp-rr,kernel,tcp,64,64,,,64,0,20752.70787200252,20752.70787200252,,,,20760,1,1.000351382,20760,2657280,0.002473915561676326,41505.41574400504,3.01,3.0089427116920797,0.0,1216.2673448940268,72.495183044316,158.318,356.507,428.424,20760,20760,20760,20760,0,0,3.487580729156349,0,0
increment-c,00-kernel-tcp,1067,tcp-rr,kernel,tcp,64,64,,,64,1000,999.4919202762306,999.4919202762306,,,,1000,1,1.000508338,1000,128000,0.00011914872172787555,1998.9838405524613,0.54,0.5397256369491646,0.0,4529.84832,270.0,438.119,637.229,701.535,1000,1000,1000,1000,0,0,0.7732577026505538,0,0
increment-c,00-kernel-tcp,1070,tcp-rr,kernel,tcp,64,64,,,64,100,99.97039786545845,99.97039786545845,,,,100,1,1.000296109,100,12800,1.191740010565024e-05,199.9407957309169,0.08,0.07997631829236677,0.0,6710.8864,400.0,578.36,774.555,1339.475,100,100,100,100,0,0,0.4597861155212968,0,0
increment-c,00-kernel-tcp,1073,tcp-rr,kernel,tcp,64,64,,,64,100,99.9704830150964,99.9704830150964,,,,100,2,1.000295257,100,12800,1.1917410256278086e-05,199.9409660301928,0.05,0.049985241507548205,0.0,4194.304,250.0,460.713,736.017,838.542,100,100,100,100,0,0,0.20185855960893662,0,0
increment-c,00-kernel-tcp,1076,tcp-rr,kernel,tcp,64,64,,,64,1000,999.7642975687337,999.7642975687337,,,,1000,2,1.000235758,1000,128000,0.0001191811916314046,1999.5285951374674,0.0,0.0,0.0,0.0,0.0,317.448,565.752,639.542,1000,1000,1000,1000,0,0,0.863137762751407,0,0
increment-c,00-kernel-tcp,1079,tcp-rr,kernel,tcp,64,64,,,64,0,19780.60452648266,19780.60452648266,,,,19788,2,1.000373875,19788,2532864,0.0023580318124869657,39561.20905296532,3.01,3.0088750568381246,0.0,1276.0112229634121,76.05619567414595,185.879,356.176,440.162,19788,19788,19788,19788,0,0,3.7908710723070556,0,0
increment-c,00-kernel-tcp,1085,tcp-rr,kernel,tcp,64,64,,,1024,100,99.95238568203266,99.95238568203266,,,,100,0,1.00047637,100,204800,0.00019064404617697269,199.9047713640653,0.08,0.07996190854562613,0.0,419.4304,400.0,538.79,757.61,869.278,100,100,100,100,0,0,0.3376325859033926,0,0
increment-c,00-kernel-tcp,1088,tcp-rr,kernel,tcp,64,64,,,1024,1000,999.7161206103915,999.7161206103915,,,,1000,0,1.00028396,1000,2048000,0.0019068071758468466,1999.432241220783,0.32,0.31990915859532526,0.0,167.77216,160.0,372.951,656.537,745.231,1000,1000,1000,1000,0,0,0.8076225007849445,0,0
increment-c,00-kernel-tcp,1091,tcp-rr,kernel,tcp,64,64,,,1024,0,19477.780686193557,19477.780686193557,,,,19484,0,1.000319303,19484,39903232,0.037150918362033,38955.561372387114,3.02,3.019036012744023,0.0,81.26410182714022,77.49948675836583,194.653,353.723,418.57,19484,19484,19484,19484,0,0,3.7547518246994827,0,0
increment-c,00-kernel-tcp,1094,tcp-rr,kernel,tcp,64,64,,,1024,0,25892.66743245277,25892.66743245277,,,,25896,1,1.000128707,25896,53035008,0.049386343827157536,51785.33486490554,3.3,3.2995753215590877,0.0,66.8114921223355,63.71640407784986,132.059,288.745,362.645,25896,25896,25896,25896,0,0,3.7540329192722055,0,0
increment-c,00-kernel-tcp,1097,tcp-rr,kernel,tcp,64,64,,,1024,1000,999.6585995940424,999.6585995940424,,,,1000,1,1.000341517,1000,2048000,0.001906697463214955,1999.3171991880847,0.55,0.5498122297767234,0.0,288.3584,275.0,465.35,669.267,735.967,1000,1000,1000,1000,0,0,0.8647836995178295,0,0
increment-c,00-kernel-tcp,1100,tcp-rr,kernel,tcp,64,64,,,1024,100,99.96695792139823,99.96695792139823,,,,100,1,1.00033053,100,204800,0.00019067184051780364,199.93391584279647,0.07,0.06997687054497877,0.0,367.00160000000005,350.0,518.21,734.805,900.245,100,100,100,100,0,0,0.31506536923215833,0,0
increment-c,00-kernel-tcp,1103,tcp-rr,kernel,tcp,64,64,,,1024,100,99.97213146871538,99.97213146871538,,,,100,2,1.000278763,100,204800,0.00019068170827620578,199.94426293743075,0.0,0.0,0.0,0.0,0.0,531.209,742.808,813.764,100,100,100,100,0,0,0.42692451992708413,0,0
increment-c,00-kernel-tcp,1106,tcp-rr,kernel,tcp,64,64,,,1024,1000,999.7241880931954,999.7241880931954,,,,1000,2,1.000275888,1000,2048000,0.0019068225633491428,1999.4483761863908,0.02,0.019994483761863906,0.0,10.48576,10.0,271.368,491.259,661.786,1000,1000,1000,1000,0,0,0.5865000576391708,0,0
increment-c,00-kernel-tcp,1109,tcp-rr,kernel,tcp,64,64,,,1024,0,19249.889487357297,19249.889487357297,,,,19253,2,1.000161586,19253,39430144,0.03671625039550266,38499.778974714594,3.0,2.9995153203174514,0.0,81.69448917051888,77.90993611385238,189.445,363.277,429.787,19253,19253,19253,19253,0,0,3.3068649790169786,0,0
increment-c,00-kernel-tcp,1115,tcp-rr,kernel,tcp,64,64,,,65536,100,99.96835601658651,99.96835601658651,,,,100,0,1.00031654,100,13107200,0.01220316845905597,199.93671203317302,0.1,0.09996835601658652,0.0,8.192,500.0,2195.653,3340.026,4019.167,100,100,100,100,0,0,0.47414014654586367,0,0
increment-c,00-kernel-tcp,1118,tcp-rr,kernel,tcp,64,64,,,65536,1000,999.6251635550456,999.6251635550456,,,,1000,0,1.000374977,1000,131072000,0.12202455609802802,1999.2503271100911,0.9,0.899662647199541,0.0,7.3728,450.0,2463.577,2717.248,3446.095,1000,1000,1000,1000,0,0,1.6537409306083788,0,0
increment-c,00-kernel-tcp,1121,tcp-rr,kernel,tcp,64,64,,,65536,0,824.4159053413434,824.4159053413434,,,,848,0,1.028607035,848,111149056,0.10063670719498821,1648.8318106826869,0.72,0.6999757686860463,0.0,6.955471698113207,424.52830188679246,2053.159,42431.351,43608.813,848,848,848,848,0,0,2.113784785279279,0,0
increment-c,00-kernel-tcp,1124,tcp-rr,kernel,tcp,64,64,,,65536,0,815.5373531324351,815.5373531324351,,,,846,1,1.037352853,846,110886912,0.0995528995522992,1631.0747062648702,0.69,0.6651545787959576,0.0,6.681418439716311,407.8014184397163,2045.748,42490.931,43629.675,846,846,846,846,0,0,1.759736764837072,0,0
increment-c,00-kernel-tcp,1127,tcp-rr,kernel,tcp,64,64,,,65536,1000,999.7518346013525,999.7518346013525,,,,1000,1,1.000248227,1000,131072000,0.12204001887223541,1999.503669202705,0.87,0.8697840961031766,0.0,7.12704,435.0,1706.298,2760.223,3657.583,1000,1000,1000,1000,0,0,1.6715094505871946,0,0
increment-c,00-kernel-tcp,1130,tcp-rr,kernel,tcp,64,64,,,65536,100,99.96030366424856,99.96030366424856,,,,100,1,1.000397121,100,13107200,0.012202185505889716,199.9206073284971,0.06,0.059976182198549124,0.0,4.9152,300.0,2349.115,3306.615,3386.455,100,100,100,100,0,0,0.3820167798752294,0,0
increment-c,00-kernel-tcp,1133,tcp-rr,kernel,tcp,64,64,,,65536,100,99.9649582835233,99.9649582835233,,,,100,2,1.00035054,100,13107200,0.012202753696719153,199.9299165670466,0.07,0.06997547079846632,0.0,5.734400000000001,350.0,2256.906,3389.71,15151.577,100,100,100,100,0,0,0.5693489635950613,0,0
increment-c,00-kernel-tcp,1136,tcp-rr,kernel,tcp,64,64,,,65536,1000,999.7152790890849,999.7152790890849,,,,1000,2,1.000284802,1000,131072000,0.12203555652942931,1999.4305581781698,0.16,0.1599544446542536,0.0,1.31072,80.0,2304.027,3191.201,3451.143,1000,1000,1000,1000,0,0,1.5600802312528685,0,0
increment-c,00-kernel-tcp,1139,tcp-rr,kernel,tcp,64,64,,,65536,0,829.1312324678606,829.1312324678606,,,,845,2,1.01913903,845,110755840,0.10121230865086189,1658.2624649357213,0.7,0.6868542754171626,0.0,6.786272189349112,414.20118343195264,2002.042,42431.081,43420.42,845,845,845,845,0,0,1.954085868367855,0,0
increment-c,00-kernel-tcp,1154,tcp-rr,kernel,tcp,1024,64,,,64,100,99.96833303114573,99.96833303114573,,,,100,0,1.00031677,100,12800,1.1917153958218781e-05,199.93666606229147,0.08,0.07997466642491659,0.0,6710.8864,400.0,421.845,667.664,4353.69,100,100,100,100,0,0,0.3234322090392254,0,0
increment-c,00-kernel-tcp,1157,tcp-rr,kernel,tcp,1024,64,,,64,1000,999.5752574828647,999.5752574828647,,,,1000,0,1.000424923,1000,128000,0.00011915865629707154,1999.1505149657294,0.77,0.7696729482618058,0.0,6459.228160000001,385.0,440.022,697.87,831.231,1000,1000,1000,1000,0,0,0.9156021088083719,0,0
increment-c,00-kernel-tcp,1160,tcp-rr,kernel,tcp,1024,64,,,64,0,17726.57964557133,17726.57964557133,,,,17733,0,1.000362188,17733,2269824,0.002113172965713898,35453.15929114266,2.86,2.8589645173593867,0.0,1352.9249918231544,80.6406135453674,223.206,370.787,462.777,17733,17733,17733,17733,0,0,3.9770420962348396,0,0
increment-c,00-kernel-tcp,1163,tcp-rr,kernel,tcp,1024,64,,,64,0,21335.379855573825,21335.379855573825,,,,21341,1,1.000263419,21341,2731648,0.0025433754748790055,42670.75971114765,3.02,3.0192046841213136,0.0,1187.0857110725833,70.75582212642331,164.678,338.309,440.663,21341,21341,21341,21341,0,0,3.42915838461397,0,0
increment-c,00-kernel-tcp,1166,tcp-rr,kernel,tcp,1024,64,,,64,1000,999.5891668532449,999.5891668532449,,,,1000,1,1.000411002,1000,128000,0.00011916031442323267,1999.1783337064899,0.03,0.029987675005597344,0.0,251.65823999999998,15.0,429.607,657.279,840.484,1000,1000,1000,1000,0,0,0.972996173023688,0,0
increment-c,00-kernel-tcp,1169,tcp-rr,kernel,tcp,1024,64,,,64,100,99.96055386611502,99.96055386611502,,,,100,1,1.000394617,100,12800,1.1916226609482172e-05,199.92110773223004,0.08,0.07996844309289201,0.0,6710.8864,400.0,593.153,846.804,1148.448,100,100,100,100,0,0,0.43310156813709,0,0
increment-c,00-kernel-tcp,1172,tcp-rr,kernel,tcp,1024,64,,,64,100,99.97181924378881,99.97181924378881,,,,100,2,1.000281887,100,12800,1.1917569547151186e-05,199.94363848757763,0.03,0.029991545773136643,0.0,2516.5824,150.0,421.774,687.654,842.247,100,100,100,100,0,0,0.3531270836830913,0,0
increment-c,00-kernel-tcp,1175,tcp-rr,kernel,tcp,1024,64,,,64,1000,999.6790670310365,999.6790670310365,,,,1000,2,1.000321036,1000,128000,0.00011917103135955769,1999.358134062073,0.01,0.009996790670310365,0.0,83.88608,5.0,388.365,610.819,683.158,1000,1000,1000,1000,0,0,0.8942474248851227,0,0
increment-c,00-kernel-tcp,1178,tcp-rr,kernel,tcp,1024,64,,,64,0,24887.151457328095,24887.151457328095,,,,24897,2,1.000395728,24897,3186816,0.0029667796441707724,49774.30291465619,3.18,3.1787420827530766,0.0,1071.44529220388,63.863116038076875,113.611,337.378,429.216,24897,24897,24897,24897,0,0,3.5789783190097637,0,0
increment-c,00-kernel-tcp,1184,tcp-rr,kernel,tcp,1024,64,,,1024,100,99.9626914244931,99.9626914244931,,,,100,0,1.000373225,100,204800,0.00019066370282076474,199.9253828489862,0.06,0.05997761485469586,0.0,314.5728,300.0,507.263,957.19,3146.174,100,100,100,100,0,0,0.46545450537851707,0,0
increment-c,00-kernel-tcp,1187,tcp-rr,kernel,tcp,1024,64,,,1024,1000,999.6374624811194,999.6374624811194,,,,1000,0,1.000362669,1000,2048000,0.00190665714737152,1999.2749249622389,0.13,0.12995287012254553,0.0,68.15744000000001,65.0,337.818,580.173,682.637,1000,1000,1000,1000,0,0,0.7204872099792681,0,0
increment-c,00-kernel-tcp,1190,tcp-rr,kernel,tcp,1024,64,,,1024,0,18365.431470363725,18365.431470363725,,,,18370,0,1.000248757,18370,37621760,0.03502928060600991,36730.86294072745,2.89,2.8892812710588553,0.0,82.4818900381056,78.66086009798585,206.821,366.943,454.114,18370,18370,18370,18370,0,0,3.311749202551539,0,0
increment-c,00-kernel-tcp,1193,tcp-rr,kernel,tcp,1024,64,,,1024,0,23055.55647882854,23055.55647882854,,,,23064,1,1.000366225,23064,47235072,0.043974984128624994,46111.11295765708,3.12,3.1188577963035486,0.0,70.9234547346514,67.63787721123829,145.719,317.438,389.056,23064,23064,23064,23064,0,0,3.3738091925973492,0,0
increment-c,00-kernel-tcp,1196,tcp-rr,kernel,tcp,1024,64,,,1024,1000,999.6559574060433,999.6559574060433,,,,1000,1,1.000344161,1000,2048000,0.0019066924236412874,1999.3119148120866,0.77,0.7697350872026534,0.0,403.70176000000004,385.0,400.442,616.568,791.972,1000,1000,1000,1000,0,0,0.8608162236899375,0,0
increment-c,00-kernel-tcp,1199,tcp-rr,kernel,tcp,1024,64,,,1024,100,99.96852121226102,99.96852121226102,,,,100,1,1.000314887,100,204800,0.00019067482225849347,199.93704242452205,0.07,0.06997796484858272,0.0,367.00160000000005,350.0,476.416,682.687,766.423,100,100,100,100,0,0,0.28346889433683486,0,0
increment-c,00-kernel-tcp,1202,tcp-rr,kernel,tcp,1024,64,,,1024,100,99.96669569546228,99.96669569546228,,,,100,2,1.000333154,100,204800,0.0001906713403615232,199.93339139092456,0.0,0.0,0.0,0.0,0.0,408.454,703.358,767.004,100,100,100,100,0,0,0.46240323258726335,0,0
increment-c,00-kernel-tcp,1205,tcp-rr,kernel,tcp,1024,64,,,1024,1000,999.7388412217242,999.7388412217242,,,,1000,2,1.000261227,1000,2048000,0.0019068505119738087,1999.4776824434484,0.79,0.7897936845651622,0.0,414.18752,395.0,353.622,618.441,754.596,1000,1000,1000,1000,0,0,0.7775444766395765,0,0
increment-c,00-kernel-tcp,1208,tcp-rr,kernel,tcp,1024,64,,,1024,0,17176.995630070734,17176.995630070734,,,,17181,2,1.000233124,17181,35186688,0.0327625191308417,34353.99126014147,2.86,2.8593334207556196,0.0,87.27452883999767,83.23147663116234,231.198,383.377,456.066,17181,17181,17181,17181,0,0,3.460294118276323,0,0
increment-c,00-kernel-tcp,1214,tcp-rr,kernel,tcp,1024,64,,,65536,100,99.96798974984216,99.96798974984216,,,,100,0,1.000320205,100,13107200,0.01220312374876003,199.93597949968432,0.09,0.08997119077485793,0.0,7.3728,450.0,2386.07,3293.265,3484.042,100,100,100,100,0,0,0.6840528461181918,0,0
increment-c,00-kernel-tcp,1217,tcp-rr,kernel,tcp,1024,64,,,65536,1000,999.6145856015316,999.6145856015316,,,,1000,0,1.000385563,1000,131072000,0.12202326484393697,1999.2291712030633,1.08,1.0795837524496543,0.0,8.84736,540.0,2394.864,3397.281,3528.088,1000,1000,1000,1000,0,0,1.6540044803435876,0,0
increment-c,00-kernel-tcp,1220,tcp-rr,kernel,tcp,1024,64,,,65536,0,834.4849405712163,834.4849405712163,,,,849,0,1.017394034,849,111280128,0.1018658374720723,1668.9698811424325,0.74,0.7273484758806832,0.0,7.140259128386337,435.8068315665489,2001.271,42435.337,43442.533,849,849,849,849,0,0,2.171480833791094,0,0
increment-c,00-kernel-tcp,1223,tcp-rr,kernel,tcp,1024,64,,,65536,0,818.1700518830899,818.1700518830899,,,,847,1,1.03523711,847,111017984,0.09987427391150999,1636.3401037661797,0.75,0.7244717106402803,0.0,7.25383707201889,442.7390791027155,2008.512,42460.135,43556.184,847,847,847,847,0,0,2.1567519512671254,0,0
increment-c,00-kernel-tcp,1226,tcp-rr,kernel,tcp,1024,64,,,65536,1000,999.7085729544809,999.7085729544809,,,,1000,1,1.000291512,1000,131072000,0.12203473790948254,1999.4171459089619,0.96,0.9597202300363016,0.0,7.864319999999999,480.0,2430.697,2684.288,2837.229,1000,1000,1000,1000,0,0,1.646973739883009,0,0
increment-c,00-kernel-tcp,1229,tcp-rr,kernel,tcp,1024,64,,,65536,100,99.9559277322121,99.9559277322121,,,,100,1,1.000440917,100,13107200,0.012201651334498548,199.9118554644242,0.11,0.10995152050543332,0.0,9.0112,550.0,2629.416,3664.343,3805.096,100,100,100,100,0,0,0.5190606713771047,0,0
increment-c,00-kernel-tcp,1232,tcp-rr,kernel,tcp,1024,64,,,65536,100,99.96337791668334,99.96337791668334,,,,100,2,1.000366355,100,13107200,0.012202560780845135,199.92675583336668,0.12,0.11995605350002,0.0,9.8304,600.0,2476.476,3610.041,3945.015,100,100,100,100,0,0,0.6104903971395572,0,0
increment-c,00-kernel-tcp,1235,tcp-rr,kernel,tcp,1024,64,,,65536,1000,999.7409741117946,999.7409741117946,,,,1000,2,1.000259093,1000,131072000,0.12203869312888117,1999.4819482235891,0.14,0.13996373637565124,0.0,1.1468800000000001,70.0,2312.099,2573.041,3128.788,1000,1000,1000,1000,0,0,1.6455939304822778,0,0
increment-c,00-kernel-tcp,1238,tcp-rr,kernel,tcp,1024,64,,,65536,0,817.2270680791183,817.2270680791183,,,,841,2,1.029089751,841,110231552,0.09975916358387675,1634.4541361582367,0.7,0.6802127796140104,0.0,6.818549346016646,416.1712247324614,2087.951,42466.825,43663.175,841,841,841,841,0,0,1.843946649889375,0,0
increment-c,00-kernel-tcp,1244,tcp-rr,kernel,tcp,1024,1024,,,64,100,99.9690376896158,99.9690376896158,,,,100,0,1.000309719,100,12800,1.1917237960054374e-05,199.9380753792316,0.02,0.01999380753792316,0.0,1677.7216,100.0,446.742,652.752,693.694,100,100,100,100,0,0,0.319786466673321,0,0
increment-c,00-kernel-tcp,1247,tcp-rr,kernel,tcp,1024,1024,,,64,1000,999.5786306269952,999.5786306269952,,,,1000,0,1.000421547,1000,128000,0.00011915905840718689,1999.1572612539903,0.38,0.37983987963825816,0.0,3187.67104,190.0,336.046,700.334,1665.967,1000,1000,1000,1000,0,0,0.8208324011624768,0,0
increment-c,00-kernel-tcp,1250,tcp-rr,kernel,tcp,1024,1024,,,64,0,13899.634319455141,13899.634319455141,,,,13904,0,1.000314086,13904,1779712,0.0016569655322379042,27799.268638910282,2.65,2.6491679334404576,0.0,1598.806904487917,95.29631760644419,281.955,419.511,536.477,13904,13904,13904,13904,0,0,3.7174647020147233,0,0
increment-c,00-kernel-tcp,1253,tcp-rr,kernel,tcp,1024,1024,,,64,0,14135.14500671319,14135.14500671319,,,,14139,1,1.000272724,14139,1809792,0.0016850405939475524,28270.29001342638,2.71,2.7092611194704537,0.0,1607.831365726006,95.83421741282976,282.836,404.629,488.875,14139,14139,14139,14139,0,0,3.6197687273623274,0,0
increment-c,00-kernel-tcp,1256,tcp-rr,kernel,tcp,1024,1024,,,64,1000,999.6506730719457,999.6506730719457,,,,1000,1,1.000349449,1000,128000,0.00011916764653586694,1999.3013461438914,0.89,0.8896890990340317,0.0,7465.8611200000005,445.0,384.117,678.25,1591.415,1000,1000,1000,1000,0,0,0.8411035397191426,0,0
increment-c,00-kernel-tcp,1259,tcp-rr,kernel,tcp,1024,1024,,,64,100,99.95031160164316,99.95031160164316,,,,100,1,1.000497131,100,12800,1.191500563641109e-05,199.90062320328633,0.05,0.04997515580082159,0.0,4194.304,250.0,429.947,760.414,913.584,100,100,100,100,0,0,0.41132120010587414,0,0
increment-c,00-kernel-tcp,1262,tcp-rr,kernel,tcp,1024,1024,,,64,100,99.96783165135639,99.96783165135639,,,,100,2,1.000321787,100,12800,1.1917094189090299e-05,199.93566330271278,0.05,0.0499839158256782,0.0,4194.304,250.0,423.337,694.805,716.328,100,100,100,100,0,0,0.4731171657115283,0,0
increment-c,00-kernel-tcp,1265,tcp-rr,kernel,tcp,1024,1024,,,64,1000,999.6893155548225,999.6893155548225,,,,1000,2,1.000310781,1000,128000,0.00011917225307879717,1999.378631109645,0.05,0.04998446577774113,0.0,419.4304,25.0,387.112,610.859,1550.763,1000,1000,1000,1000,0,0,0.7742122997916567,0,0
increment-c,00-kernel-tcp,1268,tcp-rr,kernel,tcp,1024,1024,,,64,0,13562.158309483515,13562.158309483515,,,,13567,2,1.000357,13567,1736576,0.0016167352568487543,27124.31661896703,2.59,2.589075699975109,0.0,1601.4221802904106,95.45220019164148,284.378,425.4,548.986,13567,13567,13567,13567,0,0,3.2642015793366568,0,0
increment-c,00-kernel-tcp,1274,tcp-rr,kernel,tcp,1024,1024,,,1024,100,99.96716708354458,99.96716708354458,,,,100,0,1.000328437,100,204800,0.0001906722394629375,199.93433416708916,0.08,0.07997373366683566,0.0,419.4304,400.0,439.361,858.682,1720.88,100,100,100,100,0,0,0.34421489344492784,0,0
increment-c,00-kernel-tcp,1277,tcp-rr,kernel,tcp,1024,1024,,,1024,1000,999.6420561696632,999.6420561696632,,,,1000,0,1.000358072,1000,2048000,0.0019066659091370834,1999.2841123393264,0.49,0.48982460752313495,0.0,256.90112,245.0,424.699,668.435,2451.508,1000,1000,1000,1000,0,0,0.9313500589130399,0,0
increment-c,00-kernel-tcp,1280,tcp-rr,kernel,tcp,1024,1024,,,1024,0,13354.79888743039,13354.79888743039,,,,13359,0,1.000314577,13359,27359232,0.02547225739942625,26709.59777486078,2.65,2.649166633108057,0.0,104.00203608054495,99.18407066397185,285.84,424.95,566.813,13359,13359,13359,13359,0,0,3.5398862892594707,0,0
increment-c,00-kernel-tcp,1283,tcp-rr,kernel,tcp,1024,1024,,,1024,0,13904.142643540985,13904.142643540985,,,,13910,1,1.000421267,13910,28487680,0.026520047461587877,27808.28528708197,2.66,2.658879901640476,0.0,100.25924370956147,95.61466570812365,286.761,407.082,470.648,13910,13910,13910,13910,0,0,3.2979036889184954,0,0
increment-c,00-kernel-tcp,1286,tcp-rr,kernel,tcp,1024,1024,,,1024,1000,999.5960222639662,999.5960222639662,,,,1000,1,1.000404141,1000,2048000,0.0019065781064299893,1999.1920445279325,0.25,0.24989900556599157,0.0,131.072,125.0,377.838,598.821,2101.643,1000,1000,1000,1000,0,0,0.7502526190720573,0,0
increment-c,00-kernel-tcp,1289,tcp-rr,kernel,tcp,1024,1024,,,1024,100,99.97209848711692,99.97209848711692,,,,100,1,1.000279093,100,204800,0.00019068164536879906,199.94419697423385,0.01,0.009997209848711693,0.0,52.4288,50.0,387.853,598.4,904.36,100,100,100,100,0,0,0.32723831734330133,0,0
increment-c,00-kernel-tcp,1292,tcp-rr,kernel,tcp,1024,1024,,,1024,100,99.95546953845422,99.95546953845422,,,,100,2,1.000445503,100,204800,0.00019064992816630215,199.91093907690845,0.07,0.06996882867691796,0.0,367.00160000000005,350.0,444.639,620.574,659.812,100,100,100,100,0,0,0.32395837032066765,0,0
increment-c,00-kernel-tcp,1295,tcp-rr,kernel,tcp,1024,1024,,,1024,1000,999.720124352307,999.720124352307,,,,1000,2,1.000279954,1000,2048000,0.0019068148123785153,1999.440248704614,0.0,0.0,0.0,0.0,0.0,343.507,516.758,578.351,1000,1000,1000,1000,0,0,0.7415378043746728,0,0
increment-c,00-kernel-tcp,1298,tcp-rr,kernel,tcp,1024,1024,,,1024,0,13691.576095821218,13691.576095821218,,,,13697,2,1.000396149,13697,28051456,0.026114608947412906,27383.152191642435,2.64,2.6389545807817782,0.0,101.05280864422866,96.37146820471636,284.969,408.505,499.111,13697,13697,13697,13697,0,0,3.69582434017849,0,0
increment-c,00-kernel-tcp,1304,tcp-rr,kernel,tcp,1024,1024,,,65536,100,99.96054287479267,99.96054287479267,,,,100,0,1.000394727,100,13107200,0.012202214706395589,199.92108574958533,0.1,0.09996054287479267,0.0,8.192,500.0,1993.449,2997.46,3093.955,100,100,100,100,0,0,0.6284191747608361,0,0
increment-c,00-kernel-tcp,1307,tcp-rr,kernel,tcp,1024,1024,,,65536,1000,999.477163501001,999.477163501001,,,,1000,0,1.00052311,1000,131072000,0.12200648968518078,1998.954327002002,0.77,0.7695974158957708,0.0,6.307840000000001,385.0,2402.786,3419.675,3591.224,1000,1000,1000,1000,0,0,1.7264514067600203,0,0
increment-c,00-kernel-tcp,1310,tcp-rr,kernel,tcp,1024,1024,,,65536,0,1773.6729446439729,1773.6729446439729,,,,1776,0,1.001311998,1776,232783872,0.21651281062548497,3547.3458892879457,0.5,0.49934486054165905,0.0,2.3063063063063063,140.76576576576576,1968.412,3059.423,3261.087,1776,1776,1776,1776,0,0,2.646634766806301,0,0
increment-c,00-kernel-tcp,1313,tcp-rr,kernel,tcp,1024,1024,,,65536,0,1798.8813657225523,1798.8813657225523,,,,1802,1,1.001733652,1802,236191744,0.21959001046417875,3597.7627314451047,0.44,0.4392385132729873,0.0,2.000266370699223,122.0865704772475,1964.867,3020.855,3172.643,1802,1802,1802,1802,0,0,2.790911149120973,0,0
increment-c,00-kernel-tcp,1316,tcp-rr,kernel,tcp,1024,1024,,,65536,1000,999.719733571292,999.719733571292,,,,1000,1,1.000280345,1000,131072000,0.12203610028946435,1999.439467142584,0.56,0.5598430507999236,0.0,4.5875200000000005,280.0,1741.41,2780.394,2922.207,1000,1000,1000,1000,0,0,1.5781849167232735,0,0
increment-c,00-kernel-tcp,1319,tcp-rr,kernel,tcp,1024,1024,,,65536,100,99.9673832420001,99.9673832420001,,,,100,1,1.000326274,100,13107200,0.012203049712158215,199.9347664840002,0.08,0.07997390659360007,0.0,6.5536,400.0,2325.319,3447.067,7536.36,100,100,100,100,0,0,0.5287446917221246,0,0
increment-c,00-kernel-tcp,1322,tcp-rr,kernel,tcp,1024,1024,,,65536,100,99.96395439753961,99.96395439753961,,,,100,2,1.000360586,100,13107200,0.01220263115204341,199.92790879507922,0.06,0.059978372638523764,0.0,4.9152,300.0,1970.575,3026.062,3150.2,100,100,100,100,0,0,0.43738188586763727,0,0
increment-c,00-kernel-tcp,1325,tcp-rr,kernel,tcp,1024,1024,,,65536,1000,999.7073026967946,999.7073026967946,,,,1000,2,1.000292783,1000,131072000,0.12203458284872981,1999.4146053935892,0.61,0.6098214546450447,0.0,4.99712,305.0,1923.154,2203.786,2977.24,1000,1000,1000,1000,0,0,1.7428333549044055,0,0
increment-c,00-kernel-tcp,1328,tcp-rr,kernel,tcp,1024,1024,,,65536,0,1623.1376783764756,1623.1376783764756,,,,1625,2,1.001147359,1625,212992000,0.19813692362994087,3246.275356752951,0.43,0.42950720104731355,0.0,2.167729230769231,132.30769230769232,2022.073,3933.578,4944.66,1625,1625,1625,1625,0,0,2.5129917510124073,0,0
increment-c,00-kernel-tcp,1339,tcp-rr,kernel,tcp,4096,64,,,64,100,99.9666895995251,99.9666895995251,,,,100,0,1.000333215,100,12800,1.191695804590286e-05,199.9333791990502,0.12,0.11996002751943012,0.0,10066.3296,600.0,443.077,789.908,1693.999,100,100,100,100,0,0,0.490186332872554,0,0
increment-c,00-kernel-tcp,1342,tcp-rr,kernel,tcp,4096,64,,,64,1000,999.6735026353452,999.6735026353452,,,,1000,0,1.000326604,1000,128000,0.00011917036803190055,1999.3470052706905,0.77,0.7697485970292158,0.0,6459.228160000001,385.0,454.263,695.076,3185.773,1000,1000,1000,1000,0,0,0.95670512571877,0,0
increment-c,00-kernel-tcp,1345,tcp-rr,kernel,tcp,4096,64,,,64,0,16627.43982486339,16627.43982486339,,,,16632,0,1.000274256,16632,2128896,0.0019821452885703315,33254.87964972678,2.79,2.7892350355560884,0.0,1407.1799134199134,83.87445887445888,236.806,386.731,499.802,16632,16632,16632,16632,0,0,3.956645707124835,0,0
increment-c,00-kernel-tcp,1348,tcp-rr,kernel,tcp,4096,64,,,64,0,19906.997502763985,19906.997502763985,,,,19913,1,1.000301527,19913,2548864,0.002373099029393671,39813.99500552797,2.94,2.9391137778399092,0.0,1238.5129071460854,73.82112188017878,168.834,346.842,458.299,19913,19913,19913,19913,0,0,3.2845066810861567,0,0
increment-c,00-kernel-tcp,1351,tcp-rr,kernel,tcp,4096,64,,,64,1000,999.628955724956,999.628955724956,,,,1000,1,1.000371182,1000,128000,0.00011916505762636137,1999.257911449912,0.91,0.90966234970971,0.0,7633.63328,455.0,475.826,760.815,1769.422,1000,1000,1000,1000,0,0,1.0269528600351805,0,0
increment-c,00-kernel-tcp,1354,tcp-rr,kernel,tcp,4096,64,,,64,100,99.95798006417256,99.95798006417256,,,,100,1,1.000420376,100,12800,1.1915919788381166e-05,199.91596012834512,0.12,0.11994957607700706,0.0,10066.3296,600.0,485.431,775.447,2781.215,100,100,100,100,0,0,0.4190665381782992,0,0
increment-c,00-kernel-tcp,1357,tcp-rr,kernel,tcp,4096,64,,,64,100,99.96240823672092,99.96240823672092,,,,100,2,1.000376059,100,12800,1.1916447667684665e-05,199.92481647344184,0.1,0.09996240823672092,0.0,8388.608,500.0,424.168,710.379,20490.23,100,100,100,100,0,0,0.5428809116135085,0,0
increment-c,00-kernel-tcp,1360,tcp-rr,kernel,tcp,4096,64,,,64,1000,999.6332295699048,999.6332295699048,,,,1000,2,1.000366905,1000,128000,0.00011916556710838136,1999.2664591398095,0.1,0.09996332295699048,0.0,838.8608,50.0,369.917,648.145,1578.846,1000,1000,1000,1000,0,0,0.874736618730708,0,0
increment-c,00-kernel-tcp,1363,tcp-rr,kernel,tcp,4096,64,,,64,0,14195.555984143222,14195.555984143222,,,,14202,2,1.000453946,14202,1817856,0.0016922421436480549,28391.111968286445,2.62,2.618811201130492,0.0,1547.5392874243064,92.24052950288691,271.538,421.805,586.963,14202,14202,14202,14202,0,0,3.4519663114656396,0,0
increment-c,00-kernel-tcp,1369,tcp-rr,kernel,tcp,4096,64,,,1024,100,99.95341131517235,99.95341131517235,,,,100,0,1.000466104,100,204800,0.00019064600241693944,199.9068226303447,0.16,0.15992545810427578,0.0,838.8608,800.0,475.335,1919.307,4193.84,100,100,100,100,0,0,0.5231587973163982,0,0
increment-c,00-kernel-tcp,1372,tcp-rr,kernel,tcp,4096,64,,,1024,1000,999.458315581038,999.458315581038,,,,1000,0,1.000541978,1000,2048000,0.001906315451776577,1998.916631162076,0.73,0.7296045703741577,0.0,382.73024,365.0,445.911,736.538,1604.954,1000,1000,1000,1000,0,0,0.9900258669798632,0,0
increment-c,00-kernel-tcp,1375,tcp-rr,kernel,tcp,4096,64,,,1024,0,17345.824036697555,17345.824036697555,,,,17352,0,1.000356049,17352,35536896,0.03308453376140128,34691.64807339511,2.85,2.8489856215184437,0.0,86.11230982019364,82.12309820193637,224.228,380.713,498.29,17352,17352,17352,17352,0,0,3.6054702795373146,0,0
increment-c,00-kernel-tcp,1378,tcp-rr,kernel,tcp,4096,64,,,1024,0,22860.14685375133,22860.14685375133,,,,22868,1,1.00034353,22868,46833664,0.04360226984739557,45720.29370750266,3.11,3.108931988593958,0.0,71.30206751792898,67.99895049851321,141.012,337.088,445.1,22868,22868,22868,22868,0,0,3.5935955761574405,0,0
increment-c,00-kernel-tcp,1381,tcp-rr,kernel,tcp,4096,64,,,1024,1000,999.5821916367931,999.5821916367931,,,,1000,1,1.000417983,1000,2048000,0.0019065517266021598,1999.1643832735863,0.09,0.08996239724731138,0.0,47.185919999999996,45.0,347.293,626.863,1764.916,1000,1000,1000,1000,0,0,0.9408741155097573,0,0
increment-c,00-kernel-tcp,1384,tcp-rr,kernel,tcp,4096,64,,,1024,100,99.95356836897841,99.95356836897841,,,,100,1,1.000464532,100,204800,0.00019064630197330171,199.90713673795682,0.15,0.14993035255346762,0.0,786.432,750.0,454.914,703.048,1815.332,100,100,100,100,0,0,0.5225657738192808,0,0
increment-c,00-kernel-tcp,1387,tcp-rr,kernel,tcp,4096,64,,,1024,100,99.95937001466699,99.95937001466699,,,,100,2,1.000406465,100,204800,0.0001906573677342739,199.91874002933397,0.16,0.1599349920234672,0.0,838.8608,800.0,452.19,1596.472,2783.598,100,100,100,100,0,0,0.47882685862856533,0,0
increment-c,00-kernel-tcp,1390,tcp-rr,kernel,tcp,4096,64,,,1024,1000,999.5556255564352,999.5556255564352,,,,1000,2,1.000444572,1000,2048000,0.0019065010558251098,1999.1112511128704,0.66,0.6597067128672472,0.0,346.03008,330.0,436.426,689.478,2718.63,1000,1000,1000,1000,0,0,0.9280278141591793,0,0
increment-c,00-kernel-tcp,1393,tcp-rr,kernel,tcp,4096,64,,,1024,0,16275.54430535128,16275.54430535128,,,,16282,2,1.00039665,16282,33345536,0.031043137179091036,32551.08861070256,2.83,2.828877925570822,0.0,91.12732096794007,86.90578553003317,240.251,399.611,528.314,16282,16282,16282,16282,0,0,3.5344464003420057,0,0
increment-c,00-kernel-tcp,1399,tcp-rr,kernel,tcp,4096,64,,,65536,100,99.95223252821808,99.95223252821808,,,,100,0,1.000477903,100,13107200,0.012201200259792246,199.90446505643615,0.21,0.20989968830925795,0.0,17.2032,1050.0,1846.588,5003.438,26090.936,100,100,100,100,0,0,0.7024863164535873,0,0
increment-c,00-kernel-tcp,1402,tcp-rr,kernel,tcp,4096,64,,,65536,1000,999.625713143105,999.625713143105,,,,1000,0,1.000374427,1000,131072000,0.12202462318641419,1999.25142628621,0.95,0.9496444274859498,0.0,7.7824,475.0,1769.372,2926.183,5585.344,1000,1000,1000,1000,0,0,2.0727463218515254,0,0
increment-c,00-kernel-tcp,1405,tcp-rr,kernel,tcp,4096,64,,,65536,0,827.5014810748592,827.5014810748592,,,,853,0,1.030813865,853,111804416,0.1010133643890209,1655.0029621497183,0.8,0.7760857970221423,0.0,7.6830011723329426,468.9331770222743,2024.656,42433.074,43565.888,853,853,853,853,0,0,2.1649839920248155,0,0
increment-c,00-kernel-tcp,1408,tcp-rr,kernel,tcp,4096,64,,,65536,0,822.5592094113141,822.5592094113141,,,,846,1,1.02849739,846,110886912,0.10041005974259205,1645.1184188226282,0.86,0.8361713003471987,0.0,8.327565011820331,508.274231678487,2058.236,42445.403,43530.846,846,846,846,846,0,0,2.377838387652673,0,0
increment-c,00-kernel-tcp,1411,tcp-rr,kernel,tcp,4096,64,,,65536,1000,999.6321383719757,999.6321383719757,,,,1000,1,1.000367997,1000,131072000,0.12202540751611031,1999.2642767439513,0.32,0.3198822842790322,0.0,2.62144,160.0,2309.354,3022.468,3499.996,1000,1000,1000,1000,0,0,1.8448582169277756,0,0
increment-c,00-kernel-tcp,1414,tcp-rr,kernel,tcp,4096,64,,,65536,100,99.96224605898394,99.96224605898394,,,,100,1,1.000377682,100,13107200,0.012202422614622063,199.92449211796787,0.14,0.13994714448257753,0.0,11.468800000000002,700.0,2367.492,3431.833,3865.516,100,100,100,100,0,0,0.7256929365771043,0,0
increment-c,00-kernel-tcp,1417,tcp-rr,kernel,tcp,4096,64,,,65536,100,99.94739109154072,99.94739109154072,,,,100,2,1.000526366,100,13107200,0.012200609264104092,199.89478218308145,0.22,0.2198842604013896,0.0,18.0224,1100.0,2697.769,4555.013,21263.623,100,100,100,100,0,0,0.6177276421395845,0,0
increment-c,00-kernel-tcp,1420,tcp-rr,kernel,tcp,4096,64,,,65536,1000,941.1821355775379,941.1821355775379,,,,959,2,1.018931367,959,125698048,0.11489039740936742,1882.3642711550758,0.83,0.8145789077469827,0.0,7.0900521376433785,432.7424400417101,1891.156,3022.358,42498.172,959,959,959,959,0,0,2.2377660165042244,0,0
increment-c,00-kernel-tcp,1423,tcp-rr,kernel,tcp,4096,64,,,65536,0,828.961937391663,828.961937391663,,,,831,2,1.002458572,831,108920832,0.10119164274800574,1657.923874783326,0.8,0.7980379662013604,0.0,7.8864019253910955,481.3477737665463,2151.678,42459.283,43628.162,831,831,831,831,0,0,1.8706551276463301,0,0
increment-c,00-kernel-tcp,1429,tcp-rr,kernel,tcp,4096,4096,,,64,100,99.95424474501704,99.95424474501704,,,,100,0,1.000457762,100,12800,1.1915474503638391e-05,199.90848949003407,0.2,0.1999084894900341,0.0,16777.216,1000.0,553.603,1566.737,2304.257,100,100,100,100,0,0,0.5123273150899763,0,0
increment-c,00-kernel-tcp,1432,tcp-rr,kernel,tcp,4096,4096,,,64,1000,999.5990338383535,999.5990338383535,,,,1000,0,1.000401127,1000,128000,0.00011916149065951747,1999.198067676707,0.83,0.8296671980858334,0.0,6962.54464,415.0,469.136,1047.406,3198.152,1000,1000,1000,1000,0,0,0.9515876195184205,0,0
increment-c,00-kernel-tcp,1435,tcp-rr,kernel,tcp,4096,4096,,,64,0,14497.934436205924,14497.934436205924,,,,14503,0,1.000349399,14503,1856384,0.0017282884640939145,28995.868872411847,2.7,2.699056952199958,0.0,1561.693553057988,93.08418947803902,269.546,408.505,563.868,14503,14503,14503,14503,0,0,3.7732348850829,0,0
increment-c,00-kernel-tcp,1438,tcp-rr,kernel,tcp,4096,4096,,,64,0,14446.317356245827,14446.317356245827,,,,14451,1,1.0003241410000001,14451,1849728,0.0017221352286631855,28892.634712491654,2.72,2.719118622170691,0.0,1578.922826102,94.11113417756556,272.99,407.803,515.635,14451,14451,14451,14451,0,0,3.897172023138353,0,0
increment-c,00-kernel-tcp,1441,tcp-rr,kernel,tcp,4096,4096,,,64,1000,999.5073088642124,999.5073088642124,,,,1000,1,1.000492934,1000,128000,0.00011915055619051604,1999.0146177284248,0.93,0.9295417972437175,0.01,7801.40544,465.0,440.673,656.498,2064.596,1000,1000,1000,1000,0,0,0.8820791318100305,0,0
increment-c,00-kernel-tcp,1444,tcp-rr,kernel,tcp,4096,4096,,,64,100,99.94261025474125,99.94261025474125,,,,100,1,1.000574227,100,12800,1.191408756431833e-05,199.8852205094825,0.13,0.12992539333116362,0.0,10905.1904,650.0,594.695,857.39,3205.262,100,100,100,100,0,0,0.5813947686411893,0,0
increment-c,00-kernel-tcp,1447,tcp-rr,kernel,tcp,4096,4096,,,64,100,99.9580221288169,99.9580221288169,,,,100,2,1.000419955,100,12800,1.1915924802877534e-05,199.9160442576338,0.09,0.08996221991593521,0.0,7549.7472,450.0,511.67,770.169,1037.12,100,100,100,100,0,0,0.4688580185909359,0,0
increment-c,00-kernel-tcp,1450,tcp-rr,kernel,tcp,4096,4096,,,64,1000,999.6235018042804,999.6235018042804,,,,1000,2,1.00037664,1000,128000,0.00011916440746835237,1999.2470036085608,0.89,0.8896649166058096,0.0,7465.8611200000005,445.0,482.145,717.28,2208.763,1000,1000,1000,1000,0,0,1.0199082154355779,0,0
increment-c,00-kernel-tcp,1453,tcp-rr,kernel,tcp,4096,4096,,,64,0,13122.528692886788,13122.528692886788,,,,13128,2,1.00041694,13128,1680384,0.0015643273225887761,26245.057385773576,2.54,2.538941413766944,0.0,1623.024399756246,96.73979280926264,283.246,420.232,782.298,13128,13128,13128,13128,0,0,3.5218018156863877,0,0
increment-c,00-kernel-tcp,1459,tcp-rr,kernel,tcp,4096,4096,,,1024,100,99.95755782103407,99.95755782103407,,,,100,0,1.000424602,100,204800,0.00019065391124922575,199.91511564206814,0.17,0.16992784829575794,0.0,891.2896000000001,850.0,440.793,728.396,2212.529,100,100,100,100,0,0,0.5683150468138933,0,0
increment-c,00-kernel-tcp,1462,tcp-rr,kernel,tcp,4096,4096,,,1024,1000,999.526227566712,999.526227566712,,,,1000,0,1.000473997,1000,2048000,0.001906444983609604,1999.052455133424,0.59,0.58972047426436,0.0,309.32991999999996,295.0,415.124,731.952,2173.14,1000,1000,1000,1000,0,0,0.9055605951249959,0,0
increment-c,00-kernel-tcp,1465,tcp-rr,kernel,tcp,4096,4096,,,1024,0,13126.22893568911,13126.22893568911,,,,13135,0,1.000668209,13135,26900480,0.025036294814470502,26252.45787137822,2.59,2.588270494361233,0.0,103.38073239436619,98.59154929577464,287.633,429.486,640.904,13135,13135,13135,13135,0,0,3.312994109241913,0,0
increment-c,00-kernel-tcp,1468,tcp-rr,kernel,tcp,4096,4096,,,1024,0,13936.232618236312,13936.232618236312,,,,13940,1,1.00027033,13940,28549120,0.026581254230949997,27872.465236472624,2.71,2.7092676036886947,0.0,101.92399426111908,97.20229555236729,280.202,411.399,515.726,13940,13940,13940,13940,0,0,3.7746837989816413,0,0
increment-c,00-kernel-tcp,1471,tcp-rr,kernel,tcp,4096,4096,,,1024,1000,993.3125293797611,993.3125293797611,,,,996,1,1.002705564,996,2039808,0.0018945932948680137,1986.6250587595223,0.87,0.8676525106028035,0.0,457.9624096385542,436.7469879518072,421.033,706.633,3546.916,996,996,996,996,0,0,0.8985448111904475,0,0
increment-c,00-kernel-tcp,1474,tcp-rr,kernel,tcp,4096,4096,,,1024,100,99.9517314098193,99.9517314098193,,,,100,1,1.000482919,100,204800,0.00019064279825176106,199.9034628196386,0.09,0.08995655826883737,0.0,471.8592,450.0,524.319,1964.616,3583.512,100,100,100,100,0,0,0.5118588718608521,0,0
increment-c,00-kernel-tcp,1477,tcp-rr,kernel,tcp,4096,4096,,,1024,100,99.94973228114385,99.94973228114385,,,,100,2,1.00050293,100,204800,0.00019063898521641512,199.8994645622877,0.2,0.19989946456228772,0.0,1048.576,1000.0,583.458,1979.147,21854.131,100,100,100,100,0,0,0.5705935985398014,0,0
increment-c,00-kernel-tcp,1480,tcp-rr,kernel,tcp,4096,4096,,,1024,1000,999.5642509600008,999.5642509600008,,,,1000,2,1.000435939,1000,2048000,0.0019065175074768081,1999.1285019200016,0.52,0.5197734104992005,0.0,272.62976000000003,260.0,473.653,730.249,2431.849,1000,1000,1000,1000,0,0,0.9587571121451219,0,0
increment-c,00-kernel-tcp,1483,tcp-rr,kernel,tcp,4096,4096,,,1024,0,13272.426708938518,13272.426708938518,,,,13278,2,1.000419915,13278,27193344,0.02531514493739799,26544.853417877035,2.64,2.6388918897121316,0.0,104.24162675101672,99.41256213285133,284.519,432.391,614.024,13278,13278,13278,13278,0,0,3.2910372134565478,0,0
increment-c,00-kernel-tcp,1489,tcp-rr,kernel,tcp,4096,4096,,,65536,100,99.94951719800508,99.94951719800508,,,,100,0,1.000505083,100,13107200,0.012200868798584605,199.89903439601017,0.26,0.25986874471481325,0.0,21.2992,1300.0,2611.81,5532.864,8948.954,100,100,100,100,0,0,0.7097993410491199,0,0
increment-c,00-kernel-tcp,1492,tcp-rr,kernel,tcp,4096,4096,,,65536,1000,999.6191680881992,999.6191680881992,,,,1000,0,1.000380977,1000,131072000,0.1220238242295165,1999.2383361763984,0.27,0.2698971753838138,0.0,2.21184,135.0,2357.107,3395.438,3972.297,1000,1000,1000,1000,0,0,1.9156394781335848,0,0
increment-c,00-kernel-tcp,1495,tcp-rr,kernel,tcp,4096,4096,,,65536,0,1696.8154296623145,1696.8154296623145,,,,1702,0,1.003055471,1702,223084544,0.2071307897537005,3393.630859324629,0.64,0.6380504553371805,0.0,3.0804230317273795,188.01410105757932,1994.541,3189.659,4752.371,1702,1702,1702,1702,0,0,2.5101481862237165,0,0
increment-c,00-kernel-tcp,1498,tcp-rr,kernel,tcp,4096,4096,,,65536,0,1761.0004140984993,1761.0004140984993,,,,1765,1,1.002271201,1765,231342080,0.2149658708616332,3522.0008281969986,0.54,0.538776330659031,0.0,2.5063342776203967,152.97450424929178,1975.542,3071.992,3327.717,1765,1765,1765,1765,0,0,2.5590017431938463,0,0
increment-c,00-kernel-tcp,1501,tcp-rr,kernel,tcp,4096,4096,,,65536,1000,999.7147493911267,999.7147493911267,,,,1000,1,1.000285332,1000,131072000,0.12203549186903402,1999.4294987822534,0.66,0.6598117345981437,0.0,5.40672,330.0,1995.983,3041.727,3549.911,1000,1000,1000,1000,0,0,1.8266561187445518,0,0
increment-c,00-kernel-tcp,1504,tcp-rr,kernel,tcp,4096,4096,,,65536,100,99.96317886295537,99.96317886295537,,,,100,1,1.000368347,100,13107200,0.012202536482294357,199.92635772591075,0.16,0.15994108618072858,0.0,13.1072,800.0,2537.779,3628.439,4003.233,100,100,100,100,0,0,0.5465030658222645,0,0
increment-c,00-kernel-tcp,1507,tcp-rr,kernel,tcp,4096,4096,,,65536,100,99.967063951407,99.967063951407,,,,100,2,1.000329469,100,13107200,0.012203010736255737,199.934127902814,0.13,0.1299571831368291,0.0,10.6496,650.0,2389.906,3559.295,5390.921,100,100,100,100,0,0,0.717149994401268,0,0
increment-c,00-kernel-tcp,1510,tcp-rr,kernel,tcp,4096,4096,,,65536,1000,999.6373925318703,999.6373925318703,,,,1000,2,1.000362739,1000,131072000,0.12202604889305058,1999.2747850637406,0.31,0.3098875916848798,0.0,2.53952,155.0,2325.909,3348.118,4638.579,1000,1000,1000,1000,0,0,1.7357842346831944,0,0
increment-c,00-kernel-tcp,1513,tcp-rr,kernel,tcp,4096,4096,,,65536,0,1588.6558396702917,1588.6558396702917,,,,1593,2,1.002734488,1593,208797696,0.1939277148035024,3177.3116793405834,0.45,0.44877283606505414,0.0,2.314124293785311,141.24293785310735,2031.717,3934.57,4950.779,1593,1593,1593,1593,0,0,2.7149880642860467,0,0
increment-c,00-kernel-tcp,1524,tcp-rr,kernel,tcp,16384,64,,,64,100,99.5799787199378,99.5799787199378,,,,100,0,1.004217929,100,12800,1.18708585166857e-05,199.1599574398756,0.51,0.5078578914716828,0.0,42781.9008,2550.0,658.752,5183.198,6588.152,100,100,100,100,0,0,0.9855475898692703,0,0
increment-c,00-kernel-tcp,1527,tcp-rr,kernel,tcp,16384,64,,,64,1000,995.7514938166823,995.7514938166823,,,,1000,0,1.004266633,1000,128000,0.00011870282814701585,1991.5029876333647,1.04,1.0355815535693498,0.0,8724.152320000001,520.0,574.033,3064.31,9137.528,1000,1000,1000,1000,0,0,1.4828778553348911,0,0
increment-c,00-kernel-tcp,1530,tcp-rr,kernel,tcp,16384,64,,,64,0,12087.964589223611,12087.964589223611,,,,12116,0,1.002319283,12116,1550848,0.001440997670796348,24175.929178447223,2.72,2.7137061474651887,0.01,1883.213416969297,112.24826675470452,292.61,444.819,1047.867,12116,12116,12116,12116,0,0,3.361821747751719,0,0
increment-c,00-kernel-tcp,1533,tcp-rr,kernel,tcp,16384,64,,,64,0,12153.372638609266,12153.372638609266,,,,12286,1,1.010912803,12286,1572608,0.0014487949178945143,24306.74527721853,2.53,2.502688651772867,0.0,1727.4278235389872,102.9627217971675,288.444,494.994,987.225,12286,12286,12286,12286,0,0,3.975162775641138,0,0
increment-c,00-kernel-tcp,1536,tcp-rr,kernel,tcp,16384,64,,,64,1000,997.9288027615835,997.9288027615835,,,,1000,1,1.002075496,1000,128000,0.00011896238359947008,1995.857605523167,1.16,1.1575974112034368,0.0,9730.78528,580.0,510.679,2622.676,11721.736,1000,1000,1000,1000,0,0,1.4744303854798773,0,0
increment-c,00-kernel-tcp,1539,tcp-rr,kernel,tcp,16384,64,,,64,100,99.9207461615293,99.9207461615293,,,,100,1,1.000793167,100,12800,1.191148116129986e-05,199.8414923230586,0.48,0.47961958157534057,0.0,40265.3184,2400.0,605.561,3164.25,6676.596,100,100,100,100,0,0,0.7731188812601886,0,0
increment-c,00-kernel-tcp,1542,tcp-rr,kernel,tcp,16384,64,,,64,100,99.38650094439389,99.38650094439389,,,,100,2,1.006172861,100,12800,1.1847794168519245e-05,198.77300188878777,0.43,0.4273619540608937,0.0,36071.0144,2150.0,545.121,1134.677,10980.922,100,100,100,100,0,0,0.9719508126520395,0,0
increment-c,00-kernel-tcp,1545,tcp-rr,kernel,tcp,16384,64,,,64,1000,996.9286406670208,996.9286406670208,,,,998,2,1.00107466,998,127744,0.00011884315498674163,1993.8572813340415,1.11,1.1088084079563059,0.0,9330.01490981964,556.1122244488978,575.626,2067.741,5175.437,998,998,998,998,0,0,1.367139801078224,0,0
increment-c,00-kernel-tcp,1548,tcp-rr,kernel,tcp,16384,64,,,64,0,12727.495219716198,12727.495219716198,,,,12735,2,1.000589651,12735,1630080,0.0015172356629033325,25454.990439432397,2.66,2.6584324526458647,0.0,1752.155263447193,104.4365920691009,288.213,445.41,833.274,12735,12735,12735,12735,0,0,3.3974062553143085,0,0
increment-c,00-kernel-tcp,1554,tcp-rr,kernel,tcp,16384,64,,,1024,100,99.92047718910379,99.92047718910379,,,,100,0,1.000795861,100,204800,0.0001905831855566097,199.84095437820758,0.44,0.4396500996320567,0.0,2306.8672,2200.0,521.674,2966.073,18401.666,100,100,100,100,0,0,0.9698394030294821,0,0
increment-c,00-kernel-tcp,1557,tcp-rr,kernel,tcp,16384,64,,,1024,1000,993.1978086981401,993.1978086981401,,,,1000,0,1.006848778,1000,2048000,0.0018943744825327684,1986.3956173962802,1.27,1.261361217046638,0.0,665.84576,635.0,557.219,2784.75,8550.515,1000,1000,1000,1000,0,0,1.513938823297508,0,0
increment-c,00-kernel-tcp,1560,tcp-rr,kernel,tcp,16384,64,,,1024,0,12743.535242801932,12743.535242801932,,,,12750,0,1.000507297,12750,26112000,0.024306364522556176,25487.070485603865,2.74,2.738610711002141,0.0,112.67051921568628,107.45098039215686,281.223,463.177,1008.968,12750,12750,12750,12750,0,0,3.5395504548987446,0,0
increment-c,00-kernel-tcp,1563,tcp-rr,kernel,tcp,16384,64,,,1024,0,12669.153417780899,12669.153417780899,,,,12696,1,1.002119051,12696,26001408,0.02416449245029621,25338.306835561798,2.6,2.5945021176930005,0.0,107.36836798991808,102.39445494643982,275.385,496.787,1107.807,12696,12696,12696,12696,0,0,3.5172938836653884,0,0
increment-c,00-kernel-tcp,1566,tcp-rr,kernel,tcp,16384,64,,,1024,1000,997.9977052280285,997.9977052280285,,,,1000,1,1.002006312,1000,2048000,0.0019035295586166926,1995.995410456057,1.02,1.0179576593325892,0.0,534.77376,510.0,373.773,3016.96,8447.691,1000,1000,1000,1000,0,0,1.3217654676047914,0,0
increment-c,00-kernel-tcp,1569,tcp-rr,kernel,tcp,16384,64,,,1024,100,99.94696394315928,99.94696394315928,,,,100,1,1.000530642,100,204800,0.00019063370503074508,199.89392788631855,0.34,0.33981967740674157,0.0,1782.5792000000001,1700.0,459.832,2872.332,5712.555,100,100,100,100,0,0,0.8105190076036024,0,0
increment-c,00-kernel-tcp,1572,tcp-rr,kernel,tcp,16384,64,,,1024,100,99.94200295609058,99.94200295609058,,,,100,2,1.000580307,100,204800,0.0001906242426988422,199.88400591218115,0.39,0.38977381152875323,0.0,2044.7232000000001,1950.0,462.656,913.464,2709.838,100,100,100,100,0,0,0.8045324223714942,0,0
increment-c,00-kernel-tcp,1575,tcp-rr,kernel,tcp,16384,64,,,1024,1000,999.4181287712481,999.4181287712481,,,,1000,2,1.00058221,1000,2048000,0.0019062388015198672,1998.8362575424962,1.08,1.0793715790729481,0.0,566.23104,540.0,572.422,2628.936,6232.227,1000,1000,1000,1000,0,0,1.3737000410708333,0,0
increment-c,00-kernel-tcp,1578,tcp-rr,kernel,tcp,16384,64,,,1024,0,13356.727933106302,13356.727933106302,,,,13366,2,1.000694187,13366,27373568,0.025475936762058834,26713.455866212604,2.77,2.768078435934794,0.0,108.65462816100553,103.62112823582224,276.085,421.514,944.281,13366,13366,13366,13366,0,0,3.3816534579633526,0,0
increment-c,00-kernel-tcp,1584,tcp-rr,kernel,tcp,16384,64,,,65536,100,99.92264009188614,99.92264009188614,,,,100,0,1.000774198,100,13107200,0.01219758790184157,199.84528018377227,0.59,0.5895435765421282,0.0,48.3328,2950.0,2003.324,5150.71,31424.281,100,100,100,100,0,0,1.072670316260428,0,0
increment-c,00-kernel-tcp,1587,tcp-rr,kernel,tcp,16384,64,,,65536,1000,999.4733215363764,999.4733215363764,,,,1000,0,1.000526956,1000,131072000,0.12200602069535844,1998.9466430727527,1.3,1.2993153179972894,0.0,10.6496,650.0,2530.297,4741.313,11452.0,1000,1000,1000,1000,0,0,2.328859892595119,0,0
increment-c,00-kernel-tcp,1590,tcp-rr,kernel,tcp,16384,64,,,65536,0,827.9861287622175,827.9861287622175,,,,838,0,1.01209425,838,109838336,0.10107252548366913,1655.972257524435,1.03,1.017691781175518,0.0,10.068926014319809,614.5584725536993,2082.033,42410.45,44353.523,838,838,838,838,0,0,2.4249880004654187,0,0
increment-c,00-kernel-tcp,1593,tcp-rr,kernel,tcp,16384,64,,,65536,0,843.1237716171036,843.1237716171036,,,,879,1,1.042551556,879,115212288,0.10292038227747846,1686.2475432342071,0.94,0.9016340674858673,0.0,8.760500568828213,534.6985210466439,2102.263,42341.235,43806.15,879,879,879,879,0,0,2.367149111597655,0,0
increment-c,00-kernel-tcp,1596,tcp-rr,kernel,tcp,16384,64,,,65536,1000,999.458945898015,999.458945898015,,,,1000,1,1.000541347,1000,131072000,0.12200426585669129,1998.91789179603,1.06,1.059426482651896,0.0,8.68352,530.0,1799.848,3282.579,6712.82,1000,1000,1000,1000,0,0,2.2513024225409026,0,0
increment-c,00-kernel-tcp,1599,tcp-rr,kernel,tcp,16384,64,,,65536,100,99.93118648560534,99.93118648560534,,,,100,1,1.000688609,100,13107200,0.01219863116279362,199.86237297121068,0.51,0.5096490510765872,0.0,41.7792,2550.0,2611.57,6369.854,12233.987,100,100,100,100,0,0,1.1274746553536943,0,0
increment-c,00-kernel-tcp,1602,tcp-rr,kernel,tcp,16384,64,,,65536,100,99.93733569277654,99.93733569277654,,,,100,2,1.000627036,100,13107200,0.012199381798434637,199.87467138555309,0.5,0.4996866784638827,0.0,40.96,2500.0,2741.584,8834.382,14211.202,100,100,100,100,0,0,1.0355229564397632,0,0
increment-c,00-kernel-tcp,1605,tcp-rr,kernel,tcp,16384,64,,,65536,1000,897.9814073333197,897.9814073333197,,,,913,2,1.016724837,913,119668736,0.10961687101236813,1795.9628146666394,1.04,1.0228922931288635,0.0,9.331522453450164,569.5509309967141,1962.573,5075.447,43590.335,913,913,913,913,0,0,2.4731188460833664,0,0
increment-c,00-kernel-tcp,1608,tcp-rr,kernel,tcp,16384,64,,,65536,0,800.877564612699,800.877564612699,,,,835,2,1.042606307,835,109445120,0.0977633745865111,1601.755129225398,1.03,0.987908852156982,0.0,10.105101796407187,616.7664670658683,2045.868,42432.062,43647.171,835,835,835,835,0,0,2.5227219059070194,0,0
increment-c,00-kernel-tcp,1614,tcp-rr,kernel,tcp,16384,16384,,,64,100,99.93315171682207,99.93315171682207,,,,100,0,1.00066893,100,12800,1.1912960018732794e-05,199.86630343364413,0.49,0.4896724434124281,0.0,41104.1792,2450.0,572.341,2142.734,3965.085,100,100,100,100,0,0,1.0378099780563161,0,0
increment-c,00-kernel-tcp,1617,tcp-rr,kernel,tcp,16384,16384,,,64,1000,999.4969631734045,999.4969631734045,,,,1000,0,1.00050329,1000,128000,0.00011914932288806493,1998.993926346809,0.63,0.6296830867992449,0.0,5284.82304,315.0,489.416,2133.901,5669.029,1000,1000,1000,1000,0,0,1.241521741530164,0,0
increment-c,00-kernel-tcp,1620,tcp-rr,kernel,tcp,16384,16384,,,64,0,11727.148507301798,11727.148507301798,,,,11734,0,1.000584242,11734,1501952,0.001397985042011952,23454.297014603595,2.51,2.5085344088399104,0.0,1794.3928822226007,106.95415033236748,289.506,513.433,2000.44,11734,11734,11734,11734,0,0,3.3332858557838563,0,0
increment-c,00-kernel-tcp,1623,tcp-rr,kernel,tcp,16384,16384,,,64,0,12370.336778182917,12370.336778182917,,,,12397,1,1.002155416,12397,1586816,0.0014746590588310857,24740.673556365833,2.69,2.684214401331939,0.0,1820.2271130112124,108.49399048156812,300.933,455.095,851.851,12397,12397,12397,12397,0,0,3.6720942806202856,0,0
increment-c,00-kernel-tcp,1626,tcp-rr,kernel,tcp,16384,16384,,,64,1000,993.7388660443407,993.7388660443407,,,,997,1,1.003281681,997,127616,0.00011846290422014484,1987.4777320886815,0.81,0.8073505330952017,0.0,6815.21813440321,406.2186559679037,489.346,2508.304,5851.534,997,997,997,997,0,0,1.3927686355942797,0,0
increment-c,00-kernel-tcp,1629,tcp-rr,kernel,tcp,16384,16384,,,64,100,97.37809252177694,97.37809252177694,,,,100,1,1.026925024,100,12800,1.1608373227331273e-05,194.75618504355387,0.43,0.4187257978436408,0.0,36071.0144,2150.0,573.553,2550.418,7634.606,100,100,100,100,0,0,0.7971903679607522,0,0
increment-c,00-kernel-tcp,1632,tcp-rr,kernel,tcp,16384,16384,,,64,100,99.92619111774994,99.92619111774994,,,,100,2,1.000738634,100,12800,1.1912130250662558e-05,199.85238223549987,0.39,0.38971214535922477,0.0,32715.571200000002,1950.0,527.494,1575.691,2243.105,100,100,100,100,0,0,0.9513893515536438,0,0
increment-c,00-kernel-tcp,1635,tcp-rr,kernel,tcp,16384,16384,,,64,1000,999.2011326992003,999.2011326992003,,,,1000,2,1.000799506,1000,128000,0.00011911405714740757,1998.4022653984007,0.85,0.8493209627943202,0.0,7130.3168,425.0,497.309,2418.699,8922.214,1000,1000,1000,1000,0,0,1.3131105401037075,0,0
increment-c,00-kernel-tcp,1638,tcp-rr,kernel,tcp,16384,16384,,,64,0,11894.15897930978,11894.15897930978,,,,11901,2,1.000575158,11901,1523328,0.0014178942417275642,23788.31795861956,2.6,2.5985054488030777,0.0,1832.651104949164,109.23451810772204,301.063,476.437,1668.45,11901,11901,11901,11901,0,0,3.4442750732207514,0,0
increment-c,00-kernel-tcp,1644,tcp-rr,kernel,tcp,16384,16384,,,1024,100,99.93361979258812,99.93361979258812,,,,100,0,1.000664243,100,204800,0.00019060825308339714,199.86723958517624,0.47,0.46968801302516416,0.0,2464.1535999999996,2350.0,586.723,3426.826,5299.143,100,100,100,100,0,0,1.0570027505003736,0,0
increment-c,00-kernel-tcp,1647,tcp-rr,kernel,tcp,16384,16384,,,1024,1000,999.2636306394182,999.2636306394182,,,,1000,0,1.000736912,1000,2048000,0.0019059441197193494,1998.5272612788365,1.19,1.1891237204609075,0.0,623.9027199999999,595.0,541.946,2815.747,10245.245,1000,1000,1000,1000,0,0,1.3033601903257477,0,0
increment-c,00-kernel-tcp,1650,tcp-rr,kernel,tcp,16384,16384,,,1024,0,11306.352376304429,11306.352376304429,,,,11332,0,1.002268426,11332,23207936,0.021565155747040612,22612.704752608857,2.57,2.5641833398431326,0.0,118.90400282386162,113.39569361101306,310.046,485.781,1974.862,11332,11332,11332,11332,0,0,3.318003661331545,0,0
increment-c,00-kernel-tcp,1653,tcp-rr,kernel,tcp,16384,16384,,,1024,0,11737.198674718677,11737.198674718677,,,,11761,1,1.002027854,11761,24086528,0.022386929845273355,23474.397349437353,2.63,2.624677537157565,0.0,117.24151347674517,111.8102202193691,306.702,458.119,1546.126,11761,11761,11761,11761,0,0,3.5104897116386837,0,0
increment-c,00-kernel-tcp,1656,tcp-rr,kernel,tcp,16384,16384,,,1024,1000,999.2549804679376,999.2549804679376,,,,1000,1,1.000745575,1000,2048000,0.0019059276208266021,1998.5099609358751,1.15,1.1491432275381281,0.0,602.9312,575.0,566.062,2527.954,5639.055,1000,1000,1000,1000,0,0,1.366515075404891,0,0
increment-c,00-kernel-tcp,1659,tcp-rr,kernel,tcp,16384,16384,,,1024,100,99.6625468023542,99.6625468023542,,,,100,1,1.003385958,100,204800,0.00019009122238608208,199.3250936047084,0.46,0.45844771529082934,0.0,2411.7248,2300.0,621.194,3229.339,4873.472,100,100,100,100,0,0,0.9880643646598628,0,0
increment-c,00-kernel-tcp,1662,tcp-rr,kernel,tcp,16384,16384,,,1024,100,99.66953648219591,99.66953648219591,,,,100,2,1.003315592,100,204800,0.00019010455414237196,199.33907296439182,0.5,0.4983476824109796,0.0,2621.44,2500.0,638.891,5408.447,11937.401,100,100,100,100,0,0,0.7395788372996321,0,0
increment-c,00-kernel-tcp,1665,tcp-rr,kernel,tcp,16384,16384,,,1024,1000,996.6986281570648,996.6986281570648,,,,1000,2,1.003312307,1000,2048000,0.001901051765741472,1993.3972563141297,0.91,0.9069957516229291,0.0,477.10208,455.0,516.257,2156.615,5265.071,1000,1000,1000,1000,0,0,1.5282943166281484,0,0
increment-c,00-kernel-tcp,1668,tcp-rr,kernel,tcp,16384,16384,,,1024,0,11563.22817216833,11563.22817216833,,,,11602,2,1.003353028,11602,23760896,0.022055107445084248,23126.45634433666,2.65,2.641144169647136,0.0,119.75204275124977,114.20444750905017,305.019,478.46,1857.865,11602,11602,11602,11602,0,0,3.795071996221509,0,0
increment-c,00-kernel-tcp,1674,tcp-rr,kernel,tcp,16384,16384,,,65536,100,99.66605641970872,99.66605641970872,,,,100,0,1.003350625,100,13107200,0.012166266652796475,199.33211283941745,0.58,0.5780631272343105,0.0,47.5136,2900.0,2510.156,5772.525,29771.844,100,100,100,100,0,0,1.106711071360678,0,0
increment-c,00-kernel-tcp,1677,tcp-rr,kernel,tcp,16384,16384,,,65536,1000,997.9553531460816,997.9553531460816,,,,1000,0,1.002048836,1000,131072000,0.12182072181959004,1995.9107062921632,0.73,0.7285074077966396,0.0,5.98016,365.0,2243.075,3417.281,5513.395,1000,1000,1000,1000,0,0,2.3769007132127626,0,0
increment-c,00-kernel-tcp,1680,tcp-rr,kernel,tcp,16384,16384,,,65536,0,1577.8695791535565,1577.8695791535565,,,,1583,0,1.003251486,1583,207486976,0.19261103261151813,3155.739158307113,0.74,0.737601698404063,0.0,3.8294883133291218,233.73341756159192,2025.517,3940.158,6202.813,1583,1583,1583,1583,0,0,2.680528032557959,0,0
increment-c,00-kernel-tcp,1683,tcp-rr,kernel,tcp,16384,16384,,,65536,0,1656.903968872641,1656.903968872641,,,,1685,1,1.016956946,1685,220856320,0.20225878526277355,3313.807937745282,0.81,0.7964938960159282,0.0,3.937994065281899,240.35608308605342,1994.03,3228.167,5416.339,1685,1685,1685,1685,0,0,2.7814592071202924,0,0
increment-c,00-kernel-tcp,1686,tcp-rr,kernel,tcp,16384,16384,,,65536,1000,997.194008742322,997.194008742322,,,,1000,1,1.002813887,1000,131072000,0.12172778427030298,1994.388017484644,0.95,0.9473343083052059,0.0,7.7824,475.0,1950.795,4173.009,12946.96,1000,1000,1000,1000,0,0,2.196737888466032,0,0
increment-c,00-kernel-tcp,1689,tcp-rr,kernel,tcp,16384,16384,,,65536,100,99.65844469848113,99.65844469848113,,,,100,1,1.003427259,100,13107200,0.01216533748760756,199.31688939696227,0.53,0.52818975690195,0.0,43.4176,2650.0,2711.159,7627.626,12927.39,100,100,100,100,0,0,1.1074156566991178,0,0
increment-c,00-kernel-tcp,1692,tcp-rr,kernel,tcp,16384,16384,,,65536,100,99.67919685871456,99.67919685871456,,,,100,2,1.003218356,100,13107200,0.012167870710292305,199.35839371742912,0.46,0.458524305550087,0.0,37.6832,2300.0,2280.582,4051.386,6742.094,100,100,100,100,0,0,0.8875007221884061,0,0
increment-c,00-kernel-tcp,1695,tcp-rr,kernel,tcp,16384,16384,,,65536,1000,997.2758383281952,997.2758383281952,,,,1000,2,1.002731603,1000,131072000,0.12173777323342226,1994.5516766563903,1.09,1.087030663777733,0.0,8.92928,545.0,1838.717,3935.691,10100.387,1000,1000,1000,1000,0,0,2.192154089785049,0,0
increment-c,00-kernel-tcp,1698,tcp-rr,kernel,tcp,16384,16384,,,65536,0,1594.5458876821012,1594.5458876821012,,,,1600,2,1.00342048,1600,209715200,0.194646714804944,3189.0917753642025,0.81,0.8072388556390638,0.0,4.147200000000001,253.125,1984.346,3398.713,8150.834,1600,1600,1600,1600,0,0,3.11968903685829,0,0
increment-e,01-aya-tcp,955,tcp-rr,aya,tcp,1,1,,,64,100,99.9589267770284,99.9589267770284,,,,100,0,1.000410901,100,12800,1.191603264534812e-05,199.9178535540568,0.0,0.0,0.0,0.0,0.0,498.51,529.276,570.589,100,100,100,100,0,0,0.3419528713792701,0,0
increment-e,01-aya-tcp,958,tcp-rr,aya,tcp,1,1,,,64,1000,999.826185216831,999.826185216831,,,,1000,0,1.000173845,1000,128000,0.00011918856921396626,1999.652370433662,0.98,0.9798296615124944,0.0,8220.83584,490.0,356.116,421.594,466.622,1000,1000,1000,1000,0,0,0.8646386163596755,0,0
increment-e,01-aya-tcp,961,tcp-rr,aya,tcp,1,1,,,64,0,6692.741389825194,6692.741389825194,,,,6694,0,1.000188056,6694,856832,0.0007978369462281697,13385.482779650389,1.11,1.109791297087835,0.0,1391.00013146101,82.91006871825515,143.235,195.554,226.211,6694,6694,6694,6694,0,0,1.854779083046445,0,0
increment-e,01-aya-tcp,964,tcp-rr,aya,tcp,1,1,,,64,0,6360.381308398538,6360.381308398538,,,,6362,1,1.000254496,6362,814336,0.0007582165370462582,12720.762616797076,1.09,1.0897226699393912,0.0,1437.2182835586295,85.66488525620873,143.847,252.19,297.688,6362,6362,6362,6362,0,0,1.8415117272324775,0,0
increment-e,01-aya-tcp,967,tcp-rr,aya,tcp,1,1,,,64,1000,999.6984839393546,999.6984839393546,,,,1000,1,1.000301607,1000,128000,0.00011917334603540356,1999.3969678787091,1.0,0.9996984839393546,0.0,8388.608,500.0,362.465,388.755,409.687,1000,1000,1000,1000,0,0,0.9048496558933614,0,0
increment-e,01-aya-tcp,970,tcp-rr,aya,tcp,1,1,,,64,100,99.95570862595076,99.95570862595076,,,,100,1,1.00044311,100,12800,1.1915649011844488e-05,199.91141725190153,0.02,0.01999114172519015,0.0,1677.7216,100.0,528.926,585.921,671.69,100,100,100,100,0,0,0.25187122702717346,0,0
increment-e,01-aya-tcp,973,tcp-rr,aya,tcp,1,1,,,64,100,99.95796307845922,99.95796307845922,,,,100,2,1.000420546,100,12800,1.1915917763526346e-05,199.91592615691843,0.0,0.0,0.0,0.0,0.0,336.025,532.392,539.792,100,100,100,100,0,0,0.3549112587368306,0,0
increment-e,01-aya-tcp,976,tcp-rr,aya,tcp,1,1,,,64,1000,999.7168302078436,999.7168302078436,,,,1000,2,1.00028325,1000,128000,0.00011917553308103604,1999.4336604156872,0.01,0.009997168302078436,0.0,83.88608,5.0,203.176,209.525,227.022,1000,1000,1000,1000,0,0,0.8196364479799279,0,0
increment-e,01-aya-tcp,979,tcp-rr,aya,tcp,1,1,,,64,0,5795.284897025295,5795.284897025295,,,,5797,2,1.000295948,5797,742016,0.0006908517953187579,11590.56979405059,1.18,1.1796508846799807,0.0,1707.5310401932034,101.77678109366914,166.0,237.547,265.27,5797,5797,5797,5797,0,0,1.8619570242913426,0,0
increment-e,01-aya-tcp,985,tcp-rr,aya,tcp,1,1,,,1024,100,99.96040968014209,99.96040968014209,,,,100,0,1.00039606,100,204800,0.0001906593507387964,199.92081936028418,0.11,0.1099564506481563,0.0,576.7168,550.0,576.107,655.777,693.213,100,100,100,100,0,0,0.2775908032289536,0,0
increment-e,01-aya-tcp,988,tcp-rr,aya,tcp,1,1,,,1024,1000,999.6684379698418,999.6684379698418,,,,1000,0,1.000331672,1000,2048000,0.0019067162284275851,1999.3368759396835,0.99,0.9896717535901433,0.0,519.04512,495.0,365.97,413.592,450.878,1000,1000,1000,1000,0,0,0.9199938561427778,0,0
increment-e,01-aya-tcp,991,tcp-rr,aya,tcp,1,1,,,1024,0,6592.311696735744,6592.311696735744,,,,6593,0,1.00010441,6593,13502464,0.012573836701842773,13184.623393471487,1.17,1.1698778530533627,0.0,93.04064310632488,88.73047171242227,144.868,204.558,244.748,6593,6593,6593,6593,0,0,1.8943396053165955,0,0
increment-e,01-aya-tcp,994,tcp-rr,aya,tcp,1,1,,,1024,0,6041.2890006975085,6041.2890006975085,,,,6042,1,1.00011769,6042,12374016,0.011522844315905587,12082.578001395017,1.11,1.10986937947273,0.0,96.319046673287,91.85700099304866,158.959,214.563,243.056,6042,6042,6042,6042,0,0,1.8943695356503838,0,0
increment-e,01-aya-tcp,997,tcp-rr,aya,tcp,1,1,,,1024,1000,999.8105878837466,999.8105878837466,,,,1000,1,1.000189448,1000,2048000,0.001906987357871526,1999.6211757674932,0.94,0.9398219526107218,0.0,492.83072,470.0,319.841,392.02,408.104,1000,1000,1000,1000,0,0,0.8538394144866288,0,0
increment-e,01-aya-tcp,1000,tcp-rr,aya,tcp,1,1,,,1024,100,99.9579520877066,99.9579520877066,,,,100,1,1.000420656,100,204800,0.00019065466325322457,199.9159041754132,0.08,0.07996636167016528,0.0,419.4304,400.0,592.031,663.799,707.865,100,100,100,100,0,0,0.24849002367205486,0,0
increment-e,01-aya-tcp,1003,tcp-rr,aya,tcp,1,1,,,1024,100,99.95884774205538,99.95884774205538,,,,100,2,1.000411692,100,204800,0.0001906563715783222,199.91769548411077,0.01,0.009995884774205538,0.0,52.4288,50.0,534.424,554.724,558.23,100,100,100,100,0,0,0.3618706314519997,0,0
increment-e,01-aya-tcp,1006,tcp-rr,aya,tcp,1,1,,,1024,1000,999.7289115088975,999.7289115088975,,,,1000,2,1.000271162,1000,2048000,0.0019068315725496244,1999.457823017795,0.0,0.0,0.0,0.0,0.0,354.203,385.17,400.252,1000,1000,1000,1000,0,0,0.8871080359361514,0,0
increment-e,01-aya-tcp,1009,tcp-rr,aya,tcp,1,1,,,1024,0,6522.414081538487,6522.414081538487,,,,6524,2,1.000243149,6524,13361152,0.012440517581059431,13044.828163076974,1.14,1.1397228775220531,0.0,91.61378295524217,87.36971183323115,145.649,195.915,224.418,6524,6524,6524,6524,0,0,1.8252818258620351,0,0
increment-e,01-aya-tcp,1015,tcp-rr,aya,tcp,1,1,,,65536,100,24.618339931197788,24.618339931197788,,,,25,0,1.015503079,25,3276800,0.0030051684486325425,49.236679862395576,0.03,0.029542007917437343,0.0,9.8304,600.0,41911.269,41960.253,41979.452,25,25,25,25,0,0,0.17935843368483262,0,0
increment-e,01-aya-tcp,1018,tcp-rr,aya,tcp,1,1,,,65536,1000,24.78205555069045,24.78205555069045,,,,25,0,1.008794446,25,3276800,0.003025153265465143,49.5641111013809,0.02,0.019825644440552362,0.0,6.5536,400.0,41857.919,42007.994,42017.079,25,25,25,25,0,0,0.29532372259726714,0,0
increment-e,01-aya-tcp,1021,tcp-rr,aya,tcp,1,1,,,65536,0,24.82315135540319,24.82315135540319,,,,25,0,1.007124343,25,3276800,0.003030169843188866,49.64630271080638,0.03,0.029787781626483826,0.0,9.8304,600.0,41770.197,42023.468,42024.198,25,25,25,25,0,0,0.13137099621280157,0,0
increment-e,01-aya-tcp,1024,tcp-rr,aya,tcp,1,1,,,65536,0,25.0687339851406,25.0687339851406,,,,26,1,1.037148506,26,3407872,0.0030601481915454834,50.1374679702812,0.01,0.009641820763515614,0.0,3.1507692307692308,192.30769230769232,40881.94,41924.81,41976.998,26,26,26,26,0,0,0.29503708168348197,0,0
increment-e,01-aya-tcp,1027,tcp-rr,aya,tcp,1,1,,,65536,1000,24.783433190907566,24.783433190907566,,,,25,1,1.00873837,25,3276800,0.0030253214344369587,49.56686638181513,0.02,0.019826746552726055,0.0,6.5536,400.0,41864.149,42002.276,42009.186,25,25,25,25,0,0,0.2302956010073487,0,0
increment-e,01-aya-tcp,1030,tcp-rr,aya,tcp,1,1,,,65536,100,24.566275599433656,24.566275599433656,,,,25,1,1.017655277,25,3276800,0.002998812939383991,49.13255119886731,0.02,0.019653020479546927,0.0,6.5536,400.0,41868.905,41998.951,41999.181,25,25,25,25,0,0,0.2598315028536575,0,0
increment-e,01-aya-tcp,1033,tcp-rr,aya,tcp,1,1,,,65536,100,24.573808864136154,24.573808864136154,,,,25,2,1.017343308,25,3276800,0.0029997325273603704,49.14761772827231,0.01,0.009829523545654462,0.0,3.2768,200.0,41835.354,42025.1,42025.921,25,25,25,25,0,0,0.3549274649290268,0,0
increment-e,01-aya-tcp,1036,tcp-rr,aya,tcp,1,1,,,65536,1000,24.78177803157094,24.78177803157094,,,,25,2,1.008805743,25,3276800,0.0030251193886194996,49.56355606314188,0.02,0.019825422425256756,0.0,6.5536,400.0,41817.007,42016.597,42017.119,25,25,25,25,0,0,0.09586255580584435,0,0
increment-e,01-aya-tcp,1039,tcp-rr,aya,tcp,1,1,,,65536,0,24.83111573525198,24.83111573525198,,,,25,2,1.006801316,25,3276800,0.0030311420575258765,49.66223147050396,0.03,0.029797338882302373,0.0,9.8304,600.0,41811.058,42030.479,42031.69,25,25,25,25,0,0,0.34146069445273497,0,0
increment-e,01-aya-tcp,1051,tcp-rr,aya,tcp,64,64,,,64,100,99.96151251856557,99.96151251856557,,,,100,0,1.000385023,100,12800,1.1916340889759728e-05,199.92302503713114,0.08,0.07996921001485245,0.0,6710.8864,400.0,410.197,573.243,606.112,100,100,100,100,0,0,0.35442859128317394,0,0
increment-e,01-aya-tcp,1054,tcp-rr,aya,tcp,64,64,,,64,1000,999.6782365650315,999.6782365650315,,,,1000,0,1.000321867,1000,128000,0.00011917093236029524,1999.356473130063,0.04,0.03998712946260126,0.0,335.54432,20.0,284.939,444.549,500.372,1000,1000,1000,1000,0,0,0.5676317716047734,0,0
increment-e,01-aya-tcp,1057,tcp-rr,aya,tcp,64,64,,,64,0,25212.184642247506,25212.184642247506,,,,25219,0,1.00027032,25219,3228032,0.003005526619225443,50424.36928449501,2.78,2.7792487134877697,0.0,924.7127261191957,55.11717355961775,161.073,242.194,286.662,25219,25219,25219,25219,0,0,3.3148164428748714,0,0
increment-e,01-aya-tcp,1060,tcp-rr,aya,tcp,64,64,,,64,0,55985.99376947086,55985.99376947086,,,,55997,1,1.000196589,55997,7167616,0.006674050542053086,111971.98753894171,3.94,3.939225591580177,0.0,590.2301108987981,35.180456095862276,67.061,85.458,179.711,55997,55997,55997,55997,0,0,3.7194888771384313,0,0
increment-e,01-aya-tcp,1064,tcp-rr,aya,tcp,64,64,,,64,1000,999.6603414071587,999.6603414071587,,,,1000,1,1.000339774,1000,128000,0.00011916879909123883,1999.3206828143175,0.31,0.3098947058362192,0.0,2600.46848,155.0,184.778,441.905,504.358,1000,1000,1000,1000,0,0,0.6178334198882851,0,0
increment-e,01-aya-tcp,1067,tcp-rr,aya,tcp,64,64,,,64,100,99.96145846023025,99.96145846023025,,,,100,1,1.000385564,100,12800,1.191633444550398e-05,199.9229169204605,0.02,0.01999229169204605,0.0,1677.7216,100.0,282.856,518.4,584.609,100,100,100,100,0,0,0.2850303210014715,0,0
increment-e,01-aya-tcp,1070,tcp-rr,aya,tcp,64,64,,,64,100,99.95183341138271,99.95183341138271,,,,100,2,1.000481898,100,12800,1.1915187050268973e-05,199.90366682276542,0.06,0.05997110004682962,0.0,5033.1648,300.0,343.978,593.623,671.45,100,100,100,100,0,0,0.18876415208292485,0,0
increment-e,01-aya-tcp,1073,tcp-rr,aya,tcp,64,64,,,64,1000,999.5970524321941,999.5970524321941,,,,1000,2,1.00040311,1000,128000,0.0001191612544574969,1999.1941048643882,0.93,0.9296252587619406,0.0,7801.40544,465.0,215.745,428.455,503.618,1000,1000,1000,1000,0,0,0.6615983070910829,0,0
increment-e,01-aya-tcp,1076,tcp-rr,aya,tcp,64,64,,,64,0,56480.763192468265,56480.763192468265,,,,56490,2,1.000163539,56490,7230720,0.006733031653460057,112961.52638493653,3.96,3.9593524914528997,0.0,588.0489941582581,35.05045140732873,66.55,84.918,167.251,56490,56490,56490,56490,0,0,3.8218801224695653,0,0
increment-e,01-aya-tcp,1082,tcp-rr,aya,tcp,64,64,,,1024,100,99.95389156968058,99.95389156968058,,,,100,0,1.000461297,100,204800,0.00019064691842971912,199.90778313936116,0.08,0.07996311325574447,0.0,419.4304,400.0,422.095,594.915,718.851,100,100,100,100,0,0,0.3181489069243497,0,0
increment-e,01-aya-tcp,1085,tcp-rr,aya,tcp,64,64,,,1024,1000,999.6569277389693,999.6569277389693,,,,1000,0,1.00034319,1000,2048000,0.0019066942744044673,1999.3138554779387,0.03,0.029989707832169078,0.0,15.728639999999999,15.0,206.951,399.822,491.23,1000,1000,1000,1000,0,0,0.6214474371203664,0,0
increment-e,01-aya-tcp,1088,tcp-rr,aya,tcp,64,64,,,1024,0,55376.86547072354,55376.86547072354,,,,55385,0,1.000146894,55385,113428480,0.10562298864502628,110753.73094144708,3.96,3.959418385195725,0.0,37.486331678252235,35.749751737835155,67.212,86.009,141.152,55385,55385,55385,55385,0,0,3.6391483665732665,0,0
increment-e,01-aya-tcp,1091,tcp-rr,aya,tcp,64,64,,,1024,0,55414.54960271075,55414.54960271075,,,,55424,1,1.00017054,55424,113508352,0.10569486542265082,110829.0992054215,3.94,3.9393281869709935,0.0,37.27076212471132,35.54416859122402,67.211,86.119,155.404,55424,55424,55424,55424,0,0,3.4166469552284013,0,0
increment-e,01-aya-tcp,1094,tcp-rr,aya,tcp,64,64,,,1024,1000,999.677975733033,999.677975733033,,,,1000,1,1.000322128,1000,2048000,0.001906734420267168,1999.355951466066,0.41,0.4098679700505435,0.0,214.95808,205.0,199.911,472.861,563.457,1000,1000,1000,1000,0,0,0.7188913151859424,0,0
increment-e,01-aya-tcp,1097,tcp-rr,aya,tcp,64,64,,,1024,100,99.95503322920118,99.95503322920118,,,,100,1,1.00044987,100,204800,0.00019064909597244487,199.91006645840235,0.08,0.07996402658336095,0.0,419.4304,400.0,323.717,523.538,569.046,100,100,100,100,0,0,0.1161823540116842,0,0
increment-e,01-aya-tcp,1100,tcp-rr,aya,tcp,64,64,,,1024,100,99.95550350819178,99.95550350819178,,,,100,2,1.000445163,100,204800,0.00019064999295843464,199.91100701638356,0.06,0.05997330210491507,0.0,314.5728,300.0,337.297,513.964,550.198,100,100,100,100,0,0,0.3598999903943678,0,0
increment-e,01-aya-tcp,1103,tcp-rr,aya,tcp,64,64,,,1024,1000,999.4473096355608,999.4473096355608,,,,1000,2,1.000552996,1000,2048000,0.0019062944596015183,1998.8946192711217,0.05,0.049972365481778046,0.0,26.2144,25.0,207.903,367.834,490.488,1000,1000,1000,1000,0,0,0.5620191010075644,0,0
increment-e,01-aya-tcp,1106,tcp-rr,aya,tcp,64,64,,,1024,0,55736.48578187703,55736.48578187703,,,,55746,2,1.0001707,55746,114167808,0.1063089099538365,111472.97156375406,3.97,3.9693224366600623,0.0,37.33762709432067,35.60793599540774,67.131,85.158,133.571,55746,55746,55746,55746,0,0,3.3539308933797685,0,0
increment-e,01-aya-tcp,1112,tcp-rr,aya,tcp,64,64,,,65536,100,99.96110923080377,99.96110923080377,,,,100,0,1.000389059,100,13107200,0.012202283841650851,199.92221846160754,0.13,0.1299494420000449,0.0,10.6496,650.0,636.909,1066.354,1211.513,100,100,100,100,0,0,0.3737929869083274,0,0
increment-e,01-aya-tcp,1115,tcp-rr,aya,tcp,64,64,,,65536,1000,999.7323256687315,999.7323256687315,,,,1000,0,1.000267746,1000,131072000,0.12203763741073383,1999.464651337463,0.25,0.24993308141718287,0.0,2.048,125.0,412.46,925.783,1059.945,1000,1000,1000,1000,0,0,0.949244099322712,0,0
increment-e,01-aya-tcp,1118,tcp-rr,aya,tcp,64,64,,,65536,0,1149.3532396435985,1149.3532396435985,,,,1156,0,1.005783044,1156,151519232,0.14030190913618146,2298.706479287197,0.92,0.914710190719819,0.0,6.519584775086505,397.92387543252596,825.542,41008.02,41769.565,1156,1156,1156,1156,0,0,1.459146098236502,0,0
increment-e,01-aya-tcp,1121,tcp-rr,aya,tcp,64,64,,,65536,0,1177.0129517173832,1177.0129517173832,,,,1220,1,1.036522154,1220,159907840,0.14367833883268838,2354.0259034347664,0.89,0.8586405959249762,0.0,5.9761311475409835,364.75409836065575,768.246,40886.387,41814.674,1220,1220,1220,1220,0,0,1.3586264905150358,0,0
increment-e,01-aya-tcp,1124,tcp-rr,aya,tcp,64,64,,,65536,1000,999.5817220296715,999.5817220296715,,,,1000,1,1.000418453,1000,131072000,0.12201925317745013,1999.163444059343,0.12,0.11994980664356059,0.0,0.9830399999999999,60.0,401.615,935.808,1117.651,1000,1000,1000,1000,0,0,0.9018661385333786,0,0
increment-e,01-aya-tcp,1127,tcp-rr,aya,tcp,64,64,,,65536,100,99.94784441624397,99.94784441624397,,,,100,1,1.000521828,100,13107200,0.012200664601592281,199.89568883248793,0.12,0.11993741329949276,0.0,9.8304,600.0,779.373,1213.486,1446.736,100,100,100,100,0,0,0.24298216061559685,0,0
increment-e,01-aya-tcp,1130,tcp-rr,aya,tcp,64,64,,,65536,100,99.95395750887499,99.95395750887499,,,,100,2,1.000460637,100,13107200,0.012201410828720092,199.90791501774999,0.11,0.10994935325976249,0.0,9.0112,550.0,918.752,1241.418,1372.015,100,100,100,100,0,0,0.4261238333680524,0,0
increment-e,01-aya-tcp,1133,tcp-rr,aya,tcp,64,64,,,65536,1000,999.7414848473651,999.7414848473651,,,,1000,2,1.000258582,1000,131072000,0.12203875547453187,1999.4829696947302,0.15,0.14996122272710477,0.0,1.2288,75.0,399.672,959.704,1124.121,1000,1000,1000,1000,0,0,0.8493531177971079,0,0
increment-e,01-aya-tcp,1136,tcp-rr,aya,tcp,64,64,,,65536,0,1134.3791745359301,1134.3791745359301,,,,1172,2,1.033164242,1172,153616384,0.13847402032909303,2268.7583490718603,1.02,0.9872583259613045,0.0,7.129556313993175,435.1535836177474,832.482,40995.581,41788.454,1172,1172,1172,1172,0,0,1.7591731675249207,0,0
increment-e,01-aya-tcp,1152,tcp-rr,aya,tcp,1024,64,,,64,100,99.95773796834472,99.95773796834472,,,,100,0,1.000422799,100,12800,1.1915890928309526e-05,199.91547593668943,0.05,0.04997886898417236,0.0,4194.304,250.0,369.976,578.701,626.313,100,100,100,100,0,0,0.29687730442321936,0,0
increment-e,01-aya-tcp,1155,tcp-rr,aya,tcp,1024,64,,,64,1000,999.6150552395327,999.6150552395327,,,,1000,0,1.000385093,1000,128000,0.00011916340055936965,1999.2301104790654,0.0,0.0,0.0,0.0,0.0,160.531,329.847,406.671,1000,1000,1000,1000,0,0,0.5094732555655241,0,0
increment-e,01-aya-tcp,1158,tcp-rr,aya,tcp,1024,64,,,64,0,57709.76620656788,57709.76620656788,,,,57719,0,1.000160004,57719,7388032,0.0068795402296266414,115419.53241313576,4.0,3.9993600863887373,0.0,581.3411874772605,34.650634972885875,66.491,84.497,131.237,57719,57719,57719,57719,0,0,3.410719159083868,0,0
increment-e,01-aya-tcp,1161,tcp-rr,aya,tcp,1024,64,,,64,0,57002.292698118785,57002.292698118785,,,,57014,1,1.000205383,57014,7297792,0.006795202815308426,114004.58539623757,3.97,3.9691847969188547,0.0,584.1157217525521,34.816010102781775,66.55,84.487,138.559,57014,57014,57014,57014,0,0,3.3083758299937926,0,0
increment-e,01-aya-tcp,1164,tcp-rr,aya,tcp,1024,64,,,64,1000,999.5864450984153,999.5864450984153,,,,1000,1,1.000413726,1000,128000,0.0001191599899647731,1999.1728901968306,0.92,0.9196195294905422,0.0,7717.51936,460.0,194.352,352.019,388.144,1000,1000,1000,1000,0,0,0.5329916854214787,0,0
increment-e,01-aya-tcp,1167,tcp-rr,aya,tcp,1024,64,,,64,100,99.95575968072106,99.95575968072106,,,,100,1,1.000442599,100,12800,1.1915655098047383e-05,199.91151936144212,0.01,0.009995575968072106,0.0,838.8608,50.0,320.332,501.926,563.267,100,100,100,100,0,0,0.2971083413767417,0,0
increment-e,01-aya-tcp,1170,tcp-rr,aya,tcp,1024,64,,,64,100,99.95352630808247,99.95352630808247,,,,100,2,1.000464953,100,12800,1.1915388859281835e-05,199.90705261616495,0.05,0.04997676315404124,0.0,4194.304,250.0,290.767,555.776,566.332,100,100,100,100,0,0,0.16784598809090312,0,0
increment-e,01-aya-tcp,1173,tcp-rr,aya,tcp,1024,64,,,64,1000,999.5905976789087,999.5905976789087,,,,1000,2,1.00040957,1000,128000,0.00011916048499094351,1999.1811953578174,0.97,0.9696028797485414,0.0,8136.9497599999995,485.0,194.282,354.233,420.032,1000,1000,1000,1000,0,0,0.6471072946873733,0,0
increment-e,01-aya-tcp,1176,tcp-rr,aya,tcp,1024,64,,,64,0,57272.29348593918,57272.29348593918,,,,57284,2,1.000204401,57284,7332352,0.006827389417402647,114544.58697187837,4.0,3.999182563084923,0.0,585.7557433140144,34.91376300537672,66.891,85.008,131.347,57284,57284,57284,57284,0,0,3.655135325238888,0,0
increment-e,01-aya-tcp,1182,tcp-rr,aya,tcp,1024,64,,,1024,100,99.94726012961658,99.94726012961658,,,,100,0,1.000527677,100,204800,0.00019063426996157948,199.89452025923316,0.1,0.09994726012961659,0.0,524.288,500.0,281.724,563.598,594.124,100,100,100,100,0,0,0.3668249386195157,0,0
increment-e,01-aya-tcp,1185,tcp-rr,aya,tcp,1024,64,,,1024,1000,999.758121519354,999.758121519354,,,,1000,0,1.000241937,1000,2048000,0.001906887286223133,1999.516243038708,0.03,0.02999274364558062,0.0,15.728639999999999,15.0,164.237,346.221,423.968,1000,1000,1000,1000,0,0,0.4535456790133594,0,0
increment-e,01-aya-tcp,1188,tcp-rr,aya,tcp,1024,64,,,1024,0,55402.51130736431,55402.51130736431,,,,55413,0,1.000189318,55413,113485824,0.10567190419648038,110805.02261472862,3.96,3.9592504426247026,0.0,37.46738996264414,35.73168751015105,67.332,85.719,145.308,55413,55413,55413,55413,0,0,3.3051696121167993,0,0
increment-e,01-aya-tcp,1191,tcp-rr,aya,tcp,1024,64,,,1024,0,53887.799686173,53887.799686173,,,,53898,1,1.000189288,53898,110383104,0.10278282105669594,107775.599372346,3.88,3.879265701553884,0.0,37.7423548183606,35.993914430962185,67.421,87.902,165.549,53898,53898,53898,53898,0,0,3.2138715590523645,0,0
increment-e,01-aya-tcp,1194,tcp-rr,aya,tcp,1024,64,,,1024,1000,999.6595209654569,999.6595209654569,,,,1000,1,1.000340595,1000,2048000,0.0019066992205914628,1999.3190419309137,0.92,0.9196867592882203,0.0,482.34496,460.0,205.049,406.672,538.49,1000,1000,1000,1000,0,0,0.5984005812591988,0,0
increment-e,01-aya-tcp,1197,tcp-rr,aya,tcp,1024,64,,,1024,100,99.96136243438505,99.96136243438505,,,,100,1,1.000386525,100,204800,0.00019066116797329913,199.9227248687701,0.01,0.009996136243438506,0.0,52.4288,50.0,319.15,482.346,512.521,100,100,100,100,0,0,0.156182541032166,0,0
increment-e,01-aya-tcp,1200,tcp-rr,aya,tcp,1024,64,,,1024,100,99.95300010029284,99.95300010029284,,,,100,2,1.00047022,100,204800,0.00019064521808680122,199.90600020058568,0.08,0.07996240008023428,0.0,419.4304,400.0,363.677,519.842,573.994,100,100,100,100,0,0,0.2876442452252661,0,0
increment-e,01-aya-tcp,1203,tcp-rr,aya,tcp,1024,64,,,1024,1000,999.5887571902268,999.5887571902268,,,,1000,2,1.000411412,1000,2048000,0.0019065642494015252,1999.1775143804537,0.02,0.019991775143804538,0.0,10.48576,10.0,159.851,323.276,411.68,1000,1000,1000,1000,0,0,0.5019521491682326,0,0
increment-e,01-aya-tcp,1206,tcp-rr,aya,tcp,1024,64,,,1024,0,56078.93338512529,56078.93338512529,,,,56094,2,1.000268668,56094,114880512,0.10696207692170198,112157.86677025058,4.0,3.9989256166524254,0.0,37.38638713587906,35.65443719470888,67.251,85.94,132.019,56094,56094,56094,56094,0,0,3.7320601691646402,0,0
increment-e,01-aya-tcp,1212,tcp-rr,aya,tcp,1024,64,,,65536,100,99.95292507092643,99.95292507092643,,,,100,0,1.000470971,100,13107200,0.012201284798697073,199.90585014185285,0.17,0.16991997262057493,0.0,13.926400000000001,850.0,902.778,1274.087,1326.686,100,100,100,100,0,0,0.3583281966209597,0,0
increment-e,01-aya-tcp,1215,tcp-rr,aya,tcp,1024,64,,,65536,1000,999.6252734726093,999.6252734726093,,,,1000,0,1.000374867,1000,131072000,0.12202456951569937,1999.2505469452185,0.93,0.9296515043295267,0.0,7.61856,465.0,478.36,1003.62,1215.799,1000,1000,1000,1000,0,0,0.9706038368384782,0,0
increment-e,01-aya-tcp,1218,tcp-rr,aya,tcp,1024,64,,,65536,0,1171.2876982711966,1171.2876982711966,,,,1174,0,1.002315658,1174,153878528,0.14297945535537068,2342.5753965423933,0.94,0.937828310370464,0.0,6.559182282793866,400.3407155025554,779.713,40897.674,41707.412,1174,1174,1174,1174,0,0,1.5430427824567232,0,0
increment-e,01-aya-tcp,1221,tcp-rr,aya,tcp,1024,64,,,65536,0,1173.9773436400458,1173.9773436400458,,,,1175,1,1.000871104,1175,154009600,0.14330778120606028,2347.9546872800915,0.85,0.8492602060374799,0.0,5.926127659574468,361.70212765957444,809.468,41037.234,41817.948,1175,1175,1175,1175,0,0,1.2272843312367456,0,0
increment-e,01-aya-tcp,1224,tcp-rr,aya,tcp,1024,64,,,65536,1000,999.6344296905245,999.6344296905245,,,,1000,1,1.000365704,1000,131072000,0.1220256872180816,1999.268859381049,0.07,0.06997441007833671,0.0,0.5734400000000001,35.0,393.361,912.072,1098.753,1000,1000,1000,1000,0,0,0.9220856706951963,0,0
increment-e,01-aya-tcp,1227,tcp-rr,aya,tcp,1024,64,,,65536,100,99.95168835143532,99.95168835143532,,,,100,1,1.00048335,100,13107200,0.01220113383196232,199.90337670287064,0.12,0.11994202602172238,0.0,9.8304,600.0,738.662,1179.605,1254.898,100,100,100,100,0,0,0.211252586221093,0,0
increment-e,01-aya-tcp,1230,tcp-rr,aya,tcp,1024,64,,,65536,100,99.94915007030852,99.94915007030852,,,,100,2,1.000508758,100,13107200,0.012200823983191958,199.89830014061704,0.13,0.12993389509140107,0.0,10.6496,650.0,655.516,1262.72,1348.74,100,100,100,100,0,0,0.4472588793622094,0,0
increment-e,01-aya-tcp,1233,tcp-rr,aya,tcp,1024,64,,,65536,1000,999.5962920459351,999.5962920459351,,,,1000,2,1.000403871,1000,131072000,0.12202103174388856,1999.1925840918702,0.85,0.8496568482390447,0.0,6.9632,425.0,496.827,1082.499,1277.242,1000,1000,1000,1000,0,0,0.9931726119518771,0,0
increment-e,01-aya-tcp,1236,tcp-rr,aya,tcp,1024,64,,,65536,0,1150.6498235155993,1150.6498235155993,,,,1156,2,1.0046497,1156,151519232,0.14046018353461906,2301.2996470311987,0.9,0.8958346376851553,0.0,6.377854671280277,389.2733564013841,841.877,40943.542,41780.863,1156,1156,1156,1156,0,0,1.3964032973154872,0,0
increment-e,01-aya-tcp,1242,tcp-rr,aya,tcp,1024,1024,,,64,100,99.96340699538163,99.96340699538163,,,,100,0,1.000366064,100,12800,1.1916566728995041e-05,199.92681399076326,0.05,0.04998170349769082,0.0,4194.304,250.0,367.112,604.339,4475.604,100,100,100,100,0,0,0.371330228043945,0,0
increment-e,01-aya-tcp,1245,tcp-rr,aya,tcp,1024,1024,,,64,1000,999.6062291165889,999.6062291165889,,,,1000,0,1.000393926,1000,128000,0.00011916234840352403,1999.2124582331778,0.25,0.24990155727914723,0.0,2097.152,125.0,191.869,471.47,552.05,1000,1000,1000,1000,0,0,0.5654842070528332,0,0
increment-e,01-aya-tcp,1248,tcp-rr,aya,tcp,1024,1024,,,64,0,22729.12196675998,22729.12196675998,,,,22734,0,1.000214616,22734,2909952,0.002709522481770513,45458.24393351996,2.69,2.689422806834888,0.0,992.5818386557579,59.16248790358054,176.466,268.795,319.44,22734,22734,22734,22734,0,0,3.412985103383619,0,0
increment-e,01-aya-tcp,1251,tcp-rr,aya,tcp,1024,1024,,,64,0,21844.97452252243,21844.97452252243,,,,21851,1,1.000275829,21851,2796928,0.0026041238930848156,43689.94904504486,2.64,2.639272012240136,0.0,1013.4970994462496,60.409134593382454,180.722,270.837,329.035,21851,21851,21851,21851,0,0,3.501976329130116,0,0
increment-e,01-aya-tcp,1254,tcp-rr,aya,tcp,1024,1024,,,64,1000,999.6452788717281,999.6452788717281,,,,1000,1,1.000354847,1000,128000,0.00011916700349709131,1999.2905577434562,0.49,0.4898261866471468,0.0,4110.41792,245.0,282.795,432.381,483.297,1000,1000,1000,1000,0,0,0.5770866350543997,0,0
increment-e,01-aya-tcp,1257,tcp-rr,aya,tcp,1024,1024,,,64,100,99.96567878350326,99.96567878350326,,,,100,1,1.00034333,100,12800,1.191683754724303e-05,199.93135756700653,0.05,0.04998283939175163,0.0,4194.304,250.0,340.933,521.164,549.617,100,100,100,100,0,0,0.33239036656186727,0,0
increment-e,01-aya-tcp,1260,tcp-rr,aya,tcp,1024,1024,,,64,100,99.95550550641235,99.95550550641235,,,,100,2,1.000445143,100,12800,1.191562479810862e-05,199.9110110128247,0.08,0.07996440440512988,0.0,6710.8864,400.0,317.938,513.763,554.594,100,100,100,100,0,0,0.18644999339431934,0,0
increment-e,01-aya-tcp,1263,tcp-rr,aya,tcp,1024,1024,,,64,1000,999.6895154306081,999.6895154306081,,,,1000,2,1.000310581,1000,128000,0.00011917227690584757,1999.3790308612163,0.43,0.4298664916351615,0.0,3607.10144,215.0,291.659,473.713,545.291,1000,1000,1000,1000,0,0,0.7416637304558549,0,0
increment-e,01-aya-tcp,1266,tcp-rr,aya,tcp,1024,1024,,,64,0,23083.327348729956,23083.327348729956,,,,23090,2,1.000289068,23090,2955520,0.002751747053710217,46166.65469745991,2.76,2.759202402879804,0.0,1002.7093148549154,59.76613252490255,173.932,267.322,327.102,23090,23090,23090,23090,0,0,3.6780161312727273,0,0
increment-e,01-aya-tcp,1272,tcp-rr,aya,tcp,1024,1024,,,1024,100,99.94837166861458,99.94837166861458,,,,100,0,1.00051655,100,204800,0.00019063639005396764,199.89674333722917,0.09,0.08995353450175313,0.0,471.8592,450.0,295.424,520.723,571.189,100,100,100,100,0,0,0.2515229975512625,0,0
increment-e,01-aya-tcp,1275,tcp-rr,aya,tcp,1024,1024,,,1024,1000,999.5612186136203,999.5612186136203,,,,1000,0,1.000438974,1000,2048000,0.0019065117237350852,1999.1224372272407,0.49,0.48978499712067397,0.0,256.90112,245.0,344.728,481.574,536.667,1000,1000,1000,1000,0,0,0.6901072734375475,0,0
increment-e,01-aya-tcp,1278,tcp-rr,aya,tcp,1024,1024,,,1024,0,31567.346193594687,31567.346193594687,,,,31573,0,1.000179103,31573,64661504,0.0602099346038717,63134.692387189374,3.07,3.0694502522514706,0.0,50.979132803344626,48.617489627213125,95.995,238.729,308.264,31573,31573,31573,31573,0,0,3.568947664723794,0,0
increment-e,01-aya-tcp,1281,tcp-rr,aya,tcp,1024,1024,,,1024,0,45583.45695665704,45583.45695665704,,,,45594,1,1.000231291,45594,93376512,0.08694354430514725,91166.91391331409,3.62,3.619162920189027,0.0,41.62658595429223,39.69820590428565,72.62,178.809,247.242,45594,45594,45594,45594,0,0,3.6682501882056044,0,0
increment-e,01-aya-tcp,1284,tcp-rr,aya,tcp,1024,1024,,,1024,1000,999.594240707435,999.594240707435,,,,1000,1,1.000405924,1000,2048000,0.0019065747083805752,1999.18848141487,0.0,0.0,0.0,0.0,0.0,171.047,368.014,424.449,1000,1000,1000,1000,0,0,0.523517759943843,0,0
increment-e,01-aya-tcp,1287,tcp-rr,aya,tcp,1024,1024,,,1024,100,99.95874862378294,99.95874862378294,,,,100,1,1.000412684,100,204800,0.00019065618252522075,199.91749724756588,0.0,0.0,0.0,0.0,0.0,323.637,516.708,562.567,100,100,100,100,0,0,0.22967514983088222,0,0
increment-e,01-aya-tcp,1290,tcp-rr,aya,tcp,1024,1024,,,1024,100,99.95039461915052,99.95039461915052,,,,100,2,1.0004963,100,204800,0.0001906402485259066,199.90078923830103,0.05,0.04997519730957526,0.0,262.144,250.0,434.484,595.106,623.338,100,100,100,100,0,0,0.2617091296395415,0,0
increment-e,01-aya-tcp,1293,tcp-rr,aya,tcp,1024,1024,,,1024,1000,999.6426967112717,999.6426967112717,,,,1000,2,1.000357431,1000,2048000,0.0019066671308732447,1999.2853934225434,0.05,0.04998213483556359,0.0,26.2144,25.0,176.316,382.756,502.165,1000,1000,1000,1000,0,0,0.5701592789638426,0,0
increment-e,01-aya-tcp,1296,tcp-rr,aya,tcp,1024,1024,,,1024,0,49461.274635464106,49461.274635464106,,,,49470,2,1.000176408,49470,101314560,0.09433989455311605,98922.54927092821,3.83,3.829324476527745,0.0,40.59072245805539,38.71032949262179,71.327,132.42,213.431,49470,49470,49470,49470,0,0,3.803080535598042,0,0
increment-e,01-aya-tcp,1302,tcp-rr,aya,tcp,1024,1024,,,65536,100,99.9643017482027,99.9643017482027,,,,100,0,1.00035711,100,13107200,0.0122026735532474,199.9286034964054,0.06,0.05997858104892162,0.0,4.9152,300.0,835.266,1299.805,1347.027,100,100,100,100,0,0,0.2167961742962916,0,0
increment-e,01-aya-tcp,1305,tcp-rr,aya,tcp,1024,1024,,,65536,1000,999.5103298942815,999.5103298942815,,,,1000,0,1.00048991,1000,131072000,0.12201053831717304,1999.020659788563,1.03,1.02949563979111,0.0,8.43776,515.0,432.771,887.385,1052.373,1000,1000,1000,1000,0,0,0.9677245830132506,0,0
increment-e,01-aya-tcp,1308,tcp-rr,aya,tcp,1024,1024,,,65536,0,14664.998121100847,14664.998121100847,,,,14670,0,1.000341076,14670,1922826240,1.7901609034546933,29329.996242201694,3.95,3.9486532091580333,0.0,2.205753237900477,134.62849352419906,189.526,225.129,469.486,14670,14670,14670,14670,0,0,3.859991661139702,0,0
increment-e,01-aya-tcp,1311,tcp-rr,aya,tcp,1024,1024,,,65536,0,15010.665839808498,15010.665839808498,,,,15016,1,1.000355358,15016,1968177152,1.8323566698984983,30021.331679616997,3.98,3.97858617757311,0.0,2.171294619072989,132.5253063399041,189.385,221.153,277.738,15016,15016,15016,15016,0,0,3.5855266177547946,0,0
increment-e,01-aya-tcp,1314,tcp-rr,aya,tcp,1024,1024,,,65536,1000,999.7180015455601,999.7180015455601,,,,1000,1,1.000282078,1000,131072000,0.12203588886054201,1999.4360030911203,0.99,0.9897208215301045,0.0,8.11008,495.0,491.9,881.616,994.927,1000,1000,1000,1000,0,0,1.015286341516287,0,0
increment-e,01-aya-tcp,1317,tcp-rr,aya,tcp,1024,1024,,,65536,100,99.95774296411966,99.95774296411966,,,,100,1,1.000422749,100,13107200,0.012201872920424763,199.91548592823932,0.1,0.09995774296411968,0.0,8.192,500.0,653.514,1036.229,1180.416,100,100,100,100,0,0,0.4160310279308419,0,0
increment-e,01-aya-tcp,1320,tcp-rr,aya,tcp,1024,1024,,,65536,100,99.95772787688087,99.95772787688087,,,,100,2,1.0004229,100,13107200,0.012201871078720809,199.91545575376173,0.06,0.059974636726128516,0.0,4.9152,300.0,927.246,1246.436,1411.283,100,100,100,100,0,0,0.2625391451297219,0,0
increment-e,01-aya-tcp,1323,tcp-rr,aya,tcp,1024,1024,,,65536,1000,999.6111023002611,999.6111023002611,,,,1000,2,1.000389049,1000,131072000,0.12202283963626234,1999.2222046005222,1.02,1.0196033243462663,0.0,8.35584,510.0,401.545,850.78,1037.241,1000,1000,1000,1000,0,0,1.0101653625243898,0,0
increment-e,01-aya-tcp,1326,tcp-rr,aya,tcp,1024,1024,,,65536,0,14928.013847102477,14928.013847102477,,,,14932,2,1.000267025,14932,1957167104,1.8222673153201265,29856.027694204953,3.98,3.978937524207598,0.0,2.183509241896598,133.2708277524779,189.515,221.343,363.687,14932,14932,14932,14932,0,0,3.6172752644081925,0,0
increment-e,01-aya-tcp,1337,tcp-rr,aya,tcp,4096,64,,,64,100,99.95345827141125,99.95345827141125,,,,100,0,1.000465634,100,12800,1.1915380748678595e-05,199.9069165428225,0.02,0.01999069165428225,0.0,1677.7216,100.0,340.963,547.804,3080.605,100,100,100,100,0,0,0.2620027180364559,0,0
increment-e,01-aya-tcp,1340,tcp-rr,aya,tcp,4096,64,,,64,1000,999.6107315889045,999.6107315889045,,,,1000,0,1.00038942,1000,128000,0.00011916288514005,1999.221463177809,0.01,0.009996107315889046,0.0,83.88608,5.0,164.017,336.967,426.531,1000,1000,1000,1000,0,0,0.61295209792479,0,0
increment-e,01-aya-tcp,1343,tcp-rr,aya,tcp,4096,64,,,64,0,56156.35281166326,56156.35281166326,,,,56167,0,1.000189599,56167,7189376,0.006694358922441394,112312.70562332652,3.97,3.9692474346556366,0.0,592.924203891965,35.34103655171186,67.452,86.009,129.966,56167,56167,56167,56167,0,0,3.5286638435210307,0,0
increment-e,01-aya-tcp,1346,tcp-rr,aya,tcp,4096,64,,,64,0,56839.955499749696,56839.955499749696,,,,56852,1,1.000211902,56852,7277056,0.006775850713223183,113679.91099949939,3.98,3.97915680871392,0.0,587.2556786040949,35.00316611552804,67.331,85.008,116.205,56852,56852,56852,56852,0,0,3.671345202523298,0,0
increment-e,01-aya-tcp,1349,tcp-rr,aya,tcp,4096,64,,,64,1000,999.4657375889033,999.4657375889033,,,,1000,1,1.000534548,1000,128000,0.00011914560050832072,1998.9314751778065,0.22,0.2198824622695587,0.0,1845.49376,110.0,193.591,443.437,508.255,1000,1000,1000,1000,0,0,0.6022187442133031,0,0
increment-e,01-aya-tcp,1352,tcp-rr,aya,tcp,4096,64,,,64,100,99.9489428816099,99.9489428816099,,,,100,1,1.000510832,100,12800,1.191484247226833e-05,199.8978857632198,0.04,0.03997957715264396,0.0,3355.4432,200.0,290.938,601.415,643.629,100,100,100,100,0,0,0.26916125243195665,0,0
increment-e,01-aya-tcp,1355,tcp-rr,aya,tcp,4096,64,,,64,100,99.96519142059101,99.96519142059101,,,,100,2,1.000348207,100,12800,1.1916779449056508e-05,199.93038284118202,0.0,0.0,0.0,0.0,0.0,311.909,517.669,587.374,100,100,100,100,0,0,0.3355373112291318,0,0
increment-e,01-aya-tcp,1358,tcp-rr,aya,tcp,4096,64,,,64,1000,999.6193289656205,999.6193289656205,,,,1000,2,1.000380816,1000,128000,0.00011916391002722031,1999.238657931241,0.04,0.03998477315862482,0.0,335.54432,20.0,170.397,368.504,452.14,1000,1000,1000,1000,0,0,0.4652932618832324,0,0
increment-e,01-aya-tcp,1361,tcp-rr,aya,tcp,4096,64,,,64,0,55544.51242717161,55544.51242717161,,,,55557,2,1.000224821,55557,7111296,0.006621421864887668,111089.02485434322,3.95,3.9491121566558287,0.01,596.4145220224275,35.54907572403118,67.442,86.751,167.743,55557,55557,55557,55557,0,0,3.309842795693555,0,0
increment-e,01-aya-tcp,1367,tcp-rr,aya,tcp,4096,64,,,1024,100,99.95742573340193,99.95742573340193,,,,100,0,1.000425924,100,204800,0.00019065365931206118,199.91485146680387,0.05,0.04997871286670097,0.0,262.144,250.0,347.713,494.024,549.958,100,100,100,100,0,0,0.19672852869712187,0,0
increment-e,01-aya-tcp,1370,tcp-rr,aya,tcp,4096,64,,,1024,1000,999.5644807596527,999.5644807596527,,,,1000,0,1.000435709,1000,2048000,0.00190651794578486,1999.1289615193054,0.85,0.8496298086457048,0.0,445.6448,425.0,206.451,370.076,420.083,1000,1000,1000,1000,0,0,0.6506778576019769,0,0
increment-e,01-aya-tcp,1373,tcp-rr,aya,tcp,4096,64,,,1024,0,55104.43532688663,55104.43532688663,,,,55118,0,1.000246163,55118,112881664,0.10510336938264205,110208.87065377327,3.98,3.979020512373613,0.0,37.85816321346928,36.10435792300156,68.083,86.33,133.771,55118,55118,55118,55118,0,0,3.7431295746744695,0,0
increment-e,01-aya-tcp,1376,tcp-rr,aya,tcp,4096,64,,,1024,0,54544.17005296222,54544.17005296222,,,,54558,1,1.000253555,54558,111734784,0.10403474817840999,109088.34010592444,3.96,3.9589961767244106,0.0,38.05455625206203,36.29165291982844,68.223,86.39,161.272,54558,54558,54558,54558,0,0,3.7224057702031814,0,0
increment-e,01-aya-tcp,1379,tcp-rr,aya,tcp,4096,64,,,1024,1000,999.5118703868828,999.5118703868828,,,,1000,1,1.000488368,1000,2048000,0.0019064175994622857,1999.0237407737657,0.29,0.289858442412196,0.0,152.04352,145.0,178.309,428.916,492.541,1000,1000,1000,1000,0,0,0.5597718880828779,0,0
increment-e,01-aya-tcp,1382,tcp-rr,aya,tcp,4096,64,,,1024,100,99.94882590129205,99.94882590129205,,,,100,1,1.000512003,100,204800,0.000190637256434044,199.8976518025841,0.02,0.019989765180258412,0.0,104.8576,100.0,391.959,545.5,631.04,100,100,100,100,0,0,0.28043034824725055,0,0
increment-e,01-aya-tcp,1385,tcp-rr,aya,tcp,4096,64,,,1024,100,99.93772171002425,99.93772171002425,,,,100,2,1.000623171,100,204800,0.00019061607687001085,199.8754434200485,0.09,0.08994394953902182,0.0,471.8592,450.0,414.143,615.136,629.577,100,100,100,100,0,0,0.21440419714082282,0,0
increment-e,01-aya-tcp,1388,tcp-rr,aya,tcp,4096,64,,,1024,1000,999.5550650552268,999.5550650552268,,,,1000,2,1.000445133,1000,2048000,0.0019064999867538963,1999.1101301104536,0.03,0.029986651951656805,0.0,15.728639999999999,15.0,179.28,380.142,534.505,1000,1000,1000,1000,0,0,0.6158842871845991,0,0
increment-e,01-aya-tcp,1391,tcp-rr,aya,tcp,4096,64,,,1024,0,54477.61805458046,54477.61805458046,,,,54490,2,1.000227285,54490,111595520,0.1039078103152856,108955.23610916092,3.97,3.969097883587529,0.0,38.198263167553684,36.42870251422279,68.183,87.001,149.424,54490,54490,54490,54490,0,0,3.8870286418187447,0,0
increment-e,01-aya-tcp,1397,tcp-rr,aya,tcp,4096,64,,,65536,100,99.94972528818005,99.94972528818005,,,,100,0,1.000503,100,13107200,0.012200894200217291,199.8994505763601,0.11,0.10994469781699806,0.0,9.0112,550.0,887.255,1244.162,1499.536,100,100,100,100,0,0,0.3762589541913144,0,0
increment-e,01-aya-tcp,1400,tcp-rr,aya,tcp,4096,64,,,65536,1000,999.5872554284247,999.5872554284247,,,,1000,0,1.000412915,1000,131072000,0.12201992864116512,1999.1745108568493,0.99,0.9895913828741405,0.0,8.11008,495.0,474.794,946.324,1104.211,1000,1000,1000,1000,0,0,0.9353904397882502,0,0
increment-e,01-aya-tcp,1403,tcp-rr,aya,tcp,4096,64,,,65536,0,1154.31928047083,1154.31928047083,,,,1157,0,1.002322338,1157,151650304,0.14090811529184938,2308.63856094166,0.89,0.8879379080544847,0.0,6.3015384615384615,384.61538461538464,825.612,40998.886,42058.68,1157,1157,1157,1157,0,0,1.2703654469721073,0,0
increment-e,01-aya-tcp,1406,tcp-rr,aya,tcp,4096,64,,,65536,0,1189.5249187627605,1189.5249187627605,,,,1220,1,1.02561954,1220,159907840,0.1452056785599073,2379.049837525521,0.86,0.8385175656852246,0.0,5.774688524590164,352.4590163934426,716.819,40900.628,41719.48,1220,1220,1220,1220,0,0,1.4065988534032954,0,0
increment-e,01-aya-tcp,1409,tcp-rr,aya,tcp,4096,64,,,65536,1000,999.6479909540013,999.6479909540013,,,,1000,1,1.000352133,1000,131072000,0.12202734264575212,1999.2959819080027,1.0,0.9996479909540014,0.0,8.192,500.0,453.643,899.884,1016.749,1000,1000,1000,1000,0,0,0.9647265988174354,0,0
increment-e,01-aya-tcp,1412,tcp-rr,aya,tcp,4096,64,,,65536,100,99.95448792292304,99.95448792292304,,,,100,1,1.000455328,100,13107200,0.012201475576528691,199.90897584584607,0.09,0.08995903913063073,0.0,7.3728,450.0,750.9,1064.532,1159.885,100,100,100,100,0,0,0.3948769440360138,0,0
increment-e,01-aya-tcp,1415,tcp-rr,aya,tcp,4096,64,,,65536,100,99.93963925619916,99.93963925619916,,,,100,2,1.000603972,100,13107200,0.012199662995141499,199.87927851239832,0.08,0.07995171140495932,0.0,6.5536,400.0,915.517,1281.348,1394.178,100,100,100,100,0,0,0.19714165228384672,0,0
increment-e,01-aya-tcp,1418,tcp-rr,aya,tcp,4096,64,,,65536,1000,999.609311697007,999.609311697007,,,,1000,2,1.000390841,1000,131072000,0.12202262105676355,1999.218623394014,0.93,0.9296366598782166,0.0,7.61856,465.0,516.087,1114.928,1334.858,1000,1000,1000,1000,0,0,1.118580607467436,0,0
increment-e,01-aya-tcp,1421,tcp-rr,aya,tcp,4096,64,,,65536,0,1149.3797576460995,1149.3797576460995,,,,1156,2,1.005759839,1156,151519232,0.14030514619703363,2298.759515292199,0.87,0.8650176376748326,0.0,6.165259515570934,376.29757785467126,829.969,41088.481,41930.387,1156,1156,1156,1156,0,0,1.310846928322178,0,0
increment-e,01-aya-tcp,1427,tcp-rr,aya,tcp,4096,4096,,,64,100,99.9572176111619,99.9572176111619,,,,100,0,1.000428007,100,12800,1.191582889689945e-05,199.9144352223238,0.07,0.06997005232781334,0.0,5872.025600000001,350.0,343.577,573.553,626.213,100,100,100,100,0,0,0.3425831945303912,0,0
increment-e,01-aya-tcp,1430,tcp-rr,aya,tcp,4096,4096,,,64,1000,999.5975929965849,999.5975929965849,,,,1000,0,1.000402569,1000,128000,0.00011916131889779388,1999.1951859931698,0.95,0.9496177133467556,0.0,7969.1776,475.0,205.079,396.717,460.113,1000,1000,1000,1000,0,0,0.5338281105611031,0,0
increment-e,01-aya-tcp,1433,tcp-rr,aya,tcp,4096,4096,,,64,0,41401.16262834672,41401.16262834672,,,,41411,0,1.000237611,41411,5300608,0.004935403183501568,82802.32525669344,3.59,3.5891471791496152,0.0,727.2247161382242,43.34597087730313,77.727,192.68,241.193,41411,41411,41411,41411,0,0,3.3447928272829586,0,0
increment-e,01-aya-tcp,1436,tcp-rr,aya,tcp,4096,4096,,,64,0,25258.337585879995,25258.337585879995,,,,25264,1,1.00022418,25264,3233792,0.0030110284788465494,50516.67517175999,2.85,2.849361230199414,0.0,946.3082963901204,56.40436985433819,160.772,251.689,296.646,25264,25264,25264,25264,0,0,3.580856464045155,0,0
increment-e,01-aya-tcp,1439,tcp-rr,aya,tcp,4096,4096,,,64,1000,999.4857475916064,999.4857475916064,,,,1000,1,1.000514517,1000,128000,0.00011914798588652687,1998.9714951832127,0.97,0.9695011751638581,0.0,8136.9497599999995,485.0,235.484,433.241,522.997,1000,1000,1000,1000,0,0,0.6467596383579917,0,0
increment-e,01-aya-tcp,1442,tcp-rr,aya,tcp,4096,4096,,,64,100,99.9587746023434,99.9587746023434,,,,100,1,1.000412424,100,12800,1.1916014504712033e-05,199.9175492046868,0.02,0.01999175492046868,0.0,1677.7216,100.0,320.512,554.043,636.988,100,100,100,100,0,0,0.25480502480053246,0,0
increment-e,01-aya-tcp,1445,tcp-rr,aya,tcp,4096,4096,,,64,100,99.95154818716162,99.95154818716162,,,,100,2,1.000484753,100,12800,1.1915153048892214e-05,199.90309637432324,0.07,0.06996608373101314,0.0,5872.025600000001,350.0,403.517,623.238,662.817,100,100,100,100,0,0,0.2338217753744516,0,0
increment-e,01-aya-tcp,1448,tcp-rr,aya,tcp,4096,4096,,,64,1000,999.5641010907195,999.5641010907195,,,,1000,2,1.000436089,1000,128000,0.00011915732635148996,1999.128202181439,0.94,0.9395902550252763,0.0,7885.29152,470.0,215.975,418.19,492.601,1000,1000,1000,1000,0,0,0.61156755835583,0,0
increment-e,01-aya-tcp,1451,tcp-rr,aya,tcp,4096,4096,,,64,0,24541.087094799528,24541.087094799528,,,,24548,2,1.000281687,24548,3142144,0.002925525557374898,49082.174189599056,2.82,2.8192058663571236,0.0,963.6579175492911,57.438487860518165,164.578,270.567,331.339,24548,24548,24548,24548,0,0,3.6890584648533604,0,0
increment-e,01-aya-tcp,1457,tcp-rr,aya,tcp,4096,4096,,,1024,100,99.95779801759255,99.95779801759255,,,,100,0,1.000422198,100,204800,0.00019065436938780318,199.9155960351851,0.08,0.07996623841407405,0.0,419.4304,400.0,323.236,519.091,566.723,100,100,100,100,0,0,0.27753626065219805,0,0
increment-e,01-aya-tcp,1460,tcp-rr,aya,tcp,4096,4096,,,1024,1000,999.5312907913406,999.5312907913406,,,,1000,0,1.000468929,1000,2048000,0.0019064546409441768,1999.062581582681,0.0,0.0,0.0,0.0,0.0,160.902,319.291,414.954,1000,1000,1000,1000,0,0,0.5553758269160198,0,0
increment-e,01-aya-tcp,1463,tcp-rr,aya,tcp,4096,4096,,,1024,0,23747.72891347809,23747.72891347809,,,,23754,0,1.000264071,23754,48648192,0.045295198275524313,47495.45782695618,2.82,2.819255516376535,0.0,62.24181864107097,59.35842384440515,169.935,268.854,320.542,23754,23754,23754,23754,0,0,3.3570656908714227,0,0
increment-e,01-aya-tcp,1466,tcp-rr,aya,tcp,4096,4096,,,1024,0,23440.732927418572,23440.732927418572,,,,23448,1,1.000310019,23448,48021504,0.044709649901234765,46881.465854837144,2.76,2.759144612746301,0.0,61.7125076765609,58.85363357215967,172.049,273.321,333.612,23448,23448,23448,23448,0,0,3.4200892996778407,0,0
increment-e,01-aya-tcp,1469,tcp-rr,aya,tcp,4096,4096,,,1024,1000,999.6012250848721,999.6012250848721,,,,1000,1,1.000398934,1000,2048000,0.001906588030023331,1999.2024501697442,0.01,0.00999601225084872,0.0,5.24288,5.0,166.831,375.615,437.578,1000,1000,1000,1000,0,0,0.5313951442867051,0,0
increment-e,01-aya-tcp,1472,tcp-rr,aya,tcp,4096,4096,,,1024,100,99.95091990039028,99.95091990039028,,,,100,1,1.000491042,100,204800,0.0001906412504203611,199.90183980078055,0.01,0.009995091990039028,0.0,52.4288,50.0,311.098,563.628,606.022,100,100,100,100,0,0,0.29510489180830746,0,0
increment-e,01-aya-tcp,1475,tcp-rr,aya,tcp,4096,4096,,,1024,100,99.95174839341483,99.95174839341483,,,,100,2,1.000482749,100,204800,0.00019064283064539877,199.90349678682966,0.02,0.01999034967868297,0.0,104.8576,100.0,345.8,547.434,682.577,100,100,100,100,0,0,0.22924376654918888,0,0
increment-e,01-aya-tcp,1478,tcp-rr,aya,tcp,4096,4096,,,1024,1000,999.5754483206839,999.5754483206839,,,,1000,2,1.000424732,1000,2048000,0.0019065388647473982,1999.1508966413678,0.21,0.20991084414734362,0.0,110.10047999999999,105.0,181.703,436.136,490.068,1000,1000,1000,1000,0,0,0.6299221326490283,0,0
increment-e,01-aya-tcp,1481,tcp-rr,aya,tcp,4096,4096,,,1024,0,23980.259436036904,23980.259436036904,,,,23988,2,1.000322789,23988,49127424,0.04573871504981404,47960.51887207381,2.78,2.7791029361423454,0.0,60.76040687010171,57.945639486409874,169.075,269.225,331.509,23988,23988,23988,23988,0,0,3.4285049451086707,0,0
increment-e,01-aya-tcp,1487,tcp-rr,aya,tcp,4096,4096,,,65536,100,99.95409368357757,99.95409368357757,,,,100,0,1.000459274,100,13107200,0.01220142745160859,199.90818736715514,0.07,0.0699678655785043,0.0,5.734400000000001,350.0,864.421,1245.744,1402.891,100,100,100,100,0,0,0.33829813979986056,0,0
increment-e,01-aya-tcp,1490,tcp-rr,aya,tcp,4096,4096,,,65536,1000,999.5740275298722,999.5740275298722,,,,1000,0,1.000426154,1000,131072000,0.1220183139074551,1999.1480550597444,1.08,1.079539949732262,0.0,8.84736,540.0,419.922,1038.512,1196.46,1000,1000,1000,1000,0,0,1.065161204798187,0,0
increment-e,01-aya-tcp,1493,tcp-rr,aya,tcp,4096,4096,,,65536,0,7324.745725499236,7324.745725499236,,,,7330,0,1.000717332,7330,960757760,0.894133999694731,14649.491450998472,2.9,2.897921228369411,0.0,3.241036834924966,197.81718963165076,489.867,851.031,1016.739,7330,7330,7330,7330,0,0,3.580625029127191,0,0
increment-e,01-aya-tcp,1496,tcp-rr,aya,tcp,4096,4096,,,65536,0,8799.492039174931,8799.492039174931,,,,8802,1,1.000285012,8802,1153695744,1.074156743063346,17598.984078349862,3.06,3.0591281117786058,0.0,2.8479345603271984,173.8241308793456,283.297,746.533,875.848,8802,8802,8802,8802,0,0,3.6671700149694857,0,0
increment-e,01-aya-tcp,1499,tcp-rr,aya,tcp,4096,4096,,,65536,1000,999.6271240883082,999.6271240883082,,,,1000,1,1.000373015,1000,131072000,0.12202479542093606,1999.2542481766163,1.02,1.0196196665700743,0.0,8.35584,510.0,402.255,652.322,957.801,1000,1000,1000,1000,0,0,0.8655570890895206,0,0
increment-e,01-aya-tcp,1502,tcp-rr,aya,tcp,4096,4096,,,65536,100,99.95974830851088,99.95974830851088,,,,100,1,1.000402679,100,13107200,0.01220211771344127,199.91949661702176,0.06,0.05997584898510652,0.0,4.9152,300.0,739.502,1176.04,1327.437,100,100,100,100,0,0,0.21443926952775882,0,0
increment-e,01-aya-tcp,1505,tcp-rr,aya,tcp,4096,4096,,,65536,100,99.9583704374223,99.9583704374223,,,,100,2,1.000416469,100,13107200,0.012201949516286902,199.9167408748446,0.05,0.049979185218711156,0.0,4.096,250.0,934.826,1220.136,1328.769,100,100,100,100,0,0,0.44907283444388213,0,0
increment-e,01-aya-tcp,1508,tcp-rr,aya,tcp,4096,4096,,,65536,1000,999.6270241628796,999.6270241628796,,,,1000,2,1.000373115,1000,131072000,0.12202478322300776,1999.2540483257592,0.94,0.9396494027131067,0.0,7.70048,470.0,465.52,1022.989,1267.827,1000,1000,1000,1000,0,0,0.9514572333071101,0,0
increment-e,01-aya-tcp,1511,tcp-rr,aya,tcp,4096,4096,,,65536,0,10662.201998438502,10662.201998438502,,,,10667,2,1.000450001,10667,1398145024,1.3015383298875125,21324.403996877005,3.37,3.3684841787510784,0.0,2.588079122527421,157.96381363082403,212.71,681.746,848.627,10667,10667,10667,10667,0,0,3.590652069814041,0,0
increment-e,01-aya-tcp,1522,tcp-rr,aya,tcp,16384,64,,,64,100,99.92409695648318,99.92409695648318,,,,100,0,1.000759607,100,12800,1.1911880607185743e-05,199.84819391296637,0.07,0.06994686786953823,0.0,5872.025600000001,350.0,463.077,620.614,663.207,100,100,100,100,0,0,0.3390451582274636,0,0
increment-e,01-aya-tcp,1525,tcp-rr,aya,tcp,16384,64,,,64,1000,999.4934906817012,999.4934906817012,,,,1000,0,1.000506766,1000,128000,0.000119148908934796,1998.9869813634025,0.01,0.009994934906817013,0.0,83.88608,5.0,198.408,456.176,521.765,1000,1000,1000,1000,0,0,0.4904751045072544,0,0
increment-e,01-aya-tcp,1528,tcp-rr,aya,tcp,16384,64,,,64,0,52999.684790980056,52999.684790980056,,,,53017,0,1.000326704,53017,6786176,0.006318054770348079,105999.36958196011,3.99,3.9886968767755704,0.0,631.3172363581493,37.62943961370881,72.82,91.067,146.21,53017,53017,53017,53017,0,0,3.277028015627934,0,0
increment-e,01-aya-tcp,1531,tcp-rr,aya,tcp,16384,64,,,64,0,52671.54107853549,52671.54107853549,,,,52691,1,1.000369439,52691,6744448,0.006278936991517006,105343.08215707098,3.95,3.9485412548673433,0.0,628.8550530451121,37.48268205196333,72.649,91.367,166.701,52691,52691,52691,52691,0,0,3.3281797987286836,0,0
increment-e,01-aya-tcp,1534,tcp-rr,aya,tcp,16384,64,,,64,1000,999.3771172247701,999.3771172247701,,,,1000,1,1.000623271,1000,128000,0.00011913503613767268,1998.7542344495403,0.01,0.009993771172247702,0.0,83.88608,5.0,202.134,373.753,446.712,1000,1000,1000,1000,0,0,0.4971671625506815,0,0
increment-e,01-aya-tcp,1537,tcp-rr,aya,tcp,16384,64,,,64,100,99.91772354988464,99.91772354988464,,,,100,1,1.000823442,100,12800,1.1911120837913113e-05,199.83544709976928,0.1,0.09991772354988465,0.0,8388.608,500.0,417.178,595.556,666.723,100,100,100,100,0,0,0.26326204075985515,0,0
increment-e,01-aya-tcp,1540,tcp-rr,aya,tcp,16384,64,,,64,100,99.93062636042932,99.93062636042932,,,,100,2,1.000694218,100,12800,1.1912658972791352e-05,199.86125272085863,0.02,0.019986125272085865,0.0,1677.7216,100.0,372.07,562.166,653.603,100,100,100,100,0,0,0.2592546714402033,0,0
increment-e,01-aya-tcp,1543,tcp-rr,aya,tcp,16384,64,,,64,1000,999.4440592420466,999.4440592420466,,,,1000,2,1.00055625,1000,128000,0.0001191430162479933,1998.8881184840932,0.17,0.16990549007114794,0.0,1426.06336,85.0,212.99,489.406,564.74,1000,1000,1000,1000,0,0,0.6179626177599857,0,0
increment-e,01-aya-tcp,1546,tcp-rr,aya,tcp,16384,64,,,64,0,53057.69601845761,53057.69601845761,,,,53077,2,1.00036383,53077,6793856,0.006324970247561647,106115.39203691522,3.98,3.978552483250019,0.0,629.0231143433125,37.49269928594306,72.579,90.927,148.624,53077,53077,53077,53077,0,0,3.4118785811635917,0,0
increment-e,01-aya-tcp,1552,tcp-rr,aya,tcp,16384,64,,,1024,100,99.92702309517954,99.92702309517954,,,,100,0,1.000730302,100,204800,0.0001905956708816138,199.85404619035907,0.04,0.039970809238071815,0.0,209.7152,200.0,422.285,595.085,683.528,100,100,100,100,0,0,0.22557819231724352,0,0
increment-e,01-aya-tcp,1555,tcp-rr,aya,tcp,16384,64,,,1024,1000,999.4245713088231,999.4245713088231,,,,1000,0,1.00057576,1000,2048000,0.0019062510896851027,1998.8491426176463,0.1,0.09994245713088233,0.0,52.4288,50.0,266.121,491.96,615.156,1000,1000,1000,1000,0,0,0.6930296298187386,0,0
increment-e,01-aya-tcp,1558,tcp-rr,aya,tcp,16384,64,,,1024,0,51720.949726029314,51720.949726029314,,,,51740,0,1.000368328,51740,105963520,0.09864988274770606,103441.89945205863,3.98,3.9785345943099473,0.0,40.329846153846155,38.46153846153846,74.652,92.208,140.882,51740,51740,51740,51740,0,0,3.608266042905825,0,0
increment-e,01-aya-tcp,1561,tcp-rr,aya,tcp,16384,64,,,1024,0,50943.00873484308,50943.00873484308,,,,50959,1,1.000313905,50959,104364032,0.0971660780617582,101886.01746968616,3.96,3.9587573262814932,0.0,40.74217468945623,38.85476559587119,75.083,93.08,151.277,50959,50959,50959,50959,0,0,3.4357150471311115,0,0
increment-e,01-aya-tcp,1564,tcp-rr,aya,tcp,16384,64,,,1024,1000,999.493661508548,999.493661508548,,,,1000,1,1.000506595,1000,2048000,0.0019063828687830887,1998.987323017096,0.27,0.26986328860730796,0.0,141.55776,135.0,232.43,495.576,573.373,1000,1000,1000,1000,0,0,0.5617851477413751,0,0
increment-e,01-aya-tcp,1567,tcp-rr,aya,tcp,16384,64,,,1024,100,99.94945915668498,99.94945915668498,,,,100,1,1.000505664,100,204800,0.0001906384642728519,199.89891831336996,0.09,0.08995451324101648,0.0,471.8592,450.0,348.505,501.464,569.126,100,100,100,100,0,0,0.3269407928301007,0,0
increment-e,01-aya-tcp,1570,tcp-rr,aya,tcp,16384,64,,,1024,100,99.94601256217834,99.94601256217834,,,,100,2,1.000540166,100,204800,0.0001906318904155318,199.89202512435668,0.03,0.029983803768653502,0.0,157.2864,150.0,326.702,521.534,561.635,100,100,100,100,0,0,0.09910190253742712,0,0
increment-e,01-aya-tcp,1573,tcp-rr,aya,tcp,16384,64,,,1024,1000,999.4554936486937,999.4554936486937,,,,1000,2,1.000544803,1000,2048000,0.0019063100693677783,1998.9109872973875,0.0,0.0,0.0,0.0,0.0,223.306,402.686,472.391,1000,1000,1000,1000,0,0,0.66188093651499,0,0
increment-e,01-aya-tcp,1576,tcp-rr,aya,tcp,16384,64,,,1024,0,51208.00925495942,51208.00925495942,,,,51222,2,1.000273214,51222,104902656,0.0976715264414967,102416.01850991884,3.96,3.9589183680769846,0.0,40.532983483659365,38.655265315684666,74.753,92.609,174.002,51222,51222,51222,51222,0,0,3.8132859750808166,0,0
increment-e,01-aya-tcp,1582,tcp-rr,aya,tcp,16384,64,,,65536,100,99.93925612061584,99.93925612061584,,,,100,0,1.000607808,100,13107200,0.012199616225661113,199.87851224123168,0.11,0.10993318173267742,0.0,9.0112,550.0,739.764,1111.071,26427.482,100,100,100,100,0,0,0.32985076201703123,0,0
increment-e,01-aya-tcp,1585,tcp-rr,aya,tcp,16384,64,,,65536,1000,999.3404283219245,999.3404283219245,,,,1000,0,1.000660007,1000,131072000,0.12198979837914117,1998.680856643849,1.03,1.0293206411715823,0.0,8.43776,515.0,487.594,883.92,1158.934,1000,1000,1000,1000,0,0,0.9438410713371468,0,0
increment-e,01-aya-tcp,1588,tcp-rr,aya,tcp,16384,64,,,65536,0,1150.8154475176032,1150.8154475176032,,,,1156,0,1.004505112,1156,151519232,0.14048040130830117,2301.6308950352063,0.88,0.8760532818473104,0.0,6.236124567474048,380.6228373702422,844.671,40959.446,42020.734,1156,1156,1156,1156,0,0,1.33663534201105,0,0
increment-e,01-aya-tcp,1591,tcp-rr,aya,tcp,16384,64,,,65536,0,1195.4187073064872,1195.4187073064872,,,,1197,1,1.001322794,1197,156893184,0.14592513516924893,2390.8374146129745,0.88,0.87883747905573,0.0,6.022522974101921,367.5856307435255,779.243,40961.65,41764.629,1197,1197,1197,1197,0,0,1.3033042277045297,0,0
increment-e,01-aya-tcp,1594,tcp-rr,aya,tcp,16384,64,,,65536,1000,999.5449191928305,999.5449191928305,,,,1000,1,1.000455288,1000,131072000,0.12201476064365607,1999.089838385661,0.91,0.9095858764654758,0.0,7.45472,455.0,523.899,1131.492,1280.547,1000,1000,1000,1000,0,0,1.0806294415635875,0,0
increment-e,01-aya-tcp,1597,tcp-rr,aya,tcp,16384,64,,,65536,100,99.94935506209391,99.94935506209391,,,,100,1,1.000506706,100,13107200,0.012200849006603261,199.89871012418783,0.07,0.06996454854346575,0.0,5.734400000000001,350.0,831.381,1122.489,1175.328,100,100,100,100,0,0,0.3035658085632349,0,0
increment-e,01-aya-tcp,1600,tcp-rr,aya,tcp,16384,64,,,65536,100,99.94827566791082,99.94827566791082,,,,100,2,1.000517511,100,13107200,0.01220071724461802,199.89655133582164,0.08,0.07995862053432866,0.0,6.5536,400.0,931.862,1164.782,1284.192,100,100,100,100,0,0,0.34654834115065114,0,0
increment-e,01-aya-tcp,1603,tcp-rr,aya,tcp,16384,64,,,65536,1000,999.5090191805801,999.5090191805801,,,,1000,2,1.000491222,1000,131072000,0.12201037831794191,1999.0180383611603,1.03,1.0294942897559975,0.0,8.43776,515.0,637.479,1003.169,1229.19,1000,1000,1000,1000,0,0,1.1113173240785272,0,0
increment-e,01-aya-tcp,1606,tcp-rr,aya,tcp,16384,64,,,65536,0,1175.1064640310458,1175.1064640310458,,,,1195,2,1.016929135,1195,156631040,0.14344561328503977,2350.2129280620916,0.98,0.963685635774414,0.0,6.718125523012552,410.0418410041841,776.488,40867.648,41841.043,1195,1195,1195,1195,0,0,1.4688384420096554,0,0
increment-e,01-aya-tcp,1612,tcp-rr,aya,tcp,16384,16384,,,64,100,99.92695499473012,99.92695499473012,,,,100,0,1.000730984,100,12800,1.191222131189467e-05,199.85390998946025,0.08,0.0799415639957841,0.0,6710.8864,400.0,359.541,508.425,539.362,100,100,100,100,0,0,0.1466536762894748,0,0
increment-e,01-aya-tcp,1615,tcp-rr,aya,tcp,16384,16384,,,64,1000,999.5362841321662,999.5362841321662,,,,1000,0,1.000463931,1000,128000,0.00011915401031162336,1999.0725682643324,0.03,0.029986088523964984,0.0,251.65823999999998,15.0,196.947,403.698,485.12,1000,1000,1000,1000,0,0,0.6579595084245966,0,0
increment-e,01-aya-tcp,1618,tcp-rr,aya,tcp,16384,16384,,,64,0,28881.128065735043,28881.128065735043,,,,28893,0,1.000411062,28893,3698304,0.0034428987581414036,57762.25613147009,3.08,3.0787344492598185,0.0,894.2274128681688,53.30010729242377,105.539,254.623,309.987,28893,28893,28893,28893,0,0,3.7192007973181944,0,0
increment-e,01-aya-tcp,1621,tcp-rr,aya,tcp,16384,16384,,,64,0,26068.12320738362,26068.12320738362,,,,26081,1,1.000493967,26081,3338368,0.0031075624474744346,52136.24641476724,3.0,2.998518830648781,0.0,964.9102411717342,57.513132165177716,148.423,263.025,319.25,26081,26081,26081,26081,0,0,4.0080991674244615,0,0
increment-e,01-aya-tcp,1624,tcp-rr,aya,tcp,16384,16384,,,64,1000,999.3028034222,999.3028034222,,,,1000,1,1.000697683,1000,128000,0.00011912617724206447,1998.6056068444,0.4,0.39972112136888,0.0,3355.4432,200.0,199.951,374.403,476.517,1000,1000,1000,1000,0,0,0.6135863571762457,0,0
increment-e,01-aya-tcp,1627,tcp-rr,aya,tcp,16384,16384,,,64,100,99.92836724929265,99.92836724929265,,,,100,1,1.000716841,100,12800,1.1912389665757733e-05,199.8567344985853,0.03,0.029978510174787792,0.0,2516.5824,150.0,417.919,570.469,587.904,100,100,100,100,0,0,0.2332516582714561,0,0
increment-e,01-aya-tcp,1630,tcp-rr,aya,tcp,16384,16384,,,64,100,99.93226561057234,99.93226561057234,,,,100,2,1.000677803,100,12800,1.1912854386636298e-05,199.8645312211447,0.01,0.009993226561057235,0.0,838.8608,50.0,343.036,538.79,585.43,100,100,100,100,0,0,0.28630874407190277,0,0
increment-e,01-aya-tcp,1633,tcp-rr,aya,tcp,16384,16384,,,64,1000,999.3834693445432,999.3834693445432,,,,1000,2,1.000616911,1000,128000,0.00011913579336935797,1998.7669386890864,0.99,0.9893896346510977,0.0,8304.72192,495.0,232.911,417.618,488.105,1000,1000,1000,1000,0,0,0.5310923647983827,0,0
increment-e,01-aya-tcp,1636,tcp-rr,aya,tcp,16384,16384,,,64,0,26478.929900818504,26478.929900818504,,,,26490,2,1.000418072,26490,3390720,0.0031565344215415125,52957.85980163701,3.01,3.0087421291605776,0.0,953.1789384673461,56.81389203473009,146.741,259.61,309.255,26490,26490,26490,26490,0,0,3.4062537560229202,0,0
increment-e,01-aya-tcp,1642,tcp-rr,aya,tcp,16384,16384,,,1024,100,99.94136180455385,99.94136180455385,,,,100,0,1.000586726,100,204800,0.0001906230197993352,199.8827236091077,0.07,0.0699589532631877,0.0,367.00160000000005,350.0,341.474,519.121,580.723,100,100,100,100,0,0,0.17003454804967078,0,0
increment-e,01-aya-tcp,1645,tcp-rr,aya,tcp,16384,16384,,,1024,1000,999.3471005561821,999.3471005561821,,,,1000,0,1.000653326,1000,2048000,0.00190610332595097,1998.6942011123642,0.03,0.029980413016685463,0.0,15.728639999999999,15.0,195.504,368.214,445.84,1000,1000,1000,1000,0,0,0.5793099378937541,0,0
increment-e,01-aya-tcp,1648,tcp-rr,aya,tcp,16384,16384,,,1024,0,25110.513898511515,25110.513898511515,,,,25122,0,1.000457422,25122,51449856,0.04789450435354522,50221.02779702303,2.92,2.918664938446526,0.0,60.93945386513813,58.116392007005814,155.564,271.378,331.508,25122,25122,25122,25122,0,0,3.8351715087043203,0,0
increment-e,01-aya-tcp,1651,tcp-rr,aya,tcp,16384,16384,,,1024,0,23732.680911433417,23732.680911433417,,,,23744,1,1.000476941,23744,48627712,0.045266496489397845,47465.361822866835,2.83,2.828650900410907,0.0,62.4888409703504,59.59400269541779,164.868,270.998,321.343,23744,23744,23744,23744,0,0,3.444565751963978,0,0
increment-e,01-aya-tcp,1654,tcp-rr,aya,tcp,16384,16384,,,1024,1000,999.4565634838239,999.4565634838239,,,,1000,1,1.000543732,1000,2048000,0.001906312109916351,1998.9131269676477,0.02,0.01998913126967648,0.0,10.48576,10.0,195.324,340.822,435.676,1000,1000,1000,1000,0,0,0.5714868729845648,0,0
increment-e,01-aya-tcp,1657,tcp-rr,aya,tcp,16384,16384,,,1024,100,99.92893014516504,99.92893014516504,,,,100,1,1.000711204,100,204800,0.00019059930829079636,199.85786029033008,0.02,0.01998578602903301,0.0,104.8576,100.0,402.005,543.358,593.153,100,100,100,100,0,0,0.27904902226430295,0,0
increment-e,01-aya-tcp,1660,tcp-rr,aya,tcp,16384,16384,,,1024,100,99.92491911375075,99.92491911375075,,,,100,2,1.000751373,100,204800,0.00019059165785551214,199.8498382275015,0.02,0.01998498382275015,0.0,104.8576,100.0,396.667,553.733,772.602,100,100,100,100,0,0,0.22702974370531592,0,0
increment-e,01-aya-tcp,1663,tcp-rr,aya,tcp,16384,16384,,,1024,1000,999.4301838755349,999.4301838755349,,,,1000,2,1.000570141,1000,2048000,0.001906261794806547,1998.8603677510698,0.63,0.629641015841587,0.0,330.30144,315.0,212.801,333.021,428.715,1000,1000,1000,1000,0,0,0.6166589663192781,0,0
increment-e,01-aya-tcp,1666,tcp-rr,aya,tcp,16384,16384,,,1024,0,24141.578724761082,24141.578724761082,,,,24151,2,1.000390251,24151,49461248,0.04604640717460839,48283.157449522165,2.92,2.918860911610383,0.0,63.38954743074821,60.45298331332036,164.828,272.6,325.129,24151,24151,24151,24151,0,0,3.6932135127160564,0,0
increment-e,01-aya-tcp,1672,tcp-rr,aya,tcp,16384,16384,,,65536,100,99.93898405218864,99.93898405218864,,,,100,0,1.000610532,100,13107200,0.012199583014183184,199.8779681043773,0.14,0.13991457767306412,0.0,11.468800000000002,700.0,695.206,1144.902,1236.741,100,100,100,100,0,0,0.3565062313159615,0,0
increment-e,01-aya-tcp,1675,tcp-rr,aya,tcp,16384,16384,,,65536,1000,999.3669649871664,999.3669649871664,,,,1000,0,1.000633436,1000,131072000,0.12199303771815996,1998.7339299743328,0.4,0.39974678599486657,0.0,3.2768,200.0,543.147,1012.493,1182.379,1000,1000,1000,1000,0,0,1.0838542513431548,0,0
increment-e,01-aya-tcp,1678,tcp-rr,aya,tcp,16384,16384,,,65536,0,7760.26328273722,7760.26328273722,,,,7765,0,1.000610381,7765,1017774080,0.9472977640060083,15520.52656547444,3.04,3.0381455736665997,0.0,3.207170637475853,195.7501609787508,293.712,868.757,1012.833,7765,7765,7765,7765,0,0,3.49051978574812,0,0
increment-e,01-aya-tcp,1681,tcp-rr,aya,tcp,16384,16384,,,65536,0,7946.176535757793,7946.176535757793,,,,7951,1,1.000607017,7951,1042153472,0.9699922529001213,15892.353071515587,3.03,3.0281618542757025,0.0,3.121841277826688,190.54207017985158,344.959,834.285,972.984,7951,7951,7951,7951,0,0,3.2861229064282043,0,0
increment-e,01-aya-tcp,1684,tcp-rr,aya,tcp,16384,16384,,,65536,1000,999.4346358174723,999.4346358174723,,,,1000,1,1.000565684,1000,131072000,0.12200129831756254,1998.8692716349447,1.0,0.9994346358174724,0.0,8.192,500.0,479.611,672.372,954.206,1000,1000,1000,1000,0,0,0.8830842333536566,0,0
increment-e,01-aya-tcp,1687,tcp-rr,aya,tcp,16384,16384,,,65536,100,99.94004736474655,99.94004736474655,,,,100,1,1.000599886,100,13107200,0.012199712813079413,199.8800947294931,0.07,0.06995803315532259,0.0,5.734400000000001,350.0,934.096,1250.872,1353.527,100,100,100,100,0,0,0.41289624030821415,0,0
increment-e,01-aya-tcp,1690,tcp-rr,aya,tcp,16384,16384,,,65536,100,99.9426591985394,99.9426591985394,,,,100,2,1.000573737,100,13107200,0.012200031640446704,199.8853183970788,0.08,0.07995412735883152,0.0,6.5536,400.0,980.416,1267.567,1398.134,100,100,100,100,0,0,0.23753310714209874,0,0
increment-e,01-aya-tcp,1693,tcp-rr,aya,tcp,16384,16384,,,65536,1000,999.4236813347346,999.4236813347346,,,,1000,2,1.000576651,1000,131072000,0.12199996110043147,1998.8473626694692,0.92,0.9194697868279559,0.0,7.53664,460.0,483.477,1092.714,1272.535,1000,1000,1000,1000,0,0,1.0759000365858356,0,0
increment-e,01-aya-tcp,1696,tcp-rr,aya,tcp,16384,16384,,,65536,0,8226.786553732314,8226.786553732314,,,,8232,2,1.000633716,8232,1078984704,1.0042464054849016,16453.57310746463,3.11,3.108030391412475,0.0,3.0948882410106897,188.89698736637513,268.063,808.046,978.722,8232,8232,8232,8232,0,0,3.9783272837609047,0,0
increment-h,00-kernel-udp,968,udp-rr,kernel,udp,1,1,,,0,0,6145.692301155083,6145.692301155083,,,,6147,0,1.000212783,6147,0,0.0,12291.384602310167,1.18,1.179748969475028,0.0,,95.98177972994957,159.089,197.548,308.474,6147,6147,6147,6147,0,0,3.0060629602650515,0,0
increment-h,00-kernel-udp,971,udp-rr,kernel,udp,1,1,,,0,0,6210.286028256476,6210.286028256476,,,,6211,1,1.000114966,6211,0,0.0,12420.572056512952,1.21,1.2098609071309507,0.0,,97.40782482691998,159.82,192.58,210.297,6211,6211,6211,6211,0,0,3.388653028318224,0,0
increment-h,00-kernel-udp,974,udp-rr,kernel,udp,1,1,,,0,0,5990.985738096511,5990.985738096511,,,,5992,2,1.000169298,5992,0,0.0,11981.971476193023,1.15,1.1498053402555053,0.0,,95.96128170894526,160.271,213.492,270.517,5992,5992,5992,5992,0,0,3.4088019028452052,0,0
increment-h,00-kernel-udp,985,udp-rr,kernel,udp,64,64,,,0,0,20746.8384954004,20746.8384954004,,,,20751,0,1.000200585,20751,0,0.0,41493.6769908008,2.75,2.749448501872252,0.0,,66.26186689798082,190.156,281.383,341.744,20751,20751,20751,20751,0,0,4.016674592159145,0,0
increment-h,00-kernel-udp,988,udp-rr,kernel,udp,64,64,,,0,0,26717.97851574595,26717.97851574595,,,,26724,1,1.000225372,26724,0,0.0,53435.9570314919,2.97,2.9693307959798485,0.0,,55.568028738212845,141.452,260.372,317.408,26724,26724,26724,26724,0,0,3.2962531064836043,0,0
increment-h,00-kernel-udp,991,udp-rr,kernel,udp,64,64,,,0,0,32114.448167567076,32114.448167567076,,,,32124,2,1.000297431,32124,0,0.0,64228.89633513415,3.21,3.2090455303788543,0.0,,49.9626447515876,104.547,236.586,302.525,32124,32124,32124,32124,0,0,3.404425161383763,0,0
increment-h,00-kernel-udp,1007,udp-rr,kernel,udp,1024,1024,,,0,0,19854.03141366009,19854.03141366009,,,,19861,0,1.000350991,19861,0,0.0,39708.06282732018,2.78,2.7790245873810506,0.0,,69.98640551835256,194.293,294.113,366.17,19861,19861,19861,19861,0,0,3.4094116620164954,0,0
increment-h,00-kernel-udp,1010,udp-rr,kernel,udp,1024,1024,,,0,0,20333.92713252683,20333.92713252683,,,,20339,1,1.000249478,20339,0,0.0,40667.85426505366,2.74,2.7393166007730727,0.0,,67.35827720143567,195.264,288.123,335.324,20339,20339,20339,20339,0,0,3.3125346419501795,0,0
increment-h,00-kernel-udp,1013,udp-rr,kernel,udp,1024,1024,,,0,0,19799.645383902378,19799.645383902378,,,,19805,2,1.00027044,19805,0,0.0,39599.290767804756,2.7,2.6992700094186532,0.0,,68.1646048977531,196.625,295.995,366.492,19805,19805,19805,19805,0,0,3.661835274933381,0,0
increment-h,00-kernel-udp,1016,udp-open,kernel,udp,1024,64,64,30,64,10000,10000.0,10000.0,30,1.467699,3.179811,15000,0,1.500023921,15000,1920000,0.0011920738851082088,19999.681058419603,5.72,3.813272521805337,0.0,3198.8558506666664,190.66666666666666,165.699,1319.796,2335.995,15000,15000,15000,15000,0,0,5.144823416527231,0,0
increment-h,00-kernel-udp,1019,udp-open,kernel,udp,1024,64,64,1131,64,0,27757.333333333332,27757.333333333332,64,0.30988,1.647072,41636,0,1.500355129,41636,5329408,0.003308148773447042,55501.52653225609,5.12,3.4125254088427224,0.0,1031.551372850418,61.485253146315685,900.965,28457.517,61674.124,41636,41636,41636,41636,0,0,5.69387819707876,0,0
increment-h,00-kernel-udp,1022,udp-open,kernel,udp,1024,64,64,37,64,10000,10000.0,10000.0,37,1.6167200000000002,3.212607,15000,1,1.500027286,15000,1920000,0.0011920712109377714,19999.636193284554,5.81,3.873262876099442,0.0,3249.1874986666667,193.66666666666666,186.911,1582.812,2765.601,15000,15000,15000,15000,0,0,5.40033817963247,0,0
increment-h,00-kernel-udp,1025,udp-open,kernel,udp,1024,64,64,617,64,0,28011.333333333332,28011.333333333332,64,0.344919,1.616682,42017,1,1.5034278030000001,42017,5378176,0.003331597772144683,55894.93544839013,5.08,3.3789450945786452,0.0,1014.2115962586572,60.45172192207916,891.842,3174.937,29314.797,42017,42017,42017,42017,0,0,5.840207686891347,0,0
increment-h,00-kernel-udp,1028,udp-open,kernel,udp,1024,64,64,30,64,10000,10000.0,10000.0,30,1.588108,3.285862,15000,2,1.5005476789999999,15000,1920000,0.0011916577982069698,19992.700278602744,5.85,3.8985765543275352,0.0,3271.55712,195.0,200.281,1557.403,2534.454,15000,15000,15000,15000,0,0,5.209616075708425,0,0
increment-h,00-kernel-udp,1031,udp-open,kernel,udp,1024,64,64,1648,64,0,31205.333333333332,31205.333333333332,64,0.35315700000000005,1.7040570000000002,46808,2,1.501194943,46808,5991424,0.00371700454448771,62360.98811585192,5.24,3.4905526590226463,0.0,939.0767800376004,55.97333789095881,898.722,21484.015,36892.718,46808,46808,46808,46808,0,0,5.7367545650579075,0,0
increment-h,00-kernel-udp,1034,udp-open,kernel,udp,1024,64,64,21,1431,10000,10000.0,10000.0,21,2.017257,2.899355,15000,0,1.501301953,15000,42930000,0.026631336919497428,19982.65568099211,5.9,3.9299222839284487,0.0,147.56759286279993,196.66666666666666,144.417,1232.424,2260.051,15000,15000,15000,15000,0,0,5.3854894970609735,0,0
increment-h,00-kernel-udp,1037,udp-open,kernel,udp,1024,64,64,1311,1431,0,26524.0,26524.0,64,0.6233,1.597893,39786,0,1.503250726,39786,113867532,0.07054538623076666,52933.28559483429,5.09,3.385995371207291,0.0,47.99740354572715,63.9672246518876,835.747,22175.965,44162.997,39786,39786,39786,39786,0,0,5.255699763046181,0,0
increment-h,00-kernel-udp,1040,udp-open,kernel,udp,1024,64,64,32,1431,10000,10000.0,10000.0,32,1.559581,3.382865,15000,1,1.501050706,15000,42930000,0.026635794492769448,19986.000392980728,5.93,3.9505660776791904,0.0,148.3179365553226,197.66666666666666,206.191,1881.251,2955.597,15000,15000,15000,15000,0,0,5.606264987288682,0,0
increment-h,00-kernel-udp,1043,udp-open,kernel,udp,1024,64,64,1225,1431,0,29400.0,29400.0,64,0.694922,1.612188,44100,1,1.50251589,44100,126214200,0.07823287226402173,58701.54225124368,5.33,3.5473834489697147,0.0,45.34389887920694,60.430839002267575,874.566,23837.635,43919.48,44100,44100,44100,44100,0,0,5.2580655740439965,0,0
increment-h,00-kernel-udp,1046,udp-open,kernel,udp,1024,64,64,33,1431,10000,10000.0,10000.0,33,1.6552470000000001,3.194146,15000,2,1.501122113,15000,42930000,0.026634527452492795,19985.04967730097,5.86,3.903746370299456,0.01,146.56713460610297,195.33333333333334,169.696,1434.778,2639.892,15000,15000,15000,15000,0,0,5.44552160986558,0,0
increment-h,00-kernel-udp,1049,udp-open,kernel,udp,1024,64,64,1028,1431,0,25925.333333333332,25925.333333333332,61,0.613716,1.590231,38888,2,1.501188142,38888,111297456,0.06904786306930004,51809.62853622115,5.13,3.41729318029745,0.0,49.491657357559006,65.95865048343963,810.419,7460.315,33936.411,38888,38888,38888,38888,0,0,5.787206652218259,0,0
increment-h,00-kernel-udp,1052,udp-open,kernel,udp,1024,1024,1024,35,64,10000,10000.0,10000.0,35,1.484785,3.2750239999999997,15000,0,1.500037311,15000,1920000,0.001192063244126678,19999.50253237401,5.9,3.9332354980335555,0.0,3299.519146666667,196.66666666666666,168.183,1708.271,2933.123,15000,15000,15000,15000,0,0,5.193809203660919,0,0
increment-h,00-kernel-udp,1055,udp-open,kernel,udp,1024,1024,1024,368,64,0,26281.333333333332,26281.333333333332,368,0.321931,1.639592,39422,0,1.500422841,39422,5046016,0.003132096156000133,52547.85374198393,5.0,3.3323939514727767,0.0,1063.9500786362944,63.416366495865255,878.882,10780.33,20729.208,39422,39422,39422,39422,0,0,5.955299170685748,0,0
increment-h,00-kernel-udp,1058,udp-open,kernel,udp,1024,1024,1024,25,64,10000,10000.0,10000.0,25,1.558114,3.2899399999999996,15000,1,1.500562431,15000,1920000,0.0011916460830423913,19992.503730756136,5.87,3.911866563317951,0.0,3282.7419306666666,195.66666666666666,501.234,2182.163,3041.486,15000,15000,15000,15000,0,0,5.2330203403012945,0,0
increment-h,00-kernel-udp,1061,udp-open,kernel,udp,1024,1024,1024,283,64,0,35639.333333333336,35639.333333333336,283,0.394715,1.787036,53459,1,1.500705456,53459,6842752,0.00424654244083405,71245.15978304007,5.57,3.711587758764036,0.0,874.0258246506669,52.09599880282085,590.719,10295.15,19056.121,53459,53459,53459,53459,0,0,5.677719440684285,0,0
increment-h,00-kernel-udp,1064,udp-open,kernel,udp,1024,1024,1024,28,64,10000,10000.0,10000.0,28,1.671827,3.231569,15000,2,1.500681711,15000,1920000,0.001191551366392123,19990.914649055787,5.88,3.918219271214934,0.0,3288.334336,196.0,489.827,1695.922,2840.664,15000,15000,15000,15000,0,0,5.654650068302317,0,0
increment-h,00-kernel-udp,1067,udp-open,kernel,udp,1024,1024,1024,348,64,0,33459.333333333336,33459.333333333336,348,0.34353900000000004,1.777423,50189,2,1.502026183,50189,6424192,0.00398328278227102,66828.39562724187,5.4,3.5951437206071666,0.0,902.5579947797327,53.79664866803483,776.208,10433.768,15128.212,50189,50189,50189,50189,0,0,5.35399309429414,0,0
increment-h,00-kernel-udp,1070,udp-open,kernel,udp,1024,1024,1024,33,1431,10000,10000.0,10000.0,33,1.593181,3.264434,15000,0,1.500042219,15000,42930000,0.026653701890401588,19999.4370958435,5.9,3.933222628849222,0.0,147.56759286279993,196.66666666666666,481.304,2009.664,2944.15,15000,15000,15000,15000,0,0,5.261970345150303,0,0
increment-h,00-kernel-udp,1073,udp-open,kernel,udp,1024,1024,1024,372,1431,0,34400.0,34400.0,372,0.797884,1.779521,51600,0,1.5108528940000001,51600,147679200,0.09103266989615613,68305.78967008286,5.83,3.858747614114177,0.0,42.3886020097617,56.492248062015506,399.25,7108.045,23732.868,51600,51600,51600,51600,0,0,5.5955680742730465,0,0
increment-h,00-kernel-udp,1076,udp-open,kernel,udp,1024,1024,1024,33,1431,10000,10000.0,10000.0,33,1.6845970000000001,3.169226,15000,1,1.500990225,15000,42930000,0.02663686775724505,19986.805710210403,5.85,3.8974271134910285,0.0,146.3170200419287,195.0,205.309,1792.197,3015.938,15000,15000,15000,15000,0,0,5.312227725455557,0,0
increment-h,00-kernel-udp,1079,udp-open,kernel,udp,1024,1024,1024,174,1431,0,25223.333333333332,25223.333333333332,174,0.63264,1.6029650000000002,37835,1,1.508680786,37835,108283770,0.0668445707013003,50156.40200510912,5.01,3.3207820013954894,0.0,49.679158180768916,66.2085370688516,748.676,4888.385,8577.095,37835,37835,37835,37835,0,0,5.966719151176392,0,0
increment-h,00-kernel-udp,1082,udp-open,kernel,udp,1024,1024,1024,26,1431,10000,10000.0,10000.0,26,1.701635,3.2117359999999997,15000,2,1.501376115,15000,42930000,0.026630021437527993,19981.668617393716,5.9,3.9297281614207646,0.0,147.56759286279993,196.66666666666666,187.962,1669.442,2786.553,15000,15000,15000,15000,0,0,5.423217639082395,0,0
increment-h,00-kernel-udp,1085,udp-open,kernel,udp,1024,1024,1024,344,1431,0,32850.666666666664,32850.666666666664,344,0.773186,1.705123,49276,2,1.50159134,49276,141027912,0.08746885693712454,65631.70509494281,5.63,3.749355666902021,0.0,42.865035604583014,57.12720188326975,539.381,8415.502,14180.806,49276,49276,49276,49276,0,0,5.362091790453803,0,0
increment-h,00-kernel-udp,1096,udp-rr,kernel,udp,4096,4096,,,0,0,20048.20505063491,20048.20505063491,,,,20062,0,1.000688089,20062,0,0.0,40096.41010126982,2.77,2.7680953040703176,0.0,,69.03598843584886,196.035,297.428,359.992,20062,20062,20062,20062,0,0,3.6313787382923124,0,0
increment-h,00-kernel-udp,1099,udp-rr,kernel,udp,4096,4096,,,0,0,19282.82263207288,19282.82263207288,,,,19289,1,1.000320356,19289,0,0.0,38565.64526414576,2.72,2.7191289107386716,0.0,,70.50650629892685,197.267,297.617,353.632,19289,19289,19289,19289,0,0,3.3191263800496245,0,0
increment-h,00-kernel-udp,1102,udp-rr,kernel,udp,4096,4096,,,0,0,20033.485242282957,20033.485242282957,,,,20039,2,1.000275277,20039,0,0.0,40066.970484565914,2.76,2.75924044456814,0.0,,68.86571186186936,198.128,292.47,341.364,20039,20039,20039,20039,0,0,3.327496836567093,0,0
increment-h,00-kernel-udp,1105,udp-open,kernel,udp,4096,64,64,36,64,10000,10000.0,10000.0,36,1.399658,2.945009,15000,0,1.5011081819999998,15000,1920000,0.0011912128417548781,19985.23514809541,5.47,3.64397454200273,0.0,3059.0457173333334,182.33333333333334,313.381,2158.838,3523.301,15000,15000,15000,15000,0,0,5.298632145074009,0,0
increment-h,00-kernel-udp,1108,udp-open,kernel,udp,4096,64,64,983,64,0,27746.0,27746.0,64,0.291626,1.6308610000000001,41619,0,1.500510132,41619,5327232,0.003306456461710826,55473.13425271826,5.0,3.332200092068422,0.0,1007.7858670318844,60.06871861409452,873.774,17532.92,49445.745,41619,41619,41619,41619,0,0,5.413934496416232,0,0
increment-h,00-kernel-udp,1111,udp-open,kernel,udp,4096,64,64,37,64,10000,10000.0,10000.0,37,1.177214,2.7885690000000003,15000,1,1.5000885080000002,15000,1920000,0.0011920225598193294,19998.81996296181,5.26,3.506459766839304,0.0,2941.6052053333333,175.33333333333334,480.012,2344.808,3942.062,15000,15000,15000,15000,0,0,5.029779868620722,0,0
increment-h,00-kernel-udp,1114,udp-open,kernel,udp,4096,64,64,933,64,0,24971.333333333332,24971.333333333332,64,0.2808,1.560486,37457,1,1.5005734469999998,37457,4794496,0.002975677310318029,49923.5809815046,4.79,3.192112994919602,0.0,1072.7349312545052,63.93998451557786,810.088,18200.444,41399.629,37457,37457,37457,37457,0,0,5.742522571254369,0,0
increment-h,00-kernel-udp,1117,udp-open,kernel,udp,4096,64,64,34,64,10000,10000.0,10000.0,34,1.4116060000000001,2.87655,15000,2,1.5015821950000001,15000,1920000,0.001190836804815549,19978.926295140307,5.4,3.596206733125255,0.0,3019.89888,180.0,315.675,2082.803,3495.149,15000,15000,15000,15000,0,0,5.204302138117896,0,0
increment-h,00-kernel-udp,1120,udp-open,kernel,udp,4096,64,64,715,64,0,24602.666666666668,24602.666666666668,63,0.306674,1.543228,36904,2,1.500561099,36904,4723712,0.002931769739008829,49186.93417361475,4.87,3.2454526531745045,0.0,1106.9943897680469,65.98200737047475,833.434,22372.161,54783.136,36904,36904,36904,36904,0,0,5.401201840148303,0,0
increment-h,00-kernel-udp,1123,udp-open,kernel,udp,4096,64,64,34,1431,10000,10000.0,10000.0,34,1.532905,3.044146,15000,0,1.50076103,15000,42930000,0.02664093571795537,19989.858078870824,5.66,3.7714198908802956,0.01,141.56484332261823,188.66666666666666,202.104,1873.969,3289.51,15000,15000,15000,15000,0,0,5.52368041362854,0,0
increment-h,00-kernel-udp,1126,udp-open,kernel,udp,4096,64,64,1333,1431,0,25422.666666666668,25422.666666666668,64,0.602013,1.5090439999999998,38134,0,1.504146524,38134,109139508,0.06757592160138956,50705.166540011895,4.99,3.3174959489518456,0.0,49.09287021671383,65.42717784654114,903.72,26946.583,47952.839,38134,38134,38134,38134,0,0,5.414870926807225,0,0
increment-h,00-kernel-udp,1129,udp-open,kernel,udp,4096,64,64,45,1431,10000,10000.0,10000.0,44,1.400482,2.9447799999999997,15000,1,1.501063064,15000,42930000,0.02663557520474869,19985.835851597505,5.5,3.664069906126209,0.0,137.56301029583042,183.33333333333334,238.679,1705.726,3013.834,15000,15000,15000,15000,0,0,5.51588009945749,0,0
increment-h,00-kernel-udp,1132,udp-open,kernel,udp,4096,64,64,128,1431,0,21583.333333333332,21583.333333333332,51,0.5452359999999999,1.4671119999999997,32375,1,1.501124337,32375,92657250,0.057486103249280704,43134.33498080712,4.78,3.1842798642202017,0.0,55.39216757156078,73.82239382239382,775.447,1900.52,4051.666,32375,32375,32375,32375,0,0,5.269082587588116,0,0
increment-h,00-kernel-udp,1135,udp-open,kernel,udp,4096,64,64,41,1431,10000,10000.0,10000.0,33,1.492079,2.9032250000000004,15000,2,1.5004321950000001,15000,42930000,0.02664677435040141,19994.239059899668,5.55,3.698934226081439,0.0,138.8135831167016,185.0,220.001,1879.949,3454.617,15000,15000,15000,15000,0,0,5.146189026559341,0,0
increment-h,00-kernel-udp,1138,udp-open,kernel,udp,4096,64,64,425,1431,0,21998.0,21998.0,61,0.595796,1.4087,32997,2,1.500606758,32997,94437414,0.05861075533454837,43978.21057927023,4.72,3.145394337881557,0.0,53.66582157025181,71.52165348365003,820.915,2903.028,24876.939,32997,32997,32997,32997,0,0,5.967046297464265,0,0
increment-h,00-kernel-udp,1141,udp-open,kernel,udp,4096,4096,4096,30,64,10000,10000.0,10000.0,30,1.3112460000000001,2.98708,15000,0,1.500138673,15000,1920000,0.0011919826982966654,19998.151197585987,5.49,3.6596616691582358,0.0,3070.230528,183.0,528.004,2462.335,3304.973,15000,15000,15000,15000,0,0,5.410703712077066,0,0
increment-h,00-kernel-udp,1144,udp-open,kernel,udp,4096,4096,4096,115,64,0,28368.666666666668,28368.666666666668,115,0.37859999999999994,1.6582279999999998,42553,0,1.5037627869999999,42553,5446784,0.003373346475992024,56595.362470557004,5.2,3.457992207915969,0.0,1025.0925105162974,61.10027495123728,587.664,2211.607,4768.414,42553,42553,42553,42553,0,0,5.414064351852119,0,0
increment-h,00-kernel-udp,1147,udp-open,kernel,udp,4096,4096,4096,35,64,10000,10000.0,10000.0,35,1.549572,3.1311400000000003,15000,1,1.500073105,15000,1920000,0.0011920347997051242,19999.025314169605,5.72,3.8131474932350047,0.0,3198.8558506666664,190.66666666666666,535.756,2473.381,3327.006,15000,15000,15000,15000,0,0,5.696142018437911,0,0
increment-h,00-kernel-udp,1150,udp-open,kernel,udp,4096,4096,4096,208,64,0,33962.666666666664,33962.666666666664,208,0.386595,1.794505,50944,1,1.503098467,50944,6520832,0.004040319500156206,67785.3129631327,5.59,3.718984566032426,0.0,920.4679396984924,54.86416457286432,455.625,6180.119,11593.984,50944,50944,50944,50944,0,0,5.752339302783412,0,0
increment-h,00-kernel-udp,1153,udp-open,kernel,udp,4096,4096,4096,27,64,10000,10000.0,10000.0,27,1.506941,3.2185789999999996,15000,2,1.501400922,15000,1920000,0.0011909805815756111,19981.33846889965,5.78,3.8497378783413323,0.0,3232.4102826666667,192.66666666666666,539.862,2456.647,3283.1,15000,15000,15000,15000,0,0,5.823176792555103,0,0
increment-h,00-kernel-udp,1156,udp-open,kernel,udp,4096,4096,4096,356,64,0,36175.333333333336,36175.333333333336,356,0.42993400000000004,1.839994,54263,2,1.502167526,54263,6945664,0.004306213233166407,72246.26955489117,5.82,3.8744014227877805,0.0,899.7235420083667,53.62770211746494,369.015,2549.856,13352.219,54263,54263,54263,54263,0,0,5.845974240734563,0,0
increment-h,00-kernel-udp,1159,udp-open,kernel,udp,4096,4096,4096,37,1431,10000,10000.0,10000.0,37,1.9681449999999998,2.6837429999999998,15000,0,1.500038974,15000,42930000,0.0266537595497452,19999.480360168294,5.72,3.813234255338755,0.0,143.06553070766364,190.66666666666666,526.462,2489.826,3392.184,15000,15000,15000,15000,0,0,5.71837218583704,0,0
increment-h,00-kernel-udp,1162,udp-open,kernel,udp,4096,4096,4096,169,1431,0,32834.666666666664,32834.666666666664,169,0.7610699999999999,1.765722,49252,0,1.5017680850000001,49252,140959224,0.08741596570250722,65592.01849065795,5.79,3.855455484659603,0.0,44.104706201844586,58.77933891009502,401.624,2094.1,4282.193,49252,49252,49252,49252,0,0,5.724714382511138,0,0
increment-h,00-kernel-udp,1165,udp-open,kernel,udp,4096,4096,4096,32,1431,10000,10000.0,10000.0,32,1.593736,3.130098,15000,1,1.502238383,15000,42930000,0.026614736103599143,19970.199363492102,5.75,3.827621544669319,0.0,143.81587440018635,191.66666666666666,506.582,2332.349,3286.525,15000,15000,15000,15000,0,0,5.5817609433690905,0,0
increment-h,00-kernel-udp,1168,udp-open,kernel,udp,4096,4096,4096,150,1431,0,32035.333333333332,32035.333333333332,150,0.790092,1.712256,48053,1,1.502159464,48053,137527686,0.08526567363585115,63978.560401360955,5.72,3.8078513880068328,0.0,44.65866773385542,59.517615965704536,405.69,2540.613,9139.261,48053,48053,48053,48053,0,0,5.700087773087944,0,0
increment-h,00-kernel-udp,1171,udp-open,kernel,udp,4096,4096,4096,27,1431,10000,10000.0,10000.0,27,1.635781,3.0926319999999996,15000,2,1.50064183,15000,42930000,0.026643051878836733,19991.44592684052,5.81,3.8716766944981136,0.0,145.31656178523176,193.66666666666666,509.737,2244.197,3097.54,15000,15000,15000,15000,0,0,5.280502718505659,0,0
increment-h,00-kernel-udp,1174,udp-open,kernel,udp,4096,4096,4096,138,1431,0,33306.0,33306.0,138,0.792983,1.747352,49959,2,1.501150085,49959,142982658,0.08870730415601612,66560.9661541604,5.82,3.8770273926340955,0.0,43.70584169501171,58.24776316579595,381.764,1961.461,4278.418,49959,49959,49959,49959,0,0,5.342251127587815,0,0
increment-h,00-kernel-udp,1185,udp-rr,kernel,udp,16384,16384,,,0,0,16656.083766277494,16656.083766277494,,,,16690,0,1.002036267,16690,0,0.0,33312.16753255499,2.61,2.604696143198577,0.0,,78.19053325344518,211.378,340.312,1102.439,16690,16690,16690,16690,0,0,3.3345959571345247,0,0
increment-h,00-kernel-udp,1188,udp-rr,kernel,udp,16384,16384,,,0,0,17370.092473842393,17370.092473842393,,,,17378,1,1.000455238,17378,0,0.0,34740.184947684786,2.72,2.718762316080752,0.0,,78.25986879963172,210.366,323.036,460.012,17378,17378,17378,17378,0,0,3.896976459290954,0,0
increment-h,00-kernel-udp,1191,udp-rr,kernel,udp,16384,16384,,,0,0,17461.461397328327,17461.461397328327,,,,17471,2,1.000546266,17471,0,0.0,34922.92279465665,2.7,2.6985258870577806,0.0,,77.27090607292084,210.336,321.433,440.122,17471,17471,17471,17471,0,0,3.499750464566546,0,0
increment-h,01-aya-udp,964,udp-rr,aya,udp,1,1,,,0,0,6434.9777909079585,6434.9777909079585,,,,6436,0,1.000158852,6436,0,0.0,12869.955581815917,1.1,1.099825290552945,0.0,,85.45680546923555,145.058,231.188,287.903,6436,6436,6436,6436,0,0,1.8172492132892373,0,0
increment-h,01-aya-udp,967,udp-rr,aya,udp,1,1,,,0,0,6641.356392793331,6641.356392793331,,,,6642,1,1.000096909,6642,0,0.0,13282.712785586662,1.06,1.059897286413871,0.0,,79.79524239686842,141.563,235.274,300.913,6642,6642,6642,6642,0,0,1.8535388724488424,0,0
increment-h,01-aya-udp,970,udp-rr,aya,udp,1,1,,,0,0,7123.904948950772,7123.904948950772,,,,7125,2,1.000153715,7125,0,0.0,14247.809897901545,1.06,1.05983708714215,0.0,,74.3859649122807,134.733,171.157,204.778,7125,7125,7125,7125,0,0,1.876197240325979,0,0
increment-h,01-aya-udp,982,udp-rr,aya,udp,64,64,,,0,0,22916.90861693889,22916.90861693889,,,,22923,0,1.000265803,22923,0,0.0,45833.81723387778,2.61,2.6093064385207216,0.0,,56.929721240675306,171.388,257.868,320.873,22923,22923,22923,22923,0,0,3.451977897708538,0,0
increment-h,01-aya-udp,985,udp-rr,aya,udp,64,64,,,0,0,23249.610402571503,23249.610402571503,,,,23256,1,1.000274826,23256,0,0.0,46499.220805143006,2.68,2.6792636686829905,0.0,,57.61953904368765,169.495,254.824,316.236,23256,23256,23256,23256,0,0,3.469229610381337,0,0
increment-h,01-aya-udp,988,udp-rr,aya,udp,64,64,,,0,0,23511.1213247695,23511.1213247695,,,,23516,2,1.000207505,23516,0,0.0,47022.242649539,2.7,2.6994398527333585,0.0,,57.40772240176901,168.554,251.599,309.876,23516,23516,23516,23516,0,0,3.422208520802137,0,0
increment-h,01-aya-udp,1003,udp-rr,aya,udp,1024,1024,,,0,0,22802.26063225431,22802.26063225431,,,,22809,0,1.000295557,22809,0,0.0,45604.52126450862,2.69,2.689205186582669,0.0,,58.96795124731466,172.43,261.444,328.775,22809,22809,22809,22809,0,0,3.9890917485918607,0,0
increment-h,01-aya-udp,1006,udp-rr,aya,udp,1024,1024,,,0,0,22598.898908741623,22598.898908741623,,,,22604,1,1.000225723,22604,0,0.0,45197.797817483246,2.67,2.66939745559813,0.0,,59.06034330207043,174.924,261.924,320.232,22604,22604,22604,22604,0,0,3.8015356848111566,0,0
increment-h,01-aya-udp,1009,udp-rr,aya,udp,1024,1024,,,0,0,22234.579654171906,22234.579654171906,,,,22240,2,1.00024378,22240,0,0.0,44469.15930834381,2.65,2.6493541404476417,0.0,,59.577338129496404,177.427,269.656,331.178,22240,22240,22240,22240,0,0,3.5873225456403333,0,0
increment-h,01-aya-udp,1012,udp-open,aya,udp,1024,64,64,38,64,10000,10000.0,10000.0,38,1.705133,3.5742149999999997,15000,0,1.500046145,15000,1920000,0.001192056223884845,19999.384752260405,5.96,3.973211104115734,0.0,3333.0735786666664,198.66666666666666,72.619,109.845,2767.935,15000,15000,15000,15000,0,0,5.986006407757699,0,0
increment-h,01-aya-udp,1015,udp-open,aya,udp,1024,64,64,5170,64,0,65938.0,65938.0,64,0.42554,2.273218,98907,0,1.597138919,98907,12660096,0.007382346683393996,123855.22489418468,5.98,3.74419527873267,0.0,507.18226050734535,30.230418473919944,39104.716,84367.558,111134.862,98907,98907,98907,98907,0,0,6.155430934213456,0,0
increment-h,01-aya-udp,1019,udp-open,aya,udp,1024,64,64,34,64,10000,10000.0,10000.0,33,1.787846,3.5348129999999998,15000,1,1.500036009,15000,1920000,0.0011920642788127353,19999.519891525484,5.97,3.979904458413571,0.0,3338.6659839999998,199.0,69.735,116.785,2773.493,15000,15000,15000,15000,0,0,5.748621846202255,0,0
increment-h,01-aya-udp,1022,udp-open,aya,udp,1024,64,64,5503,64,0,70680.0,70680.0,64,0.5339499999999999,2.30647,106020,1,1.60316816,106020,13570560,0.00788349543953881,132263.10582415757,6.25,3.8985305197179065,0.0,494.5180154687795,29.47557064704773,41614.352,74457.648,100554.873,106020,106020,106020,106020,0,0,6.135120555657139,0,0
increment-h,01-aya-udp,1025,udp-open,aya,udp,1024,64,64,35,64,10000,10000.0,10000.0,35,1.842423,3.50657,15000,2,1.500033846,15000,1920000,0.0011920659977306396,19999.54873018245,5.97,3.979910197306308,0.0,3338.6659839999998,199.0,69.564,104.627,2798.24,15000,15000,15000,15000,0,0,5.206905725907603,0,0
increment-h,01-aya-udp,1028,udp-open,aya,udp,1024,64,64,5869,64,0,65838.66666666667,65838.66666666667,64,0.43447600000000003,2.2374359999999998,98758,2,1.552587647,98758,12641024,0.007582741650820345,127217.29454800951,5.92,3.8129892450445344,0.0,502.8510030579801,29.97225541221977,40839.066,83467.784,109111.838,98758,98758,98758,98758,0,0,5.37981045597104,0,0
increment-h,01-aya-udp,1031,udp-open,aya,udp,1024,64,64,38,1431,10000,10000.0,10000.0,37,1.481784,3.874225,15000,0,1.500020095,15000,42930000,0.026654095009468852,19999.732070256032,5.99,3.9932798366944544,0.0,149.81862394036804,199.66666666666666,77.026,105.839,1808.05,15000,15000,15000,15000,0,0,5.60682623864173,0,0
increment-k,03-kernel-udp,969,udp-rr,kernel,udp,1,1,,,0,0,5956.3654184636725,5956.3654184636725,,,,5958,0,1.000274426,5958,0,0.0,11912.730836927345,1.16,1.159681753175203,0.0,,97.34810339039946,160.351,211.398,306.131,5958,5958,5958,5958,0,0,3.134504542433042,0,0
increment-k,03-kernel-udp,972,udp-rr,kernel,udp,1,1,,,0,0,6073.0145440759625,6073.0145440759625,,,,6074,1,1.000162268,6074,0,0.0,12146.029088151925,1.18,1.1798085548254256,0.0,,97.13533091866974,159.249,205.64,253.932,6074,6074,6074,6074,0,0,3.5419505116035666,0,0
increment-k,03-kernel-udp,975,udp-rr,kernel,udp,1,1,,,0,0,6044.372806485512,6044.372806485512,,,,6046,2,1.000269208,6046,0,0.0,12088.745612971024,1.16,1.159687802765993,0.0,,95.9311941779689,159.851,204.107,263.887,6046,6046,6046,6046,0,0,3.171175998177418,0,0
increment-k,03-kernel-udp,986,udp-rr,kernel,udp,64,64,,,0,0,20806.478126205428,20806.478126205428,,,,20813,0,1.000313454,20813,0,0.0,41612.956252410855,2.78,2.7791288709388886,0.0,,66.78518233796186,189.655,276.637,334.223,20813,20813,20813,20813,0,0,3.303372288134529,0,0
increment-k,03-kernel-udp,989,udp-rr,kernel,udp,64,64,,,0,0,28803.877204421628,28803.877204421628,,,,28811,1,1.000247286,28811,0,0.0,57607.754408843255,3.06,3.0592434919138585,0.0,,53.10471694838777,120.471,239.3,303.056,28811,28811,28811,28811,0,0,3.424554605917031,0,0
increment-k,03-kernel-udp,992,udp-rr,kernel,udp,64,64,,,0,0,29860.107391410842,29860.107391410842,,,,29867,2,1.00023083,29867,0,0.0,59720.214782821684,3.13,3.1292776688357025,0.0,,52.39896876150936,124.428,231.568,295.896,29867,29867,29867,29867,0,0,3.7429601968029047,0,0
increment-k,03-kernel-udp,995,udp-open,kernel,udp,64,64,64,6,0,1000,1000.0,1000.0,6,1.3322250000000002,2.531133,0,0,1.000028205,1000,0,0.0,1999.9435915909992,3.93,3.9298891574763135,0.0,,1965.0,,,,1000,1000,1000,1000,0,0,3.333063284315493,0,0
increment-k,03-kernel-udp,998,udp-open,kernel,udp,64,64,64,5,0,1000,1000.0,1000.0,5,1.302166,2.601589,0,1,1.000018571,1000,0,0.0,1999.9628586897513,3.97,3.9699262744991564,0.0,,1985.0,,,,1000,1000,1000,1000,0,0,3.124157905300059,0,0
increment-k,03-kernel-udp,1001,udp-open,kernel,udp,64,64,64,5,0,1000,1000.0,1000.0,5,1.307444,2.587395,0,2,1.000025161,1000,0,0.0,1999.94967926612,3.95,3.9499006165505874,0.0,,1975.0,,,,1000,1000,1000,1000,0,0,3.4713428977110894,0,0
increment-k,03-kernel-udp,1004,udp-open,kernel,udp,64,64,64,7,64,1000,1000.0,1000.0,7,1.308236,2.568333,1000,0,1.001084755,1000,128000,0.0001190801167986833,1997.8328408367383,3.96,3.9557090248567417,0.0,33218.88768,1980.0,1060.906,4101.912,5142.317,1000,1000,1000,1000,0,0,3.853353965590486,0,0
increment-k,03-kernel-udp,1007,udp-open,kernel,udp,64,64,64,6,64,1000,1000.0,1000.0,6,1.350591,2.5320840000000002,1000,1,1.000019983,1000,128000,0.00011920690743914989,1999.9600347986245,3.95,3.9499210687272837,0.0,33135.0016,1975.0,194.953,3179.724,4182.873,1000,1000,1000,1000,0,0,3.5455854434994905,0,0
increment-k,03-kernel-udp,1010,udp-open,kernel,udp,64,64,64,6,64,1000,1000.0,1000.0,6,1.271804,2.5868209999999996,1000,2,1.000020664,1000,128000,0.00011920682626092339,1999.9586728539841,3.94,3.939918585522349,0.0,33051.11552,1970.0,367.834,2411.839,4149.343,1000,1000,1000,1000,0,0,3.332080643731601,0,0
increment-k,03-kernel-udp,1013,udp-open,kernel,udp,64,64,64,6,1431,1000,1000.0,1000.0,6,1.315043,2.570206,1000,0,1.000036909,1000,2862000,0.0026653468332632304,1999.926184724448,3.95,3.9498542148307845,0.0,1481.928792732355,1975.0,143.826,2561.744,4166.709,1000,1000,1000,1000,0,0,3.2263159871225895,0,0
increment-k,03-kernel-udp,1016,udp-open,kernel,udp,64,64,64,6,1431,1000,1000.0,1000.0,6,1.295143,2.579338,1000,1,1.000023829,1000,2862000,0.002665381695169085,1999.9523431356151,3.93,3.929906354261484,0.0,1474.425355807128,1965.0,164.527,3237.671,4297.426,1000,1000,1000,1000,0,0,3.1310978491148944,0,0
increment-k,03-kernel-udp,1019,udp-open,kernel,udp,64,64,64,5,1431,1000,1000.0,1000.0,5,1.305657,2.571833,1000,2,1.000034665,1000,2862000,0.002665352814094199,1999.930672403241,3.94,3.939863424634385,0.0,1478.1770742697415,1970.0,180.342,2391.979,4163.514,1000,1000,1000,1000,0,0,3.1900340513043943,0,0
increment-k,03-kernel-udp,1022,udp-open,kernel,udp,64,64,64,7,59000,1000,1000.0,1000.0,7,1.4532370000000001,2.343203,1000,0,1.000245472,1000,118000000,0.10986909401837958,1999.50917648343,3.93,3.9290355317899404,0.0,35.76106244338983,1965.0,1674.9,4321.472,4680.252,1000,1000,1000,1000,0,0,3.373583365448127,0,0
increment-k,03-kernel-udp,1025,udp-open,kernel,udp,64,64,64,7,59000,1000,1000.0,1000.0,7,1.3148650000000002,2.483053,1000,1,1.000023269,1000,118000000,0.10989350669261924,1999.9534630828678,3.93,3.929908554957835,0.0,35.76106244338983,1965.0,1539.776,4669.756,5642.659,1000,1000,1000,1000,0,0,3.6591806807815033,0,0
increment-k,03-kernel-udp,1028,udp-open,kernel,udp,64,64,64,6,59000,1000,1000.0,1000.0,6,1.2940749999999999,2.425644,1000,2,1.000033574,1000,118000000,0.10989237427805246,1999.9328542543515,3.85,3.8498707444396265,0.0,35.03310188474576,1925.0,1870.785,4674.333,5698.103,1000,1000,1000,1000,0,0,3.6339883111114943,0,0
increment-k,04-aya-udp,964,udp-rr,aya,udp,1,1,,,0,0,6866.664117962508,6866.664117962508,,,,6868,0,1.000194546,6868,0,0.0,13733.328235925015,1.13,1.1297802057800863,0.0,,82.26557949912639,143.766,192.99,244.989,6868,6868,6868,6868,0,0,1.8878478112498858,0,0
increment-k,04-aya-udp,967,udp-rr,aya,udp,1,1,,,0,0,6815.571674275365,6815.571674275365,,,,6817,1,1.000209568,6817,0,0.0,13631.14334855073,1.1,1.0997695235004992,0.0,,80.68065131289424,144.608,179.069,227.783,6817,6817,6817,6817,0,0,1.8623412338242211,0,0
increment-k,04-aya-udp,970,udp-rr,aya,udp,1,1,,,0,0,6436.970960074438,6436.970960074438,,,,6438,2,1.000159864,6438,0,0.0,12873.941920148876,1.1,1.099824177707655,0.0,,85.43025784405094,146.751,212.76,266.771,6438,6438,6438,6438,0,0,1.8882987425509885,0,0
increment-k,04-aya-udp,982,udp-rr,aya,udp,64,64,,,0,0,22670.699186998634,22670.699186998634,,,,22675,0,1.000189708,22675,0,0.0,45341.39837399727,2.71,2.709485988832031,0.0,,59.757442116868795,172.379,260.793,324.018,22675,22675,22675,22675,0,0,3.687745625764123,0,0
increment-k,04-aya-udp,985,udp-rr,aya,udp,64,64,,,0,0,22879.958080917455,22879.958080917455,,,,22885,1,1.000220364,22885,0,0.0,45759.91616183491,2.7,2.699405148283904,0.0,,58.99060519991261,173.642,254.733,301.874,22885,22885,22885,22885,0,0,3.8566834180556775,0,0
increment-k,04-aya-udp,988,udp-rr,aya,udp,64,64,,,0,0,23443.551843916684,23443.551843916684,,,,23448,2,1.000189739,23448,0,0.0,46887.10368783337,2.71,2.709485904853899,0.0,,57.78744455817127,169.044,252.83,311.118,23448,23448,23448,23448,0,0,3.974976680035809,0,0
increment-k,04-aya-udp,991,udp-open,aya,udp,64,64,64,5,0,1000,1000.0,1000.0,5,1.2981269999999998,2.4502829999999998,0,0,1.000029718,1000,0,0.0,1999.9405657662667,3.77,3.7698879664694127,0.0,,1885.0,,,,1000,1000,1000,1000,0,0,3.0118072260898074,0,0
increment-k,04-aya-udp,994,udp-open,aya,udp,64,64,64,4,0,1000,1000.0,1000.0,4,1.331953,2.593706,0,1,1.000035947,1000,0,0.0,1999.9281085842808,3.97,3.9698572955397977,0.0,,1985.0,,,,1000,1000,1000,1000,0,0,3.314444894707677,0,0
increment-k,04-aya-udp,997,udp-open,aya,udp,64,64,64,4,0,1000,1000.0,1000.0,4,1.24193,2.6732500000000003,0,2,1.000044029,1000,0,0.0,1999.9119458769353,3.98,3.979824772295101,0.0,,1990.0,,,,1000,1000,1000,1000,0,0,3.987885293146718,0,0
increment-k,04-aya-udp,1000,udp-open,aya,udp,64,64,64,6,64,1000,1000.0,1000.0,6,1.3445200000000002,2.5661579999999997,1000,0,1.000028296,1000,128000,0.00011920591650016796,1999.943409601282,3.95,3.949888233962532,0.0,33135.0016,1975.0,70.206,145.408,2552.851,1000,1000,1000,1000,0,0,3.3956141405457387,0,0
increment-k,04-aya-udp,1003,udp-open,aya,udp,64,64,64,5,64,1000,1000.0,1000.0,5,1.30898,2.600394,1000,1,1.000022888,1000,128000,0.00011920656115100963,1999.9542250476973,3.96,3.9599093655944406,0.0,33218.88768,1980.0,69.705,149.766,2554.233,1000,1000,1000,1000,0,0,3.2068181096147796,0,0
increment-k,04-aya-udp,1006,udp-open,aya,udp,64,64,64,5,64,1000,1000.0,1000.0,5,1.346834,2.592084,1000,2,1.000025802,1000,128000,0.000119206213792053,1999.9483973314523,3.98,3.97989731068959,0.0,33386.65984,1990.0,69.114,123.075,246.04,1000,1000,1000,1000,0,0,3.1399898440761973,0,0
increment-k,04-aya-udp,1009,udp-open,aya,udp,64,64,64,5,1431,1000,1000.0,1000.0,5,1.310409,2.614739,1000,0,1.000035197,1000,2862000,0.002665351396176408,1999.9296084775701,3.99,3.989859568912753,0.0,1496.9356665828093,1995.0,76.745,163.716,744.76,1000,1000,1000,1000,0,0,3.2582724138329837,0,0
increment-k,04-aya-udp,1012,udp-open,aya,udp,64,64,64,6,1431,1000,1000.0,1000.0,6,1.306549,2.632446,1000,1,1.000022547,1000,2862000,0.0026653851121113768,1999.9549070167116,4.0,3.9999098140334235,0.0,1500.6873850454228,2000.0,76.956,157.807,292.58,1000,1000,1000,1000,0,0,3.5572699406866946,0,0
increment-k,04-aya-udp,1015,udp-open,aya,udp,64,64,64,7,1431,1000,1000.0,1000.0,7,0.974418,2.927182,1000,2,1.000040654,1000,2862000,0.0026653368519451207,1999.918695305361,3.96,3.959839016704615,0.0,1485.6805111949686,1980.0,92.338,194.082,2085.027,1000,1000,1000,1000,0,0,3.9781294266813063,0,0
increment-k,04-aya-udp,1018,udp-open,aya,udp,64,64,64,8,59000,1000,1000.0,1000.0,8,1.3774899999999999,2.4990409999999996,1000,0,1.000032111,1000,118000000,0.10989253504543363,1999.9357800621667,3.97,3.969872523423401,0.0,36.12504272271187,1985.0,387.633,1024.701,3810.634,1000,1000,1000,1000,0,0,3.610975899998394,0,0
increment-k,04-aya-udp,1021,udp-open,aya,udp,64,64,64,4,59000,1000,1000.0,1000.0,4,1.6836229999999999,2.214371,1000,1,1.000033444,1000,118000000,0.10989238856358334,1999.9331142369274,3.97,3.969867231760301,0.0,36.12504272271187,1985.0,401.073,677.71,1202.91,1000,1000,1000,1000,0,0,3.3568424424414616,0,0
increment-k,04-aya-udp,1024,udp-open,aya,udp,64,64,64,4,59000,1000,1000.0,1000.0,4,1.3366980000000002,2.561193,1000,2,1.000029748,1000,118000000,0.10989279471376932,1999.9405057698343,3.98,3.97988160648197,0.0,36.21603779254237,1990.0,391.93,767.114,1502.38,1000,1000,1000,1000,0,0,3.2065019664231613,0,0
increment-k,05-aya-udp,964,udp-rr,aya,udp,1,1,,,0,0,7312.253007697172,7312.253007697172,,,,7314,0,1.000238913,7314,0,0.0,14624.506015394343,1.1,1.0997372584723666,0.0,,75.19824993163796,121.794,231.127,285.97,7314,7314,7314,7314,0,0,1.8437905321195043,0,0
increment-k,05-aya-udp,967,udp-rr,aya,udp,1,1,,,0,0,6623.27592815952,6623.27592815952,,,,6625,1,1.000260305,6625,0,0.0,13246.55185631904,1.11,1.1097111366425763,0.0,,83.77358490566037,131.748,247.002,296.085,6625,6625,6625,6625,0,0,1.8437955223028197,0,0
increment-k,05-aya-udp,970,udp-rr,aya,udp,1,1,,,0,0,6114.156240324679,6114.156240324679,,,,6115,2,1.000138001,6115,0,0.0,12228.312480649358,1.12,1.119845460206646,0.0,,91.57808667211775,151.267,242.085,291.619,6115,6115,6115,6115,0,0,1.824945574545449,0,0
increment-k,05-aya-udp,982,udp-rr,aya,udp,64,64,,,0,0,22997.244077935706,22997.244077935706,,,,23002,0,1.000206804,23002,0,0.0,45994.48815587141,2.67,2.6694479474866677,0.0,,58.03843144074428,171.788,254.953,327.292,23002,23002,23002,23002,0,0,3.4031030778527516,0,0
increment-k,05-aya-udp,985,udp-rr,aya,udp,64,64,,,0,0,23580.60259490569,23580.60259490569,,,,23585,1,1.000186484,23585,0,0.0,47161.20518981138,2.67,2.669502180555361,0.0,,56.60377358490566,168.333,248.785,300.302,23585,23585,23585,23585,0,0,3.3659864271845983,0,0
increment-k,05-aya-udp,988,udp-rr,aya,udp,64,64,,,0,0,24014.272547968765,24014.272547968765,,,,24020,2,1.000238502,24020,0,0.0,48028.54509593753,2.7,2.6993561981480294,0.0,,56.20316402997502,166.08,246.251,299.23,24020,24020,24020,24020,0,0,3.2779440673186997,0,0
increment-k,05-aya-udp,991,udp-open,aya,udp,64,64,64,5,0,1000,1000.0,1000.0,5,1.283427,2.590248,0,0,1.000024581,1000,0,0.0,1999.9508392084215,3.92,3.9199036448485063,0.0,,1960.0,,,,1000,1000,1000,1000,0,0,3.513290490475214,0,0
increment-k,05-aya-udp,994,udp-open,aya,udp,64,64,64,4,0,1000,1000.0,1000.0,4,1.347847,2.563234,0,1,1.00002453,1000,0,0.0,1999.9509412034124,3.96,3.9599028635827564,0.0,,1980.0,,,,1000,1000,1000,1000,0,0,3.788395376960871,0,0
increment-k,05-aya-udp,997,udp-open,aya,udp,64,64,64,5,0,1000,1000.0,1000.0,5,1.260465,2.67321,0,2,1.000023929,1000,0,0.0,1999.952143145167,3.98,3.979904764858882,0.0,,1990.0,,,,1000,1000,1000,1000,0,0,3.283748636330607,0,0
increment-k,05-aya-udp,1000,udp-open,aya,udp,64,64,64,6,64,1000,1000.0,1000.0,6,1.324315,2.589729,1000,0,1.000027264,1000,128000,0.00011920603951731985,1999.9454734866108,3.96,3.959892037503489,0.0,33218.88768,1980.0,70.837,153.03,1963.233,1000,1000,1000,1000,0,0,3.143857123805759,0,0
increment-k,05-aya-udp,1003,udp-open,aya,udp,64,64,64,4,64,1000,1000.0,1000.0,4,1.2927179999999998,2.611317,1000,1,1.000030399,1000,128000,0.00011920566581774607,1999.9392038481424,3.95,3.9498799276000813,0.0,33135.0016,1975.0,70.226,184.007,2812.732,1000,1000,1000,1000,0,0,3.2990277548731797,0,0
increment-k,05-aya-udp,1006,udp-open,aya,udp,64,64,64,5,64,1000,1000.0,1000.0,5,1.2960260000000001,2.633495,1000,2,1.000020935,1000,128000,0.00011920679395654977,1999.95813087653,3.97,3.9699168897899124,0.0,33302.773760000004,1985.0,68.904,130.186,1041.928,1000,1000,1000,1000,0,0,3.6305971279252276,0,0
increment-k,05-aya-udp,1009,udp-open,aya,udp,64,64,64,4,1431,1000,1000.0,1000.0,4,1.299747,2.6359749999999997,1000,0,1.000025442,1000,2862000,0.0026653773960177898,1999.9491172945577,4.0,3.999898234589115,0.0,1500.6873850454228,2000.0,76.394,140.721,314.383,1000,1000,1000,1000,0,0,3.955088137491515,0,0
increment-k,05-aya-udp,1012,udp-open,aya,udp,64,64,64,4,1431,1000,1000.0,1000.0,4,1.375295,2.5538600000000002,1000,1,1.000021685,1000,2862000,0.0026653874096235217,1999.956630940458,3.97,3.9699139124168092,0.0,1489.4322296575822,1985.0,77.386,153.821,350.728,1000,1000,1000,1000,0,0,3.5597681271588897,0,0
increment-k,05-aya-udp,1015,udp-open,aya,udp,64,64,64,4,1431,1000,1000.0,1000.0,4,1.4120769999999998,2.508551,1000,2,1.00002415,1000,2862000,0.002665380839602223,1999.9517011664168,3.96,3.9599043683095054,0.0,1485.6805111949686,1980.0,92.268,196.546,549.276,1000,1000,1000,1000,0,0,3.320037612241947,0,0
increment-k,05-aya-udp,1018,udp-open,aya,udp,64,64,64,6,59000,1000,1000.0,1000.0,6,1.3311709999999999,2.570239,1000,0,1.00003167,1000,118000000,0.10989258350650681,1999.9366620059143,4.0,3.9998733240118285,0.0,36.39802793220339,2000.0,391.388,831.451,1210.161,1000,1000,1000,1000,0,0,3.182797690893736,0,0
increment-k,05-aya-udp,1021,udp-open,aya,udp,64,64,64,4,59000,1000,1000.0,1000.0,4,1.9088589999999999,2.004969,1000,1,1.00002441,1000,118000000,0.10989338130718876,1999.9511811916673,3.99,3.989902606477376,0.0,36.307032862372886,1995.0,402.055,692.262,957.23,1000,1000,1000,1000,0,0,3.167295958696627,0,0
increment-k,05-aya-udp,1024,udp-open,aya,udp,64,64,64,5,59000,1000,1000.0,1000.0,5,1.353446,2.5605439999999997,1000,2,1.000025882,1000,118000000,0.1098932195483181,1999.948237339721,4.0,3.999896474679442,0.0,36.39802793220339,2000.0,396.207,661.325,938.923,1000,1000,1000,1000,0,0,3.508862835997263,0,0
increment-k,06-kernel-udp,966,udp-rr,kernel,udp,1,1,,,0,0,6144.244693743158,6144.244693743158,,,,6146,0,1.000285683,6146,0,0.0,12288.489387486316,1.22,1.2196515662815899,0.0,,99.25154572079401,158.368,207.652,277.958,6146,6146,6146,6146,0,0,2.919056158660089,0,0
increment-k,06-kernel-udp,969,udp-rr,kernel,udp,1,1,,,0,0,6232.651696691107,6232.651696691107,,,,6234,1,1.000216329,6234,0,0.0,12465.303393382213,1.17,1.169746949812094,0.0,,93.84023099133782,157.838,197.256,248.914,6234,6234,6234,6234,0,0,3.041153324152166,0,0
increment-k,06-kernel-udp,972,udp-rr,kernel,udp,1,1,,,0,0,6211.820257308552,6211.820257308552,,,,6213,2,1.000189919,6213,0,0.0,12423.640514617104,1.16,1.1597797357923578,0.0,,93.35264767423145,159.069,197.788,214.954,6213,6213,6213,6213,0,0,3.142450622791717,0,0
increment-k,06-kernel-udp,983,udp-rr,kernel,udp,64,64,,,0,0,21236.325353881475,21236.325353881475,,,,21241,0,1.000220125,21241,0,0.0,42472.65070776295,2.79,2.7893859864097417,0.0,,65.67487406430959,186.801,273.522,325.93,21241,21241,21241,21241,0,0,3.443201935244062,0,0
increment-k,06-kernel-udp,986,udp-rr,kernel,udp,64,64,,,0,0,25077.50378241435,25077.50378241435,,,,25085,1,1.000298922,25085,0,0.0,50155.0075648287,2.92,2.919127408596767,0.0,,58.202112816424155,158.839,258.478,308.314,25085,25085,25085,25085,0,0,3.4702404560878506,0,0
increment-k,06-kernel-udp,989,udp-rr,kernel,udp,64,64,,,0,0,25489.693787111024,25489.693787111024,,,,25497,2,1.000286634,25497,0,0.0,50979.38757422205,2.88,2.87917473063026,0.0,,56.477232615601835,148.313,253.922,305.86,25497,25497,25497,25497,0,0,3.6786859177281457,0,0
increment-k,06-kernel-udp,992,udp-open,kernel,udp,64,64,64,5,0,1000,1000.0,1000.0,5,1.324576,2.554104,0,0,1.000019162,1000,0,0.0,1999.9616767343502,3.93,3.9299246947829984,0.0,,1965.0,,,,1000,1000,1000,1000,0,0,3.251332777988125,0,0
increment-k,06-kernel-udp,995,udp-open,kernel,udp,64,64,64,5,0,1000,1000.0,1000.0,5,1.292634,2.5968240000000002,0,1,1.000037309,1000,0,0.0,1999.9253847838188,3.94,3.9398530080241234,0.0,,1970.0,,,,1000,1000,1000,1000,0,0,3.143359758210039,0,0
increment-k,06-kernel-udp,998,udp-open,kernel,udp,64,64,64,6,0,1000,1000.0,1000.0,6,1.284659,2.626669,0,2,1.000019743,1000,0,0.0,1999.960514779557,3.96,3.9599218192635224,0.0,,1980.0,,,,1000,1000,1000,1000,0,0,3.6725565625300547,0,0
increment-k,06-kernel-udp,1001,udp-open,kernel,udp,64,64,64,6,64,1000,1000.0,1000.0,6,1.277448,2.619458,1000,0,1.000021886,1000,128000,0.00011920668059336977,1999.9562289579728,3.97,3.9699131144815762,0.0,33302.773760000004,1985.0,216.496,2248.994,4166.599,1000,1000,1000,1000,0,0,3.6465561038608456,0,0
increment-k,06-kernel-udp,1004,udp-open,kernel,udp,64,64,64,6,64,1000,1000.0,1000.0,6,1.3461990000000001,2.550968,1000,1,1.000021366,1000,128000,0.0001192067425795193,1999.9572689129925,3.96,3.959915392447725,0.0,33218.88768,1980.0,128.834,2764.159,4148.531,1000,1000,1000,1000,0,0,3.3907289890850905,0,0
increment-k,06-kernel-udp,1007,udp-open,kernel,udp,64,64,64,6,64,1000,1000.0,1000.0,6,1.342153,2.519273,1000,2,1.000031451,1000,128000,0.0001192055404173296,1999.9370999782689,3.91,3.9098770304575154,0.0,32799.45728,1955.0,193.942,3191.091,4261.111,1000,1000,1000,1000,0,0,3.213249085551084,0,0
increment-k,06-kernel-udp,1010,udp-open,kernel,udp,64,64,64,6,1431,1000,1000.0,1000.0,6,1.329798,2.5302729999999998,1000,0,1.000043468,1000,2862000,0.002665329352013226,1999.9130677787696,3.92,3.9198296128463883,0.0,1470.6736373445142,1960.0,196.826,2663.057,4170.395,1000,1000,1000,1000,0,0,3.1370992859033464,0,0
increment-k,06-kernel-udp,1013,udp-open,kernel,udp,64,64,64,6,1431,1000,1000.0,1000.0,6,1.2899500000000002,2.604698,1000,1,1.00002437,1000,2862000,0.0026653802532327284,1999.9512611877649,3.97,3.9699032534577134,0.0,1489.4322296575822,1985.0,433.593,3107.556,4181.221,1000,1000,1000,1000,0,0,3.1906526542348956,0,0
increment-k,06-kernel-udp,1016,udp-open,kernel,udp,64,64,64,6,1431,1000,1000.0,1000.0,6,1.291745,2.577275,1000,2,1.000022417,1000,2862000,0.002665385458603674,1999.9551670050212,3.93,3.9299119031648666,0.0,1474.425355807128,1965.0,966.064,3979.287,5057.259,1000,1000,1000,1000,0,0,3.574981651543183,0,0
increment-k,06-kernel-udp,1019,udp-open,kernel,udp,64,64,64,6,59000,1000,1000.0,1000.0,6,1.311857,2.5176369999999997,1000,0,1.000046824,1000,118000000,0.10989091827226928,1999.9063563847687,3.94,3.939815522077994,0.0,35.85205751322034,1970.0,2026.749,4432.369,4706.512,1000,1000,1000,1000,0,0,3.9790421903690856,0,0
increment-k,06-kernel-udp,1022,udp-open,kernel,udp,64,64,64,6,59000,1000,1000.0,1000.0,6,1.3327630000000001,2.473767,1000,1,1.000595479,1000,118000000,0.10983066195187802,1998.8097507684222,3.92,3.9176671115061072,0.0,35.67006737355932,1960.0,2070.486,4438.148,4889.397,1000,1000,1000,1000,0,0,3.655313978325921,0,0
increment-k,06-kernel-udp,1025,udp-open,kernel,udp,64,64,64,6,59000,1000,1000.0,1000.0,6,1.5689760000000001,2.2525500000000003,1000,2,1.00075545,1000,118000000,0.10981310549408096,1998.4902405477783,3.94,3.937025773879123,0.0,35.85205751322034,1970.0,1555.551,4447.692,5306.404,1000,1000,1000,1000,0,0,3.4326857837552325,0,0
increment-k,07-kernel-udp,967,udp-rr,kernel,udp,1,1,,,0,0,6021.071219659011,6021.071219659011,,,,6022,0,1.000154255,6022,0,0.0,12042.142439318022,1.16,1.1598210917974847,0.0,,96.31351710395218,159.3,218.158,295.234,6022,6022,6022,6022,0,0,2.9647668540412067,0,0
increment-k,07-kernel-udp,970,udp-rr,kernel,udp,1,1,,,0,0,6208.905127878655,6208.905127878655,,,,6210,1,1.000176339,6210,0,0.0,12417.81025575731,1.19,1.189790193587053,0.0,,95.81320450885669,159.159,189.115,208.734,6210,6210,6210,6210,0,0,3.2084089598377545,0,0
increment-k,07-kernel-udp,973,udp-rr,kernel,udp,1,1,,,0,0,6126.023432226599,6126.023432226599,,,,6127,2,1.000159413,6127,0,0.0,12252.046864453197,1.16,1.1598151103938068,0.0,,94.6629671943855,158.628,196.025,280.592,6127,6127,6127,6127,0,0,3.613513062293322,0,0
increment-k,07-kernel-udp,984,udp-rr,kernel,udp,64,64,,,0,0,21163.17891696645,21163.17891696645,,,,21170,0,1.000322309,21170,0,0.0,42326.3578339329,2.73,2.729120379939462,0.0,,64.47803495512518,187.662,281.784,344.167,21170,21170,21170,21170,0,0,3.5797120268429694,0,0
increment-k,07-kernel-udp,987,udp-rr,kernel,udp,64,64,,,0,0,34353.74310287502,34353.74310287502,,,,34365,1,1.000327676,34365,0,0.0,68707.48620575004,3.29,3.2889222990967215,0.0,,47.8684708278772,95.934,229.996,297.217,34365,34365,34365,34365,0,0,3.4729967183922312,0,0
increment-k,07-kernel-udp,991,udp-rr,kernel,udp,64,64,,,0,0,24379.685728586137,24379.685728586137,,,,24387,2,1.000300015,24387,0,0.0,48759.371457172274,2.84,2.8391482129488916,0.0,,58.22774428999057,158.469,255.595,302.986,24387,24387,24387,24387,0,0,3.6079393416852596,0,0
increment-k,07-kernel-udp,994,udp-open,kernel,udp,64,64,64,5,0,1000,1000.0,1000.0,5,1.328818,2.562126,0,0,1.000022888,1000,0,0.0,1999.9542250476973,3.95,3.949909594469202,0.0,,1975.0,,,,1000,1000,1000,1000,0,0,3.1851100805946757,0,0
increment-k,07-kernel-udp,997,udp-open,kernel,udp,64,64,64,5,0,1000,1000.0,1000.0,5,1.3072789999999999,2.5980309999999998,0,1,1.000023369,1000,0,0.0,1999.953263092195,3.97,3.9699072272380067,0.0,,1985.0,,,,1000,1000,1000,1000,0,0,3.254914485316938,0,0
increment-k,07-kernel-udp,1000,udp-open,kernel,udp,64,64,64,5,0,1000,1000.0,1000.0,5,1.365401,2.562085,0,2,1.000021346,1000,0,0.0,1999.957308911284,3.99,3.9899148312780115,0.0,,1995.0,,,,1000,1000,1000,1000,0,0,3.9115296471686705,0,0
increment-k,07-kernel-udp,1003,udp-open,kernel,udp,64,64,64,6,64,1000,1000.0,1000.0,6,1.334536,2.582987,1000,0,1.000018391,1000,128000,0.00011920709721305641,1999.9632186764454,3.99,3.989926621259509,0.0,33470.545920000004,1995.0,125.128,2856.057,4140.48,1000,1000,1000,1000,0,0,3.497703641910803,0,0
increment-k,07-kernel-udp,1006,udp-open,kernel,udp,64,64,64,7,64,1000,1000.0,1000.0,7,1.362491,2.5275849999999997,1000,1,1.000033994,1000,128000,0.00011920523728794488,1999.9320143111054,3.94,3.9398660681928774,0.0,33051.11552,1970.0,271.759,2392.469,4140.55,1000,1000,1000,1000,0,0,3.2993853248037794,0,0
increment-k,07-kernel-udp,1009,udp-open,kernel,udp,64,64,64,7,64,1000,1000.0,1000.0,7,1.2670210000000002,2.578007,1000,2,1.000034755,1000,128000,0.000119205146575912,1999.9304924157361,3.92,3.919863765134843,0.0,32883.34336,1960.0,583.368,2597.859,4148.672,1000,1000,1000,1000,0,0,3.161990358141125,0,0
increment-k,07-kernel-udp,1012,udp-open,kernel,udp,64,64,64,6,1431,1000,1000.0,1000.0,6,1.3264040000000001,2.561543,1000,0,1.000045843,1000,2862000,0.002665323022146195,1999.9083182029685,3.96,3.9598184700418773,0.0,1485.6805111949686,1980.0,172.419,2423.446,4486.24,1000,1000,1000,1000,0,0,3.1530234739901744,0,0
increment-k,07-kernel-udp,1015,udp-open,kernel,udp,64,64,64,6,1431,1000,1000.0,1000.0,6,1.309978,2.561429,1000,1,1.000034815,1000,2862000,0.0026653524143051954,1999.930372424084,3.93,3.9298631818133254,0.0,1474.425355807128,1965.0,178.319,3801.229,4256.444,1000,1000,1000,1000,0,0,3.227500458807498,0,0
increment-k,07-kernel-udp,1018,udp-open,kernel,udp,64,64,64,6,1431,1000,1000.0,1000.0,6,1.327127,2.544466,1000,2,1.000028416,1000,2862000,0.002665369469410657,1999.9431696148924,3.95,3.9498877599894127,0.0,1481.928792732355,1975.0,170.607,2500.402,4245.728,1000,1000,1000,1000,0,0,3.4373873139104916,0,0
increment-k,07-kernel-udp,1021,udp-open,kernel,udp,64,64,64,6,59000,1000,1000.0,1000.0,6,1.570314,2.247834,1000,0,1.000029458,1000,118000000,0.10989282658174102,1999.9410857354965,3.94,3.939883938898928,0.01,35.85205751322034,1970.0,1535.29,4654.503,5580.506,1000,1000,1000,1000,0,0,3.7953031818267817,0,0
increment-k,07-kernel-udp,1024,udp-open,kernel,udp,64,64,64,6,59000,1000,1000.0,1000.0,6,1.571497,2.252149,1000,1,1.000427025,1000,118000000,0.1098491554690123,1999.1463145450314,3.95,3.9483139712264372,0.0,35.94305258305085,1975.0,1561.48,4447.211,5363.951,1000,1000,1000,1000,0,0,3.8679143617284524,0,0
increment-k,07-kernel-udp,1027,udp-open,kernel,udp,64,64,64,6,59000,1000,1000.0,1000.0,6,1.352859,2.485064,1000,2,1.000029087,1000,118000000,0.10989286735079384,1999.941827692058,3.96,3.959884818830275,0.0,36.034047652881355,1980.0,1838.516,4434.663,4678.96,1000,1000,1000,1000,0,0,3.598662732866771,0,0
increment-k,08-aya-udp,963,udp-rr,aya,udp,1,1,,,0,0,6808.183882908315,6808.183882908315,,,,6810,0,1.000266755,6810,0,0.0,13616.36776581663,1.12,1.1197013140759637,0.0,,82.23201174743025,143.596,192.669,227.112,6810,6810,6810,6810,0,0,1.9284801045570106,0,0
increment-k,08-aya-udp,966,udp-rr,aya,udp,1,1,,,0,0,6986.885014011179,6986.885014011179,,,,6989,1,1.000302708,6989,0,0.0,13973.770028022358,1.05,1.0496822527846241,0.0,,75.11804263843182,139.961,174.172,262.505,6989,6989,6989,6989,0,0,1.941635700921406,0,0
increment-k,08-aya-udp,969,udp-rr,aya,udp,1,1,,,0,0,6153.890083399895,6153.890083399895,,,,6156,2,1.000342859,6156,0,0.0,12307.78016679979,1.18,1.1795955650441643,0.0,,95.8414554905783,161.844,219.551,283.857,6156,6156,6156,6156,0,0,1.9112824245689666,0,0
increment-k,08-aya-udp,981,udp-rr,aya,udp,64,64,,,0,0,23183.17474049978,23183.17474049978,,,,23189,0,1.000251271,23189,0,0.0,46366.34948099956,2.67,2.6693292749637507,0.0,,57.57039975850619,170.486,257.978,322.565,23189,23189,23189,23189,0,0,4.001143661013387,0,0
increment-k,08-aya-udp,984,udp-rr,aya,udp,64,64,,,0,0,23467.082757210752,23467.082757210752,,,,23471,1,1.000166925,23471,0,0.0,46934.165514421504,2.66,2.659556053605752,0.0,,56.66567253206084,169.045,251.809,301.093,23471,23471,23471,23471,0,0,3.8812482948066567,0,0
increment-k,08-aya-udp,987,udp-rr,aya,udp,64,64,,,0,0,23949.862110473587,23949.862110473587,,,,23954,2,1.000172773,23954,0,0.0,47899.72422094717,2.71,2.7095318660509067,0.0,,56.56675294314102,165.759,251.629,312.681,23954,23954,23954,23954,0,0,3.5775889339817866,0,0
increment-k,08-aya-udp,990,udp-open,aya,udp,64,64,64,5,0,1000,1000.0,1000.0,5,1.26472,2.528203,0,0,1.000039192,1000,0,0.0,1999.9216190719053,3.73,3.7298538195691036,0.0,,1865.0,,,,1000,1000,1000,1000,0,0,3.2450435829141355,0,0
increment-k,08-aya-udp,993,udp-open,aya,udp,64,64,64,4,0,1000,1000.0,1000.0,4,1.2996699999999999,2.616906,0,1,1.000030259,1000,0,0.0,1999.9394838311587,3.95,3.9498804805665384,0.0,,1975.0,,,,1000,1000,1000,1000,0,0,3.0972163292531008,0,0
increment-k,08-aya-udp,996,udp-open,aya,udp,64,64,64,5,0,1000,1000.0,1000.0,5,1.285333,2.6324259999999997,0,2,1.0000379,1000,0,0.0,1999.9242028727112,3.97,3.969849542702332,0.0,,1985.0,,,,1000,1000,1000,1000,0,0,3.494660978141958,0,0
increment-k,08-aya-udp,999,udp-open,aya,udp,64,64,64,4,64,1000,1000.0,1000.0,4,1.316606,2.59891,1000,0,1.000039222,1000,128000,0.00011920461410740672,1999.9215590766098,3.96,3.9598446869716875,0.0,33218.88768,1980.0,74.352,135.845,2258.408,1000,1000,1000,1000,0,0,3.7463966847568173,0,0
increment-k,08-aya-udp,1002,udp-open,aya,udp,64,64,64,5,64,1000,1000.0,1000.0,5,1.260368,2.673244,1000,1,1.000019162,1000,128000,0.00011920700530614556,1999.9616767343502,3.97,3.9699239283176855,0.0,33302.773760000004,1985.0,71.788,133.501,262.455,1000,1000,1000,1000,0,0,3.3920002075402778,0,0
increment-k,08-aya-udp,1005,udp-open,aya,udp,64,64,64,4,64,1000,1000.0,1000.0,4,1.320038,2.630417,1000,2,1.000023709,1000,128000,0.00011920646328474325,1999.952583124207,4.0,3.9999051662484137,0.0,33554.432,2000.0,71.628,109.034,144.688,1000,1000,1000,1000,0,0,3.2185865317093345,0,0
increment-k,08-aya-udp,1008,udp-open,aya,udp,64,64,64,4,1431,1000,1000.0,1000.0,4,1.340169,2.578633,1000,0,1.000023128,1000,2862000,0.0026653835635584416,1999.953745069784,3.97,3.9699081839635215,0.0,1489.4322296575822,1985.0,77.517,166.65,1467.788,1000,1000,1000,1000,0,0,3.137896758096147,0,0
increment-k,08-aya-udp,1011,udp-open,aya,udp,64,64,64,4,1431,1000,1000.0,1000.0,4,1.344856,2.5955600000000003,1000,1,1.000022207,1000,2862000,0.0026653860183221906,1999.9555869862797,3.99,3.9899113960376282,0.0,1496.9356665828093,1995.0,78.859,155.624,268.925,1000,1000,1000,1000,0,0,3.2948877089846462,0,0
increment-k,08-aya-udp,1014,udp-open,aya,udp,64,64,64,5,1431,1000,1000.0,1000.0,5,1.404018,2.524101,1000,2,1.0000307,1000,2862000,0.0026653633818936756,1999.9386018849223,3.98,3.9798778177509955,0.0,1493.1839481201957,1990.0,77.347,150.677,303.116,1000,1000,1000,1000,0,0,3.6128011820279653,0,0
increment-k,08-aya-udp,1017,udp-open,aya,udp,64,64,64,4,59000,1000,1000.0,1000.0,4,1.8408360000000001,2.041823,1000,0,1.000026142,1000,118000000,0.10989319097682794,1999.9477173667724,3.97,3.9698962189730436,0.0,36.12504272271187,1985.0,416.957,735.437,1496.892,1000,1000,1000,1000,0,0,3.9971210628261957,0,0
increment-k,08-aya-udp,1020,udp-open,aya,udp,64,64,64,6,59000,1000,1000.0,1000.0,6,1.532902,2.35051,1000,1,1.000021145,1000,118000000,0.10989374010149201,1999.957710894203,3.97,3.969916056124993,0.0,36.12504272271187,1985.0,392.291,844.721,2630.017,1000,1000,1000,1000,0,0,3.6511028869099675,0,0
increment-k,08-aya-udp,1023,udp-open,aya,udp,64,64,64,5,59000,1000,1000.0,1000.0,5,1.34739,2.543754,1000,2,1.00002415,1000,118000000,0.1098934098787779,1999.9517011664168,3.97,3.9699041268153374,0.0,36.12504272271187,1985.0,386.281,811.571,1289.911,1000,1000,1000,1000,0,0,3.384759045390254,0,0
increment-k,09-kernel-udp,967,udp-rr,kernel,udp,1,1,,,0,0,6081.878440796733,6081.878440796733,,,,6083,0,1.00018441,6083,0,0.0,12163.756881593466,1.22,1.2197750612809493,0.0,,100.27946736807496,158.238,196.646,321.995,6083,6083,6083,6083,0,0,2.885255678130042,0,0
increment-k,09-kernel-udp,970,udp-rr,kernel,udp,1,1,,,0,0,6020.2074938652995,6020.2074938652995,,,,6021,1,1.000131641,6021,0,0.0,12040.414987730599,1.14,1.1398499490128617,0.0,,94.66865969108122,158.108,218.629,326.161,6021,6021,6021,6021,0,0,2.938043356203396,0,0
increment-k,09-kernel-udp,973,udp-rr,kernel,udp,1,1,,,0,0,6144.850642556414,6144.850642556414,,,,6146,2,1.000187044,6146,0,0.0,12289.701285112827,1.18,1.17977932935512,0.0,,95.99739668076798,158.919,199.52,237.157,6146,6146,6146,6146,0,0,3.075932232125137,0,0
increment-k,09-kernel-udp,976,udp-open,kernel,udp,1,1,1,3,0,1000,1000.0,1000.0,1,0.328451,0.580693,0,0,1.00004444,1000,0,0.0,1999.911123949652,1.12,1.119950229411805,0.0,,560.0,,,,1000,1000,1000,1000,0,0,1.3878819504972917,0,0
increment-k,09-kernel-udp,979,udp-open,kernel,udp,1,1,1,1,0,1000,1000.0,1000.0,1,0.13942700000000002,0.761208,0,1,1.000089949,1000,0,0.0,1999.8201181801899,1.14,1.1398974673627082,0.0,,570.0,,,,1000,1000,1000,1000,0,0,1.5894621672517708,0,0
increment-k,09-kernel-udp,982,udp-open,kernel,udp,1,1,1,1,0,1000,1000.0,1000.0,1,0.263836,0.66283,0,2,1.000063148,1000,0,0.0,1999.8737119748364,1.64,1.6398964438193657,0.0,,820.0,,,,1000,1000,1000,1000,0,0,1.5665953098366394,0,0
increment-k,09-kernel-udp,985,udp-open,kernel,udp,1,1,1,1,64,1000,1000.0,1000.0,1,0.288922,0.58745,1000,0,1.000059773,1000,128000,0.00011920216447980379,1999.8804611451958,1.02,1.0199390351840498,0.0,8556.38016,510.0,323.207,399.08,415.416,1000,1000,1000,1000,0,0,1.7157698132514199,0,0
increment-k,09-kernel-udp,988,udp-open,kernel,udp,1,1,1,1,64,1000,1000.0,1000.0,1,0.283612,0.599712,1000,1,1.000074916,1000,128000,0.00011920035953664621,1999.8501792239733,1.14,1.1399146021576647,0.0,9563.01312,570.0,335.535,369.266,421.494,1000,1000,1000,1000,0,0,1.7973451607121937,0,0
increment-k,09-kernel-udp,991,udp-open,kernel,udp,1,1,1,1,64,1000,1000.0,1000.0,1,0.125308,0.70406,1000,2,1.000060204,1000,128000,0.00011920211310676377,1999.8795992486068,1.09,1.089934381590491,0.0,9143.58272,545.0,393.833,479.762,522.466,1000,1000,1000,1000,0,0,1.6511003007087268,0,0
increment-k,09-kernel-udp,994,udp-open,kernel,udp,1,1,1,1,1431,1000,1000.0,1000.0,1,0.097412,0.737706,1000,0,1.000042077,1000,2862000,0.002665333059330362,1999.9158495407987,1.08,1.0799545587520314,0.0,405.1855939622642,540.0,372.54,470.227,486.482,1000,1000,1000,1000,0,0,1.6341962211272332,0,0
increment-k,09-kernel-udp,997,udp-open,kernel,udp,1,1,1,2,1431,1000,1000.0,1000.0,1,0.304815,0.576473,1000,1,1.000074876,1000,2862000,0.002665245645616538,1999.8502592119912,1.05,1.0499213860862955,0.0,393.9304385744235,525.0,330.778,371.028,410.878,1000,1000,1000,1000,0,0,1.6905477787209833,0,0
increment-k,09-kernel-udp,1000,udp-open,kernel,udp,1,1,1,1,1431,1000,1000.0,1000.0,1,0.248039,0.611398,1000,2,1.000060154,1000,2862000,0.0026652848810027677,1999.8796992365722,0.92,0.9199446616488232,0.0,345.15809856044723,460.0,366.682,432.38,469.456,1000,1000,1000,1000,0,0,1.8031452036104056,0,0
increment-k,09-kernel-udp,1003,udp-open,kernel,udp,1,1,1,464,59000,1000,1000.0,1000.0,1,1.087077,1.782371,540,0,3.0001929,540,63720000,0.019780019629570583,359.97685348832067,3.22,1.0732643224374006,0.0,54.26002312115506,2981.4814814814813,8135.311,9746.925,12188.238,1000,1000,540,540,460,0,4.350617325633614,0,0
increment-k,09-kernel-udp,1006,udp-open,kernel,udp,1,1,1,481,59000,1000,1000.0,1000.0,1,0.975102,1.900017,523,1,3.000210086,523,61714000,0.01915720556971011,348.6422517146354,3.47,1.1565856725141348,0.0,60.3734019716758,3317.3996175908223,7717.221,10723.574,11770.65,1000,1000,523,523,477,0,4.234395003455617,0,0
increment-k,09-kernel-udp,1009,udp-open,kernel,udp,1,1,1,459,59000,1000,1000.0,1000.0,1,1.0207739999999998,1.850018,545,2,3.000436046,545,64310000,0.0199615502064667,363.28053099252764,3.48,1.1598314200495377,0.0,58.10327394682009,3192.6605504587155,8150.693,9564.711,12179.064,1000,1000,545,545,455,0,4.239189006580091,0,0
increment-k,10-aya-udp,964,udp-rr,aya,udp,1,1,,,0,0,5646.747963514294,5646.747963514294,,,,5648,0,1.000221727,5648,0,0.0,11293.495927028587,1.14,1.139747287253239,0.0,,100.92067988668555,165.779,269.606,312.43,5648,5648,5648,5648,0,0,1.8374657307945128,0,0
increment-k,10-aya-udp,967,udp-rr,aya,udp,1,1,,,0,0,6002.288662768287,6002.288662768287,,,,6003,1,1.000118511,6003,0,0.0,12004.577325536575,1.12,1.1198672834083763,0.0,,93.28668998833916,160.602,254.473,302.615,6003,6003,6003,6003,0,0,2.0165890388643994,0,0
increment-k,10-aya-udp,970,udp-rr,aya,udp,1,1,,,0,0,5899.964632906465,5899.964632906465,,,,5901,2,1.000175487,5901,0,0.0,11799.92926581293,1.12,1.119803489045118,0.0,,94.89916963226572,164.668,266.3,323.687,5901,5901,5901,5901,0,0,1.9435952145378916,0,0
increment-k,10-aya-udp,973,udp-open,aya,udp,1,1,1,3,0,1000,1000.0,1000.0,1,0.258308,0.662586,0,0,1.000079152,1000,0,0.0,1999.8417085290864,1.01,1.0099200628071887,0.0,,505.0,,,,1000,1000,1000,1000,0,0,1.2805232829904334,0,0
increment-k,10-aya-udp,976,udp-open,aya,udp,1,1,1,3,0,1000,1000.0,1000.0,1,0.294257,0.644023,0,1,1.000093264,1000,0,0.0,1999.8134893947251,1.01,1.0099058121443363,0.0,,505.0,,,,1000,1000,1000,1000,0,0,1.1914183711932012,0,0
increment-k,10-aya-udp,979,udp-open,aya,udp,1,1,1,2,0,1000,1000.0,1000.0,1,0.336578,0.611834,0,2,1.00007131,1000,0,0.0,1999.857390169507,1.0,0.9999286950847535,0.0,,500.0,,,,1000,1000,1000,1000,0,0,1.0933759831610743,0,0
increment-k,10-aya-udp,982,udp-open,aya,udp,1,1,1,4,64,1000,1000.0,1000.0,1,0.318688,0.628081,1000,0,1.000068156,1000,128000,0.00011920116527616069,1999.8636972898476,1.01,1.009931167131373,0.0,8472.49408,505.0,137.437,239.65,1070.501,1000,1000,1000,1000,0,0,1.1303818827883312,0,0
increment-k,10-aya-udp,985,udp-open,aya,udp,1,1,1,3,64,1000,1000.0,1000.0,1,0.302225,0.628804,1000,1,1.000081586,1000,128000,0.00011919956453510908,1999.8368413114647,1.16,1.1599053679606495,0.0,9730.78528,580.0,154.413,289.616,1484.534,1000,1000,1000,1000,0,0,1.1425678886293653,0,0
increment-k,10-aya-udp,988,udp-open,aya,udp,1,1,1,3,64,1000,1000.0,1000.0,1,0.301312,0.644579,1000,2,1.000107335,1000,128000,0.00011919649559492656,1999.7853530391315,1.0,0.9998926765195657,0.0,8388.608,500.0,140.191,251.758,662.737,1000,1000,1000,1000,0,0,1.2090049104246603,0,0
increment-k,10-aya-udp,991,udp-open,aya,udp,1,1,1,3,1431,1000,1000.0,1000.0,1,0.316552,0.624188,1000,0,1.000080885,1000,2862000,0.0026652296314507596,1999.8382430837082,1.01,1.0099183127572726,0.0,378.92356472396926,505.0,141.803,251.659,1172.294,1000,1000,1000,1000,0,0,1.2488833578080865,0,0
increment-k,10-aya-udp,994,udp-open,aya,udp,1,1,1,3,1431,1000,1000.0,1000.0,1,0.286732,0.615553,1000,1,1.000077139,1000,2862000,0.0026652396146308664,1999.8457338999326,1.15,1.1499112969924612,0.0,431.447623200559,575.0,221.003,300.873,865.762,1000,1000,1000,1000,0,0,1.3610056608061853,0,0
increment-k,10-aya-udp,997,udp-open,aya,udp,1,1,1,3,1431,1000,1000.0,1000.0,1,0.322648,0.5913,1000,2,1.000076538,1000,2862000,0.002665241216317285,1999.8469357152342,1.01,1.0099227025361932,0.0,378.92356472396926,505.0,210.267,254.543,1240.697,1000,1000,1000,1000,0,0,1.2429812493918675,0,0
